solid OpenSCAD_Model
  facet normal 0.321435 0.946932 -0
    outer loop
      vertex 1.53073 3.69552 -7
      vertex 1.03528 3.8637 -5.5
      vertex 1.53073 3.69552 -5.5
    endloop
  endfacet
  facet normal 0.321435 0.946932 0
    outer loop
      vertex 1.03528 3.8637 -5.5
      vertex 1.53073 3.69552 -7
      vertex 1.03528 3.8637 -7
    endloop
  endfacet
  facet normal 0.321435 0.946932 -0
    outer loop
      vertex 1.53073 3.69552 -3.5
      vertex 1.03528 3.8637 0
      vertex 1.53073 3.69552 0
    endloop
  endfacet
  facet normal 0.321435 0.946932 0
    outer loop
      vertex 1.03528 3.8637 0
      vertex 1.53073 3.69552 -3.5
      vertex 1.03528 3.8637 -3.5
    endloop
  endfacet
  facet normal 0.980784 0.195096 0
    outer loop
      vertex 3.96578 0.522104 -5.5
      vertex 3.8637 1.03528 -7
      vertex 3.8637 1.03528 -5.5
    endloop
  endfacet
  facet normal 0.980784 0.195096 0
    outer loop
      vertex 3.8637 1.03528 -7
      vertex 3.96578 0.522104 -5.5
      vertex 3.96578 0.522104 -7
    endloop
  endfacet
  facet normal 0.980784 0.195096 0
    outer loop
      vertex 3.96578 0.522104 0
      vertex 3.8637 1.03528 -3.5
      vertex 3.8637 1.03528 0
    endloop
  endfacet
  facet normal 0.980784 0.195096 0
    outer loop
      vertex 3.8637 1.03528 -3.5
      vertex 3.96578 0.522104 0
      vertex 3.96578 0.522104 -3.5
    endloop
  endfacet
  facet normal 0.997859 0.0654022 0
    outer loop
      vertex 4 0 -5.5
      vertex 3.96578 0.522104 -7
      vertex 3.96578 0.522104 -5.5
    endloop
  endfacet
  facet normal 0.997859 0.0654022 0
    outer loop
      vertex 3.96578 0.522104 -7
      vertex 4 0 -5.5
      vertex 4 0 -7
    endloop
  endfacet
  facet normal 0.997859 0.0654022 0
    outer loop
      vertex 4 0 0
      vertex 3.96578 0.522104 -3.5
      vertex 3.96578 0.522104 0
    endloop
  endfacet
  facet normal 0.997859 0.0654022 0
    outer loop
      vertex 3.96578 0.522104 -3.5
      vertex 4 0 0
      vertex 4 0 -3.5
    endloop
  endfacet
  facet normal 0.946932 0.321435 0
    outer loop
      vertex 3.8637 1.03528 -5.5
      vertex 3.69552 1.53073 -7
      vertex 3.69552 1.53073 -5.5
    endloop
  endfacet
  facet normal 0.946932 0.321435 0
    outer loop
      vertex 3.69552 1.53073 -7
      vertex 3.8637 1.03528 -5.5
      vertex 3.8637 1.03528 -7
    endloop
  endfacet
  facet normal 0.946932 0.321435 0
    outer loop
      vertex 3.8637 1.03528 0
      vertex 3.69552 1.53073 -3.5
      vertex 3.69552 1.53073 0
    endloop
  endfacet
  facet normal 0.946932 0.321435 0
    outer loop
      vertex 3.69552 1.53073 -3.5
      vertex 3.8637 1.03528 0
      vertex 3.8637 1.03528 -3.5
    endloop
  endfacet
  facet normal 0.442291 0.896871 -0
    outer loop
      vertex 2 3.4641 -7
      vertex 1.53073 3.69552 -5.5
      vertex 2 3.4641 -5.5
    endloop
  endfacet
  facet normal 0.442291 0.896871 0
    outer loop
      vertex 1.53073 3.69552 -5.5
      vertex 2 3.4641 -7
      vertex 1.53073 3.69552 -7
    endloop
  endfacet
  facet normal 0.442291 0.896871 -0
    outer loop
      vertex 2 3.4641 -3.5
      vertex 1.53073 3.69552 0
      vertex 2 3.4641 0
    endloop
  endfacet
  facet normal 0.442291 0.896871 0
    outer loop
      vertex 1.53073 3.69552 0
      vertex 2 3.4641 -3.5
      vertex 1.53073 3.69552 -3.5
    endloop
  endfacet
  facet normal -0.997859 -0.0654022 0
    outer loop
      vertex -3.96578 -0.522104 -7
      vertex -4 0 -5.5
      vertex -4 0 -7
    endloop
  endfacet
  facet normal -0.997859 -0.0654022 0
    outer loop
      vertex -4 0 -5.5
      vertex -3.96578 -0.522104 -7
      vertex -3.96578 -0.522104 -5.5
    endloop
  endfacet
  facet normal -0.997859 -0.0654022 0
    outer loop
      vertex -3.96578 -0.522104 -3.5
      vertex -4 0 0
      vertex -4 0 -3.5
    endloop
  endfacet
  facet normal -0.997859 -0.0654022 0
    outer loop
      vertex -4 0 0
      vertex -3.96578 -0.522104 -3.5
      vertex -3.96578 -0.522104 0
    endloop
  endfacet
  facet normal 0.896871 0.442291 0
    outer loop
      vertex 3.69552 1.53073 -5.5
      vertex 3.4641 2 -7
      vertex 3.4641 2 -5.5
    endloop
  endfacet
  facet normal 0.896871 0.442291 0
    outer loop
      vertex 3.4641 2 -7
      vertex 3.69552 1.53073 -5.5
      vertex 3.69552 1.53073 -7
    endloop
  endfacet
  facet normal 0.896871 0.442291 0
    outer loop
      vertex 3.69552 1.53073 0
      vertex 3.4641 2 -3.5
      vertex 3.4641 2 0
    endloop
  endfacet
  facet normal 0.896871 0.442291 0
    outer loop
      vertex 3.4641 2 -3.5
      vertex 3.69552 1.53073 0
      vertex 3.69552 1.53073 -3.5
    endloop
  endfacet
  facet normal 0.831471 0.555569 0
    outer loop
      vertex 3.4641 2 -5.5
      vertex 3.17341 2.43505 -7
      vertex 3.17341 2.43505 -5.5
    endloop
  endfacet
  facet normal 0.831471 0.555569 0
    outer loop
      vertex 3.17341 2.43505 -7
      vertex 3.4641 2 -5.5
      vertex 3.4641 2 -7
    endloop
  endfacet
  facet normal 0.831471 0.555569 0
    outer loop
      vertex 3.4641 2 0
      vertex 3.17341 2.43505 -3.5
      vertex 3.17341 2.43505 0
    endloop
  endfacet
  facet normal 0.831471 0.555569 0
    outer loop
      vertex 3.17341 2.43505 -3.5
      vertex 3.4641 2 0
      vertex 3.4641 2 -3.5
    endloop
  endfacet
  facet normal -0.65934 0.751845 0
    outer loop
      vertex -2.43505 3.17341 -3.5
      vertex -2.82843 2.82843 0
      vertex -2.43505 3.17341 0
    endloop
  endfacet
  facet normal -0.65934 0.751845 0
    outer loop
      vertex -2.82843 2.82843 0
      vertex -2.43505 3.17341 -3.5
      vertex -2.82843 2.82843 -3.5
    endloop
  endfacet
  facet normal -0.65934 0.751845 0
    outer loop
      vertex -2.43505 3.17341 -7
      vertex -2.82843 2.82843 -5.5
      vertex -2.43505 3.17341 -5.5
    endloop
  endfacet
  facet normal -0.65934 0.751845 0
    outer loop
      vertex -2.82843 2.82843 -5.5
      vertex -2.43505 3.17341 -7
      vertex -2.82843 2.82843 -7
    endloop
  endfacet
  facet normal 0.751845 0.65934 0
    outer loop
      vertex 3.17341 2.43505 -5.5
      vertex 2.82843 2.82843 -7
      vertex 2.82843 2.82843 -5.5
    endloop
  endfacet
  facet normal 0.751845 0.65934 0
    outer loop
      vertex 2.82843 2.82843 -7
      vertex 3.17341 2.43505 -5.5
      vertex 3.17341 2.43505 -7
    endloop
  endfacet
  facet normal 0.751845 0.65934 0
    outer loop
      vertex 3.17341 2.43505 0
      vertex 2.82843 2.82843 -3.5
      vertex 2.82843 2.82843 0
    endloop
  endfacet
  facet normal 0.751845 0.65934 0
    outer loop
      vertex 2.82843 2.82843 -3.5
      vertex 3.17341 2.43505 0
      vertex 3.17341 2.43505 -3.5
    endloop
  endfacet
  facet normal -0.980784 0.195096 0
    outer loop
      vertex -3.96578 0.522104 -7
      vertex -3.8637 1.03528 -5.5
      vertex -3.8637 1.03528 -7
    endloop
  endfacet
  facet normal -0.980784 0.195096 0
    outer loop
      vertex -3.8637 1.03528 -5.5
      vertex -3.96578 0.522104 -7
      vertex -3.96578 0.522104 -5.5
    endloop
  endfacet
  facet normal -0.980784 0.195096 0
    outer loop
      vertex -3.96578 0.522104 -3.5
      vertex -3.8637 1.03528 0
      vertex -3.8637 1.03528 -3.5
    endloop
  endfacet
  facet normal -0.980784 0.195096 0
    outer loop
      vertex -3.8637 1.03528 0
      vertex -3.96578 0.522104 -3.5
      vertex -3.96578 0.522104 0
    endloop
  endfacet
  facet normal -0.555569 -0.831471 0
    outer loop
      vertex -2.43505 -3.17341 -3.5
      vertex -2 -3.4641 0
      vertex -2.43505 -3.17341 0
    endloop
  endfacet
  facet normal -0.555569 -0.831471 -0
    outer loop
      vertex -2 -3.4641 0
      vertex -2.43505 -3.17341 -3.5
      vertex -2 -3.4641 -3.5
    endloop
  endfacet
  facet normal -0.555569 -0.831471 0
    outer loop
      vertex -2.43505 -3.17341 -7
      vertex -2 -3.4641 -5.5
      vertex -2.43505 -3.17341 -5.5
    endloop
  endfacet
  facet normal -0.555569 -0.831471 -0
    outer loop
      vertex -2 -3.4641 -5.5
      vertex -2.43505 -3.17341 -7
      vertex -2 -3.4641 -7
    endloop
  endfacet
  facet normal -0.997859 0.0654022 0
    outer loop
      vertex -4 0 -7
      vertex -3.96578 0.522104 -5.5
      vertex -3.96578 0.522104 -7
    endloop
  endfacet
  facet normal -0.997859 0.0654022 0
    outer loop
      vertex -3.96578 0.522104 -5.5
      vertex -4 0 -7
      vertex -4 0 -5.5
    endloop
  endfacet
  facet normal -0.997859 0.0654022 0
    outer loop
      vertex -4 0 -3.5
      vertex -3.96578 0.522104 0
      vertex -3.96578 0.522104 -3.5
    endloop
  endfacet
  facet normal -0.997859 0.0654022 0
    outer loop
      vertex -3.96578 0.522104 0
      vertex -4 0 -3.5
      vertex -4 0 0
    endloop
  endfacet
  facet normal -0.751845 -0.65934 0
    outer loop
      vertex -2.82843 -2.82843 -3.5
      vertex -3.17341 -2.43505 0
      vertex -3.17341 -2.43505 -3.5
    endloop
  endfacet
  facet normal -0.751845 -0.65934 0
    outer loop
      vertex -3.17341 -2.43505 0
      vertex -2.82843 -2.82843 -3.5
      vertex -2.82843 -2.82843 0
    endloop
  endfacet
  facet normal -0.751845 -0.65934 0
    outer loop
      vertex -2.82843 -2.82843 -7
      vertex -3.17341 -2.43505 -5.5
      vertex -3.17341 -2.43505 -7
    endloop
  endfacet
  facet normal -0.751845 -0.65934 0
    outer loop
      vertex -3.17341 -2.43505 -5.5
      vertex -2.82843 -2.82843 -7
      vertex -2.82843 -2.82843 -5.5
    endloop
  endfacet
  facet normal 0.195104 -0.980782 0
    outer loop
      vertex 0.75 -3.92045 -7
      vertex 1.03528 -3.8637 -5.5
      vertex 0.75 -3.92045 -5.5
    endloop
  endfacet
  facet normal 0.195104 -0.980782 0
    outer loop
      vertex 1.03528 -3.8637 -5.5
      vertex 0.75 -3.92045 -7
      vertex 1.03528 -3.8637 -7
    endloop
  endfacet
  facet normal 0.195085 -0.980786 0
    outer loop
      vertex 0.75 -3.92045 -2
      vertex 0.522104 -3.96578 0
      vertex 0.522104 -3.96578 -2
    endloop
  endfacet
  facet normal 0.195096 -0.980784 1.29541e-06
    outer loop
      vertex 0.522104 -3.96578 0
      vertex 0.75 -3.92045 -2
      vertex 1.03528 -3.8637 0
    endloop
  endfacet
  facet normal 0.195104 -0.980782 0
    outer loop
      vertex 1.03528 -3.8637 -3.5
      vertex 0.75 -3.92045 -2
      vertex 0.75 -3.92045 -3.5
    endloop
  endfacet
  facet normal 0.195104 -0.980782 0
    outer loop
      vertex 0.75 -3.92045 -2
      vertex 1.03528 -3.8637 -3.5
      vertex 1.03528 -3.8637 0
    endloop
  endfacet
  facet normal -0.442291 0.896871 0
    outer loop
      vertex -1.53073 3.69552 -7
      vertex -2 3.4641 -5.5
      vertex -1.53073 3.69552 -5.5
    endloop
  endfacet
  facet normal -0.442291 0.896871 0
    outer loop
      vertex -2 3.4641 -5.5
      vertex -1.53073 3.69552 -7
      vertex -2 3.4641 -7
    endloop
  endfacet
  facet normal -0.442291 0.896871 0
    outer loop
      vertex -1.53073 3.69552 -3.5
      vertex -2 3.4641 0
      vertex -1.53073 3.69552 0
    endloop
  endfacet
  facet normal -0.442291 0.896871 0
    outer loop
      vertex -2 3.4641 0
      vertex -1.53073 3.69552 -3.5
      vertex -2 3.4641 -3.5
    endloop
  endfacet
  facet normal -0.321435 -0.946932 0
    outer loop
      vertex -1.53073 -3.69552 -7
      vertex -1.03528 -3.8637 -5.5
      vertex -1.53073 -3.69552 -5.5
    endloop
  endfacet
  facet normal -0.321435 -0.946932 -0
    outer loop
      vertex -1.03528 -3.8637 -5.5
      vertex -1.53073 -3.69552 -7
      vertex -1.03528 -3.8637 -7
    endloop
  endfacet
  facet normal -0.321435 -0.946932 0
    outer loop
      vertex -1.53073 -3.69552 -3.5
      vertex -1.03528 -3.8637 0
      vertex -1.53073 -3.69552 0
    endloop
  endfacet
  facet normal -0.321435 -0.946932 -0
    outer loop
      vertex -1.03528 -3.8637 0
      vertex -1.53073 -3.69552 -3.5
      vertex -1.03528 -3.8637 -3.5
    endloop
  endfacet
  facet normal 0.980784 -0.195096 0
    outer loop
      vertex 3.8637 -1.03528 -5.5
      vertex 3.96578 -0.522104 -7
      vertex 3.96578 -0.522104 -5.5
    endloop
  endfacet
  facet normal 0.980784 -0.195096 0
    outer loop
      vertex 3.96578 -0.522104 -7
      vertex 3.8637 -1.03528 -5.5
      vertex 3.8637 -1.03528 -7
    endloop
  endfacet
  facet normal 0.980784 -0.195096 0
    outer loop
      vertex 3.8637 -1.03528 0
      vertex 3.96578 -0.522104 -3.5
      vertex 3.96578 -0.522104 0
    endloop
  endfacet
  facet normal 0.980784 -0.195096 0
    outer loop
      vertex 3.96578 -0.522104 -3.5
      vertex 3.8637 -1.03528 0
      vertex 3.8637 -1.03528 -3.5
    endloop
  endfacet
  facet normal -0.751845 0.65934 0
    outer loop
      vertex -3.17341 2.43505 -3.5
      vertex -2.82843 2.82843 0
      vertex -2.82843 2.82843 -3.5
    endloop
  endfacet
  facet normal -0.751845 0.65934 0
    outer loop
      vertex -2.82843 2.82843 0
      vertex -3.17341 2.43505 -3.5
      vertex -3.17341 2.43505 0
    endloop
  endfacet
  facet normal -0.751845 0.65934 0
    outer loop
      vertex -3.17341 2.43505 -7
      vertex -2.82843 2.82843 -5.5
      vertex -2.82843 2.82843 -7
    endloop
  endfacet
  facet normal -0.751845 0.65934 0
    outer loop
      vertex -2.82843 2.82843 -5.5
      vertex -3.17341 2.43505 -7
      vertex -3.17341 2.43505 -5.5
    endloop
  endfacet
  facet normal 0.831471 -0.555569 0
    outer loop
      vertex 3.17341 -2.43505 -5.5
      vertex 3.4641 -2 -7
      vertex 3.4641 -2 -5.5
    endloop
  endfacet
  facet normal 0.831471 -0.555569 0
    outer loop
      vertex 3.4641 -2 -7
      vertex 3.17341 -2.43505 -5.5
      vertex 3.17341 -2.43505 -7
    endloop
  endfacet
  facet normal 0.831471 -0.555569 0
    outer loop
      vertex 3.17341 -2.43505 0
      vertex 3.4641 -2 -3.5
      vertex 3.4641 -2 0
    endloop
  endfacet
  facet normal 0.831471 -0.555569 0
    outer loop
      vertex 3.4641 -2 -3.5
      vertex 3.17341 -2.43505 0
      vertex 3.17341 -2.43505 -3.5
    endloop
  endfacet
  facet normal -0.321435 0.946932 0
    outer loop
      vertex -1.03528 3.8637 -7
      vertex -1.53073 3.69552 -5.5
      vertex -1.03528 3.8637 -5.5
    endloop
  endfacet
  facet normal -0.321435 0.946932 0
    outer loop
      vertex -1.53073 3.69552 -5.5
      vertex -1.03528 3.8637 -7
      vertex -1.53073 3.69552 -7
    endloop
  endfacet
  facet normal -0.321435 0.946932 0
    outer loop
      vertex -1.03528 3.8637 -3.5
      vertex -1.53073 3.69552 0
      vertex -1.03528 3.8637 0
    endloop
  endfacet
  facet normal -0.321435 0.946932 0
    outer loop
      vertex -1.53073 3.69552 0
      vertex -1.03528 3.8637 -3.5
      vertex -1.53073 3.69552 -3.5
    endloop
  endfacet
  facet normal -0.980784 -0.195096 0
    outer loop
      vertex -3.8637 -1.03528 -7
      vertex -3.96578 -0.522104 -5.5
      vertex -3.96578 -0.522104 -7
    endloop
  endfacet
  facet normal -0.980784 -0.195096 0
    outer loop
      vertex -3.96578 -0.522104 -5.5
      vertex -3.8637 -1.03528 -7
      vertex -3.8637 -1.03528 -5.5
    endloop
  endfacet
  facet normal -0.980784 -0.195096 0
    outer loop
      vertex -3.8637 -1.03528 -3.5
      vertex -3.96578 -0.522104 0
      vertex -3.96578 -0.522104 -3.5
    endloop
  endfacet
  facet normal -0.980784 -0.195096 0
    outer loop
      vertex -3.96578 -0.522104 0
      vertex -3.8637 -1.03528 -3.5
      vertex -3.8637 -1.03528 0
    endloop
  endfacet
  facet normal -0.195096 -0.980784 1.29541e-06
    outer loop
      vertex -1.03528 -3.8637 0
      vertex -0.75 -3.92045 -2
      vertex -0.522104 -3.96578 0
    endloop
  endfacet
  facet normal -0.195104 -0.980782 0
    outer loop
      vertex -1.03528 -3.8637 -3.5
      vertex -0.75 -3.92045 -2
      vertex -1.03528 -3.8637 0
    endloop
  endfacet
  facet normal -0.195104 -0.980782 -0
    outer loop
      vertex -0.75 -3.92045 -2
      vertex -1.03528 -3.8637 -3.5
      vertex -0.75 -3.92045 -3.5
    endloop
  endfacet
  facet normal -0.195085 -0.980786 -0
    outer loop
      vertex -0.522104 -3.96578 0
      vertex -0.75 -3.92045 -2
      vertex -0.522104 -3.96578 -2
    endloop
  endfacet
  facet normal -0.195104 -0.980782 0
    outer loop
      vertex -1.03528 -3.8637 -7
      vertex -0.75 -3.92045 -5.5
      vertex -1.03528 -3.8637 -5.5
    endloop
  endfacet
  facet normal -0.195104 -0.980782 -0
    outer loop
      vertex -0.75 -3.92045 -5.5
      vertex -1.03528 -3.8637 -7
      vertex -0.75 -3.92045 -7
    endloop
  endfacet
  facet normal 0.555569 0.831471 -0
    outer loop
      vertex 2.43505 3.17341 -7
      vertex 2 3.4641 -5.5
      vertex 2.43505 3.17341 -5.5
    endloop
  endfacet
  facet normal 0.555569 0.831471 0
    outer loop
      vertex 2 3.4641 -5.5
      vertex 2.43505 3.17341 -7
      vertex 2 3.4641 -7
    endloop
  endfacet
  facet normal 0.555569 0.831471 -0
    outer loop
      vertex 2.43505 3.17341 -3.5
      vertex 2 3.4641 0
      vertex 2.43505 3.17341 0
    endloop
  endfacet
  facet normal 0.555569 0.831471 0
    outer loop
      vertex 2 3.4641 0
      vertex 2.43505 3.17341 -3.5
      vertex 2 3.4641 -3.5
    endloop
  endfacet
  facet normal 0.946932 -0.321435 0
    outer loop
      vertex 3.69552 -1.53073 -5.5
      vertex 3.8637 -1.03528 -7
      vertex 3.8637 -1.03528 -5.5
    endloop
  endfacet
  facet normal 0.946932 -0.321435 0
    outer loop
      vertex 3.8637 -1.03528 -7
      vertex 3.69552 -1.53073 -5.5
      vertex 3.69552 -1.53073 -7
    endloop
  endfacet
  facet normal 0.946932 -0.321435 0
    outer loop
      vertex 3.69552 -1.53073 0
      vertex 3.8637 -1.03528 -3.5
      vertex 3.8637 -1.03528 0
    endloop
  endfacet
  facet normal 0.946932 -0.321435 0
    outer loop
      vertex 3.8637 -1.03528 -3.5
      vertex 3.69552 -1.53073 0
      vertex 3.69552 -1.53073 -3.5
    endloop
  endfacet
  facet normal 0.0654022 -0.997859 0
    outer loop
      vertex 0 -4 -2
      vertex 0.522104 -3.96578 0
      vertex 0 -4 0
    endloop
  endfacet
  facet normal 0.0654022 -0.997859 0
    outer loop
      vertex 0.522104 -3.96578 0
      vertex 0 -4 -2
      vertex 0.522104 -3.96578 -2
    endloop
  endfacet
  facet normal 0.751845 -0.65934 0
    outer loop
      vertex 2.82843 -2.82843 0
      vertex 3.17341 -2.43505 -3.5
      vertex 3.17341 -2.43505 0
    endloop
  endfacet
  facet normal 0.751845 -0.65934 0
    outer loop
      vertex 3.17341 -2.43505 -3.5
      vertex 2.82843 -2.82843 0
      vertex 2.82843 -2.82843 -3.5
    endloop
  endfacet
  facet normal 0.751845 -0.65934 0
    outer loop
      vertex 2.82843 -2.82843 -5.5
      vertex 3.17341 -2.43505 -7
      vertex 3.17341 -2.43505 -5.5
    endloop
  endfacet
  facet normal 0.751845 -0.65934 0
    outer loop
      vertex 3.17341 -2.43505 -7
      vertex 2.82843 -2.82843 -5.5
      vertex 2.82843 -2.82843 -7
    endloop
  endfacet
  facet normal -0.0654022 0.997859 0
    outer loop
      vertex 0 4 -2
      vertex -0.522104 3.96578 0
      vertex 0 4 0
    endloop
  endfacet
  facet normal -0.0654022 0.997859 0
    outer loop
      vertex -0.522104 3.96578 0
      vertex 0 4 -2
      vertex -0.522104 3.96578 -2
    endloop
  endfacet
  facet normal 0.555569 -0.831471 0
    outer loop
      vertex 2 -3.4641 -7
      vertex 2.43505 -3.17341 -5.5
      vertex 2 -3.4641 -5.5
    endloop
  endfacet
  facet normal 0.555569 -0.831471 0
    outer loop
      vertex 2.43505 -3.17341 -5.5
      vertex 2 -3.4641 -7
      vertex 2.43505 -3.17341 -7
    endloop
  endfacet
  facet normal 0.555569 -0.831471 0
    outer loop
      vertex 2 -3.4641 -3.5
      vertex 2.43505 -3.17341 0
      vertex 2 -3.4641 0
    endloop
  endfacet
  facet normal 0.555569 -0.831471 0
    outer loop
      vertex 2.43505 -3.17341 0
      vertex 2 -3.4641 -3.5
      vertex 2.43505 -3.17341 -3.5
    endloop
  endfacet
  facet normal -0.65934 -0.751845 0
    outer loop
      vertex -2.82843 -2.82843 -3.5
      vertex -2.43505 -3.17341 0
      vertex -2.82843 -2.82843 0
    endloop
  endfacet
  facet normal -0.65934 -0.751845 -0
    outer loop
      vertex -2.43505 -3.17341 0
      vertex -2.82843 -2.82843 -3.5
      vertex -2.43505 -3.17341 -3.5
    endloop
  endfacet
  facet normal -0.65934 -0.751845 0
    outer loop
      vertex -2.82843 -2.82843 -7
      vertex -2.43505 -3.17341 -5.5
      vertex -2.82843 -2.82843 -5.5
    endloop
  endfacet
  facet normal -0.65934 -0.751845 -0
    outer loop
      vertex -2.43505 -3.17341 -5.5
      vertex -2.82843 -2.82843 -7
      vertex -2.43505 -3.17341 -7
    endloop
  endfacet
  facet normal 0.65934 0.751845 -0
    outer loop
      vertex 2.82843 2.82843 -7
      vertex 2.43505 3.17341 -5.5
      vertex 2.82843 2.82843 -5.5
    endloop
  endfacet
  facet normal 0.65934 0.751845 0
    outer loop
      vertex 2.43505 3.17341 -5.5
      vertex 2.82843 2.82843 -7
      vertex 2.43505 3.17341 -7
    endloop
  endfacet
  facet normal 0.65934 0.751845 -0
    outer loop
      vertex 2.82843 2.82843 -3.5
      vertex 2.43505 3.17341 0
      vertex 2.82843 2.82843 0
    endloop
  endfacet
  facet normal 0.65934 0.751845 0
    outer loop
      vertex 2.43505 3.17341 0
      vertex 2.82843 2.82843 -3.5
      vertex 2.43505 3.17341 -3.5
    endloop
  endfacet
  facet normal -0.896871 0.442291 0
    outer loop
      vertex -3.69552 1.53073 -3.5
      vertex -3.4641 2 0
      vertex -3.4641 2 -3.5
    endloop
  endfacet
  facet normal -0.896871 0.442291 0
    outer loop
      vertex -3.4641 2 0
      vertex -3.69552 1.53073 -3.5
      vertex -3.69552 1.53073 0
    endloop
  endfacet
  facet normal -0.896871 0.442291 0
    outer loop
      vertex -3.69552 1.53073 -7
      vertex -3.4641 2 -5.5
      vertex -3.4641 2 -7
    endloop
  endfacet
  facet normal -0.896871 0.442291 0
    outer loop
      vertex -3.4641 2 -5.5
      vertex -3.69552 1.53073 -7
      vertex -3.69552 1.53073 -5.5
    endloop
  endfacet
  facet normal 0.0654022 0.997859 -0
    outer loop
      vertex 0.522104 3.96578 -2
      vertex 0 4 0
      vertex 0.522104 3.96578 0
    endloop
  endfacet
  facet normal 0.0654022 0.997859 0
    outer loop
      vertex 0 4 0
      vertex 0.522104 3.96578 -2
      vertex 0 4 -2
    endloop
  endfacet
  facet normal 0.997859 -0.0654022 0
    outer loop
      vertex 3.96578 -0.522104 0
      vertex 4 0 -3.5
      vertex 4 0 0
    endloop
  endfacet
  facet normal 0.997859 -0.0654022 0
    outer loop
      vertex 4 0 -3.5
      vertex 3.96578 -0.522104 0
      vertex 3.96578 -0.522104 -3.5
    endloop
  endfacet
  facet normal 0.997859 -0.0654022 0
    outer loop
      vertex 3.96578 -0.522104 -5.5
      vertex 4 0 -7
      vertex 4 0 -5.5
    endloop
  endfacet
  facet normal 0.997859 -0.0654022 0
    outer loop
      vertex 4 0 -7
      vertex 3.96578 -0.522104 -5.5
      vertex 3.96578 -0.522104 -7
    endloop
  endfacet
  facet normal -0.195085 0.980786 0
    outer loop
      vertex -0.75 3.92045 -2
      vertex -0.522104 3.96578 0
      vertex -0.522104 3.96578 -2
    endloop
  endfacet
  facet normal -0.195096 0.980784 1.29541e-06
    outer loop
      vertex -0.522104 3.96578 0
      vertex -0.75 3.92045 -2
      vertex -1.03528 3.8637 0
    endloop
  endfacet
  facet normal -0.195104 0.980782 0
    outer loop
      vertex -1.03528 3.8637 -3.5
      vertex -0.75 3.92045 -2
      vertex -0.75 3.92045 -3.5
    endloop
  endfacet
  facet normal -0.195104 0.980782 0
    outer loop
      vertex -0.75 3.92045 -2
      vertex -1.03528 3.8637 -3.5
      vertex -1.03528 3.8637 0
    endloop
  endfacet
  facet normal -0.195104 0.980782 0
    outer loop
      vertex -0.75 3.92045 -7
      vertex -1.03528 3.8637 -5.5
      vertex -0.75 3.92045 -5.5
    endloop
  endfacet
  facet normal -0.195104 0.980782 0
    outer loop
      vertex -1.03528 3.8637 -5.5
      vertex -0.75 3.92045 -7
      vertex -1.03528 3.8637 -7
    endloop
  endfacet
  facet normal -0.555569 0.831471 0
    outer loop
      vertex -2 3.4641 -3.5
      vertex -2.43505 3.17341 0
      vertex -2 3.4641 0
    endloop
  endfacet
  facet normal -0.555569 0.831471 0
    outer loop
      vertex -2.43505 3.17341 0
      vertex -2 3.4641 -3.5
      vertex -2.43505 3.17341 -3.5
    endloop
  endfacet
  facet normal -0.555569 0.831471 0
    outer loop
      vertex -2 3.4641 -7
      vertex -2.43505 3.17341 -5.5
      vertex -2 3.4641 -5.5
    endloop
  endfacet
  facet normal -0.555569 0.831471 0
    outer loop
      vertex -2.43505 3.17341 -5.5
      vertex -2 3.4641 -7
      vertex -2.43505 3.17341 -7
    endloop
  endfacet
  facet normal -0.0654022 -0.997859 0
    outer loop
      vertex -0.522104 -3.96578 -2
      vertex 0 -4 0
      vertex -0.522104 -3.96578 0
    endloop
  endfacet
  facet normal -0.0654022 -0.997859 -0
    outer loop
      vertex 0 -4 0
      vertex -0.522104 -3.96578 -2
      vertex 0 -4 -2
    endloop
  endfacet
  facet normal 0.896871 -0.442291 0
    outer loop
      vertex 3.4641 -2 -5.5
      vertex 3.69552 -1.53073 -7
      vertex 3.69552 -1.53073 -5.5
    endloop
  endfacet
  facet normal 0.896871 -0.442291 0
    outer loop
      vertex 3.69552 -1.53073 -7
      vertex 3.4641 -2 -5.5
      vertex 3.4641 -2 -7
    endloop
  endfacet
  facet normal 0.896871 -0.442291 0
    outer loop
      vertex 3.4641 -2 0
      vertex 3.69552 -1.53073 -3.5
      vertex 3.69552 -1.53073 0
    endloop
  endfacet
  facet normal 0.896871 -0.442291 0
    outer loop
      vertex 3.69552 -1.53073 -3.5
      vertex 3.4641 -2 0
      vertex 3.4641 -2 -3.5
    endloop
  endfacet
  facet normal -0.946932 0.321435 0
    outer loop
      vertex -3.8637 1.03528 -7
      vertex -3.69552 1.53073 -5.5
      vertex -3.69552 1.53073 -7
    endloop
  endfacet
  facet normal -0.946932 0.321435 0
    outer loop
      vertex -3.69552 1.53073 -5.5
      vertex -3.8637 1.03528 -7
      vertex -3.8637 1.03528 -5.5
    endloop
  endfacet
  facet normal -0.946932 0.321435 0
    outer loop
      vertex -3.8637 1.03528 -3.5
      vertex -3.69552 1.53073 0
      vertex -3.69552 1.53073 -3.5
    endloop
  endfacet
  facet normal -0.946932 0.321435 0
    outer loop
      vertex -3.69552 1.53073 0
      vertex -3.8637 1.03528 -3.5
      vertex -3.8637 1.03528 0
    endloop
  endfacet
  facet normal -0.946932 -0.321435 0
    outer loop
      vertex -3.69552 -1.53073 -7
      vertex -3.8637 -1.03528 -5.5
      vertex -3.8637 -1.03528 -7
    endloop
  endfacet
  facet normal -0.946932 -0.321435 0
    outer loop
      vertex -3.8637 -1.03528 -5.5
      vertex -3.69552 -1.53073 -7
      vertex -3.69552 -1.53073 -5.5
    endloop
  endfacet
  facet normal -0.946932 -0.321435 0
    outer loop
      vertex -3.69552 -1.53073 -3.5
      vertex -3.8637 -1.03528 0
      vertex -3.8637 -1.03528 -3.5
    endloop
  endfacet
  facet normal -0.946932 -0.321435 0
    outer loop
      vertex -3.8637 -1.03528 0
      vertex -3.69552 -1.53073 -3.5
      vertex -3.69552 -1.53073 0
    endloop
  endfacet
  facet normal 0 0 -1
    outer loop
      vertex -1.53073 -3.69552 -7
      vertex -0.75 -3.92045 -7
      vertex -1.03528 -3.8637 -7
    endloop
  endfacet
  facet normal 0 0 -1
    outer loop
      vertex -0.75 -3.92045 -7
      vertex -1.53073 -3.69552 -7
      vertex -0.75 3.92045 -7
    endloop
  endfacet
  facet normal 0 0 -1
    outer loop
      vertex -2 -3.4641 -7
      vertex -0.75 3.92045 -7
      vertex -1.53073 -3.69552 -7
    endloop
  endfacet
  facet normal 0 0 -1
    outer loop
      vertex -0.75 3.92045 -7
      vertex -1.53073 3.69552 -7
      vertex -1.03528 3.8637 -7
    endloop
  endfacet
  facet normal 0 0 -1
    outer loop
      vertex -0.75 3.92045 -7
      vertex -2 -3.4641 -7
      vertex -1.53073 3.69552 -7
    endloop
  endfacet
  facet normal 0 0 -1
    outer loop
      vertex -2 -3.4641 -7
      vertex -2 3.4641 -7
      vertex -1.53073 3.69552 -7
    endloop
  endfacet
  facet normal 0 0 -1
    outer loop
      vertex -2.43505 -3.17341 -7
      vertex -2 3.4641 -7
      vertex -2 -3.4641 -7
    endloop
  endfacet
  facet normal 0 0 -1
    outer loop
      vertex -2.43505 -3.17341 -7
      vertex -2.43505 3.17341 -7
      vertex -2 3.4641 -7
    endloop
  endfacet
  facet normal 0 0 -1
    outer loop
      vertex -2.82843 -2.82843 -7
      vertex -2.43505 3.17341 -7
      vertex -2.43505 -3.17341 -7
    endloop
  endfacet
  facet normal 0 0 -1
    outer loop
      vertex -2.82843 -2.82843 -7
      vertex -2.82843 2.82843 -7
      vertex -2.43505 3.17341 -7
    endloop
  endfacet
  facet normal 0 0 -1
    outer loop
      vertex -3.17341 -2.43505 -7
      vertex -2.82843 2.82843 -7
      vertex -2.82843 -2.82843 -7
    endloop
  endfacet
  facet normal 0 0 -1
    outer loop
      vertex -3.17341 -2.43505 -7
      vertex -3.17341 2.43505 -7
      vertex -2.82843 2.82843 -7
    endloop
  endfacet
  facet normal 0 0 -1
    outer loop
      vertex -3.4641 -2 -7
      vertex -3.17341 2.43505 -7
      vertex -3.17341 -2.43505 -7
    endloop
  endfacet
  facet normal 0 0 -1
    outer loop
      vertex -3.4641 -2 -7
      vertex -3.4641 2 -7
      vertex -3.17341 2.43505 -7
    endloop
  endfacet
  facet normal 0 0 -1
    outer loop
      vertex -3.69552 -1.53073 -7
      vertex -3.4641 2 -7
      vertex -3.4641 -2 -7
    endloop
  endfacet
  facet normal 0 0 -1
    outer loop
      vertex -3.69552 -1.53073 -7
      vertex -3.69552 1.53073 -7
      vertex -3.4641 2 -7
    endloop
  endfacet
  facet normal 0 0 -1
    outer loop
      vertex -3.8637 -1.03528 -7
      vertex -3.69552 1.53073 -7
      vertex -3.69552 -1.53073 -7
    endloop
  endfacet
  facet normal 0 0 -1
    outer loop
      vertex -3.8637 -1.03528 -7
      vertex -3.8637 1.03528 -7
      vertex -3.69552 1.53073 -7
    endloop
  endfacet
  facet normal 0 0 -1
    outer loop
      vertex -3.96578 -0.522104 -7
      vertex -3.8637 1.03528 -7
      vertex -3.8637 -1.03528 -7
    endloop
  endfacet
  facet normal 0 0 -1
    outer loop
      vertex -3.96578 -0.522104 -7
      vertex -3.96578 0.522104 -7
      vertex -3.8637 1.03528 -7
    endloop
  endfacet
  facet normal 0 -0 -1
    outer loop
      vertex -3.96578 0.522104 -7
      vertex -3.96578 -0.522104 -7
      vertex -4 0 -7
    endloop
  endfacet
  facet normal 0 0 -1
    outer loop
      vertex 3.96578 -0.522104 -7
      vertex 3.96578 0.522104 -7
      vertex 4 0 -7
    endloop
  endfacet
  facet normal 0 0 -1
    outer loop
      vertex 3.8637 -1.03528 -7
      vertex 3.96578 0.522104 -7
      vertex 3.96578 -0.522104 -7
    endloop
  endfacet
  facet normal 0 0 -1
    outer loop
      vertex 3.8637 -1.03528 -7
      vertex 3.8637 1.03528 -7
      vertex 3.96578 0.522104 -7
    endloop
  endfacet
  facet normal 0 0 -1
    outer loop
      vertex 3.69552 -1.53073 -7
      vertex 3.8637 1.03528 -7
      vertex 3.8637 -1.03528 -7
    endloop
  endfacet
  facet normal 0 0 -1
    outer loop
      vertex 3.69552 -1.53073 -7
      vertex 3.69552 1.53073 -7
      vertex 3.8637 1.03528 -7
    endloop
  endfacet
  facet normal 0 0 -1
    outer loop
      vertex 3.4641 -2 -7
      vertex 3.69552 1.53073 -7
      vertex 3.69552 -1.53073 -7
    endloop
  endfacet
  facet normal 0 0 -1
    outer loop
      vertex 3.4641 -2 -7
      vertex 3.4641 2 -7
      vertex 3.69552 1.53073 -7
    endloop
  endfacet
  facet normal 0 0 -1
    outer loop
      vertex 3.17341 -2.43505 -7
      vertex 3.4641 2 -7
      vertex 3.4641 -2 -7
    endloop
  endfacet
  facet normal 0 0 -1
    outer loop
      vertex 3.17341 -2.43505 -7
      vertex 3.17341 2.43505 -7
      vertex 3.4641 2 -7
    endloop
  endfacet
  facet normal 0 0 -1
    outer loop
      vertex 2.82843 -2.82843 -7
      vertex 3.17341 2.43505 -7
      vertex 3.17341 -2.43505 -7
    endloop
  endfacet
  facet normal 0 0 -1
    outer loop
      vertex 2.82843 -2.82843 -7
      vertex 2.82843 2.82843 -7
      vertex 3.17341 2.43505 -7
    endloop
  endfacet
  facet normal 0 0 -1
    outer loop
      vertex 2.43505 -3.17341 -7
      vertex 2.82843 2.82843 -7
      vertex 2.82843 -2.82843 -7
    endloop
  endfacet
  facet normal 0 0 -1
    outer loop
      vertex 2.43505 -3.17341 -7
      vertex 2.43505 3.17341 -7
      vertex 2.82843 2.82843 -7
    endloop
  endfacet
  facet normal 0 0 -1
    outer loop
      vertex 2 -3.4641 -7
      vertex 2.43505 3.17341 -7
      vertex 2.43505 -3.17341 -7
    endloop
  endfacet
  facet normal 0 0 -1
    outer loop
      vertex 2 -3.4641 -7
      vertex 2 3.4641 -7
      vertex 2.43505 3.17341 -7
    endloop
  endfacet
  facet normal 0 0 -1
    outer loop
      vertex 1.53073 -3.69552 -7
      vertex 2 3.4641 -7
      vertex 2 -3.4641 -7
    endloop
  endfacet
  facet normal 0 0 -1
    outer loop
      vertex 0.75 -3.92045 -7
      vertex 2 3.4641 -7
      vertex 1.53073 -3.69552 -7
    endloop
  endfacet
  facet normal 0 0 -1
    outer loop
      vertex 0.75 -3.92045 -7
      vertex 1.53073 -3.69552 -7
      vertex 1.03528 -3.8637 -7
    endloop
  endfacet
  facet normal -0 0 -1
    outer loop
      vertex 2 3.4641 -7
      vertex 0.75 -3.92045 -7
      vertex 1.53073 3.69552 -7
    endloop
  endfacet
  facet normal 0 0 -1
    outer loop
      vertex 0.75 3.92045 -7
      vertex 1.53073 3.69552 -7
      vertex 0.75 -3.92045 -7
    endloop
  endfacet
  facet normal 0 0 -1
    outer loop
      vertex 1.53073 3.69552 -7
      vertex 0.75 3.92045 -7
      vertex 1.03528 3.8637 -7
    endloop
  endfacet
  facet normal -0.831471 0.555569 0
    outer loop
      vertex -3.4641 2 -3.5
      vertex -3.17341 2.43505 0
      vertex -3.17341 2.43505 -3.5
    endloop
  endfacet
  facet normal -0.831471 0.555569 0
    outer loop
      vertex -3.17341 2.43505 0
      vertex -3.4641 2 -3.5
      vertex -3.4641 2 0
    endloop
  endfacet
  facet normal -0.831471 0.555569 0
    outer loop
      vertex -3.4641 2 -7
      vertex -3.17341 2.43505 -5.5
      vertex -3.17341 2.43505 -7
    endloop
  endfacet
  facet normal -0.831471 0.555569 0
    outer loop
      vertex -3.17341 2.43505 -5.5
      vertex -3.4641 2 -7
      vertex -3.4641 2 -5.5
    endloop
  endfacet
  facet normal 0.442291 -0.896871 0
    outer loop
      vertex 1.53073 -3.69552 -3.5
      vertex 2 -3.4641 0
      vertex 1.53073 -3.69552 0
    endloop
  endfacet
  facet normal 0.442291 -0.896871 0
    outer loop
      vertex 2 -3.4641 0
      vertex 1.53073 -3.69552 -3.5
      vertex 2 -3.4641 -3.5
    endloop
  endfacet
  facet normal 0.442291 -0.896871 0
    outer loop
      vertex 1.53073 -3.69552 -7
      vertex 2 -3.4641 -5.5
      vertex 1.53073 -3.69552 -5.5
    endloop
  endfacet
  facet normal 0.442291 -0.896871 0
    outer loop
      vertex 2 -3.4641 -5.5
      vertex 1.53073 -3.69552 -7
      vertex 2 -3.4641 -7
    endloop
  endfacet
  facet normal 0.321435 -0.946932 0
    outer loop
      vertex 1.03528 -3.8637 -3.5
      vertex 1.53073 -3.69552 0
      vertex 1.03528 -3.8637 0
    endloop
  endfacet
  facet normal 0.321435 -0.946932 0
    outer loop
      vertex 1.53073 -3.69552 0
      vertex 1.03528 -3.8637 -3.5
      vertex 1.53073 -3.69552 -3.5
    endloop
  endfacet
  facet normal 0.321435 -0.946932 0
    outer loop
      vertex 1.03528 -3.8637 -7
      vertex 1.53073 -3.69552 -5.5
      vertex 1.03528 -3.8637 -5.5
    endloop
  endfacet
  facet normal 0.321435 -0.946932 0
    outer loop
      vertex 1.53073 -3.69552 -5.5
      vertex 1.03528 -3.8637 -7
      vertex 1.53073 -3.69552 -7
    endloop
  endfacet
  facet normal 0.65934 -0.751845 0
    outer loop
      vertex 2.43505 -3.17341 -3.5
      vertex 2.82843 -2.82843 0
      vertex 2.43505 -3.17341 0
    endloop
  endfacet
  facet normal 0.65934 -0.751845 0
    outer loop
      vertex 2.82843 -2.82843 0
      vertex 2.43505 -3.17341 -3.5
      vertex 2.82843 -2.82843 -3.5
    endloop
  endfacet
  facet normal 0.65934 -0.751845 0
    outer loop
      vertex 2.43505 -3.17341 -7
      vertex 2.82843 -2.82843 -5.5
      vertex 2.43505 -3.17341 -5.5
    endloop
  endfacet
  facet normal 0.65934 -0.751845 0
    outer loop
      vertex 2.82843 -2.82843 -5.5
      vertex 2.43505 -3.17341 -7
      vertex 2.82843 -2.82843 -7
    endloop
  endfacet
  facet normal -0.896871 -0.442291 0
    outer loop
      vertex -3.4641 -2 -7
      vertex -3.69552 -1.53073 -5.5
      vertex -3.69552 -1.53073 -7
    endloop
  endfacet
  facet normal -0.896871 -0.442291 0
    outer loop
      vertex -3.69552 -1.53073 -5.5
      vertex -3.4641 -2 -7
      vertex -3.4641 -2 -5.5
    endloop
  endfacet
  facet normal -0.896871 -0.442291 0
    outer loop
      vertex -3.4641 -2 -3.5
      vertex -3.69552 -1.53073 0
      vertex -3.69552 -1.53073 -3.5
    endloop
  endfacet
  facet normal -0.896871 -0.442291 0
    outer loop
      vertex -3.69552 -1.53073 0
      vertex -3.4641 -2 -3.5
      vertex -3.4641 -2 0
    endloop
  endfacet
  facet normal 0.195104 0.980782 -0
    outer loop
      vertex 1.03528 3.8637 -7
      vertex 0.75 3.92045 -5.5
      vertex 1.03528 3.8637 -5.5
    endloop
  endfacet
  facet normal 0.195104 0.980782 0
    outer loop
      vertex 0.75 3.92045 -5.5
      vertex 1.03528 3.8637 -7
      vertex 0.75 3.92045 -7
    endloop
  endfacet
  facet normal 0.195096 0.980784 1.29541e-06
    outer loop
      vertex 1.03528 3.8637 0
      vertex 0.75 3.92045 -2
      vertex 0.522104 3.96578 0
    endloop
  endfacet
  facet normal 0.195104 0.980782 -0
    outer loop
      vertex 1.03528 3.8637 -3.5
      vertex 0.75 3.92045 -2
      vertex 1.03528 3.8637 0
    endloop
  endfacet
  facet normal 0.195104 0.980782 0
    outer loop
      vertex 0.75 3.92045 -2
      vertex 1.03528 3.8637 -3.5
      vertex 0.75 3.92045 -3.5
    endloop
  endfacet
  facet normal 0.195085 0.980786 0
    outer loop
      vertex 0.522104 3.96578 0
      vertex 0.75 3.92045 -2
      vertex 0.522104 3.96578 -2
    endloop
  endfacet
  facet normal -0.442291 -0.896871 0
    outer loop
      vertex -2 -3.4641 -3.5
      vertex -1.53073 -3.69552 0
      vertex -2 -3.4641 0
    endloop
  endfacet
  facet normal -0.442291 -0.896871 -0
    outer loop
      vertex -1.53073 -3.69552 0
      vertex -2 -3.4641 -3.5
      vertex -1.53073 -3.69552 -3.5
    endloop
  endfacet
  facet normal -0.442291 -0.896871 0
    outer loop
      vertex -2 -3.4641 -7
      vertex -1.53073 -3.69552 -5.5
      vertex -2 -3.4641 -5.5
    endloop
  endfacet
  facet normal -0.442291 -0.896871 -0
    outer loop
      vertex -1.53073 -3.69552 -5.5
      vertex -2 -3.4641 -7
      vertex -1.53073 -3.69552 -7
    endloop
  endfacet
  facet normal -0.831471 -0.555569 0
    outer loop
      vertex -3.17341 -2.43505 -7
      vertex -3.4641 -2 -5.5
      vertex -3.4641 -2 -7
    endloop
  endfacet
  facet normal -0.831471 -0.555569 0
    outer loop
      vertex -3.4641 -2 -5.5
      vertex -3.17341 -2.43505 -7
      vertex -3.17341 -2.43505 -5.5
    endloop
  endfacet
  facet normal -0.831471 -0.555569 0
    outer loop
      vertex -3.17341 -2.43505 -3.5
      vertex -3.4641 -2 0
      vertex -3.4641 -2 -3.5
    endloop
  endfacet
  facet normal -0.831471 -0.555569 0
    outer loop
      vertex -3.4641 -2 0
      vertex -3.17341 -2.43505 -3.5
      vertex -3.17341 -2.43505 0
    endloop
  endfacet
  facet normal 0.968187 0.0634574 -0.242047
    outer loop
      vertex 4 0 -5.5
      vertex 3.96578 0.522104 -5.5
      vertex 4.5 0 -3.5
    endloop
  endfacet
  facet normal 0.539049 -0.806747 -0.242046
    outer loop
      vertex 2.25 -3.89711 -3.5
      vertex 2 -3.4641 -5.5
      vertex 2.43505 -3.17341 -5.5
    endloop
  endfacet
  facet normal -0.870201 -0.429142 -0.242046
    outer loop
      vertex -3.89711 -2.25 -3.5
      vertex -4.15746 -1.72207 -3.5
      vertex -3.69552 -1.53073 -5.5
    endloop
  endfacet
  facet normal -0.639744 0.72948 -0.242048
    outer loop
      vertex -2.43505 3.17341 -5.5
      vertex -3.18198 3.18198 -3.5
      vertex -2.73943 3.57009 -3.5
    endloop
  endfacet
  facet normal 0.189274 -0.951624 -0.242048
    outer loop
      vertex 1.16469 -4.34667 -3.5
      vertex 0.75 -4.42915 -3.5
      vertex 0.75 -4.10086 -4.79069
    endloop
  endfacet
  facet normal -0.189274 -0.951624 -0.242048
    outer loop
      vertex -0.75 -4.42915 -3.5
      vertex -1.16469 -4.34667 -3.5
      vertex -0.75 -4.10086 -4.79069
    endloop
  endfacet
  facet normal -0.80675 -0.539042 -0.242048
    outer loop
      vertex -3.57009 -2.73943 -3.5
      vertex -3.89711 -2.25 -3.5
      vertex -3.17341 -2.43505 -5.5
    endloop
  endfacet
  facet normal 0.311877 0.918774 -0.242047
    outer loop
      vertex 1.53073 3.69552 -5.5
      vertex 1.03528 3.8637 -5.5
      vertex 1.72207 4.15746 -3.5
    endloop
  endfacet
  facet normal -0.91877 0.311888 -0.24205
    outer loop
      vertex -3.8637 1.03528 -5.5
      vertex -4.34667 1.16469 -3.5
      vertex -4.15746 1.72207 -3.5
    endloop
  endfacet
  facet normal -0.429142 -0.870201 -0.242046
    outer loop
      vertex -1.72207 -4.15746 -3.5
      vertex -2.25 -3.89711 -3.5
      vertex -1.53073 -3.69552 -5.5
    endloop
  endfacet
  facet normal 0.80675 -0.539042 -0.242048
    outer loop
      vertex 3.57009 -2.73943 -3.5
      vertex 3.17341 -2.43505 -5.5
      vertex 3.89711 -2.25 -3.5
    endloop
  endfacet
  facet normal 0.639735 -0.729489 -0.242044
    outer loop
      vertex 3.18198 -3.18198 -3.5
      vertex 2.43505 -3.17341 -5.5
      vertex 2.82843 -2.82843 -5.5
    endloop
  endfacet
  facet normal 0.968187 -0.0634574 -0.242047
    outer loop
      vertex 4.5 0 -3.5
      vertex 3.96578 -0.522104 -5.5
      vertex 4 0 -5.5
    endloop
  endfacet
  facet normal -0.951624 0.189279 -0.242046
    outer loop
      vertex -3.96578 0.522104 -5.5
      vertex -4.4615 0.587367 -3.5
      vertex -4.34667 1.16469 -3.5
    endloop
  endfacet
  facet normal 0.80675 0.539042 -0.242048
    outer loop
      vertex 3.89711 2.25 -3.5
      vertex 3.17341 2.43505 -5.5
      vertex 3.57009 2.73943 -3.5
    endloop
  endfacet
  facet normal 0.639735 0.729489 -0.242044
    outer loop
      vertex 2.82843 2.82843 -5.5
      vertex 2.43505 3.17341 -5.5
      vertex 3.18198 3.18198 -3.5
    endloop
  endfacet
  facet normal 0.951619 -0.189294 -0.24205
    outer loop
      vertex 4.34667 -1.16469 -3.5
      vertex 3.8637 -1.03528 -5.5
      vertex 3.96578 -0.522104 -5.5
    endloop
  endfacet
  facet normal 0.429142 -0.870201 -0.242046
    outer loop
      vertex 1.72207 -4.15746 -3.5
      vertex 1.53073 -3.69552 -5.5
      vertex 2.25 -3.89711 -3.5
    endloop
  endfacet
  facet normal -0.539049 0.806747 -0.242046
    outer loop
      vertex -2 3.4641 -5.5
      vertex -2.43505 3.17341 -5.5
      vertex -2.25 3.89711 -3.5
    endloop
  endfacet
  facet normal -0.806747 0.539049 -0.242046
    outer loop
      vertex -3.4641 2 -5.5
      vertex -3.89711 2.25 -3.5
      vertex -3.17341 2.43505 -5.5
    endloop
  endfacet
  facet normal 0.918774 -0.311877 -0.242047
    outer loop
      vertex 4.15746 -1.72207 -3.5
      vertex 3.69552 -1.53073 -5.5
      vertex 3.8637 -1.03528 -5.5
    endloop
  endfacet
  facet normal 0.951624 0.189279 -0.242046
    outer loop
      vertex 4.4615 0.587367 -3.5
      vertex 3.96578 0.522104 -5.5
      vertex 4.34667 1.16469 -3.5
    endloop
  endfacet
  facet normal 0.870203 0.42914 -0.242046
    outer loop
      vertex 3.69552 1.53073 -5.5
      vertex 3.4641 2 -5.5
      vertex 3.89711 2.25 -3.5
    endloop
  endfacet
  facet normal 0.42914 -0.870203 -0.242046
    outer loop
      vertex 2.25 -3.89711 -3.5
      vertex 1.53073 -3.69552 -5.5
      vertex 2 -3.4641 -5.5
    endloop
  endfacet
  facet normal -0.80675 0.539042 -0.242048
    outer loop
      vertex -3.17341 2.43505 -5.5
      vertex -3.89711 2.25 -3.5
      vertex -3.57009 2.73943 -3.5
    endloop
  endfacet
  facet normal -0.539042 -0.80675 -0.242048
    outer loop
      vertex -2.25 -3.89711 -3.5
      vertex -2.73943 -3.57009 -3.5
      vertex -2.43505 -3.17341 -5.5
    endloop
  endfacet
  facet normal -0.870201 0.429142 -0.242046
    outer loop
      vertex -3.69552 1.53073 -5.5
      vertex -4.15746 1.72207 -3.5
      vertex -3.89711 2.25 -3.5
    endloop
  endfacet
  facet normal -0.639735 0.729489 -0.242044
    outer loop
      vertex -2.82843 2.82843 -5.5
      vertex -3.18198 3.18198 -3.5
      vertex -2.43505 3.17341 -5.5
    endloop
  endfacet
  facet normal -0.311888 0.91877 -0.24205
    outer loop
      vertex -1.03528 3.8637 -5.5
      vertex -1.72207 4.15746 -3.5
      vertex -1.16469 4.34667 -3.5
    endloop
  endfacet
  facet normal -0.968187 -0.0634615 -0.242046
    outer loop
      vertex -4.4615 -0.587367 -3.5
      vertex -4.5 0 -3.5
      vertex -3.96578 -0.522104 -5.5
    endloop
  endfacet
  facet normal 0.870203 -0.42914 -0.242046
    outer loop
      vertex 3.89711 -2.25 -3.5
      vertex 3.4641 -2 -5.5
      vertex 3.69552 -1.53073 -5.5
    endloop
  endfacet
  facet normal 0.870201 0.429142 -0.242046
    outer loop
      vertex 4.15746 1.72207 -3.5
      vertex 3.69552 1.53073 -5.5
      vertex 3.89711 2.25 -3.5
    endloop
  endfacet
  facet normal -0.539042 0.80675 -0.242048
    outer loop
      vertex -2.43505 3.17341 -5.5
      vertex -2.73943 3.57009 -3.5
      vertex -2.25 3.89711 -3.5
    endloop
  endfacet
  facet normal 0.951624 -0.189279 -0.242046
    outer loop
      vertex 4.34667 -1.16469 -3.5
      vertex 3.96578 -0.522104 -5.5
      vertex 4.4615 -0.587367 -3.5
    endloop
  endfacet
  facet normal 0.429142 0.870201 -0.242046
    outer loop
      vertex 2.25 3.89711 -3.5
      vertex 1.53073 3.69552 -5.5
      vertex 1.72207 4.15746 -3.5
    endloop
  endfacet
  facet normal 0.539042 -0.80675 -0.242048
    outer loop
      vertex 2.73943 -3.57009 -3.5
      vertex 2.25 -3.89711 -3.5
      vertex 2.43505 -3.17341 -5.5
    endloop
  endfacet
  facet normal 0.539042 0.80675 -0.242048
    outer loop
      vertex 2.43505 3.17341 -5.5
      vertex 2.25 3.89711 -3.5
      vertex 2.73943 3.57009 -3.5
    endloop
  endfacet
  facet normal 0.311888 0.91877 -0.24205
    outer loop
      vertex 1.72207 4.15746 -3.5
      vertex 1.03528 3.8637 -5.5
      vertex 1.16469 4.34667 -3.5
    endloop
  endfacet
  facet normal 0.870201 -0.429142 -0.242046
    outer loop
      vertex 3.89711 -2.25 -3.5
      vertex 3.69552 -1.53073 -5.5
      vertex 4.15746 -1.72207 -3.5
    endloop
  endfacet
  facet normal 0.968187 0.0634615 -0.242046
    outer loop
      vertex 4.5 0 -3.5
      vertex 3.96578 0.522104 -5.5
      vertex 4.4615 0.587367 -3.5
    endloop
  endfacet
  facet normal 0.968187 -0.0634615 -0.242046
    outer loop
      vertex 4.4615 -0.587367 -3.5
      vertex 3.96578 -0.522104 -5.5
      vertex 4.5 0 -3.5
    endloop
  endfacet
  facet normal -0.951619 0.189294 -0.24205
    outer loop
      vertex -3.96578 0.522104 -5.5
      vertex -4.34667 1.16469 -3.5
      vertex -3.8637 1.03528 -5.5
    endloop
  endfacet
  facet normal 0.189274 0.951624 -0.242048
    outer loop
      vertex 1.16469 4.34667 -3.5
      vertex 0.75 4.10086 -4.79069
      vertex 0.75 4.42915 -3.5
    endloop
  endfacet
  facet normal -0.539049 -0.806747 -0.242046
    outer loop
      vertex -2.25 -3.89711 -3.5
      vertex -2.43505 -3.17341 -5.5
      vertex -2 -3.4641 -5.5
    endloop
  endfacet
  facet normal 0.72948 0.639744 -0.242048
    outer loop
      vertex 3.57009 2.73943 -3.5
      vertex 3.17341 2.43505 -5.5
      vertex 3.18198 3.18198 -3.5
    endloop
  endfacet
  facet normal 0.639744 0.72948 -0.242048
    outer loop
      vertex 3.18198 3.18198 -3.5
      vertex 2.43505 3.17341 -5.5
      vertex 2.73943 3.57009 -3.5
    endloop
  endfacet
  facet normal -0.429142 0.870201 -0.242046
    outer loop
      vertex -1.53073 3.69552 -5.5
      vertex -2.25 3.89711 -3.5
      vertex -1.72207 4.15746 -3.5
    endloop
  endfacet
  facet normal -0.968187 0.0634574 -0.242047
    outer loop
      vertex -4 0 -5.5
      vertex -4.5 0 -3.5
      vertex -3.96578 0.522104 -5.5
    endloop
  endfacet
  facet normal -0.968187 0.0634615 -0.242046
    outer loop
      vertex -3.96578 0.522104 -5.5
      vertex -4.5 0 -3.5
      vertex -4.4615 0.587367 -3.5
    endloop
  endfacet
  facet normal -0.72948 -0.639744 -0.242048
    outer loop
      vertex -3.18198 -3.18198 -3.5
      vertex -3.57009 -2.73943 -3.5
      vertex -3.17341 -2.43505 -5.5
    endloop
  endfacet
  facet normal -0.311888 -0.91877 -0.24205
    outer loop
      vertex -1.16469 -4.34667 -3.5
      vertex -1.72207 -4.15746 -3.5
      vertex -1.03528 -3.8637 -5.5
    endloop
  endfacet
  facet normal 0.806747 0.539049 -0.242046
    outer loop
      vertex 3.4641 2 -5.5
      vertex 3.17341 2.43505 -5.5
      vertex 3.89711 2.25 -3.5
    endloop
  endfacet
  facet normal -0.870203 -0.42914 -0.242046
    outer loop
      vertex -3.4641 -2 -5.5
      vertex -3.89711 -2.25 -3.5
      vertex -3.69552 -1.53073 -5.5
    endloop
  endfacet
  facet normal 0.91877 -0.311888 -0.24205
    outer loop
      vertex 4.15746 -1.72207 -3.5
      vertex 3.8637 -1.03528 -5.5
      vertex 4.34667 -1.16469 -3.5
    endloop
  endfacet
  facet normal -0.72948 0.639744 -0.242048
    outer loop
      vertex -3.17341 2.43505 -5.5
      vertex -3.57009 2.73943 -3.5
      vertex -3.18198 3.18198 -3.5
    endloop
  endfacet
  facet normal -0.42914 -0.870203 -0.242046
    outer loop
      vertex -1.53073 -3.69552 -5.5
      vertex -2.25 -3.89711 -3.5
      vertex -2 -3.4641 -5.5
    endloop
  endfacet
  facet normal -0.91877 -0.311888 -0.24205
    outer loop
      vertex -4.15746 -1.72207 -3.5
      vertex -4.34667 -1.16469 -3.5
      vertex -3.8637 -1.03528 -5.5
    endloop
  endfacet
  facet normal 0.189282 0.951622 -0.24205
    outer loop
      vertex 1.03528 3.8637 -5.5
      vertex 0.75 4.10086 -4.79069
      vertex 1.16469 4.34667 -3.5
    endloop
  endfacet
  facet normal 0.189303 0.95162 -0.242041
    outer loop
      vertex 0.75 4.10086 -4.79069
      vertex 1.03528 3.8637 -5.5
      vertex 0.75 3.92045 -5.5
    endloop
  endfacet
  facet normal -0.311877 -0.918774 -0.242047
    outer loop
      vertex -1.03528 -3.8637 -5.5
      vertex -1.72207 -4.15746 -3.5
      vertex -1.53073 -3.69552 -5.5
    endloop
  endfacet
  facet normal -0.189282 -0.951622 -0.24205
    outer loop
      vertex -1.03528 -3.8637 -5.5
      vertex -0.75 -4.10086 -4.79069
      vertex -1.16469 -4.34667 -3.5
    endloop
  endfacet
  facet normal -0.189303 -0.95162 -0.242041
    outer loop
      vertex -0.75 -4.10086 -4.79069
      vertex -1.03528 -3.8637 -5.5
      vertex -0.75 -3.92045 -5.5
    endloop
  endfacet
  facet normal -0.918774 0.311877 -0.242047
    outer loop
      vertex -3.8637 1.03528 -5.5
      vertex -4.15746 1.72207 -3.5
      vertex -3.69552 1.53073 -5.5
    endloop
  endfacet
  facet normal -0.639735 -0.729489 -0.242044
    outer loop
      vertex -2.43505 -3.17341 -5.5
      vertex -3.18198 -3.18198 -3.5
      vertex -2.82843 -2.82843 -5.5
    endloop
  endfacet
  facet normal -0.189274 0.951624 -0.242048
    outer loop
      vertex -0.75 4.10086 -4.79069
      vertex -1.16469 4.34667 -3.5
      vertex -0.75 4.42915 -3.5
    endloop
  endfacet
  facet normal 0.639744 -0.72948 -0.242048
    outer loop
      vertex 2.73943 -3.57009 -3.5
      vertex 2.43505 -3.17341 -5.5
      vertex 3.18198 -3.18198 -3.5
    endloop
  endfacet
  facet normal -0.968187 -0.0634574 -0.242047
    outer loop
      vertex -3.96578 -0.522104 -5.5
      vertex -4.5 0 -3.5
      vertex -4 0 -5.5
    endloop
  endfacet
  facet normal -0.42914 0.870203 -0.242046
    outer loop
      vertex -2 3.4641 -5.5
      vertex -2.25 3.89711 -3.5
      vertex -1.53073 3.69552 -5.5
    endloop
  endfacet
  facet normal 0.539049 0.806747 -0.242046
    outer loop
      vertex 2.43505 3.17341 -5.5
      vertex 2 3.4641 -5.5
      vertex 2.25 3.89711 -3.5
    endloop
  endfacet
  facet normal -0.918774 -0.311877 -0.242047
    outer loop
      vertex -3.69552 -1.53073 -5.5
      vertex -4.15746 -1.72207 -3.5
      vertex -3.8637 -1.03528 -5.5
    endloop
  endfacet
  facet normal 0.72948 -0.639744 -0.242048
    outer loop
      vertex 3.18198 -3.18198 -3.5
      vertex 3.17341 -2.43505 -5.5
      vertex 3.57009 -2.73943 -3.5
    endloop
  endfacet
  facet normal 0.729489 0.639735 -0.242044
    outer loop
      vertex 3.17341 2.43505 -5.5
      vertex 2.82843 2.82843 -5.5
      vertex 3.18198 3.18198 -3.5
    endloop
  endfacet
  facet normal -0.729489 0.639735 -0.242044
    outer loop
      vertex -3.17341 2.43505 -5.5
      vertex -3.18198 3.18198 -3.5
      vertex -2.82843 2.82843 -5.5
    endloop
  endfacet
  facet normal 0.311888 -0.91877 -0.24205
    outer loop
      vertex 1.16469 -4.34667 -3.5
      vertex 1.03528 -3.8637 -5.5
      vertex 1.72207 -4.15746 -3.5
    endloop
  endfacet
  facet normal 0.311877 -0.918774 -0.242047
    outer loop
      vertex 1.72207 -4.15746 -3.5
      vertex 1.03528 -3.8637 -5.5
      vertex 1.53073 -3.69552 -5.5
    endloop
  endfacet
  facet normal 0.189303 -0.95162 -0.242041
    outer loop
      vertex 1.03528 -3.8637 -5.5
      vertex 0.75 -4.10086 -4.79069
      vertex 0.75 -3.92045 -5.5
    endloop
  endfacet
  facet normal 0.189282 -0.951622 -0.24205
    outer loop
      vertex 0.75 -4.10086 -4.79069
      vertex 1.03528 -3.8637 -5.5
      vertex 1.16469 -4.34667 -3.5
    endloop
  endfacet
  facet normal 0.729489 -0.639735 -0.242044
    outer loop
      vertex 3.18198 -3.18198 -3.5
      vertex 2.82843 -2.82843 -5.5
      vertex 3.17341 -2.43505 -5.5
    endloop
  endfacet
  facet normal -0 0 1
    outer loop
      vertex -1.16469 4.34667 -3.5
      vertex -0.75 3.92045 -3.5
      vertex -0.75 4.42915 -3.5
    endloop
  endfacet
  facet normal 0 0 1
    outer loop
      vertex -0.75 3.92045 -3.5
      vertex -1.16469 4.34667 -3.5
      vertex -1.03528 3.8637 -3.5
    endloop
  endfacet
  facet normal 0 0 1
    outer loop
      vertex -1.16469 4.34667 -3.5
      vertex -1.53073 3.69552 -3.5
      vertex -1.03528 3.8637 -3.5
    endloop
  endfacet
  facet normal -0 0 1
    outer loop
      vertex -1.72207 4.15746 -3.5
      vertex -1.53073 3.69552 -3.5
      vertex -1.16469 4.34667 -3.5
    endloop
  endfacet
  facet normal 0 0 1
    outer loop
      vertex -1.72207 4.15746 -3.5
      vertex -2 3.4641 -3.5
      vertex -1.53073 3.69552 -3.5
    endloop
  endfacet
  facet normal -0 0 1
    outer loop
      vertex -2.25 3.89711 -3.5
      vertex -2 3.4641 -3.5
      vertex -1.72207 4.15746 -3.5
    endloop
  endfacet
  facet normal 0 0 1
    outer loop
      vertex -2.25 3.89711 -3.5
      vertex -2.43505 3.17341 -3.5
      vertex -2 3.4641 -3.5
    endloop
  endfacet
  facet normal -0 0 1
    outer loop
      vertex -2.73943 3.57009 -3.5
      vertex -2.43505 3.17341 -3.5
      vertex -2.25 3.89711 -3.5
    endloop
  endfacet
  facet normal 0 0 1
    outer loop
      vertex -2.73943 3.57009 -3.5
      vertex -2.82843 2.82843 -3.5
      vertex -2.43505 3.17341 -3.5
    endloop
  endfacet
  facet normal -0 0 1
    outer loop
      vertex -3.18198 3.18198 -3.5
      vertex -2.82843 2.82843 -3.5
      vertex -2.73943 3.57009 -3.5
    endloop
  endfacet
  facet normal 0 0 1
    outer loop
      vertex -2.82843 2.82843 -3.5
      vertex -3.18198 3.18198 -3.5
      vertex -3.17341 2.43505 -3.5
    endloop
  endfacet
  facet normal -0 0 1
    outer loop
      vertex -3.57009 2.73943 -3.5
      vertex -3.17341 2.43505 -3.5
      vertex -3.18198 3.18198 -3.5
    endloop
  endfacet
  facet normal 0 0 1
    outer loop
      vertex -3.17341 2.43505 -3.5
      vertex -3.57009 2.73943 -3.5
      vertex -3.4641 2 -3.5
    endloop
  endfacet
  facet normal -0 0 1
    outer loop
      vertex -3.89711 2.25 -3.5
      vertex -3.4641 2 -3.5
      vertex -3.57009 2.73943 -3.5
    endloop
  endfacet
  facet normal 0 0 1
    outer loop
      vertex -3.4641 2 -3.5
      vertex -3.89711 2.25 -3.5
      vertex -3.69552 1.53073 -3.5
    endloop
  endfacet
  facet normal -0 0 1
    outer loop
      vertex -4.15746 1.72207 -3.5
      vertex -3.69552 1.53073 -3.5
      vertex -3.89711 2.25 -3.5
    endloop
  endfacet
  facet normal 0 0 1
    outer loop
      vertex -3.69552 1.53073 -3.5
      vertex -4.15746 1.72207 -3.5
      vertex -3.8637 1.03528 -3.5
    endloop
  endfacet
  facet normal -0 0 1
    outer loop
      vertex -4.34667 1.16469 -3.5
      vertex -3.8637 1.03528 -3.5
      vertex -4.15746 1.72207 -3.5
    endloop
  endfacet
  facet normal 0 0 1
    outer loop
      vertex -3.8637 1.03528 -3.5
      vertex -4.34667 1.16469 -3.5
      vertex -3.96578 0.522104 -3.5
    endloop
  endfacet
  facet normal 0 0 1
    outer loop
      vertex -1.16469 -4.34667 -3.5
      vertex -0.75 -3.92045 -3.5
      vertex -1.03528 -3.8637 -3.5
    endloop
  endfacet
  facet normal 0 0 1
    outer loop
      vertex -0.75 -3.92045 -3.5
      vertex -1.16469 -4.34667 -3.5
      vertex -0.75 -4.42915 -3.5
    endloop
  endfacet
  facet normal 0 0 1
    outer loop
      vertex -1.53073 -3.69552 -3.5
      vertex -1.16469 -4.34667 -3.5
      vertex -1.03528 -3.8637 -3.5
    endloop
  endfacet
  facet normal 0 0 1
    outer loop
      vertex -1.53073 -3.69552 -3.5
      vertex -1.72207 -4.15746 -3.5
      vertex -1.16469 -4.34667 -3.5
    endloop
  endfacet
  facet normal 0 0 1
    outer loop
      vertex -2 -3.4641 -3.5
      vertex -1.72207 -4.15746 -3.5
      vertex -1.53073 -3.69552 -3.5
    endloop
  endfacet
  facet normal 0 0 1
    outer loop
      vertex -2 -3.4641 -3.5
      vertex -2.25 -3.89711 -3.5
      vertex -1.72207 -4.15746 -3.5
    endloop
  endfacet
  facet normal 0 0 1
    outer loop
      vertex -2.43505 -3.17341 -3.5
      vertex -2.25 -3.89711 -3.5
      vertex -2 -3.4641 -3.5
    endloop
  endfacet
  facet normal 0 0 1
    outer loop
      vertex -2.43505 -3.17341 -3.5
      vertex -2.73943 -3.57009 -3.5
      vertex -2.25 -3.89711 -3.5
    endloop
  endfacet
  facet normal 0 0 1
    outer loop
      vertex -2.82843 -2.82843 -3.5
      vertex -2.73943 -3.57009 -3.5
      vertex -2.43505 -3.17341 -3.5
    endloop
  endfacet
  facet normal 0 0 1
    outer loop
      vertex -3.18198 -3.18198 -3.5
      vertex -2.82843 -2.82843 -3.5
      vertex -3.17341 -2.43505 -3.5
    endloop
  endfacet
  facet normal 0 0 1
    outer loop
      vertex -2.82843 -2.82843 -3.5
      vertex -3.18198 -3.18198 -3.5
      vertex -2.73943 -3.57009 -3.5
    endloop
  endfacet
  facet normal 0 0 1
    outer loop
      vertex -3.57009 -2.73943 -3.5
      vertex -3.17341 -2.43505 -3.5
      vertex -3.4641 -2 -3.5
    endloop
  endfacet
  facet normal 0 0 1
    outer loop
      vertex -3.17341 -2.43505 -3.5
      vertex -3.57009 -2.73943 -3.5
      vertex -3.18198 -3.18198 -3.5
    endloop
  endfacet
  facet normal 0 0 1
    outer loop
      vertex -3.89711 -2.25 -3.5
      vertex -3.4641 -2 -3.5
      vertex -3.69552 -1.53073 -3.5
    endloop
  endfacet
  facet normal 0 0 1
    outer loop
      vertex -4.15746 -1.72207 -3.5
      vertex -3.69552 -1.53073 -3.5
      vertex -3.8637 -1.03528 -3.5
    endloop
  endfacet
  facet normal 0 0 1
    outer loop
      vertex -3.4641 -2 -3.5
      vertex -3.89711 -2.25 -3.5
      vertex -3.57009 -2.73943 -3.5
    endloop
  endfacet
  facet normal 0 0 1
    outer loop
      vertex -4.34667 -1.16469 -3.5
      vertex -3.8637 -1.03528 -3.5
      vertex -3.96578 -0.522104 -3.5
    endloop
  endfacet
  facet normal 0 0 1
    outer loop
      vertex -4.4615 -0.587367 -3.5
      vertex -3.96578 -0.522104 -3.5
      vertex -4 0 -3.5
    endloop
  endfacet
  facet normal -0 0 1
    outer loop
      vertex -4.4615 0.587367 -3.5
      vertex -3.96578 0.522104 -3.5
      vertex -4.34667 1.16469 -3.5
    endloop
  endfacet
  facet normal 0 0 1
    outer loop
      vertex -3.69552 -1.53073 -3.5
      vertex -4.15746 -1.72207 -3.5
      vertex -3.89711 -2.25 -3.5
    endloop
  endfacet
  facet normal 0 0 1
    outer loop
      vertex -3.96578 0.522104 -3.5
      vertex -4.4615 0.587367 -3.5
      vertex -4 0 -3.5
    endloop
  endfacet
  facet normal 0 0 1
    outer loop
      vertex -3.8637 -1.03528 -3.5
      vertex -4.34667 -1.16469 -3.5
      vertex -4.15746 -1.72207 -3.5
    endloop
  endfacet
  facet normal 0 0 1
    outer loop
      vertex -4.5 0 -3.5
      vertex -4 0 -3.5
      vertex -4.4615 0.587367 -3.5
    endloop
  endfacet
  facet normal 0 0 1
    outer loop
      vertex -3.96578 -0.522104 -3.5
      vertex -4.4615 -0.587367 -3.5
      vertex -4.34667 -1.16469 -3.5
    endloop
  endfacet
  facet normal 0 0 1
    outer loop
      vertex -4 0 -3.5
      vertex -4.5 0 -3.5
      vertex -4.4615 -0.587367 -3.5
    endloop
  endfacet
  facet normal 0 0 1
    outer loop
      vertex 4 0 -3.5
      vertex 4.5 0 -3.5
      vertex 4.4615 0.587367 -3.5
    endloop
  endfacet
  facet normal 0 0 1
    outer loop
      vertex 3.96578 0.522104 -3.5
      vertex 4.4615 0.587367 -3.5
      vertex 4.34667 1.16469 -3.5
    endloop
  endfacet
  facet normal 0 0 1
    outer loop
      vertex 4.5 0 -3.5
      vertex 4 0 -3.5
      vertex 4.4615 -0.587367 -3.5
    endloop
  endfacet
  facet normal 0 0 1
    outer loop
      vertex 3.8637 1.03528 -3.5
      vertex 4.34667 1.16469 -3.5
      vertex 4.15746 1.72207 -3.5
    endloop
  endfacet
  facet normal -0 0 1
    outer loop
      vertex 3.96578 -0.522104 -3.5
      vertex 4.4615 -0.587367 -3.5
      vertex 4 0 -3.5
    endloop
  endfacet
  facet normal 0 0 1
    outer loop
      vertex 4.4615 -0.587367 -3.5
      vertex 3.96578 -0.522104 -3.5
      vertex 4.34667 -1.16469 -3.5
    endloop
  endfacet
  facet normal 0 0 1
    outer loop
      vertex 4.4615 0.587367 -3.5
      vertex 3.96578 0.522104 -3.5
      vertex 4 0 -3.5
    endloop
  endfacet
  facet normal 0 0 1
    outer loop
      vertex 3.69552 1.53073 -3.5
      vertex 4.15746 1.72207 -3.5
      vertex 3.89711 2.25 -3.5
    endloop
  endfacet
  facet normal 0 0 1
    outer loop
      vertex 4.34667 1.16469 -3.5
      vertex 3.8637 1.03528 -3.5
      vertex 3.96578 0.522104 -3.5
    endloop
  endfacet
  facet normal 0 0 1
    outer loop
      vertex 4.15746 1.72207 -3.5
      vertex 3.69552 1.53073 -3.5
      vertex 3.8637 1.03528 -3.5
    endloop
  endfacet
  facet normal 0 0 1
    outer loop
      vertex 3.4641 2 -3.5
      vertex 3.89711 2.25 -3.5
      vertex 3.57009 2.73943 -3.5
    endloop
  endfacet
  facet normal 0 0 1
    outer loop
      vertex 3.89711 2.25 -3.5
      vertex 3.4641 2 -3.5
      vertex 3.69552 1.53073 -3.5
    endloop
  endfacet
  facet normal 0 0 1
    outer loop
      vertex 3.17341 2.43505 -3.5
      vertex 3.57009 2.73943 -3.5
      vertex 3.18198 3.18198 -3.5
    endloop
  endfacet
  facet normal 0 0 1
    outer loop
      vertex 3.57009 2.73943 -3.5
      vertex 3.17341 2.43505 -3.5
      vertex 3.4641 2 -3.5
    endloop
  endfacet
  facet normal 0 0 1
    outer loop
      vertex 3.18198 3.18198 -3.5
      vertex 2.82843 2.82843 -3.5
      vertex 3.17341 2.43505 -3.5
    endloop
  endfacet
  facet normal 0 0 1
    outer loop
      vertex 2.73943 3.57009 -3.5
      vertex 2.82843 2.82843 -3.5
      vertex 3.18198 3.18198 -3.5
    endloop
  endfacet
  facet normal 0 0 1
    outer loop
      vertex 2.73943 3.57009 -3.5
      vertex 2.43505 3.17341 -3.5
      vertex 2.82843 2.82843 -3.5
    endloop
  endfacet
  facet normal 0 0 1
    outer loop
      vertex 2.25 3.89711 -3.5
      vertex 2.43505 3.17341 -3.5
      vertex 2.73943 3.57009 -3.5
    endloop
  endfacet
  facet normal 0 0 1
    outer loop
      vertex 2.25 3.89711 -3.5
      vertex 2 3.4641 -3.5
      vertex 2.43505 3.17341 -3.5
    endloop
  endfacet
  facet normal 0 0 1
    outer loop
      vertex 1.72207 4.15746 -3.5
      vertex 2 3.4641 -3.5
      vertex 2.25 3.89711 -3.5
    endloop
  endfacet
  facet normal 0 0 1
    outer loop
      vertex 1.72207 4.15746 -3.5
      vertex 1.53073 3.69552 -3.5
      vertex 2 3.4641 -3.5
    endloop
  endfacet
  facet normal 0 0 1
    outer loop
      vertex 1.16469 4.34667 -3.5
      vertex 1.53073 3.69552 -3.5
      vertex 1.72207 4.15746 -3.5
    endloop
  endfacet
  facet normal 0 0 1
    outer loop
      vertex 1.16469 4.34667 -3.5
      vertex 1.03528 3.8637 -3.5
      vertex 1.53073 3.69552 -3.5
    endloop
  endfacet
  facet normal 0 0 1
    outer loop
      vertex 0.75 3.92045 -3.5
      vertex 1.16469 4.34667 -3.5
      vertex 0.75 4.42915 -3.5
    endloop
  endfacet
  facet normal 0 0 1
    outer loop
      vertex 1.16469 4.34667 -3.5
      vertex 0.75 3.92045 -3.5
      vertex 1.03528 3.8637 -3.5
    endloop
  endfacet
  facet normal -0 0 1
    outer loop
      vertex 3.8637 -1.03528 -3.5
      vertex 4.34667 -1.16469 -3.5
      vertex 3.96578 -0.522104 -3.5
    endloop
  endfacet
  facet normal 0 0 1
    outer loop
      vertex 4.34667 -1.16469 -3.5
      vertex 3.8637 -1.03528 -3.5
      vertex 4.15746 -1.72207 -3.5
    endloop
  endfacet
  facet normal -0 0 1
    outer loop
      vertex 3.69552 -1.53073 -3.5
      vertex 4.15746 -1.72207 -3.5
      vertex 3.8637 -1.03528 -3.5
    endloop
  endfacet
  facet normal 0 0 1
    outer loop
      vertex 4.15746 -1.72207 -3.5
      vertex 3.69552 -1.53073 -3.5
      vertex 3.89711 -2.25 -3.5
    endloop
  endfacet
  facet normal -0 0 1
    outer loop
      vertex 3.4641 -2 -3.5
      vertex 3.89711 -2.25 -3.5
      vertex 3.69552 -1.53073 -3.5
    endloop
  endfacet
  facet normal 0 0 1
    outer loop
      vertex 3.89711 -2.25 -3.5
      vertex 3.4641 -2 -3.5
      vertex 3.57009 -2.73943 -3.5
    endloop
  endfacet
  facet normal -0 0 1
    outer loop
      vertex 3.17341 -2.43505 -3.5
      vertex 3.57009 -2.73943 -3.5
      vertex 3.4641 -2 -3.5
    endloop
  endfacet
  facet normal 0 0 1
    outer loop
      vertex 3.57009 -2.73943 -3.5
      vertex 3.17341 -2.43505 -3.5
      vertex 3.18198 -3.18198 -3.5
    endloop
  endfacet
  facet normal -0 0 1
    outer loop
      vertex 2.82843 -2.82843 -3.5
      vertex 3.18198 -3.18198 -3.5
      vertex 3.17341 -2.43505 -3.5
    endloop
  endfacet
  facet normal 0 0 1
    outer loop
      vertex 2.82843 -2.82843 -3.5
      vertex 2.73943 -3.57009 -3.5
      vertex 3.18198 -3.18198 -3.5
    endloop
  endfacet
  facet normal -0 0 1
    outer loop
      vertex 2.43505 -3.17341 -3.5
      vertex 2.73943 -3.57009 -3.5
      vertex 2.82843 -2.82843 -3.5
    endloop
  endfacet
  facet normal 0 0 1
    outer loop
      vertex 2.43505 -3.17341 -3.5
      vertex 2.25 -3.89711 -3.5
      vertex 2.73943 -3.57009 -3.5
    endloop
  endfacet
  facet normal -0 0 1
    outer loop
      vertex 2 -3.4641 -3.5
      vertex 2.25 -3.89711 -3.5
      vertex 2.43505 -3.17341 -3.5
    endloop
  endfacet
  facet normal 0 0 1
    outer loop
      vertex 2 -3.4641 -3.5
      vertex 1.72207 -4.15746 -3.5
      vertex 2.25 -3.89711 -3.5
    endloop
  endfacet
  facet normal -0 0 1
    outer loop
      vertex 1.53073 -3.69552 -3.5
      vertex 1.72207 -4.15746 -3.5
      vertex 2 -3.4641 -3.5
    endloop
  endfacet
  facet normal 0 0 1
    outer loop
      vertex 1.53073 -3.69552 -3.5
      vertex 1.16469 -4.34667 -3.5
      vertex 1.72207 -4.15746 -3.5
    endloop
  endfacet
  facet normal -0 0 1
    outer loop
      vertex 1.03528 -3.8637 -3.5
      vertex 1.16469 -4.34667 -3.5
      vertex 1.53073 -3.69552 -3.5
    endloop
  endfacet
  facet normal -0 0 1
    outer loop
      vertex 0.75 -3.92045 -3.5
      vertex 1.16469 -4.34667 -3.5
      vertex 1.03528 -3.8637 -3.5
    endloop
  endfacet
  facet normal 0 0 1
    outer loop
      vertex 1.16469 -4.34667 -3.5
      vertex 0.75 -3.92045 -3.5
      vertex 0.75 -4.42915 -3.5
    endloop
  endfacet
  facet normal -0.729489 -0.639735 -0.242044
    outer loop
      vertex -2.82843 -2.82843 -5.5
      vertex -3.18198 -3.18198 -3.5
      vertex -3.17341 -2.43505 -5.5
    endloop
  endfacet
  facet normal -0.639744 -0.72948 -0.242048
    outer loop
      vertex -2.73943 -3.57009 -3.5
      vertex -3.18198 -3.18198 -3.5
      vertex -2.43505 -3.17341 -5.5
    endloop
  endfacet
  facet normal -0.951624 -0.189279 -0.242046
    outer loop
      vertex -4.34667 -1.16469 -3.5
      vertex -4.4615 -0.587367 -3.5
      vertex -3.96578 -0.522104 -5.5
    endloop
  endfacet
  facet normal -0.311877 0.918774 -0.242047
    outer loop
      vertex -1.53073 3.69552 -5.5
      vertex -1.72207 4.15746 -3.5
      vertex -1.03528 3.8637 -5.5
    endloop
  endfacet
  facet normal -0.189303 0.95162 -0.242041
    outer loop
      vertex -1.03528 3.8637 -5.5
      vertex -0.75 4.10086 -4.79069
      vertex -0.75 3.92045 -5.5
    endloop
  endfacet
  facet normal -0.189282 0.951622 -0.24205
    outer loop
      vertex -0.75 4.10086 -4.79069
      vertex -1.03528 3.8637 -5.5
      vertex -1.16469 4.34667 -3.5
    endloop
  endfacet
  facet normal -0.806747 -0.539049 -0.242046
    outer loop
      vertex -3.17341 -2.43505 -5.5
      vertex -3.89711 -2.25 -3.5
      vertex -3.4641 -2 -5.5
    endloop
  endfacet
  facet normal 0.918774 0.311877 -0.242047
    outer loop
      vertex 3.8637 1.03528 -5.5
      vertex 3.69552 1.53073 -5.5
      vertex 4.15746 1.72207 -3.5
    endloop
  endfacet
  facet normal -0.951619 -0.189294 -0.24205
    outer loop
      vertex -3.8637 -1.03528 -5.5
      vertex -4.34667 -1.16469 -3.5
      vertex -3.96578 -0.522104 -5.5
    endloop
  endfacet
  facet normal 0.42914 0.870203 -0.242046
    outer loop
      vertex 2 3.4641 -5.5
      vertex 1.53073 3.69552 -5.5
      vertex 2.25 3.89711 -3.5
    endloop
  endfacet
  facet normal 0.806747 -0.539049 -0.242046
    outer loop
      vertex 3.89711 -2.25 -3.5
      vertex 3.17341 -2.43505 -5.5
      vertex 3.4641 -2 -5.5
    endloop
  endfacet
  facet normal 0.91877 0.311888 -0.24205
    outer loop
      vertex 4.34667 1.16469 -3.5
      vertex 3.8637 1.03528 -5.5
      vertex 4.15746 1.72207 -3.5
    endloop
  endfacet
  facet normal 0.951619 0.189294 -0.24205
    outer loop
      vertex 3.96578 0.522104 -5.5
      vertex 3.8637 1.03528 -5.5
      vertex 4.34667 1.16469 -3.5
    endloop
  endfacet
  facet normal -0.870203 0.42914 -0.242046
    outer loop
      vertex -3.69552 1.53073 -5.5
      vertex -3.89711 2.25 -3.5
      vertex -3.4641 2 -5.5
    endloop
  endfacet
  facet normal -1 0 0
    outer loop
      vertex 0.75 -4.10086 -4.79069
      vertex 0.75 -3.92045 -3.5
      vertex 0.75 -3.92045 -5.5
    endloop
  endfacet
  facet normal -1 -0 0
    outer loop
      vertex 0.75 -3.92045 -3.5
      vertex 0.75 -4.10086 -4.79069
      vertex 0.75 -4.42915 -3.5
    endloop
  endfacet
  facet normal -1 0 0
    outer loop
      vertex 0.75 -3.92045 -5.5
      vertex 0.75 3.92045 -5.5
      vertex 0.75 3.92045 -7
    endloop
  endfacet
  facet normal -1 0 0
    outer loop
      vertex 0.75 3.92045 -5.5
      vertex 0.75 -3.92045 -5.5
      vertex 0.75 3.92045 -3.5
    endloop
  endfacet
  facet normal -1 0 0
    outer loop
      vertex 0.75 -3.92045 -5.5
      vertex 0.75 3.92045 -7
      vertex 0.75 -3.92045 -7
    endloop
  endfacet
  facet normal -1 0 0
    outer loop
      vertex 0.75 -3.92045 -3.5
      vertex 0.75 3.92045 -3.5
      vertex 0.75 -3.92045 -5.5
    endloop
  endfacet
  facet normal -1 0 0
    outer loop
      vertex 0.75 3.92045 -3.5
      vertex 0.75 -3.92045 -3.5
      vertex 0.75 3.92045 -2
    endloop
  endfacet
  facet normal -1 -0 0
    outer loop
      vertex 0.75 3.92045 -2
      vertex 0.75 -3.92045 -3.5
      vertex 0.75 -3.92045 -2
    endloop
  endfacet
  facet normal -1 0 0
    outer loop
      vertex 0.75 4.10086 -4.79069
      vertex 0.75 3.92045 -3.5
      vertex 0.75 4.42915 -3.5
    endloop
  endfacet
  facet normal -1 0 0
    outer loop
      vertex 0.75 3.92045 -3.5
      vertex 0.75 4.10086 -4.79069
      vertex 0.75 3.92045 -5.5
    endloop
  endfacet
  facet normal 0 0 -1
    outer loop
      vertex 0 -4 -2
      vertex 0.75 -3.92045 -2
      vertex 0.522104 -3.96578 -2
    endloop
  endfacet
  facet normal 0 0 -1
    outer loop
      vertex 0.75 -3.92045 -2
      vertex -0.75 -3.92045 -2
      vertex 0.75 3.92045 -2
    endloop
  endfacet
  facet normal -0 0 -1
    outer loop
      vertex 0.75 -3.92045 -2
      vertex 0 -4 -2
      vertex -0.75 -3.92045 -2
    endloop
  endfacet
  facet normal 0 0 -1
    outer loop
      vertex -0.75 3.92045 -2
      vertex 0.75 3.92045 -2
      vertex -0.75 -3.92045 -2
    endloop
  endfacet
  facet normal 0 0 -1
    outer loop
      vertex -0.75 -3.92045 -2
      vertex 0 -4 -2
      vertex -0.522104 -3.96578 -2
    endloop
  endfacet
  facet normal 0 -0 -1
    outer loop
      vertex 0 4 -2
      vertex 0.75 3.92045 -2
      vertex -0.75 3.92045 -2
    endloop
  endfacet
  facet normal 0 0 -1
    outer loop
      vertex 0.75 3.92045 -2
      vertex 0 4 -2
      vertex 0.522104 3.96578 -2
    endloop
  endfacet
  facet normal 0 0 -1
    outer loop
      vertex 0 4 -2
      vertex -0.75 3.92045 -2
      vertex -0.522104 3.96578 -2
    endloop
  endfacet
  facet normal 1 0 0
    outer loop
      vertex -0.75 -3.92045 -3.5
      vertex -0.75 -4.10086 -4.79069
      vertex -0.75 -3.92045 -5.5
    endloop
  endfacet
  facet normal 1 0 -0
    outer loop
      vertex -0.75 -4.10086 -4.79069
      vertex -0.75 -3.92045 -3.5
      vertex -0.75 -4.42915 -3.5
    endloop
  endfacet
  facet normal 1 0 0
    outer loop
      vertex -0.75 -3.92045 -3.5
      vertex -0.75 3.92045 -3.5
      vertex -0.75 3.92045 -2
    endloop
  endfacet
  facet normal 1 0 0
    outer loop
      vertex -0.75 3.92045 -3.5
      vertex -0.75 -3.92045 -3.5
      vertex -0.75 3.92045 -5.5
    endloop
  endfacet
  facet normal 1 0 0
    outer loop
      vertex -0.75 -3.92045 -3.5
      vertex -0.75 3.92045 -2
      vertex -0.75 -3.92045 -2
    endloop
  endfacet
  facet normal 1 0 0
    outer loop
      vertex -0.75 -3.92045 -5.5
      vertex -0.75 3.92045 -5.5
      vertex -0.75 -3.92045 -3.5
    endloop
  endfacet
  facet normal 1 0 0
    outer loop
      vertex -0.75 3.92045 -5.5
      vertex -0.75 -3.92045 -5.5
      vertex -0.75 3.92045 -7
    endloop
  endfacet
  facet normal 1 0 0
    outer loop
      vertex -0.75 3.92045 -7
      vertex -0.75 -3.92045 -5.5
      vertex -0.75 -3.92045 -7
    endloop
  endfacet
  facet normal 1 -0 0
    outer loop
      vertex -0.75 3.92045 -3.5
      vertex -0.75 4.10086 -4.79069
      vertex -0.75 4.42915 -3.5
    endloop
  endfacet
  facet normal 1 0 0
    outer loop
      vertex -0.75 4.10086 -4.79069
      vertex -0.75 3.92045 -3.5
      vertex -0.75 3.92045 -5.5
    endloop
  endfacet
  facet normal 0.980786 0.195089 0
    outer loop
      vertex 7.93156 1.04421 3
      vertex 7.72741 2.07055 0
      vertex 7.72741 2.07055 3
    endloop
  endfacet
  facet normal 0.980786 0.195089 0
    outer loop
      vertex 7.72741 2.07055 0
      vertex 7.93156 1.04421 3
      vertex 7.93156 1.04421 0
    endloop
  endfacet
  facet normal 0.997859 0.065402 0
    outer loop
      vertex 8 0 3
      vertex 7.93156 1.04421 0
      vertex 7.93156 1.04421 3
    endloop
  endfacet
  facet normal 0.997859 0.065402 0
    outer loop
      vertex 7.93156 1.04421 0
      vertex 8 0 3
      vertex 8 0 0
    endloop
  endfacet
  facet normal 0.946931 0.321438 0
    outer loop
      vertex 7.72741 2.07055 3
      vertex 7.39104 3.06147 0
      vertex 7.39104 3.06147 3
    endloop
  endfacet
  facet normal 0.946931 0.321438 0
    outer loop
      vertex 7.39104 3.06147 0
      vertex 7.72741 2.07055 3
      vertex 7.72741 2.07055 0
    endloop
  endfacet
  facet normal -0.659351 0.751835 0
    outer loop
      vertex -4.87009 6.34683 0
      vertex -5.65685 5.65685 3
      vertex -4.87009 6.34683 3
    endloop
  endfacet
  facet normal -0.659351 0.751835 0
    outer loop
      vertex -5.65685 5.65685 3
      vertex -4.87009 6.34683 0
      vertex -5.65685 5.65685 0
    endloop
  endfacet
  facet normal 0.442295 0.89687 -0
    outer loop
      vertex 4 6.9282 0
      vertex 3.06147 7.39104 3
      vertex 4 6.9282 3
    endloop
  endfacet
  facet normal 0.442295 0.89687 0
    outer loop
      vertex 3.06147 7.39104 3
      vertex 4 6.9282 0
      vertex 3.06147 7.39104 0
    endloop
  endfacet
  facet normal 0.555567 -0.831472 0
    outer loop
      vertex 4 -6.9282 0
      vertex 4.87009 -6.34683 3
      vertex 4 -6.9282 3
    endloop
  endfacet
  facet normal 0.555567 -0.831472 0
    outer loop
      vertex 4.87009 -6.34683 3
      vertex 4 -6.9282 0
      vertex 4.87009 -6.34683 0
    endloop
  endfacet
  facet normal 0.065402 -0.997859 0
    outer loop
      vertex 0 -8 0
      vertex 1.04421 -7.93156 3
      vertex 0 -8 3
    endloop
  endfacet
  facet normal 0.065402 -0.997859 0
    outer loop
      vertex 1.04421 -7.93156 3
      vertex 0 -8 0
      vertex 1.04421 -7.93156 0
    endloop
  endfacet
  facet normal 0.980786 -0.195089 0
    outer loop
      vertex 7.72741 -2.07055 3
      vertex 7.93156 -1.04421 0
      vertex 7.93156 -1.04421 3
    endloop
  endfacet
  facet normal 0.980786 -0.195089 0
    outer loop
      vertex 7.93156 -1.04421 0
      vertex 7.72741 -2.07055 3
      vertex 7.72741 -2.07055 0
    endloop
  endfacet
  facet normal 0.89687 0.442295 0
    outer loop
      vertex 7.39104 3.06147 3
      vertex 6.9282 4 0
      vertex 6.9282 4 3
    endloop
  endfacet
  facet normal 0.89687 0.442295 0
    outer loop
      vertex 6.9282 4 0
      vertex 7.39104 3.06147 3
      vertex 7.39104 3.06147 0
    endloop
  endfacet
  facet normal -0.442295 0.89687 0
    outer loop
      vertex -3.06147 7.39104 0
      vertex -4 6.9282 3
      vertex -3.06147 7.39104 3
    endloop
  endfacet
  facet normal -0.442295 0.89687 0
    outer loop
      vertex -4 6.9282 3
      vertex -3.06147 7.39104 0
      vertex -4 6.9282 0
    endloop
  endfacet
  facet normal -0.195089 0.980786 0
    outer loop
      vertex -1.04421 7.93156 0
      vertex -2.07055 7.72741 3
      vertex -1.04421 7.93156 3
    endloop
  endfacet
  facet normal -0.195089 0.980786 0
    outer loop
      vertex -2.07055 7.72741 3
      vertex -1.04421 7.93156 0
      vertex -2.07055 7.72741 0
    endloop
  endfacet
  facet normal 0.997859 -0.065402 0
    outer loop
      vertex 7.93156 -1.04421 3
      vertex 8 0 0
      vertex 8 0 3
    endloop
  endfacet
  facet normal 0.997859 -0.065402 0
    outer loop
      vertex 8 0 0
      vertex 7.93156 -1.04421 3
      vertex 7.93156 -1.04421 0
    endloop
  endfacet
  facet normal 0.195089 -0.980786 0
    outer loop
      vertex 1.04421 -7.93156 0
      vertex 2.07055 -7.72741 3
      vertex 1.04421 -7.93156 3
    endloop
  endfacet
  facet normal 0.195089 -0.980786 0
    outer loop
      vertex 2.07055 -7.72741 3
      vertex 1.04421 -7.93156 0
      vertex 2.07055 -7.72741 0
    endloop
  endfacet
  facet normal -0.555567 0.831472 0
    outer loop
      vertex -4 6.9282 0
      vertex -4.87009 6.34683 3
      vertex -4 6.9282 3
    endloop
  endfacet
  facet normal -0.555567 0.831472 0
    outer loop
      vertex -4.87009 6.34683 3
      vertex -4 6.9282 0
      vertex -4.87009 6.34683 0
    endloop
  endfacet
  facet normal 0.659351 -0.751835 0
    outer loop
      vertex 4.87009 -6.34683 0
      vertex 5.65685 -5.65685 3
      vertex 4.87009 -6.34683 3
    endloop
  endfacet
  facet normal 0.659351 -0.751835 0
    outer loop
      vertex 5.65685 -5.65685 3
      vertex 4.87009 -6.34683 0
      vertex 5.65685 -5.65685 0
    endloop
  endfacet
  facet normal -0.321438 -0.946931 0
    outer loop
      vertex -3.06147 -7.39104 0
      vertex -2.07055 -7.72741 3
      vertex -3.06147 -7.39104 3
    endloop
  endfacet
  facet normal -0.321438 -0.946931 -0
    outer loop
      vertex -2.07055 -7.72741 3
      vertex -3.06147 -7.39104 0
      vertex -2.07055 -7.72741 0
    endloop
  endfacet
  facet normal 0.321438 0.946931 -0
    outer loop
      vertex 3.06147 7.39104 0
      vertex 2.07055 7.72741 3
      vertex 3.06147 7.39104 3
    endloop
  endfacet
  facet normal 0.321438 0.946931 0
    outer loop
      vertex 2.07055 7.72741 3
      vertex 3.06147 7.39104 0
      vertex 2.07055 7.72741 0
    endloop
  endfacet
  facet normal -0.980786 -0.195089 0
    outer loop
      vertex -7.72741 -2.07055 0
      vertex -7.93156 -1.04421 3
      vertex -7.93156 -1.04421 0
    endloop
  endfacet
  facet normal -0.980786 -0.195089 0
    outer loop
      vertex -7.93156 -1.04421 3
      vertex -7.72741 -2.07055 0
      vertex -7.72741 -2.07055 3
    endloop
  endfacet
  facet normal -0.442295 -0.89687 0
    outer loop
      vertex -4 -6.9282 0
      vertex -3.06147 -7.39104 3
      vertex -4 -6.9282 3
    endloop
  endfacet
  facet normal -0.442295 -0.89687 -0
    outer loop
      vertex -3.06147 -7.39104 3
      vertex -4 -6.9282 0
      vertex -3.06147 -7.39104 0
    endloop
  endfacet
  facet normal 0.555567 0.831472 -0
    outer loop
      vertex 4.87009 6.34683 0
      vertex 4 6.9282 3
      vertex 4.87009 6.34683 3
    endloop
  endfacet
  facet normal 0.555567 0.831472 0
    outer loop
      vertex 4 6.9282 3
      vertex 4.87009 6.34683 0
      vertex 4 6.9282 0
    endloop
  endfacet
  facet normal -0.997859 -0.065402 0
    outer loop
      vertex -7.93156 -1.04421 0
      vertex -8 0 3
      vertex -8 0 0
    endloop
  endfacet
  facet normal -0.997859 -0.065402 0
    outer loop
      vertex -8 0 3
      vertex -7.93156 -1.04421 0
      vertex -7.93156 -1.04421 3
    endloop
  endfacet
  facet normal -0.555567 -0.831472 0
    outer loop
      vertex -4.87009 -6.34683 0
      vertex -4 -6.9282 3
      vertex -4.87009 -6.34683 3
    endloop
  endfacet
  facet normal -0.555567 -0.831472 -0
    outer loop
      vertex -4 -6.9282 3
      vertex -4.87009 -6.34683 0
      vertex -4 -6.9282 0
    endloop
  endfacet
  facet normal 0.321438 -0.946931 0
    outer loop
      vertex 2.07055 -7.72741 0
      vertex 3.06147 -7.39104 3
      vertex 2.07055 -7.72741 3
    endloop
  endfacet
  facet normal 0.321438 -0.946931 0
    outer loop
      vertex 3.06147 -7.39104 3
      vertex 2.07055 -7.72741 0
      vertex 3.06147 -7.39104 0
    endloop
  endfacet
  facet normal -0.980786 0.195089 0
    outer loop
      vertex -7.93156 1.04421 0
      vertex -7.72741 2.07055 3
      vertex -7.72741 2.07055 0
    endloop
  endfacet
  facet normal -0.980786 0.195089 0
    outer loop
      vertex -7.72741 2.07055 3
      vertex -7.93156 1.04421 0
      vertex -7.93156 1.04421 3
    endloop
  endfacet
  facet normal 0.831472 0.555567 0
    outer loop
      vertex 6.9282 4 3
      vertex 6.34683 4.87009 0
      vertex 6.34683 4.87009 3
    endloop
  endfacet
  facet normal 0.831472 0.555567 0
    outer loop
      vertex 6.34683 4.87009 0
      vertex 6.9282 4 3
      vertex 6.9282 4 0
    endloop
  endfacet
  facet normal -0.065402 0.997859 0
    outer loop
      vertex 0 8 0
      vertex -1.04421 7.93156 3
      vertex 0 8 3
    endloop
  endfacet
  facet normal -0.065402 0.997859 0
    outer loop
      vertex -1.04421 7.93156 3
      vertex 0 8 0
      vertex -1.04421 7.93156 0
    endloop
  endfacet
  facet normal 0.751835 0.659351 0
    outer loop
      vertex 6.34683 4.87009 3
      vertex 5.65685 5.65685 0
      vertex 5.65685 5.65685 3
    endloop
  endfacet
  facet normal 0.751835 0.659351 0
    outer loop
      vertex 5.65685 5.65685 0
      vertex 6.34683 4.87009 3
      vertex 6.34683 4.87009 0
    endloop
  endfacet
  facet normal 0.659351 0.751835 -0
    outer loop
      vertex 5.65685 5.65685 0
      vertex 4.87009 6.34683 3
      vertex 5.65685 5.65685 3
    endloop
  endfacet
  facet normal 0.659351 0.751835 0
    outer loop
      vertex 4.87009 6.34683 3
      vertex 5.65685 5.65685 0
      vertex 4.87009 6.34683 0
    endloop
  endfacet
  facet normal 0.831472 -0.555567 0
    outer loop
      vertex 6.34683 -4.87009 3
      vertex 6.9282 -4 0
      vertex 6.9282 -4 3
    endloop
  endfacet
  facet normal 0.831472 -0.555567 0
    outer loop
      vertex 6.9282 -4 0
      vertex 6.34683 -4.87009 3
      vertex 6.34683 -4.87009 0
    endloop
  endfacet
  facet normal -0.321438 0.946931 0
    outer loop
      vertex -2.07055 7.72741 0
      vertex -3.06147 7.39104 3
      vertex -2.07055 7.72741 3
    endloop
  endfacet
  facet normal -0.321438 0.946931 0
    outer loop
      vertex -3.06147 7.39104 3
      vertex -2.07055 7.72741 0
      vertex -3.06147 7.39104 0
    endloop
  endfacet
  facet normal 0.195089 0.980786 -0
    outer loop
      vertex 2.07055 7.72741 0
      vertex 1.04421 7.93156 3
      vertex 2.07055 7.72741 3
    endloop
  endfacet
  facet normal 0.195089 0.980786 0
    outer loop
      vertex 1.04421 7.93156 3
      vertex 2.07055 7.72741 0
      vertex 1.04421 7.93156 0
    endloop
  endfacet
  facet normal -0.89687 -0.442295 0
    outer loop
      vertex -6.9282 -4 0
      vertex -7.39104 -3.06147 3
      vertex -7.39104 -3.06147 0
    endloop
  endfacet
  facet normal -0.89687 -0.442295 0
    outer loop
      vertex -7.39104 -3.06147 3
      vertex -6.9282 -4 0
      vertex -6.9282 -4 3
    endloop
  endfacet
  facet normal 0.946931 -0.321438 0
    outer loop
      vertex 7.39104 -3.06147 3
      vertex 7.72741 -2.07055 0
      vertex 7.72741 -2.07055 3
    endloop
  endfacet
  facet normal 0.946931 -0.321438 0
    outer loop
      vertex 7.72741 -2.07055 0
      vertex 7.39104 -3.06147 3
      vertex 7.39104 -3.06147 0
    endloop
  endfacet
  facet normal 0.065402 0.997859 -0
    outer loop
      vertex 1.04421 7.93156 0
      vertex 0 8 3
      vertex 1.04421 7.93156 3
    endloop
  endfacet
  facet normal 0.065402 0.997859 0
    outer loop
      vertex 0 8 3
      vertex 1.04421 7.93156 0
      vertex 0 8 0
    endloop
  endfacet
  facet normal -0.831472 -0.555567 0
    outer loop
      vertex -6.34683 -4.87009 0
      vertex -6.9282 -4 3
      vertex -6.9282 -4 0
    endloop
  endfacet
  facet normal -0.831472 -0.555567 0
    outer loop
      vertex -6.9282 -4 3
      vertex -6.34683 -4.87009 0
      vertex -6.34683 -4.87009 3
    endloop
  endfacet
  facet normal -0.946931 -0.321438 0
    outer loop
      vertex -7.39104 -3.06147 0
      vertex -7.72741 -2.07055 3
      vertex -7.72741 -2.07055 0
    endloop
  endfacet
  facet normal -0.946931 -0.321438 0
    outer loop
      vertex -7.72741 -2.07055 3
      vertex -7.39104 -3.06147 0
      vertex -7.39104 -3.06147 3
    endloop
  endfacet
  facet normal 0.89687 -0.442295 0
    outer loop
      vertex 6.9282 -4 3
      vertex 7.39104 -3.06147 0
      vertex 7.39104 -3.06147 3
    endloop
  endfacet
  facet normal 0.89687 -0.442295 0
    outer loop
      vertex 7.39104 -3.06147 0
      vertex 6.9282 -4 3
      vertex 6.9282 -4 0
    endloop
  endfacet
  facet normal -0.997859 0.065402 0
    outer loop
      vertex -8 0 0
      vertex -7.93156 1.04421 3
      vertex -7.93156 1.04421 0
    endloop
  endfacet
  facet normal -0.997859 0.065402 0
    outer loop
      vertex -7.93156 1.04421 3
      vertex -8 0 0
      vertex -8 0 3
    endloop
  endfacet
  facet normal -0.751835 0.659351 0
    outer loop
      vertex -6.34683 4.87009 0
      vertex -5.65685 5.65685 3
      vertex -5.65685 5.65685 0
    endloop
  endfacet
  facet normal -0.751835 0.659351 0
    outer loop
      vertex -5.65685 5.65685 3
      vertex -6.34683 4.87009 0
      vertex -6.34683 4.87009 3
    endloop
  endfacet
  facet normal 0 0 -1
    outer loop
      vertex 7.93156 -1.04421 0
      vertex 3.96578 -0.522104 0
      vertex 4 0 0
    endloop
  endfacet
  facet normal 0 0 -1
    outer loop
      vertex 4.87009 -6.34683 0
      vertex 3.8637 -1.03528 0
      vertex 3.96578 -0.522104 0
    endloop
  endfacet
  facet normal 0 0 -1
    outer loop
      vertex 4.87009 -6.34683 0
      vertex 3.69552 -1.53073 0
      vertex 3.8637 -1.03528 0
    endloop
  endfacet
  facet normal 0 0 -1
    outer loop
      vertex 4.87009 -6.34683 0
      vertex 3.4641 -2 0
      vertex 3.69552 -1.53073 0
    endloop
  endfacet
  facet normal 0 0 -1
    outer loop
      vertex 4.87009 -6.34683 0
      vertex 3.17341 -2.43505 0
      vertex 3.4641 -2 0
    endloop
  endfacet
  facet normal 0 0 -1
    outer loop
      vertex 2 -3.4641 0
      vertex 4 -6.9282 0
      vertex 3.06147 -7.39104 0
    endloop
  endfacet
  facet normal 0 0 -1
    outer loop
      vertex 4.87009 -6.34683 0
      vertex 2.82843 -2.82843 0
      vertex 3.17341 -2.43505 0
    endloop
  endfacet
  facet normal 0 0 -1
    outer loop
      vertex 4.87009 -6.34683 0
      vertex 2.43505 -3.17341 0
      vertex 2.82843 -2.82843 0
    endloop
  endfacet
  facet normal 0 0 -1
    outer loop
      vertex 1.53073 -3.69552 0
      vertex 3.06147 -7.39104 0
      vertex 2.07055 -7.72741 0
    endloop
  endfacet
  facet normal 0 0 -1
    outer loop
      vertex 4 -6.9282 0
      vertex 2 -3.4641 0
      vertex 2.43505 -3.17341 0
    endloop
  endfacet
  facet normal 0 0 -1
    outer loop
      vertex 3.06147 -7.39104 0
      vertex 1.53073 -3.69552 0
      vertex 2 -3.4641 0
    endloop
  endfacet
  facet normal 0 0 -1
    outer loop
      vertex 1.03528 -3.8637 0
      vertex 2.07055 -7.72741 0
      vertex 1.04421 -7.93156 0
    endloop
  endfacet
  facet normal 0 0 -1
    outer loop
      vertex 2.07055 -7.72741 0
      vertex 1.03528 -3.8637 0
      vertex 1.53073 -3.69552 0
    endloop
  endfacet
  facet normal 0 0 -1
    outer loop
      vertex 1.04421 -7.93156 0
      vertex 0.522104 -3.96578 0
      vertex 1.03528 -3.8637 0
    endloop
  endfacet
  facet normal 0 0 -1
    outer loop
      vertex 0 -8 0
      vertex 0.522104 -3.96578 0
      vertex 1.04421 -7.93156 0
    endloop
  endfacet
  facet normal 0 0 -1
    outer loop
      vertex 0 -8 0
      vertex 0 -4 0
      vertex 0.522104 -3.96578 0
    endloop
  endfacet
  facet normal 0 0 -1
    outer loop
      vertex 0 -8 0
      vertex -0.522104 -3.96578 0
      vertex 0 -4 0
    endloop
  endfacet
  facet normal 0 0 -1
    outer loop
      vertex -1.04421 -7.93156 0
      vertex -0.522104 -3.96578 0
      vertex 0 -8 0
    endloop
  endfacet
  facet normal -0 0 -1
    outer loop
      vertex -0.522104 -3.96578 0
      vertex -1.04421 -7.93156 0
      vertex -1.03528 -3.8637 0
    endloop
  endfacet
  facet normal 0 0 -1
    outer loop
      vertex -2.07055 -7.72741 0
      vertex -1.03528 -3.8637 0
      vertex -1.04421 -7.93156 0
    endloop
  endfacet
  facet normal -0 0 -1
    outer loop
      vertex -1.03528 -3.8637 0
      vertex -2.07055 -7.72741 0
      vertex -1.53073 -3.69552 0
    endloop
  endfacet
  facet normal 0 0 -1
    outer loop
      vertex -3.06147 -7.39104 0
      vertex -1.53073 -3.69552 0
      vertex -2.07055 -7.72741 0
    endloop
  endfacet
  facet normal -0 0 -1
    outer loop
      vertex -1.53073 -3.69552 0
      vertex -3.06147 -7.39104 0
      vertex -2 -3.4641 0
    endloop
  endfacet
  facet normal 0 0 -1
    outer loop
      vertex -4 -6.9282 0
      vertex -2 -3.4641 0
      vertex -3.06147 -7.39104 0
    endloop
  endfacet
  facet normal -0 0 -1
    outer loop
      vertex -2 -3.4641 0
      vertex -4 -6.9282 0
      vertex -2.43505 -3.17341 0
    endloop
  endfacet
  facet normal 0 0 -1
    outer loop
      vertex -4.87009 -6.34683 0
      vertex -2.43505 -3.17341 0
      vertex -4 -6.9282 0
    endloop
  endfacet
  facet normal -0 0 -1
    outer loop
      vertex -2.43505 -3.17341 0
      vertex -4.87009 -6.34683 0
      vertex -2.82843 -2.82843 0
    endloop
  endfacet
  facet normal 0 0 -1
    outer loop
      vertex -5.65685 -5.65685 0
      vertex -2.82843 -2.82843 0
      vertex -4.87009 -6.34683 0
    endloop
  endfacet
  facet normal -0 0 -1
    outer loop
      vertex -2.82843 -2.82843 0
      vertex -5.65685 -5.65685 0
      vertex -3.17341 -2.43505 0
    endloop
  endfacet
  facet normal 0 0 -1
    outer loop
      vertex -6.34683 -4.87009 0
      vertex -3.17341 -2.43505 0
      vertex -5.65685 -5.65685 0
    endloop
  endfacet
  facet normal -0 0 -1
    outer loop
      vertex -3.17341 -2.43505 0
      vertex -6.34683 -4.87009 0
      vertex -3.4641 -2 0
    endloop
  endfacet
  facet normal 0 0 -1
    outer loop
      vertex -6.9282 -4 0
      vertex -3.4641 -2 0
      vertex -6.34683 -4.87009 0
    endloop
  endfacet
  facet normal -0 0 -1
    outer loop
      vertex -3.4641 -2 0
      vertex -6.9282 -4 0
      vertex -3.69552 -1.53073 0
    endloop
  endfacet
  facet normal 0 0 -1
    outer loop
      vertex -7.39104 -3.06147 0
      vertex -3.69552 -1.53073 0
      vertex -6.9282 -4 0
    endloop
  endfacet
  facet normal 0 0 -1
    outer loop
      vertex -4 0 0
      vertex -4.87009 6.34683 0
      vertex -4 6.9282 0
    endloop
  endfacet
  facet normal -0 0 -1
    outer loop
      vertex -3.69552 -1.53073 0
      vertex -7.39104 -3.06147 0
      vertex -3.8637 -1.03528 0
    endloop
  endfacet
  facet normal 0 0 -1
    outer loop
      vertex -4 0 0
      vertex -5.65685 5.65685 0
      vertex -4.87009 6.34683 0
    endloop
  endfacet
  facet normal 0 0 -1
    outer loop
      vertex -7.72741 -2.07055 0
      vertex -3.8637 -1.03528 0
      vertex -7.39104 -3.06147 0
    endloop
  endfacet
  facet normal 0 0 -1
    outer loop
      vertex -4 0 0
      vertex -6.34683 4.87009 0
      vertex -5.65685 5.65685 0
    endloop
  endfacet
  facet normal -0 0 -1
    outer loop
      vertex -3.8637 -1.03528 0
      vertex -7.72741 -2.07055 0
      vertex -3.96578 -0.522104 0
    endloop
  endfacet
  facet normal 0 0 -1
    outer loop
      vertex -4 0 0
      vertex -6.9282 4 0
      vertex -6.34683 4.87009 0
    endloop
  endfacet
  facet normal 0 0 -1
    outer loop
      vertex -7.93156 -1.04421 0
      vertex -3.96578 -0.522104 0
      vertex -7.72741 -2.07055 0
    endloop
  endfacet
  facet normal 0 0 -1
    outer loop
      vertex -4 0 0
      vertex -7.39104 3.06147 0
      vertex -6.9282 4 0
    endloop
  endfacet
  facet normal -0 0 -1
    outer loop
      vertex -3.96578 -0.522104 0
      vertex -7.93156 -1.04421 0
      vertex -4 0 0
    endloop
  endfacet
  facet normal 0 0 -1
    outer loop
      vertex -4 0 0
      vertex -7.72741 2.07055 0
      vertex -7.39104 3.06147 0
    endloop
  endfacet
  facet normal 0 0 -1
    outer loop
      vertex -8 0 0
      vertex -4 0 0
      vertex -7.93156 -1.04421 0
    endloop
  endfacet
  facet normal 0 0 -1
    outer loop
      vertex -4 0 0
      vertex -7.93156 1.04421 0
      vertex -7.72741 2.07055 0
    endloop
  endfacet
  facet normal 0 0 -1
    outer loop
      vertex -4 0 0
      vertex -8 0 0
      vertex -7.93156 1.04421 0
    endloop
  endfacet
  facet normal 0 0 -1
    outer loop
      vertex 4 0 0
      vertex 8 0 0
      vertex 7.93156 -1.04421 0
    endloop
  endfacet
  facet normal 0 0 -1
    outer loop
      vertex 3.96578 -0.522104 0
      vertex 7.93156 -1.04421 0
      vertex 7.72741 -2.07055 0
    endloop
  endfacet
  facet normal 0 0 -1
    outer loop
      vertex 8 0 0
      vertex 4 0 0
      vertex 7.93156 1.04421 0
    endloop
  endfacet
  facet normal 0 0 -1
    outer loop
      vertex 3.96578 -0.522104 0
      vertex 7.72741 -2.07055 0
      vertex 7.39104 -3.06147 0
    endloop
  endfacet
  facet normal 0 0 -1
    outer loop
      vertex 3.96578 0.522104 0
      vertex 7.93156 1.04421 0
      vertex 4 0 0
    endloop
  endfacet
  facet normal 0 0 -1
    outer loop
      vertex 3.96578 -0.522104 0
      vertex 7.39104 -3.06147 0
      vertex 6.9282 -4 0
    endloop
  endfacet
  facet normal -0 0 -1
    outer loop
      vertex 7.93156 1.04421 0
      vertex 3.96578 0.522104 0
      vertex 7.72741 2.07055 0
    endloop
  endfacet
  facet normal 0 0 -1
    outer loop
      vertex 3.96578 -0.522104 0
      vertex 6.9282 -4 0
      vertex 6.34683 -4.87009 0
    endloop
  endfacet
  facet normal 0 0 -1
    outer loop
      vertex 3.8637 1.03528 0
      vertex 7.72741 2.07055 0
      vertex 3.96578 0.522104 0
    endloop
  endfacet
  facet normal 0 0 -1
    outer loop
      vertex 3.96578 -0.522104 0
      vertex 6.34683 -4.87009 0
      vertex 5.65685 -5.65685 0
    endloop
  endfacet
  facet normal -0 0 -1
    outer loop
      vertex 7.72741 2.07055 0
      vertex 3.8637 1.03528 0
      vertex 7.39104 3.06147 0
    endloop
  endfacet
  facet normal 0 0 -1
    outer loop
      vertex 3.96578 -0.522104 0
      vertex 5.65685 -5.65685 0
      vertex 4.87009 -6.34683 0
    endloop
  endfacet
  facet normal 0 0 -1
    outer loop
      vertex 3.69552 1.53073 0
      vertex 7.39104 3.06147 0
      vertex 3.8637 1.03528 0
    endloop
  endfacet
  facet normal 0 0 -1
    outer loop
      vertex 2.43505 -3.17341 0
      vertex 4.87009 -6.34683 0
      vertex 4 -6.9282 0
    endloop
  endfacet
  facet normal -0 0 -1
    outer loop
      vertex 7.39104 3.06147 0
      vertex 3.69552 1.53073 0
      vertex 6.9282 4 0
    endloop
  endfacet
  facet normal 0 0 -1
    outer loop
      vertex 3.4641 2 0
      vertex 6.9282 4 0
      vertex 3.69552 1.53073 0
    endloop
  endfacet
  facet normal -0 0 -1
    outer loop
      vertex 6.9282 4 0
      vertex 3.4641 2 0
      vertex 6.34683 4.87009 0
    endloop
  endfacet
  facet normal 0 0 -1
    outer loop
      vertex 3.17341 2.43505 0
      vertex 6.34683 4.87009 0
      vertex 3.4641 2 0
    endloop
  endfacet
  facet normal -0 0 -1
    outer loop
      vertex 6.34683 4.87009 0
      vertex 3.17341 2.43505 0
      vertex 5.65685 5.65685 0
    endloop
  endfacet
  facet normal 0 0 -1
    outer loop
      vertex 2.82843 2.82843 0
      vertex 5.65685 5.65685 0
      vertex 3.17341 2.43505 0
    endloop
  endfacet
  facet normal -0 0 -1
    outer loop
      vertex 5.65685 5.65685 0
      vertex 2.82843 2.82843 0
      vertex 4.87009 6.34683 0
    endloop
  endfacet
  facet normal 0 0 -1
    outer loop
      vertex 2.43505 3.17341 0
      vertex 4.87009 6.34683 0
      vertex 2.82843 2.82843 0
    endloop
  endfacet
  facet normal -0 0 -1
    outer loop
      vertex 4.87009 6.34683 0
      vertex 2.43505 3.17341 0
      vertex 4 6.9282 0
    endloop
  endfacet
  facet normal 0 0 -1
    outer loop
      vertex 2 3.4641 0
      vertex 4 6.9282 0
      vertex 2.43505 3.17341 0
    endloop
  endfacet
  facet normal -0 0 -1
    outer loop
      vertex 4 6.9282 0
      vertex 2 3.4641 0
      vertex 3.06147 7.39104 0
    endloop
  endfacet
  facet normal 0 0 -1
    outer loop
      vertex 1.53073 3.69552 0
      vertex 3.06147 7.39104 0
      vertex 2 3.4641 0
    endloop
  endfacet
  facet normal -0 0 -1
    outer loop
      vertex 3.06147 7.39104 0
      vertex 1.53073 3.69552 0
      vertex 2.07055 7.72741 0
    endloop
  endfacet
  facet normal 0 0 -1
    outer loop
      vertex 1.03528 3.8637 0
      vertex 2.07055 7.72741 0
      vertex 1.53073 3.69552 0
    endloop
  endfacet
  facet normal -0 0 -1
    outer loop
      vertex 2.07055 7.72741 0
      vertex 1.03528 3.8637 0
      vertex 1.04421 7.93156 0
    endloop
  endfacet
  facet normal 0 0 -1
    outer loop
      vertex 0.522104 3.96578 0
      vertex 1.04421 7.93156 0
      vertex 1.03528 3.8637 0
    endloop
  endfacet
  facet normal 0 0 -1
    outer loop
      vertex 0 4 0
      vertex 1.04421 7.93156 0
      vertex 0.522104 3.96578 0
    endloop
  endfacet
  facet normal 0 0 -1
    outer loop
      vertex 0 4 0
      vertex 0 8 0
      vertex 1.04421 7.93156 0
    endloop
  endfacet
  facet normal 0 0 -1
    outer loop
      vertex -0.522104 3.96578 0
      vertex 0 8 0
      vertex 0 4 0
    endloop
  endfacet
  facet normal 0 0 -1
    outer loop
      vertex -1.04421 7.93156 0
      vertex -0.522104 3.96578 0
      vertex -1.03528 3.8637 0
    endloop
  endfacet
  facet normal 0 0 -1
    outer loop
      vertex -0.522104 3.96578 0
      vertex -1.04421 7.93156 0
      vertex 0 8 0
    endloop
  endfacet
  facet normal 0 0 -1
    outer loop
      vertex -2.07055 7.72741 0
      vertex -1.03528 3.8637 0
      vertex -1.53073 3.69552 0
    endloop
  endfacet
  facet normal 0 0 -1
    outer loop
      vertex -3.06147 7.39104 0
      vertex -1.53073 3.69552 0
      vertex -2 3.4641 0
    endloop
  endfacet
  facet normal 0 0 -1
    outer loop
      vertex -1.03528 3.8637 0
      vertex -2.07055 7.72741 0
      vertex -1.04421 7.93156 0
    endloop
  endfacet
  facet normal 0 0 -1
    outer loop
      vertex -4 6.9282 0
      vertex -2 3.4641 0
      vertex -2.43505 3.17341 0
    endloop
  endfacet
  facet normal 0 0 -1
    outer loop
      vertex -4 6.9282 0
      vertex -2.43505 3.17341 0
      vertex -2.82843 2.82843 0
    endloop
  endfacet
  facet normal 0 0 -1
    outer loop
      vertex -1.53073 3.69552 0
      vertex -3.06147 7.39104 0
      vertex -2.07055 7.72741 0
    endloop
  endfacet
  facet normal 0 0 -1
    outer loop
      vertex -4 6.9282 0
      vertex -2.82843 2.82843 0
      vertex -3.17341 2.43505 0
    endloop
  endfacet
  facet normal 0 0 -1
    outer loop
      vertex -4 6.9282 0
      vertex -3.17341 2.43505 0
      vertex -3.4641 2 0
    endloop
  endfacet
  facet normal 0 0 -1
    outer loop
      vertex -4 6.9282 0
      vertex -3.4641 2 0
      vertex -3.69552 1.53073 0
    endloop
  endfacet
  facet normal 0 0 -1
    outer loop
      vertex -4 6.9282 0
      vertex -3.69552 1.53073 0
      vertex -3.8637 1.03528 0
    endloop
  endfacet
  facet normal 0 0 -1
    outer loop
      vertex -4 6.9282 0
      vertex -3.8637 1.03528 0
      vertex -3.96578 0.522104 0
    endloop
  endfacet
  facet normal 0 0 -1
    outer loop
      vertex -2 3.4641 0
      vertex -4 6.9282 0
      vertex -3.06147 7.39104 0
    endloop
  endfacet
  facet normal 0 0 -1
    outer loop
      vertex -4 6.9282 0
      vertex -3.96578 0.522104 0
      vertex -4 0 0
    endloop
  endfacet
  facet normal 0 0 1
    outer loop
      vertex 3 0 3
      vertex 8 0 3
      vertex 7.93156 1.04421 3
    endloop
  endfacet
  facet normal 0 0 1
    outer loop
      vertex 2.97433 0.391578 3
      vertex 7.93156 1.04421 3
      vertex 7.72741 2.07055 3
    endloop
  endfacet
  facet normal 0 0 1
    outer loop
      vertex 8 0 3
      vertex 3 0 3
      vertex 7.93156 -1.04421 3
    endloop
  endfacet
  facet normal 0 0 1
    outer loop
      vertex 2.89778 0.776457 3
      vertex 7.72741 2.07055 3
      vertex 7.39104 3.06147 3
    endloop
  endfacet
  facet normal -0 0 1
    outer loop
      vertex 2.97433 -0.391578 3
      vertex 7.93156 -1.04421 3
      vertex 3 0 3
    endloop
  endfacet
  facet normal 0 0 1
    outer loop
      vertex 2.77164 1.14805 3
      vertex 7.39104 3.06147 3
      vertex 6.9282 4 3
    endloop
  endfacet
  facet normal 0 0 1
    outer loop
      vertex 7.93156 -1.04421 3
      vertex 2.97433 -0.391578 3
      vertex 7.72741 -2.07055 3
    endloop
  endfacet
  facet normal 0 0 1
    outer loop
      vertex 2.59808 1.5 3
      vertex 6.9282 4 3
      vertex 6.34683 4.87009 3
    endloop
  endfacet
  facet normal -0 0 1
    outer loop
      vertex 2.89778 -0.776457 3
      vertex 7.72741 -2.07055 3
      vertex 2.97433 -0.391578 3
    endloop
  endfacet
  facet normal 0 0 1
    outer loop
      vertex 2.38006 1.82628 3
      vertex 6.34683 4.87009 3
      vertex 5.65685 5.65685 3
    endloop
  endfacet
  facet normal 0 0 1
    outer loop
      vertex 7.72741 -2.07055 3
      vertex 2.89778 -0.776457 3
      vertex 7.39104 -3.06147 3
    endloop
  endfacet
  facet normal 0 0 1
    outer loop
      vertex 2.12132 2.12132 3
      vertex 5.65685 5.65685 3
      vertex 4.87009 6.34683 3
    endloop
  endfacet
  facet normal -0 0 1
    outer loop
      vertex 2.77164 -1.14805 3
      vertex 7.39104 -3.06147 3
      vertex 2.89778 -0.776457 3
    endloop
  endfacet
  facet normal 0 0 1
    outer loop
      vertex 1.82628 2.38006 3
      vertex 4.87009 6.34683 3
      vertex 4 6.9282 3
    endloop
  endfacet
  facet normal 0 0 1
    outer loop
      vertex 7.39104 -3.06147 3
      vertex 2.77164 -1.14805 3
      vertex 6.9282 -4 3
    endloop
  endfacet
  facet normal 0 0 1
    outer loop
      vertex 1.5 2.59808 3
      vertex 4 6.9282 3
      vertex 3.06147 7.39104 3
    endloop
  endfacet
  facet normal -0 0 1
    outer loop
      vertex 2.59808 -1.5 3
      vertex 6.9282 -4 3
      vertex 2.77164 -1.14805 3
    endloop
  endfacet
  facet normal 0 0 1
    outer loop
      vertex 6.9282 -4 3
      vertex 2.59808 -1.5 3
      vertex 6.34683 -4.87009 3
    endloop
  endfacet
  facet normal 0 0 1
    outer loop
      vertex 7.93156 1.04421 3
      vertex 2.97433 0.391578 3
      vertex 3 0 3
    endloop
  endfacet
  facet normal 0 0 1
    outer loop
      vertex 7.72741 2.07055 3
      vertex 2.89778 0.776457 3
      vertex 2.97433 0.391578 3
    endloop
  endfacet
  facet normal 0 0 1
    outer loop
      vertex 7.39104 3.06147 3
      vertex 2.77164 1.14805 3
      vertex 2.89778 0.776457 3
    endloop
  endfacet
  facet normal 0 0 1
    outer loop
      vertex 6.9282 4 3
      vertex 2.59808 1.5 3
      vertex 2.77164 1.14805 3
    endloop
  endfacet
  facet normal 0 0 1
    outer loop
      vertex 6.34683 4.87009 3
      vertex 2.38006 1.82628 3
      vertex 2.59808 1.5 3
    endloop
  endfacet
  facet normal 0 0 1
    outer loop
      vertex 5.65685 5.65685 3
      vertex 2.12132 2.12132 3
      vertex 2.38006 1.82628 3
    endloop
  endfacet
  facet normal 0 0 1
    outer loop
      vertex 1.14805 2.77164 3
      vertex 3.06147 7.39104 3
      vertex 2.07055 7.72741 3
    endloop
  endfacet
  facet normal 0 0 1
    outer loop
      vertex 4.87009 6.34683 3
      vertex 1.82628 2.38006 3
      vertex 2.12132 2.12132 3
    endloop
  endfacet
  facet normal 0 0 1
    outer loop
      vertex 4 6.9282 3
      vertex 1.5 2.59808 3
      vertex 1.82628 2.38006 3
    endloop
  endfacet
  facet normal 0 0 1
    outer loop
      vertex 3.06147 7.39104 3
      vertex 1.14805 2.77164 3
      vertex 1.5 2.59808 3
    endloop
  endfacet
  facet normal 0 0 1
    outer loop
      vertex 0.776457 2.89778 3
      vertex 2.07055 7.72741 3
      vertex 1.04421 7.93156 3
    endloop
  endfacet
  facet normal 0 0 1
    outer loop
      vertex 2.07055 7.72741 3
      vertex 0.776457 2.89778 3
      vertex 1.14805 2.77164 3
    endloop
  endfacet
  facet normal 0 0 1
    outer loop
      vertex 1.04421 7.93156 3
      vertex 0.391578 2.97433 3
      vertex 0.776457 2.89778 3
    endloop
  endfacet
  facet normal 0 0 1
    outer loop
      vertex 0 8 3
      vertex 0.391578 2.97433 3
      vertex 1.04421 7.93156 3
    endloop
  endfacet
  facet normal 0 0 1
    outer loop
      vertex 0 8 3
      vertex 0 3 3
      vertex 0.391578 2.97433 3
    endloop
  endfacet
  facet normal 0 0 1
    outer loop
      vertex 0 8 3
      vertex -0.391578 2.97433 3
      vertex 0 3 3
    endloop
  endfacet
  facet normal -0 0 1
    outer loop
      vertex -1.04421 7.93156 3
      vertex -0.391578 2.97433 3
      vertex 0 8 3
    endloop
  endfacet
  facet normal 0 0 1
    outer loop
      vertex -0.391578 2.97433 3
      vertex -1.04421 7.93156 3
      vertex -0.776457 2.89778 3
    endloop
  endfacet
  facet normal -0 0 1
    outer loop
      vertex -2.07055 7.72741 3
      vertex -0.776457 2.89778 3
      vertex -1.04421 7.93156 3
    endloop
  endfacet
  facet normal 0 0 1
    outer loop
      vertex -0.776457 2.89778 3
      vertex -2.07055 7.72741 3
      vertex -1.14805 2.77164 3
    endloop
  endfacet
  facet normal -0 0 1
    outer loop
      vertex -3.06147 7.39104 3
      vertex -1.14805 2.77164 3
      vertex -2.07055 7.72741 3
    endloop
  endfacet
  facet normal 0 0 1
    outer loop
      vertex -1.14805 2.77164 3
      vertex -3.06147 7.39104 3
      vertex -1.5 2.59808 3
    endloop
  endfacet
  facet normal -0 0 1
    outer loop
      vertex -4 6.9282 3
      vertex -1.5 2.59808 3
      vertex -3.06147 7.39104 3
    endloop
  endfacet
  facet normal 0 0 1
    outer loop
      vertex -1.5 2.59808 3
      vertex -4 6.9282 3
      vertex -1.82628 2.38006 3
    endloop
  endfacet
  facet normal -0 0 1
    outer loop
      vertex -4.87009 6.34683 3
      vertex -1.82628 2.38006 3
      vertex -4 6.9282 3
    endloop
  endfacet
  facet normal 0 0 1
    outer loop
      vertex -1.82628 2.38006 3
      vertex -4.87009 6.34683 3
      vertex -2.12132 2.12132 3
    endloop
  endfacet
  facet normal -0 0 1
    outer loop
      vertex -5.65685 5.65685 3
      vertex -2.12132 2.12132 3
      vertex -4.87009 6.34683 3
    endloop
  endfacet
  facet normal 0 0 1
    outer loop
      vertex -2.12132 2.12132 3
      vertex -5.65685 5.65685 3
      vertex -2.38006 1.82628 3
    endloop
  endfacet
  facet normal 0 0 1
    outer loop
      vertex -2.38006 1.82628 3
      vertex -6.34683 4.87009 3
      vertex -2.59808 1.5 3
    endloop
  endfacet
  facet normal -0 0 1
    outer loop
      vertex -6.34683 4.87009 3
      vertex -2.38006 1.82628 3
      vertex -5.65685 5.65685 3
    endloop
  endfacet
  facet normal -0 0 1
    outer loop
      vertex 2.38006 -1.82628 3
      vertex 6.34683 -4.87009 3
      vertex 2.59808 -1.5 3
    endloop
  endfacet
  facet normal 0 0 1
    outer loop
      vertex 6.34683 -4.87009 3
      vertex 2.38006 -1.82628 3
      vertex 5.65685 -5.65685 3
    endloop
  endfacet
  facet normal -0 0 1
    outer loop
      vertex 2.12132 -2.12132 3
      vertex 5.65685 -5.65685 3
      vertex 2.38006 -1.82628 3
    endloop
  endfacet
  facet normal 0 0 1
    outer loop
      vertex 5.65685 -5.65685 3
      vertex 2.12132 -2.12132 3
      vertex 4.87009 -6.34683 3
    endloop
  endfacet
  facet normal -0 0 1
    outer loop
      vertex 1.82628 -2.38006 3
      vertex 4.87009 -6.34683 3
      vertex 2.12132 -2.12132 3
    endloop
  endfacet
  facet normal 0 0 1
    outer loop
      vertex 4.87009 -6.34683 3
      vertex 1.82628 -2.38006 3
      vertex 4 -6.9282 3
    endloop
  endfacet
  facet normal -0 0 1
    outer loop
      vertex 1.5 -2.59808 3
      vertex 4 -6.9282 3
      vertex 1.82628 -2.38006 3
    endloop
  endfacet
  facet normal 0 0 1
    outer loop
      vertex 4 -6.9282 3
      vertex 1.5 -2.59808 3
      vertex 3.06147 -7.39104 3
    endloop
  endfacet
  facet normal -0 0 1
    outer loop
      vertex 1.14805 -2.77164 3
      vertex 3.06147 -7.39104 3
      vertex 1.5 -2.59808 3
    endloop
  endfacet
  facet normal 0 0 1
    outer loop
      vertex 3.06147 -7.39104 3
      vertex 1.14805 -2.77164 3
      vertex 2.07055 -7.72741 3
    endloop
  endfacet
  facet normal -0 0 1
    outer loop
      vertex 0.776457 -2.89778 3
      vertex 2.07055 -7.72741 3
      vertex 1.14805 -2.77164 3
    endloop
  endfacet
  facet normal 0 0 1
    outer loop
      vertex 2.07055 -7.72741 3
      vertex 0.776457 -2.89778 3
      vertex 1.04421 -7.93156 3
    endloop
  endfacet
  facet normal -0 0 1
    outer loop
      vertex 0.391578 -2.97433 3
      vertex 1.04421 -7.93156 3
      vertex 0.776457 -2.89778 3
    endloop
  endfacet
  facet normal -0 0 1
    outer loop
      vertex 0 -3 3
      vertex 1.04421 -7.93156 3
      vertex 0.391578 -2.97433 3
    endloop
  endfacet
  facet normal 0 0 1
    outer loop
      vertex 0 -3 3
      vertex 0 -8 3
      vertex 1.04421 -7.93156 3
    endloop
  endfacet
  facet normal 0 0 1
    outer loop
      vertex -0.391578 -2.97433 3
      vertex 0 -8 3
      vertex 0 -3 3
    endloop
  endfacet
  facet normal 0 0 1
    outer loop
      vertex -1.04421 -7.93156 3
      vertex -0.391578 -2.97433 3
      vertex -0.776457 -2.89778 3
    endloop
  endfacet
  facet normal 0 0 1
    outer loop
      vertex -0.391578 -2.97433 3
      vertex -1.04421 -7.93156 3
      vertex 0 -8 3
    endloop
  endfacet
  facet normal 0 0 1
    outer loop
      vertex -2.07055 -7.72741 3
      vertex -0.776457 -2.89778 3
      vertex -1.14805 -2.77164 3
    endloop
  endfacet
  facet normal 0 0 1
    outer loop
      vertex -3.06147 -7.39104 3
      vertex -1.14805 -2.77164 3
      vertex -1.5 -2.59808 3
    endloop
  endfacet
  facet normal 0 0 1
    outer loop
      vertex -4 -6.9282 3
      vertex -1.5 -2.59808 3
      vertex -1.82628 -2.38006 3
    endloop
  endfacet
  facet normal 0 0 1
    outer loop
      vertex -0.776457 -2.89778 3
      vertex -2.07055 -7.72741 3
      vertex -1.04421 -7.93156 3
    endloop
  endfacet
  facet normal 0 0 1
    outer loop
      vertex -4.87009 -6.34683 3
      vertex -1.82628 -2.38006 3
      vertex -2.12132 -2.12132 3
    endloop
  endfacet
  facet normal 0 0 1
    outer loop
      vertex -5.65685 -5.65685 3
      vertex -2.12132 -2.12132 3
      vertex -2.38006 -1.82628 3
    endloop
  endfacet
  facet normal 0 0 1
    outer loop
      vertex -6.34683 -4.87009 3
      vertex -2.38006 -1.82628 3
      vertex -2.59808 -1.5 3
    endloop
  endfacet
  facet normal 0 0 1
    outer loop
      vertex -6.9282 -4 3
      vertex -2.59808 -1.5 3
      vertex -2.77164 -1.14805 3
    endloop
  endfacet
  facet normal 0 0 1
    outer loop
      vertex -7.39104 -3.06147 3
      vertex -2.77164 -1.14805 3
      vertex -2.89778 -0.776457 3
    endloop
  endfacet
  facet normal 0 0 1
    outer loop
      vertex -7.72741 -2.07055 3
      vertex -2.89778 -0.776457 3
      vertex -2.97433 -0.391578 3
    endloop
  endfacet
  facet normal 0 0 1
    outer loop
      vertex -1.14805 -2.77164 3
      vertex -3.06147 -7.39104 3
      vertex -2.07055 -7.72741 3
    endloop
  endfacet
  facet normal 0 0 1
    outer loop
      vertex -7.93156 -1.04421 3
      vertex -2.97433 -0.391578 3
      vertex -3 0 3
    endloop
  endfacet
  facet normal -0 0 1
    outer loop
      vertex -6.9282 4 3
      vertex -2.59808 1.5 3
      vertex -6.34683 4.87009 3
    endloop
  endfacet
  facet normal 0 0 1
    outer loop
      vertex -2.59808 1.5 3
      vertex -6.9282 4 3
      vertex -2.77164 1.14805 3
    endloop
  endfacet
  facet normal 0 0 1
    outer loop
      vertex -1.5 -2.59808 3
      vertex -4 -6.9282 3
      vertex -3.06147 -7.39104 3
    endloop
  endfacet
  facet normal -0 0 1
    outer loop
      vertex -7.39104 3.06147 3
      vertex -2.77164 1.14805 3
      vertex -6.9282 4 3
    endloop
  endfacet
  facet normal 0 0 1
    outer loop
      vertex -1.82628 -2.38006 3
      vertex -4.87009 -6.34683 3
      vertex -4 -6.9282 3
    endloop
  endfacet
  facet normal 0 0 1
    outer loop
      vertex -2.77164 1.14805 3
      vertex -7.39104 3.06147 3
      vertex -2.89778 0.776457 3
    endloop
  endfacet
  facet normal 0 0 1
    outer loop
      vertex -2.12132 -2.12132 3
      vertex -5.65685 -5.65685 3
      vertex -4.87009 -6.34683 3
    endloop
  endfacet
  facet normal -0 0 1
    outer loop
      vertex -7.72741 2.07055 3
      vertex -2.89778 0.776457 3
      vertex -7.39104 3.06147 3
    endloop
  endfacet
  facet normal 0 0 1
    outer loop
      vertex -2.38006 -1.82628 3
      vertex -6.34683 -4.87009 3
      vertex -5.65685 -5.65685 3
    endloop
  endfacet
  facet normal 0 0 1
    outer loop
      vertex -2.89778 0.776457 3
      vertex -7.72741 2.07055 3
      vertex -2.97433 0.391578 3
    endloop
  endfacet
  facet normal 0 0 1
    outer loop
      vertex -2.59808 -1.5 3
      vertex -6.9282 -4 3
      vertex -6.34683 -4.87009 3
    endloop
  endfacet
  facet normal -0 0 1
    outer loop
      vertex -7.93156 1.04421 3
      vertex -2.97433 0.391578 3
      vertex -7.72741 2.07055 3
    endloop
  endfacet
  facet normal 0 0 1
    outer loop
      vertex -2.77164 -1.14805 3
      vertex -7.39104 -3.06147 3
      vertex -6.9282 -4 3
    endloop
  endfacet
  facet normal 0 0 1
    outer loop
      vertex -2.97433 0.391578 3
      vertex -7.93156 1.04421 3
      vertex -3 0 3
    endloop
  endfacet
  facet normal 0 0 1
    outer loop
      vertex -2.89778 -0.776457 3
      vertex -7.72741 -2.07055 3
      vertex -7.39104 -3.06147 3
    endloop
  endfacet
  facet normal 0 0 1
    outer loop
      vertex -8 0 3
      vertex -3 0 3
      vertex -7.93156 1.04421 3
    endloop
  endfacet
  facet normal 0 0 1
    outer loop
      vertex -2.97433 -0.391578 3
      vertex -7.93156 -1.04421 3
      vertex -7.72741 -2.07055 3
    endloop
  endfacet
  facet normal 0 0 1
    outer loop
      vertex -3 0 3
      vertex -8 0 3
      vertex -7.93156 -1.04421 3
    endloop
  endfacet
  facet normal -0.946931 0.321438 0
    outer loop
      vertex -7.72741 2.07055 0
      vertex -7.39104 3.06147 3
      vertex -7.39104 3.06147 0
    endloop
  endfacet
  facet normal -0.946931 0.321438 0
    outer loop
      vertex -7.39104 3.06147 3
      vertex -7.72741 2.07055 0
      vertex -7.72741 2.07055 3
    endloop
  endfacet
  facet normal 0.442295 -0.89687 0
    outer loop
      vertex 3.06147 -7.39104 0
      vertex 4 -6.9282 3
      vertex 3.06147 -7.39104 3
    endloop
  endfacet
  facet normal 0.442295 -0.89687 0
    outer loop
      vertex 4 -6.9282 3
      vertex 3.06147 -7.39104 0
      vertex 4 -6.9282 0
    endloop
  endfacet
  facet normal -0.195089 -0.980786 0
    outer loop
      vertex -2.07055 -7.72741 0
      vertex -1.04421 -7.93156 3
      vertex -2.07055 -7.72741 3
    endloop
  endfacet
  facet normal -0.195089 -0.980786 -0
    outer loop
      vertex -1.04421 -7.93156 3
      vertex -2.07055 -7.72741 0
      vertex -1.04421 -7.93156 0
    endloop
  endfacet
  facet normal -0.751835 -0.659351 0
    outer loop
      vertex -5.65685 -5.65685 0
      vertex -6.34683 -4.87009 3
      vertex -6.34683 -4.87009 0
    endloop
  endfacet
  facet normal -0.751835 -0.659351 0
    outer loop
      vertex -6.34683 -4.87009 3
      vertex -5.65685 -5.65685 0
      vertex -5.65685 -5.65685 3
    endloop
  endfacet
  facet normal -0.831472 0.555567 0
    outer loop
      vertex -6.9282 4 0
      vertex -6.34683 4.87009 3
      vertex -6.34683 4.87009 0
    endloop
  endfacet
  facet normal -0.831472 0.555567 0
    outer loop
      vertex -6.34683 4.87009 3
      vertex -6.9282 4 0
      vertex -6.9282 4 3
    endloop
  endfacet
  facet normal -0.89687 0.442295 0
    outer loop
      vertex -7.39104 3.06147 0
      vertex -6.9282 4 3
      vertex -6.9282 4 0
    endloop
  endfacet
  facet normal -0.89687 0.442295 0
    outer loop
      vertex -6.9282 4 3
      vertex -7.39104 3.06147 0
      vertex -7.39104 3.06147 3
    endloop
  endfacet
  facet normal -0.065402 -0.997859 0
    outer loop
      vertex -1.04421 -7.93156 0
      vertex 0 -8 3
      vertex -1.04421 -7.93156 3
    endloop
  endfacet
  facet normal -0.065402 -0.997859 -0
    outer loop
      vertex 0 -8 3
      vertex -1.04421 -7.93156 0
      vertex 0 -8 0
    endloop
  endfacet
  facet normal -0.659351 -0.751835 0
    outer loop
      vertex -5.65685 -5.65685 0
      vertex -4.87009 -6.34683 3
      vertex -5.65685 -5.65685 3
    endloop
  endfacet
  facet normal -0.659351 -0.751835 -0
    outer loop
      vertex -4.87009 -6.34683 3
      vertex -5.65685 -5.65685 0
      vertex -4.87009 -6.34683 0
    endloop
  endfacet
  facet normal 0.751835 -0.659351 0
    outer loop
      vertex 5.65685 -5.65685 3
      vertex 6.34683 -4.87009 0
      vertex 6.34683 -4.87009 3
    endloop
  endfacet
  facet normal 0.751835 -0.659351 0
    outer loop
      vertex 6.34683 -4.87009 0
      vertex 5.65685 -5.65685 3
      vertex 5.65685 -5.65685 0
    endloop
  endfacet
  facet normal 0.980791 0.195062 0
    outer loop
      vertex 2.94111 0.558589 27.8187
      vertex 2.89778 0.776457 3
      vertex 2.89778 0.776457 27.8187
    endloop
  endfacet
  facet normal 0.980786 0.195087 2.33858e-07
    outer loop
      vertex 2.97433 0.391578 27.8187
      vertex 2.89778 0.776457 3
      vertex 2.94111 0.558589 27.8187
    endloop
  endfacet
  facet normal 0.980789 0.195073 0
    outer loop
      vertex 2.97433 0.391578 27.8187
      vertex 2.97433 0.391578 3
      vertex 2.89778 0.776457 3
    endloop
  endfacet
  facet normal 0.997858 0.065421 0
    outer loop
      vertex 2.98547 0.221661 27.8187
      vertex 2.97433 0.391578 3
      vertex 2.97433 0.391578 27.8187
    endloop
  endfacet
  facet normal 0.997858 0.0654102 -7.42825e-08
    outer loop
      vertex 3 0 27.8187
      vertex 2.97433 0.391578 3
      vertex 2.98547 0.221661 27.8187
    endloop
  endfacet
  facet normal 0.997858 0.0654149 0
    outer loop
      vertex 2.97433 0.391578 3
      vertex 3 0 27.8187
      vertex 3 0 3
    endloop
  endfacet
  facet normal 0.980786 -0.195087 0
    outer loop
      vertex 2.94111 -0.558589 27.8187
      vertex 2.97433 -0.391578 3
      vertex 2.97433 -0.391578 27.8187
    endloop
  endfacet
  facet normal 0.980791 -0.195062 1.79269e-07
    outer loop
      vertex 2.89778 -0.776457 27.8187
      vertex 2.97433 -0.391578 3
      vertex 2.94111 -0.558589 27.8187
    endloop
  endfacet
  facet normal 0.980789 -0.195073 0
    outer loop
      vertex 2.97433 -0.391578 3
      vertex 2.89778 -0.776457 27.8187
      vertex 2.89778 -0.776457 3
    endloop
  endfacet
  facet normal -0.751838 -0.659348 0
    outer loop
      vertex -2.38006 -1.82628 3
      vertex -2.26778 -1.95431 27.8187
      vertex -2.38006 -1.82628 27.8187
    endloop
  endfacet
  facet normal -0.751844 -0.659341 6.25295e-08
    outer loop
      vertex -2.12132 -2.12132 3
      vertex -2.26778 -1.95431 27.8187
      vertex -2.38006 -1.82628 3
    endloop
  endfacet
  facet normal -0.751848 -0.659336 0
    outer loop
      vertex -2.26778 -1.95431 27.8187
      vertex -2.12132 -2.12132 3
      vertex -2.12132 -2.12132 27.8187
    endloop
  endfacet
  facet normal 0.831475 0.555562 0
    outer loop
      vertex 2.50347 1.64158 27.8187
      vertex 2.38006 1.82628 3
      vertex 2.38006 1.82628 27.8187
    endloop
  endfacet
  facet normal 0.831444 0.555608 4.91981e-07
    outer loop
      vertex 2.59808 1.5 27.8187
      vertex 2.38006 1.82628 3
      vertex 2.50347 1.64158 27.8187
    endloop
  endfacet
  facet normal 0.831462 0.555582 0
    outer loop
      vertex 2.38006 1.82628 3
      vertex 2.59808 1.5 27.8187
      vertex 2.59808 1.5 3
    endloop
  endfacet
  facet normal 0.555562 0.831475 -0
    outer loop
      vertex 1.82628 2.38006 3
      vertex 1.64158 2.50347 27.8187
      vertex 1.82628 2.38006 27.8187
    endloop
  endfacet
  facet normal 0.555608 0.831444 4.91981e-07
    outer loop
      vertex 1.64158 2.50347 27.8187
      vertex 1.82628 2.38006 3
      vertex 1.5 2.59808 27.8187
    endloop
  endfacet
  facet normal 0.555582 0.831462 0
    outer loop
      vertex 1.5 2.59808 27.8187
      vertex 1.82628 2.38006 3
      vertex 1.5 2.59808 3
    endloop
  endfacet
  facet normal 0.896872 -0.442291 0
    outer loop
      vertex 2.67339 -1.34728 27.8187
      vertex 2.77164 -1.14805 3
      vertex 2.77164 -1.14805 27.8187
    endloop
  endfacet
  facet normal 0.89688 -0.442274 1.72428e-07
    outer loop
      vertex 2.59808 -1.5 27.8187
      vertex 2.77164 -1.14805 3
      vertex 2.67339 -1.34728 27.8187
    endloop
  endfacet
  facet normal 0.896875 -0.442283 0
    outer loop
      vertex 2.59808 -1.5 27.8187
      vertex 2.59808 -1.5 3
      vertex 2.77164 -1.14805 3
    endloop
  endfacet
  facet normal 0.997858 -0.0654102 0
    outer loop
      vertex 2.98547 -0.221661 27.8187
      vertex 3 0 3
      vertex 3 0 27.8187
    endloop
  endfacet
  facet normal 0.997858 -0.065421 -9.69033e-08
    outer loop
      vertex 2.97433 -0.391578 27.8187
      vertex 3 0 3
      vertex 2.98547 -0.221661 27.8187
    endloop
  endfacet
  facet normal 0.997858 -0.0654149 0
    outer loop
      vertex 3 0 3
      vertex 2.97433 -0.391578 27.8187
      vertex 2.97433 -0.391578 3
    endloop
  endfacet
  facet normal 0.32141 0.94694 -0
    outer loop
      vertex 1.14805 2.77164 3
      vertex 0.986804 2.82637 27.8187
      vertex 1.14805 2.77164 27.8187
    endloop
  endfacet
  facet normal 0.321467 0.946921 4.14562e-07
    outer loop
      vertex 0.986804 2.82637 27.8187
      vertex 1.14805 2.77164 3
      vertex 0.776457 2.89778 27.8187
    endloop
  endfacet
  facet normal 0.321442 0.946929 -0
    outer loop
      vertex 0.776457 2.89778 3
      vertex 0.776457 2.89778 27.8187
      vertex 1.14805 2.77164 3
    endloop
  endfacet
  facet normal -0.89688 0.442274 0
    outer loop
      vertex -2.59808 1.5 3
      vertex -2.67339 1.34728 27.8187
      vertex -2.59808 1.5 27.8187
    endloop
  endfacet
  facet normal -0.896872 0.442291 1.32174e-07
    outer loop
      vertex -2.59808 1.5 3
      vertex -2.77164 1.14805 27.8187
      vertex -2.67339 1.34728 27.8187
    endloop
  endfacet
  facet normal -0.896875 0.442283 0
    outer loop
      vertex -2.77164 1.14805 3
      vertex -2.77164 1.14805 27.8187
      vertex -2.59808 1.5 3
    endloop
  endfacet
  facet normal -0.659348 0.751838 0
    outer loop
      vertex -1.82628 2.38006 27.8187
      vertex -1.82628 2.38006 3
      vertex -1.95431 2.26778 27.8187
    endloop
  endfacet
  facet normal -0.659336 0.751848 1.10465e-07
    outer loop
      vertex -1.82628 2.38006 3
      vertex -2.12132 2.12132 27.8187
      vertex -1.95431 2.26778 27.8187
    endloop
  endfacet
  facet normal -0.659341 0.751844 0
    outer loop
      vertex -2.12132 2.12132 27.8187
      vertex -1.82628 2.38006 3
      vertex -2.12132 2.12132 3
    endloop
  endfacet
  facet normal 0.321467 -0.946921 0
    outer loop
      vertex 0.776457 -2.89778 3
      vertex 0.986804 -2.82637 27.8187
      vertex 0.776457 -2.89778 27.8187
    endloop
  endfacet
  facet normal 0.32141 -0.94694 5.40811e-07
    outer loop
      vertex 0.986804 -2.82637 27.8187
      vertex 0.776457 -2.89778 3
      vertex 1.14805 -2.77164 27.8187
    endloop
  endfacet
  facet normal 0.321442 -0.946929 0
    outer loop
      vertex 1.14805 -2.77164 27.8187
      vertex 0.776457 -2.89778 3
      vertex 1.14805 -2.77164 3
    endloop
  endfacet
  facet normal -0.997858 -0.0654102 0
    outer loop
      vertex -3 0 3
      vertex -2.98547 -0.221661 27.8187
      vertex -3 0 27.8187
    endloop
  endfacet
  facet normal -0.997858 -0.0654149 -4.20491e-08
    outer loop
      vertex -2.97433 -0.391578 3
      vertex -2.98547 -0.221661 27.8187
      vertex -3 0 3
    endloop
  endfacet
  facet normal -0.997858 -0.065421 0
    outer loop
      vertex -2.98547 -0.221661 27.8187
      vertex -2.97433 -0.391578 3
      vertex -2.97433 -0.391578 27.8187
    endloop
  endfacet
  facet normal -0.659336 -0.751848 0
    outer loop
      vertex -2.12132 -2.12132 3
      vertex -1.95431 -2.26778 27.8187
      vertex -2.12132 -2.12132 27.8187
    endloop
  endfacet
  facet normal -0.659348 -0.751838 1.44096e-07
    outer loop
      vertex -2.12132 -2.12132 3
      vertex -1.82628 -2.38006 27.8187
      vertex -1.95431 -2.26778 27.8187
    endloop
  endfacet
  facet normal -0.659341 -0.751844 -0
    outer loop
      vertex -1.82628 -2.38006 27.8187
      vertex -2.12132 -2.12132 3
      vertex -1.82628 -2.38006 3
    endloop
  endfacet
  facet normal -0.321467 0.946921 0
    outer loop
      vertex -0.776457 2.89778 3
      vertex -0.986804 2.82637 27.8187
      vertex -0.776457 2.89778 27.8187
    endloop
  endfacet
  facet normal -0.32141 0.94694 5.40811e-07
    outer loop
      vertex -0.986804 2.82637 27.8187
      vertex -0.776457 2.89778 3
      vertex -1.14805 2.77164 27.8187
    endloop
  endfacet
  facet normal -0.321442 0.946929 0
    outer loop
      vertex -1.14805 2.77164 27.8187
      vertex -0.776457 2.89778 3
      vertex -1.14805 2.77164 3
    endloop
  endfacet
  facet normal -0.831444 -0.555608 0
    outer loop
      vertex -2.59808 -1.5 3
      vertex -2.50347 -1.64158 27.8187
      vertex -2.59808 -1.5 27.8187
    endloop
  endfacet
  facet normal -0.831475 -0.555562 3.77137e-07
    outer loop
      vertex -2.59808 -1.5 3
      vertex -2.38006 -1.82628 27.8187
      vertex -2.50347 -1.64158 27.8187
    endloop
  endfacet
  facet normal -0.831462 -0.555582 0
    outer loop
      vertex -2.38006 -1.82628 3
      vertex -2.38006 -1.82628 27.8187
      vertex -2.59808 -1.5 3
    endloop
  endfacet
  facet normal -0.555608 0.831444 0
    outer loop
      vertex -1.5 2.59808 3
      vertex -1.64158 2.50347 27.8187
      vertex -1.5 2.59808 27.8187
    endloop
  endfacet
  facet normal -0.555562 0.831475 3.77137e-07
    outer loop
      vertex -1.64158 2.50347 27.8187
      vertex -1.5 2.59808 3
      vertex -1.82628 2.38006 27.8187
    endloop
  endfacet
  facet normal -0.555582 0.831462 0
    outer loop
      vertex -1.82628 2.38006 3
      vertex -1.82628 2.38006 27.8187
      vertex -1.5 2.59808 3
    endloop
  endfacet
  facet normal 0.195062 0.980791 -0
    outer loop
      vertex 0.776457 2.89778 3
      vertex 0.558589 2.94111 27.8187
      vertex 0.776457 2.89778 27.8187
    endloop
  endfacet
  facet normal 0.195087 0.980786 2.33858e-07
    outer loop
      vertex 0.558589 2.94111 27.8187
      vertex 0.776457 2.89778 3
      vertex 0.391578 2.97433 27.8187
    endloop
  endfacet
  facet normal 0.195073 0.980789 -0
    outer loop
      vertex 0.391578 2.97433 3
      vertex 0.391578 2.97433 27.8187
      vertex 0.776457 2.89778 3
    endloop
  endfacet
  facet normal -0.442291 0.896872 0
    outer loop
      vertex -1.14805 2.77164 3
      vertex -1.34728 2.67339 27.8187
      vertex -1.14805 2.77164 27.8187
    endloop
  endfacet
  facet normal -0.442274 0.89688 1.72428e-07
    outer loop
      vertex -1.34728 2.67339 27.8187
      vertex -1.14805 2.77164 3
      vertex -1.5 2.59808 27.8187
    endloop
  endfacet
  facet normal -0.442283 0.896875 0
    outer loop
      vertex -1.5 2.59808 27.8187
      vertex -1.14805 2.77164 3
      vertex -1.5 2.59808 3
    endloop
  endfacet
  facet normal 0.0654102 -0.997858 0
    outer loop
      vertex 0 -3 3
      vertex 0.221661 -2.98547 27.8187
      vertex 0 -3 27.8187
    endloop
  endfacet
  facet normal 0.065421 -0.997858 -9.69033e-08
    outer loop
      vertex 0.221661 -2.98547 27.8187
      vertex 0 -3 3
      vertex 0.391578 -2.97433 27.8187
    endloop
  endfacet
  facet normal 0.0654149 -0.997858 0
    outer loop
      vertex 0.391578 -2.97433 27.8187
      vertex 0 -3 3
      vertex 0.391578 -2.97433 3
    endloop
  endfacet
  facet normal 0.659348 -0.751838 0
    outer loop
      vertex 1.82628 -2.38006 27.8187
      vertex 1.82628 -2.38006 3
      vertex 1.95431 -2.26778 27.8187
    endloop
  endfacet
  facet normal 0.659336 -0.751848 1.10465e-07
    outer loop
      vertex 1.82628 -2.38006 3
      vertex 2.12132 -2.12132 27.8187
      vertex 1.95431 -2.26778 27.8187
    endloop
  endfacet
  facet normal 0.659341 -0.751844 0
    outer loop
      vertex 2.12132 -2.12132 27.8187
      vertex 1.82628 -2.38006 3
      vertex 2.12132 -2.12132 3
    endloop
  endfacet
  facet normal -0.946921 -0.321467 0
    outer loop
      vertex -2.89778 -0.776457 3
      vertex -2.82637 -0.986804 27.8187
      vertex -2.89778 -0.776457 27.8187
    endloop
  endfacet
  facet normal -0.946929 -0.321442 2.34672e-07
    outer loop
      vertex -2.77164 -1.14805 3
      vertex -2.82637 -0.986804 27.8187
      vertex -2.89778 -0.776457 3
    endloop
  endfacet
  facet normal -0.94694 -0.32141 0
    outer loop
      vertex -2.82637 -0.986804 27.8187
      vertex -2.77164 -1.14805 3
      vertex -2.77164 -1.14805 27.8187
    endloop
  endfacet
  facet normal 0.946921 -0.321467 0
    outer loop
      vertex 2.82637 -0.986804 27.8187
      vertex 2.89778 -0.776457 3
      vertex 2.89778 -0.776457 27.8187
    endloop
  endfacet
  facet normal 0.94694 -0.32141 5.40811e-07
    outer loop
      vertex 2.77164 -1.14805 27.8187
      vertex 2.89778 -0.776457 3
      vertex 2.82637 -0.986804 27.8187
    endloop
  endfacet
  facet normal 0.946929 -0.321442 0
    outer loop
      vertex 2.89778 -0.776457 3
      vertex 2.77164 -1.14805 27.8187
      vertex 2.77164 -1.14805 3
    endloop
  endfacet
  facet normal 0.442274 0.89688 -0
    outer loop
      vertex 1.5 2.59808 3
      vertex 1.34728 2.67339 27.8187
      vertex 1.5 2.59808 27.8187
    endloop
  endfacet
  facet normal 0.442291 0.896872 1.32174e-07
    outer loop
      vertex 1.34728 2.67339 27.8187
      vertex 1.5 2.59808 3
      vertex 1.14805 2.77164 27.8187
    endloop
  endfacet
  facet normal 0.442283 0.896875 -0
    outer loop
      vertex 1.14805 2.77164 3
      vertex 1.14805 2.77164 27.8187
      vertex 1.5 2.59808 3
    endloop
  endfacet
  facet normal -0.195087 0.980786 0
    outer loop
      vertex -0.391578 2.97433 3
      vertex -0.558589 2.94111 27.8187
      vertex -0.391578 2.97433 27.8187
    endloop
  endfacet
  facet normal -0.195062 0.980791 1.79269e-07
    outer loop
      vertex -0.558589 2.94111 27.8187
      vertex -0.391578 2.97433 3
      vertex -0.776457 2.89778 27.8187
    endloop
  endfacet
  facet normal -0.195073 0.980789 0
    outer loop
      vertex -0.776457 2.89778 27.8187
      vertex -0.391578 2.97433 3
      vertex -0.776457 2.89778 3
    endloop
  endfacet
  facet normal 0.751848 0.659336 0
    outer loop
      vertex 2.26778 1.95431 27.8187
      vertex 2.12132 2.12132 3
      vertex 2.12132 2.12132 27.8187
    endloop
  endfacet
  facet normal 0.751838 0.659348 1.44096e-07
    outer loop
      vertex 2.38006 1.82628 27.8187
      vertex 2.12132 2.12132 3
      vertex 2.26778 1.95431 27.8187
    endloop
  endfacet
  facet normal 0.751844 0.659341 0
    outer loop
      vertex 2.12132 2.12132 3
      vertex 2.38006 1.82628 27.8187
      vertex 2.38006 1.82628 3
    endloop
  endfacet
  facet normal 0.751838 -0.659348 0
    outer loop
      vertex 2.26778 -1.95431 27.8187
      vertex 2.38006 -1.82628 3
      vertex 2.38006 -1.82628 27.8187
    endloop
  endfacet
  facet normal 0.751848 -0.659336 1.10465e-07
    outer loop
      vertex 2.12132 -2.12132 27.8187
      vertex 2.38006 -1.82628 3
      vertex 2.26778 -1.95431 27.8187
    endloop
  endfacet
  facet normal 0.751844 -0.659341 0
    outer loop
      vertex 2.38006 -1.82628 3
      vertex 2.12132 -2.12132 27.8187
      vertex 2.12132 -2.12132 3
    endloop
  endfacet
  facet normal -0.442274 -0.89688 0
    outer loop
      vertex -1.5 -2.59808 3
      vertex -1.34728 -2.67339 27.8187
      vertex -1.5 -2.59808 27.8187
    endloop
  endfacet
  facet normal -0.442291 -0.896872 1.32174e-07
    outer loop
      vertex -1.34728 -2.67339 27.8187
      vertex -1.5 -2.59808 3
      vertex -1.14805 -2.77164 27.8187
    endloop
  endfacet
  facet normal -0.442283 -0.896875 0
    outer loop
      vertex -1.14805 -2.77164 3
      vertex -1.14805 -2.77164 27.8187
      vertex -1.5 -2.59808 3
    endloop
  endfacet
  facet normal -0.94694 0.32141 0
    outer loop
      vertex -2.77164 1.14805 3
      vertex -2.82637 0.986804 27.8187
      vertex -2.77164 1.14805 27.8187
    endloop
  endfacet
  facet normal -0.946921 0.321467 4.14562e-07
    outer loop
      vertex -2.77164 1.14805 3
      vertex -2.89778 0.776457 27.8187
      vertex -2.82637 0.986804 27.8187
    endloop
  endfacet
  facet normal -0.946929 0.321442 0
    outer loop
      vertex -2.89778 0.776457 3
      vertex -2.89778 0.776457 27.8187
      vertex -2.77164 1.14805 3
    endloop
  endfacet
  facet normal 0.195087 -0.980786 0
    outer loop
      vertex 0.391578 -2.97433 3
      vertex 0.558589 -2.94111 27.8187
      vertex 0.391578 -2.97433 27.8187
    endloop
  endfacet
  facet normal 0.195062 -0.980791 1.79269e-07
    outer loop
      vertex 0.558589 -2.94111 27.8187
      vertex 0.391578 -2.97433 3
      vertex 0.776457 -2.89778 27.8187
    endloop
  endfacet
  facet normal 0.195073 -0.980789 0
    outer loop
      vertex 0.776457 -2.89778 27.8187
      vertex 0.391578 -2.97433 3
      vertex 0.776457 -2.89778 3
    endloop
  endfacet
  facet normal 0.442291 -0.896872 0
    outer loop
      vertex 1.14805 -2.77164 3
      vertex 1.34728 -2.67339 27.8187
      vertex 1.14805 -2.77164 27.8187
    endloop
  endfacet
  facet normal 0.442274 -0.89688 1.72428e-07
    outer loop
      vertex 1.34728 -2.67339 27.8187
      vertex 1.14805 -2.77164 3
      vertex 1.5 -2.59808 27.8187
    endloop
  endfacet
  facet normal 0.442283 -0.896875 0
    outer loop
      vertex 1.5 -2.59808 27.8187
      vertex 1.14805 -2.77164 3
      vertex 1.5 -2.59808 3
    endloop
  endfacet
  facet normal -0.751848 0.659336 0
    outer loop
      vertex -2.12132 2.12132 3
      vertex -2.26778 1.95431 27.8187
      vertex -2.12132 2.12132 27.8187
    endloop
  endfacet
  facet normal -0.751844 0.659341 6.25295e-08
    outer loop
      vertex -2.38006 1.82628 3
      vertex -2.26778 1.95431 27.8187
      vertex -2.12132 2.12132 3
    endloop
  endfacet
  facet normal -0.751838 0.659348 0
    outer loop
      vertex -2.26778 1.95431 27.8187
      vertex -2.38006 1.82628 3
      vertex -2.38006 1.82628 27.8187
    endloop
  endfacet
  facet normal 0.659336 0.751848 -0
    outer loop
      vertex 2.12132 2.12132 3
      vertex 1.95431 2.26778 27.8187
      vertex 2.12132 2.12132 27.8187
    endloop
  endfacet
  facet normal 0.659348 0.751838 1.44096e-07
    outer loop
      vertex 2.12132 2.12132 3
      vertex 1.82628 2.38006 27.8187
      vertex 1.95431 2.26778 27.8187
    endloop
  endfacet
  facet normal 0.659341 0.751844 0
    outer loop
      vertex 1.82628 2.38006 27.8187
      vertex 2.12132 2.12132 3
      vertex 1.82628 2.38006 3
    endloop
  endfacet
  facet normal -0.896872 -0.442291 0
    outer loop
      vertex -2.77164 -1.14805 3
      vertex -2.67339 -1.34728 27.8187
      vertex -2.77164 -1.14805 27.8187
    endloop
  endfacet
  facet normal -0.89688 -0.442274 1.72428e-07
    outer loop
      vertex -2.77164 -1.14805 3
      vertex -2.59808 -1.5 27.8187
      vertex -2.67339 -1.34728 27.8187
    endloop
  endfacet
  facet normal -0.896875 -0.442283 0
    outer loop
      vertex -2.59808 -1.5 3
      vertex -2.59808 -1.5 27.8187
      vertex -2.77164 -1.14805 3
    endloop
  endfacet
  facet normal -0.997858 0.065421 0
    outer loop
      vertex -2.97433 0.391578 3
      vertex -2.98547 0.221661 27.8187
      vertex -2.97433 0.391578 27.8187
    endloop
  endfacet
  facet normal -0.997858 0.0654149 -4.20491e-08
    outer loop
      vertex -3 0 3
      vertex -2.98547 0.221661 27.8187
      vertex -2.97433 0.391578 3
    endloop
  endfacet
  facet normal -0.997858 0.0654102 0
    outer loop
      vertex -2.98547 0.221661 27.8187
      vertex -3 0 3
      vertex -3 0 27.8187
    endloop
  endfacet
  facet normal 0.831444 -0.555608 0
    outer loop
      vertex 2.50347 -1.64158 27.8187
      vertex 2.59808 -1.5 3
      vertex 2.59808 -1.5 27.8187
    endloop
  endfacet
  facet normal 0.831475 -0.555562 3.77137e-07
    outer loop
      vertex 2.38006 -1.82628 27.8187
      vertex 2.59808 -1.5 3
      vertex 2.50347 -1.64158 27.8187
    endloop
  endfacet
  facet normal 0.831462 -0.555582 0
    outer loop
      vertex 2.38006 -1.82628 27.8187
      vertex 2.38006 -1.82628 3
      vertex 2.59808 -1.5 3
    endloop
  endfacet
  facet normal 0.89688 0.442274 0
    outer loop
      vertex 2.67339 1.34728 27.8187
      vertex 2.59808 1.5 3
      vertex 2.59808 1.5 27.8187
    endloop
  endfacet
  facet normal 0.896872 0.442291 1.32174e-07
    outer loop
      vertex 2.77164 1.14805 27.8187
      vertex 2.59808 1.5 3
      vertex 2.67339 1.34728 27.8187
    endloop
  endfacet
  facet normal 0.896875 0.442283 0
    outer loop
      vertex 2.77164 1.14805 27.8187
      vertex 2.77164 1.14805 3
      vertex 2.59808 1.5 3
    endloop
  endfacet
  facet normal -0.065421 -0.997858 0
    outer loop
      vertex -0.391578 -2.97433 3
      vertex -0.221661 -2.98547 27.8187
      vertex -0.391578 -2.97433 27.8187
    endloop
  endfacet
  facet normal -0.0654102 -0.997858 -7.42825e-08
    outer loop
      vertex -0.221661 -2.98547 27.8187
      vertex -0.391578 -2.97433 3
      vertex 0 -3 27.8187
    endloop
  endfacet
  facet normal -0.0654149 -0.997858 -0
    outer loop
      vertex 0 -3 27.8187
      vertex -0.391578 -2.97433 3
      vertex 0 -3 3
    endloop
  endfacet
  facet normal -0.555562 -0.831475 0
    outer loop
      vertex -1.82628 -2.38006 3
      vertex -1.64158 -2.50347 27.8187
      vertex -1.82628 -2.38006 27.8187
    endloop
  endfacet
  facet normal -0.555608 -0.831444 4.91981e-07
    outer loop
      vertex -1.64158 -2.50347 27.8187
      vertex -1.82628 -2.38006 3
      vertex -1.5 -2.59808 27.8187
    endloop
  endfacet
  facet normal -0.555582 -0.831462 -0
    outer loop
      vertex -1.5 -2.59808 27.8187
      vertex -1.82628 -2.38006 3
      vertex -1.5 -2.59808 3
    endloop
  endfacet
  facet normal 0.555608 -0.831444 0
    outer loop
      vertex 1.5 -2.59808 3
      vertex 1.64158 -2.50347 27.8187
      vertex 1.5 -2.59808 27.8187
    endloop
  endfacet
  facet normal 0.555562 -0.831475 3.77137e-07
    outer loop
      vertex 1.64158 -2.50347 27.8187
      vertex 1.5 -2.59808 3
      vertex 1.82628 -2.38006 27.8187
    endloop
  endfacet
  facet normal 0.555582 -0.831462 0
    outer loop
      vertex 1.82628 -2.38006 3
      vertex 1.82628 -2.38006 27.8187
      vertex 1.5 -2.59808 3
    endloop
  endfacet
  facet normal 0.94694 0.32141 0
    outer loop
      vertex 2.82637 0.986804 27.8187
      vertex 2.77164 1.14805 3
      vertex 2.77164 1.14805 27.8187
    endloop
  endfacet
  facet normal 0.946921 0.321467 4.14562e-07
    outer loop
      vertex 2.89778 0.776457 27.8187
      vertex 2.77164 1.14805 3
      vertex 2.82637 0.986804 27.8187
    endloop
  endfacet
  facet normal 0.946929 0.321442 0
    outer loop
      vertex 2.89778 0.776457 27.8187
      vertex 2.89778 0.776457 3
      vertex 2.77164 1.14805 3
    endloop
  endfacet
  facet normal -0.980791 0.195062 0
    outer loop
      vertex -2.89778 0.776457 3
      vertex -2.94111 0.558589 27.8187
      vertex -2.89778 0.776457 27.8187
    endloop
  endfacet
  facet normal -0.980786 0.195087 2.33858e-07
    outer loop
      vertex -2.89778 0.776457 3
      vertex -2.97433 0.391578 27.8187
      vertex -2.94111 0.558589 27.8187
    endloop
  endfacet
  facet normal -0.980789 0.195073 0
    outer loop
      vertex -2.97433 0.391578 3
      vertex -2.97433 0.391578 27.8187
      vertex -2.89778 0.776457 3
    endloop
  endfacet
  facet normal -0.0654102 0.997858 0
    outer loop
      vertex 0 3 3
      vertex -0.221661 2.98547 27.8187
      vertex 0 3 27.8187
    endloop
  endfacet
  facet normal -0.065421 0.997858 -9.69033e-08
    outer loop
      vertex -0.221661 2.98547 27.8187
      vertex 0 3 3
      vertex -0.391578 2.97433 27.8187
    endloop
  endfacet
  facet normal -0.0654149 0.997858 0
    outer loop
      vertex -0.391578 2.97433 27.8187
      vertex 0 3 3
      vertex -0.391578 2.97433 3
    endloop
  endfacet
  facet normal -0.32141 -0.94694 0
    outer loop
      vertex -1.14805 -2.77164 3
      vertex -0.986804 -2.82637 27.8187
      vertex -1.14805 -2.77164 27.8187
    endloop
  endfacet
  facet normal -0.321467 -0.946921 4.14562e-07
    outer loop
      vertex -0.986804 -2.82637 27.8187
      vertex -1.14805 -2.77164 3
      vertex -0.776457 -2.89778 27.8187
    endloop
  endfacet
  facet normal -0.321442 -0.946929 0
    outer loop
      vertex -0.776457 -2.89778 3
      vertex -0.776457 -2.89778 27.8187
      vertex -1.14805 -2.77164 3
    endloop
  endfacet
  facet normal -0.980786 -0.195087 0
    outer loop
      vertex -2.97433 -0.391578 3
      vertex -2.94111 -0.558589 27.8187
      vertex -2.97433 -0.391578 27.8187
    endloop
  endfacet
  facet normal -0.980789 -0.195073 1.01479e-07
    outer loop
      vertex -2.89778 -0.776457 3
      vertex -2.94111 -0.558589 27.8187
      vertex -2.97433 -0.391578 3
    endloop
  endfacet
  facet normal -0.980791 -0.195062 0
    outer loop
      vertex -2.94111 -0.558589 27.8187
      vertex -2.89778 -0.776457 3
      vertex -2.89778 -0.776457 27.8187
    endloop
  endfacet
  facet normal 0.065421 0.997858 -0
    outer loop
      vertex 0.391578 2.97433 3
      vertex 0.221661 2.98547 27.8187
      vertex 0.391578 2.97433 27.8187
    endloop
  endfacet
  facet normal 0.0654102 0.997858 -7.42825e-08
    outer loop
      vertex 0.221661 2.98547 27.8187
      vertex 0.391578 2.97433 3
      vertex 0 3 27.8187
    endloop
  endfacet
  facet normal 0.0654149 0.997858 0
    outer loop
      vertex 0 3 27.8187
      vertex 0.391578 2.97433 3
      vertex 0 3 3
    endloop
  endfacet
  facet normal -0.195062 -0.980791 0
    outer loop
      vertex -0.776457 -2.89778 3
      vertex -0.558589 -2.94111 27.8187
      vertex -0.776457 -2.89778 27.8187
    endloop
  endfacet
  facet normal -0.195087 -0.980786 2.33858e-07
    outer loop
      vertex -0.558589 -2.94111 27.8187
      vertex -0.776457 -2.89778 3
      vertex -0.391578 -2.97433 27.8187
    endloop
  endfacet
  facet normal -0.195073 -0.980789 0
    outer loop
      vertex -0.391578 -2.97433 3
      vertex -0.391578 -2.97433 27.8187
      vertex -0.776457 -2.89778 3
    endloop
  endfacet
  facet normal -0.831475 0.555562 0
    outer loop
      vertex -2.38006 1.82628 3
      vertex -2.50347 1.64158 27.8187
      vertex -2.38006 1.82628 27.8187
    endloop
  endfacet
  facet normal -0.831462 0.555582 2.13486e-07
    outer loop
      vertex -2.59808 1.5 3
      vertex -2.50347 1.64158 27.8187
      vertex -2.38006 1.82628 3
    endloop
  endfacet
  facet normal -0.831444 0.555608 0
    outer loop
      vertex -2.50347 1.64158 27.8187
      vertex -2.59808 1.5 3
      vertex -2.59808 1.5 27.8187
    endloop
  endfacet
  facet normal 0.4667 0.532172 0.706388
    outer loop
      vertex 2.74615 3.57885 36.9561
      vertex 2.40831 3.13857 37.511
      vertex 3.18979 3.18979 36.9561
    endloop
  endfacet
  facet normal -0.0976875 0.491183 -0.865561
    outer loop
      vertex -0.862753 3.21984 28.0112
      vertex -0.558589 2.94111 27.8187
      vertex -0.776457 2.89778 27.8187
    endloop
  endfacet
  facet normal -0.0976947 0.491177 -0.865564
    outer loop
      vertex -0.558589 2.94111 27.8187
      vertex -0.862753 3.21984 28.0112
      vertex -0.435099 3.3049 28.0112
    endloop
  endfacet
  facet normal 0.194951 0.170971 0.965797
    outer loop
      vertex 1.36375 1.36375 38.6816
      vertex 0.827698 0.827698 38.8847
      vertex 1.53009 1.17408 38.6816
    endloop
  endfacet
  facet normal -0.21303 0.318822 0.923564
    outer loop
      vertex -1.32687 2.2982 38.3812
      vertex -1.61549 2.10535 38.3812
      vertex -0.964318 1.67025 38.6816
    endloop
  endfacet
  facet normal -0.278229 -0.416396 -0.865565
    outer loop
      vertex -2.02926 -2.64458 28.0112
      vertex -1.64158 -2.50347 27.8187
      vertex -1.66671 -2.88683 28.0112
    endloop
  endfacet
  facet normal -0.278225 -0.416402 -0.865563
    outer loop
      vertex -1.64158 -2.50347 27.8187
      vertex -2.02926 -2.64458 28.0112
      vertex -1.82628 -2.38006 27.8187
    endloop
  endfacet
  facet normal 0.330201 0.376519 -0.865564
    outer loop
      vertex 1.82628 2.38006 27.8187
      vertex 2.02926 2.64458 28.0112
      vertex 1.95431 2.26778 27.8187
    endloop
  endfacet
  facet normal -0.330201 0.376519 -0.865564
    outer loop
      vertex -2.02926 2.64458 28.0112
      vertex -1.82628 2.38006 27.8187
      vertex -1.95431 2.26778 27.8187
    endloop
  endfacet
  facet normal 0.989358 -0.0648402 0.130253
    outer loop
      vertex 5.88471 0 34.1705
      vertex 5.83437 -0.768108 34.1705
      vertex 5.98715 0 33.3924
    endloop
  endfacet
  facet normal -0.820502 0.278535 0.499194
    outer loop
      vertex -4.97161 2.05931 35.6537
      vertex -5.19788 1.39277 35.6537
      vertex -4.81883 1.2912 36.3334
    endloop
  endfacet
  facet normal -0.258746 -0.0169521 0.965797
    outer loop
      vertex -1.17054 0 38.8847
      vertex -1.91214 -0.251738 38.6816
      vertex -1.16053 -0.152786 38.8847
    endloop
  endfacet
  facet normal -0.310518 0.914799 -0.258303
    outer loop
      vertex -1.4705 5.48798 31.0714
      vertex -2.17425 5.2491 31.0714
      vertex -1.52308 5.68419 31.8295
    endloop
  endfacet
  facet normal -0.922193 0.0604474 0.381976
    outer loop
      vertex -5.3352 0.702392 35.6537
      vertex -5.63297 0.741594 34.9286
      vertex -5.38124 0 35.6537
    endloop
  endfacet
  facet normal 0.481399 0.720459 0.499194
    outer loop
      vertex 3.27589 4.26922 35.6537
      vertex 2.49441 4.32044 36.3334
      vertex 3.037 3.95789 36.3334
    endloop
  endfacet
  facet normal 0.651472 0.571311 -0.499188
    outer loop
      vertex 3.95789 3.037 29.6666
      vertex 3.52763 3.52763 29.6666
      vertex 3.80511 3.80511 30.3463
    endloop
  endfacet
  facet normal -0.255222 0.751868 0.607912
    outer loop
      vertex -1.2912 4.81883 36.3334
      vertex -1.90914 4.60907 36.3334
      vertex -1.7263 4.16766 36.9561
    endloop
  endfacet
  facet normal -0.653733 -0.745429 0.13026
    outer loop
      vertex -4.16112 -4.16112 34.1705
      vertex -4.23356 -4.23356 33.3924
      vertex -3.58239 -4.66866 34.1705
    endloop
  endfacet
  facet normal 0.608293 -0.039864 -0.792711
    outer loop
      vertex 3.92223 -0.516371 28.489
      vertex 3.3049 -0.435099 28.0112
      vertex 3.95607 0 28.489
    endloop
  endfacet
  facet normal 0.154903 0.778747 -0.607913
    outer loop
      vertex 1.16754 4.35733 29.0439
      vertex 0.651171 4.94614 29.6666
      vertex 1.2912 4.81883 29.6666
    endloop
  endfacet
  facet normal -0.768424 -0.513439 -0.381975
    outer loop
      vertex -4.5075 -3.45873 31.0714
      vertex -4.92039 -2.84079 31.0714
      vertex -4.66029 -2.69062 30.3463
    endloop
  endfacet
  facet normal -0.596969 0.523525 0.607905
    outer loop
      vertex -3.18979 3.18979 36.9561
      vertex -3.95789 3.037 36.3334
      vertex -3.57885 2.74615 36.9561
    endloop
  endfacet
  facet normal 0.694219 -0.138094 0.706393
    outer loop
      vertex 3.92223 -0.516371 37.511
      vertex 3.82127 -1.02391 37.511
      vertex 4.35733 -1.16754 36.9561
    endloop
  endfacet
  facet normal -0.4814 -0.720457 0.499195
    outer loop
      vertex -2.49441 -4.32044 36.3334
      vertex -3.27589 -4.26922 35.6537
      vertex -2.69062 -4.66029 35.6537
    endloop
  endfacet
  facet normal 0.0604479 -0.922193 0.381977
    outer loop
      vertex 0 -5.38124 35.6537
      vertex 0 -5.68158 34.9286
      vertex 0.741594 -5.63297 34.9286
    endloop
  endfacet
  facet normal -0.0862924 0.0983955 0.991399
    outer loop
      vertex -0.238889 0.311326 38.9872
      vertex -0.827698 0.827698 38.8847
      vertex -0.277481 0.277481 38.9872
    endloop
  endfacet
  facet normal -0.989358 0.0648402 0.130253
    outer loop
      vertex -5.83437 0.768108 34.1705
      vertex -5.98715 0 33.3924
      vertex -5.88471 0 34.1705
    endloop
  endfacet
  facet normal 0.726318 -0.636976 -0.258308
    outer loop
      vertex 4.16112 -4.16112 31.8295
      vertex 4.01748 -4.01748 31.0714
      vertex 4.5075 -3.45873 31.0714
    endloop
  endfacet
  facet normal 0.694824 0.609356 0.381973
    outer loop
      vertex 4.01748 4.01748 34.9286
      vertex 3.80511 3.80511 35.6537
      vertex 4.5075 3.45873 34.9286
    endloop
  endfacet
  facet normal 0.169039 -0.849845 0.499189
    outer loop
      vertex 1.39277 -5.19788 35.6537
      vertex 0.651171 -4.94614 36.3334
      vertex 0.702392 -5.3352 35.6537
    endloop
  endfacet
  facet normal 0.875133 0.297054 0.38197
    outer loop
      vertex 5.2491 2.17425 34.9286
      vertex 5.19788 1.39277 35.6537
      vertex 5.48798 1.4705 34.9286
    endloop
  endfacet
  facet normal -0.906417 -0.180299 0.38197
    outer loop
      vertex -5.19788 -1.39277 35.6537
      vertex -5.63297 -0.741594 34.9286
      vertex -5.48798 -1.4705 34.9286
    endloop
  endfacet
  facet normal 0.777135 0.383231 0.499195
    outer loop
      vertex 4.66029 2.69062 35.6537
      vertex 4.32044 2.49441 36.3334
      vertex 4.97161 2.05931 35.6537
    endloop
  endfacet
  facet normal 0.864636 -0.0566713 0.499192
    outer loop
      vertex 4.98882 0 36.3334
      vertex 4.94614 -0.651171 36.3334
      vertex 5.38124 0 35.6537
    endloop
  endfacet
  facet normal -0.458309 -0.40194 0.792715
    outer loop
      vertex -2.64458 -2.02926 37.9888
      vertex -2.79737 -2.79737 37.511
      vertex -2.35708 -2.35708 37.9888
    endloop
  endfacet
  facet normal 0.597892 0.11892 0.792706
    outer loop
      vertex 3.82127 1.02391 37.511
      vertex 3.21984 0.862753 37.9888
      vertex 3.3049 0.435099 37.9888
    endloop
  endfacet
  facet normal 0.831468 -0.555572 0
    outer loop
      vertex 4.74993 -3.64475 33.3924
      vertex 5.18503 -2.99358 32.6076
      vertex 5.18503 -2.99358 33.3924
    endloop
  endfacet
  facet normal 0.831468 -0.555572 0
    outer loop
      vertex 5.18503 -2.99358 32.6076
      vertex 4.74993 -3.64475 33.3924
      vertex 4.74993 -3.64475 32.6076
    endloop
  endfacet
  facet normal 0.745437 0.653727 0.130251
    outer loop
      vertex 4.74993 3.64475 33.3924
      vertex 4.23356 4.23356 33.3924
      vertex 4.66866 3.58239 34.1705
    endloop
  endfacet
  facet normal 0.269613 0.546734 -0.792711
    outer loop
      vertex 1.66671 2.88683 28.0112
      vertex 1.27564 3.07968 28.0112
      vertex 1.51392 3.65494 28.489
    endloop
  endfacet
  facet normal -0.376075 -0.074811 0.923564
    outer loop
      vertex -1.91214 -0.251738 38.6816
      vertex -2.56331 -0.686836 38.3812
      vertex -1.86292 -0.499167 38.6816
    endloop
  endfacet
  facet normal -0.427288 -0.866431 -0.258307
    outer loop
      vertex -2.17425 -5.2491 31.0714
      vertex -2.94236 -5.09631 31.8295
      vertex -2.84079 -4.92039 31.0714
    endloop
  endfacet
  facet normal -0.694219 0.138094 0.706393
    outer loop
      vertex -3.82127 1.02391 37.511
      vertex -4.35733 1.16754 36.9561
      vertex -3.92223 0.516371 37.511
    endloop
  endfacet
  facet normal -0.938861 -0.318703 0.130261
    outer loop
      vertex -5.43676 -2.25198 34.1705
      vertex -5.68419 -1.52308 34.1705
      vertex -5.53141 -2.29118 33.3924
    endloop
  endfacet
  facet normal -0.745429 0.653733 0.13026
    outer loop
      vertex -4.23356 4.23356 33.3924
      vertex -4.66866 3.58239 34.1705
      vertex -4.16112 4.16112 34.1705
    endloop
  endfacet
  facet normal -0.065402 0.997859 0
    outer loop
      vertex 0 5.98715 32.6076
      vertex -0.78148 5.93593 33.3924
      vertex 0 5.98715 33.3924
    endloop
  endfacet
  facet normal -0.065402 0.997859 0
    outer loop
      vertex -0.78148 5.93593 33.3924
      vertex 0 5.98715 32.6076
      vertex -0.78148 5.93593 32.6076
    endloop
  endfacet
  facet normal -0.768424 0.513439 0.381975
    outer loop
      vertex -4.5075 3.45873 34.9286
      vertex -4.92039 2.84079 34.9286
      vertex -4.66029 2.69062 35.6537
    endloop
  endfacet
  facet normal -0.914798 -0.310534 -0.258289
    outer loop
      vertex -5.43676 -2.25198 31.8295
      vertex -5.68419 -1.52308 31.8295
      vertex -5.2491 -2.17425 31.0714
    endloop
  endfacet
  facet normal -0.659344 0.751841 0
    outer loop
      vertex -3.64475 4.74993 32.6076
      vertex -4.23356 4.23356 33.3924
      vertex -3.64475 4.74993 33.3924
    endloop
  endfacet
  facet normal -0.659344 0.751841 0
    outer loop
      vertex -4.23356 4.23356 33.3924
      vertex -3.64475 4.74993 32.6076
      vertex -4.23356 4.23356 32.6076
    endloop
  endfacet
  facet normal -0.180299 -0.906417 -0.38197
    outer loop
      vertex -0.741594 -5.63297 31.0714
      vertex -1.4705 -5.48798 31.0714
      vertex -1.39277 -5.19788 30.3463
    endloop
  endfacet
  facet normal 0.188472 -0.947501 -0.258302
    outer loop
      vertex 1.52308 -5.68419 31.8295
      vertex 0.741594 -5.63297 31.0714
      vertex 1.4705 -5.48798 31.0714
    endloop
  endfacet
  facet normal 0.571315 -0.651464 0.499193
    outer loop
      vertex 3.80511 -3.80511 35.6537
      vertex 3.037 -3.95789 36.3334
      vertex 3.27589 -4.26922 35.6537
    endloop
  endfacet
  facet normal 0.963997 0.0631781 0.258299
    outer loop
      vertex 5.83437 0.768108 34.1705
      vertex 5.68158 0 34.9286
      vertex 5.88471 0 34.1705
    endloop
  endfacet
  facet normal -0.550839 -0.824384 0.130257
    outer loop
      vertex -2.94236 -5.09631 34.1705
      vertex -3.64475 -4.74993 33.3924
      vertex -2.99358 -5.18503 33.3924
    endloop
  endfacet
  facet normal -0.555572 -0.831468 0
    outer loop
      vertex -3.64475 -4.74993 32.6076
      vertex -2.99358 -5.18503 33.3924
      vertex -3.64475 -4.74993 33.3924
    endloop
  endfacet
  facet normal -0.555572 -0.831468 -0
    outer loop
      vertex -2.99358 -5.18503 33.3924
      vertex -3.64475 -4.74993 32.6076
      vertex -2.99358 -5.18503 32.6076
    endloop
  endfacet
  facet normal 0.609344 -0.694829 0.381984
    outer loop
      vertex 3.80511 -3.80511 35.6537
      vertex 3.27589 -4.26922 35.6537
      vertex 3.45873 -4.5075 34.9286
    endloop
  endfacet
  facet normal 0.546734 -0.269613 -0.792711
    outer loop
      vertex 3.65494 -1.51392 28.489
      vertex 2.88683 -1.66671 28.0112
      vertex 3.07968 -1.27564 28.0112
    endloop
  endfacet
  facet normal 0.596972 -0.523517 -0.60791
    outer loop
      vertex 3.52763 -3.52763 29.6666
      vertex 3.18979 -3.18979 29.0439
      vertex 3.95789 -3.037 29.6666
    endloop
  endfacet
  facet normal 0.466702 -0.532167 0.706391
    outer loop
      vertex 2.79737 -2.79737 37.511
      vertex 2.40831 -3.13857 37.511
      vertex 3.18979 -3.18979 36.9561
    endloop
  endfacet
  facet normal 0.506859 0.338675 0.792713
    outer loop
      vertex 3.13857 2.40831 37.511
      vertex 2.64458 2.02926 37.9888
      vertex 2.88683 1.66671 37.9888
    endloop
  endfacet
  facet normal -0.651464 0.571315 -0.499193
    outer loop
      vertex -3.95789 3.037 29.6666
      vertex -4.26922 3.27589 30.3463
      vertex -3.80511 3.80511 30.3463
    endloop
  endfacet
  facet normal -0.906416 -0.180291 -0.381976
    outer loop
      vertex -5.19788 -1.39277 30.3463
      vertex -5.63297 -0.741594 31.0714
      vertex -5.3352 -0.702392 30.3463
    endloop
  endfacet
  facet normal -0.922193 -0.0604479 -0.381977
    outer loop
      vertex -5.63297 -0.741594 31.0714
      vertex -5.68158 0 31.0714
      vertex -5.38124 0 30.3463
    endloop
  endfacet
  facet normal -0.138094 0.694219 -0.706393
    outer loop
      vertex -1.02391 3.82127 28.489
      vertex -1.16754 4.35733 29.0439
      vertex -0.516371 3.92223 28.489
    endloop
  endfacet
  facet normal 0.889235 0.438512 -0.130261
    outer loop
      vertex 5.43676 2.25198 31.8295
      vertex 5.09631 2.94236 31.8295
      vertex 5.53141 2.29118 32.6076
    endloop
  endfacet
  facet normal -0.636976 0.726318 0.258308
    outer loop
      vertex -3.45873 4.5075 34.9286
      vertex -4.16112 4.16112 34.1705
      vertex -4.01748 4.01748 34.9286
    endloop
  endfacet
  facet normal 0.351187 0.712116 0.607913
    outer loop
      vertex 2.49441 4.32044 36.3334
      vertex 1.7263 4.16766 36.9561
      vertex 2.25552 3.90667 36.9561
    endloop
  endfacet
  facet normal 0.875133 -0.297054 -0.38197
    outer loop
      vertex 5.2491 -2.17425 31.0714
      vertex 5.19788 -1.39277 30.3463
      vertex 5.48798 -1.4705 31.0714
    endloop
  endfacet
  facet normal 0.597884 0.118931 0.792711
    outer loop
      vertex 3.82127 1.02391 37.511
      vertex 3.3049 0.435099 37.9888
      vertex 3.92223 0.516371 37.511
    endloop
  endfacet
  facet normal 0.820502 0.278535 0.499194
    outer loop
      vertex 4.97161 2.05931 35.6537
      vertex 4.81883 1.2912 36.3334
      vertex 5.19788 1.39277 35.6537
    endloop
  endfacet
  facet normal 0.318703 0.938861 0.130261
    outer loop
      vertex 2.29118 5.53141 33.3924
      vertex 1.52308 5.68419 34.1705
      vertex 2.25198 5.43676 34.1705
    endloop
  endfacet
  facet normal 0.803255 0.536712 0.258307
    outer loop
      vertex 4.66866 3.58239 34.1705
      vertex 4.5075 3.45873 34.9286
      vertex 4.92039 2.84079 34.9286
    endloop
  endfacet
  facet normal 0.0578837 0.117378 0.991399
    outer loop
      vertex 0.447947 1.08144 38.8847
      vertex 0.150171 0.362547 38.9872
      vertex 0.585271 1.01372 38.8847
    endloop
  endfacet
  facet normal 0.694824 -0.609356 0.381973
    outer loop
      vertex 4.5075 -3.45873 34.9286
      vertex 3.80511 -3.80511 35.6537
      vertex 4.01748 -4.01748 34.9286
    endloop
  endfacet
  facet normal -0.875133 -0.297054 0.38197
    outer loop
      vertex -5.19788 -1.39277 35.6537
      vertex -5.48798 -1.4705 34.9286
      vertex -5.2491 -2.17425 34.9286
    endloop
  endfacet
  facet normal -0.972432 0.19342 -0.130249
    outer loop
      vertex -5.83437 0.768108 31.8295
      vertex -5.93593 0.78148 32.6076
      vertex -5.78315 1.54959 32.6076
    endloop
  endfacet
  facet normal -0.866444 -0.427273 -0.258289
    outer loop
      vertex -5.09631 -2.94236 31.8295
      vertex -5.43676 -2.25198 31.8295
      vertex -5.2491 -2.17425 31.0714
    endloop
  endfacet
  facet normal -0.889235 0.438512 -0.130261
    outer loop
      vertex -5.43676 2.25198 31.8295
      vertex -5.53141 2.29118 32.6076
      vertex -5.09631 2.94236 31.8295
    endloop
  endfacet
  facet normal -0.751868 0.255222 0.607912
    outer loop
      vertex -4.60907 1.90914 36.3334
      vertex -4.81883 1.2912 36.3334
      vertex -4.16766 1.7263 36.9561
    endloop
  endfacet
  facet normal -0.706304 0.0462871 0.706393
    outer loop
      vertex -3.92223 0.516371 37.511
      vertex -4.51104 0 36.9561
      vertex -3.95607 0 37.511
    endloop
  endfacet
  facet normal -0.989359 0.0648448 0.130249
    outer loop
      vertex -5.93593 0.78148 33.3924
      vertex -5.98715 0 33.3924
      vertex -5.83437 0.768108 34.1705
    endloop
  endfacet
  facet normal -0.989359 -0.0648448 0.130249
    outer loop
      vertex -5.83437 -0.768108 34.1705
      vertex -5.98715 0 33.3924
      vertex -5.93593 -0.78148 33.3924
    endloop
  endfacet
  facet normal -0.160992 -0.474221 -0.865561
    outer loop
      vertex -0.862753 -3.21984 28.0112
      vertex -0.986804 -2.82637 27.8187
      vertex -0.776457 -2.89778 27.8187
    endloop
  endfacet
  facet normal -0.16098 -0.474219 -0.865565
    outer loop
      vertex -0.986804 -2.82637 27.8187
      vertex -0.862753 -3.21984 28.0112
      vertex -1.27564 -3.07968 28.0112
    endloop
  endfacet
  facet normal -0.803255 0.536712 -0.258307
    outer loop
      vertex -4.5075 3.45873 31.0714
      vertex -4.92039 2.84079 31.0714
      vertex -4.66866 3.58239 31.8295
    endloop
  endfacet
  facet normal 0.550839 -0.824384 -0.130257
    outer loop
      vertex 2.99358 -5.18503 32.6076
      vertex 2.94236 -5.09631 31.8295
      vertex 3.64475 -4.74993 32.6076
    endloop
  endfacet
  facet normal -0.875116 0.297075 -0.381991
    outer loop
      vertex -5.19788 1.39277 30.3463
      vertex -5.2491 2.17425 31.0714
      vertex -4.97161 2.05931 30.3463
    endloop
  endfacet
  facet normal -0.123254 -0.363095 0.923564
    outer loop
      vertex -0.738057 -1.78183 38.6816
      vertex -1.01554 -2.45173 38.3812
      vertex -0.686836 -2.56331 38.3812
    endloop
  endfacet
  facet normal -0.466702 -0.532167 0.706391
    outer loop
      vertex -2.79737 -2.79737 37.511
      vertex -3.18979 -3.18979 36.9561
      vertex -2.40831 -3.13857 37.511
    endloop
  endfacet
  facet normal -0.138093 -0.69422 0.706392
    outer loop
      vertex -0.516371 -3.92223 37.511
      vertex -1.16754 -4.35733 36.9561
      vertex -0.588808 -4.47245 36.9561
    endloop
  endfacet
  facet normal -0.596972 -0.523517 0.60791
    outer loop
      vertex -3.18979 -3.18979 36.9561
      vertex -3.95789 -3.037 36.3334
      vertex -3.52763 -3.52763 36.3334
    endloop
  endfacet
  facet normal 0.980787 -0.195082 0
    outer loop
      vertex 5.78315 -1.54959 33.3924
      vertex 5.93593 -0.78148 32.6076
      vertex 5.93593 -0.78148 33.3924
    endloop
  endfacet
  facet normal 0.980787 -0.195082 0
    outer loop
      vertex 5.93593 -0.78148 32.6076
      vertex 5.78315 -1.54959 33.3924
      vertex 5.78315 -1.54959 32.6076
    endloop
  endfacet
  facet normal 0.706306 -0.0462907 -0.706392
    outer loop
      vertex 4.47245 -0.588808 29.0439
      vertex 3.92223 -0.516371 28.489
      vertex 4.51104 0 29.0439
    endloop
  endfacet
  facet normal 0.745437 -0.653727 -0.130251
    outer loop
      vertex 4.74993 -3.64475 32.6076
      vertex 4.23356 -4.23356 32.6076
      vertex 4.66866 -3.58239 31.8295
    endloop
  endfacet
  facet normal -0.0604474 -0.922193 -0.381976
    outer loop
      vertex 0 -5.38124 30.3463
      vertex -0.741594 -5.63297 31.0714
      vertex -0.702392 -5.3352 30.3463
    endloop
  endfacet
  facet normal 0.792306 -0.0519271 0.60791
    outer loop
      vertex 4.51104 0 36.9561
      vertex 4.47245 -0.588808 36.9561
      vertex 4.94614 -0.651171 36.3334
    endloop
  endfacet
  facet normal 0.383249 -0.777134 0.499183
    outer loop
      vertex 2.49441 -4.32044 36.3334
      vertex 1.90914 -4.60907 36.3334
      vertex 2.05931 -4.97161 35.6537
    endloop
  endfacet
  facet normal 0.849841 -0.169044 0.499194
    outer loop
      vertex 4.94614 -0.651171 36.3334
      vertex 4.81883 -1.2912 36.3334
      vertex 5.19788 -1.39277 35.6537
    endloop
  endfacet
  facet normal 0.491166 0.097698 0.86557
    outer loop
      vertex 3.3049 0.435099 37.9888
      vertex 2.56331 0.686836 38.3812
      vertex 2.63103 0.346381 38.3812
    endloop
  endfacet
  facet normal 0.636975 -0.72632 -0.258306
    outer loop
      vertex 3.58239 -4.66866 31.8295
      vertex 3.45873 -4.5075 31.0714
      vertex 4.16112 -4.16112 31.8295
    endloop
  endfacet
  facet normal 0.670261 -0.227515 0.70639
    outer loop
      vertex 3.82127 -1.02391 37.511
      vertex 3.65494 -1.51392 37.511
      vertex 4.16766 -1.7263 36.9561
    endloop
  endfacet
  facet normal 0.963994 -0.0631879 0.258309
    outer loop
      vertex 5.68158 0 34.9286
      vertex 5.63297 -0.741594 34.9286
      vertex 5.83437 -0.768108 34.1705
    endloop
  endfacet
  facet normal 0.0505904 -0.254318 0.965797
    outer loop
      vertex 0.302958 -1.13066 38.8847
      vertex 0.251738 -1.91214 38.6816
      vertex 0.499167 -1.86292 38.6816
    endloop
  endfacet
  facet normal 0.0566713 0.864636 0.499192
    outer loop
      vertex 0 5.38124 35.6537
      vertex 0 4.98882 36.3334
      vertex 0.651171 4.94614 36.3334
    endloop
  endfacet
  facet normal 0.474211 -0.160973 0.86557
    outer loop
      vertex 2.56331 -0.686836 38.3812
      vertex 2.45173 -1.01554 38.3812
      vertex 3.07968 -1.27564 37.9888
    endloop
  endfacet
  facet normal -0.39324 0.58854 -0.706387
    outer loop
      vertex -1.97804 3.42606 28.489
      vertex -2.40831 3.13857 28.489
      vertex -2.25552 3.90667 29.0439
    endloop
  endfacet
  facet normal -0.0566713 0.864636 -0.499192
    outer loop
      vertex 0 4.98882 29.6666
      vertex -0.651171 4.94614 29.6666
      vertex 0 5.38124 30.3463
    endloop
  endfacet
  facet normal 0.442283 0.896875 -0
    outer loop
      vertex 2.99358 5.18503 32.6076
      vertex 2.29118 5.53141 33.3924
      vertex 2.99358 5.18503 33.3924
    endloop
  endfacet
  facet normal 0.442283 0.896875 0
    outer loop
      vertex 2.29118 5.53141 33.3924
      vertex 2.99358 5.18503 32.6076
      vertex 2.29118 5.53141 32.6076
    endloop
  endfacet
  facet normal -0.138093 0.69422 0.706392
    outer loop
      vertex -0.588808 4.47245 36.9561
      vertex -1.16754 4.35733 36.9561
      vertex -0.516371 3.92223 37.511
    endloop
  endfacet
  facet normal -0.0519304 0.792304 -0.607912
    outer loop
      vertex 0 4.51104 29.0439
      vertex -0.651171 4.94614 29.6666
      vertex 0 4.98882 29.6666
    endloop
  endfacet
  facet normal 0.39324 0.58854 -0.706388
    outer loop
      vertex 2.40831 3.13857 28.489
      vertex 2.25552 3.90667 29.0439
      vertex 2.74615 3.57885 29.0439
    endloop
  endfacet
  facet normal 0.118931 0.597884 -0.792711
    outer loop
      vertex 1.02391 3.82127 28.489
      vertex 0.435099 3.3049 28.0112
      vertex 0.516371 3.92223 28.489
    endloop
  endfacet
  facet normal 0.651464 0.571315 -0.499193
    outer loop
      vertex 3.95789 3.037 29.6666
      vertex 3.80511 3.80511 30.3463
      vertex 4.26922 3.27589 30.3463
    endloop
  endfacet
  facet normal 0.694219 0.138094 -0.706393
    outer loop
      vertex 3.92223 0.516371 28.489
      vertex 3.82127 1.02391 28.489
      vertex 4.35733 1.16754 29.0439
    endloop
  endfacet
  facet normal 0.546734 0.269621 -0.792709
    outer loop
      vertex 3.65494 1.51392 28.489
      vertex 2.88683 1.66671 28.0112
      vertex 3.42606 1.97804 28.489
    endloop
  endfacet
  facet normal 0.441117 0.660195 0.607913
    outer loop
      vertex 2.49441 4.32044 36.3334
      vertex 2.25552 3.90667 36.9561
      vertex 2.74615 3.57885 36.9561
    endloop
  endfacet
  facet normal 0.571315 0.651464 0.499193
    outer loop
      vertex 3.27589 4.26922 35.6537
      vertex 3.037 3.95789 36.3334
      vertex 3.80511 3.80511 35.6537
    endloop
  endfacet
  facet normal -0.039864 0.608293 0.792711
    outer loop
      vertex 0 3.95607 37.511
      vertex -0.516371 3.92223 37.511
      vertex -0.435099 3.3049 37.9888
    endloop
  endfacet
  facet normal 0.188478 0.947498 0.258308
    outer loop
      vertex 0.768108 5.83437 34.1705
      vertex 0.741594 5.63297 34.9286
      vertex 1.52308 5.68419 34.1705
    endloop
  endfacet
  facet normal 0.536712 0.803255 -0.258307
    outer loop
      vertex 3.45873 4.5075 31.0714
      vertex 2.84079 4.92039 31.0714
      vertex 3.58239 4.66866 31.8295
    endloop
  endfacet
  facet normal 0.72632 0.636975 -0.258306
    outer loop
      vertex 4.5075 3.45873 31.0714
      vertex 4.16112 4.16112 31.8295
      vertex 4.66866 3.58239 31.8295
    endloop
  endfacet
  facet normal 0.383249 0.777134 0.499183
    outer loop
      vertex 2.05931 4.97161 35.6537
      vertex 1.90914 4.60907 36.3334
      vertex 2.49441 4.32044 36.3334
    endloop
  endfacet
  facet normal 0.694829 0.609344 0.381984
    outer loop
      vertex 4.5075 3.45873 34.9286
      vertex 3.80511 3.80511 35.6537
      vertex 4.26922 3.27589 35.6537
    endloop
  endfacet
  facet normal 0.989358 0.0648402 0.130253
    outer loop
      vertex 5.98715 0 33.3924
      vertex 5.83437 0.768108 34.1705
      vertex 5.88471 0 34.1705
    endloop
  endfacet
  facet normal 0.69422 0.138093 0.706392
    outer loop
      vertex 4.35733 1.16754 36.9561
      vertex 3.92223 0.516371 37.511
      vertex 4.47245 0.588808 36.9561
    endloop
  endfacet
  facet normal 0.258743 0.0169592 0.965797
    outer loop
      vertex 1.91214 0.251738 38.6816
      vertex 1.17054 0 38.8847
      vertex 1.92864 0 38.6816
    endloop
  endfacet
  facet normal 0.914798 -0.310534 -0.258289
    outer loop
      vertex 5.43676 -2.25198 31.8295
      vertex 5.2491 -2.17425 31.0714
      vertex 5.68419 -1.52308 31.8295
    endloop
  endfacet
  facet normal 0.896875 0.442283 0
    outer loop
      vertex 5.53141 2.29118 33.3924
      vertex 5.18503 2.99358 32.6076
      vertex 5.18503 2.99358 33.3924
    endloop
  endfacet
  facet normal 0.896875 0.442283 0
    outer loop
      vertex 5.18503 2.99358 32.6076
      vertex 5.53141 2.29118 33.3924
      vertex 5.53141 2.29118 32.6076
    endloop
  endfacet
  facet normal 0.278535 0.820502 -0.499194
    outer loop
      vertex 2.05931 4.97161 30.3463
      vertex 1.2912 4.81883 29.6666
      vertex 1.39277 5.19788 30.3463
    endloop
  endfacet
  facet normal 0.523517 0.596972 -0.60791
    outer loop
      vertex 3.18979 3.18979 29.0439
      vertex 3.037 3.95789 29.6666
      vertex 3.52763 3.52763 29.6666
    endloop
  endfacet
  facet normal -0.297054 0.875133 -0.38197
    outer loop
      vertex -1.39277 5.19788 30.3463
      vertex -2.17425 5.2491 31.0714
      vertex -1.4705 5.48798 31.0714
    endloop
  endfacet
  facet normal 0.180299 0.906417 -0.38197
    outer loop
      vertex 1.39277 5.19788 30.3463
      vertex 0.741594 5.63297 31.0714
      vertex 1.4705 5.48798 31.0714
    endloop
  endfacet
  facet normal -0.130594 -0.00855911 0.991399
    outer loop
      vertex -0.392418 0 38.9872
      vertex -1.17054 0 38.8847
      vertex -0.389061 -0.0512209 38.9872
    endloop
  endfacet
  facet normal -0.128359 0.0255321 0.991399
    outer loop
      vertex -0.379047 0.101565 38.9872
      vertex -1.16053 0.152786 38.8847
      vertex -0.389061 0.0512209 38.9872
    endloop
  endfacet
  facet normal 0.0648402 -0.989358 0.130253
    outer loop
      vertex 0 -5.88471 34.1705
      vertex 0 -5.98715 33.3924
      vertex 0.768108 -5.83437 34.1705
    endloop
  endfacet
  facet normal -0.963994 0.0631879 0.258309
    outer loop
      vertex -5.63297 0.741594 34.9286
      vertex -5.83437 0.768108 34.1705
      vertex -5.68158 0 34.9286
    endloop
  endfacet
  facet normal -0.0462907 -0.706306 0.706392
    outer loop
      vertex -0.516371 -3.92223 37.511
      vertex -0.588808 -4.47245 36.9561
      vertex 0 -4.51104 36.9561
    endloop
  endfacet
  facet normal -0.922193 0.0604479 0.381977
    outer loop
      vertex -5.63297 0.741594 34.9286
      vertex -5.68158 0 34.9286
      vertex -5.38124 0 35.6537
    endloop
  endfacet
  facet normal -0.57725 -0.195955 0.792707
    outer loop
      vertex -3.21984 -0.862753 37.9888
      vertex -3.82127 -1.02391 37.511
      vertex -3.07968 -1.27564 37.9888
    endloop
  endfacet
  facet normal -0.828869 -0.408743 0.381975
    outer loop
      vertex -4.66029 -2.69062 35.6537
      vertex -4.97161 -2.05931 35.6537
      vertex -4.92039 -2.84079 34.9286
    endloop
  endfacet
  facet normal -0.824384 0.550839 0.130257
    outer loop
      vertex -4.74993 3.64475 33.3924
      vertex -5.18503 2.99358 33.3924
      vertex -5.09631 2.94236 34.1705
    endloop
  endfacet
  facet normal 0.318705 0.93886 0.130264
    outer loop
      vertex 1.54959 5.78315 33.3924
      vertex 1.52308 5.68419 34.1705
      vertex 2.29118 5.53141 33.3924
    endloop
  endfacet
  facet normal -0.0631781 0.963997 -0.258299
    outer loop
      vertex 0 5.68158 31.0714
      vertex -0.768108 5.83437 31.8295
      vertex 0 5.88471 31.8295
    endloop
  endfacet
  facet normal -0.0648402 0.989358 -0.130253
    outer loop
      vertex 0 5.88471 31.8295
      vertex -0.768108 5.83437 31.8295
      vertex 0 5.98715 32.6076
    endloop
  endfacet
  facet normal -0.546734 0.269621 0.792709
    outer loop
      vertex -3.42606 1.97804 37.511
      vertex -3.65494 1.51392 37.511
      vertex -2.88683 1.66671 37.9888
    endloop
  endfacet
  facet normal -0.474208 0.160976 0.865571
    outer loop
      vertex -3.07968 1.27564 37.9888
      vertex -3.21984 0.862753 37.9888
      vertex -2.56331 0.686836 38.3812
    endloop
  endfacet
  facet normal -0.536712 0.803255 -0.258307
    outer loop
      vertex -2.84079 4.92039 31.0714
      vertex -3.58239 4.66866 31.8295
      vertex -2.94236 5.09631 31.8295
    endloop
  endfacet
  facet normal -0.720457 0.4814 0.499195
    outer loop
      vertex -4.26922 3.27589 35.6537
      vertex -4.66029 2.69062 35.6537
      vertex -4.32044 2.49441 36.3334
    endloop
  endfacet
  facet normal -0.875133 0.297054 0.38197
    outer loop
      vertex -5.2491 2.17425 34.9286
      vertex -5.48798 1.4705 34.9286
      vertex -5.19788 1.39277 35.6537
    endloop
  endfacet
  facet normal -0.864636 -0.0566713 0.499192
    outer loop
      vertex -4.98882 0 36.3334
      vertex -5.38124 0 35.6537
      vertex -4.94614 -0.651171 36.3334
    endloop
  endfacet
  facet normal -0.963997 0.0631781 0.258299
    outer loop
      vertex -5.83437 0.768108 34.1705
      vertex -5.88471 0 34.1705
      vertex -5.68158 0 34.9286
    endloop
  endfacet
  facet normal -0.989358 -0.0648402 0.130253
    outer loop
      vertex -5.88471 0 34.1705
      vertex -5.98715 0 33.3924
      vertex -5.83437 -0.768108 34.1705
    endloop
  endfacet
  facet normal -0.989359 0.0648448 -0.130249
    outer loop
      vertex -5.83437 0.768108 31.8295
      vertex -5.98715 0 32.6076
      vertex -5.93593 0.78148 32.6076
    endloop
  endfacet
  facet normal -0.824389 -0.550833 0.130251
    outer loop
      vertex -4.66866 -3.58239 34.1705
      vertex -5.09631 -2.94236 34.1705
      vertex -4.74993 -3.64475 33.3924
    endloop
  endfacet
  facet normal 0.828855 -0.408757 -0.381991
    outer loop
      vertex 5.2491 -2.17425 31.0714
      vertex 4.92039 -2.84079 31.0714
      vertex 4.97161 -2.05931 30.3463
    endloop
  endfacet
  facet normal 0.720459 0.481399 -0.499194
    outer loop
      vertex 4.32044 2.49441 29.6666
      vertex 3.95789 3.037 29.6666
      vertex 4.26922 3.27589 30.3463
    endloop
  endfacet
  facet normal -0.803255 -0.536712 -0.258307
    outer loop
      vertex -4.66866 -3.58239 31.8295
      vertex -4.92039 -2.84079 31.0714
      vertex -4.5075 -3.45873 31.0714
    endloop
  endfacet
  facet normal -0.745437 -0.653727 -0.130251
    outer loop
      vertex -4.23356 -4.23356 32.6076
      vertex -4.74993 -3.64475 32.6076
      vertex -4.66866 -3.58239 31.8295
    endloop
  endfacet
  facet normal -0.154903 -0.778747 0.607913
    outer loop
      vertex -1.16754 -4.35733 36.9561
      vertex -1.2912 -4.81883 36.3334
      vertex -0.651171 -4.94614 36.3334
    endloop
  endfacet
  facet normal -0.269613 -0.546734 -0.792711
    outer loop
      vertex -1.51392 -3.65494 28.489
      vertex -1.66671 -2.88683 28.0112
      vertex -1.27564 -3.07968 28.0112
    endloop
  endfacet
  facet normal 0.363095 -0.123254 0.923564
    outer loop
      vertex 2.56331 -0.686836 38.3812
      vertex 1.78183 -0.738057 38.6816
      vertex 2.45173 -1.01554 38.3812
    endloop
  endfacet
  facet normal 0.4667 -0.532172 0.706388
    outer loop
      vertex 3.18979 -3.18979 36.9561
      vertex 2.40831 -3.13857 37.511
      vertex 2.74615 -3.57885 36.9561
    endloop
  endfacet
  facet normal -0.491166 -0.097698 0.86557
    outer loop
      vertex -2.63103 -0.346381 38.3812
      vertex -3.3049 -0.435099 37.9888
      vertex -2.56331 -0.686836 38.3812
    endloop
  endfacet
  facet normal -0.491165 0.0976922 0.865571
    outer loop
      vertex -3.21984 0.862753 37.9888
      vertex -3.3049 0.435099 37.9888
      vertex -2.56331 0.686836 38.3812
    endloop
  endfacet
  facet normal -0.636976 -0.726318 0.258308
    outer loop
      vertex -4.01748 -4.01748 34.9286
      vertex -4.16112 -4.16112 34.1705
      vertex -3.45873 -4.5075 34.9286
    endloop
  endfacet
  facet normal 0.0566748 -0.864638 0.499189
    outer loop
      vertex 0.651171 -4.94614 36.3334
      vertex 0 -5.38124 35.6537
      vertex 0.702392 -5.3352 35.6537
    endloop
  endfacet
  facet normal 0.636976 -0.726318 -0.258308
    outer loop
      vertex 4.16112 -4.16112 31.8295
      vertex 3.45873 -4.5075 31.0714
      vertex 4.01748 -4.01748 31.0714
    endloop
  endfacet
  facet normal 0.938861 -0.318703 0.130261
    outer loop
      vertex 5.68419 -1.52308 34.1705
      vertex 5.43676 -2.25198 34.1705
      vertex 5.53141 -2.29118 33.3924
    endloop
  endfacet
  facet normal 0.297075 -0.875116 -0.381991
    outer loop
      vertex 2.17425 -5.2491 31.0714
      vertex 1.39277 -5.19788 30.3463
      vertex 2.05931 -4.97161 30.3463
    endloop
  endfacet
  facet normal 0.597884 0.118931 -0.792711
    outer loop
      vertex 3.92223 0.516371 28.489
      vertex 3.3049 0.435099 28.0112
      vertex 3.82127 1.02391 28.489
    endloop
  endfacet
  facet normal 0.875116 0.297075 0.381991
    outer loop
      vertex 5.2491 2.17425 34.9286
      vertex 4.97161 2.05931 35.6537
      vertex 5.19788 1.39277 35.6537
    endloop
  endfacet
  facet normal 0.255222 -0.751868 -0.607912
    outer loop
      vertex 1.90914 -4.60907 29.6666
      vertex 1.2912 -4.81883 29.6666
      vertex 1.7263 -4.16766 29.0439
    endloop
  endfacet
  facet normal 0.188478 -0.947498 -0.258308
    outer loop
      vertex 0.768108 -5.83437 31.8295
      vertex 0.741594 -5.63297 31.0714
      vertex 1.52308 -5.68419 31.8295
    endloop
  endfacet
  facet normal 0.310534 -0.914798 -0.258289
    outer loop
      vertex 2.25198 -5.43676 31.8295
      vertex 1.52308 -5.68419 31.8295
      vertex 2.17425 -5.2491 31.0714
    endloop
  endfacet
  facet normal 0.922193 0.0604479 0.381977
    outer loop
      vertex 5.63297 0.741594 34.9286
      vertex 5.38124 0 35.6537
      vertex 5.68158 0 34.9286
    endloop
  endfacet
  facet normal 0.922193 -0.0604479 0.381977
    outer loop
      vertex 5.68158 0 34.9286
      vertex 5.38124 0 35.6537
      vertex 5.63297 -0.741594 34.9286
    endloop
  endfacet
  facet normal -0.0519304 -0.792304 0.607912
    outer loop
      vertex 0 -4.51104 36.9561
      vertex -0.651171 -4.94614 36.3334
      vertex 0 -4.98882 36.3334
    endloop
  endfacet
  facet normal 0.138093 -0.69422 0.706392
    outer loop
      vertex 1.16754 -4.35733 36.9561
      vertex 0.516371 -3.92223 37.511
      vertex 0.588808 -4.47245 36.9561
    endloop
  endfacet
  facet normal 0.577249 -0.195942 0.792711
    outer loop
      vertex 3.82127 -1.02391 37.511
      vertex 3.07968 -1.27564 37.9888
      vertex 3.65494 -1.51392 37.511
    endloop
  endfacet
  facet normal 0.4814 -0.720457 0.499195
    outer loop
      vertex 3.27589 -4.26922 35.6537
      vertex 2.49441 -4.32044 36.3334
      vertex 2.69062 -4.66029 35.6537
    endloop
  endfacet
  facet normal 0.660195 -0.441117 0.607913
    outer loop
      vertex 3.90667 -2.25552 36.9561
      vertex 3.57885 -2.74615 36.9561
      vertex 4.32044 -2.49441 36.3334
    endloop
  endfacet
  facet normal 0.670258 -0.227518 0.706392
    outer loop
      vertex 4.35733 -1.16754 36.9561
      vertex 3.82127 -1.02391 37.511
      vertex 4.16766 -1.7263 36.9561
    endloop
  endfacet
  facet normal 0.651464 0.571315 0.499193
    outer loop
      vertex 4.26922 3.27589 35.6537
      vertex 3.80511 3.80511 35.6537
      vertex 3.95789 3.037 36.3334
    endloop
  endfacet
  facet normal 0.114684 -0.232559 0.965797
    outer loop
      vertex 0.585271 -1.01372 38.8847
      vertex 0.447947 -1.08144 38.8847
      vertex 0.738057 -1.78183 38.6816
    endloop
  endfacet
  facet normal 0.597892 -0.11892 0.792706
    outer loop
      vertex 3.3049 -0.435099 37.9888
      vertex 3.21984 -0.862753 37.9888
      vertex 3.82127 -1.02391 37.511
    endloop
  endfacet
  facet normal 0.382625 -0.0250752 0.923563
    outer loop
      vertex 2.65373 0 38.3812
      vertex 1.91214 -0.251738 38.6816
      vertex 2.63103 -0.346381 38.3812
    endloop
  endfacet
  facet normal 0.232559 0.114684 0.965797
    outer loop
      vertex 1.78183 0.738057 38.6816
      vertex 1.01372 0.585271 38.8847
      vertex 1.08144 0.447947 38.8847
    endloop
  endfacet
  facet normal -0.128359 -0.0255314 0.991399
    outer loop
      vertex -0.379047 -0.101565 38.9872
      vertex -1.16053 -0.152786 38.8847
      vertex -1.13066 -0.302958 38.8847
    endloop
  endfacet
  facet normal -0.401937 0.458316 -0.792712
    outer loop
      vertex -2.02926 2.64458 28.0112
      vertex -2.79737 2.79737 28.489
      vertex -2.40831 3.13857 28.489
    endloop
  endfacet
  facet normal -0.875133 0.297054 -0.38197
    outer loop
      vertex -5.19788 1.39277 30.3463
      vertex -5.48798 1.4705 31.0714
      vertex -5.2491 2.17425 31.0714
    endloop
  endfacet
  facet normal -0.169044 0.849841 -0.499194
    outer loop
      vertex -1.2912 4.81883 29.6666
      vertex -1.39277 5.19788 30.3463
      vertex -0.651171 4.94614 29.6666
    endloop
  endfacet
  facet normal -0.154903 0.778747 -0.607913
    outer loop
      vertex -1.16754 4.35733 29.0439
      vertex -1.2912 4.81883 29.6666
      vertex -0.651171 4.94614 29.6666
    endloop
  endfacet
  facet normal 0.039864 0.608293 -0.792711
    outer loop
      vertex 0.435099 3.3049 28.0112
      vertex 0 3.95607 28.489
      vertex 0.516371 3.92223 28.489
    endloop
  endfacet
  facet normal -0.313063 0.634826 -0.706391
    outer loop
      vertex -1.51392 3.65494 28.489
      vertex -1.97804 3.42606 28.489
      vertex -1.7263 4.16766 29.0439
    endloop
  endfacet
  facet normal 0.154907 0.778748 -0.60791
    outer loop
      vertex 1.16754 4.35733 29.0439
      vertex 0.588808 4.47245 29.0439
      vertex 0.651171 4.94614 29.6666
    endloop
  endfacet
  facet normal 0.25522 0.751867 -0.607913
    outer loop
      vertex 1.7263 4.16766 29.0439
      vertex 1.16754 4.35733 29.0439
      vertex 1.2912 4.81883 29.6666
    endloop
  endfacet
  facet normal 0.31307 0.634826 -0.706387
    outer loop
      vertex 1.97804 3.42606 28.489
      vertex 1.7263 4.16766 29.0439
      vertex 2.25552 3.90667 29.0439
    endloop
  endfacet
  facet normal 0.416396 0.278229 -0.865565
    outer loop
      vertex 2.50347 1.64158 27.8187
      vertex 2.64458 2.02926 28.0112
      vertex 2.88683 1.66671 28.0112
    endloop
  endfacet
  facet normal 0.416402 0.278225 -0.865563
    outer loop
      vertex 2.64458 2.02926 28.0112
      vertex 2.50347 1.64158 27.8187
      vertex 2.38006 1.82628 27.8187
    endloop
  endfacet
  facet normal 0.609356 0.694824 -0.381973
    outer loop
      vertex 3.80511 3.80511 30.3463
      vertex 3.45873 4.5075 31.0714
      vertex 4.01748 4.01748 31.0714
    endloop
  endfacet
  facet normal 0.474233 0.160964 -0.86556
    outer loop
      vertex 2.77164 1.14805 27.8187
      vertex 3.07968 1.27564 28.0112
      vertex 2.82637 0.986804 27.8187
    endloop
  endfacet
  facet normal 0.458309 0.40194 -0.792715
    outer loop
      vertex 2.64458 2.02926 28.0112
      vertex 2.35708 2.35708 28.0112
      vertex 2.79737 2.79737 28.489
    endloop
  endfacet
  facet normal 0.195955 -0.57725 -0.792707
    outer loop
      vertex 1.02391 -3.82127 28.489
      vertex 0.862753 -3.21984 28.0112
      vertex 1.27564 -3.07968 28.0112
    endloop
  endfacet
  facet normal 0.310534 0.914798 -0.258289
    outer loop
      vertex 2.17425 5.2491 31.0714
      vertex 1.52308 5.68419 31.8295
      vertex 2.25198 5.43676 31.8295
    endloop
  endfacet
  facet normal 0.19342 0.972432 -0.130249
    outer loop
      vertex 1.54959 5.78315 32.6076
      vertex 0.768108 5.83437 31.8295
      vertex 0.78148 5.93593 32.6076
    endloop
  endfacet
  facet normal 0.108818 -0.0727101 0.991399
    outer loop
      vertex 0.339844 -0.196209 38.9872
      vertex 0.311326 -0.238889 38.9872
      vertex 1.01372 -0.585271 38.8847
    endloop
  endfacet
  facet normal 0.252826 0.288286 0.923564
    outer loop
      vertex 1.87647 1.87647 38.3812
      vertex 1.17408 1.53009 38.6816
      vertex 1.36375 1.36375 38.6816
    endloop
  endfacet
  facet normal 0.828869 0.408743 0.381975
    outer loop
      vertex 4.92039 2.84079 34.9286
      vertex 4.66029 2.69062 35.6537
      vertex 4.97161 2.05931 35.6537
    endloop
  endfacet
  facet normal 0.720459 0.481399 0.499194
    outer loop
      vertex 4.26922 3.27589 35.6537
      vertex 3.95789 3.037 36.3334
      vertex 4.32044 2.49441 36.3334
    endloop
  endfacet
  facet normal 0.0604479 0.922193 0.381977
    outer loop
      vertex 0 5.68158 34.9286
      vertex 0 5.38124 35.6537
      vertex 0.741594 5.63297 34.9286
    endloop
  endfacet
  facet normal 0.169044 0.849841 0.499194
    outer loop
      vertex 1.39277 5.19788 35.6537
      vertex 0.651171 4.94614 36.3334
      vertex 1.2912 4.81883 36.3334
    endloop
  endfacet
  facet normal -0.636975 0.72632 -0.258306
    outer loop
      vertex -3.45873 4.5075 31.0714
      vertex -4.16112 4.16112 31.8295
      vertex -3.58239 4.66866 31.8295
    endloop
  endfacet
  facet normal -0.0648402 0.989358 0.130253
    outer loop
      vertex 0 5.98715 33.3924
      vertex -0.768108 5.83437 34.1705
      vertex 0 5.88471 34.1705
    endloop
  endfacet
  facet normal 0.513445 0.768415 -0.381984
    outer loop
      vertex 3.27589 4.26922 30.3463
      vertex 2.69062 4.66029 30.3463
      vertex 3.45873 4.5075 31.0714
    endloop
  endfacet
  facet normal 0.481399 0.720459 -0.499194
    outer loop
      vertex 3.037 3.95789 29.6666
      vertex 2.49441 4.32044 29.6666
      vertex 3.27589 4.26922 30.3463
    endloop
  endfacet
  facet normal 0.972427 0.193436 0.130265
    outer loop
      vertex 5.78315 1.54959 33.3924
      vertex 5.68419 1.52308 34.1705
      vertex 5.83437 0.768108 34.1705
    endloop
  endfacet
  facet normal 0.972427 0.193436 -0.130265
    outer loop
      vertex 5.83437 0.768108 31.8295
      vertex 5.68419 1.52308 31.8295
      vertex 5.78315 1.54959 32.6076
    endloop
  endfacet
  facet normal 0.768424 0.513439 -0.381975
    outer loop
      vertex 4.66029 2.69062 30.3463
      vertex 4.5075 3.45873 31.0714
      vertex 4.92039 2.84079 31.0714
    endloop
  endfacet
  facet normal 0.513439 0.768424 -0.381975
    outer loop
      vertex 3.45873 4.5075 31.0714
      vertex 2.69062 4.66029 30.3463
      vertex 2.84079 4.92039 31.0714
    endloop
  endfacet
  facet normal 0.963994 0.0631879 0.258309
    outer loop
      vertex 5.83437 0.768108 34.1705
      vertex 5.63297 0.741594 34.9286
      vertex 5.68158 0 34.9286
    endloop
  endfacet
  facet normal 0.914798 -0.310534 0.258289
    outer loop
      vertex 5.68419 -1.52308 34.1705
      vertex 5.2491 -2.17425 34.9286
      vertex 5.43676 -2.25198 34.1705
    endloop
  endfacet
  facet normal 0.947498 -0.188478 0.258308
    outer loop
      vertex 5.83437 -0.768108 34.1705
      vertex 5.63297 -0.741594 34.9286
      vertex 5.68419 -1.52308 34.1705
    endloop
  endfacet
  facet normal 0.922193 0.0604474 0.381976
    outer loop
      vertex 5.63297 0.741594 34.9286
      vertex 5.3352 0.702392 35.6537
      vertex 5.38124 0 35.6537
    endloop
  endfacet
  facet normal 0.751867 0.25522 0.607913
    outer loop
      vertex 4.81883 1.2912 36.3334
      vertex 4.16766 1.7263 36.9561
      vertex 4.35733 1.16754 36.9561
    endloop
  endfacet
  facet normal 0.416388 0.278224 0.86557
    outer loop
      vertex 2.64458 2.02926 37.9888
      vertex 2.10535 1.61549 38.3812
      vertex 2.88683 1.66671 37.9888
    endloop
  endfacet
  facet normal 0.792304 -0.0519304 0.607912
    outer loop
      vertex 4.98882 0 36.3334
      vertex 4.51104 0 36.9561
      vertex 4.94614 -0.651171 36.3334
    endloop
  endfacet
  facet normal 0.550833 0.824389 -0.130251
    outer loop
      vertex 3.58239 4.66866 31.8295
      vertex 2.94236 5.09631 31.8295
      vertex 3.64475 4.74993 32.6076
    endloop
  endfacet
  facet normal 0.408757 0.828855 -0.381991
    outer loop
      vertex 2.84079 4.92039 31.0714
      vertex 2.05931 4.97161 30.3463
      vertex 2.17425 5.2491 31.0714
    endloop
  endfacet
  facet normal -0.188478 0.947498 -0.258308
    outer loop
      vertex -0.741594 5.63297 31.0714
      vertex -1.52308 5.68419 31.8295
      vertex -0.768108 5.83437 31.8295
    endloop
  endfacet
  facet normal 0.0631781 0.963997 -0.258299
    outer loop
      vertex 0.768108 5.83437 31.8295
      vertex 0 5.68158 31.0714
      vertex 0 5.88471 31.8295
    endloop
  endfacet
  facet normal -0.180291 0.906416 -0.381976
    outer loop
      vertex -0.702392 5.3352 30.3463
      vertex -1.39277 5.19788 30.3463
      vertex -0.741594 5.63297 31.0714
    endloop
  endfacet
  facet normal 0.383249 0.777134 -0.499183
    outer loop
      vertex 2.49441 4.32044 29.6666
      vertex 1.90914 4.60907 29.6666
      vertex 2.05931 4.97161 30.3463
    endloop
  endfacet
  facet normal 0.0420703 0.123928 0.991399
    outer loop
      vertex 0.302958 1.13066 38.8847
      vertex 0.101565 0.379047 38.9872
      vertex 0.447947 1.08144 38.8847
    endloop
  endfacet
  facet normal 0.31882 0.213031 0.923564
    outer loop
      vertex 2.10535 1.61549 38.3812
      vertex 1.53009 1.17408 38.6816
      vertex 1.67025 0.964318 38.6816
    endloop
  endfacet
  facet normal -0.828855 -0.408757 -0.381991
    outer loop
      vertex -4.92039 -2.84079 31.0714
      vertex -5.2491 -2.17425 31.0714
      vertex -4.97161 -2.05931 30.3463
    endloop
  endfacet
  facet normal -0.745437 -0.653727 0.130251
    outer loop
      vertex -4.66866 -3.58239 34.1705
      vertex -4.74993 -3.64475 33.3924
      vertex -4.23356 -4.23356 33.3924
    endloop
  endfacet
  facet normal -0.914798 -0.310534 0.258289
    outer loop
      vertex -5.2491 -2.17425 34.9286
      vertex -5.68419 -1.52308 34.1705
      vertex -5.43676 -2.25198 34.1705
    endloop
  endfacet
  facet normal -0.636976 -0.726318 -0.258308
    outer loop
      vertex -3.45873 -4.5075 31.0714
      vertex -4.16112 -4.16112 31.8295
      vertex -4.01748 -4.01748 31.0714
    endloop
  endfacet
  facet normal -0.0648402 -0.989358 0.130253
    outer loop
      vertex 0 -5.88471 34.1705
      vertex -0.768108 -5.83437 34.1705
      vertex 0 -5.98715 33.3924
    endloop
  endfacet
  facet normal -0.609356 -0.694824 0.381973
    outer loop
      vertex -3.80511 -3.80511 35.6537
      vertex -4.01748 -4.01748 34.9286
      vertex -3.45873 -4.5075 34.9286
    endloop
  endfacet
  facet normal -0.33867 -0.506868 0.792709
    outer loop
      vertex -1.66671 -2.88683 37.9888
      vertex -2.40831 -3.13857 37.511
      vertex -1.97804 -3.42606 37.511
    endloop
  endfacet
  facet normal -0.694824 -0.609356 0.381973
    outer loop
      vertex -3.80511 -3.80511 35.6537
      vertex -4.5075 -3.45873 34.9286
      vertex -4.01748 -4.01748 34.9286
    endloop
  endfacet
  facet normal -0.93886 0.318705 0.130264
    outer loop
      vertex -5.53141 2.29118 33.3924
      vertex -5.78315 1.54959 33.3924
      vertex -5.68419 1.52308 34.1705
    endloop
  endfacet
  facet normal -0.824389 0.550833 0.130251
    outer loop
      vertex -4.74993 3.64475 33.3924
      vertex -5.09631 2.94236 34.1705
      vertex -4.66866 3.58239 34.1705
    endloop
  endfacet
  facet normal -0.889234 0.438515 -0.130258
    outer loop
      vertex -5.09631 2.94236 31.8295
      vertex -5.53141 2.29118 32.6076
      vertex -5.18503 2.99358 32.6076
    endloop
  endfacet
  facet normal -0.972427 0.193436 -0.130265
    outer loop
      vertex -5.68419 1.52308 31.8295
      vertex -5.83437 0.768108 31.8295
      vertex -5.78315 1.54959 32.6076
    endloop
  endfacet
  facet normal -0.427288 0.866431 0.258307
    outer loop
      vertex -2.17425 5.2491 34.9286
      vertex -2.94236 5.09631 34.1705
      vertex -2.84079 4.92039 34.9286
    endloop
  endfacet
  facet normal -0.550833 0.824389 0.130251
    outer loop
      vertex -2.94236 5.09631 34.1705
      vertex -3.64475 4.74993 33.3924
      vertex -3.58239 4.66866 34.1705
    endloop
  endfacet
  facet normal -0.25522 0.751867 -0.607913
    outer loop
      vertex -1.16754 4.35733 29.0439
      vertex -1.7263 4.16766 29.0439
      vertex -1.2912 4.81883 29.6666
    endloop
  endfacet
  facet normal -0.694829 0.609344 -0.381984
    outer loop
      vertex -4.26922 3.27589 30.3463
      vertex -4.5075 3.45873 31.0714
      vertex -3.80511 3.80511 30.3463
    endloop
  endfacet
  facet normal -0.118931 0.597884 0.792711
    outer loop
      vertex -0.516371 3.92223 37.511
      vertex -1.02391 3.82127 37.511
      vertex -0.435099 3.3049 37.9888
    endloop
  endfacet
  facet normal -0.114686 0.232559 0.965797
    outer loop
      vertex -0.738057 1.78183 38.6816
      vertex -0.964318 1.67025 38.6816
      vertex -0.585271 1.01372 38.8847
    endloop
  endfacet
  facet normal -0.416388 0.278224 0.86557
    outer loop
      vertex -2.64458 2.02926 37.9888
      vertex -2.88683 1.66671 37.9888
      vertex -2.10535 1.61549 38.3812
    endloop
  endfacet
  facet normal 0.154907 0.778748 0.60791
    outer loop
      vertex 0.651171 4.94614 36.3334
      vertex 0.588808 4.47245 36.9561
      vertex 1.16754 4.35733 36.9561
    endloop
  endfacet
  facet normal -0.706304 -0.0462871 0.706393
    outer loop
      vertex -3.95607 0 37.511
      vertex -4.51104 0 36.9561
      vertex -3.92223 -0.516371 37.511
    endloop
  endfacet
  facet normal -0.670258 0.227518 0.706392
    outer loop
      vertex -4.16766 1.7263 36.9561
      vertex -4.35733 1.16754 36.9561
      vertex -3.82127 1.02391 37.511
    endloop
  endfacet
  facet normal -0.914798 0.310534 0.258289
    outer loop
      vertex -5.43676 2.25198 34.1705
      vertex -5.68419 1.52308 34.1705
      vertex -5.2491 2.17425 34.9286
    endloop
  endfacet
  facet normal -0.550839 0.824384 0.130257
    outer loop
      vertex -2.99358 5.18503 33.3924
      vertex -3.64475 4.74993 33.3924
      vertex -2.94236 5.09631 34.1705
    endloop
  endfacet
  facet normal -0.694829 0.609344 0.381984
    outer loop
      vertex -3.80511 3.80511 35.6537
      vertex -4.5075 3.45873 34.9286
      vertex -4.26922 3.27589 35.6537
    endloop
  endfacet
  facet normal -0.694824 0.609356 0.381973
    outer loop
      vertex -4.01748 4.01748 34.9286
      vertex -4.5075 3.45873 34.9286
      vertex -3.80511 3.80511 35.6537
    endloop
  endfacet
  facet normal -0.947501 0.188472 0.258302
    outer loop
      vertex -5.48798 1.4705 34.9286
      vertex -5.68419 1.52308 34.1705
      vertex -5.63297 0.741594 34.9286
    endloop
  endfacet
  facet normal -0.849845 0.169039 0.499189
    outer loop
      vertex -5.19788 1.39277 35.6537
      vertex -5.3352 0.702392 35.6537
      vertex -4.94614 0.651171 36.3334
    endloop
  endfacet
  facet normal -0.947498 -0.188478 0.258308
    outer loop
      vertex -5.63297 -0.741594 34.9286
      vertex -5.83437 -0.768108 34.1705
      vertex -5.68419 -1.52308 34.1705
    endloop
  endfacet
  facet normal -0.93886 -0.318705 0.130264
    outer loop
      vertex -5.68419 -1.52308 34.1705
      vertex -5.78315 -1.54959 33.3924
      vertex -5.53141 -2.29118 33.3924
    endloop
  endfacet
  facet normal -0.866444 0.427273 -0.258289
    outer loop
      vertex -5.2491 2.17425 31.0714
      vertex -5.43676 2.25198 31.8295
      vertex -5.09631 2.94236 31.8295
    endloop
  endfacet
  facet normal 0.466702 -0.532167 -0.706391
    outer loop
      vertex 3.18979 -3.18979 29.0439
      vertex 2.40831 -3.13857 28.489
      vertex 2.79737 -2.79737 28.489
    endloop
  endfacet
  facet normal 0.481399 -0.720459 -0.499194
    outer loop
      vertex 3.27589 -4.26922 30.3463
      vertex 2.49441 -4.32044 29.6666
      vertex 3.037 -3.95789 29.6666
    endloop
  endfacet
  facet normal 0.499728 -0.0327629 -0.865563
    outer loop
      vertex 3.3049 -0.435099 28.0112
      vertex 2.97433 -0.391578 27.8187
      vertex 2.98547 -0.221661 27.8187
    endloop
  endfacet
  facet normal 0.523525 -0.596969 -0.607905
    outer loop
      vertex 3.037 -3.95789 29.6666
      vertex 2.74615 -3.57885 29.0439
      vertex 3.18979 -3.18979 29.0439
    endloop
  endfacet
  facet normal 0.0631879 -0.963994 -0.258309
    outer loop
      vertex 0.768108 -5.83437 31.8295
      vertex 0 -5.68158 31.0714
      vertex 0.741594 -5.63297 31.0714
    endloop
  endfacet
  facet normal 0.31307 -0.634826 -0.706387
    outer loop
      vertex 2.25552 -3.90667 29.0439
      vertex 1.7263 -4.16766 29.0439
      vertex 1.97804 -3.42606 28.489
    endloop
  endfacet
  facet normal -0.751868 -0.255222 -0.607912
    outer loop
      vertex -4.60907 -1.90914 29.6666
      vertex -4.81883 -1.2912 29.6666
      vertex -4.16766 -1.7263 29.0439
    endloop
  endfacet
  facet normal -0.506868 -0.33867 -0.792709
    outer loop
      vertex -3.13857 -2.40831 28.489
      vertex -3.42606 -1.97804 28.489
      vertex -2.88683 -1.66671 28.0112
    endloop
  endfacet
  facet normal 0.441131 -0.660193 0.607905
    outer loop
      vertex 2.74615 -3.57885 36.9561
      vertex 2.49441 -4.32044 36.3334
      vertex 3.037 -3.95789 36.3334
    endloop
  endfacet
  facet normal 0.0519304 -0.792304 0.607912
    outer loop
      vertex 0 -4.51104 36.9561
      vertex 0 -4.98882 36.3334
      vertex 0.651171 -4.94614 36.3334
    endloop
  endfacet
  facet normal -0.866431 -0.427288 0.258307
    outer loop
      vertex -4.92039 -2.84079 34.9286
      vertex -5.2491 -2.17425 34.9286
      vertex -5.09631 -2.94236 34.1705
    endloop
  endfacet
  facet normal -0.726318 -0.636976 0.258308
    outer loop
      vertex -4.01748 -4.01748 34.9286
      vertex -4.5075 -3.45873 34.9286
      vertex -4.16112 -4.16112 34.1705
    endloop
  endfacet
  facet normal -0.195082 -0.980787 0
    outer loop
      vertex -1.54959 -5.78315 32.6076
      vertex -0.78148 -5.93593 33.3924
      vertex -1.54959 -5.78315 33.3924
    endloop
  endfacet
  facet normal -0.195082 -0.980787 -0
    outer loop
      vertex -0.78148 -5.93593 33.3924
      vertex -1.54959 -5.78315 32.6076
      vertex -0.78148 -5.93593 32.6076
    endloop
  endfacet
  facet normal -0.310534 -0.914798 -0.258289
    outer loop
      vertex -1.52308 -5.68419 31.8295
      vertex -2.25198 -5.43676 31.8295
      vertex -2.17425 -5.2491 31.0714
    endloop
  endfacet
  facet normal -0.383231 -0.777135 -0.499195
    outer loop
      vertex -2.05931 -4.97161 30.3463
      vertex -2.69062 -4.66029 30.3463
      vertex -2.49441 -4.32044 29.6666
    endloop
  endfacet
  facet normal -0.408743 -0.828869 -0.381975
    outer loop
      vertex -2.05931 -4.97161 30.3463
      vertex -2.84079 -4.92039 31.0714
      vertex -2.69062 -4.66029 30.3463
    endloop
  endfacet
  facet normal -0.193436 -0.972427 0.130265
    outer loop
      vertex -1.52308 -5.68419 34.1705
      vertex -1.54959 -5.78315 33.3924
      vertex -0.768108 -5.83437 34.1705
    endloop
  endfacet
  facet normal 0.499717 -0.0327488 0.86557
    outer loop
      vertex 2.65373 0 38.3812
      vertex 2.63103 -0.346381 38.3812
      vertex 3.3049 -0.435099 37.9888
    endloop
  endfacet
  facet normal 0.330198 -0.376507 0.86557
    outer loop
      vertex 1.87647 -1.87647 38.3812
      vertex 1.61549 -2.10535 38.3812
      vertex 2.02926 -2.64458 37.9888
    endloop
  endfacet
  facet normal -0.074811 0.376075 0.923564
    outer loop
      vertex -0.251738 1.91214 38.6816
      vertex -0.686836 2.56331 38.3812
      vertex -0.499167 1.86292 38.6816
    endloop
  endfacet
  facet normal -0.221489 -0.449145 0.86557
    outer loop
      vertex -1.01554 -2.45173 38.3812
      vertex -1.66671 -2.88683 37.9888
      vertex -1.27564 -3.07968 37.9888
    endloop
  endfacet
  facet normal -0.506868 -0.33867 0.792709
    outer loop
      vertex -2.88683 -1.66671 37.9888
      vertex -3.42606 -1.97804 37.511
      vertex -3.13857 -2.40831 37.511
    endloop
  endfacet
  facet normal -0.0420703 -0.123928 0.991399
    outer loop
      vertex -0.101565 -0.379047 38.9872
      vertex -0.447947 -1.08144 38.8847
      vertex -0.302958 -1.13066 38.8847
    endloop
  endfacet
  facet normal 0.820513 -0.278523 0.499183
    outer loop
      vertex 4.81883 -1.2912 36.3334
      vertex 4.60907 -1.90914 36.3334
      vertex 4.97161 -2.05931 35.6537
    endloop
  endfacet
  facet normal 0.824384 -0.550839 -0.130257
    outer loop
      vertex 5.18503 -2.99358 32.6076
      vertex 4.74993 -3.64475 32.6076
      vertex 5.09631 -2.94236 31.8295
    endloop
  endfacet
  facet normal 0.820502 -0.278535 0.499194
    outer loop
      vertex 5.19788 -1.39277 35.6537
      vertex 4.81883 -1.2912 36.3334
      vertex 4.97161 -2.05931 35.6537
    endloop
  endfacet
  facet normal 0.660193 -0.441131 0.607905
    outer loop
      vertex 4.32044 -2.49441 36.3334
      vertex 3.57885 -2.74615 36.9561
      vertex 3.95789 -3.037 36.3334
    endloop
  endfacet
  facet normal 0.824389 -0.550833 -0.130251
    outer loop
      vertex 4.74993 -3.64475 32.6076
      vertex 4.66866 -3.58239 31.8295
      vertex 5.09631 -2.94236 31.8295
    endloop
  endfacet
  facet normal 0.778748 0.154907 -0.60791
    outer loop
      vertex 4.47245 0.588808 29.0439
      vertex 4.35733 1.16754 29.0439
      vertex 4.94614 0.651171 29.6666
    endloop
  endfacet
  facet normal 0.768415 -0.513445 -0.381984
    outer loop
      vertex 4.5075 -3.45873 31.0714
      vertex 4.26922 -3.27589 30.3463
      vertex 4.66029 -2.69062 30.3463
    endloop
  endfacet
  facet normal 0.408757 -0.828855 -0.381991
    outer loop
      vertex 2.17425 -5.2491 31.0714
      vertex 2.05931 -4.97161 30.3463
      vertex 2.84079 -4.92039 31.0714
    endloop
  endfacet
  facet normal 0.338675 -0.506859 -0.792713
    outer loop
      vertex 2.40831 -3.13857 28.489
      vertex 1.66671 -2.88683 28.0112
      vertex 2.02926 -2.64458 28.0112
    endloop
  endfacet
  facet normal 0.864636 -0.0566713 -0.499192
    outer loop
      vertex 5.38124 0 30.3463
      vertex 4.94614 -0.651171 29.6666
      vertex 4.98882 0 29.6666
    endloop
  endfacet
  facet normal 0.25522 -0.751867 -0.607913
    outer loop
      vertex 1.2912 -4.81883 29.6666
      vertex 1.16754 -4.35733 29.0439
      vertex 1.7263 -4.16766 29.0439
    endloop
  endfacet
  facet normal -0.118931 -0.597884 -0.792711
    outer loop
      vertex -0.516371 -3.92223 28.489
      vertex -1.02391 -3.82127 28.489
      vertex -0.435099 -3.3049 28.0112
    endloop
  endfacet
  facet normal 0.310518 -0.914799 -0.258303
    outer loop
      vertex 1.52308 -5.68419 31.8295
      vertex 1.4705 -5.48798 31.0714
      vertex 2.17425 -5.2491 31.0714
    endloop
  endfacet
  facet normal -0.0631781 -0.963997 -0.258299
    outer loop
      vertex 0 -5.88471 31.8295
      vertex -0.768108 -5.83437 31.8295
      vertex 0 -5.68158 31.0714
    endloop
  endfacet
  facet normal 0.318705 -0.93886 -0.130264
    outer loop
      vertex 1.54959 -5.78315 32.6076
      vertex 1.52308 -5.68419 31.8295
      vertex 2.29118 -5.53141 32.6076
    endloop
  endfacet
  facet normal 0.438512 -0.889235 0.130261
    outer loop
      vertex 2.94236 -5.09631 34.1705
      vertex 2.25198 -5.43676 34.1705
      vertex 2.29118 -5.53141 33.3924
    endloop
  endfacet
  facet normal 0.442283 -0.896875 0
    outer loop
      vertex 2.29118 -5.53141 32.6076
      vertex 2.99358 -5.18503 33.3924
      vertex 2.29118 -5.53141 33.3924
    endloop
  endfacet
  facet normal 0.442283 -0.896875 0
    outer loop
      vertex 2.99358 -5.18503 33.3924
      vertex 2.29118 -5.53141 32.6076
      vertex 2.99358 -5.18503 32.6076
    endloop
  endfacet
  facet normal 0.864638 -0.0566748 0.499189
    outer loop
      vertex 5.38124 0 35.6537
      vertex 4.94614 -0.651171 36.3334
      vertex 5.3352 -0.702392 35.6537
    endloop
  endfacet
  facet normal 0.849845 -0.169039 0.499189
    outer loop
      vertex 5.3352 -0.702392 35.6537
      vertex 4.94614 -0.651171 36.3334
      vertex 5.19788 -1.39277 35.6537
    endloop
  endfacet
  facet normal 0.351186 -0.712118 0.607912
    outer loop
      vertex 2.49441 -4.32044 36.3334
      vertex 1.7263 -4.16766 36.9561
      vertex 1.90914 -4.60907 36.3334
    endloop
  endfacet
  facet normal 0.310518 -0.914799 0.258303
    outer loop
      vertex 2.17425 -5.2491 34.9286
      vertex 1.4705 -5.48798 34.9286
      vertex 1.52308 -5.68419 34.1705
    endloop
  endfacet
  facet normal 0.213031 -0.31882 0.923564
    outer loop
      vertex 1.17408 -1.53009 38.6816
      vertex 0.964318 -1.67025 38.6816
      vertex 1.61549 -2.10535 38.3812
    endloop
  endfacet
  facet normal -0.31307 -0.634826 0.706387
    outer loop
      vertex -1.97804 -3.42606 37.511
      vertex -2.25552 -3.90667 36.9561
      vertex -1.7263 -4.16766 36.9561
    endloop
  endfacet
  facet normal 0.313063 -0.634826 0.706391
    outer loop
      vertex 1.97804 -3.42606 37.511
      vertex 1.51392 -3.65494 37.511
      vertex 1.7263 -4.16766 36.9561
    endloop
  endfacet
  facet normal -0.180291 -0.906416 0.381976
    outer loop
      vertex -0.702392 -5.3352 35.6537
      vertex -1.39277 -5.19788 35.6537
      vertex -0.741594 -5.63297 34.9286
    endloop
  endfacet
  facet normal 0.651472 -0.571311 0.499188
    outer loop
      vertex 3.95789 -3.037 36.3334
      vertex 3.52763 -3.52763 36.3334
      vertex 3.80511 -3.80511 35.6537
    endloop
  endfacet
  facet normal 0.523525 -0.596969 0.607905
    outer loop
      vertex 3.18979 -3.18979 36.9561
      vertex 2.74615 -3.57885 36.9561
      vertex 3.037 -3.95789 36.3334
    endloop
  endfacet
  facet normal 0.506868 -0.33867 0.792709
    outer loop
      vertex 3.42606 -1.97804 37.511
      vertex 2.88683 -1.66671 37.9888
      vertex 3.13857 -2.40831 37.511
    endloop
  endfacet
  facet normal 0.58854 -0.39324 0.706388
    outer loop
      vertex 3.90667 -2.25552 36.9561
      vertex 3.13857 -2.40831 37.511
      vertex 3.57885 -2.74615 36.9561
    endloop
  endfacet
  facet normal 0.777134 -0.383249 0.499183
    outer loop
      vertex 4.60907 -1.90914 36.3334
      vertex 4.32044 -2.49441 36.3334
      vertex 4.97161 -2.05931 35.6537
    endloop
  endfacet
  facet normal 0.768424 -0.513439 0.381975
    outer loop
      vertex 4.66029 -2.69062 35.6537
      vertex 4.5075 -3.45873 34.9286
      vertex 4.92039 -2.84079 34.9286
    endloop
  endfacet
  facet normal 0.376078 -0.0748058 0.923563
    outer loop
      vertex 2.63103 -0.346381 38.3812
      vertex 1.91214 -0.251738 38.6816
      vertex 2.56331 -0.686836 38.3812
    endloop
  endfacet
  facet normal -0.252826 -0.288286 0.923564
    outer loop
      vertex -1.36375 -1.36375 38.6816
      vertex -1.87647 -1.87647 38.3812
      vertex -1.17408 -1.53009 38.6816
    endloop
  endfacet
  facet normal 0.499713 -0.0327554 0.865571
    outer loop
      vertex 3.33342 0 37.9888
      vertex 2.65373 0 38.3812
      vertex 3.3049 -0.435099 37.9888
    endloop
  endfacet
  facet normal 0.0983965 -0.0862915 0.991399
    outer loop
      vertex 0.928653 -0.712581 38.8847
      vertex 0.311326 -0.238889 38.9872
      vertex 0.827698 -0.827698 38.8847
    endloop
  endfacet
  facet normal 0.751867 -0.25522 0.607913
    outer loop
      vertex 4.35733 -1.16754 36.9561
      vertex 4.16766 -1.7263 36.9561
      vertex 4.81883 -1.2912 36.3334
    endloop
  endfacet
  facet normal 0.706304 0.0462871 0.706393
    outer loop
      vertex 4.51104 0 36.9561
      vertex 3.92223 0.516371 37.511
      vertex 3.95607 0 37.511
    endloop
  endfacet
  facet normal 0.376507 0.330199 0.86557
    outer loop
      vertex 2.35708 2.35708 37.9888
      vertex 1.87647 1.87647 38.3812
      vertex 2.64458 2.02926 37.9888
    endloop
  endfacet
  facet normal 0.376507 0.330198 0.86557
    outer loop
      vertex 2.64458 2.02926 37.9888
      vertex 1.87647 1.87647 38.3812
      vertex 2.10535 1.61549 38.3812
    endloop
  endfacet
  facet normal 0.39324 0.58854 0.706387
    outer loop
      vertex 2.25552 3.90667 36.9561
      vertex 1.97804 3.42606 37.511
      vertex 2.40831 3.13857 37.511
    endloop
  endfacet
  facet normal 0.252826 0.288285 0.923564
    outer loop
      vertex 1.61549 2.10535 38.3812
      vertex 1.17408 1.53009 38.6816
      vertex 1.87647 1.87647 38.3812
    endloop
  endfacet
  facet normal -0.596969 0.523525 -0.607905
    outer loop
      vertex -3.57885 2.74615 29.0439
      vertex -3.95789 3.037 29.6666
      vertex -3.18979 3.18979 29.0439
    endloop
  endfacet
  facet normal -0.408743 0.828869 -0.381975
    outer loop
      vertex -2.69062 4.66029 30.3463
      vertex -2.84079 4.92039 31.0714
      vertex -2.05931 4.97161 30.3463
    endloop
  endfacet
  facet normal -0.58854 0.39324 -0.706388
    outer loop
      vertex -3.13857 2.40831 28.489
      vertex -3.90667 2.25552 29.0439
      vertex -3.57885 2.74615 29.0439
    endloop
  endfacet
  facet normal 0.195955 0.57725 -0.792707
    outer loop
      vertex 1.27564 3.07968 28.0112
      vertex 0.862753 3.21984 28.0112
      vertex 1.02391 3.82127 28.489
    endloop
  endfacet
  facet normal 0.138093 0.69422 -0.706392
    outer loop
      vertex 1.16754 4.35733 29.0439
      vertex 0.516371 3.92223 28.489
      vertex 0.588808 4.47245 29.0439
    endloop
  endfacet
  facet normal -0.351186 0.712118 -0.607912
    outer loop
      vertex -1.7263 4.16766 29.0439
      vertex -2.49441 4.32044 29.6666
      vertex -1.90914 4.60907 29.6666
    endloop
  endfacet
  facet normal -0.39324 0.58854 -0.706388
    outer loop
      vertex -2.40831 3.13857 28.489
      vertex -2.74615 3.57885 29.0439
      vertex -2.25552 3.90667 29.0439
    endloop
  endfacet
  facet normal -0.416392 0.278251 -0.86556
    outer loop
      vertex -2.59808 1.5 27.8187
      vertex -2.88683 1.66671 28.0112
      vertex -2.50347 1.64158 27.8187
    endloop
  endfacet
  facet normal -0.154907 0.778748 -0.60791
    outer loop
      vertex -0.588808 4.47245 29.0439
      vertex -1.16754 4.35733 29.0439
      vertex -0.651171 4.94614 29.6666
    endloop
  endfacet
  facet normal -0.0519271 0.792306 -0.60791
    outer loop
      vertex -0.588808 4.47245 29.0439
      vertex -0.651171 4.94614 29.6666
      vertex 0 4.51104 29.0439
    endloop
  endfacet
  facet normal 0.227518 0.670258 -0.706392
    outer loop
      vertex 1.7263 4.16766 29.0439
      vertex 1.02391 3.82127 28.489
      vertex 1.16754 4.35733 29.0439
    endloop
  endfacet
  facet normal 0.0519271 0.792306 -0.60791
    outer loop
      vertex 0.588808 4.47245 29.0439
      vertex 0 4.51104 29.0439
      vertex 0.651171 4.94614 29.6666
    endloop
  endfacet
  facet normal 0.408743 0.828869 -0.381975
    outer loop
      vertex 2.69062 4.66029 30.3463
      vertex 2.05931 4.97161 30.3463
      vertex 2.84079 4.92039 31.0714
    endloop
  endfacet
  facet normal 0.466702 0.532167 -0.706391
    outer loop
      vertex 2.79737 2.79737 28.489
      vertex 2.40831 3.13857 28.489
      vertex 3.18979 3.18979 29.0439
    endloop
  endfacet
  facet normal 0.0398728 0.608296 -0.792708
    outer loop
      vertex 0.435099 3.3049 28.0112
      vertex 0 3.33342 28.0112
      vertex 0 3.95607 28.489
    endloop
  endfacet
  facet normal -0.227515 0.670261 -0.70639
    outer loop
      vertex -1.51392 3.65494 28.489
      vertex -1.7263 4.16766 29.0439
      vertex -1.02391 3.82127 28.489
    endloop
  endfacet
  facet normal 0.458316 0.401937 -0.792712
    outer loop
      vertex 3.13857 2.40831 28.489
      vertex 2.64458 2.02926 28.0112
      vertex 2.79737 2.79737 28.489
    endloop
  endfacet
  facet normal 0.351187 0.712116 -0.607913
    outer loop
      vertex 2.25552 3.90667 29.0439
      vertex 1.7263 4.16766 29.0439
      vertex 2.49441 4.32044 29.6666
    endloop
  endfacet
  facet normal 0.195942 0.577249 -0.792711
    outer loop
      vertex 1.27564 3.07968 28.0112
      vertex 1.02391 3.82127 28.489
      vertex 1.51392 3.65494 28.489
    endloop
  endfacet
  facet normal 0.195942 -0.577249 -0.792711
    outer loop
      vertex 1.51392 -3.65494 28.489
      vertex 1.02391 -3.82127 28.489
      vertex 1.27564 -3.07968 28.0112
    endloop
  endfacet
  facet normal 0.499731 -0.0327565 -0.865561
    outer loop
      vertex 2.98547 -0.221661 27.8187
      vertex 3.33342 0 28.0112
      vertex 3.3049 -0.435099 28.0112
    endloop
  endfacet
  facet normal 0.499731 -0.0327577 -0.865561
    outer loop
      vertex 3.33342 0 28.0112
      vertex 2.98547 -0.221661 27.8187
      vertex 3 0 27.8187
    endloop
  endfacet
  facet normal 0.376519 0.330201 -0.865564
    outer loop
      vertex 2.64458 2.02926 28.0112
      vertex 2.38006 1.82628 27.8187
      vertex 2.26778 1.95431 27.8187
    endloop
  endfacet
  facet normal 0.40194 0.458309 -0.792715
    outer loop
      vertex 2.35708 2.35708 28.0112
      vertex 2.02926 2.64458 28.0112
      vertex 2.79737 2.79737 28.489
    endloop
  endfacet
  facet normal 0.608296 -0.0398728 -0.792708
    outer loop
      vertex 3.95607 0 28.489
      vertex 3.3049 -0.435099 28.0112
      vertex 3.33342 0 28.0112
    endloop
  endfacet
  facet normal 0.180299 0.906417 0.38197
    outer loop
      vertex 1.4705 5.48798 34.9286
      vertex 0.741594 5.63297 34.9286
      vertex 1.39277 5.19788 35.6537
    endloop
  endfacet
  facet normal -0.0631879 0.963994 0.258309
    outer loop
      vertex 0 5.68158 34.9286
      vertex -0.768108 5.83437 34.1705
      vertex -0.741594 5.63297 34.9286
    endloop
  endfacet
  facet normal 0.571311 0.651472 0.499188
    outer loop
      vertex 3.80511 3.80511 35.6537
      vertex 3.037 3.95789 36.3334
      vertex 3.52763 3.52763 36.3334
    endloop
  endfacet
  facet normal 0.609356 0.694824 0.381973
    outer loop
      vertex 4.01748 4.01748 34.9286
      vertex 3.45873 4.5075 34.9286
      vertex 3.80511 3.80511 35.6537
    endloop
  endfacet
  facet normal 0.39324 0.58854 0.706388
    outer loop
      vertex 2.74615 3.57885 36.9561
      vertex 2.25552 3.90667 36.9561
      vertex 2.40831 3.13857 37.511
    endloop
  endfacet
  facet normal 0.318822 0.21303 0.923564
    outer loop
      vertex 2.10535 1.61549 38.3812
      vertex 1.67025 0.964318 38.6816
      vertex 2.2982 1.32687 38.3812
    endloop
  endfacet
  facet normal 0.025079 0.382626 0.923563
    outer loop
      vertex 0 2.65373 38.3812
      vertex 0 1.92864 38.6816
      vertex 0.251738 1.91214 38.6816
    endloop
  endfacet
  facet normal 0.40194 0.458309 0.792715
    outer loop
      vertex 2.79737 2.79737 37.511
      vertex 2.02926 2.64458 37.9888
      vertex 2.35708 2.35708 37.9888
    endloop
  endfacet
  facet normal 0.720457 0.4814 0.499195
    outer loop
      vertex 4.66029 2.69062 35.6537
      vertex 4.26922 3.27589 35.6537
      vertex 4.32044 2.49441 36.3334
    endloop
  endfacet
  facet normal 0.947501 0.188472 0.258302
    outer loop
      vertex 5.68419 1.52308 34.1705
      vertex 5.48798 1.4705 34.9286
      vertex 5.63297 0.741594 34.9286
    endloop
  endfacet
  facet normal 0.318703 0.938861 -0.130261
    outer loop
      vertex 2.25198 5.43676 31.8295
      vertex 1.52308 5.68419 31.8295
      vertex 2.29118 5.53141 32.6076
    endloop
  endfacet
  facet normal 0.726318 0.636976 -0.258308
    outer loop
      vertex 4.5075 3.45873 31.0714
      vertex 4.01748 4.01748 31.0714
      vertex 4.16112 4.16112 31.8295
    endloop
  endfacet
  facet normal 0.803255 0.536712 -0.258307
    outer loop
      vertex 4.92039 2.84079 31.0714
      vertex 4.66866 3.58239 31.8295
      vertex 5.09631 2.94236 31.8295
    endloop
  endfacet
  facet normal 0.824389 0.550833 -0.130251
    outer loop
      vertex 5.09631 2.94236 31.8295
      vertex 4.66866 3.58239 31.8295
      vertex 4.74993 3.64475 32.6076
    endloop
  endfacet
  facet normal 0.824384 0.550839 0.130257
    outer loop
      vertex 5.18503 2.99358 33.3924
      vertex 4.74993 3.64475 33.3924
      vertex 5.09631 2.94236 34.1705
    endloop
  endfacet
  facet normal 0.768415 0.513445 0.381984
    outer loop
      vertex 4.5075 3.45873 34.9286
      vertex 4.26922 3.27589 35.6537
      vertex 4.66029 2.69062 35.6537
    endloop
  endfacet
  facet normal 0.550839 0.824384 -0.130257
    outer loop
      vertex 3.64475 4.74993 32.6076
      vertex 2.94236 5.09631 31.8295
      vertex 2.99358 5.18503 32.6076
    endloop
  endfacet
  facet normal 0.653727 0.745437 -0.130251
    outer loop
      vertex 4.23356 4.23356 32.6076
      vertex 3.58239 4.66866 31.8295
      vertex 3.64475 4.74993 32.6076
    endloop
  endfacet
  facet normal 0.745429 0.653733 -0.13026
    outer loop
      vertex 4.66866 3.58239 31.8295
      vertex 4.16112 4.16112 31.8295
      vertex 4.23356 4.23356 32.6076
    endloop
  endfacet
  facet normal 0.745437 0.653727 -0.130251
    outer loop
      vertex 4.66866 3.58239 31.8295
      vertex 4.23356 4.23356 32.6076
      vertex 4.74993 3.64475 32.6076
    endloop
  endfacet
  facet normal 0.792304 0.0519304 0.607912
    outer loop
      vertex 4.94614 0.651171 36.3334
      vertex 4.51104 0 36.9561
      vertex 4.98882 0 36.3334
    endloop
  endfacet
  facet normal 0.906417 0.180299 0.38197
    outer loop
      vertex 5.48798 1.4705 34.9286
      vertex 5.19788 1.39277 35.6537
      vertex 5.63297 0.741594 34.9286
    endloop
  endfacet
  facet normal 0.938861 -0.318703 -0.130261
    outer loop
      vertex 5.53141 -2.29118 32.6076
      vertex 5.43676 -2.25198 31.8295
      vertex 5.68419 -1.52308 31.8295
    endloop
  endfacet
  facet normal 0.963997 -0.0631781 0.258299
    outer loop
      vertex 5.88471 0 34.1705
      vertex 5.68158 0 34.9286
      vertex 5.83437 -0.768108 34.1705
    endloop
  endfacet
  facet normal 0.706306 0.0462907 0.706392
    outer loop
      vertex 4.47245 0.588808 36.9561
      vertex 3.92223 0.516371 37.511
      vertex 4.51104 0 36.9561
    endloop
  endfacet
  facet normal 0.694219 0.138094 0.706393
    outer loop
      vertex 4.35733 1.16754 36.9561
      vertex 3.82127 1.02391 37.511
      vertex 3.92223 0.516371 37.511
    endloop
  endfacet
  facet normal 0.491165 -0.0976922 0.865571
    outer loop
      vertex 3.3049 -0.435099 37.9888
      vertex 2.56331 -0.686836 38.3812
      vertex 3.21984 -0.862753 37.9888
    endloop
  endfacet
  facet normal 0.491166 -0.097698 0.86557
    outer loop
      vertex 2.63103 -0.346381 38.3812
      vertex 2.56331 -0.686836 38.3812
      vertex 3.3049 -0.435099 37.9888
    endloop
  endfacet
  facet normal 0.947498 0.188478 0.258308
    outer loop
      vertex 5.68419 1.52308 34.1705
      vertex 5.63297 0.741594 34.9286
      vertex 5.83437 0.768108 34.1705
    endloop
  endfacet
  facet normal 0.828855 0.408757 0.381991
    outer loop
      vertex 5.2491 2.17425 34.9286
      vertex 4.92039 2.84079 34.9286
      vertex 4.97161 2.05931 35.6537
    endloop
  endfacet
  facet normal 0.820513 0.278523 0.499183
    outer loop
      vertex 4.97161 2.05931 35.6537
      vertex 4.60907 1.90914 36.3334
      vertex 4.81883 1.2912 36.3334
    endloop
  endfacet
  facet normal 0.777134 0.383249 0.499183
    outer loop
      vertex 4.97161 2.05931 35.6537
      vertex 4.32044 2.49441 36.3334
      vertex 4.60907 1.90914 36.3334
    endloop
  endfacet
  facet normal 0.169044 0.849841 -0.499194
    outer loop
      vertex 1.2912 4.81883 29.6666
      vertex 0.651171 4.94614 29.6666
      vertex 1.39277 5.19788 30.3463
    endloop
  endfacet
  facet normal 0.536712 0.803255 -0.258307
    outer loop
      vertex 3.58239 4.66866 31.8295
      vertex 2.84079 4.92039 31.0714
      vertex 2.94236 5.09631 31.8295
    endloop
  endfacet
  facet normal 0.180291 0.906416 -0.381976
    outer loop
      vertex 1.39277 5.19788 30.3463
      vertex 0.702392 5.3352 30.3463
      vertex 0.741594 5.63297 31.0714
    endloop
  endfacet
  facet normal 0.0648402 0.989358 -0.130253
    outer loop
      vertex 0.768108 5.83437 31.8295
      vertex 0 5.88471 31.8295
      vertex 0 5.98715 32.6076
    endloop
  endfacet
  facet normal -0.0604479 0.922193 -0.381977
    outer loop
      vertex 0 5.38124 30.3463
      vertex -0.741594 5.63297 31.0714
      vertex 0 5.68158 31.0714
    endloop
  endfacet
  facet normal -0.0604474 0.922193 -0.381976
    outer loop
      vertex -0.702392 5.3352 30.3463
      vertex -0.741594 5.63297 31.0714
      vertex 0 5.38124 30.3463
    endloop
  endfacet
  facet normal -0.0566748 0.864638 -0.499189
    outer loop
      vertex -0.651171 4.94614 29.6666
      vertex -0.702392 5.3352 30.3463
      vertex 0 5.38124 30.3463
    endloop
  endfacet
  facet normal -0.169039 0.849845 -0.499189
    outer loop
      vertex -0.651171 4.94614 29.6666
      vertex -1.39277 5.19788 30.3463
      vertex -0.702392 5.3352 30.3463
    endloop
  endfacet
  facet normal -0.194951 0.170971 0.965797
    outer loop
      vertex -1.36375 1.36375 38.6816
      vertex -1.53009 1.17408 38.6816
      vertex -0.827698 0.827698 38.8847
    endloop
  endfacet
  facet normal -0.0983955 0.0862924 0.991399
    outer loop
      vertex -0.277481 0.277481 38.9872
      vertex -0.827698 0.827698 38.8847
      vertex -0.311326 0.238889 38.9872
    endloop
  endfacet
  facet normal 0.0420703 -0.123928 0.991399
    outer loop
      vertex 0.447947 -1.08144 38.8847
      vertex 0.101565 -0.379047 38.9872
      vertex 0.302958 -1.13066 38.8847
    endloop
  endfacet
  facet normal 0.170969 -0.194952 0.965797
    outer loop
      vertex 0.827698 -0.827698 38.8847
      vertex 0.712581 -0.928653 38.8847
      vertex 1.17408 -1.53009 38.6816
    endloop
  endfacet
  facet normal -0.596972 -0.523517 -0.60791
    outer loop
      vertex -3.52763 -3.52763 29.6666
      vertex -3.95789 -3.037 29.6666
      vertex -3.18979 -3.18979 29.0439
    endloop
  endfacet
  facet normal -0.896875 -0.442283 0
    outer loop
      vertex -5.18503 -2.99358 32.6076
      vertex -5.53141 -2.29118 33.3924
      vertex -5.53141 -2.29118 32.6076
    endloop
  endfacet
  facet normal -0.896875 -0.442283 0
    outer loop
      vertex -5.53141 -2.29118 33.3924
      vertex -5.18503 -2.99358 32.6076
      vertex -5.18503 -2.99358 33.3924
    endloop
  endfacet
  facet normal -0.824384 -0.550839 -0.130257
    outer loop
      vertex -4.74993 -3.64475 32.6076
      vertex -5.18503 -2.99358 32.6076
      vertex -5.09631 -2.94236 31.8295
    endloop
  endfacet
  facet normal -0.889235 -0.438512 -0.130261
    outer loop
      vertex -5.09631 -2.94236 31.8295
      vertex -5.53141 -2.29118 32.6076
      vertex -5.43676 -2.25198 31.8295
    endloop
  endfacet
  facet normal -0.536712 -0.803255 0.258307
    outer loop
      vertex -3.45873 -4.5075 34.9286
      vertex -3.58239 -4.66866 34.1705
      vertex -2.84079 -4.92039 34.9286
    endloop
  endfacet
  facet normal 0.074811 -0.376075 0.923564
    outer loop
      vertex 0.499167 -1.86292 38.6816
      vertex 0.251738 -1.91214 38.6816
      vertex 0.686836 -2.56331 38.3812
    endloop
  endfacet
  facet normal -0.69422 -0.138093 0.706392
    outer loop
      vertex -3.92223 -0.516371 37.511
      vertex -4.47245 -0.588808 36.9561
      vertex -4.35733 -1.16754 36.9561
    endloop
  endfacet
  facet normal -0.849845 -0.169039 0.499189
    outer loop
      vertex -4.94614 -0.651171 36.3334
      vertex -5.3352 -0.702392 35.6537
      vertex -5.19788 -1.39277 35.6537
    endloop
  endfacet
  facet normal -0.864638 -0.0566748 0.499189
    outer loop
      vertex -4.94614 -0.651171 36.3334
      vertex -5.38124 0 35.6537
      vertex -5.3352 -0.702392 35.6537
    endloop
  endfacet
  facet normal -0.914799 0.310518 -0.258303
    outer loop
      vertex -5.48798 1.4705 31.0714
      vertex -5.68419 1.52308 31.8295
      vertex -5.2491 2.17425 31.0714
    endloop
  endfacet
  facet normal -0.946929 0.321444 0
    outer loop
      vertex -5.78315 1.54959 32.6076
      vertex -5.53141 2.29118 33.3924
      vertex -5.53141 2.29118 32.6076
    endloop
  endfacet
  facet normal -0.946929 0.321444 0
    outer loop
      vertex -5.53141 2.29118 33.3924
      vertex -5.78315 1.54959 32.6076
      vertex -5.78315 1.54959 33.3924
    endloop
  endfacet
  facet normal -0.896875 0.442283 0
    outer loop
      vertex -5.53141 2.29118 32.6076
      vertex -5.18503 2.99358 33.3924
      vertex -5.18503 2.99358 32.6076
    endloop
  endfacet
  facet normal -0.896875 0.442283 0
    outer loop
      vertex -5.18503 2.99358 33.3924
      vertex -5.53141 2.29118 32.6076
      vertex -5.53141 2.29118 33.3924
    endloop
  endfacet
  facet normal -0.427288 0.866431 -0.258307
    outer loop
      vertex -2.84079 4.92039 31.0714
      vertex -2.94236 5.09631 31.8295
      vertex -2.17425 5.2491 31.0714
    endloop
  endfacet
  facet normal -0.278535 0.820502 -0.499194
    outer loop
      vertex -1.2912 4.81883 29.6666
      vertex -2.05931 4.97161 30.3463
      vertex -1.39277 5.19788 30.3463
    endloop
  endfacet
  facet normal -0.653727 0.745437 -0.130251
    outer loop
      vertex -3.58239 4.66866 31.8295
      vertex -4.23356 4.23356 32.6076
      vertex -3.64475 4.74993 32.6076
    endloop
  endfacet
  facet normal -0.72632 0.636975 0.258306
    outer loop
      vertex -4.16112 4.16112 34.1705
      vertex -4.66866 3.58239 34.1705
      vertex -4.5075 3.45873 34.9286
    endloop
  endfacet
  facet normal -0.751841 0.659344 0
    outer loop
      vertex -4.74993 3.64475 32.6076
      vertex -4.23356 4.23356 33.3924
      vertex -4.23356 4.23356 32.6076
    endloop
  endfacet
  facet normal -0.751841 0.659344 0
    outer loop
      vertex -4.23356 4.23356 33.3924
      vertex -4.74993 3.64475 32.6076
      vertex -4.74993 3.64475 33.3924
    endloop
  endfacet
  facet normal -0.726318 0.636976 0.258308
    outer loop
      vertex -4.16112 4.16112 34.1705
      vertex -4.5075 3.45873 34.9286
      vertex -4.01748 4.01748 34.9286
    endloop
  endfacet
  facet normal -0.297054 0.875133 0.38197
    outer loop
      vertex -1.4705 5.48798 34.9286
      vertex -2.17425 5.2491 34.9286
      vertex -1.39277 5.19788 35.6537
    endloop
  endfacet
  facet normal -0.382626 -0.025079 0.923563
    outer loop
      vertex -1.92864 0 38.6816
      vertex -2.65373 0 38.3812
      vertex -1.91214 -0.251738 38.6816
    endloop
  endfacet
  facet normal -0.318822 0.21303 0.923564
    outer loop
      vertex -2.10535 1.61549 38.3812
      vertex -2.2982 1.32687 38.3812
      vertex -1.67025 0.964318 38.6816
    endloop
  endfacet
  facet normal -0.382626 0.025079 0.923563
    outer loop
      vertex -1.91214 0.251738 38.6816
      vertex -2.65373 0 38.3812
      vertex -1.92864 0 38.6816
    endloop
  endfacet
  facet normal -0.288286 0.252826 0.923564
    outer loop
      vertex -1.36375 1.36375 38.6816
      vertex -1.87647 1.87647 38.3812
      vertex -1.53009 1.17408 38.6816
    endloop
  endfacet
  facet normal -0.712116 0.351187 0.607913
    outer loop
      vertex -3.90667 2.25552 36.9561
      vertex -4.32044 2.49441 36.3334
      vertex -4.16766 1.7263 36.9561
    endloop
  endfacet
  facet normal -0.318703 0.938861 0.130261
    outer loop
      vertex -1.52308 5.68419 34.1705
      vertex -2.29118 5.53141 33.3924
      vertex -2.25198 5.43676 34.1705
    endloop
  endfacet
  facet normal -0.4667 0.532172 0.706388
    outer loop
      vertex -2.74615 3.57885 36.9561
      vertex -3.18979 3.18979 36.9561
      vertex -2.40831 3.13857 37.511
    endloop
  endfacet
  facet normal -0.712118 0.351186 0.607912
    outer loop
      vertex -4.32044 2.49441 36.3334
      vertex -4.60907 1.90914 36.3334
      vertex -4.16766 1.7263 36.9561
    endloop
  endfacet
  facet normal -0.546734 0.269613 0.792711
    outer loop
      vertex -2.88683 1.66671 37.9888
      vertex -3.65494 1.51392 37.511
      vertex -3.07968 1.27564 37.9888
    endloop
  endfacet
  facet normal -0.849841 0.169044 0.499194
    outer loop
      vertex -4.81883 1.2912 36.3334
      vertex -5.19788 1.39277 35.6537
      vertex -4.94614 0.651171 36.3334
    endloop
  endfacet
  facet normal -0.778748 0.154907 0.60791
    outer loop
      vertex -4.35733 1.16754 36.9561
      vertex -4.94614 0.651171 36.3334
      vertex -4.47245 0.588808 36.9561
    endloop
  endfacet
  facet normal -0.849841 -0.169044 0.499194
    outer loop
      vertex -4.94614 -0.651171 36.3334
      vertex -5.19788 -1.39277 35.6537
      vertex -4.81883 -1.2912 36.3334
    endloop
  endfacet
  facet normal -0.778747 -0.154903 0.607913
    outer loop
      vertex -4.35733 -1.16754 36.9561
      vertex -4.94614 -0.651171 36.3334
      vertex -4.81883 -1.2912 36.3334
    endloop
  endfacet
  facet normal -0.889234 0.438515 0.130258
    outer loop
      vertex -5.18503 2.99358 33.3924
      vertex -5.53141 2.29118 33.3924
      vertex -5.09631 2.94236 34.1705
    endloop
  endfacet
  facet normal -0.866444 0.427273 0.258289
    outer loop
      vertex -5.09631 2.94236 34.1705
      vertex -5.43676 2.25198 34.1705
      vertex -5.2491 2.17425 34.9286
    endloop
  endfacet
  facet normal -0.609356 0.694824 0.381973
    outer loop
      vertex -3.45873 4.5075 34.9286
      vertex -4.01748 4.01748 34.9286
      vertex -3.80511 3.80511 35.6537
    endloop
  endfacet
  facet normal -0.634826 0.31307 0.706387
    outer loop
      vertex -3.90667 2.25552 36.9561
      vertex -4.16766 1.7263 36.9561
      vertex -3.42606 1.97804 37.511
    endloop
  endfacet
  facet normal -0.866431 0.427288 0.258307
    outer loop
      vertex -5.09631 2.94236 34.1705
      vertex -5.2491 2.17425 34.9286
      vertex -4.92039 2.84079 34.9286
    endloop
  endfacet
  facet normal -0.828855 0.408757 0.381991
    outer loop
      vertex -4.92039 2.84079 34.9286
      vertex -5.2491 2.17425 34.9286
      vertex -4.97161 2.05931 35.6537
    endloop
  endfacet
  facet normal -0.523517 0.596972 0.60791
    outer loop
      vertex -3.037 3.95789 36.3334
      vertex -3.52763 3.52763 36.3334
      vertex -3.18979 3.18979 36.9561
    endloop
  endfacet
  facet normal -0.33867 0.506868 0.792709
    outer loop
      vertex -1.97804 3.42606 37.511
      vertex -2.40831 3.13857 37.511
      vertex -1.66671 2.88683 37.9888
    endloop
  endfacet
  facet normal -0.963997 -0.0631781 0.258299
    outer loop
      vertex -5.68158 0 34.9286
      vertex -5.88471 0 34.1705
      vertex -5.83437 -0.768108 34.1705
    endloop
  endfacet
  facet normal -0.947498 0.188478 0.258308
    outer loop
      vertex -5.68419 1.52308 34.1705
      vertex -5.83437 0.768108 34.1705
      vertex -5.63297 0.741594 34.9286
    endloop
  endfacet
  facet normal -0.875116 0.297075 0.381991
    outer loop
      vertex -4.97161 2.05931 35.6537
      vertex -5.2491 2.17425 34.9286
      vertex -5.19788 1.39277 35.6537
    endloop
  endfacet
  facet normal -0.914799 0.310518 0.258303
    outer loop
      vertex -5.2491 2.17425 34.9286
      vertex -5.68419 1.52308 34.1705
      vertex -5.48798 1.4705 34.9286
    endloop
  endfacet
  facet normal -0.997859 -0.065402 0
    outer loop
      vertex -5.93593 -0.78148 32.6076
      vertex -5.98715 0 33.3924
      vertex -5.98715 0 32.6076
    endloop
  endfacet
  facet normal -0.997859 -0.065402 0
    outer loop
      vertex -5.98715 0 33.3924
      vertex -5.93593 -0.78148 32.6076
      vertex -5.93593 -0.78148 33.3924
    endloop
  endfacet
  facet normal -0.441117 -0.660195 -0.607913
    outer loop
      vertex -2.49441 -4.32044 29.6666
      vertex -2.74615 -3.57885 29.0439
      vertex -2.25552 -3.90667 29.0439
    endloop
  endfacet
  facet normal -0.980787 0.195082 0
    outer loop
      vertex -5.93593 0.78148 32.6076
      vertex -5.78315 1.54959 33.3924
      vertex -5.78315 1.54959 32.6076
    endloop
  endfacet
  facet normal -0.980787 0.195082 0
    outer loop
      vertex -5.78315 1.54959 33.3924
      vertex -5.93593 0.78148 32.6076
      vertex -5.93593 0.78148 33.3924
    endloop
  endfacet
  facet normal -0.824389 0.550833 -0.130251
    outer loop
      vertex -4.66866 3.58239 31.8295
      vertex -5.09631 2.94236 31.8295
      vertex -4.74993 3.64475 32.6076
    endloop
  endfacet
  facet normal -0.777134 0.383249 -0.499183
    outer loop
      vertex -4.60907 1.90914 29.6666
      vertex -4.97161 2.05931 30.3463
      vertex -4.32044 2.49441 29.6666
    endloop
  endfacet
  facet normal -0.938861 -0.318703 -0.130261
    outer loop
      vertex -5.53141 -2.29118 32.6076
      vertex -5.68419 -1.52308 31.8295
      vertex -5.43676 -2.25198 31.8295
    endloop
  endfacet
  facet normal -0.963997 0.0631781 -0.258299
    outer loop
      vertex -5.68158 0 31.0714
      vertex -5.88471 0 31.8295
      vertex -5.83437 0.768108 31.8295
    endloop
  endfacet
  facet normal 0.513445 -0.768415 -0.381984
    outer loop
      vertex 3.45873 -4.5075 31.0714
      vertex 2.69062 -4.66029 30.3463
      vertex 3.27589 -4.26922 30.3463
    endloop
  endfacet
  facet normal 0.609344 -0.694829 -0.381984
    outer loop
      vertex 3.45873 -4.5075 31.0714
      vertex 3.27589 -4.26922 30.3463
      vertex 3.80511 -3.80511 30.3463
    endloop
  endfacet
  facet normal 0.351187 -0.712116 -0.607913
    outer loop
      vertex 2.49441 -4.32044 29.6666
      vertex 1.7263 -4.16766 29.0439
      vertex 2.25552 -3.90667 29.0439
    endloop
  endfacet
  facet normal -0.39324 -0.58854 -0.706387
    outer loop
      vertex -2.25552 -3.90667 29.0439
      vertex -2.40831 -3.13857 28.489
      vertex -1.97804 -3.42606 28.489
    endloop
  endfacet
  facet normal -0.221493 -0.449161 -0.865561
    outer loop
      vertex -1.34728 -2.67339 27.8187
      vertex -1.66671 -2.88683 28.0112
      vertex -1.5 -2.59808 27.8187
    endloop
  endfacet
  facet normal -0.820502 -0.278535 -0.499194
    outer loop
      vertex -4.97161 -2.05931 30.3463
      vertex -5.19788 -1.39277 30.3463
      vertex -4.81883 -1.2912 29.6666
    endloop
  endfacet
  facet normal -0.546734 0.269621 -0.792709
    outer loop
      vertex -2.88683 1.66671 28.0112
      vertex -3.65494 1.51392 28.489
      vertex -3.42606 1.97804 28.489
    endloop
  endfacet
  facet normal -0.58854 0.39324 -0.706387
    outer loop
      vertex -3.42606 1.97804 28.489
      vertex -3.90667 2.25552 29.0439
      vertex -3.13857 2.40831 28.489
    endloop
  endfacet
  facet normal -0.474221 0.160992 -0.865561
    outer loop
      vertex -3.21984 0.862753 28.0112
      vertex -2.82637 0.986804 27.8187
      vertex -2.89778 0.776457 27.8187
    endloop
  endfacet
  facet normal -0.474219 0.16098 -0.865565
    outer loop
      vertex -2.82637 0.986804 27.8187
      vertex -3.21984 0.862753 28.0112
      vertex -3.07968 1.27564 28.0112
    endloop
  endfacet
  facet normal -0.330201 -0.376519 -0.865564
    outer loop
      vertex -1.82628 -2.38006 27.8187
      vertex -2.02926 -2.64458 28.0112
      vertex -1.95431 -2.26778 27.8187
    endloop
  endfacet
  facet normal -0.0631781 -0.963997 0.258299
    outer loop
      vertex 0 -5.68158 34.9286
      vertex -0.768108 -5.83437 34.1705
      vertex 0 -5.88471 34.1705
    endloop
  endfacet
  facet normal -0.408743 -0.828869 0.381975
    outer loop
      vertex -2.69062 -4.66029 35.6537
      vertex -2.84079 -4.92039 34.9286
      vertex -2.05931 -4.97161 35.6537
    endloop
  endfacet
  facet normal -0.0604474 -0.922193 0.381976
    outer loop
      vertex -0.702392 -5.3352 35.6537
      vertex -0.741594 -5.63297 34.9286
      vertex 0 -5.38124 35.6537
    endloop
  endfacet
  facet normal 0.0631781 -0.963997 0.258299
    outer loop
      vertex 0 -5.68158 34.9286
      vertex 0 -5.88471 34.1705
      vertex 0.768108 -5.83437 34.1705
    endloop
  endfacet
  facet normal -0.383249 -0.777134 0.499183
    outer loop
      vertex -1.90914 -4.60907 36.3334
      vertex -2.49441 -4.32044 36.3334
      vertex -2.05931 -4.97161 35.6537
    endloop
  endfacet
  facet normal -0.803255 -0.536712 0.258307
    outer loop
      vertex -4.92039 -2.84079 34.9286
      vertex -5.09631 -2.94236 34.1705
      vertex -4.66866 -3.58239 34.1705
    endloop
  endfacet
  facet normal -0.278535 -0.820502 -0.499194
    outer loop
      vertex -1.39277 -5.19788 30.3463
      vertex -2.05931 -4.97161 30.3463
      vertex -1.2912 -4.81883 29.6666
    endloop
  endfacet
  facet normal 0.0566748 -0.864638 -0.499189
    outer loop
      vertex 0.702392 -5.3352 30.3463
      vertex 0 -5.38124 30.3463
      vertex 0.651171 -4.94614 29.6666
    endloop
  endfacet
  facet normal -0.180291 -0.906416 -0.381976
    outer loop
      vertex -0.741594 -5.63297 31.0714
      vertex -1.39277 -5.19788 30.3463
      vertex -0.702392 -5.3352 30.3463
    endloop
  endfacet
  facet normal -0.31307 -0.634826 -0.706387
    outer loop
      vertex -1.7263 -4.16766 29.0439
      vertex -2.25552 -3.90667 29.0439
      vertex -1.97804 -3.42606 28.489
    endloop
  endfacet
  facet normal -0.188478 -0.947498 -0.258308
    outer loop
      vertex -0.768108 -5.83437 31.8295
      vertex -1.52308 -5.68419 31.8295
      vertex -0.741594 -5.63297 31.0714
    endloop
  endfacet
  facet normal -0.0604479 -0.922193 -0.381977
    outer loop
      vertex 0 -5.68158 31.0714
      vertex -0.741594 -5.63297 31.0714
      vertex 0 -5.38124 30.3463
    endloop
  endfacet
  facet normal -0.751841 -0.659344 0
    outer loop
      vertex -4.23356 -4.23356 32.6076
      vertex -4.74993 -3.64475 33.3924
      vertex -4.74993 -3.64475 32.6076
    endloop
  endfacet
  facet normal -0.751841 -0.659344 0
    outer loop
      vertex -4.74993 -3.64475 33.3924
      vertex -4.23356 -4.23356 32.6076
      vertex -4.23356 -4.23356 33.3924
    endloop
  endfacet
  facet normal -0.653733 -0.745429 -0.13026
    outer loop
      vertex -3.58239 -4.66866 31.8295
      vertex -4.23356 -4.23356 32.6076
      vertex -4.16112 -4.16112 31.8295
    endloop
  endfacet
  facet normal -0.536712 -0.803255 0.258307
    outer loop
      vertex -2.84079 -4.92039 34.9286
      vertex -3.58239 -4.66866 34.1705
      vertex -2.94236 -5.09631 34.1705
    endloop
  endfacet
  facet normal -0.449145 -0.221489 0.86557
    outer loop
      vertex -2.45173 -1.01554 38.3812
      vertex -3.07968 -1.27564 37.9888
      vertex -2.88683 -1.66671 37.9888
    endloop
  endfacet
  facet normal -0.0169521 0.258746 0.965797
    outer loop
      vertex 0 1.17054 38.8847
      vertex -0.251738 1.91214 38.6816
      vertex -0.152786 1.16053 38.8847
    endloop
  endfacet
  facet normal -0.232559 -0.114684 0.965797
    outer loop
      vertex -1.08144 -0.447947 38.8847
      vertex -1.78183 -0.738057 38.6816
      vertex -1.01372 -0.585271 38.8847
    endloop
  endfacet
  facet normal -0.074811 -0.376075 0.923564
    outer loop
      vertex -0.499167 -1.86292 38.6816
      vertex -0.686836 -2.56331 38.3812
      vertex -0.251738 -1.91214 38.6816
    endloop
  endfacet
  facet normal 0.0976922 -0.491165 0.865571
    outer loop
      vertex 0.686836 -2.56331 38.3812
      vertex 0.435099 -3.3049 37.9888
      vertex 0.862753 -3.21984 37.9888
    endloop
  endfacet
  facet normal -0.401937 -0.458316 0.792712
    outer loop
      vertex -2.02926 -2.64458 37.9888
      vertex -2.79737 -2.79737 37.511
      vertex -2.40831 -3.13857 37.511
    endloop
  endfacet
  facet normal -0.227518 -0.670258 0.706392
    outer loop
      vertex -1.02391 -3.82127 37.511
      vertex -1.7263 -4.16766 36.9561
      vertex -1.16754 -4.35733 36.9561
    endloop
  endfacet
  facet normal -0.351186 -0.712118 0.607912
    outer loop
      vertex -1.7263 -4.16766 36.9561
      vertex -2.49441 -4.32044 36.3334
      vertex -1.90914 -4.60907 36.3334
    endloop
  endfacet
  facet normal -0.778747 0.154903 0.607913
    outer loop
      vertex -4.81883 1.2912 36.3334
      vertex -4.94614 0.651171 36.3334
      vertex -4.35733 1.16754 36.9561
    endloop
  endfacet
  facet normal -0.597884 -0.118931 0.792711
    outer loop
      vertex -3.3049 -0.435099 37.9888
      vertex -3.92223 -0.516371 37.511
      vertex -3.82127 -1.02391 37.511
    endloop
  endfacet
  facet normal 0.318703 -0.938861 0.130261
    outer loop
      vertex 2.25198 -5.43676 34.1705
      vertex 1.52308 -5.68419 34.1705
      vertex 2.29118 -5.53141 33.3924
    endloop
  endfacet
  facet normal 0.297054 -0.875133 0.38197
    outer loop
      vertex 2.17425 -5.2491 34.9286
      vertex 1.39277 -5.19788 35.6537
      vertex 1.4705 -5.48798 34.9286
    endloop
  endfacet
  facet normal 0.803255 -0.536712 0.258307
    outer loop
      vertex 4.92039 -2.84079 34.9286
      vertex 4.5075 -3.45873 34.9286
      vertex 4.66866 -3.58239 34.1705
    endloop
  endfacet
  facet normal 0.720457 -0.4814 0.499195
    outer loop
      vertex 4.32044 -2.49441 36.3334
      vertex 4.26922 -3.27589 35.6537
      vertex 4.66029 -2.69062 35.6537
    endloop
  endfacet
  facet normal 0.875116 -0.297075 0.381991
    outer loop
      vertex 5.19788 -1.39277 35.6537
      vertex 4.97161 -2.05931 35.6537
      vertex 5.2491 -2.17425 34.9286
    endloop
  endfacet
  facet normal 0.828855 -0.408757 0.381991
    outer loop
      vertex 4.97161 -2.05931 35.6537
      vertex 4.92039 -2.84079 34.9286
      vertex 5.2491 -2.17425 34.9286
    endloop
  endfacet
  facet normal 0.849841 -0.169044 -0.499194
    outer loop
      vertex 5.19788 -1.39277 30.3463
      vertex 4.81883 -1.2912 29.6666
      vertex 4.94614 -0.651171 29.6666
    endloop
  endfacet
  facet normal 0.972427 -0.193436 -0.130265
    outer loop
      vertex 5.78315 -1.54959 32.6076
      vertex 5.68419 -1.52308 31.8295
      vertex 5.83437 -0.768108 31.8295
    endloop
  endfacet
  facet normal 0.866431 -0.427288 -0.258307
    outer loop
      vertex 5.09631 -2.94236 31.8295
      vertex 4.92039 -2.84079 31.0714
      vertex 5.2491 -2.17425 31.0714
    endloop
  endfacet
  facet normal 0.58854 -0.39324 -0.706387
    outer loop
      vertex 3.90667 -2.25552 29.0439
      vertex 3.13857 -2.40831 28.489
      vertex 3.42606 -1.97804 28.489
    endloop
  endfacet
  facet normal 0.889235 -0.438512 0.130261
    outer loop
      vertex 5.43676 -2.25198 34.1705
      vertex 5.09631 -2.94236 34.1705
      vertex 5.53141 -2.29118 33.3924
    endloop
  endfacet
  facet normal 0.803255 -0.536712 -0.258307
    outer loop
      vertex 5.09631 -2.94236 31.8295
      vertex 4.66866 -3.58239 31.8295
      vertex 4.92039 -2.84079 31.0714
    endloop
  endfacet
  facet normal 0.694824 -0.609356 -0.381973
    outer loop
      vertex 4.01748 -4.01748 31.0714
      vertex 3.80511 -3.80511 30.3463
      vertex 4.5075 -3.45873 31.0714
    endloop
  endfacet
  facet normal 0.651472 -0.571311 -0.499188
    outer loop
      vertex 3.80511 -3.80511 30.3463
      vertex 3.52763 -3.52763 29.6666
      vertex 3.95789 -3.037 29.6666
    endloop
  endfacet
  facet normal 0.634826 0.31307 -0.706387
    outer loop
      vertex 4.16766 1.7263 29.0439
      vertex 3.42606 1.97804 28.489
      vertex 3.90667 2.25552 29.0439
    endloop
  endfacet
  facet normal 0.922193 -0.0604474 -0.381976
    outer loop
      vertex 5.63297 -0.741594 31.0714
      vertex 5.3352 -0.702392 30.3463
      vertex 5.38124 0 30.3463
    endloop
  endfacet
  facet normal 0.0604474 -0.922193 -0.381976
    outer loop
      vertex 0.741594 -5.63297 31.0714
      vertex 0 -5.38124 30.3463
      vertex 0.702392 -5.3352 30.3463
    endloop
  endfacet
  facet normal 0.180291 -0.906416 -0.381976
    outer loop
      vertex 0.741594 -5.63297 31.0714
      vertex 0.702392 -5.3352 30.3463
      vertex 1.39277 -5.19788 30.3463
    endloop
  endfacet
  facet normal 0.0648448 -0.989359 -0.130249
    outer loop
      vertex 0.78148 -5.93593 32.6076
      vertex 0 -5.98715 32.6076
      vertex 0.768108 -5.83437 31.8295
    endloop
  endfacet
  facet normal 0.193436 -0.972427 -0.130265
    outer loop
      vertex 1.54959 -5.78315 32.6076
      vertex 0.768108 -5.83437 31.8295
      vertex 1.52308 -5.68419 31.8295
    endloop
  endfacet
  facet normal 0.427273 -0.866444 -0.258289
    outer loop
      vertex 2.25198 -5.43676 31.8295
      vertex 2.17425 -5.2491 31.0714
      vertex 2.94236 -5.09631 31.8295
    endloop
  endfacet
  facet normal 0.383231 -0.777135 -0.499195
    outer loop
      vertex 2.69062 -4.66029 30.3463
      vertex 2.05931 -4.97161 30.3463
      vertex 2.49441 -4.32044 29.6666
    endloop
  endfacet
  facet normal 0.4814 -0.720457 -0.499195
    outer loop
      vertex 2.69062 -4.66029 30.3463
      vertex 2.49441 -4.32044 29.6666
      vertex 3.27589 -4.26922 30.3463
    endloop
  endfacet
  facet normal 0.427288 -0.866431 -0.258307
    outer loop
      vertex 2.94236 -5.09631 31.8295
      vertex 2.17425 -5.2491 31.0714
      vertex 2.84079 -4.92039 31.0714
    endloop
  endfacet
  facet normal 0.438515 -0.889234 0.130258
    outer loop
      vertex 2.94236 -5.09631 34.1705
      vertex 2.29118 -5.53141 33.3924
      vertex 2.99358 -5.18503 33.3924
    endloop
  endfacet
  facet normal 0.318703 -0.938861 -0.130261
    outer loop
      vertex 2.29118 -5.53141 32.6076
      vertex 1.52308 -5.68419 31.8295
      vertex 2.25198 -5.43676 31.8295
    endloop
  endfacet
  facet normal 0.596972 -0.523517 0.60791
    outer loop
      vertex 3.95789 -3.037 36.3334
      vertex 3.18979 -3.18979 36.9561
      vertex 3.52763 -3.52763 36.3334
    endloop
  endfacet
  facet normal 0.596969 -0.523525 0.607905
    outer loop
      vertex 3.57885 -2.74615 36.9561
      vertex 3.18979 -3.18979 36.9561
      vertex 3.95789 -3.037 36.3334
    endloop
  endfacet
  facet normal 0.536712 -0.803255 0.258307
    outer loop
      vertex 3.58239 -4.66866 34.1705
      vertex 2.84079 -4.92039 34.9286
      vertex 2.94236 -5.09631 34.1705
    endloop
  endfacet
  facet normal 0.255222 -0.751868 0.607912
    outer loop
      vertex 1.7263 -4.16766 36.9561
      vertex 1.2912 -4.81883 36.3334
      vertex 1.90914 -4.60907 36.3334
    endloop
  endfacet
  facet normal 0.39324 -0.58854 0.706387
    outer loop
      vertex 2.40831 -3.13857 37.511
      vertex 1.97804 -3.42606 37.511
      vertex 2.25552 -3.90667 36.9561
    endloop
  endfacet
  facet normal 0.31307 -0.634826 0.706387
    outer loop
      vertex 1.97804 -3.42606 37.511
      vertex 1.7263 -4.16766 36.9561
      vertex 2.25552 -3.90667 36.9561
    endloop
  endfacet
  facet normal 0.330199 -0.376507 0.86557
    outer loop
      vertex 2.35708 -2.35708 37.9888
      vertex 1.87647 -1.87647 38.3812
      vertex 2.02926 -2.64458 37.9888
    endloop
  endfacet
  facet normal 0.114686 -0.232559 0.965797
    outer loop
      vertex 0.964318 -1.67025 38.6816
      vertex 0.585271 -1.01372 38.8847
      vertex 0.738057 -1.78183 38.6816
    endloop
  endfacet
  facet normal 0.195955 -0.57725 0.792707
    outer loop
      vertex 1.27564 -3.07968 37.9888
      vertex 0.862753 -3.21984 37.9888
      vertex 1.02391 -3.82127 37.511
    endloop
  endfacet
  facet normal 0.0566713 -0.864636 0.499192
    outer loop
      vertex 0 -4.98882 36.3334
      vertex 0 -5.38124 35.6537
      vertex 0.651171 -4.94614 36.3334
    endloop
  endfacet
  facet normal 0.720459 -0.481399 0.499194
    outer loop
      vertex 4.32044 -2.49441 36.3334
      vertex 3.95789 -3.037 36.3334
      vertex 4.26922 -3.27589 35.6537
    endloop
  endfacet
  facet normal 0.651464 -0.571315 0.499193
    outer loop
      vertex 3.95789 -3.037 36.3334
      vertex 3.80511 -3.80511 35.6537
      vertex 4.26922 -3.27589 35.6537
    endloop
  endfacet
  facet normal 0.506859 -0.338675 0.792713
    outer loop
      vertex 2.88683 -1.66671 37.9888
      vertex 2.64458 -2.02926 37.9888
      vertex 3.13857 -2.40831 37.511
    endloop
  endfacet
  facet normal 0.546734 -0.269621 0.792709
    outer loop
      vertex 3.65494 -1.51392 37.511
      vertex 2.88683 -1.66671 37.9888
      vertex 3.42606 -1.97804 37.511
    endloop
  endfacet
  facet normal 0.712116 -0.351187 0.607913
    outer loop
      vertex 4.16766 -1.7263 36.9561
      vertex 3.90667 -2.25552 36.9561
      vertex 4.32044 -2.49441 36.3334
    endloop
  endfacet
  facet normal 0.58854 -0.39324 0.706387
    outer loop
      vertex 3.42606 -1.97804 37.511
      vertex 3.13857 -2.40831 37.511
      vertex 3.90667 -2.25552 36.9561
    endloop
  endfacet
  facet normal 0.778747 -0.154903 0.607913
    outer loop
      vertex 4.94614 -0.651171 36.3334
      vertex 4.35733 -1.16754 36.9561
      vertex 4.81883 -1.2912 36.3334
    endloop
  endfacet
  facet normal 0.778748 -0.154907 0.60791
    outer loop
      vertex 4.47245 -0.588808 36.9561
      vertex 4.35733 -1.16754 36.9561
      vertex 4.94614 -0.651171 36.3334
    endloop
  endfacet
  facet normal 0.751868 -0.255222 0.607912
    outer loop
      vertex 4.81883 -1.2912 36.3334
      vertex 4.16766 -1.7263 36.9561
      vertex 4.60907 -1.90914 36.3334
    endloop
  endfacet
  facet normal 0.712118 -0.351186 0.607912
    outer loop
      vertex 4.60907 -1.90914 36.3334
      vertex 4.16766 -1.7263 36.9561
      vertex 4.32044 -2.49441 36.3334
    endloop
  endfacet
  facet normal -0.0862924 -0.0983955 0.991399
    outer loop
      vertex -0.277481 -0.277481 38.9872
      vertex -0.827698 -0.827698 38.8847
      vertex -0.238889 -0.311326 38.9872
    endloop
  endfacet
  facet normal -0.144061 0.2156 0.965797
    outer loop
      vertex -0.964318 1.67025 38.6816
      vertex -1.17408 1.53009 38.6816
      vertex -0.585271 1.01372 38.8847
    endloop
  endfacet
  facet normal 0.363095 0.123254 0.923564
    outer loop
      vertex 2.45173 1.01554 38.3812
      vertex 1.78183 0.738057 38.6816
      vertex 2.56331 0.686836 38.3812
    endloop
  endfacet
  facet normal 0.258743 -0.0169592 0.965797
    outer loop
      vertex 1.92864 0 38.6816
      vertex 1.17054 0 38.8847
      vertex 1.91214 -0.251738 38.6816
    endloop
  endfacet
  facet normal 0.499713 0.0327554 0.865571
    outer loop
      vertex 3.3049 0.435099 37.9888
      vertex 2.65373 0 38.3812
      vertex 3.33342 0 37.9888
    endloop
  endfacet
  facet normal 0.499717 0.0327488 0.86557
    outer loop
      vertex 3.3049 0.435099 37.9888
      vertex 2.63103 0.346381 38.3812
      vertex 2.65373 0 38.3812
    endloop
  endfacet
  facet normal 0.474211 0.160973 0.86557
    outer loop
      vertex 3.07968 1.27564 37.9888
      vertex 2.45173 1.01554 38.3812
      vertex 2.56331 0.686836 38.3812
    endloop
  endfacet
  facet normal 0.382626 -0.025079 0.923563
    outer loop
      vertex 1.92864 0 38.6816
      vertex 1.91214 -0.251738 38.6816
      vertex 2.65373 0 38.3812
    endloop
  endfacet
  facet normal 0.69422 -0.138093 0.706392
    outer loop
      vertex 4.47245 -0.588808 36.9561
      vertex 3.92223 -0.516371 37.511
      vertex 4.35733 -1.16754 36.9561
    endloop
  endfacet
  facet normal 0.706306 -0.0462907 0.706392
    outer loop
      vertex 4.51104 0 36.9561
      vertex 3.92223 -0.516371 37.511
      vertex 4.47245 -0.588808 36.9561
    endloop
  endfacet
  facet normal 0.245541 0.0833476 0.965797
    outer loop
      vertex 1.78183 0.738057 38.6816
      vertex 1.13066 0.302958 38.8847
      vertex 1.86292 0.499167 38.6816
    endloop
  endfacet
  facet normal 0.130594 0.00855607 0.991399
    outer loop
      vertex 1.16053 0.152786 38.8847
      vertex 0.389061 0.0512209 38.9872
      vertex 1.17054 0 38.8847
    endloop
  endfacet
  facet normal 0.278224 0.416388 0.86557
    outer loop
      vertex 1.66671 2.88683 37.9888
      vertex 1.61549 2.10535 38.3812
      vertex 2.02926 2.64458 37.9888
    endloop
  endfacet
  facet normal 0.221491 0.449142 0.865571
    outer loop
      vertex 1.66671 2.88683 37.9888
      vertex 1.01554 2.45173 38.3812
      vertex 1.32687 2.2982 38.3812
    endloop
  endfacet
  facet normal -0.660193 0.441131 -0.607905
    outer loop
      vertex -3.57885 2.74615 29.0439
      vertex -4.32044 2.49441 29.6666
      vertex -3.95789 3.037 29.6666
    endloop
  endfacet
  facet normal -0.712116 0.351187 -0.607913
    outer loop
      vertex -4.16766 1.7263 29.0439
      vertex -4.32044 2.49441 29.6666
      vertex -3.90667 2.25552 29.0439
    endloop
  endfacet
  facet normal -0.330202 0.376533 -0.865557
    outer loop
      vertex -2.35708 2.35708 28.0112
      vertex -1.95431 2.26778 27.8187
      vertex -2.12132 2.12132 27.8187
    endloop
  endfacet
  facet normal -0.330208 0.376517 -0.865562
    outer loop
      vertex -1.95431 2.26778 27.8187
      vertex -2.35708 2.35708 28.0112
      vertex -2.02926 2.64458 28.0112
    endloop
  endfacet
  facet normal -0.33867 0.506868 -0.792709
    outer loop
      vertex -1.66671 2.88683 28.0112
      vertex -2.40831 3.13857 28.489
      vertex -1.97804 3.42606 28.489
    endloop
  endfacet
  facet normal -0.0327577 0.499731 -0.865561
    outer loop
      vertex -0.221661 2.98547 27.8187
      vertex 0 3.33342 28.0112
      vertex 0 3 27.8187
    endloop
  endfacet
  facet normal -0.0327565 0.499731 -0.865561
    outer loop
      vertex 0 3.33342 28.0112
      vertex -0.221661 2.98547 27.8187
      vertex -0.435099 3.3049 28.0112
    endloop
  endfacet
  facet normal -0.338675 0.506859 -0.792713
    outer loop
      vertex -2.02926 2.64458 28.0112
      vertex -2.40831 3.13857 28.489
      vertex -1.66671 2.88683 28.0112
    endloop
  endfacet
  facet normal -0.31307 0.634826 -0.706387
    outer loop
      vertex -1.97804 3.42606 28.489
      vertex -2.25552 3.90667 29.0439
      vertex -1.7263 4.16766 29.0439
    endloop
  endfacet
  facet normal -0.138093 0.69422 -0.706392
    outer loop
      vertex -0.516371 3.92223 28.489
      vertex -1.16754 4.35733 29.0439
      vertex -0.588808 4.47245 29.0439
    endloop
  endfacet
  facet normal -0.0462907 0.706306 -0.706392
    outer loop
      vertex -0.516371 3.92223 28.489
      vertex -0.588808 4.47245 29.0439
      vertex 0 4.51104 29.0439
    endloop
  endfacet
  facet normal -0.221502 0.449159 -0.86556
    outer loop
      vertex -1.34728 2.67339 27.8187
      vertex -1.27564 3.07968 28.0112
      vertex -1.14805 2.77164 27.8187
    endloop
  endfacet
  facet normal -0.221495 0.449158 -0.865561
    outer loop
      vertex -1.27564 3.07968 28.0112
      vertex -1.34728 2.67339 27.8187
      vertex -1.66671 2.88683 28.0112
    endloop
  endfacet
  facet normal -0.269613 0.546734 -0.792711
    outer loop
      vertex -1.27564 3.07968 28.0112
      vertex -1.66671 2.88683 28.0112
      vertex -1.51392 3.65494 28.489
    endloop
  endfacet
  facet normal 0.0566713 0.864636 -0.499192
    outer loop
      vertex 0.651171 4.94614 29.6666
      vertex 0 4.98882 29.6666
      vertex 0 5.38124 30.3463
    endloop
  endfacet
  facet normal 0.0519304 0.792304 -0.607912
    outer loop
      vertex 0.651171 4.94614 29.6666
      vertex 0 4.51104 29.0439
      vertex 0 4.98882 29.6666
    endloop
  endfacet
  facet normal 0.0604479 0.922193 -0.381977
    outer loop
      vertex 0.741594 5.63297 31.0714
      vertex 0 5.38124 30.3463
      vertex 0 5.68158 31.0714
    endloop
  endfacet
  facet normal 0.0604474 0.922193 -0.381976
    outer loop
      vertex 0.702392 5.3352 30.3463
      vertex 0 5.38124 30.3463
      vertex 0.741594 5.63297 31.0714
    endloop
  endfacet
  facet normal 0.0462907 0.706306 -0.706392
    outer loop
      vertex 0.516371 3.92223 28.489
      vertex 0 4.51104 29.0439
      vertex 0.588808 4.47245 29.0439
    endloop
  endfacet
  facet normal 0.138094 0.694219 -0.706393
    outer loop
      vertex 1.02391 3.82127 28.489
      vertex 0.516371 3.92223 28.489
      vertex 1.16754 4.35733 29.0439
    endloop
  endfacet
  facet normal 0.571315 0.651464 -0.499193
    outer loop
      vertex 3.80511 3.80511 30.3463
      vertex 3.037 3.95789 29.6666
      vertex 3.27589 4.26922 30.3463
    endloop
  endfacet
  facet normal 0.571311 0.651472 -0.499188
    outer loop
      vertex 3.52763 3.52763 29.6666
      vertex 3.037 3.95789 29.6666
      vertex 3.80511 3.80511 30.3463
    endloop
  endfacet
  facet normal 0.351186 0.712118 -0.607912
    outer loop
      vertex 2.49441 4.32044 29.6666
      vertex 1.7263 4.16766 29.0439
      vertex 1.90914 4.60907 29.6666
    endloop
  endfacet
  facet normal 0.4667 0.532172 -0.706388
    outer loop
      vertex 3.18979 3.18979 29.0439
      vertex 2.40831 3.13857 28.489
      vertex 2.74615 3.57885 29.0439
    endloop
  endfacet
  facet normal 0.4814 0.720457 -0.499195
    outer loop
      vertex 3.27589 4.26922 30.3463
      vertex 2.49441 4.32044 29.6666
      vertex 2.69062 4.66029 30.3463
    endloop
  endfacet
  facet normal 0.383231 0.777135 -0.499195
    outer loop
      vertex 2.49441 4.32044 29.6666
      vertex 2.05931 4.97161 30.3463
      vertex 2.69062 4.66029 30.3463
    endloop
  endfacet
  facet normal 0.401937 0.458316 -0.792712
    outer loop
      vertex 2.79737 2.79737 28.489
      vertex 2.02926 2.64458 28.0112
      vertex 2.40831 3.13857 28.489
    endloop
  endfacet
  facet normal 0.269621 0.546734 -0.792709
    outer loop
      vertex 1.66671 2.88683 28.0112
      vertex 1.51392 3.65494 28.489
      vertex 1.97804 3.42606 28.489
    endloop
  endfacet
  facet normal 0.532167 0.466702 -0.706391
    outer loop
      vertex 3.13857 2.40831 28.489
      vertex 2.79737 2.79737 28.489
      vertex 3.18979 3.18979 29.0439
    endloop
  endfacet
  facet normal 0.634826 0.313063 -0.706391
    outer loop
      vertex 3.65494 1.51392 28.489
      vertex 3.42606 1.97804 28.489
      vertex 4.16766 1.7263 29.0439
    endloop
  endfacet
  facet normal -0.25522 -0.751867 -0.607913
    outer loop
      vertex -1.2912 -4.81883 29.6666
      vertex -1.7263 -4.16766 29.0439
      vertex -1.16754 -4.35733 29.0439
    endloop
  endfacet
  facet normal 0.449161 0.221493 -0.865561
    outer loop
      vertex 2.67339 1.34728 27.8187
      vertex 2.59808 1.5 27.8187
      vertex 2.88683 1.66671 28.0112
    endloop
  endfacet
  facet normal 0.597892 0.11892 -0.792706
    outer loop
      vertex 3.3049 0.435099 28.0112
      vertex 3.21984 0.862753 28.0112
      vertex 3.82127 1.02391 28.489
    endloop
  endfacet
  facet normal 0.491178 0.0976998 -0.865563
    outer loop
      vertex 2.97433 0.391578 27.8187
      vertex 2.94111 0.558589 27.8187
      vertex 3.3049 0.435099 28.0112
    endloop
  endfacet
  facet normal 0.777135 0.383231 -0.499195
    outer loop
      vertex 4.97161 2.05931 30.3463
      vertex 4.32044 2.49441 29.6666
      vertex 4.66029 2.69062 30.3463
    endloop
  endfacet
  facet normal 0.19342 0.972432 0.130249
    outer loop
      vertex 0.78148 5.93593 33.3924
      vertex 0.768108 5.83437 34.1705
      vertex 1.54959 5.78315 33.3924
    endloop
  endfacet
  facet normal 0.278523 0.820513 0.499183
    outer loop
      vertex 2.05931 4.97161 35.6537
      vertex 1.2912 4.81883 36.3334
      vertex 1.90914 4.60907 36.3334
    endloop
  endfacet
  facet normal -0.180291 0.906416 0.381976
    outer loop
      vertex -0.741594 5.63297 34.9286
      vertex -1.39277 5.19788 35.6537
      vertex -0.702392 5.3352 35.6537
    endloop
  endfacet
  facet normal -0.0631781 0.963997 0.258299
    outer loop
      vertex 0 5.88471 34.1705
      vertex -0.768108 5.83437 34.1705
      vertex 0 5.68158 34.9286
    endloop
  endfacet
  facet normal 0.408743 0.828869 0.381975
    outer loop
      vertex 2.84079 4.92039 34.9286
      vertex 2.05931 4.97161 35.6537
      vertex 2.69062 4.66029 35.6537
    endloop
  endfacet
  facet normal 0.653733 0.745429 0.13026
    outer loop
      vertex 4.23356 4.23356 33.3924
      vertex 3.58239 4.66866 34.1705
      vertex 4.16112 4.16112 34.1705
    endloop
  endfacet
  facet normal 0.523517 0.596972 0.60791
    outer loop
      vertex 3.52763 3.52763 36.3334
      vertex 3.037 3.95789 36.3334
      vertex 3.18979 3.18979 36.9561
    endloop
  endfacet
  facet normal 0.532167 0.466702 0.706391
    outer loop
      vertex 3.18979 3.18979 36.9561
      vertex 2.79737 2.79737 37.511
      vertex 3.13857 2.40831 37.511
    endloop
  endfacet
  facet normal 0.310534 0.914798 0.258289
    outer loop
      vertex 2.25198 5.43676 34.1705
      vertex 1.52308 5.68419 34.1705
      vertex 2.17425 5.2491 34.9286
    endloop
  endfacet
  facet normal 0.609344 0.694829 0.381984
    outer loop
      vertex 3.45873 4.5075 34.9286
      vertex 3.27589 4.26922 35.6537
      vertex 3.80511 3.80511 35.6537
    endloop
  endfacet
  facet normal 0.31307 0.634826 0.706387
    outer loop
      vertex 2.25552 3.90667 36.9561
      vertex 1.7263 4.16766 36.9561
      vertex 1.97804 3.42606 37.511
    endloop
  endfacet
  facet normal 0.221489 0.449145 0.86557
    outer loop
      vertex 1.27564 3.07968 37.9888
      vertex 1.01554 2.45173 38.3812
      vertex 1.66671 2.88683 37.9888
    endloop
  endfacet
  facet normal 0.58854 0.39324 0.706387
    outer loop
      vertex 3.90667 2.25552 36.9561
      vertex 3.13857 2.40831 37.511
      vertex 3.42606 1.97804 37.511
    endloop
  endfacet
  facet normal 0.532172 0.4667 0.706388
    outer loop
      vertex 3.18979 3.18979 36.9561
      vertex 3.13857 2.40831 37.511
      vertex 3.57885 2.74615 36.9561
    endloop
  endfacet
  facet normal 0.065402 0.997859 -0
    outer loop
      vertex 0.78148 5.93593 32.6076
      vertex 0 5.98715 33.3924
      vertex 0.78148 5.93593 33.3924
    endloop
  endfacet
  facet normal 0.065402 0.997859 0
    outer loop
      vertex 0 5.98715 33.3924
      vertex 0.78148 5.93593 32.6076
      vertex 0 5.98715 32.6076
    endloop
  endfacet
  facet normal 0.536712 0.803255 0.258307
    outer loop
      vertex 2.94236 5.09631 34.1705
      vertex 2.84079 4.92039 34.9286
      vertex 3.58239 4.66866 34.1705
    endloop
  endfacet
  facet normal 0.828869 0.408743 -0.381975
    outer loop
      vertex 4.97161 2.05931 30.3463
      vertex 4.66029 2.69062 30.3463
      vertex 4.92039 2.84079 31.0714
    endloop
  endfacet
  facet normal 0.803255 0.536712 -0.258307
    outer loop
      vertex 4.92039 2.84079 31.0714
      vertex 4.5075 3.45873 31.0714
      vertex 4.66866 3.58239 31.8295
    endloop
  endfacet
  facet normal 0.980787 0.195082 0
    outer loop
      vertex 5.93593 0.78148 33.3924
      vertex 5.78315 1.54959 32.6076
      vertex 5.78315 1.54959 33.3924
    endloop
  endfacet
  facet normal 0.980787 0.195082 0
    outer loop
      vertex 5.78315 1.54959 32.6076
      vertex 5.93593 0.78148 33.3924
      vertex 5.93593 0.78148 32.6076
    endloop
  endfacet
  facet normal 0.938861 0.318703 -0.130261
    outer loop
      vertex 5.68419 1.52308 31.8295
      vertex 5.43676 2.25198 31.8295
      vertex 5.53141 2.29118 32.6076
    endloop
  endfacet
  facet normal 0.972432 0.19342 0.130249
    outer loop
      vertex 5.93593 0.78148 33.3924
      vertex 5.78315 1.54959 33.3924
      vertex 5.83437 0.768108 34.1705
    endloop
  endfacet
  facet normal 0.989359 0.0648448 0.130249
    outer loop
      vertex 5.93593 0.78148 33.3924
      vertex 5.83437 0.768108 34.1705
      vertex 5.98715 0 33.3924
    endloop
  endfacet
  facet normal 0.636975 0.72632 0.258306
    outer loop
      vertex 3.58239 4.66866 34.1705
      vertex 3.45873 4.5075 34.9286
      vertex 4.16112 4.16112 34.1705
    endloop
  endfacet
  facet normal 0.636976 0.726318 0.258308
    outer loop
      vertex 4.16112 4.16112 34.1705
      vertex 3.45873 4.5075 34.9286
      vertex 4.01748 4.01748 34.9286
    endloop
  endfacet
  facet normal 0.653733 0.745429 -0.13026
    outer loop
      vertex 4.16112 4.16112 31.8295
      vertex 3.58239 4.66866 31.8295
      vertex 4.23356 4.23356 32.6076
    endloop
  endfacet
  facet normal 0.653727 0.745437 0.130251
    outer loop
      vertex 3.64475 4.74993 33.3924
      vertex 3.58239 4.66866 34.1705
      vertex 4.23356 4.23356 33.3924
    endloop
  endfacet
  facet normal 0.609344 0.694829 -0.381984
    outer loop
      vertex 3.80511 3.80511 30.3463
      vertex 3.27589 4.26922 30.3463
      vertex 3.45873 4.5075 31.0714
    endloop
  endfacet
  facet normal 0.427288 0.866431 -0.258307
    outer loop
      vertex 2.84079 4.92039 31.0714
      vertex 2.17425 5.2491 31.0714
      vertex 2.94236 5.09631 31.8295
    endloop
  endfacet
  facet normal 0.864636 0.0566713 0.499192
    outer loop
      vertex 5.38124 0 35.6537
      vertex 4.94614 0.651171 36.3334
      vertex 4.98882 0 36.3334
    endloop
  endfacet
  facet normal 0.778747 0.154903 0.607913
    outer loop
      vertex 4.81883 1.2912 36.3334
      vertex 4.35733 1.16754 36.9561
      vertex 4.94614 0.651171 36.3334
    endloop
  endfacet
  facet normal 0.989359 -0.0648448 -0.130249
    outer loop
      vertex 5.93593 -0.78148 32.6076
      vertex 5.83437 -0.768108 31.8295
      vertex 5.98715 0 32.6076
    endloop
  endfacet
  facet normal 0.922193 -0.0604474 0.381976
    outer loop
      vertex 5.38124 0 35.6537
      vertex 5.3352 -0.702392 35.6537
      vertex 5.63297 -0.741594 34.9286
    endloop
  endfacet
  facet normal 0.906416 -0.180291 0.381976
    outer loop
      vertex 5.3352 -0.702392 35.6537
      vertex 5.19788 -1.39277 35.6537
      vertex 5.63297 -0.741594 34.9286
    endloop
  endfacet
  facet normal 0.577249 0.195942 0.792711
    outer loop
      vertex 3.65494 1.51392 37.511
      vertex 3.07968 1.27564 37.9888
      vertex 3.82127 1.02391 37.511
    endloop
  endfacet
  facet normal 0.57725 0.195955 0.792707
    outer loop
      vertex 3.82127 1.02391 37.511
      vertex 3.07968 1.27564 37.9888
      vertex 3.21984 0.862753 37.9888
    endloop
  endfacet
  facet normal 0.660193 0.441131 0.607905
    outer loop
      vertex 3.95789 3.037 36.3334
      vertex 3.57885 2.74615 36.9561
      vertex 4.32044 2.49441 36.3334
    endloop
  endfacet
  facet normal 0.546734 0.269621 0.792709
    outer loop
      vertex 3.42606 1.97804 37.511
      vertex 2.88683 1.66671 37.9888
      vertex 3.65494 1.51392 37.511
    endloop
  endfacet
  facet normal 0.72632 0.636975 0.258306
    outer loop
      vertex 4.66866 3.58239 34.1705
      vertex 4.16112 4.16112 34.1705
      vertex 4.5075 3.45873 34.9286
    endloop
  endfacet
  facet normal 0.726318 0.636976 0.258308
    outer loop
      vertex 4.16112 4.16112 34.1705
      vertex 4.01748 4.01748 34.9286
      vertex 4.5075 3.45873 34.9286
    endloop
  endfacet
  facet normal 0.946929 0.321444 0
    outer loop
      vertex 5.78315 1.54959 33.3924
      vertex 5.53141 2.29118 32.6076
      vertex 5.53141 2.29118 33.3924
    endloop
  endfacet
  facet normal 0.946929 0.321444 0
    outer loop
      vertex 5.53141 2.29118 32.6076
      vertex 5.78315 1.54959 33.3924
      vertex 5.78315 1.54959 32.6076
    endloop
  endfacet
  facet normal 0.914799 0.310518 0.258303
    outer loop
      vertex 5.68419 1.52308 34.1705
      vertex 5.2491 2.17425 34.9286
      vertex 5.48798 1.4705 34.9286
    endloop
  endfacet
  facet normal 0.751868 0.255222 0.607912
    outer loop
      vertex 4.60907 1.90914 36.3334
      vertex 4.16766 1.7263 36.9561
      vertex 4.81883 1.2912 36.3334
    endloop
  endfacet
  facet normal 0.712118 0.351186 0.607912
    outer loop
      vertex 4.32044 2.49441 36.3334
      vertex 4.16766 1.7263 36.9561
      vertex 4.60907 1.90914 36.3334
    endloop
  endfacet
  facet normal 0.438515 0.889234 -0.130258
    outer loop
      vertex 2.94236 5.09631 31.8295
      vertex 2.29118 5.53141 32.6076
      vertex 2.99358 5.18503 32.6076
    endloop
  endfacet
  facet normal 0.438512 0.889235 -0.130261
    outer loop
      vertex 2.94236 5.09631 31.8295
      vertex 2.25198 5.43676 31.8295
      vertex 2.29118 5.53141 32.6076
    endloop
  endfacet
  facet normal 0.310518 0.914799 -0.258303
    outer loop
      vertex 2.17425 5.2491 31.0714
      vertex 1.4705 5.48798 31.0714
      vertex 1.52308 5.68419 31.8295
    endloop
  endfacet
  facet normal 0.188472 0.947501 -0.258302
    outer loop
      vertex 1.4705 5.48798 31.0714
      vertex 0.741594 5.63297 31.0714
      vertex 1.52308 5.68419 31.8295
    endloop
  endfacet
  facet normal -0.427273 0.866444 -0.258289
    outer loop
      vertex -2.17425 5.2491 31.0714
      vertex -2.94236 5.09631 31.8295
      vertex -2.25198 5.43676 31.8295
    endloop
  endfacet
  facet normal -0.0631879 0.963994 -0.258309
    outer loop
      vertex -0.741594 5.63297 31.0714
      vertex -0.768108 5.83437 31.8295
      vertex 0 5.68158 31.0714
    endloop
  endfacet
  facet normal -0.188472 0.947501 -0.258302
    outer loop
      vertex -1.4705 5.48798 31.0714
      vertex -1.52308 5.68419 31.8295
      vertex -0.741594 5.63297 31.0714
    endloop
  endfacet
  facet normal -0.180299 0.906417 -0.38197
    outer loop
      vertex -1.39277 5.19788 30.3463
      vertex -1.4705 5.48798 31.0714
      vertex -0.741594 5.63297 31.0714
    endloop
  endfacet
  facet normal 0.278222 0.416389 0.865571
    outer loop
      vertex 1.66671 2.88683 37.9888
      vertex 1.32687 2.2982 38.3812
      vertex 1.61549 2.10535 38.3812
    endloop
  endfacet
  facet normal -0.123251 0.363095 0.923564
    outer loop
      vertex -0.686836 2.56331 38.3812
      vertex -0.738057 1.78183 38.6816
      vertex -0.499167 1.86292 38.6816
    endloop
  endfacet
  facet normal 0.0578833 0.117378 0.991399
    outer loop
      vertex 0.585271 1.01372 38.8847
      vertex 0.150171 0.362547 38.9872
      vertex 0.196209 0.339844 38.9872
    endloop
  endfacet
  facet normal -0.169594 0.3439 0.923564
    outer loop
      vertex -0.738057 1.78183 38.6816
      vertex -1.32687 2.2982 38.3812
      vertex -0.964318 1.67025 38.6816
    endloop
  endfacet
  facet normal -0.2156 0.144061 0.965797
    outer loop
      vertex -1.53009 1.17408 38.6816
      vertex -1.67025 0.964318 38.6816
      vertex -1.01372 0.585271 38.8847
    endloop
  endfacet
  facet normal -0.114684 -0.232559 0.965797
    outer loop
      vertex -0.585271 -1.01372 38.8847
      vertex -0.738057 -1.78183 38.6816
      vertex -0.447947 -1.08144 38.8847
    endloop
  endfacet
  facet normal -0.31882 0.213031 0.923564
    outer loop
      vertex -1.53009 1.17408 38.6816
      vertex -2.10535 1.61549 38.3812
      vertex -1.67025 0.964318 38.6816
    endloop
  endfacet
  facet normal 0.097698 0.491166 0.86557
    outer loop
      vertex 0.435099 3.3049 37.9888
      vertex 0.346381 2.63103 38.3812
      vertex 0.686836 2.56331 38.3812
    endloop
  endfacet
  facet normal 0.245537 -0.0833535 0.965797
    outer loop
      vertex 1.13066 -0.302958 38.8847
      vertex 1.08144 -0.447947 38.8847
      vertex 1.78183 -0.738057 38.6816
    endloop
  endfacet
  facet normal -0.550833 -0.824389 -0.130251
    outer loop
      vertex -2.94236 -5.09631 31.8295
      vertex -3.64475 -4.74993 32.6076
      vertex -3.58239 -4.66866 31.8295
    endloop
  endfacet
  facet normal -0.889235 -0.438512 0.130261
    outer loop
      vertex -5.43676 -2.25198 34.1705
      vertex -5.53141 -2.29118 33.3924
      vertex -5.09631 -2.94236 34.1705
    endloop
  endfacet
  facet normal -0.866444 -0.427273 0.258289
    outer loop
      vertex -5.2491 -2.17425 34.9286
      vertex -5.43676 -2.25198 34.1705
      vertex -5.09631 -2.94236 34.1705
    endloop
  endfacet
  facet normal -0.634826 -0.31307 0.706387
    outer loop
      vertex -3.42606 -1.97804 37.511
      vertex -4.16766 -1.7263 36.9561
      vertex -3.90667 -2.25552 36.9561
    endloop
  endfacet
  facet normal -0.546734 -0.269613 0.792711
    outer loop
      vertex -3.07968 -1.27564 37.9888
      vertex -3.65494 -1.51392 37.511
      vertex -2.88683 -1.66671 37.9888
    endloop
  endfacet
  facet normal -0.506859 -0.338675 0.792713
    outer loop
      vertex -2.88683 -1.66671 37.9888
      vertex -3.13857 -2.40831 37.511
      vertex -2.64458 -2.02926 37.9888
    endloop
  endfacet
  facet normal -0.58854 -0.39324 0.706387
    outer loop
      vertex -3.42606 -1.97804 37.511
      vertex -3.90667 -2.25552 36.9561
      vertex -3.13857 -2.40831 37.511
    endloop
  endfacet
  facet normal -0.906416 -0.180291 0.381976
    outer loop
      vertex -5.3352 -0.702392 35.6537
      vertex -5.63297 -0.741594 34.9286
      vertex -5.19788 -1.39277 35.6537
    endloop
  endfacet
  facet normal -0.922193 -0.0604474 0.381976
    outer loop
      vertex -5.38124 0 35.6537
      vertex -5.63297 -0.741594 34.9286
      vertex -5.3352 -0.702392 35.6537
    endloop
  endfacet
  facet normal -0.636976 0.726318 -0.258308
    outer loop
      vertex -4.01748 4.01748 31.0714
      vertex -4.16112 4.16112 31.8295
      vertex -3.45873 4.5075 31.0714
    endloop
  endfacet
  facet normal -0.634826 0.31307 -0.706387
    outer loop
      vertex -3.42606 1.97804 28.489
      vertex -4.16766 1.7263 29.0439
      vertex -3.90667 2.25552 29.0439
    endloop
  endfacet
  facet normal -0.351187 0.712116 -0.607913
    outer loop
      vertex -2.25552 3.90667 29.0439
      vertex -2.49441 4.32044 29.6666
      vertex -1.7263 4.16766 29.0439
    endloop
  endfacet
  facet normal -0.609344 0.694829 -0.381984
    outer loop
      vertex -3.27589 4.26922 30.3463
      vertex -3.80511 3.80511 30.3463
      vertex -3.45873 4.5075 31.0714
    endloop
  endfacet
  facet normal -0.0648448 0.989359 0.130249
    outer loop
      vertex 0 5.98715 33.3924
      vertex -0.78148 5.93593 33.3924
      vertex -0.768108 5.83437 34.1705
    endloop
  endfacet
  facet normal -0.193436 0.972427 0.130265
    outer loop
      vertex -0.768108 5.83437 34.1705
      vertex -1.54959 5.78315 33.3924
      vertex -1.52308 5.68419 34.1705
    endloop
  endfacet
  facet normal -0.745437 0.653727 0.130251
    outer loop
      vertex -4.23356 4.23356 33.3924
      vertex -4.74993 3.64475 33.3924
      vertex -4.66866 3.58239 34.1705
    endloop
  endfacet
  facet normal -0.636975 0.72632 0.258306
    outer loop
      vertex -3.58239 4.66866 34.1705
      vertex -4.16112 4.16112 34.1705
      vertex -3.45873 4.5075 34.9286
    endloop
  endfacet
  facet normal -0.745437 0.653727 -0.130251
    outer loop
      vertex -4.66866 3.58239 31.8295
      vertex -4.74993 3.64475 32.6076
      vertex -4.23356 4.23356 32.6076
    endloop
  endfacet
  facet normal -0.19342 0.972432 -0.130249
    outer loop
      vertex -0.768108 5.83437 31.8295
      vertex -1.54959 5.78315 32.6076
      vertex -0.78148 5.93593 32.6076
    endloop
  endfacet
  facet normal -0.550833 0.824389 -0.130251
    outer loop
      vertex -3.58239 4.66866 31.8295
      vertex -3.64475 4.74993 32.6076
      vertex -2.94236 5.09631 31.8295
    endloop
  endfacet
  facet normal -0.3439 0.169594 0.923564
    outer loop
      vertex -1.67025 0.964318 38.6816
      vertex -2.2982 1.32687 38.3812
      vertex -1.78183 0.738057 38.6816
    endloop
  endfacet
  facet normal -0.474211 0.160973 0.86557
    outer loop
      vertex -2.45173 1.01554 38.3812
      vertex -3.07968 1.27564 37.9888
      vertex -2.56331 0.686836 38.3812
    endloop
  endfacet
  facet normal -0.416389 0.278222 0.865571
    outer loop
      vertex -2.10535 1.61549 38.3812
      vertex -2.88683 1.66671 37.9888
      vertex -2.2982 1.32687 38.3812
    endloop
  endfacet
  facet normal -0.376507 0.330199 0.86557
    outer loop
      vertex -2.35708 2.35708 37.9888
      vertex -2.64458 2.02926 37.9888
      vertex -1.87647 1.87647 38.3812
    endloop
  endfacet
  facet normal -0.227515 0.670261 0.70639
    outer loop
      vertex -1.02391 3.82127 37.511
      vertex -1.7263 4.16766 36.9561
      vertex -1.51392 3.65494 37.511
    endloop
  endfacet
  facet normal 0.160973 0.474211 0.86557
    outer loop
      vertex 1.27564 3.07968 37.9888
      vertex 0.686836 2.56331 38.3812
      vertex 1.01554 2.45173 38.3812
    endloop
  endfacet
  facet normal -0.481399 0.720459 0.499194
    outer loop
      vertex -2.49441 4.32044 36.3334
      vertex -3.27589 4.26922 35.6537
      vertex -3.037 3.95789 36.3334
    endloop
  endfacet
  facet normal -0.506868 0.33867 0.792709
    outer loop
      vertex -3.13857 2.40831 37.511
      vertex -3.42606 1.97804 37.511
      vertex -2.88683 1.66671 37.9888
    endloop
  endfacet
  facet normal -0.58854 0.39324 0.706387
    outer loop
      vertex -3.13857 2.40831 37.511
      vertex -3.90667 2.25552 36.9561
      vertex -3.42606 1.97804 37.511
    endloop
  endfacet
  facet normal -0.768415 0.513445 0.381984
    outer loop
      vertex -4.5075 3.45873 34.9286
      vertex -4.66029 2.69062 35.6537
      vertex -4.26922 3.27589 35.6537
    endloop
  endfacet
  facet normal -0.864638 0.0566748 0.499189
    outer loop
      vertex -5.3352 0.702392 35.6537
      vertex -5.38124 0 35.6537
      vertex -4.94614 0.651171 36.3334
    endloop
  endfacet
  facet normal -0.751867 0.25522 0.607913
    outer loop
      vertex -4.16766 1.7263 36.9561
      vertex -4.81883 1.2912 36.3334
      vertex -4.35733 1.16754 36.9561
    endloop
  endfacet
  facet normal -0.670261 0.227515 0.70639
    outer loop
      vertex -3.65494 1.51392 37.511
      vertex -4.16766 1.7263 36.9561
      vertex -3.82127 1.02391 37.511
    endloop
  endfacet
  facet normal -0.751868 -0.255222 0.607912
    outer loop
      vertex -4.16766 -1.7263 36.9561
      vertex -4.81883 -1.2912 36.3334
      vertex -4.60907 -1.90914 36.3334
    endloop
  endfacet
  facet normal -0.751867 -0.25522 0.607913
    outer loop
      vertex -4.35733 -1.16754 36.9561
      vertex -4.81883 -1.2912 36.3334
      vertex -4.16766 -1.7263 36.9561
    endloop
  endfacet
  facet normal -0.670261 -0.227515 0.70639
    outer loop
      vertex -3.82127 -1.02391 37.511
      vertex -4.16766 -1.7263 36.9561
      vertex -3.65494 -1.51392 37.511
    endloop
  endfacet
  facet normal -0.499713 -0.0327554 0.865571
    outer loop
      vertex -2.65373 0 38.3812
      vertex -3.33342 0 37.9888
      vertex -3.3049 -0.435099 37.9888
    endloop
  endfacet
  facet normal -0.889235 0.438512 0.130261
    outer loop
      vertex -5.09631 2.94236 34.1705
      vertex -5.53141 2.29118 33.3924
      vertex -5.43676 2.25198 34.1705
    endloop
  endfacet
  facet normal -0.938861 0.318703 0.130261
    outer loop
      vertex -5.53141 2.29118 33.3924
      vertex -5.68419 1.52308 34.1705
      vertex -5.43676 2.25198 34.1705
    endloop
  endfacet
  facet normal -0.651472 0.571311 0.499188
    outer loop
      vertex -3.80511 3.80511 35.6537
      vertex -3.95789 3.037 36.3334
      vertex -3.52763 3.52763 36.3334
    endloop
  endfacet
  facet normal -0.609344 0.694829 0.381984
    outer loop
      vertex -3.45873 4.5075 34.9286
      vertex -3.80511 3.80511 35.6537
      vertex -3.27589 4.26922 35.6537
    endloop
  endfacet
  facet normal -0.651464 0.571315 0.499193
    outer loop
      vertex -3.80511 3.80511 35.6537
      vertex -4.26922 3.27589 35.6537
      vertex -3.95789 3.037 36.3334
    endloop
  endfacet
  facet normal -0.720459 0.481399 0.499194
    outer loop
      vertex -4.26922 3.27589 35.6537
      vertex -4.32044 2.49441 36.3334
      vertex -3.95789 3.037 36.3334
    endloop
  endfacet
  facet normal 0.0519271 0.792306 0.60791
    outer loop
      vertex 0.651171 4.94614 36.3334
      vertex 0 4.51104 36.9561
      vertex 0.588808 4.47245 36.9561
    endloop
  endfacet
  facet normal -0.408757 0.828855 0.381991
    outer loop
      vertex -2.17425 5.2491 34.9286
      vertex -2.84079 4.92039 34.9286
      vertex -2.05931 4.97161 35.6537
    endloop
  endfacet
  facet normal -0.906417 0.180299 0.38197
    outer loop
      vertex -5.48798 1.4705 34.9286
      vertex -5.63297 0.741594 34.9286
      vertex -5.19788 1.39277 35.6537
    endloop
  endfacet
  facet normal -0.906416 0.180291 0.381976
    outer loop
      vertex -5.19788 1.39277 35.6537
      vertex -5.63297 0.741594 34.9286
      vertex -5.3352 0.702392 35.6537
    endloop
  endfacet
  facet normal -0.972432 0.19342 0.130249
    outer loop
      vertex -5.78315 1.54959 33.3924
      vertex -5.93593 0.78148 33.3924
      vertex -5.83437 0.768108 34.1705
    endloop
  endfacet
  facet normal -0.972427 0.193436 0.130265
    outer loop
      vertex -5.78315 1.54959 33.3924
      vertex -5.83437 0.768108 34.1705
      vertex -5.68419 1.52308 34.1705
    endloop
  endfacet
  facet normal -0.93886 0.318705 -0.130264
    outer loop
      vertex -5.68419 1.52308 31.8295
      vertex -5.78315 1.54959 32.6076
      vertex -5.53141 2.29118 32.6076
    endloop
  endfacet
  facet normal -0.938861 0.318703 -0.130261
    outer loop
      vertex -5.43676 2.25198 31.8295
      vertex -5.68419 1.52308 31.8295
      vertex -5.53141 2.29118 32.6076
    endloop
  endfacet
  facet normal -0.997859 0.065402 0
    outer loop
      vertex -5.98715 0 32.6076
      vertex -5.93593 0.78148 33.3924
      vertex -5.93593 0.78148 32.6076
    endloop
  endfacet
  facet normal -0.997859 0.065402 0
    outer loop
      vertex -5.93593 0.78148 33.3924
      vertex -5.98715 0 32.6076
      vertex -5.98715 0 33.3924
    endloop
  endfacet
  facet normal -0.751867 -0.25522 -0.607913
    outer loop
      vertex -4.16766 -1.7263 29.0439
      vertex -4.81883 -1.2912 29.6666
      vertex -4.35733 -1.16754 29.0439
    endloop
  endfacet
  facet normal -0.706306 0.0462907 -0.706392
    outer loop
      vertex -3.92223 0.516371 28.489
      vertex -4.51104 0 29.0439
      vertex -4.47245 0.588808 29.0439
    endloop
  endfacet
  facet normal -0.777135 0.383231 -0.499195
    outer loop
      vertex -4.32044 2.49441 29.6666
      vertex -4.97161 2.05931 30.3463
      vertex -4.66029 2.69062 30.3463
    endloop
  endfacet
  facet normal -0.866431 0.427288 -0.258307
    outer loop
      vertex -4.92039 2.84079 31.0714
      vertex -5.2491 2.17425 31.0714
      vertex -5.09631 2.94236 31.8295
    endloop
  endfacet
  facet normal -0.972427 -0.193436 -0.130265
    outer loop
      vertex -5.78315 -1.54959 32.6076
      vertex -5.83437 -0.768108 31.8295
      vertex -5.68419 -1.52308 31.8295
    endloop
  endfacet
  facet normal -0.93886 -0.318705 -0.130264
    outer loop
      vertex -5.53141 -2.29118 32.6076
      vertex -5.78315 -1.54959 32.6076
      vertex -5.68419 -1.52308 31.8295
    endloop
  endfacet
  facet normal -0.989358 -0.0648402 -0.130253
    outer loop
      vertex -5.83437 -0.768108 31.8295
      vertex -5.98715 0 32.6076
      vertex -5.88471 0 31.8295
    endloop
  endfacet
  facet normal -0.875116 -0.297075 -0.381991
    outer loop
      vertex -4.97161 -2.05931 30.3463
      vertex -5.2491 -2.17425 31.0714
      vertex -5.19788 -1.39277 30.3463
    endloop
  endfacet
  facet normal 0.441131 -0.660193 -0.607905
    outer loop
      vertex 3.037 -3.95789 29.6666
      vertex 2.49441 -4.32044 29.6666
      vertex 2.74615 -3.57885 29.0439
    endloop
  endfacet
  facet normal 0.523517 -0.596972 -0.60791
    outer loop
      vertex 3.52763 -3.52763 29.6666
      vertex 3.037 -3.95789 29.6666
      vertex 3.18979 -3.18979 29.0439
    endloop
  endfacet
  facet normal 0.278523 -0.820513 -0.499183
    outer loop
      vertex 2.05931 -4.97161 30.3463
      vertex 1.2912 -4.81883 29.6666
      vertex 1.90914 -4.60907 29.6666
    endloop
  endfacet
  facet normal 0.0519304 -0.792304 -0.607912
    outer loop
      vertex 0.651171 -4.94614 29.6666
      vertex 0 -4.98882 29.6666
      vertex 0 -4.51104 29.0439
    endloop
  endfacet
  facet normal 0.778747 -0.154903 -0.607913
    outer loop
      vertex 4.81883 -1.2912 29.6666
      vertex 4.35733 -1.16754 29.0439
      vertex 4.94614 -0.651171 29.6666
    endloop
  endfacet
  facet normal 0.706304 -0.0462871 -0.706393
    outer loop
      vertex 4.51104 0 29.0439
      vertex 3.92223 -0.516371 28.489
      vertex 3.95607 0 28.489
    endloop
  endfacet
  facet normal -0.491178 -0.0976998 -0.865563
    outer loop
      vertex -2.94111 -0.558589 27.8187
      vertex -3.3049 -0.435099 28.0112
      vertex -2.97433 -0.391578 27.8187
    endloop
  endfacet
  facet normal -0.33867 -0.506868 -0.792709
    outer loop
      vertex -1.97804 -3.42606 28.489
      vertex -2.40831 -3.13857 28.489
      vertex -1.66671 -2.88683 28.0112
    endloop
  endfacet
  facet normal -0.227515 -0.670261 -0.70639
    outer loop
      vertex -1.02391 -3.82127 28.489
      vertex -1.7263 -4.16766 29.0439
      vertex -1.51392 -3.65494 28.489
    endloop
  endfacet
  facet normal -0.278251 -0.416392 -0.86556
    outer loop
      vertex -1.5 -2.59808 27.8187
      vertex -1.66671 -2.88683 28.0112
      vertex -1.64158 -2.50347 27.8187
    endloop
  endfacet
  facet normal 0.169039 -0.849845 -0.499189
    outer loop
      vertex 0.702392 -5.3352 30.3463
      vertex 0.651171 -4.94614 29.6666
      vertex 1.39277 -5.19788 30.3463
    endloop
  endfacet
  facet normal -0.313063 -0.634826 -0.706391
    outer loop
      vertex -1.7263 -4.16766 29.0439
      vertex -1.97804 -3.42606 28.489
      vertex -1.51392 -3.65494 28.489
    endloop
  endfacet
  facet normal -0.0327629 -0.499728 -0.865563
    outer loop
      vertex -0.435099 -3.3049 28.0112
      vertex -0.391578 -2.97433 27.8187
      vertex -0.221661 -2.98547 27.8187
    endloop
  endfacet
  facet normal -0.466702 -0.532167 -0.706391
    outer loop
      vertex -2.40831 -3.13857 28.489
      vertex -3.18979 -3.18979 29.0439
      vertex -2.79737 -2.79737 28.489
    endloop
  endfacet
  facet normal -0.660195 -0.441117 -0.607913
    outer loop
      vertex -3.57885 -2.74615 29.0439
      vertex -4.32044 -2.49441 29.6666
      vertex -3.90667 -2.25552 29.0439
    endloop
  endfacet
  facet normal -0.571315 -0.651464 -0.499193
    outer loop
      vertex -3.27589 -4.26922 30.3463
      vertex -3.80511 -3.80511 30.3463
      vertex -3.037 -3.95789 29.6666
    endloop
  endfacet
  facet normal -0.828869 -0.408743 -0.381975
    outer loop
      vertex -4.92039 -2.84079 31.0714
      vertex -4.97161 -2.05931 30.3463
      vertex -4.66029 -2.69062 30.3463
    endloop
  endfacet
  facet normal -0.634826 -0.31307 -0.706387
    outer loop
      vertex -3.90667 -2.25552 29.0439
      vertex -4.16766 -1.7263 29.0439
      vertex -3.42606 -1.97804 28.489
    endloop
  endfacet
  facet normal -0.58854 -0.39324 -0.706388
    outer loop
      vertex -3.57885 -2.74615 29.0439
      vertex -3.90667 -2.25552 29.0439
      vertex -3.13857 -2.40831 28.489
    endloop
  endfacet
  facet normal -0.338675 -0.506859 -0.792713
    outer loop
      vertex -1.66671 -2.88683 28.0112
      vertex -2.40831 -3.13857 28.489
      vertex -2.02926 -2.64458 28.0112
    endloop
  endfacet
  facet normal -0.499731 0.0327577 -0.865561
    outer loop
      vertex -3.33342 0 28.0112
      vertex -2.98547 0.221661 27.8187
      vertex -3 0 27.8187
    endloop
  endfacet
  facet normal -0.499731 0.0327565 -0.865561
    outer loop
      vertex -2.98547 0.221661 27.8187
      vertex -3.33342 0 28.0112
      vertex -3.3049 0.435099 28.0112
    endloop
  endfacet
  facet normal -0.330208 -0.376517 -0.865562
    outer loop
      vertex -2.35708 -2.35708 28.0112
      vertex -1.95431 -2.26778 27.8187
      vertex -2.02926 -2.64458 28.0112
    endloop
  endfacet
  facet normal -0.330202 -0.376533 -0.865557
    outer loop
      vertex -1.95431 -2.26778 27.8187
      vertex -2.35708 -2.35708 28.0112
      vertex -2.12132 -2.12132 27.8187
    endloop
  endfacet
  facet normal -0.828869 0.408743 -0.381975
    outer loop
      vertex -4.66029 2.69062 30.3463
      vertex -4.97161 2.05931 30.3463
      vertex -4.92039 2.84079 31.0714
    endloop
  endfacet
  facet normal -0.571311 -0.651472 0.499188
    outer loop
      vertex -3.52763 -3.52763 36.3334
      vertex -3.80511 -3.80511 35.6537
      vertex -3.037 -3.95789 36.3334
    endloop
  endfacet
  facet normal -0.4667 -0.532172 0.706388
    outer loop
      vertex -2.40831 -3.13857 37.511
      vertex -3.18979 -3.18979 36.9561
      vertex -2.74615 -3.57885 36.9561
    endloop
  endfacet
  facet normal -0.408757 -0.828855 0.381991
    outer loop
      vertex -2.05931 -4.97161 35.6537
      vertex -2.84079 -4.92039 34.9286
      vertex -2.17425 -5.2491 34.9286
    endloop
  endfacet
  facet normal -0.609344 -0.694829 0.381984
    outer loop
      vertex -3.27589 -4.26922 35.6537
      vertex -3.80511 -3.80511 35.6537
      vertex -3.45873 -4.5075 34.9286
    endloop
  endfacet
  facet normal 0.0631879 -0.963994 0.258309
    outer loop
      vertex 0.741594 -5.63297 34.9286
      vertex 0 -5.68158 34.9286
      vertex 0.768108 -5.83437 34.1705
    endloop
  endfacet
  facet normal -0.318703 -0.938861 0.130261
    outer loop
      vertex -2.25198 -5.43676 34.1705
      vertex -2.29118 -5.53141 33.3924
      vertex -1.52308 -5.68419 34.1705
    endloop
  endfacet
  facet normal -0.0604479 -0.922193 0.381977
    outer loop
      vertex 0 -5.38124 35.6537
      vertex -0.741594 -5.63297 34.9286
      vertex 0 -5.68158 34.9286
    endloop
  endfacet
  facet normal 0.0648448 -0.989359 0.130249
    outer loop
      vertex 0.768108 -5.83437 34.1705
      vertex 0 -5.98715 33.3924
      vertex 0.78148 -5.93593 33.3924
    endloop
  endfacet
  facet normal -0.660193 -0.441131 0.607905
    outer loop
      vertex -3.57885 -2.74615 36.9561
      vertex -4.32044 -2.49441 36.3334
      vertex -3.95789 -3.037 36.3334
    endloop
  endfacet
  facet normal -0.803255 -0.536712 0.258307
    outer loop
      vertex -4.5075 -3.45873 34.9286
      vertex -4.92039 -2.84079 34.9286
      vertex -4.66866 -3.58239 34.1705
    endloop
  endfacet
  facet normal -0.72632 -0.636975 0.258306
    outer loop
      vertex -4.5075 -3.45873 34.9286
      vertex -4.66866 -3.58239 34.1705
      vertex -4.16112 -4.16112 34.1705
    endloop
  endfacet
  facet normal -0.745429 -0.653733 0.13026
    outer loop
      vertex -4.16112 -4.16112 34.1705
      vertex -4.66866 -3.58239 34.1705
      vertex -4.23356 -4.23356 33.3924
    endloop
  endfacet
  facet normal -0.193436 -0.972427 -0.130265
    outer loop
      vertex -0.768108 -5.83437 31.8295
      vertex -1.54959 -5.78315 32.6076
      vertex -1.52308 -5.68419 31.8295
    endloop
  endfacet
  facet normal -0.321444 -0.946929 0
    outer loop
      vertex -2.29118 -5.53141 32.6076
      vertex -1.54959 -5.78315 33.3924
      vertex -2.29118 -5.53141 33.3924
    endloop
  endfacet
  facet normal -0.321444 -0.946929 -0
    outer loop
      vertex -1.54959 -5.78315 33.3924
      vertex -2.29118 -5.53141 32.6076
      vertex -1.54959 -5.78315 32.6076
    endloop
  endfacet
  facet normal -0.0648402 -0.989358 -0.130253
    outer loop
      vertex 0 -5.98715 32.6076
      vertex -0.768108 -5.83437 31.8295
      vertex 0 -5.88471 31.8295
    endloop
  endfacet
  facet normal -0.310518 -0.914799 -0.258303
    outer loop
      vertex -1.52308 -5.68419 31.8295
      vertex -2.17425 -5.2491 31.0714
      vertex -1.4705 -5.48798 31.0714
    endloop
  endfacet
  facet normal -0.0976947 -0.491177 -0.865564
    outer loop
      vertex -0.862753 -3.21984 28.0112
      vertex -0.558589 -2.94111 27.8187
      vertex -0.435099 -3.3049 28.0112
    endloop
  endfacet
  facet normal -0.0976875 -0.491183 -0.865561
    outer loop
      vertex -0.558589 -2.94111 27.8187
      vertex -0.862753 -3.21984 28.0112
      vertex -0.776457 -2.89778 27.8187
    endloop
  endfacet
  facet normal 0.0398728 -0.608296 -0.792708
    outer loop
      vertex 0.435099 -3.3049 28.0112
      vertex 0 -3.95607 28.489
      vertex 0 -3.33342 28.0112
    endloop
  endfacet
  facet normal -0.351187 -0.712116 -0.607913
    outer loop
      vertex -1.7263 -4.16766 29.0439
      vertex -2.49441 -4.32044 29.6666
      vertex -2.25552 -3.90667 29.0439
    endloop
  endfacet
  facet normal -0.351186 -0.712118 -0.607912
    outer loop
      vertex -1.90914 -4.60907 29.6666
      vertex -2.49441 -4.32044 29.6666
      vertex -1.7263 -4.16766 29.0439
    endloop
  endfacet
  facet normal -0.408757 -0.828855 -0.381991
    outer loop
      vertex -2.17425 -5.2491 31.0714
      vertex -2.84079 -4.92039 31.0714
      vertex -2.05931 -4.97161 30.3463
    endloop
  endfacet
  facet normal -0.427273 -0.866444 -0.258289
    outer loop
      vertex -2.25198 -5.43676 31.8295
      vertex -2.94236 -5.09631 31.8295
      vertex -2.17425 -5.2491 31.0714
    endloop
  endfacet
  facet normal -0.536712 -0.803255 -0.258307
    outer loop
      vertex -2.94236 -5.09631 31.8295
      vertex -3.58239 -4.66866 31.8295
      vertex -2.84079 -4.92039 31.0714
    endloop
  endfacet
  facet normal -0.383249 -0.777134 -0.499183
    outer loop
      vertex -2.05931 -4.97161 30.3463
      vertex -2.49441 -4.32044 29.6666
      vertex -1.90914 -4.60907 29.6666
    endloop
  endfacet
  facet normal -0.318703 -0.938861 -0.130261
    outer loop
      vertex -1.52308 -5.68419 31.8295
      vertex -2.29118 -5.53141 32.6076
      vertex -2.25198 -5.43676 31.8295
    endloop
  endfacet
  facet normal -0.659344 -0.751841 0
    outer loop
      vertex -4.23356 -4.23356 32.6076
      vertex -3.64475 -4.74993 33.3924
      vertex -4.23356 -4.23356 33.3924
    endloop
  endfacet
  facet normal -0.659344 -0.751841 -0
    outer loop
      vertex -3.64475 -4.74993 33.3924
      vertex -4.23356 -4.23356 32.6076
      vertex -3.64475 -4.74993 32.6076
    endloop
  endfacet
  facet normal -0.318705 -0.93886 -0.130264
    outer loop
      vertex -1.54959 -5.78315 32.6076
      vertex -2.29118 -5.53141 32.6076
      vertex -1.52308 -5.68419 31.8295
    endloop
  endfacet
  facet normal 0.0169592 0.258743 0.965797
    outer loop
      vertex 0 1.92864 38.6816
      vertex 0 1.17054 38.8847
      vertex 0.251738 1.91214 38.6816
    endloop
  endfacet
  facet normal -0.00855607 -0.130594 0.991399
    outer loop
      vertex -0.0512209 -0.389061 38.9872
      vertex -0.152786 -1.16053 38.8847
      vertex 0 -1.17054 38.8847
    endloop
  endfacet
  facet normal -0.0169592 -0.258743 0.965797
    outer loop
      vertex 0 -1.17054 38.8847
      vertex -0.251738 -1.91214 38.6816
      vertex 0 -1.92864 38.6816
    endloop
  endfacet
  facet normal -0.258746 0.0169521 0.965797
    outer loop
      vertex -1.16053 0.152786 38.8847
      vertex -1.91214 0.251738 38.6816
      vertex -1.17054 0 38.8847
    endloop
  endfacet
  facet normal -0.363095 -0.123251 0.923564
    outer loop
      vertex -1.86292 -0.499167 38.6816
      vertex -2.56331 -0.686836 38.3812
      vertex -1.78183 -0.738057 38.6816
    endloop
  endfacet
  facet normal -0.117378 -0.0578837 0.991399
    outer loop
      vertex -0.362547 -0.150171 38.9872
      vertex -1.08144 -0.447947 38.8847
      vertex -1.01372 -0.585271 38.8847
    endloop
  endfacet
  facet normal -0.338675 -0.506859 0.792713
    outer loop
      vertex -2.02926 -2.64458 37.9888
      vertex -2.40831 -3.13857 37.511
      vertex -1.66671 -2.88683 37.9888
    endloop
  endfacet
  facet normal -0.660195 -0.441117 0.607913
    outer loop
      vertex -3.90667 -2.25552 36.9561
      vertex -4.32044 -2.49441 36.3334
      vertex -3.57885 -2.74615 36.9561
    endloop
  endfacet
  facet normal -0.255222 -0.751868 0.607912
    outer loop
      vertex -1.7263 -4.16766 36.9561
      vertex -1.90914 -4.60907 36.3334
      vertex -1.2912 -4.81883 36.3334
    endloop
  endfacet
  facet normal -0.25522 -0.751867 0.607913
    outer loop
      vertex -1.16754 -4.35733 36.9561
      vertex -1.7263 -4.16766 36.9561
      vertex -1.2912 -4.81883 36.3334
    endloop
  endfacet
  facet normal -0.706306 0.0462907 0.706392
    outer loop
      vertex -4.47245 0.588808 36.9561
      vertex -4.51104 0 36.9561
      vertex -3.92223 0.516371 37.511
    endloop
  endfacet
  facet normal -0.792304 -0.0519304 0.607912
    outer loop
      vertex -4.51104 0 36.9561
      vertex -4.98882 0 36.3334
      vertex -4.94614 -0.651171 36.3334
    endloop
  endfacet
  facet normal -0.128359 0.0255314 0.991399
    outer loop
      vertex -1.13066 0.302958 38.8847
      vertex -1.16053 0.152786 38.8847
      vertex -0.379047 0.101565 38.9872
    endloop
  endfacet
  facet normal -0.577249 0.195942 0.792711
    outer loop
      vertex -3.65494 1.51392 37.511
      vertex -3.82127 1.02391 37.511
      vertex -3.07968 1.27564 37.9888
    endloop
  endfacet
  facet normal 0.188472 -0.947501 0.258302
    outer loop
      vertex 1.4705 -5.48798 34.9286
      vertex 0.741594 -5.63297 34.9286
      vertex 1.52308 -5.68419 34.1705
    endloop
  endfacet
  facet normal 0.180299 -0.906417 0.38197
    outer loop
      vertex 1.39277 -5.19788 35.6537
      vertex 0.741594 -5.63297 34.9286
      vertex 1.4705 -5.48798 34.9286
    endloop
  endfacet
  facet normal 0.383231 -0.777135 0.499195
    outer loop
      vertex 2.49441 -4.32044 36.3334
      vertex 2.05931 -4.97161 35.6537
      vertex 2.69062 -4.66029 35.6537
    endloop
  endfacet
  facet normal 0.427273 -0.866444 0.258289
    outer loop
      vertex 2.94236 -5.09631 34.1705
      vertex 2.17425 -5.2491 34.9286
      vertex 2.25198 -5.43676 34.1705
    endloop
  endfacet
  facet normal 0.726318 -0.636976 0.258308
    outer loop
      vertex 4.5075 -3.45873 34.9286
      vertex 4.01748 -4.01748 34.9286
      vertex 4.16112 -4.16112 34.1705
    endloop
  endfacet
  facet normal 0.72632 -0.636975 0.258306
    outer loop
      vertex 4.5075 -3.45873 34.9286
      vertex 4.16112 -4.16112 34.1705
      vertex 4.66866 -3.58239 34.1705
    endloop
  endfacet
  facet normal 0.875133 -0.297054 0.38197
    outer loop
      vertex 5.48798 -1.4705 34.9286
      vertex 5.19788 -1.39277 35.6537
      vertex 5.2491 -2.17425 34.9286
    endloop
  endfacet
  facet normal 0.914799 -0.310518 0.258303
    outer loop
      vertex 5.48798 -1.4705 34.9286
      vertex 5.2491 -2.17425 34.9286
      vertex 5.68419 -1.52308 34.1705
    endloop
  endfacet
  facet normal 0.875133 0.297054 -0.38197
    outer loop
      vertex 5.48798 1.4705 31.0714
      vertex 5.19788 1.39277 30.3463
      vertex 5.2491 2.17425 31.0714
    endloop
  endfacet
  facet normal 0.972432 -0.19342 -0.130249
    outer loop
      vertex 5.93593 -0.78148 32.6076
      vertex 5.78315 -1.54959 32.6076
      vertex 5.83437 -0.768108 31.8295
    endloop
  endfacet
  facet normal 0.828869 -0.408743 -0.381975
    outer loop
      vertex 4.92039 -2.84079 31.0714
      vertex 4.66029 -2.69062 30.3463
      vertex 4.97161 -2.05931 30.3463
    endloop
  endfacet
  facet normal 0.720457 -0.4814 -0.499195
    outer loop
      vertex 4.66029 -2.69062 30.3463
      vertex 4.26922 -3.27589 30.3463
      vertex 4.32044 -2.49441 29.6666
    endloop
  endfacet
  facet normal 0.864638 -0.0566748 -0.499189
    outer loop
      vertex 5.3352 -0.702392 30.3463
      vertex 4.94614 -0.651171 29.6666
      vertex 5.38124 0 30.3463
    endloop
  endfacet
  facet normal 0.906417 -0.180299 -0.38197
    outer loop
      vertex 5.48798 -1.4705 31.0714
      vertex 5.19788 -1.39277 30.3463
      vertex 5.63297 -0.741594 31.0714
    endloop
  endfacet
  facet normal 0.768424 -0.513439 -0.381975
    outer loop
      vertex 4.92039 -2.84079 31.0714
      vertex 4.5075 -3.45873 31.0714
      vertex 4.66029 -2.69062 30.3463
    endloop
  endfacet
  facet normal 0.777135 -0.383231 -0.499195
    outer loop
      vertex 4.66029 -2.69062 30.3463
      vertex 4.32044 -2.49441 29.6666
      vertex 4.97161 -2.05931 30.3463
    endloop
  endfacet
  facet normal 0.651464 -0.571315 -0.499193
    outer loop
      vertex 4.26922 -3.27589 30.3463
      vertex 3.80511 -3.80511 30.3463
      vertex 3.95789 -3.037 29.6666
    endloop
  endfacet
  facet normal 0.694829 -0.609344 -0.381984
    outer loop
      vertex 4.5075 -3.45873 31.0714
      vertex 3.80511 -3.80511 30.3463
      vertex 4.26922 -3.27589 30.3463
    endloop
  endfacet
  facet normal 0.889235 -0.438512 -0.130261
    outer loop
      vertex 5.53141 -2.29118 32.6076
      vertex 5.09631 -2.94236 31.8295
      vertex 5.43676 -2.25198 31.8295
    endloop
  endfacet
  facet normal 0.866444 -0.427273 -0.258289
    outer loop
      vertex 5.43676 -2.25198 31.8295
      vertex 5.09631 -2.94236 31.8295
      vertex 5.2491 -2.17425 31.0714
    endloop
  endfacet
  facet normal 0.803255 -0.536712 -0.258307
    outer loop
      vertex 4.66866 -3.58239 31.8295
      vertex 4.5075 -3.45873 31.0714
      vertex 4.92039 -2.84079 31.0714
    endloop
  endfacet
  facet normal 0.93886 -0.318705 -0.130264
    outer loop
      vertex 5.78315 -1.54959 32.6076
      vertex 5.53141 -2.29118 32.6076
      vertex 5.68419 -1.52308 31.8295
    endloop
  endfacet
  facet normal 0.513439 -0.768424 0.381975
    outer loop
      vertex 3.45873 -4.5075 34.9286
      vertex 2.69062 -4.66029 35.6537
      vertex 2.84079 -4.92039 34.9286
    endloop
  endfacet
  facet normal 0.636975 -0.72632 0.258306
    outer loop
      vertex 4.16112 -4.16112 34.1705
      vertex 3.45873 -4.5075 34.9286
      vertex 3.58239 -4.66866 34.1705
    endloop
  endfacet
  facet normal 0.180299 -0.906417 -0.38197
    outer loop
      vertex 1.4705 -5.48798 31.0714
      vertex 0.741594 -5.63297 31.0714
      vertex 1.39277 -5.19788 30.3463
    endloop
  endfacet
  facet normal 0.297054 -0.875133 -0.38197
    outer loop
      vertex 1.4705 -5.48798 31.0714
      vertex 1.39277 -5.19788 30.3463
      vertex 2.17425 -5.2491 31.0714
    endloop
  endfacet
  facet normal 0.195082 -0.980787 0
    outer loop
      vertex 0.78148 -5.93593 32.6076
      vertex 1.54959 -5.78315 33.3924
      vertex 0.78148 -5.93593 33.3924
    endloop
  endfacet
  facet normal 0.195082 -0.980787 0
    outer loop
      vertex 1.54959 -5.78315 33.3924
      vertex 0.78148 -5.93593 32.6076
      vertex 1.54959 -5.78315 32.6076
    endloop
  endfacet
  facet normal 0.19342 -0.972432 -0.130249
    outer loop
      vertex 0.78148 -5.93593 32.6076
      vertex 0.768108 -5.83437 31.8295
      vertex 1.54959 -5.78315 32.6076
    endloop
  endfacet
  facet normal 0.536712 -0.803255 -0.258307
    outer loop
      vertex 2.94236 -5.09631 31.8295
      vertex 2.84079 -4.92039 31.0714
      vertex 3.58239 -4.66866 31.8295
    endloop
  endfacet
  facet normal 0.536712 -0.803255 -0.258307
    outer loop
      vertex 3.58239 -4.66866 31.8295
      vertex 2.84079 -4.92039 31.0714
      vertex 3.45873 -4.5075 31.0714
    endloop
  endfacet
  facet normal 0.513439 -0.768424 -0.381975
    outer loop
      vertex 2.84079 -4.92039 31.0714
      vertex 2.69062 -4.66029 30.3463
      vertex 3.45873 -4.5075 31.0714
    endloop
  endfacet
  facet normal 0.408743 -0.828869 -0.381975
    outer loop
      vertex 2.84079 -4.92039 31.0714
      vertex 2.05931 -4.97161 30.3463
      vertex 2.69062 -4.66029 30.3463
    endloop
  endfacet
  facet normal 0.523517 -0.596972 0.60791
    outer loop
      vertex 3.18979 -3.18979 36.9561
      vertex 3.037 -3.95789 36.3334
      vertex 3.52763 -3.52763 36.3334
    endloop
  endfacet
  facet normal 0.571311 -0.651472 0.499188
    outer loop
      vertex 3.52763 -3.52763 36.3334
      vertex 3.037 -3.95789 36.3334
      vertex 3.80511 -3.80511 35.6537
    endloop
  endfacet
  facet normal 0.824384 -0.550839 0.130257
    outer loop
      vertex 5.09631 -2.94236 34.1705
      vertex 4.74993 -3.64475 33.3924
      vertex 5.18503 -2.99358 33.3924
    endloop
  endfacet
  facet normal 0.310534 -0.914798 0.258289
    outer loop
      vertex 2.17425 -5.2491 34.9286
      vertex 1.52308 -5.68419 34.1705
      vertex 2.25198 -5.43676 34.1705
    endloop
  endfacet
  facet normal 0.269621 -0.546734 0.792709
    outer loop
      vertex 1.66671 -2.88683 37.9888
      vertex 1.51392 -3.65494 37.511
      vertex 1.97804 -3.42606 37.511
    endloop
  endfacet
  facet normal 0.169044 -0.849841 0.499194
    outer loop
      vertex 1.2912 -4.81883 36.3334
      vertex 0.651171 -4.94614 36.3334
      vertex 1.39277 -5.19788 35.6537
    endloop
  endfacet
  facet normal 0.481399 -0.720459 0.499194
    outer loop
      vertex 3.037 -3.95789 36.3334
      vertex 2.49441 -4.32044 36.3334
      vertex 3.27589 -4.26922 35.6537
    endloop
  endfacet
  facet normal 0.39324 -0.58854 0.706388
    outer loop
      vertex 2.40831 -3.13857 37.511
      vertex 2.25552 -3.90667 36.9561
      vertex 2.74615 -3.57885 36.9561
    endloop
  endfacet
  facet normal 0.0327554 -0.499713 0.865571
    outer loop
      vertex 0 -2.65373 38.3812
      vertex 0 -3.33342 37.9888
      vertex 0.435099 -3.3049 37.9888
    endloop
  endfacet
  facet normal 0.338675 -0.506859 0.792713
    outer loop
      vertex 2.02926 -2.64458 37.9888
      vertex 1.66671 -2.88683 37.9888
      vertex 2.40831 -3.13857 37.511
    endloop
  endfacet
  facet normal 0.154907 -0.778748 0.60791
    outer loop
      vertex 1.16754 -4.35733 36.9561
      vertex 0.588808 -4.47245 36.9561
      vertex 0.651171 -4.94614 36.3334
    endloop
  endfacet
  facet normal 0.160976 -0.474208 0.865571
    outer loop
      vertex 1.27564 -3.07968 37.9888
      vertex 0.686836 -2.56331 38.3812
      vertex 0.862753 -3.21984 37.9888
    endloop
  endfacet
  facet normal -0.0398728 -0.608296 0.792708
    outer loop
      vertex 0 -3.33342 37.9888
      vertex -0.435099 -3.3049 37.9888
      vertex 0 -3.95607 37.511
    endloop
  endfacet
  facet normal -0.0462871 -0.706304 0.706393
    outer loop
      vertex 0 -3.95607 37.511
      vertex -0.516371 -3.92223 37.511
      vertex 0 -4.51104 36.9561
    endloop
  endfacet
  facet normal 0.828869 -0.408743 0.381975
    outer loop
      vertex 4.97161 -2.05931 35.6537
      vertex 4.66029 -2.69062 35.6537
      vertex 4.92039 -2.84079 34.9286
    endloop
  endfacet
  facet normal 0.777135 -0.383231 0.499195
    outer loop
      vertex 4.97161 -2.05931 35.6537
      vertex 4.32044 -2.49441 36.3334
      vertex 4.66029 -2.69062 35.6537
    endloop
  endfacet
  facet normal 0.449145 -0.221489 0.86557
    outer loop
      vertex 3.07968 -1.27564 37.9888
      vertex 2.45173 -1.01554 38.3812
      vertex 2.88683 -1.66671 37.9888
    endloop
  endfacet
  facet normal 0.546734 -0.269613 0.792711
    outer loop
      vertex 3.07968 -1.27564 37.9888
      vertex 2.88683 -1.66671 37.9888
      vertex 3.65494 -1.51392 37.511
    endloop
  endfacet
  facet normal 0.416388 -0.278224 0.86557
    outer loop
      vertex 2.88683 -1.66671 37.9888
      vertex 2.10535 -1.61549 38.3812
      vertex 2.64458 -2.02926 37.9888
    endloop
  endfacet
  facet normal 0.31882 -0.213031 0.923564
    outer loop
      vertex 1.67025 -0.964318 38.6816
      vertex 1.53009 -1.17408 38.6816
      vertex 2.10535 -1.61549 38.3812
    endloop
  endfacet
  facet normal 0.401937 -0.458316 0.792712
    outer loop
      vertex 2.79737 -2.79737 37.511
      vertex 2.02926 -2.64458 37.9888
      vertex 2.40831 -3.13857 37.511
    endloop
  endfacet
  facet normal 0.40194 -0.458309 0.792715
    outer loop
      vertex 2.35708 -2.35708 37.9888
      vertex 2.02926 -2.64458 37.9888
      vertex 2.79737 -2.79737 37.511
    endloop
  endfacet
  facet normal 0.634826 -0.31307 0.706387
    outer loop
      vertex 4.16766 -1.7263 36.9561
      vertex 3.42606 -1.97804 37.511
      vertex 3.90667 -2.25552 36.9561
    endloop
  endfacet
  facet normal 0.634826 -0.313063 0.706391
    outer loop
      vertex 3.65494 -1.51392 37.511
      vertex 3.42606 -1.97804 37.511
      vertex 4.16766 -1.7263 36.9561
    endloop
  endfacet
  facet normal 0.258746 -0.0169521 0.965797
    outer loop
      vertex 1.17054 0 38.8847
      vertex 1.16053 -0.152786 38.8847
      vertex 1.91214 -0.251738 38.6816
    endloop
  endfacet
  facet normal -0.128359 -0.0255321 0.991399
    outer loop
      vertex -0.389061 -0.0512209 38.9872
      vertex -1.16053 -0.152786 38.8847
      vertex -0.379047 -0.101565 38.9872
    endloop
  endfacet
  facet normal 0.254318 -0.0505904 0.965797
    outer loop
      vertex 1.91214 -0.251738 38.6816
      vertex 1.13066 -0.302958 38.8847
      vertex 1.86292 -0.499167 38.6816
    endloop
  endfacet
  facet normal 0.144061 -0.2156 0.965797
    outer loop
      vertex 1.17408 -1.53009 38.6816
      vertex 0.585271 -1.01372 38.8847
      vertex 0.964318 -1.67025 38.6816
    endloop
  endfacet
  facet normal 0.376075 -0.074811 0.923564
    outer loop
      vertex 1.91214 -0.251738 38.6816
      vertex 1.86292 -0.499167 38.6816
      vertex 2.56331 -0.686836 38.3812
    endloop
  endfacet
  facet normal 0.245537 0.0833535 0.965797
    outer loop
      vertex 1.78183 0.738057 38.6816
      vertex 1.08144 0.447947 38.8847
      vertex 1.13066 0.302958 38.8847
    endloop
  endfacet
  facet normal 0.130594 0.00855911 0.991399
    outer loop
      vertex 1.17054 0 38.8847
      vertex 0.389061 0.0512209 38.9872
      vertex 0.392418 0 38.9872
    endloop
  endfacet
  facet normal 0.114684 0.232559 0.965797
    outer loop
      vertex 0.738057 1.78183 38.6816
      vertex 0.447947 1.08144 38.8847
      vertex 0.585271 1.01372 38.8847
    endloop
  endfacet
  facet normal 0.123928 0.0420692 0.991399
    outer loop
      vertex 1.08144 0.447947 38.8847
      vertex 0.362547 0.150171 38.9872
      vertex 0.379047 0.101565 38.9872
    endloop
  endfacet
  facet normal 0.232559 0.114686 0.965797
    outer loop
      vertex 1.67025 0.964318 38.6816
      vertex 1.01372 0.585271 38.8847
      vertex 1.78183 0.738057 38.6816
    endloop
  endfacet
  facet normal 0.254318 0.0505904 0.965797
    outer loop
      vertex 1.86292 0.499167 38.6816
      vertex 1.13066 0.302958 38.8847
      vertex 1.91214 0.251738 38.6816
    endloop
  endfacet
  facet normal 0.2156 0.144061 0.965797
    outer loop
      vertex 1.53009 1.17408 38.6816
      vertex 1.01372 0.585271 38.8847
      vertex 1.67025 0.964318 38.6816
    endloop
  endfacet
  facet normal 0.288286 0.252826 0.923564
    outer loop
      vertex 1.87647 1.87647 38.3812
      vertex 1.36375 1.36375 38.6816
      vertex 1.53009 1.17408 38.6816
    endloop
  endfacet
  facet normal 0.288285 0.252826 0.923564
    outer loop
      vertex 1.87647 1.87647 38.3812
      vertex 1.53009 1.17408 38.6816
      vertex 2.10535 1.61549 38.3812
    endloop
  endfacet
  facet normal 0.506868 0.33867 0.792709
    outer loop
      vertex 3.13857 2.40831 37.511
      vertex 2.88683 1.66671 37.9888
      vertex 3.42606 1.97804 37.511
    endloop
  endfacet
  facet normal -0.608296 -0.0398728 -0.792708
    outer loop
      vertex -3.3049 -0.435099 28.0112
      vertex -3.95607 0 28.489
      vertex -3.33342 0 28.0112
    endloop
  endfacet
  facet normal -0.768424 0.513439 -0.381975
    outer loop
      vertex -4.66029 2.69062 30.3463
      vertex -4.92039 2.84079 31.0714
      vertex -4.5075 3.45873 31.0714
    endloop
  endfacet
  facet normal -0.449161 0.221493 -0.865561
    outer loop
      vertex -2.67339 1.34728 27.8187
      vertex -2.88683 1.66671 28.0112
      vertex -2.59808 1.5 27.8187
    endloop
  endfacet
  facet normal -0.458316 0.401937 -0.792712
    outer loop
      vertex -2.64458 2.02926 28.0112
      vertex -3.13857 2.40831 28.489
      vertex -2.79737 2.79737 28.489
    endloop
  endfacet
  facet normal -0.466702 0.532167 -0.706391
    outer loop
      vertex -2.79737 2.79737 28.489
      vertex -3.18979 3.18979 29.0439
      vertex -2.40831 3.13857 28.489
    endloop
  endfacet
  facet normal -0.523525 0.596969 -0.607905
    outer loop
      vertex -2.74615 3.57885 29.0439
      vertex -3.18979 3.18979 29.0439
      vertex -3.037 3.95789 29.6666
    endloop
  endfacet
  facet normal -0.118931 0.597884 -0.792711
    outer loop
      vertex -0.435099 3.3049 28.0112
      vertex -1.02391 3.82127 28.489
      vertex -0.516371 3.92223 28.489
    endloop
  endfacet
  facet normal -0.0462871 0.706304 -0.706393
    outer loop
      vertex 0 3.95607 28.489
      vertex -0.516371 3.92223 28.489
      vertex 0 4.51104 29.0439
    endloop
  endfacet
  facet normal -0.11892 0.597892 -0.792706
    outer loop
      vertex -0.862753 3.21984 28.0112
      vertex -1.02391 3.82127 28.489
      vertex -0.435099 3.3049 28.0112
    endloop
  endfacet
  facet normal -0.221493 0.449161 -0.865561
    outer loop
      vertex -1.5 2.59808 27.8187
      vertex -1.66671 2.88683 28.0112
      vertex -1.34728 2.67339 27.8187
    endloop
  endfacet
  facet normal -0.160992 0.474221 -0.865561
    outer loop
      vertex -0.986804 2.82637 27.8187
      vertex -0.862753 3.21984 28.0112
      vertex -0.776457 2.89778 27.8187
    endloop
  endfacet
  facet normal -0.16098 0.474219 -0.865565
    outer loop
      vertex -0.862753 3.21984 28.0112
      vertex -0.986804 2.82637 27.8187
      vertex -1.27564 3.07968 28.0112
    endloop
  endfacet
  facet normal -0.227518 0.670258 -0.706392
    outer loop
      vertex -1.02391 3.82127 28.489
      vertex -1.7263 4.16766 29.0439
      vertex -1.16754 4.35733 29.0439
    endloop
  endfacet
  facet normal -0.039864 0.608293 -0.792711
    outer loop
      vertex -0.435099 3.3049 28.0112
      vertex -0.516371 3.92223 28.489
      vertex 0 3.95607 28.489
    endloop
  endfacet
  facet normal -0.0398728 0.608296 -0.792708
    outer loop
      vertex 0 3.33342 28.0112
      vertex -0.435099 3.3049 28.0112
      vertex 0 3.95607 28.489
    endloop
  endfacet
  facet normal 0.255222 0.751868 -0.607912
    outer loop
      vertex 1.7263 4.16766 29.0439
      vertex 1.2912 4.81883 29.6666
      vertex 1.90914 4.60907 29.6666
    endloop
  endfacet
  facet normal 0.278523 0.820513 -0.499183
    outer loop
      vertex 1.90914 4.60907 29.6666
      vertex 1.2912 4.81883 29.6666
      vertex 2.05931 4.97161 30.3463
    endloop
  endfacet
  facet normal 0.160964 0.474233 -0.86556
    outer loop
      vertex 1.27564 3.07968 28.0112
      vertex 1.14805 2.77164 27.8187
      vertex 0.986804 2.82637 27.8187
    endloop
  endfacet
  facet normal 0.0462871 0.706304 -0.706393
    outer loop
      vertex 0.516371 3.92223 28.489
      vertex 0 3.95607 28.489
      vertex 0 4.51104 29.0439
    endloop
  endfacet
  facet normal 0.227515 0.670261 -0.70639
    outer loop
      vertex 1.51392 3.65494 28.489
      vertex 1.02391 3.82127 28.489
      vertex 1.7263 4.16766 29.0439
    endloop
  endfacet
  facet normal 0.313063 0.634826 -0.706391
    outer loop
      vertex 1.97804 3.42606 28.489
      vertex 1.51392 3.65494 28.489
      vertex 1.7263 4.16766 29.0439
    endloop
  endfacet
  facet normal 0.221495 0.449158 -0.865561
    outer loop
      vertex 1.34728 2.67339 27.8187
      vertex 1.27564 3.07968 28.0112
      vertex 1.66671 2.88683 28.0112
    endloop
  endfacet
  facet normal 0.221502 0.449159 -0.86556
    outer loop
      vertex 1.27564 3.07968 28.0112
      vertex 1.34728 2.67339 27.8187
      vertex 1.14805 2.77164 27.8187
    endloop
  endfacet
  facet normal 0.33867 0.506868 -0.792709
    outer loop
      vertex 2.40831 3.13857 28.489
      vertex 1.66671 2.88683 28.0112
      vertex 1.97804 3.42606 28.489
    endloop
  endfacet
  facet normal 0.0327629 0.499728 -0.865563
    outer loop
      vertex 0.435099 3.3049 28.0112
      vertex 0.391578 2.97433 27.8187
      vertex 0.221661 2.98547 27.8187
    endloop
  endfacet
  facet normal 0.0327577 0.499731 -0.865561
    outer loop
      vertex 0 3.33342 28.0112
      vertex 0.221661 2.98547 27.8187
      vertex 0 3 27.8187
    endloop
  endfacet
  facet normal 0.0327565 0.499731 -0.865561
    outer loop
      vertex 0.221661 2.98547 27.8187
      vertex 0 3.33342 28.0112
      vertex 0.435099 3.3049 28.0112
    endloop
  endfacet
  facet normal 0.338675 0.506859 -0.792713
    outer loop
      vertex 2.02926 2.64458 28.0112
      vertex 1.66671 2.88683 28.0112
      vertex 2.40831 3.13857 28.489
    endloop
  endfacet
  facet normal 0.278225 0.416402 -0.865563
    outer loop
      vertex 1.64158 2.50347 27.8187
      vertex 2.02926 2.64458 28.0112
      vertex 1.82628 2.38006 27.8187
    endloop
  endfacet
  facet normal 0.278229 0.416396 -0.865565
    outer loop
      vertex 2.02926 2.64458 28.0112
      vertex 1.64158 2.50347 27.8187
      vertex 1.66671 2.88683 28.0112
    endloop
  endfacet
  facet normal 0.441117 0.660195 -0.607913
    outer loop
      vertex 2.74615 3.57885 29.0439
      vertex 2.25552 3.90667 29.0439
      vertex 2.49441 4.32044 29.6666
    endloop
  endfacet
  facet normal 0.39324 0.58854 -0.706387
    outer loop
      vertex 2.40831 3.13857 28.489
      vertex 1.97804 3.42606 28.489
      vertex 2.25552 3.90667 29.0439
    endloop
  endfacet
  facet normal 0.597892 -0.11892 -0.792706
    outer loop
      vertex 3.82127 -1.02391 28.489
      vertex 3.21984 -0.862753 28.0112
      vertex 3.3049 -0.435099 28.0112
    endloop
  endfacet
  facet normal 0.16098 -0.474219 -0.865565
    outer loop
      vertex 0.862753 -3.21984 28.0112
      vertex 0.986804 -2.82637 27.8187
      vertex 1.27564 -3.07968 28.0112
    endloop
  endfacet
  facet normal 0.160992 -0.474221 -0.865561
    outer loop
      vertex 0.986804 -2.82637 27.8187
      vertex 0.862753 -3.21984 28.0112
      vertex 0.776457 -2.89778 27.8187
    endloop
  endfacet
  facet normal 0.474219 -0.16098 -0.865565
    outer loop
      vertex 2.82637 -0.986804 27.8187
      vertex 3.21984 -0.862753 28.0112
      vertex 3.07968 -1.27564 28.0112
    endloop
  endfacet
  facet normal 0.474221 -0.160992 -0.865561
    outer loop
      vertex 3.21984 -0.862753 28.0112
      vertex 2.82637 -0.986804 27.8187
      vertex 2.89778 -0.776457 27.8187
    endloop
  endfacet
  facet normal 0.792306 -0.0519271 -0.60791
    outer loop
      vertex 4.94614 -0.651171 29.6666
      vertex 4.47245 -0.588808 29.0439
      vertex 4.51104 0 29.0439
    endloop
  endfacet
  facet normal 0.278229 -0.416396 -0.865565
    outer loop
      vertex 1.64158 -2.50347 27.8187
      vertex 2.02926 -2.64458 28.0112
      vertex 1.66671 -2.88683 28.0112
    endloop
  endfacet
  facet normal 0.278225 -0.416402 -0.865563
    outer loop
      vertex 2.02926 -2.64458 28.0112
      vertex 1.64158 -2.50347 27.8187
      vertex 1.82628 -2.38006 27.8187
    endloop
  endfacet
  facet normal 0.376517 0.330208 -0.865562
    outer loop
      vertex 2.26778 1.95431 27.8187
      vertex 2.35708 2.35708 28.0112
      vertex 2.64458 2.02926 28.0112
    endloop
  endfacet
  facet normal 0.376533 0.330202 -0.865557
    outer loop
      vertex 2.35708 2.35708 28.0112
      vertex 2.26778 1.95431 27.8187
      vertex 2.12132 2.12132 27.8187
    endloop
  endfacet
  facet normal 0.330202 0.376533 -0.865557
    outer loop
      vertex 1.95431 2.26778 27.8187
      vertex 2.35708 2.35708 28.0112
      vertex 2.12132 2.12132 27.8187
    endloop
  endfacet
  facet normal 0.330208 0.376517 -0.865562
    outer loop
      vertex 2.35708 2.35708 28.0112
      vertex 1.95431 2.26778 27.8187
      vertex 2.02926 2.64458 28.0112
    endloop
  endfacet
  facet normal 0.546734 0.269613 -0.792711
    outer loop
      vertex 3.07968 1.27564 28.0112
      vertex 2.88683 1.66671 28.0112
      vertex 3.65494 1.51392 28.489
    endloop
  endfacet
  facet normal 0.449159 0.221502 -0.86556
    outer loop
      vertex 2.67339 1.34728 27.8187
      vertex 3.07968 1.27564 28.0112
      vertex 2.77164 1.14805 27.8187
    endloop
  endfacet
  facet normal 0.449158 0.221495 -0.865561
    outer loop
      vertex 3.07968 1.27564 28.0112
      vertex 2.67339 1.34728 27.8187
      vertex 2.88683 1.66671 28.0112
    endloop
  endfacet
  facet normal 0.491177 0.0976947 -0.865564
    outer loop
      vertex 2.94111 0.558589 27.8187
      vertex 3.21984 0.862753 28.0112
      vertex 3.3049 0.435099 28.0112
    endloop
  endfacet
  facet normal 0.491183 0.0976875 -0.865561
    outer loop
      vertex 2.89778 0.776457 27.8187
      vertex 3.21984 0.862753 28.0112
      vertex 2.94111 0.558589 27.8187
    endloop
  endfacet
  facet normal 0.608293 0.039864 -0.792711
    outer loop
      vertex 3.95607 0 28.489
      vertex 3.3049 0.435099 28.0112
      vertex 3.92223 0.516371 28.489
    endloop
  endfacet
  facet normal 0.577249 0.195942 -0.792711
    outer loop
      vertex 3.82127 1.02391 28.489
      vertex 3.07968 1.27564 28.0112
      vertex 3.65494 1.51392 28.489
    endloop
  endfacet
  facet normal 0.416392 0.278251 -0.86556
    outer loop
      vertex 2.88683 1.66671 28.0112
      vertex 2.59808 1.5 27.8187
      vertex 2.50347 1.64158 27.8187
    endloop
  endfacet
  facet normal 0.193436 0.972427 0.130265
    outer loop
      vertex 1.54959 5.78315 33.3924
      vertex 0.768108 5.83437 34.1705
      vertex 1.52308 5.68419 34.1705
    endloop
  endfacet
  facet normal 0.297075 0.875116 0.381991
    outer loop
      vertex 2.17425 5.2491 34.9286
      vertex 1.39277 5.19788 35.6537
      vertex 2.05931 4.97161 35.6537
    endloop
  endfacet
  facet normal 0.310518 0.914799 0.258303
    outer loop
      vertex 1.52308 5.68419 34.1705
      vertex 1.4705 5.48798 34.9286
      vertex 2.17425 5.2491 34.9286
    endloop
  endfacet
  facet normal 0.383231 0.777135 0.499195
    outer loop
      vertex 2.69062 4.66029 35.6537
      vertex 2.05931 4.97161 35.6537
      vertex 2.49441 4.32044 36.3334
    endloop
  endfacet
  facet normal 0.278535 0.820502 0.499194
    outer loop
      vertex 1.39277 5.19788 35.6537
      vertex 1.2912 4.81883 36.3334
      vertex 2.05931 4.97161 35.6537
    endloop
  endfacet
  facet normal 0.513439 0.768424 0.381975
    outer loop
      vertex 2.84079 4.92039 34.9286
      vertex 2.69062 4.66029 35.6537
      vertex 3.45873 4.5075 34.9286
    endloop
  endfacet
  facet normal -0.227518 0.670258 0.706392
    outer loop
      vertex -1.16754 4.35733 36.9561
      vertex -1.7263 4.16766 36.9561
      vertex -1.02391 3.82127 37.511
    endloop
  endfacet
  facet normal -0.0566713 0.864636 0.499192
    outer loop
      vertex 0 5.38124 35.6537
      vertex -0.651171 4.94614 36.3334
      vertex 0 4.98882 36.3334
    endloop
  endfacet
  facet normal -0.169039 0.849845 0.499189
    outer loop
      vertex -0.702392 5.3352 35.6537
      vertex -1.39277 5.19788 35.6537
      vertex -0.651171 4.94614 36.3334
    endloop
  endfacet
  facet normal -0.180299 0.906417 0.38197
    outer loop
      vertex -0.741594 5.63297 34.9286
      vertex -1.4705 5.48798 34.9286
      vertex -1.39277 5.19788 35.6537
    endloop
  endfacet
  facet normal 0.659344 0.751841 -0
    outer loop
      vertex 4.23356 4.23356 32.6076
      vertex 3.64475 4.74993 33.3924
      vertex 4.23356 4.23356 33.3924
    endloop
  endfacet
  facet normal 0.659344 0.751841 0
    outer loop
      vertex 3.64475 4.74993 33.3924
      vertex 4.23356 4.23356 32.6076
      vertex 3.64475 4.74993 32.6076
    endloop
  endfacet
  facet normal 0.427273 0.866444 0.258289
    outer loop
      vertex 2.25198 5.43676 34.1705
      vertex 2.17425 5.2491 34.9286
      vertex 2.94236 5.09631 34.1705
    endloop
  endfacet
  facet normal 0.523525 0.596969 0.607905
    outer loop
      vertex 3.037 3.95789 36.3334
      vertex 2.74615 3.57885 36.9561
      vertex 3.18979 3.18979 36.9561
    endloop
  endfacet
  facet normal 0.441131 0.660193 0.607905
    outer loop
      vertex 3.037 3.95789 36.3334
      vertex 2.49441 4.32044 36.3334
      vertex 2.74615 3.57885 36.9561
    endloop
  endfacet
  facet normal 0.466702 0.532167 0.706391
    outer loop
      vertex 3.18979 3.18979 36.9561
      vertex 2.40831 3.13857 37.511
      vertex 2.79737 2.79737 37.511
    endloop
  endfacet
  facet normal 0.338675 0.506859 0.792713
    outer loop
      vertex 2.40831 3.13857 37.511
      vertex 1.66671 2.88683 37.9888
      vertex 2.02926 2.64458 37.9888
    endloop
  endfacet
  facet normal 0.118931 0.597884 0.792711
    outer loop
      vertex 0.516371 3.92223 37.511
      vertex 0.435099 3.3049 37.9888
      vertex 1.02391 3.82127 37.511
    endloop
  endfacet
  facet normal 0.33867 0.506868 0.792709
    outer loop
      vertex 1.97804 3.42606 37.511
      vertex 1.66671 2.88683 37.9888
      vertex 2.40831 3.13857 37.511
    endloop
  endfacet
  facet normal 0.596972 0.523517 0.60791
    outer loop
      vertex 3.52763 3.52763 36.3334
      vertex 3.18979 3.18979 36.9561
      vertex 3.95789 3.037 36.3334
    endloop
  endfacet
  facet normal 0.651472 0.571311 0.499188
    outer loop
      vertex 3.80511 3.80511 35.6537
      vertex 3.52763 3.52763 36.3334
      vertex 3.95789 3.037 36.3334
    endloop
  endfacet
  facet normal 0.0648448 0.989359 0.130249
    outer loop
      vertex 0.78148 5.93593 33.3924
      vertex 0 5.98715 33.3924
      vertex 0.768108 5.83437 34.1705
    endloop
  endfacet
  facet normal 0.0648402 0.989358 0.130253
    outer loop
      vertex 0 5.98715 33.3924
      vertex 0 5.88471 34.1705
      vertex 0.768108 5.83437 34.1705
    endloop
  endfacet
  facet normal 0.195082 0.980787 -0
    outer loop
      vertex 1.54959 5.78315 32.6076
      vertex 0.78148 5.93593 33.3924
      vertex 1.54959 5.78315 33.3924
    endloop
  endfacet
  facet normal 0.195082 0.980787 0
    outer loop
      vertex 0.78148 5.93593 33.3924
      vertex 1.54959 5.78315 32.6076
      vertex 0.78148 5.93593 32.6076
    endloop
  endfacet
  facet normal 0.0648448 0.989359 -0.130249
    outer loop
      vertex 0.768108 5.83437 31.8295
      vertex 0 5.98715 32.6076
      vertex 0.78148 5.93593 32.6076
    endloop
  endfacet
  facet normal 0.751868 0.255222 -0.607912
    outer loop
      vertex 4.81883 1.2912 29.6666
      vertex 4.16766 1.7263 29.0439
      vertex 4.60907 1.90914 29.6666
    endloop
  endfacet
  facet normal 0.670261 0.227515 -0.70639
    outer loop
      vertex 3.82127 1.02391 28.489
      vertex 3.65494 1.51392 28.489
      vertex 4.16766 1.7263 29.0439
    endloop
  endfacet
  facet normal 0.694829 0.609344 -0.381984
    outer loop
      vertex 4.26922 3.27589 30.3463
      vertex 3.80511 3.80511 30.3463
      vertex 4.5075 3.45873 31.0714
    endloop
  endfacet
  facet normal 0.694824 0.609356 -0.381973
    outer loop
      vertex 4.5075 3.45873 31.0714
      vertex 3.80511 3.80511 30.3463
      vertex 4.01748 4.01748 31.0714
    endloop
  endfacet
  facet normal 0.914799 0.310518 -0.258303
    outer loop
      vertex 5.48798 1.4705 31.0714
      vertex 5.2491 2.17425 31.0714
      vertex 5.68419 1.52308 31.8295
    endloop
  endfacet
  facet normal 0.875116 0.297075 -0.381991
    outer loop
      vertex 5.19788 1.39277 30.3463
      vertex 4.97161 2.05931 30.3463
      vertex 5.2491 2.17425 31.0714
    endloop
  endfacet
  facet normal 0.914798 0.310534 -0.258289
    outer loop
      vertex 5.68419 1.52308 31.8295
      vertex 5.2491 2.17425 31.0714
      vertex 5.43676 2.25198 31.8295
    endloop
  endfacet
  facet normal 0.947501 0.188472 -0.258302
    outer loop
      vertex 5.63297 0.741594 31.0714
      vertex 5.48798 1.4705 31.0714
      vertex 5.68419 1.52308 31.8295
    endloop
  endfacet
  facet normal 0.803255 0.536712 0.258307
    outer loop
      vertex 5.09631 2.94236 34.1705
      vertex 4.66866 3.58239 34.1705
      vertex 4.92039 2.84079 34.9286
    endloop
  endfacet
  facet normal 0.889234 0.438515 -0.130258
    outer loop
      vertex 5.53141 2.29118 32.6076
      vertex 5.09631 2.94236 31.8295
      vertex 5.18503 2.99358 32.6076
    endloop
  endfacet
  facet normal 0.93886 0.318705 -0.130264
    outer loop
      vertex 5.68419 1.52308 31.8295
      vertex 5.53141 2.29118 32.6076
      vertex 5.78315 1.54959 32.6076
    endloop
  endfacet
  facet normal 0.831468 0.555572 0
    outer loop
      vertex 5.18503 2.99358 33.3924
      vertex 4.74993 3.64475 32.6076
      vertex 4.74993 3.64475 33.3924
    endloop
  endfacet
  facet normal 0.831468 0.555572 0
    outer loop
      vertex 4.74993 3.64475 32.6076
      vertex 5.18503 2.99358 33.3924
      vertex 5.18503 2.99358 32.6076
    endloop
  endfacet
  facet normal 0.427273 0.866444 -0.258289
    outer loop
      vertex 2.94236 5.09631 31.8295
      vertex 2.17425 5.2491 31.0714
      vertex 2.25198 5.43676 31.8295
    endloop
  endfacet
  facet normal 0.193436 0.972427 -0.130265
    outer loop
      vertex 1.52308 5.68419 31.8295
      vertex 0.768108 5.83437 31.8295
      vertex 1.54959 5.78315 32.6076
    endloop
  endfacet
  facet normal 0.636975 0.72632 -0.258306
    outer loop
      vertex 4.16112 4.16112 31.8295
      vertex 3.45873 4.5075 31.0714
      vertex 3.58239 4.66866 31.8295
    endloop
  endfacet
  facet normal 0.636976 0.726318 -0.258308
    outer loop
      vertex 4.01748 4.01748 31.0714
      vertex 3.45873 4.5075 31.0714
      vertex 4.16112 4.16112 31.8295
    endloop
  endfacet
  facet normal 0.849845 0.169039 0.499189
    outer loop
      vertex 5.19788 1.39277 35.6537
      vertex 4.94614 0.651171 36.3334
      vertex 5.3352 0.702392 35.6537
    endloop
  endfacet
  facet normal 0.849841 0.169044 0.499194
    outer loop
      vertex 5.19788 1.39277 35.6537
      vertex 4.81883 1.2912 36.3334
      vertex 4.94614 0.651171 36.3334
    endloop
  endfacet
  facet normal 0.906416 0.180291 0.381976
    outer loop
      vertex 5.63297 0.741594 34.9286
      vertex 5.19788 1.39277 35.6537
      vertex 5.3352 0.702392 35.6537
    endloop
  endfacet
  facet normal 0.864638 0.0566748 0.499189
    outer loop
      vertex 5.3352 0.702392 35.6537
      vertex 4.94614 0.651171 36.3334
      vertex 5.38124 0 35.6537
    endloop
  endfacet
  facet normal 0.972432 -0.19342 0.130249
    outer loop
      vertex 5.83437 -0.768108 34.1705
      vertex 5.78315 -1.54959 33.3924
      vertex 5.93593 -0.78148 33.3924
    endloop
  endfacet
  facet normal 0.989359 -0.0648448 0.130249
    outer loop
      vertex 5.98715 0 33.3924
      vertex 5.83437 -0.768108 34.1705
      vertex 5.93593 -0.78148 33.3924
    endloop
  endfacet
  facet normal 0.972427 -0.193436 0.130265
    outer loop
      vertex 5.83437 -0.768108 34.1705
      vertex 5.68419 -1.52308 34.1705
      vertex 5.78315 -1.54959 33.3924
    endloop
  endfacet
  facet normal 0.93886 -0.318705 0.130264
    outer loop
      vertex 5.68419 -1.52308 34.1705
      vertex 5.53141 -2.29118 33.3924
      vertex 5.78315 -1.54959 33.3924
    endloop
  endfacet
  facet normal 0.947498 -0.188478 -0.258308
    outer loop
      vertex 5.68419 -1.52308 31.8295
      vertex 5.63297 -0.741594 31.0714
      vertex 5.83437 -0.768108 31.8295
    endloop
  endfacet
  facet normal 0.922193 -0.0604479 -0.381977
    outer loop
      vertex 5.63297 -0.741594 31.0714
      vertex 5.38124 0 30.3463
      vertex 5.68158 0 31.0714
    endloop
  endfacet
  facet normal 0.608293 0.039864 0.792711
    outer loop
      vertex 3.92223 0.516371 37.511
      vertex 3.3049 0.435099 37.9888
      vertex 3.95607 0 37.511
    endloop
  endfacet
  facet normal 0.608296 0.0398728 0.792708
    outer loop
      vertex 3.95607 0 37.511
      vertex 3.3049 0.435099 37.9888
      vertex 3.33342 0 37.9888
    endloop
  endfacet
  facet normal 0.458316 0.401937 0.792712
    outer loop
      vertex 2.79737 2.79737 37.511
      vertex 2.64458 2.02926 37.9888
      vertex 3.13857 2.40831 37.511
    endloop
  endfacet
  facet normal 0.458309 0.40194 0.792715
    outer loop
      vertex 2.79737 2.79737 37.511
      vertex 2.35708 2.35708 37.9888
      vertex 2.64458 2.02926 37.9888
    endloop
  endfacet
  facet normal 0.634826 0.313063 0.706391
    outer loop
      vertex 4.16766 1.7263 36.9561
      vertex 3.42606 1.97804 37.511
      vertex 3.65494 1.51392 37.511
    endloop
  endfacet
  facet normal 0.596969 0.523525 0.607905
    outer loop
      vertex 3.95789 3.037 36.3334
      vertex 3.18979 3.18979 36.9561
      vertex 3.57885 2.74615 36.9561
    endloop
  endfacet
  facet normal 0.745429 0.653733 0.13026
    outer loop
      vertex 4.23356 4.23356 33.3924
      vertex 4.16112 4.16112 34.1705
      vertex 4.66866 3.58239 34.1705
    endloop
  endfacet
  facet normal 0.768424 0.513439 0.381975
    outer loop
      vertex 4.92039 2.84079 34.9286
      vertex 4.5075 3.45873 34.9286
      vertex 4.66029 2.69062 35.6537
    endloop
  endfacet
  facet normal 0.914798 0.310534 0.258289
    outer loop
      vertex 5.43676 2.25198 34.1705
      vertex 5.2491 2.17425 34.9286
      vertex 5.68419 1.52308 34.1705
    endloop
  endfacet
  facet normal 0.93886 0.318705 0.130264
    outer loop
      vertex 5.78315 1.54959 33.3924
      vertex 5.53141 2.29118 33.3924
      vertex 5.68419 1.52308 34.1705
    endloop
  endfacet
  facet normal 0.427288 0.866431 0.258307
    outer loop
      vertex 2.94236 5.09631 34.1705
      vertex 2.17425 5.2491 34.9286
      vertex 2.84079 4.92039 34.9286
    endloop
  endfacet
  facet normal 0.297054 0.875133 -0.38197
    outer loop
      vertex 2.17425 5.2491 31.0714
      vertex 1.39277 5.19788 30.3463
      vertex 1.4705 5.48798 31.0714
    endloop
  endfacet
  facet normal 0.297075 0.875116 -0.381991
    outer loop
      vertex 2.05931 4.97161 30.3463
      vertex 1.39277 5.19788 30.3463
      vertex 2.17425 5.2491 31.0714
    endloop
  endfacet
  facet normal -0.318705 0.93886 -0.130264
    outer loop
      vertex -1.52308 5.68419 31.8295
      vertex -2.29118 5.53141 32.6076
      vertex -1.54959 5.78315 32.6076
    endloop
  endfacet
  facet normal -0.310534 0.914798 0.258289
    outer loop
      vertex -1.52308 5.68419 34.1705
      vertex -2.25198 5.43676 34.1705
      vertex -2.17425 5.2491 34.9286
    endloop
  endfacet
  facet normal -0.0727101 0.108818 0.991399
    outer loop
      vertex -0.196209 0.339844 38.9872
      vertex -0.585271 1.01372 38.8847
      vertex -0.238889 0.311326 38.9872
    endloop
  endfacet
  facet normal -0.114684 0.232559 0.965797
    outer loop
      vertex -0.447947 1.08144 38.8847
      vertex -0.738057 1.78183 38.6816
      vertex -0.585271 1.01372 38.8847
    endloop
  endfacet
  facet normal -0.213031 0.31882 0.923564
    outer loop
      vertex -0.964318 1.67025 38.6816
      vertex -1.61549 2.10535 38.3812
      vertex -1.17408 1.53009 38.6816
    endloop
  endfacet
  facet normal -0.170971 0.194951 0.965797
    outer loop
      vertex -1.17408 1.53009 38.6816
      vertex -1.36375 1.36375 38.6816
      vertex -0.827698 0.827698 38.8847
    endloop
  endfacet
  facet normal -0.232559 0.114686 0.965797
    outer loop
      vertex -1.67025 0.964318 38.6816
      vertex -1.78183 0.738057 38.6816
      vertex -1.01372 0.585271 38.8847
    endloop
  endfacet
  facet normal -0.117378 -0.0578833 0.991399
    outer loop
      vertex -0.362547 -0.150171 38.9872
      vertex -1.01372 -0.585271 38.8847
      vertex -0.339844 -0.196209 38.9872
    endloop
  endfacet
  facet normal -0.449145 0.221489 0.86557
    outer loop
      vertex -2.88683 1.66671 37.9888
      vertex -3.07968 1.27564 37.9888
      vertex -2.45173 1.01554 38.3812
    endloop
  endfacet
  facet normal -0.130594 0.00855607 0.991399
    outer loop
      vertex -1.16053 0.152786 38.8847
      vertex -1.17054 0 38.8847
      vertex -0.389061 0.0512209 38.9872
    endloop
  endfacet
  facet normal -0.215599 -0.144061 0.965797
    outer loop
      vertex -1.01372 -0.585271 38.8847
      vertex -1.53009 -1.17408 38.6816
      vertex -0.928653 -0.712581 38.8847
    endloop
  endfacet
  facet normal 0.0255314 -0.128359 0.991399
    outer loop
      vertex 0.302958 -1.13066 38.8847
      vertex 0.101565 -0.379047 38.9872
      vertex 0.152786 -1.16053 38.8847
    endloop
  endfacet
  facet normal -0.00855911 -0.130594 0.991399
    outer loop
      vertex 0 -0.392418 38.9872
      vertex -0.0512209 -0.389061 38.9872
      vertex 0 -1.17054 38.8847
    endloop
  endfacet
  facet normal -0.889234 -0.438515 -0.130258
    outer loop
      vertex -5.18503 -2.99358 32.6076
      vertex -5.53141 -2.29118 32.6076
      vertex -5.09631 -2.94236 31.8295
    endloop
  endfacet
  facet normal -0.824389 -0.550833 -0.130251
    outer loop
      vertex -4.74993 -3.64475 32.6076
      vertex -5.09631 -2.94236 31.8295
      vertex -4.66866 -3.58239 31.8295
    endloop
  endfacet
  facet normal -0.866431 -0.427288 -0.258307
    outer loop
      vertex -5.09631 -2.94236 31.8295
      vertex -5.2491 -2.17425 31.0714
      vertex -4.92039 -2.84079 31.0714
    endloop
  endfacet
  facet normal -0.636975 -0.72632 -0.258306
    outer loop
      vertex -3.58239 -4.66866 31.8295
      vertex -4.16112 -4.16112 31.8295
      vertex -3.45873 -4.5075 31.0714
    endloop
  endfacet
  facet normal -0.653727 -0.745437 -0.130251
    outer loop
      vertex -3.64475 -4.74993 32.6076
      vertex -4.23356 -4.23356 32.6076
      vertex -3.58239 -4.66866 31.8295
    endloop
  endfacet
  facet normal -0.474211 -0.160973 0.86557
    outer loop
      vertex -2.56331 -0.686836 38.3812
      vertex -3.07968 -1.27564 37.9888
      vertex -2.45173 -1.01554 38.3812
    endloop
  endfacet
  facet normal -0.474208 -0.160976 0.865571
    outer loop
      vertex -2.56331 -0.686836 38.3812
      vertex -3.21984 -0.862753 37.9888
      vertex -3.07968 -1.27564 37.9888
    endloop
  endfacet
  facet normal -0.596969 -0.523525 0.607905
    outer loop
      vertex -3.57885 -2.74615 36.9561
      vertex -3.95789 -3.037 36.3334
      vertex -3.18979 -3.18979 36.9561
    endloop
  endfacet
  facet normal -0.458316 -0.401937 0.792712
    outer loop
      vertex -2.64458 -2.02926 37.9888
      vertex -3.13857 -2.40831 37.511
      vertex -2.79737 -2.79737 37.511
    endloop
  endfacet
  facet normal -0.963994 -0.0631879 0.258309
    outer loop
      vertex -5.68158 0 34.9286
      vertex -5.83437 -0.768108 34.1705
      vertex -5.63297 -0.741594 34.9286
    endloop
  endfacet
  facet normal -0.922193 -0.0604479 0.381977
    outer loop
      vertex -5.38124 0 35.6537
      vertex -5.68158 0 34.9286
      vertex -5.63297 -0.741594 34.9286
    endloop
  endfacet
  facet normal -0.947501 -0.188472 0.258302
    outer loop
      vertex -5.63297 -0.741594 34.9286
      vertex -5.68419 -1.52308 34.1705
      vertex -5.48798 -1.4705 34.9286
    endloop
  endfacet
  facet normal -0.914799 -0.310518 0.258303
    outer loop
      vertex -5.48798 -1.4705 34.9286
      vertex -5.68419 -1.52308 34.1705
      vertex -5.2491 -2.17425 34.9286
    endloop
  endfacet
  facet normal -0.571311 0.651472 -0.499188
    outer loop
      vertex -3.52763 3.52763 29.6666
      vertex -3.80511 3.80511 30.3463
      vertex -3.037 3.95789 29.6666
    endloop
  endfacet
  facet normal -0.726318 0.636976 -0.258308
    outer loop
      vertex -4.01748 4.01748 31.0714
      vertex -4.5075 3.45873 31.0714
      vertex -4.16112 4.16112 31.8295
    endloop
  endfacet
  facet normal -0.383231 0.777135 -0.499195
    outer loop
      vertex -2.49441 4.32044 29.6666
      vertex -2.69062 4.66029 30.3463
      vertex -2.05931 4.97161 30.3463
    endloop
  endfacet
  facet normal -0.536712 0.803255 -0.258307
    outer loop
      vertex -3.45873 4.5075 31.0714
      vertex -3.58239 4.66866 31.8295
      vertex -2.84079 4.92039 31.0714
    endloop
  endfacet
  facet normal -0.188472 0.947501 0.258302
    outer loop
      vertex -0.741594 5.63297 34.9286
      vertex -1.52308 5.68419 34.1705
      vertex -1.4705 5.48798 34.9286
    endloop
  endfacet
  facet normal -0.310518 0.914799 0.258303
    outer loop
      vertex -1.52308 5.68419 34.1705
      vertex -2.17425 5.2491 34.9286
      vertex -1.4705 5.48798 34.9286
    endloop
  endfacet
  facet normal -0.188478 0.947498 0.258308
    outer loop
      vertex -0.768108 5.83437 34.1705
      vertex -1.52308 5.68419 34.1705
      vertex -0.741594 5.63297 34.9286
    endloop
  endfacet
  facet normal -0.0604479 0.922193 0.381977
    outer loop
      vertex 0 5.68158 34.9286
      vertex -0.741594 5.63297 34.9286
      vertex 0 5.38124 35.6537
    endloop
  endfacet
  facet normal -0.803255 0.536712 -0.258307
    outer loop
      vertex -4.92039 2.84079 31.0714
      vertex -5.09631 2.94236 31.8295
      vertex -4.66866 3.58239 31.8295
    endloop
  endfacet
  facet normal -0.653733 0.745429 -0.13026
    outer loop
      vertex -4.16112 4.16112 31.8295
      vertex -4.23356 4.23356 32.6076
      vertex -3.58239 4.66866 31.8295
    endloop
  endfacet
  facet normal -0.550839 0.824384 -0.130257
    outer loop
      vertex -2.94236 5.09631 31.8295
      vertex -3.64475 4.74993 32.6076
      vertex -2.99358 5.18503 32.6076
    endloop
  endfacet
  facet normal -0.193436 0.972427 -0.130265
    outer loop
      vertex -1.52308 5.68419 31.8295
      vertex -1.54959 5.78315 32.6076
      vertex -0.768108 5.83437 31.8295
    endloop
  endfacet
  facet normal -0.491166 0.097698 0.86557
    outer loop
      vertex -2.56331 0.686836 38.3812
      vertex -3.3049 0.435099 37.9888
      vertex -2.63103 0.346381 38.3812
    endloop
  endfacet
  facet normal -0.597884 0.118931 0.792711
    outer loop
      vertex -3.82127 1.02391 37.511
      vertex -3.92223 0.516371 37.511
      vertex -3.3049 0.435099 37.9888
    endloop
  endfacet
  facet normal -0.499717 -0.0327488 0.86557
    outer loop
      vertex -2.65373 0 38.3812
      vertex -3.3049 -0.435099 37.9888
      vertex -2.63103 -0.346381 38.3812
    endloop
  endfacet
  facet normal -0.376078 -0.0748058 0.923563
    outer loop
      vertex -1.91214 -0.251738 38.6816
      vertex -2.63103 -0.346381 38.3812
      vertex -2.56331 -0.686836 38.3812
    endloop
  endfacet
  facet normal -0.330199 0.376507 0.86557
    outer loop
      vertex -2.02926 2.64458 37.9888
      vertex -2.35708 2.35708 37.9888
      vertex -1.87647 1.87647 38.3812
    endloop
  endfacet
  facet normal -0.458309 0.40194 0.792715
    outer loop
      vertex -2.35708 2.35708 37.9888
      vertex -2.79737 2.79737 37.511
      vertex -2.64458 2.02926 37.9888
    endloop
  endfacet
  facet normal -0.532167 0.466702 0.706391
    outer loop
      vertex -2.79737 2.79737 37.511
      vertex -3.18979 3.18979 36.9561
      vertex -3.13857 2.40831 37.511
    endloop
  endfacet
  facet normal -0.252826 0.288286 0.923564
    outer loop
      vertex -1.17408 1.53009 38.6816
      vertex -1.87647 1.87647 38.3812
      vertex -1.36375 1.36375 38.6816
    endloop
  endfacet
  facet normal -0.169592 0.343901 0.923564
    outer loop
      vertex -1.01554 2.45173 38.3812
      vertex -1.32687 2.2982 38.3812
      vertex -0.738057 1.78183 38.6816
    endloop
  endfacet
  facet normal -0.123254 0.363095 0.923564
    outer loop
      vertex -0.686836 2.56331 38.3812
      vertex -1.01554 2.45173 38.3812
      vertex -0.738057 1.78183 38.6816
    endloop
  endfacet
  facet normal 0.138093 0.69422 0.706392
    outer loop
      vertex 0.588808 4.47245 36.9561
      vertex 0.516371 3.92223 37.511
      vertex 1.16754 4.35733 36.9561
    endloop
  endfacet
  facet normal 0.039864 0.608293 0.792711
    outer loop
      vertex 0.516371 3.92223 37.511
      vertex 0 3.95607 37.511
      vertex 0.435099 3.3049 37.9888
    endloop
  endfacet
  facet normal -0.195955 0.57725 0.792707
    outer loop
      vertex -1.02391 3.82127 37.511
      vertex -1.27564 3.07968 37.9888
      vertex -0.862753 3.21984 37.9888
    endloop
  endfacet
  facet normal -0.138094 0.694219 0.706393
    outer loop
      vertex -0.516371 3.92223 37.511
      vertex -1.16754 4.35733 36.9561
      vertex -1.02391 3.82127 37.511
    endloop
  endfacet
  facet normal 0.0862924 0.0983955 0.991399
    outer loop
      vertex 0.827698 0.827698 38.8847
      vertex 0.238889 0.311326 38.9872
      vertex 0.277481 0.277481 38.9872
    endloop
  endfacet
  facet normal -0.0398728 0.608296 0.792708
    outer loop
      vertex 0 3.95607 37.511
      vertex -0.435099 3.3049 37.9888
      vertex 0 3.33342 37.9888
    endloop
  endfacet
  facet normal -0.792306 0.0519271 0.60791
    outer loop
      vertex -4.47245 0.588808 36.9561
      vertex -4.94614 0.651171 36.3334
      vertex -4.51104 0 36.9561
    endloop
  endfacet
  facet normal -0.864636 0.0566713 0.499192
    outer loop
      vertex -4.94614 0.651171 36.3334
      vertex -5.38124 0 35.6537
      vertex -4.98882 0 36.3334
    endloop
  endfacet
  facet normal -0.820513 0.278523 0.499183
    outer loop
      vertex -4.60907 1.90914 36.3334
      vertex -4.97161 2.05931 35.6537
      vertex -4.81883 1.2912 36.3334
    endloop
  endfacet
  facet normal -0.777134 0.383249 0.499183
    outer loop
      vertex -4.32044 2.49441 36.3334
      vertex -4.97161 2.05931 35.6537
      vertex -4.60907 1.90914 36.3334
    endloop
  endfacet
  facet normal -0.634826 0.313063 0.706391
    outer loop
      vertex -3.42606 1.97804 37.511
      vertex -4.16766 1.7263 36.9561
      vertex -3.65494 1.51392 37.511
    endloop
  endfacet
  facet normal -0.523525 0.596969 0.607905
    outer loop
      vertex -3.037 3.95789 36.3334
      vertex -3.18979 3.18979 36.9561
      vertex -2.74615 3.57885 36.9561
    endloop
  endfacet
  facet normal -0.820513 -0.278523 0.499183
    outer loop
      vertex -4.81883 -1.2912 36.3334
      vertex -4.97161 -2.05931 35.6537
      vertex -4.60907 -1.90914 36.3334
    endloop
  endfacet
  facet normal -0.777134 -0.383249 0.499183
    outer loop
      vertex -4.60907 -1.90914 36.3334
      vertex -4.97161 -2.05931 35.6537
      vertex -4.32044 -2.49441 36.3334
    endloop
  endfacet
  facet normal -0.39324 0.58854 0.706387
    outer loop
      vertex -2.25552 3.90667 36.9561
      vertex -2.40831 3.13857 37.511
      vertex -1.97804 3.42606 37.511
    endloop
  endfacet
  facet normal -0.383231 0.777135 0.499195
    outer loop
      vertex -2.05931 4.97161 35.6537
      vertex -2.69062 4.66029 35.6537
      vertex -2.49441 4.32044 36.3334
    endloop
  endfacet
  facet normal -0.596972 0.523517 0.60791
    outer loop
      vertex -3.52763 3.52763 36.3334
      vertex -3.95789 3.037 36.3334
      vertex -3.18979 3.18979 36.9561
    endloop
  endfacet
  facet normal -0.660193 0.441131 0.607905
    outer loop
      vertex -3.95789 3.037 36.3334
      vertex -4.32044 2.49441 36.3334
      vertex -3.57885 2.74615 36.9561
    endloop
  endfacet
  facet normal -0.0519304 0.792304 0.607912
    outer loop
      vertex 0 4.98882 36.3334
      vertex -0.651171 4.94614 36.3334
      vertex 0 4.51104 36.9561
    endloop
  endfacet
  facet normal -0.160976 0.474208 0.865571
    outer loop
      vertex -0.862753 3.21984 37.9888
      vertex -1.27564 3.07968 37.9888
      vertex -0.686836 2.56331 38.3812
    endloop
  endfacet
  facet normal -0.947498 0.188478 -0.258308
    outer loop
      vertex -5.63297 0.741594 31.0714
      vertex -5.83437 0.768108 31.8295
      vertex -5.68419 1.52308 31.8295
    endloop
  endfacet
  facet normal -0.914798 0.310534 -0.258289
    outer loop
      vertex -5.2491 2.17425 31.0714
      vertex -5.68419 1.52308 31.8295
      vertex -5.43676 2.25198 31.8295
    endloop
  endfacet
  facet normal -0.963997 -0.0631781 -0.258299
    outer loop
      vertex -5.83437 -0.768108 31.8295
      vertex -5.88471 0 31.8295
      vertex -5.68158 0 31.0714
    endloop
  endfacet
  facet normal -0.947498 -0.188478 -0.258308
    outer loop
      vertex -5.68419 -1.52308 31.8295
      vertex -5.83437 -0.768108 31.8295
      vertex -5.63297 -0.741594 31.0714
    endloop
  endfacet
  facet normal -0.768415 0.513445 -0.381984
    outer loop
      vertex -4.26922 3.27589 30.3463
      vertex -4.66029 2.69062 30.3463
      vertex -4.5075 3.45873 31.0714
    endloop
  endfacet
  facet normal -0.828855 0.408757 -0.381991
    outer loop
      vertex -4.97161 2.05931 30.3463
      vertex -5.2491 2.17425 31.0714
      vertex -4.92039 2.84079 31.0714
    endloop
  endfacet
  facet normal -0.946929 -0.321444 0
    outer loop
      vertex -5.53141 -2.29118 32.6076
      vertex -5.78315 -1.54959 33.3924
      vertex -5.78315 -1.54959 32.6076
    endloop
  endfacet
  facet normal -0.946929 -0.321444 0
    outer loop
      vertex -5.78315 -1.54959 33.3924
      vertex -5.53141 -2.29118 32.6076
      vertex -5.53141 -2.29118 33.3924
    endloop
  endfacet
  facet normal -0.980787 -0.195082 0
    outer loop
      vertex -5.78315 -1.54959 32.6076
      vertex -5.93593 -0.78148 33.3924
      vertex -5.93593 -0.78148 32.6076
    endloop
  endfacet
  facet normal -0.980787 -0.195082 0
    outer loop
      vertex -5.93593 -0.78148 33.3924
      vertex -5.78315 -1.54959 32.6076
      vertex -5.78315 -1.54959 33.3924
    endloop
  endfacet
  facet normal -0.875133 -0.297054 -0.38197
    outer loop
      vertex -5.2491 -2.17425 31.0714
      vertex -5.48798 -1.4705 31.0714
      vertex -5.19788 -1.39277 30.3463
    endloop
  endfacet
  facet normal -0.914799 -0.310518 -0.258303
    outer loop
      vertex -5.2491 -2.17425 31.0714
      vertex -5.68419 -1.52308 31.8295
      vertex -5.48798 -1.4705 31.0714
    endloop
  endfacet
  facet normal 0.313063 -0.634826 -0.706391
    outer loop
      vertex 1.7263 -4.16766 29.0439
      vertex 1.51392 -3.65494 28.489
      vertex 1.97804 -3.42606 28.489
    endloop
  endfacet
  facet normal 0.4667 -0.532172 -0.706388
    outer loop
      vertex 2.74615 -3.57885 29.0439
      vertex 2.40831 -3.13857 28.489
      vertex 3.18979 -3.18979 29.0439
    endloop
  endfacet
  facet normal 0.0327565 -0.499731 -0.865561
    outer loop
      vertex 0 -3.33342 28.0112
      vertex 0.221661 -2.98547 27.8187
      vertex 0.435099 -3.3049 28.0112
    endloop
  endfacet
  facet normal 0.0327577 -0.499731 -0.865561
    outer loop
      vertex 0.221661 -2.98547 27.8187
      vertex 0 -3.33342 28.0112
      vertex 0 -3 27.8187
    endloop
  endfacet
  facet normal -0.0398728 -0.608296 -0.792708
    outer loop
      vertex 0 -3.95607 28.489
      vertex -0.435099 -3.3049 28.0112
      vertex 0 -3.33342 28.0112
    endloop
  endfacet
  facet normal 0.351186 -0.712118 -0.607912
    outer loop
      vertex 1.90914 -4.60907 29.6666
      vertex 1.7263 -4.16766 29.0439
      vertex 2.49441 -4.32044 29.6666
    endloop
  endfacet
  facet normal 0.383249 -0.777134 -0.499183
    outer loop
      vertex 2.05931 -4.97161 30.3463
      vertex 1.90914 -4.60907 29.6666
      vertex 2.49441 -4.32044 29.6666
    endloop
  endfacet
  facet normal 0.864638 0.0566748 -0.499189
    outer loop
      vertex 5.38124 0 30.3463
      vertex 4.94614 0.651171 29.6666
      vertex 5.3352 0.702392 30.3463
    endloop
  endfacet
  facet normal 0.69422 0.138093 -0.706392
    outer loop
      vertex 4.47245 0.588808 29.0439
      vertex 3.92223 0.516371 28.489
      vertex 4.35733 1.16754 29.0439
    endloop
  endfacet
  facet normal -0.523517 -0.596972 -0.60791
    outer loop
      vertex -3.037 -3.95789 29.6666
      vertex -3.52763 -3.52763 29.6666
      vertex -3.18979 -3.18979 29.0439
    endloop
  endfacet
  facet normal -0.58854 -0.39324 -0.706387
    outer loop
      vertex -3.13857 -2.40831 28.489
      vertex -3.90667 -2.25552 29.0439
      vertex -3.42606 -1.97804 28.489
    endloop
  endfacet
  facet normal -0.269621 -0.546734 -0.792709
    outer loop
      vertex -1.51392 -3.65494 28.489
      vertex -1.97804 -3.42606 28.489
      vertex -1.66671 -2.88683 28.0112
    endloop
  endfacet
  facet normal -0.0462871 -0.706304 -0.706393
    outer loop
      vertex 0 -4.51104 29.0439
      vertex -0.516371 -3.92223 28.489
      vertex 0 -3.95607 28.489
    endloop
  endfacet
  facet normal -0.513445 -0.768415 -0.381984
    outer loop
      vertex -2.69062 -4.66029 30.3463
      vertex -3.45873 -4.5075 31.0714
      vertex -3.27589 -4.26922 30.3463
    endloop
  endfacet
  facet normal -0.694829 -0.609344 -0.381984
    outer loop
      vertex -3.80511 -3.80511 30.3463
      vertex -4.5075 -3.45873 31.0714
      vertex -4.26922 -3.27589 30.3463
    endloop
  endfacet
  facet normal -0.634826 -0.313063 -0.706391
    outer loop
      vertex -3.42606 -1.97804 28.489
      vertex -4.16766 -1.7263 29.0439
      vertex -3.65494 -1.51392 28.489
    endloop
  endfacet
  facet normal -0.820513 -0.278523 -0.499183
    outer loop
      vertex -4.60907 -1.90914 29.6666
      vertex -4.97161 -2.05931 30.3463
      vertex -4.81883 -1.2912 29.6666
    endloop
  endfacet
  facet normal -0.712118 -0.351186 -0.607912
    outer loop
      vertex -4.32044 -2.49441 29.6666
      vertex -4.60907 -1.90914 29.6666
      vertex -4.16766 -1.7263 29.0439
    endloop
  endfacet
  facet normal -0.777134 -0.383249 -0.499183
    outer loop
      vertex -4.32044 -2.49441 29.6666
      vertex -4.97161 -2.05931 30.3463
      vertex -4.60907 -1.90914 29.6666
    endloop
  endfacet
  facet normal -0.57725 -0.195955 -0.792707
    outer loop
      vertex -3.07968 -1.27564 28.0112
      vertex -3.82127 -1.02391 28.489
      vertex -3.21984 -0.862753 28.0112
    endloop
  endfacet
  facet normal -0.416402 -0.278225 -0.865563
    outer loop
      vertex -2.64458 -2.02926 28.0112
      vertex -2.50347 -1.64158 27.8187
      vertex -2.38006 -1.82628 27.8187
    endloop
  endfacet
  facet normal -0.416396 -0.278229 -0.865565
    outer loop
      vertex -2.50347 -1.64158 27.8187
      vertex -2.64458 -2.02926 28.0112
      vertex -2.88683 -1.66671 28.0112
    endloop
  endfacet
  facet normal -0.597892 -0.11892 -0.792706
    outer loop
      vertex -3.21984 -0.862753 28.0112
      vertex -3.82127 -1.02391 28.489
      vertex -3.3049 -0.435099 28.0112
    endloop
  endfacet
  facet normal -0.597892 0.11892 -0.792706
    outer loop
      vertex -3.3049 0.435099 28.0112
      vertex -3.82127 1.02391 28.489
      vertex -3.21984 0.862753 28.0112
    endloop
  endfacet
  facet normal -0.499731 -0.0327565 -0.865561
    outer loop
      vertex -3.33342 0 28.0112
      vertex -2.98547 -0.221661 27.8187
      vertex -3.3049 -0.435099 28.0112
    endloop
  endfacet
  facet normal -0.499731 -0.0327577 -0.865561
    outer loop
      vertex -2.98547 -0.221661 27.8187
      vertex -3.33342 0 28.0112
      vertex -3 0 27.8187
    endloop
  endfacet
  facet normal -0.474233 0.160964 -0.86556
    outer loop
      vertex -3.07968 1.27564 28.0112
      vertex -2.77164 1.14805 27.8187
      vertex -2.82637 0.986804 27.8187
    endloop
  endfacet
  facet normal -0.57725 0.195955 -0.792707
    outer loop
      vertex -3.21984 0.862753 28.0112
      vertex -3.82127 1.02391 28.489
      vertex -3.07968 1.27564 28.0112
    endloop
  endfacet
  facet normal -0.513439 -0.768424 0.381975
    outer loop
      vertex -2.69062 -4.66029 35.6537
      vertex -3.45873 -4.5075 34.9286
      vertex -2.84079 -4.92039 34.9286
    endloop
  endfacet
  facet normal -0.636975 -0.72632 0.258306
    outer loop
      vertex -3.45873 -4.5075 34.9286
      vertex -4.16112 -4.16112 34.1705
      vertex -3.58239 -4.66866 34.1705
    endloop
  endfacet
  facet normal -0.651464 -0.571315 0.499193
    outer loop
      vertex -3.95789 -3.037 36.3334
      vertex -4.26922 -3.27589 35.6537
      vertex -3.80511 -3.80511 35.6537
    endloop
  endfacet
  facet normal -0.720459 -0.481399 0.499194
    outer loop
      vertex -3.95789 -3.037 36.3334
      vertex -4.32044 -2.49441 36.3334
      vertex -4.26922 -3.27589 35.6537
    endloop
  endfacet
  facet normal -0.0631879 -0.963994 0.258309
    outer loop
      vertex -0.741594 -5.63297 34.9286
      vertex -0.768108 -5.83437 34.1705
      vertex 0 -5.68158 34.9286
    endloop
  endfacet
  facet normal -0.297054 -0.875133 0.38197
    outer loop
      vertex -1.39277 -5.19788 35.6537
      vertex -2.17425 -5.2491 34.9286
      vertex -1.4705 -5.48798 34.9286
    endloop
  endfacet
  facet normal -0.442283 -0.896875 0
    outer loop
      vertex -2.99358 -5.18503 32.6076
      vertex -2.29118 -5.53141 33.3924
      vertex -2.99358 -5.18503 33.3924
    endloop
  endfacet
  facet normal -0.442283 -0.896875 -0
    outer loop
      vertex -2.29118 -5.53141 33.3924
      vertex -2.99358 -5.18503 32.6076
      vertex -2.29118 -5.53141 32.6076
    endloop
  endfacet
  facet normal -0.19342 -0.972432 0.130249
    outer loop
      vertex -0.768108 -5.83437 34.1705
      vertex -1.54959 -5.78315 33.3924
      vertex -0.78148 -5.93593 33.3924
    endloop
  endfacet
  facet normal -0.0566713 -0.864636 0.499192
    outer loop
      vertex 0 -4.98882 36.3334
      vertex -0.651171 -4.94614 36.3334
      vertex 0 -5.38124 35.6537
    endloop
  endfacet
  facet normal -0.0566748 -0.864638 0.499189
    outer loop
      vertex -0.651171 -4.94614 36.3334
      vertex -0.702392 -5.3352 35.6537
      vertex 0 -5.38124 35.6537
    endloop
  endfacet
  facet normal -0.777135 -0.383231 0.499195
    outer loop
      vertex -4.32044 -2.49441 36.3334
      vertex -4.97161 -2.05931 35.6537
      vertex -4.66029 -2.69062 35.6537
    endloop
  endfacet
  facet normal -0.828855 -0.408757 0.381991
    outer loop
      vertex -4.97161 -2.05931 35.6537
      vertex -5.2491 -2.17425 34.9286
      vertex -4.92039 -2.84079 34.9286
    endloop
  endfacet
  facet normal 0.0604479 -0.922193 -0.381977
    outer loop
      vertex 0.741594 -5.63297 31.0714
      vertex 0 -5.68158 31.0714
      vertex 0 -5.38124 30.3463
    endloop
  endfacet
  facet normal -0.0631879 -0.963994 -0.258309
    outer loop
      vertex 0 -5.68158 31.0714
      vertex -0.768108 -5.83437 31.8295
      vertex -0.741594 -5.63297 31.0714
    endloop
  endfacet
  facet normal 0.0631781 -0.963997 -0.258299
    outer loop
      vertex 0.768108 -5.83437 31.8295
      vertex 0 -5.88471 31.8295
      vertex 0 -5.68158 31.0714
    endloop
  endfacet
  facet normal 0.0648402 -0.989358 -0.130253
    outer loop
      vertex 0.768108 -5.83437 31.8295
      vertex 0 -5.98715 32.6076
      vertex 0 -5.88471 31.8295
    endloop
  endfacet
  facet normal -0.138093 -0.69422 -0.706392
    outer loop
      vertex -0.588808 -4.47245 29.0439
      vertex -1.16754 -4.35733 29.0439
      vertex -0.516371 -3.92223 28.489
    endloop
  endfacet
  facet normal 0.154903 -0.778747 -0.607913
    outer loop
      vertex 1.2912 -4.81883 29.6666
      vertex 0.651171 -4.94614 29.6666
      vertex 1.16754 -4.35733 29.0439
    endloop
  endfacet
  facet normal -0.0462907 -0.706306 -0.706392
    outer loop
      vertex 0 -4.51104 29.0439
      vertex -0.588808 -4.47245 29.0439
      vertex -0.516371 -3.92223 28.489
    endloop
  endfacet
  facet normal -0.0519271 -0.792306 -0.60791
    outer loop
      vertex 0 -4.51104 29.0439
      vertex -0.651171 -4.94614 29.6666
      vertex -0.588808 -4.47245 29.0439
    endloop
  endfacet
  facet normal -0.255222 -0.751868 -0.607912
    outer loop
      vertex -1.2912 -4.81883 29.6666
      vertex -1.90914 -4.60907 29.6666
      vertex -1.7263 -4.16766 29.0439
    endloop
  endfacet
  facet normal -0.4814 -0.720457 -0.499195
    outer loop
      vertex -2.69062 -4.66029 30.3463
      vertex -3.27589 -4.26922 30.3463
      vertex -2.49441 -4.32044 29.6666
    endloop
  endfacet
  facet normal -0.278523 -0.820513 -0.499183
    outer loop
      vertex -1.2912 -4.81883 29.6666
      vertex -2.05931 -4.97161 30.3463
      vertex -1.90914 -4.60907 29.6666
    endloop
  endfacet
  facet normal -0.297054 -0.875133 -0.38197
    outer loop
      vertex -1.4705 -5.48798 31.0714
      vertex -2.17425 -5.2491 31.0714
      vertex -1.39277 -5.19788 30.3463
    endloop
  endfacet
  facet normal -0.481399 -0.720459 -0.499194
    outer loop
      vertex -2.49441 -4.32044 29.6666
      vertex -3.27589 -4.26922 30.3463
      vertex -3.037 -3.95789 29.6666
    endloop
  endfacet
  facet normal -0.523525 -0.596969 -0.607905
    outer loop
      vertex -3.037 -3.95789 29.6666
      vertex -3.18979 -3.18979 29.0439
      vertex -2.74615 -3.57885 29.0439
    endloop
  endfacet
  facet normal -0.536712 -0.803255 -0.258307
    outer loop
      vertex -2.84079 -4.92039 31.0714
      vertex -3.58239 -4.66866 31.8295
      vertex -3.45873 -4.5075 31.0714
    endloop
  endfacet
  facet normal -0.513439 -0.768424 -0.381975
    outer loop
      vertex -2.84079 -4.92039 31.0714
      vertex -3.45873 -4.5075 31.0714
      vertex -2.69062 -4.66029 30.3463
    endloop
  endfacet
  facet normal -0.188472 -0.947501 -0.258302
    outer loop
      vertex -0.741594 -5.63297 31.0714
      vertex -1.52308 -5.68419 31.8295
      vertex -1.4705 -5.48798 31.0714
    endloop
  endfacet
  facet normal -0.297075 -0.875116 -0.381991
    outer loop
      vertex -1.39277 -5.19788 30.3463
      vertex -2.17425 -5.2491 31.0714
      vertex -2.05931 -4.97161 30.3463
    endloop
  endfacet
  facet normal -0.550839 -0.824384 -0.130257
    outer loop
      vertex -2.99358 -5.18503 32.6076
      vertex -3.64475 -4.74993 32.6076
      vertex -2.94236 -5.09631 31.8295
    endloop
  endfacet
  facet normal -0.550833 -0.824389 0.130251
    outer loop
      vertex -3.58239 -4.66866 34.1705
      vertex -3.64475 -4.74993 33.3924
      vertex -2.94236 -5.09631 34.1705
    endloop
  endfacet
  facet normal -0.653727 -0.745437 0.130251
    outer loop
      vertex -3.58239 -4.66866 34.1705
      vertex -4.23356 -4.23356 33.3924
      vertex -3.64475 -4.74993 33.3924
    endloop
  endfacet
  facet normal -0.245537 -0.0833535 0.965797
    outer loop
      vertex -1.13066 -0.302958 38.8847
      vertex -1.78183 -0.738057 38.6816
      vertex -1.08144 -0.447947 38.8847
    endloop
  endfacet
  facet normal 0.00855911 -0.130594 0.991399
    outer loop
      vertex 0 -0.392418 38.9872
      vertex 0 -1.17054 38.8847
      vertex 0.0512209 -0.389061 38.9872
    endloop
  endfacet
  facet normal -0.449142 -0.221491 0.865571
    outer loop
      vertex -2.45173 -1.01554 38.3812
      vertex -2.88683 -1.66671 37.9888
      vertex -2.2982 -1.32687 38.3812
    endloop
  endfacet
  facet normal -0.318822 -0.21303 0.923564
    outer loop
      vertex -1.67025 -0.964318 38.6816
      vertex -2.2982 -1.32687 38.3812
      vertex -2.10535 -1.61549 38.3812
    endloop
  endfacet
  facet normal -0.0983965 -0.0862915 0.991399
    outer loop
      vertex -0.311326 -0.238889 38.9872
      vertex -0.928653 -0.712581 38.8847
      vertex -0.827698 -0.827698 38.8847
    endloop
  endfacet
  facet normal -0.114686 -0.232559 0.965797
    outer loop
      vertex -0.585271 -1.01372 38.8847
      vertex -0.964318 -1.67025 38.6816
      vertex -0.738057 -1.78183 38.6816
    endloop
  endfacet
  facet normal 0.108818 -0.0727105 0.991399
    outer loop
      vertex 1.01372 -0.585271 38.8847
      vertex 0.311326 -0.238889 38.9872
      vertex 0.928653 -0.712581 38.8847
    endloop
  endfacet
  facet normal 0.0327488 -0.499717 0.86557
    outer loop
      vertex 0.346381 -2.63103 38.3812
      vertex 0 -2.65373 38.3812
      vertex 0.435099 -3.3049 37.9888
    endloop
  endfacet
  facet normal -0.123928 0.0420692 0.991399
    outer loop
      vertex -0.362547 0.150171 38.9872
      vertex -1.08144 0.447947 38.8847
      vertex -0.379047 0.101565 38.9872
    endloop
  endfacet
  facet normal 0.117378 0.0578837 0.991399
    outer loop
      vertex 1.01372 0.585271 38.8847
      vertex 0.362547 0.150171 38.9872
      vertex 1.08144 0.447947 38.8847
    endloop
  endfacet
  facet normal -0.0578837 -0.117378 0.991399
    outer loop
      vertex -0.150171 -0.362547 38.9872
      vertex -0.585271 -1.01372 38.8847
      vertex -0.447947 -1.08144 38.8847
    endloop
  endfacet
  facet normal 0.0983955 -0.0862924 0.991399
    outer loop
      vertex 0.311326 -0.238889 38.9872
      vertex 0.277481 -0.277481 38.9872
      vertex 0.827698 -0.827698 38.8847
    endloop
  endfacet
  facet normal -0.108818 -0.0727105 0.991399
    outer loop
      vertex -0.311326 -0.238889 38.9872
      vertex -1.01372 -0.585271 38.8847
      vertex -0.928653 -0.712581 38.8847
    endloop
  endfacet
  facet normal -0.278222 -0.416389 0.865571
    outer loop
      vertex -1.61549 -2.10535 38.3812
      vertex -1.66671 -2.88683 37.9888
      vertex -1.32687 -2.2982 38.3812
    endloop
  endfacet
  facet normal 0.123928 -0.0420703 0.991399
    outer loop
      vertex 1.13066 -0.302958 38.8847
      vertex 0.379047 -0.101565 38.9872
      vertex 1.08144 -0.447947 38.8847
    endloop
  endfacet
  facet normal -0.254318 -0.0505852 0.965797
    outer loop
      vertex -1.16053 -0.152786 38.8847
      vertex -1.91214 -0.251738 38.6816
      vertex -1.13066 -0.302958 38.8847
    endloop
  endfacet
  facet normal -0.39324 -0.58854 0.706387
    outer loop
      vertex -1.97804 -3.42606 37.511
      vertex -2.40831 -3.13857 37.511
      vertex -2.25552 -3.90667 36.9561
    endloop
  endfacet
  facet normal -0.39324 -0.58854 0.706388
    outer loop
      vertex -2.40831 -3.13857 37.511
      vertex -2.74615 -3.57885 36.9561
      vertex -2.25552 -3.90667 36.9561
    endloop
  endfacet
  facet normal -0.792304 0.0519304 0.607912
    outer loop
      vertex -4.94614 0.651171 36.3334
      vertex -4.98882 0 36.3334
      vertex -4.51104 0 36.9561
    endloop
  endfacet
  facet normal -0.69422 0.138093 0.706392
    outer loop
      vertex -4.35733 1.16754 36.9561
      vertex -4.47245 0.588808 36.9561
      vertex -3.92223 0.516371 37.511
    endloop
  endfacet
  facet normal -0.376078 0.0748058 0.923563
    outer loop
      vertex -2.56331 0.686836 38.3812
      vertex -2.63103 0.346381 38.3812
      vertex -1.91214 0.251738 38.6816
    endloop
  endfacet
  facet normal -0.363095 0.123254 0.923564
    outer loop
      vertex -2.45173 1.01554 38.3812
      vertex -2.56331 0.686836 38.3812
      vertex -1.78183 0.738057 38.6816
    endloop
  endfacet
  facet normal 0.0604474 -0.922193 0.381976
    outer loop
      vertex 0.702392 -5.3352 35.6537
      vertex 0 -5.38124 35.6537
      vertex 0.741594 -5.63297 34.9286
    endloop
  endfacet
  facet normal 0.180291 -0.906416 0.381976
    outer loop
      vertex 1.39277 -5.19788 35.6537
      vertex 0.702392 -5.3352 35.6537
      vertex 0.741594 -5.63297 34.9286
    endloop
  endfacet
  facet normal 0.550839 -0.824384 0.130257
    outer loop
      vertex 3.64475 -4.74993 33.3924
      vertex 2.94236 -5.09631 34.1705
      vertex 2.99358 -5.18503 33.3924
    endloop
  endfacet
  facet normal 0.653727 -0.745437 0.130251
    outer loop
      vertex 4.23356 -4.23356 33.3924
      vertex 3.58239 -4.66866 34.1705
      vertex 3.64475 -4.74993 33.3924
    endloop
  endfacet
  facet normal 0.768415 -0.513445 0.381984
    outer loop
      vertex 4.66029 -2.69062 35.6537
      vertex 4.26922 -3.27589 35.6537
      vertex 4.5075 -3.45873 34.9286
    endloop
  endfacet
  facet normal 0.694829 -0.609344 0.381984
    outer loop
      vertex 4.26922 -3.27589 35.6537
      vertex 3.80511 -3.80511 35.6537
      vertex 4.5075 -3.45873 34.9286
    endloop
  endfacet
  facet normal 0.803255 -0.536712 0.258307
    outer loop
      vertex 4.92039 -2.84079 34.9286
      vertex 4.66866 -3.58239 34.1705
      vertex 5.09631 -2.94236 34.1705
    endloop
  endfacet
  facet normal 0.947501 -0.188472 0.258302
    outer loop
      vertex 5.63297 -0.741594 34.9286
      vertex 5.48798 -1.4705 34.9286
      vertex 5.68419 -1.52308 34.1705
    endloop
  endfacet
  facet normal 0.906417 -0.180299 0.38197
    outer loop
      vertex 5.63297 -0.741594 34.9286
      vertex 5.19788 -1.39277 35.6537
      vertex 5.48798 -1.4705 34.9286
    endloop
  endfacet
  facet normal 0.947501 -0.188472 -0.258302
    outer loop
      vertex 5.68419 -1.52308 31.8295
      vertex 5.48798 -1.4705 31.0714
      vertex 5.63297 -0.741594 31.0714
    endloop
  endfacet
  facet normal 0.914799 -0.310518 -0.258303
    outer loop
      vertex 5.68419 -1.52308 31.8295
      vertex 5.2491 -2.17425 31.0714
      vertex 5.48798 -1.4705 31.0714
    endloop
  endfacet
  facet normal 0.792306 0.0519271 -0.60791
    outer loop
      vertex 4.51104 0 29.0439
      vertex 4.47245 0.588808 29.0439
      vertex 4.94614 0.651171 29.6666
    endloop
  endfacet
  facet normal 0.792304 -0.0519304 -0.607912
    outer loop
      vertex 4.94614 -0.651171 29.6666
      vertex 4.51104 0 29.0439
      vertex 4.98882 0 29.6666
    endloop
  endfacet
  facet normal 0.720459 -0.481399 -0.499194
    outer loop
      vertex 4.26922 -3.27589 30.3463
      vertex 3.95789 -3.037 29.6666
      vertex 4.32044 -2.49441 29.6666
    endloop
  endfacet
  facet normal 0.609356 -0.694824 -0.381973
    outer loop
      vertex 4.01748 -4.01748 31.0714
      vertex 3.45873 -4.5075 31.0714
      vertex 3.80511 -3.80511 30.3463
    endloop
  endfacet
  facet normal 0.670258 -0.227518 -0.706392
    outer loop
      vertex 4.16766 -1.7263 29.0439
      vertex 3.82127 -1.02391 28.489
      vertex 4.35733 -1.16754 29.0439
    endloop
  endfacet
  facet normal 0.660195 -0.441117 -0.607913
    outer loop
      vertex 4.32044 -2.49441 29.6666
      vertex 3.57885 -2.74615 29.0439
      vertex 3.90667 -2.25552 29.0439
    endloop
  endfacet
  facet normal 0.820502 -0.278535 -0.499194
    outer loop
      vertex 4.97161 -2.05931 30.3463
      vertex 4.81883 -1.2912 29.6666
      vertex 5.19788 -1.39277 30.3463
    endloop
  endfacet
  facet normal 0.875116 -0.297075 -0.381991
    outer loop
      vertex 5.2491 -2.17425 31.0714
      vertex 4.97161 -2.05931 30.3463
      vertex 5.19788 -1.39277 30.3463
    endloop
  endfacet
  facet normal 0.571315 -0.651464 -0.499193
    outer loop
      vertex 3.27589 -4.26922 30.3463
      vertex 3.037 -3.95789 29.6666
      vertex 3.80511 -3.80511 30.3463
    endloop
  endfacet
  facet normal 0.571311 -0.651472 -0.499188
    outer loop
      vertex 3.80511 -3.80511 30.3463
      vertex 3.037 -3.95789 29.6666
      vertex 3.52763 -3.52763 29.6666
    endloop
  endfacet
  facet normal 0.946929 -0.321444 0
    outer loop
      vertex 5.53141 -2.29118 33.3924
      vertex 5.78315 -1.54959 32.6076
      vertex 5.78315 -1.54959 33.3924
    endloop
  endfacet
  facet normal 0.946929 -0.321444 0
    outer loop
      vertex 5.78315 -1.54959 32.6076
      vertex 5.53141 -2.29118 33.3924
      vertex 5.53141 -2.29118 32.6076
    endloop
  endfacet
  facet normal 0.653733 -0.745429 -0.13026
    outer loop
      vertex 4.23356 -4.23356 32.6076
      vertex 3.58239 -4.66866 31.8295
      vertex 4.16112 -4.16112 31.8295
    endloop
  endfacet
  facet normal 0.72632 -0.636975 -0.258306
    outer loop
      vertex 4.66866 -3.58239 31.8295
      vertex 4.16112 -4.16112 31.8295
      vertex 4.5075 -3.45873 31.0714
    endloop
  endfacet
  facet normal 0.169044 -0.849841 -0.499194
    outer loop
      vertex 1.39277 -5.19788 30.3463
      vertex 0.651171 -4.94614 29.6666
      vertex 1.2912 -4.81883 29.6666
    endloop
  endfacet
  facet normal 0.278535 -0.820502 -0.499194
    outer loop
      vertex 1.39277 -5.19788 30.3463
      vertex 1.2912 -4.81883 29.6666
      vertex 2.05931 -4.97161 30.3463
    endloop
  endfacet
  facet normal 0.321444 -0.946929 0
    outer loop
      vertex 1.54959 -5.78315 32.6076
      vertex 2.29118 -5.53141 33.3924
      vertex 1.54959 -5.78315 33.3924
    endloop
  endfacet
  facet normal 0.321444 -0.946929 0
    outer loop
      vertex 2.29118 -5.53141 33.3924
      vertex 1.54959 -5.78315 32.6076
      vertex 2.29118 -5.53141 32.6076
    endloop
  endfacet
  facet normal 0.188478 -0.947498 0.258308
    outer loop
      vertex 1.52308 -5.68419 34.1705
      vertex 0.741594 -5.63297 34.9286
      vertex 0.768108 -5.83437 34.1705
    endloop
  endfacet
  facet normal 0.438512 -0.889235 -0.130261
    outer loop
      vertex 2.29118 -5.53141 32.6076
      vertex 2.25198 -5.43676 31.8295
      vertex 2.94236 -5.09631 31.8295
    endloop
  endfacet
  facet normal 0.438515 -0.889234 -0.130258
    outer loop
      vertex 2.99358 -5.18503 32.6076
      vertex 2.29118 -5.53141 32.6076
      vertex 2.94236 -5.09631 31.8295
    endloop
  endfacet
  facet normal 0.318705 -0.93886 0.130264
    outer loop
      vertex 2.29118 -5.53141 33.3924
      vertex 1.52308 -5.68419 34.1705
      vertex 1.54959 -5.78315 33.3924
    endloop
  endfacet
  facet normal 0.653733 -0.745429 0.13026
    outer loop
      vertex 4.16112 -4.16112 34.1705
      vertex 3.58239 -4.66866 34.1705
      vertex 4.23356 -4.23356 33.3924
    endloop
  endfacet
  facet normal 0.550833 -0.824389 -0.130251
    outer loop
      vertex 3.64475 -4.74993 32.6076
      vertex 2.94236 -5.09631 31.8295
      vertex 3.58239 -4.66866 31.8295
    endloop
  endfacet
  facet normal 0.532172 -0.4667 0.706388
    outer loop
      vertex 3.57885 -2.74615 36.9561
      vertex 3.13857 -2.40831 37.511
      vertex 3.18979 -3.18979 36.9561
    endloop
  endfacet
  facet normal 0.532167 -0.466702 0.706391
    outer loop
      vertex 3.13857 -2.40831 37.511
      vertex 2.79737 -2.79737 37.511
      vertex 3.18979 -3.18979 36.9561
    endloop
  endfacet
  facet normal 0.513445 -0.768415 0.381984
    outer loop
      vertex 3.27589 -4.26922 35.6537
      vertex 2.69062 -4.66029 35.6537
      vertex 3.45873 -4.5075 34.9286
    endloop
  endfacet
  facet normal 0.536712 -0.803255 0.258307
    outer loop
      vertex 3.45873 -4.5075 34.9286
      vertex 2.84079 -4.92039 34.9286
      vertex 3.58239 -4.66866 34.1705
    endloop
  endfacet
  facet normal 0.441117 -0.660195 0.607913
    outer loop
      vertex 2.74615 -3.57885 36.9561
      vertex 2.25552 -3.90667 36.9561
      vertex 2.49441 -4.32044 36.3334
    endloop
  endfacet
  facet normal 0.351187 -0.712116 0.607913
    outer loop
      vertex 2.25552 -3.90667 36.9561
      vertex 1.7263 -4.16766 36.9561
      vertex 2.49441 -4.32044 36.3334
    endloop
  endfacet
  facet normal 0.278523 -0.820513 0.499183
    outer loop
      vertex 1.90914 -4.60907 36.3334
      vertex 1.2912 -4.81883 36.3334
      vertex 2.05931 -4.97161 35.6537
    endloop
  endfacet
  facet normal 0.278535 -0.820502 0.499194
    outer loop
      vertex 2.05931 -4.97161 35.6537
      vertex 1.2912 -4.81883 36.3334
      vertex 1.39277 -5.19788 35.6537
    endloop
  endfacet
  facet normal 0.154903 -0.778747 0.607913
    outer loop
      vertex 1.16754 -4.35733 36.9561
      vertex 0.651171 -4.94614 36.3334
      vertex 1.2912 -4.81883 36.3334
    endloop
  endfacet
  facet normal 0.25522 -0.751867 0.607913
    outer loop
      vertex 1.7263 -4.16766 36.9561
      vertex 1.16754 -4.35733 36.9561
      vertex 1.2912 -4.81883 36.3334
    endloop
  endfacet
  facet normal -0.269613 -0.546734 0.792711
    outer loop
      vertex -1.27564 -3.07968 37.9888
      vertex -1.66671 -2.88683 37.9888
      vertex -1.51392 -3.65494 37.511
    endloop
  endfacet
  facet normal -0.227515 -0.670261 0.70639
    outer loop
      vertex -1.51392 -3.65494 37.511
      vertex -1.7263 -4.16766 36.9561
      vertex -1.02391 -3.82127 37.511
    endloop
  endfacet
  facet normal 0.597884 -0.118931 0.792711
    outer loop
      vertex 3.92223 -0.516371 37.511
      vertex 3.3049 -0.435099 37.9888
      vertex 3.82127 -1.02391 37.511
    endloop
  endfacet
  facet normal 0.608296 -0.0398728 0.792708
    outer loop
      vertex 3.33342 0 37.9888
      vertex 3.3049 -0.435099 37.9888
      vertex 3.95607 0 37.511
    endloop
  endfacet
  facet normal 0.376507 -0.330198 0.86557
    outer loop
      vertex 2.10535 -1.61549 38.3812
      vertex 1.87647 -1.87647 38.3812
      vertex 2.64458 -2.02926 37.9888
    endloop
  endfacet
  facet normal 0.376507 -0.330199 0.86557
    outer loop
      vertex 2.64458 -2.02926 37.9888
      vertex 1.87647 -1.87647 38.3812
      vertex 2.35708 -2.35708 37.9888
    endloop
  endfacet
  facet normal 0.458309 -0.40194 0.792715
    outer loop
      vertex 2.64458 -2.02926 37.9888
      vertex 2.35708 -2.35708 37.9888
      vertex 2.79737 -2.79737 37.511
    endloop
  endfacet
  facet normal 0.458316 -0.401937 0.792712
    outer loop
      vertex 3.13857 -2.40831 37.511
      vertex 2.64458 -2.02926 37.9888
      vertex 2.79737 -2.79737 37.511
    endloop
  endfacet
  facet normal 0.278224 -0.416388 0.86557
    outer loop
      vertex 2.02926 -2.64458 37.9888
      vertex 1.61549 -2.10535 38.3812
      vertex 1.66671 -2.88683 37.9888
    endloop
  endfacet
  facet normal 0.123254 -0.363095 0.923564
    outer loop
      vertex 0.738057 -1.78183 38.6816
      vertex 0.686836 -2.56331 38.3812
      vertex 1.01554 -2.45173 38.3812
    endloop
  endfacet
  facet normal 0.232559 -0.114684 0.965797
    outer loop
      vertex 1.08144 -0.447947 38.8847
      vertex 1.01372 -0.585271 38.8847
      vertex 1.78183 -0.738057 38.6816
    endloop
  endfacet
  facet normal 0.0250752 -0.382625 0.923563
    outer loop
      vertex 0.251738 -1.91214 38.6816
      vertex 0 -2.65373 38.3812
      vertex 0.346381 -2.63103 38.3812
    endloop
  endfacet
  facet normal 0.0578837 -0.117378 0.991399
    outer loop
      vertex 0.585271 -1.01372 38.8847
      vertex 0.150171 -0.362547 38.9872
      vertex 0.447947 -1.08144 38.8847
    endloop
  endfacet
  facet normal 0.0169592 -0.258743 0.965797
    outer loop
      vertex 0 -1.17054 38.8847
      vertex 0 -1.92864 38.6816
      vertex 0.251738 -1.91214 38.6816
    endloop
  endfacet
  facet normal -0.245541 0.0833476 0.965797
    outer loop
      vertex -1.78183 0.738057 38.6816
      vertex -1.86292 0.499167 38.6816
      vertex -1.13066 0.302958 38.8847
    endloop
  endfacet
  facet normal -0.123928 -0.0420703 0.991399
    outer loop
      vertex -0.379047 -0.101565 38.9872
      vertex -1.13066 -0.302958 38.8847
      vertex -1.08144 -0.447947 38.8847
    endloop
  endfacet
  facet normal 0.252826 -0.288286 0.923564
    outer loop
      vertex 1.36375 -1.36375 38.6816
      vertex 1.17408 -1.53009 38.6816
      vertex 1.87647 -1.87647 38.3812
    endloop
  endfacet
  facet normal 0.343901 -0.169592 0.923564
    outer loop
      vertex 2.45173 -1.01554 38.3812
      vertex 1.78183 -0.738057 38.6816
      vertex 2.2982 -1.32687 38.3812
    endloop
  endfacet
  facet normal 0.382626 0.025079 0.923563
    outer loop
      vertex 2.65373 0 38.3812
      vertex 1.91214 0.251738 38.6816
      vertex 1.92864 0 38.6816
    endloop
  endfacet
  facet normal 0.382625 0.0250752 0.923563
    outer loop
      vertex 2.63103 0.346381 38.3812
      vertex 1.91214 0.251738 38.6816
      vertex 2.65373 0 38.3812
    endloop
  endfacet
  facet normal 0.00855911 0.130594 0.991399
    outer loop
      vertex 0 1.17054 38.8847
      vertex 0 0.392418 38.9872
      vertex 0.0512209 0.389061 38.9872
    endloop
  endfacet
  facet normal 0.170971 0.194951 0.965797
    outer loop
      vertex 1.17408 1.53009 38.6816
      vertex 0.827698 0.827698 38.8847
      vertex 1.36375 1.36375 38.6816
    endloop
  endfacet
  facet normal 0.170969 0.194952 0.965797
    outer loop
      vertex 1.17408 1.53009 38.6816
      vertex 0.712581 0.928653 38.8847
      vertex 0.827698 0.827698 38.8847
    endloop
  endfacet
  facet normal 0.0833535 0.245537 0.965797
    outer loop
      vertex 0.738057 1.78183 38.6816
      vertex 0.302958 1.13066 38.8847
      vertex 0.447947 1.08144 38.8847
    endloop
  endfacet
  facet normal 0.474208 0.160976 0.865571
    outer loop
      vertex 3.07968 1.27564 37.9888
      vertex 2.56331 0.686836 38.3812
      vertex 3.21984 0.862753 37.9888
    endloop
  endfacet
  facet normal 0.491165 0.0976922 0.865571
    outer loop
      vertex 3.21984 0.862753 37.9888
      vertex 2.56331 0.686836 38.3812
      vertex 3.3049 0.435099 37.9888
    endloop
  endfacet
  facet normal -0.720457 0.4814 -0.499195
    outer loop
      vertex -4.32044 2.49441 29.6666
      vertex -4.66029 2.69062 30.3463
      vertex -4.26922 3.27589 30.3463
    endloop
  endfacet
  facet normal -0.720459 0.481399 -0.499194
    outer loop
      vertex -3.95789 3.037 29.6666
      vertex -4.32044 2.49441 29.6666
      vertex -4.26922 3.27589 30.3463
    endloop
  endfacet
  facet normal -0.278225 0.416402 -0.865563
    outer loop
      vertex -2.02926 2.64458 28.0112
      vertex -1.64158 2.50347 27.8187
      vertex -1.82628 2.38006 27.8187
    endloop
  endfacet
  facet normal -0.278229 0.416396 -0.865565
    outer loop
      vertex -1.64158 2.50347 27.8187
      vertex -2.02926 2.64458 28.0112
      vertex -1.66671 2.88683 28.0112
    endloop
  endfacet
  facet normal -0.278251 0.416392 -0.86556
    outer loop
      vertex -1.66671 2.88683 28.0112
      vertex -1.5 2.59808 27.8187
      vertex -1.64158 2.50347 27.8187
    endloop
  endfacet
  facet normal -0.416402 0.278225 -0.865563
    outer loop
      vertex -2.50347 1.64158 27.8187
      vertex -2.64458 2.02926 28.0112
      vertex -2.38006 1.82628 27.8187
    endloop
  endfacet
  facet normal -0.416396 0.278229 -0.865565
    outer loop
      vertex -2.64458 2.02926 28.0112
      vertex -2.50347 1.64158 27.8187
      vertex -2.88683 1.66671 28.0112
    endloop
  endfacet
  facet normal -0.532172 0.4667 -0.706388
    outer loop
      vertex -3.13857 2.40831 28.489
      vertex -3.57885 2.74615 29.0439
      vertex -3.18979 3.18979 29.0439
    endloop
  endfacet
  facet normal -0.160964 0.474233 -0.86556
    outer loop
      vertex -1.14805 2.77164 27.8187
      vertex -1.27564 3.07968 28.0112
      vertex -0.986804 2.82637 27.8187
    endloop
  endfacet
  facet normal -0.269621 0.546734 -0.792709
    outer loop
      vertex -1.66671 2.88683 28.0112
      vertex -1.97804 3.42606 28.489
      vertex -1.51392 3.65494 28.489
    endloop
  endfacet
  facet normal 0.221493 0.449161 -0.865561
    outer loop
      vertex 1.5 2.59808 27.8187
      vertex 1.34728 2.67339 27.8187
      vertex 1.66671 2.88683 28.0112
    endloop
  endfacet
  facet normal 0.278251 0.416392 -0.86556
    outer loop
      vertex 1.5 2.59808 27.8187
      vertex 1.66671 2.88683 28.0112
      vertex 1.64158 2.50347 27.8187
    endloop
  endfacet
  facet normal 0.0976875 0.491183 -0.865561
    outer loop
      vertex 0.558589 2.94111 27.8187
      vertex 0.862753 3.21984 28.0112
      vertex 0.776457 2.89778 27.8187
    endloop
  endfacet
  facet normal 0.0976947 0.491177 -0.865564
    outer loop
      vertex 0.862753 3.21984 28.0112
      vertex 0.558589 2.94111 27.8187
      vertex 0.435099 3.3049 28.0112
    endloop
  endfacet
  facet normal 0.0976998 0.491178 -0.865563
    outer loop
      vertex 0.558589 2.94111 27.8187
      vertex 0.391578 2.97433 27.8187
      vertex 0.435099 3.3049 28.0112
    endloop
  endfacet
  facet normal 0.16098 0.474219 -0.865565
    outer loop
      vertex 0.986804 2.82637 27.8187
      vertex 0.862753 3.21984 28.0112
      vertex 1.27564 3.07968 28.0112
    endloop
  endfacet
  facet normal 0.160992 0.474221 -0.865561
    outer loop
      vertex 0.862753 3.21984 28.0112
      vertex 0.986804 2.82637 27.8187
      vertex 0.776457 2.89778 27.8187
    endloop
  endfacet
  facet normal 0.11892 0.597892 -0.792706
    outer loop
      vertex 0.862753 3.21984 28.0112
      vertex 0.435099 3.3049 28.0112
      vertex 1.02391 3.82127 28.489
    endloop
  endfacet
  facet normal 0.441131 0.660193 -0.607905
    outer loop
      vertex 2.74615 3.57885 29.0439
      vertex 2.49441 4.32044 29.6666
      vertex 3.037 3.95789 29.6666
    endloop
  endfacet
  facet normal 0.523525 0.596969 -0.607905
    outer loop
      vertex 3.18979 3.18979 29.0439
      vertex 2.74615 3.57885 29.0439
      vertex 3.037 3.95789 29.6666
    endloop
  endfacet
  facet normal 0.221495 -0.449158 -0.865561
    outer loop
      vertex 1.27564 -3.07968 28.0112
      vertex 1.34728 -2.67339 27.8187
      vertex 1.66671 -2.88683 28.0112
    endloop
  endfacet
  facet normal 0.221502 -0.449159 -0.86556
    outer loop
      vertex 1.34728 -2.67339 27.8187
      vertex 1.27564 -3.07968 28.0112
      vertex 1.14805 -2.77164 27.8187
    endloop
  endfacet
  facet normal 0.506859 -0.338675 -0.792713
    outer loop
      vertex 3.13857 -2.40831 28.489
      vertex 2.64458 -2.02926 28.0112
      vertex 2.88683 -1.66671 28.0112
    endloop
  endfacet
  facet normal 0.39324 -0.58854 -0.706387
    outer loop
      vertex 2.25552 -3.90667 29.0439
      vertex 1.97804 -3.42606 28.489
      vertex 2.40831 -3.13857 28.489
    endloop
  endfacet
  facet normal 0.160964 -0.474233 -0.86556
    outer loop
      vertex 1.14805 -2.77164 27.8187
      vertex 1.27564 -3.07968 28.0112
      vertex 0.986804 -2.82637 27.8187
    endloop
  endfacet
  facet normal 0.491178 -0.0976998 -0.865563
    outer loop
      vertex 3.3049 -0.435099 28.0112
      vertex 2.94111 -0.558589 27.8187
      vertex 2.97433 -0.391578 27.8187
    endloop
  endfacet
  facet normal 0.506868 -0.33867 -0.792709
    outer loop
      vertex 3.13857 -2.40831 28.489
      vertex 2.88683 -1.66671 28.0112
      vertex 3.42606 -1.97804 28.489
    endloop
  endfacet
  facet normal 0.712116 -0.351187 -0.607913
    outer loop
      vertex 4.32044 -2.49441 29.6666
      vertex 3.90667 -2.25552 29.0439
      vertex 4.16766 -1.7263 29.0439
    endloop
  endfacet
  facet normal 0.449158 -0.221495 -0.865561
    outer loop
      vertex 2.67339 -1.34728 27.8187
      vertex 3.07968 -1.27564 28.0112
      vertex 2.88683 -1.66671 28.0112
    endloop
  endfacet
  facet normal 0.449159 -0.221502 -0.86556
    outer loop
      vertex 3.07968 -1.27564 28.0112
      vertex 2.67339 -1.34728 27.8187
      vertex 2.77164 -1.14805 27.8187
    endloop
  endfacet
  facet normal 0.597884 -0.118931 -0.792711
    outer loop
      vertex 3.82127 -1.02391 28.489
      vertex 3.3049 -0.435099 28.0112
      vertex 3.92223 -0.516371 28.489
    endloop
  endfacet
  facet normal 0.506859 0.338675 -0.792713
    outer loop
      vertex 2.88683 1.66671 28.0112
      vertex 2.64458 2.02926 28.0112
      vertex 3.13857 2.40831 28.489
    endloop
  endfacet
  facet normal 0.506868 0.33867 -0.792709
    outer loop
      vertex 3.42606 1.97804 28.489
      vertex 2.88683 1.66671 28.0112
      vertex 3.13857 2.40831 28.489
    endloop
  endfacet
  facet normal 0.499731 0.0327577 -0.865561
    outer loop
      vertex 2.98547 0.221661 27.8187
      vertex 3.33342 0 28.0112
      vertex 3 0 27.8187
    endloop
  endfacet
  facet normal 0.499731 0.0327565 -0.865561
    outer loop
      vertex 3.33342 0 28.0112
      vertex 2.98547 0.221661 27.8187
      vertex 3.3049 0.435099 28.0112
    endloop
  endfacet
  facet normal 0.608296 0.0398728 -0.792708
    outer loop
      vertex 3.33342 0 28.0112
      vertex 3.3049 0.435099 28.0112
      vertex 3.95607 0 28.489
    endloop
  endfacet
  facet normal 0.499728 0.0327629 -0.865563
    outer loop
      vertex 2.97433 0.391578 27.8187
      vertex 3.3049 0.435099 28.0112
      vertex 2.98547 0.221661 27.8187
    endloop
  endfacet
  facet normal 0.474221 0.160992 -0.865561
    outer loop
      vertex 2.82637 0.986804 27.8187
      vertex 3.21984 0.862753 28.0112
      vertex 2.89778 0.776457 27.8187
    endloop
  endfacet
  facet normal 0.474219 0.16098 -0.865565
    outer loop
      vertex 3.21984 0.862753 28.0112
      vertex 2.82637 0.986804 27.8187
      vertex 3.07968 1.27564 28.0112
    endloop
  endfacet
  facet normal 0.57725 0.195955 -0.792707
    outer loop
      vertex 3.21984 0.862753 28.0112
      vertex 3.07968 1.27564 28.0112
      vertex 3.82127 1.02391 28.489
    endloop
  endfacet
  facet normal 0.706306 0.0462907 -0.706392
    outer loop
      vertex 4.51104 0 29.0439
      vertex 3.92223 0.516371 28.489
      vertex 4.47245 0.588808 29.0439
    endloop
  endfacet
  facet normal 0.706304 0.0462871 -0.706393
    outer loop
      vertex 3.95607 0 28.489
      vertex 3.92223 0.516371 28.489
      vertex 4.51104 0 29.0439
    endloop
  endfacet
  facet normal 0.255222 0.751868 0.607912
    outer loop
      vertex 1.90914 4.60907 36.3334
      vertex 1.2912 4.81883 36.3334
      vertex 1.7263 4.16766 36.9561
    endloop
  endfacet
  facet normal 0.351186 0.712118 0.607912
    outer loop
      vertex 1.90914 4.60907 36.3334
      vertex 1.7263 4.16766 36.9561
      vertex 2.49441 4.32044 36.3334
    endloop
  endfacet
  facet normal 0.513445 0.768415 0.381984
    outer loop
      vertex 3.45873 4.5075 34.9286
      vertex 2.69062 4.66029 35.6537
      vertex 3.27589 4.26922 35.6537
    endloop
  endfacet
  facet normal 0.4814 0.720457 0.499195
    outer loop
      vertex 2.69062 4.66029 35.6537
      vertex 2.49441 4.32044 36.3334
      vertex 3.27589 4.26922 35.6537
    endloop
  endfacet
  facet normal 0.536712 0.803255 0.258307
    outer loop
      vertex 3.58239 4.66866 34.1705
      vertex 2.84079 4.92039 34.9286
      vertex 3.45873 4.5075 34.9286
    endloop
  endfacet
  facet normal 0.550833 0.824389 0.130251
    outer loop
      vertex 3.64475 4.74993 33.3924
      vertex 2.94236 5.09631 34.1705
      vertex 3.58239 4.66866 34.1705
    endloop
  endfacet
  facet normal 0.169039 0.849845 0.499189
    outer loop
      vertex 0.702392 5.3352 35.6537
      vertex 0.651171 4.94614 36.3334
      vertex 1.39277 5.19788 35.6537
    endloop
  endfacet
  facet normal 0.180291 0.906416 0.381976
    outer loop
      vertex 0.741594 5.63297 34.9286
      vertex 0.702392 5.3352 35.6537
      vertex 1.39277 5.19788 35.6537
    endloop
  endfacet
  facet normal 0.0631879 0.963994 0.258309
    outer loop
      vertex 0.768108 5.83437 34.1705
      vertex 0 5.68158 34.9286
      vertex 0.741594 5.63297 34.9286
    endloop
  endfacet
  facet normal 0.0631781 0.963997 0.258299
    outer loop
      vertex 0 5.88471 34.1705
      vertex 0 5.68158 34.9286
      vertex 0.768108 5.83437 34.1705
    endloop
  endfacet
  facet normal 0.555572 0.831468 -0
    outer loop
      vertex 3.64475 4.74993 32.6076
      vertex 2.99358 5.18503 33.3924
      vertex 3.64475 4.74993 33.3924
    endloop
  endfacet
  facet normal 0.555572 0.831468 0
    outer loop
      vertex 2.99358 5.18503 33.3924
      vertex 3.64475 4.74993 32.6076
      vertex 2.99358 5.18503 32.6076
    endloop
  endfacet
  facet normal 0.123254 0.363095 0.923564
    outer loop
      vertex 1.01554 2.45173 38.3812
      vertex 0.686836 2.56331 38.3812
      vertex 0.738057 1.78183 38.6816
    endloop
  endfacet
  facet normal 0.401937 0.458316 0.792712
    outer loop
      vertex 2.40831 3.13857 37.511
      vertex 2.02926 2.64458 37.9888
      vertex 2.79737 2.79737 37.511
    endloop
  endfacet
  facet normal 0.188472 0.947501 0.258302
    outer loop
      vertex 1.52308 5.68419 34.1705
      vertex 0.741594 5.63297 34.9286
      vertex 1.4705 5.48798 34.9286
    endloop
  endfacet
  facet normal 0.297054 0.875133 0.38197
    outer loop
      vertex 1.4705 5.48798 34.9286
      vertex 1.39277 5.19788 35.6537
      vertex 2.17425 5.2491 34.9286
    endloop
  endfacet
  facet normal 0.768415 0.513445 -0.381984
    outer loop
      vertex 4.66029 2.69062 30.3463
      vertex 4.26922 3.27589 30.3463
      vertex 4.5075 3.45873 31.0714
    endloop
  endfacet
  facet normal 0.58854 0.39324 -0.706387
    outer loop
      vertex 3.42606 1.97804 28.489
      vertex 3.13857 2.40831 28.489
      vertex 3.90667 2.25552 29.0439
    endloop
  endfacet
  facet normal 0.849845 0.169039 -0.499189
    outer loop
      vertex 5.3352 0.702392 30.3463
      vertex 4.94614 0.651171 29.6666
      vertex 5.19788 1.39277 30.3463
    endloop
  endfacet
  facet normal 0.720457 0.4814 -0.499195
    outer loop
      vertex 4.32044 2.49441 29.6666
      vertex 4.26922 3.27589 30.3463
      vertex 4.66029 2.69062 30.3463
    endloop
  endfacet
  facet normal 0.660195 0.441117 -0.607913
    outer loop
      vertex 3.90667 2.25552 29.0439
      vertex 3.57885 2.74615 29.0439
      vertex 4.32044 2.49441 29.6666
    endloop
  endfacet
  facet normal 0.660193 0.441131 -0.607905
    outer loop
      vertex 4.32044 2.49441 29.6666
      vertex 3.57885 2.74615 29.0439
      vertex 3.95789 3.037 29.6666
    endloop
  endfacet
  facet normal 0.972432 0.19342 -0.130249
    outer loop
      vertex 5.83437 0.768108 31.8295
      vertex 5.78315 1.54959 32.6076
      vertex 5.93593 0.78148 32.6076
    endloop
  endfacet
  facet normal 0.922193 0.0604474 -0.381976
    outer loop
      vertex 5.38124 0 30.3463
      vertex 5.3352 0.702392 30.3463
      vertex 5.63297 0.741594 31.0714
    endloop
  endfacet
  facet normal 0.824389 0.550833 0.130251
    outer loop
      vertex 4.74993 3.64475 33.3924
      vertex 4.66866 3.58239 34.1705
      vertex 5.09631 2.94236 34.1705
    endloop
  endfacet
  facet normal 0.824384 0.550839 -0.130257
    outer loop
      vertex 5.09631 2.94236 31.8295
      vertex 4.74993 3.64475 32.6076
      vertex 5.18503 2.99358 32.6076
    endloop
  endfacet
  facet normal 0.778748 0.154907 0.60791
    outer loop
      vertex 4.94614 0.651171 36.3334
      vertex 4.35733 1.16754 36.9561
      vertex 4.47245 0.588808 36.9561
    endloop
  endfacet
  facet normal 0.792306 0.0519271 0.60791
    outer loop
      vertex 4.94614 0.651171 36.3334
      vertex 4.47245 0.588808 36.9561
      vertex 4.51104 0 36.9561
    endloop
  endfacet
  facet normal 0.922193 0.0604479 -0.381977
    outer loop
      vertex 5.68158 0 31.0714
      vertex 5.38124 0 30.3463
      vertex 5.63297 0.741594 31.0714
    endloop
  endfacet
  facet normal 0.997859 -0.065402 0
    outer loop
      vertex 5.93593 -0.78148 33.3924
      vertex 5.98715 0 32.6076
      vertex 5.98715 0 33.3924
    endloop
  endfacet
  facet normal 0.997859 -0.065402 0
    outer loop
      vertex 5.98715 0 32.6076
      vertex 5.93593 -0.78148 33.3924
      vertex 5.93593 -0.78148 32.6076
    endloop
  endfacet
  facet normal 0.670258 0.227518 0.706392
    outer loop
      vertex 4.16766 1.7263 36.9561
      vertex 3.82127 1.02391 37.511
      vertex 4.35733 1.16754 36.9561
    endloop
  endfacet
  facet normal 0.670261 0.227515 0.70639
    outer loop
      vertex 4.16766 1.7263 36.9561
      vertex 3.65494 1.51392 37.511
      vertex 3.82127 1.02391 37.511
    endloop
  endfacet
  facet normal 0.608293 -0.039864 0.792711
    outer loop
      vertex 3.95607 0 37.511
      vertex 3.3049 -0.435099 37.9888
      vertex 3.92223 -0.516371 37.511
    endloop
  endfacet
  facet normal 0.706304 -0.0462871 0.706393
    outer loop
      vertex 3.95607 0 37.511
      vertex 3.92223 -0.516371 37.511
      vertex 4.51104 0 36.9561
    endloop
  endfacet
  facet normal 0.449145 0.221489 0.86557
    outer loop
      vertex 2.88683 1.66671 37.9888
      vertex 2.45173 1.01554 38.3812
      vertex 3.07968 1.27564 37.9888
    endloop
  endfacet
  facet normal 0.546734 0.269613 0.792711
    outer loop
      vertex 3.65494 1.51392 37.511
      vertex 2.88683 1.66671 37.9888
      vertex 3.07968 1.27564 37.9888
    endloop
  endfacet
  facet normal 0.634826 0.31307 0.706387
    outer loop
      vertex 3.90667 2.25552 36.9561
      vertex 3.42606 1.97804 37.511
      vertex 4.16766 1.7263 36.9561
    endloop
  endfacet
  facet normal 0.712116 0.351187 0.607913
    outer loop
      vertex 4.32044 2.49441 36.3334
      vertex 3.90667 2.25552 36.9561
      vertex 4.16766 1.7263 36.9561
    endloop
  endfacet
  facet normal 0.866431 0.427288 0.258307
    outer loop
      vertex 5.09631 2.94236 34.1705
      vertex 4.92039 2.84079 34.9286
      vertex 5.2491 2.17425 34.9286
    endloop
  endfacet
  facet normal 0.938861 0.318703 0.130261
    outer loop
      vertex 5.53141 2.29118 33.3924
      vertex 5.43676 2.25198 34.1705
      vertex 5.68419 1.52308 34.1705
    endloop
  endfacet
  facet normal 0.889234 0.438515 0.130258
    outer loop
      vertex 5.18503 2.99358 33.3924
      vertex 5.09631 2.94236 34.1705
      vertex 5.53141 2.29118 33.3924
    endloop
  endfacet
  facet normal 0.321444 0.946929 -0
    outer loop
      vertex 2.29118 5.53141 32.6076
      vertex 1.54959 5.78315 33.3924
      vertex 2.29118 5.53141 33.3924
    endloop
  endfacet
  facet normal 0.321444 0.946929 0
    outer loop
      vertex 1.54959 5.78315 33.3924
      vertex 2.29118 5.53141 32.6076
      vertex 1.54959 5.78315 32.6076
    endloop
  endfacet
  facet normal 0.318705 0.93886 -0.130264
    outer loop
      vertex 2.29118 5.53141 32.6076
      vertex 1.52308 5.68419 31.8295
      vertex 1.54959 5.78315 32.6076
    endloop
  endfacet
  facet normal 0.169039 0.849845 -0.499189
    outer loop
      vertex 1.39277 5.19788 30.3463
      vertex 0.651171 4.94614 29.6666
      vertex 0.702392 5.3352 30.3463
    endloop
  endfacet
  facet normal 0.0566748 0.864638 -0.499189
    outer loop
      vertex 0.651171 4.94614 29.6666
      vertex 0 5.38124 30.3463
      vertex 0.702392 5.3352 30.3463
    endloop
  endfacet
  facet normal -0.442283 0.896875 0
    outer loop
      vertex -2.29118 5.53141 32.6076
      vertex -2.99358 5.18503 33.3924
      vertex -2.29118 5.53141 33.3924
    endloop
  endfacet
  facet normal -0.442283 0.896875 0
    outer loop
      vertex -2.99358 5.18503 33.3924
      vertex -2.29118 5.53141 32.6076
      vertex -2.99358 5.18503 32.6076
    endloop
  endfacet
  facet normal -0.0648448 0.989359 -0.130249
    outer loop
      vertex -0.768108 5.83437 31.8295
      vertex -0.78148 5.93593 32.6076
      vertex 0 5.98715 32.6076
    endloop
  endfacet
  facet normal -0.438515 0.889234 0.130258
    outer loop
      vertex -2.29118 5.53141 33.3924
      vertex -2.99358 5.18503 33.3924
      vertex -2.94236 5.09631 34.1705
    endloop
  endfacet
  facet normal -0.310534 0.914798 -0.258289
    outer loop
      vertex -2.17425 5.2491 31.0714
      vertex -2.25198 5.43676 31.8295
      vertex -1.52308 5.68419 31.8295
    endloop
  endfacet
  facet normal 0.0505852 0.254318 0.965797
    outer loop
      vertex 0.251738 1.91214 38.6816
      vertex 0.152786 1.16053 38.8847
      vertex 0.302958 1.13066 38.8847
    endloop
  endfacet
  facet normal -0.0505904 0.254318 0.965797
    outer loop
      vertex -0.251738 1.91214 38.6816
      vertex -0.499167 1.86292 38.6816
      vertex -0.302958 1.13066 38.8847
    endloop
  endfacet
  facet normal -0.252826 0.288285 0.923564
    outer loop
      vertex -1.61549 2.10535 38.3812
      vertex -1.87647 1.87647 38.3812
      vertex -1.17408 1.53009 38.6816
    endloop
  endfacet
  facet normal -0.330198 0.376507 0.86557
    outer loop
      vertex -1.61549 2.10535 38.3812
      vertex -2.02926 2.64458 37.9888
      vertex -1.87647 1.87647 38.3812
    endloop
  endfacet
  facet normal 0.0727105 -0.108818 0.991399
    outer loop
      vertex 0.712581 -0.928653 38.8847
      vertex 0.238889 -0.311326 38.9872
      vertex 0.585271 -1.01372 38.8847
    endloop
  endfacet
  facet normal 0.0169521 0.258746 0.965797
    outer loop
      vertex 0.251738 1.91214 38.6816
      vertex 0 1.17054 38.8847
      vertex 0.152786 1.16053 38.8847
    endloop
  endfacet
  facet normal -0.144061 -0.215599 0.965797
    outer loop
      vertex -0.712581 -0.928653 38.8847
      vertex -1.17408 -1.53009 38.6816
      vertex -0.585271 -1.01372 38.8847
    endloop
  endfacet
  facet normal -0.0862915 -0.0983965 0.991399
    outer loop
      vertex -0.238889 -0.311326 38.9872
      vertex -0.827698 -0.827698 38.8847
      vertex -0.712581 -0.928653 38.8847
    endloop
  endfacet
  facet normal -0.130594 0.00855911 0.991399
    outer loop
      vertex -0.389061 0.0512209 38.9872
      vertex -1.17054 0 38.8847
      vertex -0.392418 0 38.9872
    endloop
  endfacet
  facet normal -0.130594 -0.00855607 0.991399
    outer loop
      vertex -0.389061 -0.0512209 38.9872
      vertex -1.17054 0 38.8847
      vertex -1.16053 -0.152786 38.8847
    endloop
  endfacet
  facet normal -0.169594 -0.3439 0.923564
    outer loop
      vertex -0.964318 -1.67025 38.6816
      vertex -1.32687 -2.2982 38.3812
      vertex -0.738057 -1.78183 38.6816
    endloop
  endfacet
  facet normal -0.108818 -0.0727101 0.991399
    outer loop
      vertex -0.339844 -0.196209 38.9872
      vertex -1.01372 -0.585271 38.8847
      vertex -0.311326 -0.238889 38.9872
    endloop
  endfacet
  facet normal -0.232559 0.114684 0.965797
    outer loop
      vertex -1.01372 0.585271 38.8847
      vertex -1.78183 0.738057 38.6816
      vertex -1.08144 0.447947 38.8847
    endloop
  endfacet
  facet normal -0.117378 0.0578837 0.991399
    outer loop
      vertex -1.01372 0.585271 38.8847
      vertex -1.08144 0.447947 38.8847
      vertex -0.362547 0.150171 38.9872
    endloop
  endfacet
  facet normal 0.117378 -0.0578833 0.991399
    outer loop
      vertex 0.362547 -0.150171 38.9872
      vertex 0.339844 -0.196209 38.9872
      vertex 1.01372 -0.585271 38.8847
    endloop
  endfacet
  facet normal -0.215599 0.144061 0.965797
    outer loop
      vertex -0.928653 0.712581 38.8847
      vertex -1.53009 1.17408 38.6816
      vertex -1.01372 0.585271 38.8847
    endloop
  endfacet
  facet normal -0.108818 0.0727105 0.991399
    outer loop
      vertex -0.928653 0.712581 38.8847
      vertex -1.01372 0.585271 38.8847
      vertex -0.311326 0.238889 38.9872
    endloop
  endfacet
  facet normal -0.824384 -0.550839 0.130257
    outer loop
      vertex -5.09631 -2.94236 34.1705
      vertex -5.18503 -2.99358 33.3924
      vertex -4.74993 -3.64475 33.3924
    endloop
  endfacet
  facet normal -0.889234 -0.438515 0.130258
    outer loop
      vertex -5.09631 -2.94236 34.1705
      vertex -5.53141 -2.29118 33.3924
      vertex -5.18503 -2.99358 33.3924
    endloop
  endfacet
  facet normal -0.803255 -0.536712 -0.258307
    outer loop
      vertex -4.66866 -3.58239 31.8295
      vertex -5.09631 -2.94236 31.8295
      vertex -4.92039 -2.84079 31.0714
    endloop
  endfacet
  facet normal -0.726318 -0.636976 -0.258308
    outer loop
      vertex -4.16112 -4.16112 31.8295
      vertex -4.5075 -3.45873 31.0714
      vertex -4.01748 -4.01748 31.0714
    endloop
  endfacet
  facet normal -0.577249 -0.195942 0.792711
    outer loop
      vertex -3.07968 -1.27564 37.9888
      vertex -3.82127 -1.02391 37.511
      vertex -3.65494 -1.51392 37.511
    endloop
  endfacet
  facet normal -0.778748 -0.154907 0.60791
    outer loop
      vertex -4.47245 -0.588808 36.9561
      vertex -4.94614 -0.651171 36.3334
      vertex -4.35733 -1.16754 36.9561
    endloop
  endfacet
  facet normal -0.651472 0.571311 -0.499188
    outer loop
      vertex -3.52763 3.52763 29.6666
      vertex -3.95789 3.037 29.6666
      vertex -3.80511 3.80511 30.3463
    endloop
  endfacet
  facet normal -0.571315 0.651464 -0.499193
    outer loop
      vertex -3.037 3.95789 29.6666
      vertex -3.80511 3.80511 30.3463
      vertex -3.27589 4.26922 30.3463
    endloop
  endfacet
  facet normal -0.513439 0.768424 -0.381975
    outer loop
      vertex -2.69062 4.66029 30.3463
      vertex -3.45873 4.5075 31.0714
      vertex -2.84079 4.92039 31.0714
    endloop
  endfacet
  facet normal -0.255222 0.751868 -0.607912
    outer loop
      vertex -1.7263 4.16766 29.0439
      vertex -1.90914 4.60907 29.6666
      vertex -1.2912 4.81883 29.6666
    endloop
  endfacet
  facet normal -0.803255 0.536712 0.258307
    outer loop
      vertex -4.66866 3.58239 34.1705
      vertex -5.09631 2.94236 34.1705
      vertex -4.92039 2.84079 34.9286
    endloop
  endfacet
  facet normal -0.803255 0.536712 0.258307
    outer loop
      vertex -4.66866 3.58239 34.1705
      vertex -4.92039 2.84079 34.9286
      vertex -4.5075 3.45873 34.9286
    endloop
  endfacet
  facet normal -0.653733 0.745429 0.13026
    outer loop
      vertex -3.58239 4.66866 34.1705
      vertex -4.23356 4.23356 33.3924
      vertex -4.16112 4.16112 34.1705
    endloop
  endfacet
  facet normal -0.653727 0.745437 0.130251
    outer loop
      vertex -3.64475 4.74993 33.3924
      vertex -4.23356 4.23356 33.3924
      vertex -3.58239 4.66866 34.1705
    endloop
  endfacet
  facet normal -0.824384 0.550839 -0.130257
    outer loop
      vertex -5.09631 2.94236 31.8295
      vertex -5.18503 2.99358 32.6076
      vertex -4.74993 3.64475 32.6076
    endloop
  endfacet
  facet normal -0.831468 0.555572 0
    outer loop
      vertex -5.18503 2.99358 32.6076
      vertex -4.74993 3.64475 33.3924
      vertex -4.74993 3.64475 32.6076
    endloop
  endfacet
  facet normal -0.831468 0.555572 0
    outer loop
      vertex -4.74993 3.64475 33.3924
      vertex -5.18503 2.99358 32.6076
      vertex -5.18503 2.99358 33.3924
    endloop
  endfacet
  facet normal -0.745429 0.653733 -0.13026
    outer loop
      vertex -4.16112 4.16112 31.8295
      vertex -4.66866 3.58239 31.8295
      vertex -4.23356 4.23356 32.6076
    endloop
  endfacet
  facet normal -0.72632 0.636975 -0.258306
    outer loop
      vertex -4.5075 3.45873 31.0714
      vertex -4.66866 3.58239 31.8295
      vertex -4.16112 4.16112 31.8295
    endloop
  endfacet
  facet normal -0.555572 0.831468 0
    outer loop
      vertex -2.99358 5.18503 32.6076
      vertex -3.64475 4.74993 33.3924
      vertex -2.99358 5.18503 33.3924
    endloop
  endfacet
  facet normal -0.555572 0.831468 0
    outer loop
      vertex -3.64475 4.74993 33.3924
      vertex -2.99358 5.18503 32.6076
      vertex -3.64475 4.74993 32.6076
    endloop
  endfacet
  facet normal -0.258743 0.0169592 0.965797
    outer loop
      vertex -1.91214 0.251738 38.6816
      vertex -1.92864 0 38.6816
      vertex -1.17054 0 38.8847
    endloop
  endfacet
  facet normal -0.258743 -0.0169592 0.965797
    outer loop
      vertex -1.17054 0 38.8847
      vertex -1.92864 0 38.6816
      vertex -1.91214 -0.251738 38.6816
    endloop
  endfacet
  facet normal -0.491165 -0.0976922 0.865571
    outer loop
      vertex -2.56331 -0.686836 38.3812
      vertex -3.3049 -0.435099 37.9888
      vertex -3.21984 -0.862753 37.9888
    endloop
  endfacet
  facet normal -0.382625 -0.0250752 0.923563
    outer loop
      vertex -1.91214 -0.251738 38.6816
      vertex -2.65373 0 38.3812
      vertex -2.63103 -0.346381 38.3812
    endloop
  endfacet
  facet normal -0.458316 0.401937 0.792712
    outer loop
      vertex -2.79737 2.79737 37.511
      vertex -3.13857 2.40831 37.511
      vertex -2.64458 2.02926 37.9888
    endloop
  endfacet
  facet normal -0.506859 0.338675 0.792713
    outer loop
      vertex -2.64458 2.02926 37.9888
      vertex -3.13857 2.40831 37.511
      vertex -2.88683 1.66671 37.9888
    endloop
  endfacet
  facet normal -0.376507 0.330198 0.86557
    outer loop
      vertex -1.87647 1.87647 38.3812
      vertex -2.64458 2.02926 37.9888
      vertex -2.10535 1.61549 38.3812
    endloop
  endfacet
  facet normal -0.288285 0.252826 0.923564
    outer loop
      vertex -1.87647 1.87647 38.3812
      vertex -2.10535 1.61549 38.3812
      vertex -1.53009 1.17408 38.6816
    endloop
  endfacet
  facet normal -0.278224 0.416388 0.86557
    outer loop
      vertex -1.66671 2.88683 37.9888
      vertex -2.02926 2.64458 37.9888
      vertex -1.61549 2.10535 38.3812
    endloop
  endfacet
  facet normal -0.338675 0.506859 0.792713
    outer loop
      vertex -1.66671 2.88683 37.9888
      vertex -2.40831 3.13857 37.511
      vertex -2.02926 2.64458 37.9888
    endloop
  endfacet
  facet normal -0.221491 0.449142 0.865571
    outer loop
      vertex -1.01554 2.45173 38.3812
      vertex -1.66671 2.88683 37.9888
      vertex -1.32687 2.2982 38.3812
    endloop
  endfacet
  facet normal -0.278222 0.416389 0.865571
    outer loop
      vertex -1.32687 2.2982 38.3812
      vertex -1.66671 2.88683 37.9888
      vertex -1.61549 2.10535 38.3812
    endloop
  endfacet
  facet normal -0.441131 0.660193 0.607905
    outer loop
      vertex -2.49441 4.32044 36.3334
      vertex -3.037 3.95789 36.3334
      vertex -2.74615 3.57885 36.9561
    endloop
  endfacet
  facet normal 0.0519304 0.792304 0.607912
    outer loop
      vertex 0 4.98882 36.3334
      vertex 0 4.51104 36.9561
      vertex 0.651171 4.94614 36.3334
    endloop
  endfacet
  facet normal 0.138094 0.694219 0.706393
    outer loop
      vertex 1.16754 4.35733 36.9561
      vertex 0.516371 3.92223 37.511
      vertex 1.02391 3.82127 37.511
    endloop
  endfacet
  facet normal 0.227518 0.670258 0.706392
    outer loop
      vertex 1.16754 4.35733 36.9561
      vertex 1.02391 3.82127 37.511
      vertex 1.7263 4.16766 36.9561
    endloop
  endfacet
  facet normal 0.0327488 0.499717 0.86557
    outer loop
      vertex 0.435099 3.3049 37.9888
      vertex 0 2.65373 38.3812
      vertex 0.346381 2.63103 38.3812
    endloop
  endfacet
  facet normal -0.0327554 0.499713 0.865571
    outer loop
      vertex 0 3.33342 37.9888
      vertex -0.435099 3.3049 37.9888
      vertex 0 2.65373 38.3812
    endloop
  endfacet
  facet normal 0.227515 0.670261 0.70639
    outer loop
      vertex 1.7263 4.16766 36.9561
      vertex 1.02391 3.82127 37.511
      vertex 1.51392 3.65494 37.511
    endloop
  endfacet
  facet normal 0.195942 0.577249 0.792711
    outer loop
      vertex 1.51392 3.65494 37.511
      vertex 1.02391 3.82127 37.511
      vertex 1.27564 3.07968 37.9888
    endloop
  endfacet
  facet normal -0.0976922 0.491165 0.865571
    outer loop
      vertex -0.435099 3.3049 37.9888
      vertex -0.862753 3.21984 37.9888
      vertex -0.686836 2.56331 38.3812
    endloop
  endfacet
  facet normal -0.11892 0.597892 0.792706
    outer loop
      vertex -0.435099 3.3049 37.9888
      vertex -1.02391 3.82127 37.511
      vertex -0.862753 3.21984 37.9888
    endloop
  endfacet
  facet normal -0.792306 -0.0519271 0.60791
    outer loop
      vertex -4.51104 0 36.9561
      vertex -4.94614 -0.651171 36.3334
      vertex -4.47245 -0.588808 36.9561
    endloop
  endfacet
  facet normal -0.706306 -0.0462907 0.706392
    outer loop
      vertex -3.92223 -0.516371 37.511
      vertex -4.51104 0 36.9561
      vertex -4.47245 -0.588808 36.9561
    endloop
  endfacet
  facet normal -0.828869 0.408743 0.381975
    outer loop
      vertex -4.92039 2.84079 34.9286
      vertex -4.97161 2.05931 35.6537
      vertex -4.66029 2.69062 35.6537
    endloop
  endfacet
  facet normal -0.777135 0.383231 0.499195
    outer loop
      vertex -4.66029 2.69062 35.6537
      vertex -4.97161 2.05931 35.6537
      vertex -4.32044 2.49441 36.3334
    endloop
  endfacet
  facet normal -0.712118 -0.351186 0.607912
    outer loop
      vertex -4.16766 -1.7263 36.9561
      vertex -4.60907 -1.90914 36.3334
      vertex -4.32044 -2.49441 36.3334
    endloop
  endfacet
  facet normal -0.712116 -0.351187 0.607913
    outer loop
      vertex -4.16766 -1.7263 36.9561
      vertex -4.32044 -2.49441 36.3334
      vertex -3.90667 -2.25552 36.9561
    endloop
  endfacet
  facet normal -0.571315 0.651464 0.499193
    outer loop
      vertex -3.27589 4.26922 35.6537
      vertex -3.80511 3.80511 35.6537
      vertex -3.037 3.95789 36.3334
    endloop
  endfacet
  facet normal -0.571311 0.651472 0.499188
    outer loop
      vertex -3.037 3.95789 36.3334
      vertex -3.80511 3.80511 35.6537
      vertex -3.52763 3.52763 36.3334
    endloop
  endfacet
  facet normal -0.536712 0.803255 0.258307
    outer loop
      vertex -2.94236 5.09631 34.1705
      vertex -3.58239 4.66866 34.1705
      vertex -2.84079 4.92039 34.9286
    endloop
  endfacet
  facet normal -0.536712 0.803255 0.258307
    outer loop
      vertex -2.84079 4.92039 34.9286
      vertex -3.58239 4.66866 34.1705
      vertex -3.45873 4.5075 34.9286
    endloop
  endfacet
  facet normal -0.58854 0.39324 0.706388
    outer loop
      vertex -3.57885 2.74615 36.9561
      vertex -3.90667 2.25552 36.9561
      vertex -3.13857 2.40831 37.511
    endloop
  endfacet
  facet normal -0.660195 0.441117 0.607913
    outer loop
      vertex -3.57885 2.74615 36.9561
      vertex -4.32044 2.49441 36.3334
      vertex -3.90667 2.25552 36.9561
    endloop
  endfacet
  facet normal -0.532172 0.4667 0.706388
    outer loop
      vertex -3.18979 3.18979 36.9561
      vertex -3.57885 2.74615 36.9561
      vertex -3.13857 2.40831 37.511
    endloop
  endfacet
  facet normal -0.466702 0.532167 0.706391
    outer loop
      vertex -2.40831 3.13857 37.511
      vertex -3.18979 3.18979 36.9561
      vertex -2.79737 2.79737 37.511
    endloop
  endfacet
  facet normal -0.31307 0.634826 0.706387
    outer loop
      vertex -1.7263 4.16766 36.9561
      vertex -2.25552 3.90667 36.9561
      vertex -1.97804 3.42606 37.511
    endloop
  endfacet
  facet normal -0.351187 0.712116 0.607913
    outer loop
      vertex -1.7263 4.16766 36.9561
      vertex -2.49441 4.32044 36.3334
      vertex -2.25552 3.90667 36.9561
    endloop
  endfacet
  facet normal -0.513445 0.768415 0.381984
    outer loop
      vertex -2.69062 4.66029 35.6537
      vertex -3.45873 4.5075 34.9286
      vertex -3.27589 4.26922 35.6537
    endloop
  endfacet
  facet normal -0.25522 0.751867 0.607913
    outer loop
      vertex -1.2912 4.81883 36.3334
      vertex -1.7263 4.16766 36.9561
      vertex -1.16754 4.35733 36.9561
    endloop
  endfacet
  facet normal -0.906417 0.180299 -0.38197
    outer loop
      vertex -5.19788 1.39277 30.3463
      vertex -5.63297 0.741594 31.0714
      vertex -5.48798 1.4705 31.0714
    endloop
  endfacet
  facet normal -0.947501 0.188472 -0.258302
    outer loop
      vertex -5.63297 0.741594 31.0714
      vertex -5.68419 1.52308 31.8295
      vertex -5.48798 1.4705 31.0714
    endloop
  endfacet
  facet normal -0.963994 -0.0631879 -0.258309
    outer loop
      vertex -5.63297 -0.741594 31.0714
      vertex -5.83437 -0.768108 31.8295
      vertex -5.68158 0 31.0714
    endloop
  endfacet
  facet normal -0.989358 0.0648402 -0.130253
    outer loop
      vertex -5.88471 0 31.8295
      vertex -5.98715 0 32.6076
      vertex -5.83437 0.768108 31.8295
    endloop
  endfacet
  facet normal -0.972427 -0.193436 0.130265
    outer loop
      vertex -5.68419 -1.52308 34.1705
      vertex -5.83437 -0.768108 34.1705
      vertex -5.78315 -1.54959 33.3924
    endloop
  endfacet
  facet normal -0.972432 -0.19342 0.130249
    outer loop
      vertex -5.83437 -0.768108 34.1705
      vertex -5.93593 -0.78148 33.3924
      vertex -5.78315 -1.54959 33.3924
    endloop
  endfacet
  facet normal -0.972432 -0.19342 -0.130249
    outer loop
      vertex -5.78315 -1.54959 32.6076
      vertex -5.93593 -0.78148 32.6076
      vertex -5.83437 -0.768108 31.8295
    endloop
  endfacet
  facet normal -0.989359 -0.0648448 -0.130249
    outer loop
      vertex -5.93593 -0.78148 32.6076
      vertex -5.98715 0 32.6076
      vertex -5.83437 -0.768108 31.8295
    endloop
  endfacet
  facet normal 0.39324 -0.58854 -0.706388
    outer loop
      vertex 2.74615 -3.57885 29.0439
      vertex 2.25552 -3.90667 29.0439
      vertex 2.40831 -3.13857 28.489
    endloop
  endfacet
  facet normal 0.441117 -0.660195 -0.607913
    outer loop
      vertex 2.49441 -4.32044 29.6666
      vertex 2.25552 -3.90667 29.0439
      vertex 2.74615 -3.57885 29.0439
    endloop
  endfacet
  facet normal 0.138094 -0.694219 -0.706393
    outer loop
      vertex 1.16754 -4.35733 29.0439
      vertex 0.516371 -3.92223 28.489
      vertex 1.02391 -3.82127 28.489
    endloop
  endfacet
  facet normal 0.227518 -0.670258 -0.706392
    outer loop
      vertex 1.16754 -4.35733 29.0439
      vertex 1.02391 -3.82127 28.489
      vertex 1.7263 -4.16766 29.0439
    endloop
  endfacet
  facet normal 0.792304 0.0519304 -0.607912
    outer loop
      vertex 4.98882 0 29.6666
      vertex 4.51104 0 29.0439
      vertex 4.94614 0.651171 29.6666
    endloop
  endfacet
  facet normal 0.864636 0.0566713 -0.499192
    outer loop
      vertex 4.98882 0 29.6666
      vertex 4.94614 0.651171 29.6666
      vertex 5.38124 0 30.3463
    endloop
  endfacet
  facet normal -0.458309 -0.40194 -0.792715
    outer loop
      vertex -2.35708 -2.35708 28.0112
      vertex -2.79737 -2.79737 28.489
      vertex -2.64458 -2.02926 28.0112
    endloop
  endfacet
  facet normal -0.441131 -0.660193 -0.607905
    outer loop
      vertex -2.49441 -4.32044 29.6666
      vertex -3.037 -3.95789 29.6666
      vertex -2.74615 -3.57885 29.0439
    endloop
  endfacet
  facet normal 0.0976875 -0.491183 -0.865561
    outer loop
      vertex 0.862753 -3.21984 28.0112
      vertex 0.558589 -2.94111 27.8187
      vertex 0.776457 -2.89778 27.8187
    endloop
  endfacet
  facet normal 0.0976947 -0.491177 -0.865564
    outer loop
      vertex 0.558589 -2.94111 27.8187
      vertex 0.862753 -3.21984 28.0112
      vertex 0.435099 -3.3049 28.0112
    endloop
  endfacet
  facet normal -0.160964 -0.474233 -0.86556
    outer loop
      vertex -1.27564 -3.07968 28.0112
      vertex -1.14805 -2.77164 27.8187
      vertex -0.986804 -2.82637 27.8187
    endloop
  endfacet
  facet normal -0.221502 -0.449159 -0.86556
    outer loop
      vertex -1.27564 -3.07968 28.0112
      vertex -1.34728 -2.67339 27.8187
      vertex -1.14805 -2.77164 27.8187
    endloop
  endfacet
  facet normal -0.221495 -0.449158 -0.865561
    outer loop
      vertex -1.34728 -2.67339 27.8187
      vertex -1.27564 -3.07968 28.0112
      vertex -1.66671 -2.88683 28.0112
    endloop
  endfacet
  facet normal -0.0327577 -0.499731 -0.865561
    outer loop
      vertex 0 -3.33342 28.0112
      vertex -0.221661 -2.98547 27.8187
      vertex 0 -3 27.8187
    endloop
  endfacet
  facet normal -0.0327565 -0.499731 -0.865561
    outer loop
      vertex -0.221661 -2.98547 27.8187
      vertex 0 -3.33342 28.0112
      vertex -0.435099 -3.3049 28.0112
    endloop
  endfacet
  facet normal -0.0976998 -0.491178 -0.865563
    outer loop
      vertex -0.435099 -3.3049 28.0112
      vertex -0.558589 -2.94111 27.8187
      vertex -0.391578 -2.97433 27.8187
    endloop
  endfacet
  facet normal -0.609344 -0.694829 -0.381984
    outer loop
      vertex -3.45873 -4.5075 31.0714
      vertex -3.80511 -3.80511 30.3463
      vertex -3.27589 -4.26922 30.3463
    endloop
  endfacet
  facet normal -0.609356 -0.694824 -0.381973
    outer loop
      vertex -3.45873 -4.5075 31.0714
      vertex -4.01748 -4.01748 31.0714
      vertex -3.80511 -3.80511 30.3463
    endloop
  endfacet
  facet normal -0.922193 -0.0604474 -0.381976
    outer loop
      vertex -5.3352 -0.702392 30.3463
      vertex -5.63297 -0.741594 31.0714
      vertex -5.38124 0 30.3463
    endloop
  endfacet
  facet normal -0.849841 0.169044 -0.499194
    outer loop
      vertex -4.94614 0.651171 29.6666
      vertex -5.19788 1.39277 30.3463
      vertex -4.81883 1.2912 29.6666
    endloop
  endfacet
  facet normal -0.712116 -0.351187 -0.607913
    outer loop
      vertex -3.90667 -2.25552 29.0439
      vertex -4.32044 -2.49441 29.6666
      vertex -4.16766 -1.7263 29.0439
    endloop
  endfacet
  facet normal -0.660193 -0.441131 -0.607905
    outer loop
      vertex -3.95789 -3.037 29.6666
      vertex -4.32044 -2.49441 29.6666
      vertex -3.57885 -2.74615 29.0439
    endloop
  endfacet
  facet normal -0.376533 -0.330202 -0.865557
    outer loop
      vertex -2.35708 -2.35708 28.0112
      vertex -2.26778 -1.95431 27.8187
      vertex -2.12132 -2.12132 27.8187
    endloop
  endfacet
  facet normal -0.376517 -0.330208 -0.865562
    outer loop
      vertex -2.26778 -1.95431 27.8187
      vertex -2.35708 -2.35708 28.0112
      vertex -2.64458 -2.02926 28.0112
    endloop
  endfacet
  facet normal -0.532167 -0.466702 -0.706391
    outer loop
      vertex -2.79737 -2.79737 28.489
      vertex -3.18979 -3.18979 29.0439
      vertex -3.13857 -2.40831 28.489
    endloop
  endfacet
  facet normal -0.376519 -0.330201 -0.865564
    outer loop
      vertex -2.64458 -2.02926 28.0112
      vertex -2.38006 -1.82628 27.8187
      vertex -2.26778 -1.95431 27.8187
    endloop
  endfacet
  facet normal -0.40194 -0.458309 -0.792715
    outer loop
      vertex -2.02926 -2.64458 28.0112
      vertex -2.79737 -2.79737 28.489
      vertex -2.35708 -2.35708 28.0112
    endloop
  endfacet
  facet normal -0.401937 -0.458316 -0.792712
    outer loop
      vertex -2.40831 -3.13857 28.489
      vertex -2.79737 -2.79737 28.489
      vertex -2.02926 -2.64458 28.0112
    endloop
  endfacet
  facet normal -0.458316 -0.401937 -0.792712
    outer loop
      vertex -2.79737 -2.79737 28.489
      vertex -3.13857 -2.40831 28.489
      vertex -2.64458 -2.02926 28.0112
    endloop
  endfacet
  facet normal -0.506859 -0.338675 -0.792713
    outer loop
      vertex -2.64458 -2.02926 28.0112
      vertex -3.13857 -2.40831 28.489
      vertex -2.88683 -1.66671 28.0112
    endloop
  endfacet
  facet normal -0.751868 0.255222 -0.607912
    outer loop
      vertex -4.16766 1.7263 29.0439
      vertex -4.81883 1.2912 29.6666
      vertex -4.60907 1.90914 29.6666
    endloop
  endfacet
  facet normal -0.449159 0.221502 -0.86556
    outer loop
      vertex -3.07968 1.27564 28.0112
      vertex -2.67339 1.34728 27.8187
      vertex -2.77164 1.14805 27.8187
    endloop
  endfacet
  facet normal -0.449158 0.221495 -0.865561
    outer loop
      vertex -2.67339 1.34728 27.8187
      vertex -3.07968 1.27564 28.0112
      vertex -2.88683 1.66671 28.0112
    endloop
  endfacet
  facet normal -0.546734 -0.269613 -0.792711
    outer loop
      vertex -2.88683 -1.66671 28.0112
      vertex -3.65494 -1.51392 28.489
      vertex -3.07968 -1.27564 28.0112
    endloop
  endfacet
  facet normal -0.499728 -0.0327629 -0.865563
    outer loop
      vertex -2.97433 -0.391578 27.8187
      vertex -3.3049 -0.435099 28.0112
      vertex -2.98547 -0.221661 27.8187
    endloop
  endfacet
  facet normal -0.670261 -0.227515 -0.70639
    outer loop
      vertex -3.65494 -1.51392 28.489
      vertex -4.16766 -1.7263 29.0439
      vertex -3.82127 -1.02391 28.489
    endloop
  endfacet
  facet normal -0.278523 -0.820513 0.499183
    outer loop
      vertex -1.90914 -4.60907 36.3334
      vertex -2.05931 -4.97161 35.6537
      vertex -1.2912 -4.81883 36.3334
    endloop
  endfacet
  facet normal -0.383231 -0.777135 0.499195
    outer loop
      vertex -2.49441 -4.32044 36.3334
      vertex -2.69062 -4.66029 35.6537
      vertex -2.05931 -4.97161 35.6537
    endloop
  endfacet
  facet normal -0.438515 -0.889234 0.130258
    outer loop
      vertex -2.94236 -5.09631 34.1705
      vertex -2.99358 -5.18503 33.3924
      vertex -2.29118 -5.53141 33.3924
    endloop
  endfacet
  facet normal -0.438512 -0.889235 0.130261
    outer loop
      vertex -2.25198 -5.43676 34.1705
      vertex -2.94236 -5.09631 34.1705
      vertex -2.29118 -5.53141 33.3924
    endloop
  endfacet
  facet normal -0.441131 -0.660193 0.607905
    outer loop
      vertex -2.74615 -3.57885 36.9561
      vertex -3.037 -3.95789 36.3334
      vertex -2.49441 -4.32044 36.3334
    endloop
  endfacet
  facet normal -0.513445 -0.768415 0.381984
    outer loop
      vertex -3.27589 -4.26922 35.6537
      vertex -3.45873 -4.5075 34.9286
      vertex -2.69062 -4.66029 35.6537
    endloop
  endfacet
  facet normal -0.532167 -0.466702 0.706391
    outer loop
      vertex -3.13857 -2.40831 37.511
      vertex -3.18979 -3.18979 36.9561
      vertex -2.79737 -2.79737 37.511
    endloop
  endfacet
  facet normal -0.651472 -0.571311 0.499188
    outer loop
      vertex -3.52763 -3.52763 36.3334
      vertex -3.95789 -3.037 36.3334
      vertex -3.80511 -3.80511 35.6537
    endloop
  endfacet
  facet normal -0.768424 -0.513439 0.381975
    outer loop
      vertex -4.66029 -2.69062 35.6537
      vertex -4.92039 -2.84079 34.9286
      vertex -4.5075 -3.45873 34.9286
    endloop
  endfacet
  facet normal -0.694829 -0.609344 0.381984
    outer loop
      vertex -4.26922 -3.27589 35.6537
      vertex -4.5075 -3.45873 34.9286
      vertex -3.80511 -3.80511 35.6537
    endloop
  endfacet
  facet normal -0.427288 -0.866431 0.258307
    outer loop
      vertex -2.84079 -4.92039 34.9286
      vertex -2.94236 -5.09631 34.1705
      vertex -2.17425 -5.2491 34.9286
    endloop
  endfacet
  facet normal -0.427273 -0.866444 0.258289
    outer loop
      vertex -2.17425 -5.2491 34.9286
      vertex -2.94236 -5.09631 34.1705
      vertex -2.25198 -5.43676 34.1705
    endloop
  endfacet
  facet normal -0.0648448 -0.989359 0.130249
    outer loop
      vertex -0.768108 -5.83437 34.1705
      vertex -0.78148 -5.93593 33.3924
      vertex 0 -5.98715 33.3924
    endloop
  endfacet
  facet normal -0.169039 -0.849845 0.499189
    outer loop
      vertex -0.651171 -4.94614 36.3334
      vertex -1.39277 -5.19788 35.6537
      vertex -0.702392 -5.3352 35.6537
    endloop
  endfacet
  facet normal -0.169044 -0.849841 0.499194
    outer loop
      vertex -1.2912 -4.81883 36.3334
      vertex -1.39277 -5.19788 35.6537
      vertex -0.651171 -4.94614 36.3334
    endloop
  endfacet
  facet normal -0.820502 -0.278535 0.499194
    outer loop
      vertex -4.81883 -1.2912 36.3334
      vertex -5.19788 -1.39277 35.6537
      vertex -4.97161 -2.05931 35.6537
    endloop
  endfacet
  facet normal -0.875116 -0.297075 0.381991
    outer loop
      vertex -5.19788 -1.39277 35.6537
      vertex -5.2491 -2.17425 34.9286
      vertex -4.97161 -2.05931 35.6537
    endloop
  endfacet
  facet normal 0.0566713 -0.864636 -0.499192
    outer loop
      vertex 0.651171 -4.94614 29.6666
      vertex 0 -5.38124 30.3463
      vertex 0 -4.98882 29.6666
    endloop
  endfacet
  facet normal -0.0566748 -0.864638 -0.499189
    outer loop
      vertex 0 -5.38124 30.3463
      vertex -0.702392 -5.3352 30.3463
      vertex -0.651171 -4.94614 29.6666
    endloop
  endfacet
  facet normal -0.11892 -0.597892 -0.792706
    outer loop
      vertex -0.435099 -3.3049 28.0112
      vertex -1.02391 -3.82127 28.489
      vertex -0.862753 -3.21984 28.0112
    endloop
  endfacet
  facet normal -0.138094 -0.694219 -0.706393
    outer loop
      vertex -0.516371 -3.92223 28.489
      vertex -1.16754 -4.35733 29.0439
      vertex -1.02391 -3.82127 28.489
    endloop
  endfacet
  facet normal -0.169044 -0.849841 -0.499194
    outer loop
      vertex -0.651171 -4.94614 29.6666
      vertex -1.39277 -5.19788 30.3463
      vertex -1.2912 -4.81883 29.6666
    endloop
  endfacet
  facet normal -0.169039 -0.849845 -0.499189
    outer loop
      vertex -0.702392 -5.3352 30.3463
      vertex -1.39277 -5.19788 30.3463
      vertex -0.651171 -4.94614 29.6666
    endloop
  endfacet
  facet normal -0.438515 -0.889234 -0.130258
    outer loop
      vertex -2.29118 -5.53141 32.6076
      vertex -2.99358 -5.18503 32.6076
      vertex -2.94236 -5.09631 31.8295
    endloop
  endfacet
  facet normal -0.438512 -0.889235 -0.130261
    outer loop
      vertex -2.29118 -5.53141 32.6076
      vertex -2.94236 -5.09631 31.8295
      vertex -2.25198 -5.43676 31.8295
    endloop
  endfacet
  facet normal -0.245541 -0.0833476 0.965797
    outer loop
      vertex -1.13066 -0.302958 38.8847
      vertex -1.86292 -0.499167 38.6816
      vertex -1.78183 -0.738057 38.6816
    endloop
  endfacet
  facet normal -0.254318 -0.0505904 0.965797
    outer loop
      vertex -1.13066 -0.302958 38.8847
      vertex -1.91214 -0.251738 38.6816
      vertex -1.86292 -0.499167 38.6816
    endloop
  endfacet
  facet normal -0.376507 -0.330198 0.86557
    outer loop
      vertex -2.10535 -1.61549 38.3812
      vertex -2.64458 -2.02926 37.9888
      vertex -1.87647 -1.87647 38.3812
    endloop
  endfacet
  facet normal -0.288285 -0.252826 0.923564
    outer loop
      vertex -1.53009 -1.17408 38.6816
      vertex -2.10535 -1.61549 38.3812
      vertex -1.87647 -1.87647 38.3812
    endloop
  endfacet
  facet normal -0.3439 -0.169594 0.923564
    outer loop
      vertex -1.78183 -0.738057 38.6816
      vertex -2.2982 -1.32687 38.3812
      vertex -1.67025 -0.964318 38.6816
    endloop
  endfacet
  facet normal -0.31882 -0.213031 0.923564
    outer loop
      vertex -1.67025 -0.964318 38.6816
      vertex -2.10535 -1.61549 38.3812
      vertex -1.53009 -1.17408 38.6816
    endloop
  endfacet
  facet normal -0.343901 -0.169592 0.923564
    outer loop
      vertex -1.78183 -0.738057 38.6816
      vertex -2.45173 -1.01554 38.3812
      vertex -2.2982 -1.32687 38.3812
    endloop
  endfacet
  facet normal -0.363095 -0.123254 0.923564
    outer loop
      vertex -1.78183 -0.738057 38.6816
      vertex -2.56331 -0.686836 38.3812
      vertex -2.45173 -1.01554 38.3812
    endloop
  endfacet
  facet normal 0.0255321 -0.128359 0.991399
    outer loop
      vertex 0.101565 -0.379047 38.9872
      vertex 0.0512209 -0.389061 38.9872
      vertex 0.152786 -1.16053 38.8847
    endloop
  endfacet
  facet normal -0.0748058 -0.376078 0.923563
    outer loop
      vertex -0.251738 -1.91214 38.6816
      vertex -0.686836 -2.56331 38.3812
      vertex -0.346381 -2.63103 38.3812
    endloop
  endfacet
  facet normal -0.0833535 -0.245537 0.965797
    outer loop
      vertex -0.447947 -1.08144 38.8847
      vertex -0.738057 -1.78183 38.6816
      vertex -0.302958 -1.13066 38.8847
    endloop
  endfacet
  facet normal -0.0255321 -0.128359 0.991399
    outer loop
      vertex -0.101565 -0.379047 38.9872
      vertex -0.152786 -1.16053 38.8847
      vertex -0.0512209 -0.389061 38.9872
    endloop
  endfacet
  facet normal 0.097698 -0.491166 0.86557
    outer loop
      vertex 0.686836 -2.56331 38.3812
      vertex 0.346381 -2.63103 38.3812
      vertex 0.435099 -3.3049 37.9888
    endloop
  endfacet
  facet normal -0.0327488 -0.499717 0.86557
    outer loop
      vertex -0.346381 -2.63103 38.3812
      vertex -0.435099 -3.3049 37.9888
      vertex 0 -2.65373 38.3812
    endloop
  endfacet
  facet normal 0.0748058 -0.376078 0.923563
    outer loop
      vertex 0.686836 -2.56331 38.3812
      vertex 0.251738 -1.91214 38.6816
      vertex 0.346381 -2.63103 38.3812
    endloop
  endfacet
  facet normal 0.0398728 -0.608296 0.792708
    outer loop
      vertex 0 -3.33342 37.9888
      vertex 0 -3.95607 37.511
      vertex 0.435099 -3.3049 37.9888
    endloop
  endfacet
  facet normal 0.128359 -0.0255321 0.991399
    outer loop
      vertex 0.389061 -0.0512209 38.9872
      vertex 0.379047 -0.101565 38.9872
      vertex 1.16053 -0.152786 38.8847
    endloop
  endfacet
  facet normal -0.117378 0.0578833 0.991399
    outer loop
      vertex -0.339844 0.196209 38.9872
      vertex -1.01372 0.585271 38.8847
      vertex -0.362547 0.150171 38.9872
    endloop
  endfacet
  facet normal -0.108818 0.0727101 0.991399
    outer loop
      vertex -0.311326 0.238889 38.9872
      vertex -1.01372 0.585271 38.8847
      vertex -0.339844 0.196209 38.9872
    endloop
  endfacet
  facet normal 0.144061 -0.215599 0.965797
    outer loop
      vertex 0.712581 -0.928653 38.8847
      vertex 0.585271 -1.01372 38.8847
      vertex 1.17408 -1.53009 38.6816
    endloop
  endfacet
  facet normal 0.0833535 -0.245537 0.965797
    outer loop
      vertex 0.447947 -1.08144 38.8847
      vertex 0.302958 -1.13066 38.8847
      vertex 0.738057 -1.78183 38.6816
    endloop
  endfacet
  facet normal -0.232559 -0.114686 0.965797
    outer loop
      vertex -1.01372 -0.585271 38.8847
      vertex -1.78183 -0.738057 38.6816
      vertex -1.67025 -0.964318 38.6816
    endloop
  endfacet
  facet normal -0.2156 -0.144061 0.965797
    outer loop
      vertex -1.01372 -0.585271 38.8847
      vertex -1.67025 -0.964318 38.6816
      vertex -1.53009 -1.17408 38.6816
    endloop
  endfacet
  facet normal -0.313063 -0.634826 0.706391
    outer loop
      vertex -1.51392 -3.65494 37.511
      vertex -1.97804 -3.42606 37.511
      vertex -1.7263 -4.16766 36.9561
    endloop
  endfacet
  facet normal -0.269621 -0.546734 0.792709
    outer loop
      vertex -1.66671 -2.88683 37.9888
      vertex -1.97804 -3.42606 37.511
      vertex -1.51392 -3.65494 37.511
    endloop
  endfacet
  facet normal -0.57725 0.195955 0.792707
    outer loop
      vertex -3.07968 1.27564 37.9888
      vertex -3.82127 1.02391 37.511
      vertex -3.21984 0.862753 37.9888
    endloop
  endfacet
  facet normal -0.597892 0.11892 0.792706
    outer loop
      vertex -3.21984 0.862753 37.9888
      vertex -3.82127 1.02391 37.511
      vertex -3.3049 0.435099 37.9888
    endloop
  endfacet
  facet normal 0.636976 -0.726318 0.258308
    outer loop
      vertex 4.01748 -4.01748 34.9286
      vertex 3.45873 -4.5075 34.9286
      vertex 4.16112 -4.16112 34.1705
    endloop
  endfacet
  facet normal 0.609356 -0.694824 0.381973
    outer loop
      vertex 3.80511 -3.80511 35.6537
      vertex 3.45873 -4.5075 34.9286
      vertex 4.01748 -4.01748 34.9286
    endloop
  endfacet
  facet normal 0.866431 -0.427288 0.258307
    outer loop
      vertex 5.2491 -2.17425 34.9286
      vertex 4.92039 -2.84079 34.9286
      vertex 5.09631 -2.94236 34.1705
    endloop
  endfacet
  facet normal 0.866444 -0.427273 0.258289
    outer loop
      vertex 5.2491 -2.17425 34.9286
      vertex 5.09631 -2.94236 34.1705
      vertex 5.43676 -2.25198 34.1705
    endloop
  endfacet
  facet normal 0.889234 -0.438515 0.130258
    outer loop
      vertex 5.53141 -2.29118 33.3924
      vertex 5.09631 -2.94236 34.1705
      vertex 5.18503 -2.99358 33.3924
    endloop
  endfacet
  facet normal 0.906416 -0.180291 -0.381976
    outer loop
      vertex 5.63297 -0.741594 31.0714
      vertex 5.19788 -1.39277 30.3463
      vertex 5.3352 -0.702392 30.3463
    endloop
  endfacet
  facet normal 0.849845 -0.169039 -0.499189
    outer loop
      vertex 5.19788 -1.39277 30.3463
      vertex 4.94614 -0.651171 29.6666
      vertex 5.3352 -0.702392 30.3463
    endloop
  endfacet
  facet normal 0.820513 -0.278523 -0.499183
    outer loop
      vertex 4.97161 -2.05931 30.3463
      vertex 4.60907 -1.90914 29.6666
      vertex 4.81883 -1.2912 29.6666
    endloop
  endfacet
  facet normal 0.777134 -0.383249 -0.499183
    outer loop
      vertex 4.97161 -2.05931 30.3463
      vertex 4.32044 -2.49441 29.6666
      vertex 4.60907 -1.90914 29.6666
    endloop
  endfacet
  facet normal 0.745429 -0.653733 -0.13026
    outer loop
      vertex 4.23356 -4.23356 32.6076
      vertex 4.16112 -4.16112 31.8295
      vertex 4.66866 -3.58239 31.8295
    endloop
  endfacet
  facet normal 0.653727 -0.745437 -0.130251
    outer loop
      vertex 3.64475 -4.74993 32.6076
      vertex 3.58239 -4.66866 31.8295
      vertex 4.23356 -4.23356 32.6076
    endloop
  endfacet
  facet normal 0.065402 -0.997859 0
    outer loop
      vertex 0 -5.98715 32.6076
      vertex 0.78148 -5.93593 33.3924
      vertex 0 -5.98715 33.3924
    endloop
  endfacet
  facet normal 0.065402 -0.997859 0
    outer loop
      vertex 0.78148 -5.93593 33.3924
      vertex 0 -5.98715 32.6076
      vertex 0.78148 -5.93593 32.6076
    endloop
  endfacet
  facet normal 0.555572 -0.831468 0
    outer loop
      vertex 2.99358 -5.18503 32.6076
      vertex 3.64475 -4.74993 33.3924
      vertex 2.99358 -5.18503 33.3924
    endloop
  endfacet
  facet normal 0.555572 -0.831468 0
    outer loop
      vertex 3.64475 -4.74993 33.3924
      vertex 2.99358 -5.18503 32.6076
      vertex 3.64475 -4.74993 32.6076
    endloop
  endfacet
  facet normal 0.408743 -0.828869 0.381975
    outer loop
      vertex 2.69062 -4.66029 35.6537
      vertex 2.05931 -4.97161 35.6537
      vertex 2.84079 -4.92039 34.9286
    endloop
  endfacet
  facet normal 0.297075 -0.875116 0.381991
    outer loop
      vertex 2.05931 -4.97161 35.6537
      vertex 1.39277 -5.19788 35.6537
      vertex 2.17425 -5.2491 34.9286
    endloop
  endfacet
  facet normal 0.118931 -0.597884 0.792711
    outer loop
      vertex 1.02391 -3.82127 37.511
      vertex 0.435099 -3.3049 37.9888
      vertex 0.516371 -3.92223 37.511
    endloop
  endfacet
  facet normal 0.227518 -0.670258 0.706392
    outer loop
      vertex 1.7263 -4.16766 36.9561
      vertex 1.02391 -3.82127 37.511
      vertex 1.16754 -4.35733 36.9561
    endloop
  endfacet
  facet normal 0.474208 -0.160976 0.865571
    outer loop
      vertex 3.21984 -0.862753 37.9888
      vertex 2.56331 -0.686836 38.3812
      vertex 3.07968 -1.27564 37.9888
    endloop
  endfacet
  facet normal 0.57725 -0.195955 0.792707
    outer loop
      vertex 3.21984 -0.862753 37.9888
      vertex 3.07968 -1.27564 37.9888
      vertex 3.82127 -1.02391 37.511
    endloop
  endfacet
  facet normal 0.269613 -0.546734 0.792711
    outer loop
      vertex 1.66671 -2.88683 37.9888
      vertex 1.27564 -3.07968 37.9888
      vertex 1.51392 -3.65494 37.511
    endloop
  endfacet
  facet normal 0.33867 -0.506868 0.792709
    outer loop
      vertex 2.40831 -3.13857 37.511
      vertex 1.66671 -2.88683 37.9888
      vertex 1.97804 -3.42606 37.511
    endloop
  endfacet
  facet normal -0.0578837 0.117378 0.991399
    outer loop
      vertex -0.447947 1.08144 38.8847
      vertex -0.585271 1.01372 38.8847
      vertex -0.150171 0.362547 38.9872
    endloop
  endfacet
  facet normal -0.00855911 0.130594 0.991399
    outer loop
      vertex 0 1.17054 38.8847
      vertex -0.0512209 0.389061 38.9872
      vertex 0 0.392418 38.9872
    endloop
  endfacet
  facet normal 0.130594 -0.00855607 0.991399
    outer loop
      vertex 1.17054 0 38.8847
      vertex 0.389061 -0.0512209 38.9872
      vertex 1.16053 -0.152786 38.8847
    endloop
  endfacet
  facet normal 0.130594 -0.00855911 0.991399
    outer loop
      vertex 0.392418 0 38.9872
      vertex 0.389061 -0.0512209 38.9872
      vertex 1.17054 0 38.8847
    endloop
  endfacet
  facet normal 0.00855607 0.130594 0.991399
    outer loop
      vertex 0.152786 1.16053 38.8847
      vertex 0 1.17054 38.8847
      vertex 0.0512209 0.389061 38.9872
    endloop
  endfacet
  facet normal 0.00855607 -0.130594 0.991399
    outer loop
      vertex 0.0512209 -0.389061 38.9872
      vertex 0 -1.17054 38.8847
      vertex 0.152786 -1.16053 38.8847
    endloop
  endfacet
  facet normal 0.288285 -0.252826 0.923564
    outer loop
      vertex 2.10535 -1.61549 38.3812
      vertex 1.53009 -1.17408 38.6816
      vertex 1.87647 -1.87647 38.3812
    endloop
  endfacet
  facet normal 0.252826 -0.288285 0.923564
    outer loop
      vertex 1.87647 -1.87647 38.3812
      vertex 1.17408 -1.53009 38.6816
      vertex 1.61549 -2.10535 38.3812
    endloop
  endfacet
  facet normal -0.0578833 0.117378 0.991399
    outer loop
      vertex -0.150171 0.362547 38.9872
      vertex -0.585271 1.01372 38.8847
      vertex -0.196209 0.339844 38.9872
    endloop
  endfacet
  facet normal 0.288286 -0.252826 0.923564
    outer loop
      vertex 1.53009 -1.17408 38.6816
      vertex 1.36375 -1.36375 38.6816
      vertex 1.87647 -1.87647 38.3812
    endloop
  endfacet
  facet normal 0.025079 -0.382626 0.923563
    outer loop
      vertex 0 -1.92864 38.6816
      vertex 0 -2.65373 38.3812
      vertex 0.251738 -1.91214 38.6816
    endloop
  endfacet
  facet normal 0.160973 -0.474211 0.86557
    outer loop
      vertex 1.01554 -2.45173 38.3812
      vertex 0.686836 -2.56331 38.3812
      vertex 1.27564 -3.07968 37.9888
    endloop
  endfacet
  facet normal 0.245541 -0.0833476 0.965797
    outer loop
      vertex 1.86292 -0.499167 38.6816
      vertex 1.13066 -0.302958 38.8847
      vertex 1.78183 -0.738057 38.6816
    endloop
  endfacet
  facet normal 0.363095 -0.123251 0.923564
    outer loop
      vertex 1.86292 -0.499167 38.6816
      vertex 1.78183 -0.738057 38.6816
      vertex 2.56331 -0.686836 38.3812
    endloop
  endfacet
  facet normal 0.2156 -0.144061 0.965797
    outer loop
      vertex 1.67025 -0.964318 38.6816
      vertex 1.01372 -0.585271 38.8847
      vertex 1.53009 -1.17408 38.6816
    endloop
  endfacet
  facet normal 0.318822 -0.21303 0.923564
    outer loop
      vertex 2.2982 -1.32687 38.3812
      vertex 1.67025 -0.964318 38.6816
      vertex 2.10535 -1.61549 38.3812
    endloop
  endfacet
  facet normal 0.416389 -0.278222 0.865571
    outer loop
      vertex 2.2982 -1.32687 38.3812
      vertex 2.10535 -1.61549 38.3812
      vertex 2.88683 -1.66671 37.9888
    endloop
  endfacet
  facet normal 0.449142 -0.221491 0.865571
    outer loop
      vertex 2.45173 -1.01554 38.3812
      vertex 2.2982 -1.32687 38.3812
      vertex 2.88683 -1.66671 37.9888
    endloop
  endfacet
  facet normal 0.258746 0.0169521 0.965797
    outer loop
      vertex 1.91214 0.251738 38.6816
      vertex 1.16053 0.152786 38.8847
      vertex 1.17054 0 38.8847
    endloop
  endfacet
  facet normal 0.363095 0.123251 0.923564
    outer loop
      vertex 2.56331 0.686836 38.3812
      vertex 1.78183 0.738057 38.6816
      vertex 1.86292 0.499167 38.6816
    endloop
  endfacet
  facet normal 0.108818 0.0727101 0.991399
    outer loop
      vertex 1.01372 0.585271 38.8847
      vertex 0.311326 0.238889 38.9872
      vertex 0.339844 0.196209 38.9872
    endloop
  endfacet
  facet normal 0.0983955 0.0862924 0.991399
    outer loop
      vertex 0.827698 0.827698 38.8847
      vertex 0.277481 0.277481 38.9872
      vertex 0.311326 0.238889 38.9872
    endloop
  endfacet
  facet normal 0.343901 0.169592 0.923564
    outer loop
      vertex 2.2982 1.32687 38.3812
      vertex 1.78183 0.738057 38.6816
      vertex 2.45173 1.01554 38.3812
    endloop
  endfacet
  facet normal 0.3439 0.169594 0.923564
    outer loop
      vertex 2.2982 1.32687 38.3812
      vertex 1.67025 0.964318 38.6816
      vertex 1.78183 0.738057 38.6816
    endloop
  endfacet
  facet normal 0.215599 0.144061 0.965797
    outer loop
      vertex 1.53009 1.17408 38.6816
      vertex 0.928653 0.712581 38.8847
      vertex 1.01372 0.585271 38.8847
    endloop
  endfacet
  facet normal 0.194952 0.170969 0.965797
    outer loop
      vertex 1.53009 1.17408 38.6816
      vertex 0.827698 0.827698 38.8847
      vertex 0.928653 0.712581 38.8847
    endloop
  endfacet
  facet normal 0.108818 0.0727105 0.991399
    outer loop
      vertex 0.928653 0.712581 38.8847
      vertex 0.311326 0.238889 38.9872
      vertex 1.01372 0.585271 38.8847
    endloop
  endfacet
  facet normal 0.213031 0.31882 0.923564
    outer loop
      vertex 1.61549 2.10535 38.3812
      vertex 0.964318 1.67025 38.6816
      vertex 1.17408 1.53009 38.6816
    endloop
  endfacet
  facet normal 0.144061 0.2156 0.965797
    outer loop
      vertex 0.964318 1.67025 38.6816
      vertex 0.585271 1.01372 38.8847
      vertex 1.17408 1.53009 38.6816
    endloop
  endfacet
  facet normal 0.114686 0.232559 0.965797
    outer loop
      vertex 0.738057 1.78183 38.6816
      vertex 0.585271 1.01372 38.8847
      vertex 0.964318 1.67025 38.6816
    endloop
  endfacet
  facet normal 0.376075 0.074811 0.923564
    outer loop
      vertex 2.56331 0.686836 38.3812
      vertex 1.86292 0.499167 38.6816
      vertex 1.91214 0.251738 38.6816
    endloop
  endfacet
  facet normal 0.376078 0.0748058 0.923563
    outer loop
      vertex 2.56331 0.686836 38.3812
      vertex 1.91214 0.251738 38.6816
      vertex 2.63103 0.346381 38.3812
    endloop
  endfacet
  facet normal -0.660195 0.441117 -0.607913
    outer loop
      vertex -3.90667 2.25552 29.0439
      vertex -4.32044 2.49441 29.6666
      vertex -3.57885 2.74615 29.0439
    endloop
  endfacet
  facet normal -0.532167 0.466702 -0.706391
    outer loop
      vertex -3.13857 2.40831 28.489
      vertex -3.18979 3.18979 29.0439
      vertex -2.79737 2.79737 28.489
    endloop
  endfacet
  facet normal -0.712118 0.351186 -0.607912
    outer loop
      vertex -4.16766 1.7263 29.0439
      vertex -4.60907 1.90914 29.6666
      vertex -4.32044 2.49441 29.6666
    endloop
  endfacet
  facet normal -0.670258 0.227518 -0.706392
    outer loop
      vertex -3.82127 1.02391 28.489
      vertex -4.35733 1.16754 29.0439
      vertex -4.16766 1.7263 29.0439
    endloop
  endfacet
  facet normal -0.506859 0.338675 -0.792713
    outer loop
      vertex -2.88683 1.66671 28.0112
      vertex -3.13857 2.40831 28.489
      vertex -2.64458 2.02926 28.0112
    endloop
  endfacet
  facet normal -0.506868 0.33867 -0.792709
    outer loop
      vertex -2.88683 1.66671 28.0112
      vertex -3.42606 1.97804 28.489
      vertex -3.13857 2.40831 28.489
    endloop
  endfacet
  facet normal -0.376533 0.330202 -0.865557
    outer loop
      vertex -2.26778 1.95431 27.8187
      vertex -2.35708 2.35708 28.0112
      vertex -2.12132 2.12132 27.8187
    endloop
  endfacet
  facet normal -0.376517 0.330208 -0.865562
    outer loop
      vertex -2.35708 2.35708 28.0112
      vertex -2.26778 1.95431 27.8187
      vertex -2.64458 2.02926 28.0112
    endloop
  endfacet
  facet normal -0.376519 0.330201 -0.865564
    outer loop
      vertex -2.26778 1.95431 27.8187
      vertex -2.38006 1.82628 27.8187
      vertex -2.64458 2.02926 28.0112
    endloop
  endfacet
  facet normal -0.195942 0.577249 -0.792711
    outer loop
      vertex -1.27564 3.07968 28.0112
      vertex -1.51392 3.65494 28.489
      vertex -1.02391 3.82127 28.489
    endloop
  endfacet
  facet normal -0.195955 0.57725 -0.792707
    outer loop
      vertex -0.862753 3.21984 28.0112
      vertex -1.27564 3.07968 28.0112
      vertex -1.02391 3.82127 28.489
    endloop
  endfacet
  facet normal 0.269613 -0.546734 -0.792711
    outer loop
      vertex 1.51392 -3.65494 28.489
      vertex 1.27564 -3.07968 28.0112
      vertex 1.66671 -2.88683 28.0112
    endloop
  endfacet
  facet normal 0.227515 -0.670261 -0.70639
    outer loop
      vertex 1.7263 -4.16766 29.0439
      vertex 1.02391 -3.82127 28.489
      vertex 1.51392 -3.65494 28.489
    endloop
  endfacet
  facet normal 0.416392 -0.278251 -0.86556
    outer loop
      vertex 2.59808 -1.5 27.8187
      vertex 2.88683 -1.66671 28.0112
      vertex 2.50347 -1.64158 27.8187
    endloop
  endfacet
  facet normal 0.401937 -0.458316 -0.792712
    outer loop
      vertex 2.40831 -3.13857 28.489
      vertex 2.02926 -2.64458 28.0112
      vertex 2.79737 -2.79737 28.489
    endloop
  endfacet
  facet normal 0.269621 -0.546734 -0.792709
    outer loop
      vertex 1.97804 -3.42606 28.489
      vertex 1.51392 -3.65494 28.489
      vertex 1.66671 -2.88683 28.0112
    endloop
  endfacet
  facet normal 0.33867 -0.506868 -0.792709
    outer loop
      vertex 1.97804 -3.42606 28.489
      vertex 1.66671 -2.88683 28.0112
      vertex 2.40831 -3.13857 28.489
    endloop
  endfacet
  facet normal 0.474233 -0.160964 -0.86556
    outer loop
      vertex 3.07968 -1.27564 28.0112
      vertex 2.77164 -1.14805 27.8187
      vertex 2.82637 -0.986804 27.8187
    endloop
  endfacet
  facet normal 0.491177 -0.0976947 -0.865564
    outer loop
      vertex 3.21984 -0.862753 28.0112
      vertex 2.94111 -0.558589 27.8187
      vertex 3.3049 -0.435099 28.0112
    endloop
  endfacet
  facet normal 0.491183 -0.0976875 -0.865561
    outer loop
      vertex 3.21984 -0.862753 28.0112
      vertex 2.89778 -0.776457 27.8187
      vertex 2.94111 -0.558589 27.8187
    endloop
  endfacet
  facet normal 0.458316 -0.401937 -0.792712
    outer loop
      vertex 2.79737 -2.79737 28.489
      vertex 2.64458 -2.02926 28.0112
      vertex 3.13857 -2.40831 28.489
    endloop
  endfacet
  facet normal 0.532167 -0.466702 -0.706391
    outer loop
      vertex 3.18979 -3.18979 29.0439
      vertex 2.79737 -2.79737 28.489
      vertex 3.13857 -2.40831 28.489
    endloop
  endfacet
  facet normal 0.751867 -0.25522 -0.607913
    outer loop
      vertex 4.81883 -1.2912 29.6666
      vertex 4.16766 -1.7263 29.0439
      vertex 4.35733 -1.16754 29.0439
    endloop
  endfacet
  facet normal 0.694219 -0.138094 -0.706393
    outer loop
      vertex 4.35733 -1.16754 29.0439
      vertex 3.82127 -1.02391 28.489
      vertex 3.92223 -0.516371 28.489
    endloop
  endfacet
  facet normal 0.408757 0.828855 0.381991
    outer loop
      vertex 2.17425 5.2491 34.9286
      vertex 2.05931 4.97161 35.6537
      vertex 2.84079 4.92039 34.9286
    endloop
  endfacet
  facet normal 0.550839 0.824384 0.130257
    outer loop
      vertex 2.99358 5.18503 33.3924
      vertex 2.94236 5.09631 34.1705
      vertex 3.64475 4.74993 33.3924
    endloop
  endfacet
  facet normal 0.0604474 0.922193 0.381976
    outer loop
      vertex 0.741594 5.63297 34.9286
      vertex 0 5.38124 35.6537
      vertex 0.702392 5.3352 35.6537
    endloop
  endfacet
  facet normal 0.0566748 0.864638 0.499189
    outer loop
      vertex 0.702392 5.3352 35.6537
      vertex 0 5.38124 35.6537
      vertex 0.651171 4.94614 36.3334
    endloop
  endfacet
  facet normal 0.438515 0.889234 0.130258
    outer loop
      vertex 2.99358 5.18503 33.3924
      vertex 2.29118 5.53141 33.3924
      vertex 2.94236 5.09631 34.1705
    endloop
  endfacet
  facet normal 0.438512 0.889235 0.130261
    outer loop
      vertex 2.29118 5.53141 33.3924
      vertex 2.25198 5.43676 34.1705
      vertex 2.94236 5.09631 34.1705
    endloop
  endfacet
  facet normal 0.330198 0.376507 0.86557
    outer loop
      vertex 2.02926 2.64458 37.9888
      vertex 1.61549 2.10535 38.3812
      vertex 1.87647 1.87647 38.3812
    endloop
  endfacet
  facet normal 0.330199 0.376507 0.86557
    outer loop
      vertex 2.02926 2.64458 37.9888
      vertex 1.87647 1.87647 38.3812
      vertex 2.35708 2.35708 37.9888
    endloop
  endfacet
  facet normal 0.169592 0.343901 0.923564
    outer loop
      vertex 1.01554 2.45173 38.3812
      vertex 0.738057 1.78183 38.6816
      vertex 1.32687 2.2982 38.3812
    endloop
  endfacet
  facet normal 0.269613 0.546734 0.792711
    outer loop
      vertex 1.51392 3.65494 37.511
      vertex 1.27564 3.07968 37.9888
      vertex 1.66671 2.88683 37.9888
    endloop
  endfacet
  facet normal 0.596969 0.523525 -0.607905
    outer loop
      vertex 3.57885 2.74615 29.0439
      vertex 3.18979 3.18979 29.0439
      vertex 3.95789 3.037 29.6666
    endloop
  endfacet
  facet normal 0.596972 0.523517 -0.60791
    outer loop
      vertex 3.95789 3.037 29.6666
      vertex 3.18979 3.18979 29.0439
      vertex 3.52763 3.52763 29.6666
    endloop
  endfacet
  facet normal 0.866444 0.427273 -0.258289
    outer loop
      vertex 5.2491 2.17425 31.0714
      vertex 5.09631 2.94236 31.8295
      vertex 5.43676 2.25198 31.8295
    endloop
  endfacet
  facet normal 0.849841 0.169044 -0.499194
    outer loop
      vertex 4.94614 0.651171 29.6666
      vertex 4.81883 1.2912 29.6666
      vertex 5.19788 1.39277 30.3463
    endloop
  endfacet
  facet normal 0.751841 0.659344 0
    outer loop
      vertex 4.74993 3.64475 33.3924
      vertex 4.23356 4.23356 32.6076
      vertex 4.23356 4.23356 33.3924
    endloop
  endfacet
  facet normal 0.751841 0.659344 0
    outer loop
      vertex 4.23356 4.23356 32.6076
      vertex 4.74993 3.64475 33.3924
      vertex 4.74993 3.64475 32.6076
    endloop
  endfacet
  facet normal 0.989358 0.0648402 -0.130253
    outer loop
      vertex 5.88471 0 31.8295
      vertex 5.83437 0.768108 31.8295
      vertex 5.98715 0 32.6076
    endloop
  endfacet
  facet normal 0.989358 -0.0648402 -0.130253
    outer loop
      vertex 5.98715 0 32.6076
      vertex 5.83437 -0.768108 31.8295
      vertex 5.88471 0 31.8295
    endloop
  endfacet
  facet normal 0.989359 0.0648448 -0.130249
    outer loop
      vertex 5.98715 0 32.6076
      vertex 5.83437 0.768108 31.8295
      vertex 5.93593 0.78148 32.6076
    endloop
  endfacet
  facet normal 0.963994 -0.0631879 -0.258309
    outer loop
      vertex 5.83437 -0.768108 31.8295
      vertex 5.63297 -0.741594 31.0714
      vertex 5.68158 0 31.0714
    endloop
  endfacet
  facet normal 0.449142 0.221491 0.865571
    outer loop
      vertex 2.88683 1.66671 37.9888
      vertex 2.2982 1.32687 38.3812
      vertex 2.45173 1.01554 38.3812
    endloop
  endfacet
  facet normal 0.416389 0.278222 0.865571
    outer loop
      vertex 2.88683 1.66671 37.9888
      vertex 2.10535 1.61549 38.3812
      vertex 2.2982 1.32687 38.3812
    endloop
  endfacet
  facet normal 0.58854 0.39324 0.706388
    outer loop
      vertex 3.57885 2.74615 36.9561
      vertex 3.13857 2.40831 37.511
      vertex 3.90667 2.25552 36.9561
    endloop
  endfacet
  facet normal 0.660195 0.441117 0.607913
    outer loop
      vertex 4.32044 2.49441 36.3334
      vertex 3.57885 2.74615 36.9561
      vertex 3.90667 2.25552 36.9561
    endloop
  endfacet
  facet normal 0.889235 0.438512 0.130261
    outer loop
      vertex 5.53141 2.29118 33.3924
      vertex 5.09631 2.94236 34.1705
      vertex 5.43676 2.25198 34.1705
    endloop
  endfacet
  facet normal 0.866444 0.427273 0.258289
    outer loop
      vertex 5.43676 2.25198 34.1705
      vertex 5.09631 2.94236 34.1705
      vertex 5.2491 2.17425 34.9286
    endloop
  endfacet
  facet normal 0.0631879 0.963994 -0.258309
    outer loop
      vertex 0.741594 5.63297 31.0714
      vertex 0 5.68158 31.0714
      vertex 0.768108 5.83437 31.8295
    endloop
  endfacet
  facet normal 0.188478 0.947498 -0.258308
    outer loop
      vertex 1.52308 5.68419 31.8295
      vertex 0.741594 5.63297 31.0714
      vertex 0.768108 5.83437 31.8295
    endloop
  endfacet
  facet normal 0.074811 0.376075 0.923564
    outer loop
      vertex 0.686836 2.56331 38.3812
      vertex 0.251738 1.91214 38.6816
      vertex 0.499167 1.86292 38.6816
    endloop
  endfacet
  facet normal 0.0505904 0.254318 0.965797
    outer loop
      vertex 0.499167 1.86292 38.6816
      vertex 0.251738 1.91214 38.6816
      vertex 0.302958 1.13066 38.8847
    endloop
  endfacet
  facet normal -0.0833476 0.245541 0.965797
    outer loop
      vertex -0.499167 1.86292 38.6816
      vertex -0.738057 1.78183 38.6816
      vertex -0.302958 1.13066 38.8847
    endloop
  endfacet
  facet normal 0.0862924 -0.0983955 0.991399
    outer loop
      vertex 0.277481 -0.277481 38.9872
      vertex 0.238889 -0.311326 38.9872
      vertex 0.827698 -0.827698 38.8847
    endloop
  endfacet
  facet normal 0.0983965 0.0862915 0.991399
    outer loop
      vertex 0.827698 0.827698 38.8847
      vertex 0.311326 0.238889 38.9872
      vertex 0.928653 0.712581 38.8847
    endloop
  endfacet
  facet normal -0.254318 0.0505904 0.965797
    outer loop
      vertex -1.86292 0.499167 38.6816
      vertex -1.91214 0.251738 38.6816
      vertex -1.13066 0.302958 38.8847
    endloop
  endfacet
  facet normal -0.254318 0.0505852 0.965797
    outer loop
      vertex -1.13066 0.302958 38.8847
      vertex -1.91214 0.251738 38.6816
      vertex -1.16053 0.152786 38.8847
    endloop
  endfacet
  facet normal -0.123928 0.0420703 0.991399
    outer loop
      vertex -1.08144 0.447947 38.8847
      vertex -1.13066 0.302958 38.8847
      vertex -0.379047 0.101565 38.9872
    endloop
  endfacet
  facet normal -0.245537 0.0833535 0.965797
    outer loop
      vertex -1.08144 0.447947 38.8847
      vertex -1.78183 0.738057 38.6816
      vertex -1.13066 0.302958 38.8847
    endloop
  endfacet
  facet normal -0.123928 -0.0420692 0.991399
    outer loop
      vertex -0.379047 -0.101565 38.9872
      vertex -1.08144 -0.447947 38.8847
      vertex -0.362547 -0.150171 38.9872
    endloop
  endfacet
  facet normal 0.0727101 -0.108818 0.991399
    outer loop
      vertex 0.238889 -0.311326 38.9872
      vertex 0.196209 -0.339844 38.9872
      vertex 0.585271 -1.01372 38.8847
    endloop
  endfacet
  facet normal -0.0983965 0.0862915 0.991399
    outer loop
      vertex -0.827698 0.827698 38.8847
      vertex -0.928653 0.712581 38.8847
      vertex -0.311326 0.238889 38.9872
    endloop
  endfacet
  facet normal -0.194952 0.170969 0.965797
    outer loop
      vertex -0.827698 0.827698 38.8847
      vertex -1.53009 1.17408 38.6816
      vertex -0.928653 0.712581 38.8847
    endloop
  endfacet
  facet normal -0.831468 -0.555572 0
    outer loop
      vertex -4.74993 -3.64475 32.6076
      vertex -5.18503 -2.99358 33.3924
      vertex -5.18503 -2.99358 32.6076
    endloop
  endfacet
  facet normal -0.831468 -0.555572 0
    outer loop
      vertex -5.18503 -2.99358 33.3924
      vertex -4.74993 -3.64475 32.6076
      vertex -4.74993 -3.64475 33.3924
    endloop
  endfacet
  facet normal -0.745429 -0.653733 -0.13026
    outer loop
      vertex -4.23356 -4.23356 32.6076
      vertex -4.66866 -3.58239 31.8295
      vertex -4.16112 -4.16112 31.8295
    endloop
  endfacet
  facet normal -0.72632 -0.636975 -0.258306
    outer loop
      vertex -4.16112 -4.16112 31.8295
      vertex -4.66866 -3.58239 31.8295
      vertex -4.5075 -3.45873 31.0714
    endloop
  endfacet
  facet normal -0.651464 -0.571315 -0.499193
    outer loop
      vertex -3.80511 -3.80511 30.3463
      vertex -4.26922 -3.27589 30.3463
      vertex -3.95789 -3.037 29.6666
    endloop
  endfacet
  facet normal -0.694824 -0.609356 -0.381973
    outer loop
      vertex -4.01748 -4.01748 31.0714
      vertex -4.5075 -3.45873 31.0714
      vertex -3.80511 -3.80511 30.3463
    endloop
  endfacet
  facet normal -0.609356 0.694824 -0.381973
    outer loop
      vertex -3.80511 3.80511 30.3463
      vertex -4.01748 4.01748 31.0714
      vertex -3.45873 4.5075 31.0714
    endloop
  endfacet
  facet normal -0.694824 0.609356 -0.381973
    outer loop
      vertex -3.80511 3.80511 30.3463
      vertex -4.5075 3.45873 31.0714
      vertex -4.01748 4.01748 31.0714
    endloop
  endfacet
  facet normal -0.523517 0.596972 -0.60791
    outer loop
      vertex -3.18979 3.18979 29.0439
      vertex -3.52763 3.52763 29.6666
      vertex -3.037 3.95789 29.6666
    endloop
  endfacet
  facet normal -0.596972 0.523517 -0.60791
    outer loop
      vertex -3.18979 3.18979 29.0439
      vertex -3.95789 3.037 29.6666
      vertex -3.52763 3.52763 29.6666
    endloop
  endfacet
  facet normal -0.408757 0.828855 -0.381991
    outer loop
      vertex -2.05931 4.97161 30.3463
      vertex -2.84079 4.92039 31.0714
      vertex -2.17425 5.2491 31.0714
    endloop
  endfacet
  facet normal -0.297075 0.875116 -0.381991
    outer loop
      vertex -2.05931 4.97161 30.3463
      vertex -2.17425 5.2491 31.0714
      vertex -1.39277 5.19788 30.3463
    endloop
  endfacet
  facet normal -0.481399 0.720459 -0.499194
    outer loop
      vertex -3.037 3.95789 29.6666
      vertex -3.27589 4.26922 30.3463
      vertex -2.49441 4.32044 29.6666
    endloop
  endfacet
  facet normal -0.4667 0.532172 -0.706388
    outer loop
      vertex -2.40831 3.13857 28.489
      vertex -3.18979 3.18979 29.0439
      vertex -2.74615 3.57885 29.0439
    endloop
  endfacet
  facet normal -0.19342 0.972432 0.130249
    outer loop
      vertex -0.78148 5.93593 33.3924
      vertex -1.54959 5.78315 33.3924
      vertex -0.768108 5.83437 34.1705
    endloop
  endfacet
  facet normal -0.438515 0.889234 -0.130258
    outer loop
      vertex -2.94236 5.09631 31.8295
      vertex -2.99358 5.18503 32.6076
      vertex -2.29118 5.53141 32.6076
    endloop
  endfacet
  facet normal -0.0327488 0.499717 0.86557
    outer loop
      vertex 0 2.65373 38.3812
      vertex -0.435099 3.3049 37.9888
      vertex -0.346381 2.63103 38.3812
    endloop
  endfacet
  facet normal -0.097698 0.491166 0.86557
    outer loop
      vertex -0.435099 3.3049 37.9888
      vertex -0.686836 2.56331 38.3812
      vertex -0.346381 2.63103 38.3812
    endloop
  endfacet
  facet normal 0.25522 0.751867 0.607913
    outer loop
      vertex 1.2912 4.81883 36.3334
      vertex 1.16754 4.35733 36.9561
      vertex 1.7263 4.16766 36.9561
    endloop
  endfacet
  facet normal 0.154903 0.778747 0.607913
    outer loop
      vertex 1.2912 4.81883 36.3334
      vertex 0.651171 4.94614 36.3334
      vertex 1.16754 4.35733 36.9561
    endloop
  endfacet
  facet normal 0.0462907 0.706306 0.706392
    outer loop
      vertex 0.588808 4.47245 36.9561
      vertex 0 4.51104 36.9561
      vertex 0.516371 3.92223 37.511
    endloop
  endfacet
  facet normal 0.0462871 0.706304 0.706393
    outer loop
      vertex 0 4.51104 36.9561
      vertex 0 3.95607 37.511
      vertex 0.516371 3.92223 37.511
    endloop
  endfacet
  facet normal 0.11892 0.597892 0.792706
    outer loop
      vertex 1.02391 3.82127 37.511
      vertex 0.435099 3.3049 37.9888
      vertex 0.862753 3.21984 37.9888
    endloop
  endfacet
  facet normal 0.0976922 0.491165 0.865571
    outer loop
      vertex 0.862753 3.21984 37.9888
      vertex 0.435099 3.3049 37.9888
      vertex 0.686836 2.56331 38.3812
    endloop
  endfacet
  facet normal 0.269621 0.546734 0.792709
    outer loop
      vertex 1.97804 3.42606 37.511
      vertex 1.51392 3.65494 37.511
      vertex 1.66671 2.88683 37.9888
    endloop
  endfacet
  facet normal 0.313063 0.634826 0.706391
    outer loop
      vertex 1.7263 4.16766 36.9561
      vertex 1.51392 3.65494 37.511
      vertex 1.97804 3.42606 37.511
    endloop
  endfacet
  facet normal 0.0327554 0.499713 0.865571
    outer loop
      vertex 0 3.33342 37.9888
      vertex 0 2.65373 38.3812
      vertex 0.435099 3.3049 37.9888
    endloop
  endfacet
  facet normal 0.0398728 0.608296 0.792708
    outer loop
      vertex 0 3.95607 37.511
      vertex 0 3.33342 37.9888
      vertex 0.435099 3.3049 37.9888
    endloop
  endfacet
  facet normal -0.0462871 0.706304 0.706393
    outer loop
      vertex 0 4.51104 36.9561
      vertex -0.516371 3.92223 37.511
      vertex 0 3.95607 37.511
    endloop
  endfacet
  facet normal -0.0462907 0.706306 0.706392
    outer loop
      vertex 0 4.51104 36.9561
      vertex -0.588808 4.47245 36.9561
      vertex -0.516371 3.92223 37.511
    endloop
  endfacet
  facet normal -0.195942 0.577249 0.792711
    outer loop
      vertex -1.02391 3.82127 37.511
      vertex -1.51392 3.65494 37.511
      vertex -1.27564 3.07968 37.9888
    endloop
  endfacet
  facet normal -0.269613 0.546734 0.792711
    outer loop
      vertex -1.51392 3.65494 37.511
      vertex -1.66671 2.88683 37.9888
      vertex -1.27564 3.07968 37.9888
    endloop
  endfacet
  facet normal -0.634826 -0.313063 0.706391
    outer loop
      vertex -3.65494 -1.51392 37.511
      vertex -4.16766 -1.7263 36.9561
      vertex -3.42606 -1.97804 37.511
    endloop
  endfacet
  facet normal -0.546734 -0.269621 0.792709
    outer loop
      vertex -2.88683 -1.66671 37.9888
      vertex -3.65494 -1.51392 37.511
      vertex -3.42606 -1.97804 37.511
    endloop
  endfacet
  facet normal -0.670258 -0.227518 0.706392
    outer loop
      vertex -3.82127 -1.02391 37.511
      vertex -4.35733 -1.16754 36.9561
      vertex -4.16766 -1.7263 36.9561
    endloop
  endfacet
  facet normal -0.694219 -0.138094 0.706393
    outer loop
      vertex -3.92223 -0.516371 37.511
      vertex -4.35733 -1.16754 36.9561
      vertex -3.82127 -1.02391 37.511
    endloop
  endfacet
  facet normal -0.278523 0.820513 0.499183
    outer loop
      vertex -1.2912 4.81883 36.3334
      vertex -2.05931 4.97161 35.6537
      vertex -1.90914 4.60907 36.3334
    endloop
  endfacet
  facet normal -0.4814 0.720457 0.499195
    outer loop
      vertex -2.69062 4.66029 35.6537
      vertex -3.27589 4.26922 35.6537
      vertex -2.49441 4.32044 36.3334
    endloop
  endfacet
  facet normal -0.40194 0.458309 0.792715
    outer loop
      vertex -2.02926 2.64458 37.9888
      vertex -2.79737 2.79737 37.511
      vertex -2.35708 2.35708 37.9888
    endloop
  endfacet
  facet normal -0.401937 0.458316 0.792712
    outer loop
      vertex -2.40831 3.13857 37.511
      vertex -2.79737 2.79737 37.511
      vertex -2.02926 2.64458 37.9888
    endloop
  endfacet
  facet normal -0.313063 0.634826 0.706391
    outer loop
      vertex -1.7263 4.16766 36.9561
      vertex -1.97804 3.42606 37.511
      vertex -1.51392 3.65494 37.511
    endloop
  endfacet
  facet normal -0.269621 0.546734 0.792709
    outer loop
      vertex -1.51392 3.65494 37.511
      vertex -1.97804 3.42606 37.511
      vertex -1.66671 2.88683 37.9888
    endloop
  endfacet
  facet normal -0.169044 0.849841 0.499194
    outer loop
      vertex -0.651171 4.94614 36.3334
      vertex -1.39277 5.19788 35.6537
      vertex -1.2912 4.81883 36.3334
    endloop
  endfacet
  facet normal -0.154903 0.778747 0.607913
    outer loop
      vertex -0.651171 4.94614 36.3334
      vertex -1.2912 4.81883 36.3334
      vertex -1.16754 4.35733 36.9561
    endloop
  endfacet
  facet normal -0.922193 0.0604479 -0.381977
    outer loop
      vertex -5.38124 0 30.3463
      vertex -5.68158 0 31.0714
      vertex -5.63297 0.741594 31.0714
    endloop
  endfacet
  facet normal -0.963994 0.0631879 -0.258309
    outer loop
      vertex -5.68158 0 31.0714
      vertex -5.83437 0.768108 31.8295
      vertex -5.63297 0.741594 31.0714
    endloop
  endfacet
  facet normal -0.906417 -0.180299 -0.38197
    outer loop
      vertex -5.48798 -1.4705 31.0714
      vertex -5.63297 -0.741594 31.0714
      vertex -5.19788 -1.39277 30.3463
    endloop
  endfacet
  facet normal -0.947501 -0.188472 -0.258302
    outer loop
      vertex -5.48798 -1.4705 31.0714
      vertex -5.68419 -1.52308 31.8295
      vertex -5.63297 -0.741594 31.0714
    endloop
  endfacet
  facet normal 0.778747 0.154903 -0.607913
    outer loop
      vertex 4.94614 0.651171 29.6666
      vertex 4.35733 1.16754 29.0439
      vertex 4.81883 1.2912 29.6666
    endloop
  endfacet
  facet normal 0.820502 0.278535 -0.499194
    outer loop
      vertex 5.19788 1.39277 30.3463
      vertex 4.81883 1.2912 29.6666
      vertex 4.97161 2.05931 30.3463
    endloop
  endfacet
  facet normal -0.4667 -0.532172 -0.706388
    outer loop
      vertex -2.74615 -3.57885 29.0439
      vertex -3.18979 -3.18979 29.0439
      vertex -2.40831 -3.13857 28.489
    endloop
  endfacet
  facet normal -0.39324 -0.58854 -0.706388
    outer loop
      vertex -2.25552 -3.90667 29.0439
      vertex -2.74615 -3.57885 29.0439
      vertex -2.40831 -3.13857 28.489
    endloop
  endfacet
  facet normal -0.532172 -0.4667 -0.706388
    outer loop
      vertex -3.18979 -3.18979 29.0439
      vertex -3.57885 -2.74615 29.0439
      vertex -3.13857 -2.40831 28.489
    endloop
  endfacet
  facet normal -0.596969 -0.523525 -0.607905
    outer loop
      vertex -3.18979 -3.18979 29.0439
      vertex -3.95789 -3.037 29.6666
      vertex -3.57885 -2.74615 29.0439
    endloop
  endfacet
  facet normal -0.039864 -0.608293 -0.792711
    outer loop
      vertex 0 -3.95607 28.489
      vertex -0.516371 -3.92223 28.489
      vertex -0.435099 -3.3049 28.0112
    endloop
  endfacet
  facet normal 0.11892 -0.597892 -0.792706
    outer loop
      vertex 1.02391 -3.82127 28.489
      vertex 0.435099 -3.3049 28.0112
      vertex 0.862753 -3.21984 28.0112
    endloop
  endfacet
  facet normal 0.0976998 -0.491178 -0.865563
    outer loop
      vertex 0.435099 -3.3049 28.0112
      vertex 0.391578 -2.97433 27.8187
      vertex 0.558589 -2.94111 27.8187
    endloop
  endfacet
  facet normal 0.0327629 -0.499728 -0.865563
    outer loop
      vertex 0.391578 -2.97433 27.8187
      vertex 0.435099 -3.3049 28.0112
      vertex 0.221661 -2.98547 27.8187
    endloop
  endfacet
  facet normal -0.571311 -0.651472 -0.499188
    outer loop
      vertex -3.037 -3.95789 29.6666
      vertex -3.80511 -3.80511 30.3463
      vertex -3.52763 -3.52763 29.6666
    endloop
  endfacet
  facet normal -0.651472 -0.571311 -0.499188
    outer loop
      vertex -3.80511 -3.80511 30.3463
      vertex -3.95789 -3.037 29.6666
      vertex -3.52763 -3.52763 29.6666
    endloop
  endfacet
  facet normal -0.778747 -0.154903 -0.607913
    outer loop
      vertex -4.81883 -1.2912 29.6666
      vertex -4.94614 -0.651171 29.6666
      vertex -4.35733 -1.16754 29.0439
    endloop
  endfacet
  facet normal -0.608296 0.0398728 -0.792708
    outer loop
      vertex -3.33342 0 28.0112
      vertex -3.95607 0 28.489
      vertex -3.3049 0.435099 28.0112
    endloop
  endfacet
  facet normal -0.864636 0.0566713 -0.499192
    outer loop
      vertex -4.98882 0 29.6666
      vertex -5.38124 0 30.3463
      vertex -4.94614 0.651171 29.6666
    endloop
  endfacet
  facet normal -0.849845 -0.169039 -0.499189
    outer loop
      vertex -5.19788 -1.39277 30.3463
      vertex -5.3352 -0.702392 30.3463
      vertex -4.94614 -0.651171 29.6666
    endloop
  endfacet
  facet normal -0.768415 -0.513445 -0.381984
    outer loop
      vertex -4.5075 -3.45873 31.0714
      vertex -4.66029 -2.69062 30.3463
      vertex -4.26922 -3.27589 30.3463
    endloop
  endfacet
  facet normal -0.777135 -0.383231 -0.499195
    outer loop
      vertex -4.66029 -2.69062 30.3463
      vertex -4.97161 -2.05931 30.3463
      vertex -4.32044 -2.49441 29.6666
    endloop
  endfacet
  facet normal -0.491183 -0.0976875 -0.865561
    outer loop
      vertex -2.89778 -0.776457 27.8187
      vertex -3.21984 -0.862753 28.0112
      vertex -2.94111 -0.558589 27.8187
    endloop
  endfacet
  facet normal -0.491177 -0.0976947 -0.865564
    outer loop
      vertex -2.94111 -0.558589 27.8187
      vertex -3.21984 -0.862753 28.0112
      vertex -3.3049 -0.435099 28.0112
    endloop
  endfacet
  facet normal -0.670261 0.227515 -0.70639
    outer loop
      vertex -3.82127 1.02391 28.489
      vertex -4.16766 1.7263 29.0439
      vertex -3.65494 1.51392 28.489
    endloop
  endfacet
  facet normal -0.634826 0.313063 -0.706391
    outer loop
      vertex -3.65494 1.51392 28.489
      vertex -4.16766 1.7263 29.0439
      vertex -3.42606 1.97804 28.489
    endloop
  endfacet
  facet normal -0.491183 0.0976875 -0.865561
    outer loop
      vertex -3.21984 0.862753 28.0112
      vertex -2.89778 0.776457 27.8187
      vertex -2.94111 0.558589 27.8187
    endloop
  endfacet
  facet normal -0.491177 0.0976947 -0.865564
    outer loop
      vertex -3.21984 0.862753 28.0112
      vertex -2.94111 0.558589 27.8187
      vertex -3.3049 0.435099 28.0112
    endloop
  endfacet
  facet normal -0.778748 0.154907 -0.60791
    outer loop
      vertex -4.47245 0.588808 29.0439
      vertex -4.94614 0.651171 29.6666
      vertex -4.35733 1.16754 29.0439
    endloop
  endfacet
  facet normal -0.416392 -0.278251 -0.86556
    outer loop
      vertex -2.88683 -1.66671 28.0112
      vertex -2.59808 -1.5 27.8187
      vertex -2.50347 -1.64158 27.8187
    endloop
  endfacet
  facet normal -0.577249 -0.195942 -0.792711
    outer loop
      vertex -3.65494 -1.51392 28.489
      vertex -3.82127 -1.02391 28.489
      vertex -3.07968 -1.27564 28.0112
    endloop
  endfacet
  facet normal -0.546734 -0.269621 -0.792709
    outer loop
      vertex -3.42606 -1.97804 28.489
      vertex -3.65494 -1.51392 28.489
      vertex -2.88683 -1.66671 28.0112
    endloop
  endfacet
  facet normal -0.849845 0.169039 -0.499189
    outer loop
      vertex -4.94614 0.651171 29.6666
      vertex -5.3352 0.702392 30.3463
      vertex -5.19788 1.39277 30.3463
    endloop
  endfacet
  facet normal -0.670258 -0.227518 -0.706392
    outer loop
      vertex -4.16766 -1.7263 29.0439
      vertex -4.35733 -1.16754 29.0439
      vertex -3.82127 -1.02391 28.489
    endloop
  endfacet
  facet normal -0.481399 -0.720459 0.499194
    outer loop
      vertex -3.037 -3.95789 36.3334
      vertex -3.27589 -4.26922 35.6537
      vertex -2.49441 -4.32044 36.3334
    endloop
  endfacet
  facet normal -0.571315 -0.651464 0.499193
    outer loop
      vertex -3.037 -3.95789 36.3334
      vertex -3.80511 -3.80511 35.6537
      vertex -3.27589 -4.26922 35.6537
    endloop
  endfacet
  facet normal -0.351187 -0.712116 0.607913
    outer loop
      vertex -2.25552 -3.90667 36.9561
      vertex -2.49441 -4.32044 36.3334
      vertex -1.7263 -4.16766 36.9561
    endloop
  endfacet
  facet normal -0.441117 -0.660195 0.607913
    outer loop
      vertex -2.25552 -3.90667 36.9561
      vertex -2.74615 -3.57885 36.9561
      vertex -2.49441 -4.32044 36.3334
    endloop
  endfacet
  facet normal -0.523517 -0.596972 0.60791
    outer loop
      vertex -3.18979 -3.18979 36.9561
      vertex -3.52763 -3.52763 36.3334
      vertex -3.037 -3.95789 36.3334
    endloop
  endfacet
  facet normal -0.523525 -0.596969 0.607905
    outer loop
      vertex -2.74615 -3.57885 36.9561
      vertex -3.18979 -3.18979 36.9561
      vertex -3.037 -3.95789 36.3334
    endloop
  endfacet
  facet normal -0.297075 -0.875116 0.381991
    outer loop
      vertex -2.05931 -4.97161 35.6537
      vertex -2.17425 -5.2491 34.9286
      vertex -1.39277 -5.19788 35.6537
    endloop
  endfacet
  facet normal -0.278535 -0.820502 0.499194
    outer loop
      vertex -1.2912 -4.81883 36.3334
      vertex -2.05931 -4.97161 35.6537
      vertex -1.39277 -5.19788 35.6537
    endloop
  endfacet
  facet normal -0.188478 -0.947498 0.258308
    outer loop
      vertex -0.741594 -5.63297 34.9286
      vertex -1.52308 -5.68419 34.1705
      vertex -0.768108 -5.83437 34.1705
    endloop
  endfacet
  facet normal -0.318705 -0.93886 0.130264
    outer loop
      vertex -1.52308 -5.68419 34.1705
      vertex -2.29118 -5.53141 33.3924
      vertex -1.54959 -5.78315 33.3924
    endloop
  endfacet
  facet normal -0.19342 -0.972432 -0.130249
    outer loop
      vertex -0.78148 -5.93593 32.6076
      vertex -1.54959 -5.78315 32.6076
      vertex -0.768108 -5.83437 31.8295
    endloop
  endfacet
  facet normal -0.0648448 -0.989359 -0.130249
    outer loop
      vertex 0 -5.98715 32.6076
      vertex -0.78148 -5.93593 32.6076
      vertex -0.768108 -5.83437 31.8295
    endloop
  endfacet
  facet normal -0.0519271 -0.792306 0.60791
    outer loop
      vertex -0.588808 -4.47245 36.9561
      vertex -0.651171 -4.94614 36.3334
      vertex 0 -4.51104 36.9561
    endloop
  endfacet
  facet normal -0.154907 -0.778748 0.60791
    outer loop
      vertex -0.588808 -4.47245 36.9561
      vertex -1.16754 -4.35733 36.9561
      vertex -0.651171 -4.94614 36.3334
    endloop
  endfacet
  facet normal -0.768415 -0.513445 0.381984
    outer loop
      vertex -4.26922 -3.27589 35.6537
      vertex -4.66029 -2.69062 35.6537
      vertex -4.5075 -3.45873 34.9286
    endloop
  endfacet
  facet normal -0.720457 -0.4814 0.499195
    outer loop
      vertex -4.32044 -2.49441 36.3334
      vertex -4.66029 -2.69062 35.6537
      vertex -4.26922 -3.27589 35.6537
    endloop
  endfacet
  facet normal -0.0566713 -0.864636 -0.499192
    outer loop
      vertex 0 -5.38124 30.3463
      vertex -0.651171 -4.94614 29.6666
      vertex 0 -4.98882 29.6666
    endloop
  endfacet
  facet normal -0.0519304 -0.792304 -0.607912
    outer loop
      vertex 0 -4.98882 29.6666
      vertex -0.651171 -4.94614 29.6666
      vertex 0 -4.51104 29.0439
    endloop
  endfacet
  facet normal 0.0462871 -0.706304 -0.706393
    outer loop
      vertex 0.516371 -3.92223 28.489
      vertex 0 -4.51104 29.0439
      vertex 0 -3.95607 28.489
    endloop
  endfacet
  facet normal -0.227518 -0.670258 -0.706392
    outer loop
      vertex -1.16754 -4.35733 29.0439
      vertex -1.7263 -4.16766 29.0439
      vertex -1.02391 -3.82127 28.489
    endloop
  endfacet
  facet normal -0.154907 -0.778748 -0.60791
    outer loop
      vertex -0.651171 -4.94614 29.6666
      vertex -1.16754 -4.35733 29.0439
      vertex -0.588808 -4.47245 29.0439
    endloop
  endfacet
  facet normal -0.154903 -0.778747 -0.607913
    outer loop
      vertex -0.651171 -4.94614 29.6666
      vertex -1.2912 -4.81883 29.6666
      vertex -1.16754 -4.35733 29.0439
    endloop
  endfacet
  facet normal -0.194952 -0.170969 0.965797
    outer loop
      vertex -0.928653 -0.712581 38.8847
      vertex -1.53009 -1.17408 38.6816
      vertex -0.827698 -0.827698 38.8847
    endloop
  endfacet
  facet normal -0.40194 -0.458309 0.792715
    outer loop
      vertex -2.35708 -2.35708 37.9888
      vertex -2.79737 -2.79737 37.511
      vertex -2.02926 -2.64458 37.9888
    endloop
  endfacet
  facet normal -0.252826 -0.288285 0.923564
    outer loop
      vertex -1.17408 -1.53009 38.6816
      vertex -1.87647 -1.87647 38.3812
      vertex -1.61549 -2.10535 38.3812
    endloop
  endfacet
  facet normal -0.195955 -0.57725 0.792707
    outer loop
      vertex -0.862753 -3.21984 37.9888
      vertex -1.27564 -3.07968 37.9888
      vertex -1.02391 -3.82127 37.511
    endloop
  endfacet
  facet normal -0.21303 -0.318822 0.923564
    outer loop
      vertex -0.964318 -1.67025 38.6816
      vertex -1.61549 -2.10535 38.3812
      vertex -1.32687 -2.2982 38.3812
    endloop
  endfacet
  facet normal -0.416389 -0.278222 0.865571
    outer loop
      vertex -2.2982 -1.32687 38.3812
      vertex -2.88683 -1.66671 37.9888
      vertex -2.10535 -1.61549 38.3812
    endloop
  endfacet
  facet normal -0.416388 -0.278224 0.86557
    outer loop
      vertex -2.10535 -1.61549 38.3812
      vertex -2.88683 -1.66671 37.9888
      vertex -2.64458 -2.02926 37.9888
    endloop
  endfacet
  facet normal -0.11892 -0.597892 0.792706
    outer loop
      vertex -0.862753 -3.21984 37.9888
      vertex -1.02391 -3.82127 37.511
      vertex -0.435099 -3.3049 37.9888
    endloop
  endfacet
  facet normal -0.118931 -0.597884 0.792711
    outer loop
      vertex -0.435099 -3.3049 37.9888
      vertex -1.02391 -3.82127 37.511
      vertex -0.516371 -3.92223 37.511
    endloop
  endfacet
  facet normal -0.123251 -0.363095 0.923564
    outer loop
      vertex -0.499167 -1.86292 38.6816
      vertex -0.738057 -1.78183 38.6816
      vertex -0.686836 -2.56331 38.3812
    endloop
  endfacet
  facet normal -0.0255314 -0.128359 0.991399
    outer loop
      vertex -0.101565 -0.379047 38.9872
      vertex -0.302958 -1.13066 38.8847
      vertex -0.152786 -1.16053 38.8847
    endloop
  endfacet
  facet normal 0.0462907 -0.706306 0.706392
    outer loop
      vertex 0.516371 -3.92223 37.511
      vertex 0 -4.51104 36.9561
      vertex 0.588808 -4.47245 36.9561
    endloop
  endfacet
  facet normal 0.11892 -0.597892 0.792706
    outer loop
      vertex 0.862753 -3.21984 37.9888
      vertex 0.435099 -3.3049 37.9888
      vertex 1.02391 -3.82127 37.511
    endloop
  endfacet
  facet normal -0.025079 -0.382626 0.923563
    outer loop
      vertex 0 -1.92864 38.6816
      vertex -0.251738 -1.91214 38.6816
      vertex 0 -2.65373 38.3812
    endloop
  endfacet
  facet normal -0.0250752 -0.382625 0.923563
    outer loop
      vertex -0.251738 -1.91214 38.6816
      vertex -0.346381 -2.63103 38.3812
      vertex 0 -2.65373 38.3812
    endloop
  endfacet
  facet normal -0.288286 -0.252826 0.923564
    outer loop
      vertex -1.53009 -1.17408 38.6816
      vertex -1.87647 -1.87647 38.3812
      vertex -1.36375 -1.36375 38.6816
    endloop
  endfacet
  facet normal -0.170969 -0.194952 0.965797
    outer loop
      vertex -0.827698 -0.827698 38.8847
      vertex -1.17408 -1.53009 38.6816
      vertex -0.712581 -0.928653 38.8847
    endloop
  endfacet
  facet normal -0.0727105 -0.108818 0.991399
    outer loop
      vertex -0.238889 -0.311326 38.9872
      vertex -0.712581 -0.928653 38.8847
      vertex -0.585271 -1.01372 38.8847
    endloop
  endfacet
  facet normal 0.0578833 -0.117378 0.991399
    outer loop
      vertex 0.196209 -0.339844 38.9872
      vertex 0.150171 -0.362547 38.9872
      vertex 0.585271 -1.01372 38.8847
    endloop
  endfacet
  facet normal -0.608293 0.039864 0.792711
    outer loop
      vertex -3.92223 0.516371 37.511
      vertex -3.95607 0 37.511
      vertex -3.3049 0.435099 37.9888
    endloop
  endfacet
  facet normal -0.597892 -0.11892 0.792706
    outer loop
      vertex -3.3049 -0.435099 37.9888
      vertex -3.82127 -1.02391 37.511
      vertex -3.21984 -0.862753 37.9888
    endloop
  endfacet
  facet normal 0.889234 -0.438515 -0.130258
    outer loop
      vertex 5.18503 -2.99358 32.6076
      vertex 5.09631 -2.94236 31.8295
      vertex 5.53141 -2.29118 32.6076
    endloop
  endfacet
  facet normal 0.896875 -0.442283 0
    outer loop
      vertex 5.18503 -2.99358 33.3924
      vertex 5.53141 -2.29118 32.6076
      vertex 5.53141 -2.29118 33.3924
    endloop
  endfacet
  facet normal 0.896875 -0.442283 0
    outer loop
      vertex 5.53141 -2.29118 32.6076
      vertex 5.18503 -2.99358 33.3924
      vertex 5.18503 -2.99358 32.6076
    endloop
  endfacet
  facet normal 0.824389 -0.550833 0.130251
    outer loop
      vertex 5.09631 -2.94236 34.1705
      vertex 4.66866 -3.58239 34.1705
      vertex 4.74993 -3.64475 33.3924
    endloop
  endfacet
  facet normal 0.19342 -0.972432 0.130249
    outer loop
      vertex 1.54959 -5.78315 33.3924
      vertex 0.768108 -5.83437 34.1705
      vertex 0.78148 -5.93593 33.3924
    endloop
  endfacet
  facet normal 0.193436 -0.972427 0.130265
    outer loop
      vertex 1.52308 -5.68419 34.1705
      vertex 0.768108 -5.83437 34.1705
      vertex 1.54959 -5.78315 33.3924
    endloop
  endfacet
  facet normal -0.065402 -0.997859 0
    outer loop
      vertex -0.78148 -5.93593 32.6076
      vertex 0 -5.98715 33.3924
      vertex -0.78148 -5.93593 33.3924
    endloop
  endfacet
  facet normal -0.065402 -0.997859 -0
    outer loop
      vertex 0 -5.98715 33.3924
      vertex -0.78148 -5.93593 32.6076
      vertex 0 -5.98715 32.6076
    endloop
  endfacet
  facet normal 0.751841 -0.659344 0
    outer loop
      vertex 4.23356 -4.23356 33.3924
      vertex 4.74993 -3.64475 32.6076
      vertex 4.74993 -3.64475 33.3924
    endloop
  endfacet
  facet normal 0.751841 -0.659344 0
    outer loop
      vertex 4.74993 -3.64475 32.6076
      vertex 4.23356 -4.23356 33.3924
      vertex 4.23356 -4.23356 32.6076
    endloop
  endfacet
  facet normal 0.550833 -0.824389 0.130251
    outer loop
      vertex 3.58239 -4.66866 34.1705
      vertex 2.94236 -5.09631 34.1705
      vertex 3.64475 -4.74993 33.3924
    endloop
  endfacet
  facet normal 0.408757 -0.828855 0.381991
    outer loop
      vertex 2.84079 -4.92039 34.9286
      vertex 2.05931 -4.97161 35.6537
      vertex 2.17425 -5.2491 34.9286
    endloop
  endfacet
  facet normal 0.427288 -0.866431 0.258307
    outer loop
      vertex 2.84079 -4.92039 34.9286
      vertex 2.17425 -5.2491 34.9286
      vertex 2.94236 -5.09631 34.1705
    endloop
  endfacet
  facet normal 0.195942 -0.577249 0.792711
    outer loop
      vertex 1.27564 -3.07968 37.9888
      vertex 1.02391 -3.82127 37.511
      vertex 1.51392 -3.65494 37.511
    endloop
  endfacet
  facet normal 0.227515 -0.670261 0.70639
    outer loop
      vertex 1.51392 -3.65494 37.511
      vertex 1.02391 -3.82127 37.511
      vertex 1.7263 -4.16766 36.9561
    endloop
  endfacet
  facet normal 0.138094 -0.694219 0.706393
    outer loop
      vertex 1.02391 -3.82127 37.511
      vertex 0.516371 -3.92223 37.511
      vertex 1.16754 -4.35733 36.9561
    endloop
  endfacet
  facet normal 0.0519271 -0.792306 0.60791
    outer loop
      vertex 0.588808 -4.47245 36.9561
      vertex 0 -4.51104 36.9561
      vertex 0.651171 -4.94614 36.3334
    endloop
  endfacet
  facet normal 0.221489 -0.449145 0.86557
    outer loop
      vertex 1.66671 -2.88683 37.9888
      vertex 1.01554 -2.45173 38.3812
      vertex 1.27564 -3.07968 37.9888
    endloop
  endfacet
  facet normal 0.169592 -0.343901 0.923564
    outer loop
      vertex 1.32687 -2.2982 38.3812
      vertex 0.738057 -1.78183 38.6816
      vertex 1.01554 -2.45173 38.3812
    endloop
  endfacet
  facet normal 0.0862915 -0.0983965 0.991399
    outer loop
      vertex 0.827698 -0.827698 38.8847
      vertex 0.238889 -0.311326 38.9872
      vertex 0.712581 -0.928653 38.8847
    endloop
  endfacet
  facet normal 0.0420692 0.123928 0.991399
    outer loop
      vertex 0.447947 1.08144 38.8847
      vertex 0.101565 0.379047 38.9872
      vertex 0.150171 0.362547 38.9872
    endloop
  endfacet
  facet normal 0.123928 -0.0420692 0.991399
    outer loop
      vertex 0.379047 -0.101565 38.9872
      vertex 0.362547 -0.150171 38.9872
      vertex 1.08144 -0.447947 38.8847
    endloop
  endfacet
  facet normal 0.117378 -0.0578837 0.991399
    outer loop
      vertex 1.08144 -0.447947 38.8847
      vertex 0.362547 -0.150171 38.9872
      vertex 1.01372 -0.585271 38.8847
    endloop
  endfacet
  facet normal 0.128359 -0.0255314 0.991399
    outer loop
      vertex 1.16053 -0.152786 38.8847
      vertex 0.379047 -0.101565 38.9872
      vertex 1.13066 -0.302958 38.8847
    endloop
  endfacet
  facet normal 0.254318 -0.0505852 0.965797
    outer loop
      vertex 1.16053 -0.152786 38.8847
      vertex 1.13066 -0.302958 38.8847
      vertex 1.91214 -0.251738 38.6816
    endloop
  endfacet
  facet normal 0.194952 -0.170969 0.965797
    outer loop
      vertex 0.928653 -0.712581 38.8847
      vertex 0.827698 -0.827698 38.8847
      vertex 1.53009 -1.17408 38.6816
    endloop
  endfacet
  facet normal 0.215599 -0.144061 0.965797
    outer loop
      vertex 1.01372 -0.585271 38.8847
      vertex 0.928653 -0.712581 38.8847
      vertex 1.53009 -1.17408 38.6816
    endloop
  endfacet
  facet normal 0.21303 -0.318822 0.923564
    outer loop
      vertex 1.61549 -2.10535 38.3812
      vertex 0.964318 -1.67025 38.6816
      vertex 1.32687 -2.2982 38.3812
    endloop
  endfacet
  facet normal 0.169594 -0.3439 0.923564
    outer loop
      vertex 0.964318 -1.67025 38.6816
      vertex 0.738057 -1.78183 38.6816
      vertex 1.32687 -2.2982 38.3812
    endloop
  endfacet
  facet normal 0.0505852 -0.254318 0.965797
    outer loop
      vertex 0.302958 -1.13066 38.8847
      vertex 0.152786 -1.16053 38.8847
      vertex 0.251738 -1.91214 38.6816
    endloop
  endfacet
  facet normal 0.0169521 -0.258746 0.965797
    outer loop
      vertex 0.152786 -1.16053 38.8847
      vertex 0 -1.17054 38.8847
      vertex 0.251738 -1.91214 38.6816
    endloop
  endfacet
  facet normal 0.117378 0.0578833 0.991399
    outer loop
      vertex 1.01372 0.585271 38.8847
      vertex 0.339844 0.196209 38.9872
      vertex 0.362547 0.150171 38.9872
    endloop
  endfacet
  facet normal 0.194951 -0.170971 0.965797
    outer loop
      vertex 1.53009 -1.17408 38.6816
      vertex 0.827698 -0.827698 38.8847
      vertex 1.36375 -1.36375 38.6816
    endloop
  endfacet
  facet normal 0.170971 -0.194951 0.965797
    outer loop
      vertex 1.36375 -1.36375 38.6816
      vertex 0.827698 -0.827698 38.8847
      vertex 1.17408 -1.53009 38.6816
    endloop
  endfacet
  facet normal 0.3439 -0.169594 0.923564
    outer loop
      vertex 1.78183 -0.738057 38.6816
      vertex 1.67025 -0.964318 38.6816
      vertex 2.2982 -1.32687 38.3812
    endloop
  endfacet
  facet normal 0.232559 -0.114686 0.965797
    outer loop
      vertex 1.78183 -0.738057 38.6816
      vertex 1.01372 -0.585271 38.8847
      vertex 1.67025 -0.964318 38.6816
    endloop
  endfacet
  facet normal 0.123928 0.0420703 0.991399
    outer loop
      vertex 1.08144 0.447947 38.8847
      vertex 0.379047 0.101565 38.9872
      vertex 1.13066 0.302958 38.8847
    endloop
  endfacet
  facet normal 0.254318 0.0505852 0.965797
    outer loop
      vertex 1.91214 0.251738 38.6816
      vertex 1.13066 0.302958 38.8847
      vertex 1.16053 0.152786 38.8847
    endloop
  endfacet
  facet normal -0.0420692 -0.123928 0.991399
    outer loop
      vertex -0.150171 -0.362547 38.9872
      vertex -0.447947 -1.08144 38.8847
      vertex -0.101565 -0.379047 38.9872
    endloop
  endfacet
  facet normal -0.0983955 -0.0862924 0.991399
    outer loop
      vertex -0.311326 -0.238889 38.9872
      vertex -0.827698 -0.827698 38.8847
      vertex -0.277481 -0.277481 38.9872
    endloop
  endfacet
  facet normal -0.0578833 -0.117378 0.991399
    outer loop
      vertex -0.196209 -0.339844 38.9872
      vertex -0.585271 -1.01372 38.8847
      vertex -0.150171 -0.362547 38.9872
    endloop
  endfacet
  facet normal -0.820513 0.278523 -0.499183
    outer loop
      vertex -4.81883 1.2912 29.6666
      vertex -4.97161 2.05931 30.3463
      vertex -4.60907 1.90914 29.6666
    endloop
  endfacet
  facet normal -0.820502 0.278535 -0.499194
    outer loop
      vertex -4.81883 1.2912 29.6666
      vertex -5.19788 1.39277 30.3463
      vertex -4.97161 2.05931 30.3463
    endloop
  endfacet
  facet normal -0.458309 0.40194 -0.792715
    outer loop
      vertex -2.64458 2.02926 28.0112
      vertex -2.79737 2.79737 28.489
      vertex -2.35708 2.35708 28.0112
    endloop
  endfacet
  facet normal -0.40194 0.458309 -0.792715
    outer loop
      vertex -2.35708 2.35708 28.0112
      vertex -2.79737 2.79737 28.489
      vertex -2.02926 2.64458 28.0112
    endloop
  endfacet
  facet normal -0.0976998 0.491178 -0.865563
    outer loop
      vertex -0.391578 2.97433 27.8187
      vertex -0.558589 2.94111 27.8187
      vertex -0.435099 3.3049 28.0112
    endloop
  endfacet
  facet normal -0.0327629 0.499728 -0.865563
    outer loop
      vertex -0.391578 2.97433 27.8187
      vertex -0.435099 3.3049 28.0112
      vertex -0.221661 2.98547 27.8187
    endloop
  endfacet
  facet normal 0.376517 -0.330208 -0.865562
    outer loop
      vertex 2.35708 -2.35708 28.0112
      vertex 2.26778 -1.95431 27.8187
      vertex 2.64458 -2.02926 28.0112
    endloop
  endfacet
  facet normal 0.376533 -0.330202 -0.865557
    outer loop
      vertex 2.26778 -1.95431 27.8187
      vertex 2.35708 -2.35708 28.0112
      vertex 2.12132 -2.12132 27.8187
    endloop
  endfacet
  facet normal 0.458309 -0.40194 -0.792715
    outer loop
      vertex 2.79737 -2.79737 28.489
      vertex 2.35708 -2.35708 28.0112
      vertex 2.64458 -2.02926 28.0112
    endloop
  endfacet
  facet normal 0.57725 -0.195955 -0.792707
    outer loop
      vertex 3.82127 -1.02391 28.489
      vertex 3.07968 -1.27564 28.0112
      vertex 3.21984 -0.862753 28.0112
    endloop
  endfacet
  facet normal 0.577249 -0.195942 -0.792711
    outer loop
      vertex 3.65494 -1.51392 28.489
      vertex 3.07968 -1.27564 28.0112
      vertex 3.82127 -1.02391 28.489
    endloop
  endfacet
  facet normal 0.449161 -0.221493 -0.865561
    outer loop
      vertex 2.88683 -1.66671 28.0112
      vertex 2.59808 -1.5 27.8187
      vertex 2.67339 -1.34728 27.8187
    endloop
  endfacet
  facet normal 0.778748 -0.154907 -0.60791
    outer loop
      vertex 4.94614 -0.651171 29.6666
      vertex 4.35733 -1.16754 29.0439
      vertex 4.47245 -0.588808 29.0439
    endloop
  endfacet
  facet normal 0.69422 -0.138093 -0.706392
    outer loop
      vertex 4.35733 -1.16754 29.0439
      vertex 3.92223 -0.516371 28.489
      vertex 4.47245 -0.588808 29.0439
    endloop
  endfacet
  facet normal 0.751868 -0.255222 -0.607912
    outer loop
      vertex 4.60907 -1.90914 29.6666
      vertex 4.16766 -1.7263 29.0439
      vertex 4.81883 -1.2912 29.6666
    endloop
  endfacet
  facet normal 0.712118 -0.351186 -0.607912
    outer loop
      vertex 4.32044 -2.49441 29.6666
      vertex 4.16766 -1.7263 29.0439
      vertex 4.60907 -1.90914 29.6666
    endloop
  endfacet
  facet normal 0.169594 0.3439 0.923564
    outer loop
      vertex 1.32687 2.2982 38.3812
      vertex 0.738057 1.78183 38.6816
      vertex 0.964318 1.67025 38.6816
    endloop
  endfacet
  facet normal 0.21303 0.318822 0.923564
    outer loop
      vertex 1.32687 2.2982 38.3812
      vertex 0.964318 1.67025 38.6816
      vertex 1.61549 2.10535 38.3812
    endloop
  endfacet
  facet normal 0.777134 0.383249 -0.499183
    outer loop
      vertex 4.60907 1.90914 29.6666
      vertex 4.32044 2.49441 29.6666
      vertex 4.97161 2.05931 30.3463
    endloop
  endfacet
  facet normal 0.751867 0.25522 -0.607913
    outer loop
      vertex 4.35733 1.16754 29.0439
      vertex 4.16766 1.7263 29.0439
      vertex 4.81883 1.2912 29.6666
    endloop
  endfacet
  facet normal 0.58854 0.39324 -0.706388
    outer loop
      vertex 3.90667 2.25552 29.0439
      vertex 3.13857 2.40831 28.489
      vertex 3.57885 2.74615 29.0439
    endloop
  endfacet
  facet normal 0.532172 0.4667 -0.706388
    outer loop
      vertex 3.57885 2.74615 29.0439
      vertex 3.13857 2.40831 28.489
      vertex 3.18979 3.18979 29.0439
    endloop
  endfacet
  facet normal 0.906417 0.180299 -0.38197
    outer loop
      vertex 5.63297 0.741594 31.0714
      vertex 5.19788 1.39277 30.3463
      vertex 5.48798 1.4705 31.0714
    endloop
  endfacet
  facet normal 0.906416 0.180291 -0.381976
    outer loop
      vertex 5.3352 0.702392 30.3463
      vertex 5.19788 1.39277 30.3463
      vertex 5.63297 0.741594 31.0714
    endloop
  endfacet
  facet normal 0.828855 0.408757 -0.381991
    outer loop
      vertex 4.97161 2.05931 30.3463
      vertex 4.92039 2.84079 31.0714
      vertex 5.2491 2.17425 31.0714
    endloop
  endfacet
  facet normal 0.866431 0.427288 -0.258307
    outer loop
      vertex 5.2491 2.17425 31.0714
      vertex 4.92039 2.84079 31.0714
      vertex 5.09631 2.94236 31.8295
    endloop
  endfacet
  facet normal 0.997859 0.065402 0
    outer loop
      vertex 5.98715 0 33.3924
      vertex 5.93593 0.78148 32.6076
      vertex 5.93593 0.78148 33.3924
    endloop
  endfacet
  facet normal 0.997859 0.065402 0
    outer loop
      vertex 5.93593 0.78148 32.6076
      vertex 5.98715 0 33.3924
      vertex 5.98715 0 32.6076
    endloop
  endfacet
  facet normal 0.0250752 0.382625 0.923563
    outer loop
      vertex 0.346381 2.63103 38.3812
      vertex 0 2.65373 38.3812
      vertex 0.251738 1.91214 38.6816
    endloop
  endfacet
  facet normal 0.0748058 0.376078 0.923563
    outer loop
      vertex 0.346381 2.63103 38.3812
      vertex 0.251738 1.91214 38.6816
      vertex 0.686836 2.56331 38.3812
    endloop
  endfacet
  facet normal -0.0250752 0.382625 0.923563
    outer loop
      vertex 0 2.65373 38.3812
      vertex -0.346381 2.63103 38.3812
      vertex -0.251738 1.91214 38.6816
    endloop
  endfacet
  facet normal -0.0748058 0.376078 0.923563
    outer loop
      vertex -0.346381 2.63103 38.3812
      vertex -0.686836 2.56331 38.3812
      vertex -0.251738 1.91214 38.6816
    endloop
  endfacet
  facet normal 0 0 1
    outer loop
      vertex 0.389061 0.0512209 38.9872
      vertex 0.389061 -0.0512209 38.9872
      vertex 0.392418 0 38.9872
    endloop
  endfacet
  facet normal 0 0 1
    outer loop
      vertex 0.379047 0.101565 38.9872
      vertex 0.389061 -0.0512209 38.9872
      vertex 0.389061 0.0512209 38.9872
    endloop
  endfacet
  facet normal 0 0 1
    outer loop
      vertex 0.379047 0.101565 38.9872
      vertex 0.379047 -0.101565 38.9872
      vertex 0.389061 -0.0512209 38.9872
    endloop
  endfacet
  facet normal 0 0 1
    outer loop
      vertex 0.362547 0.150171 38.9872
      vertex 0.379047 -0.101565 38.9872
      vertex 0.379047 0.101565 38.9872
    endloop
  endfacet
  facet normal 0 0 1
    outer loop
      vertex 0.362547 0.150171 38.9872
      vertex 0.362547 -0.150171 38.9872
      vertex 0.379047 -0.101565 38.9872
    endloop
  endfacet
  facet normal 0 0 1
    outer loop
      vertex 0.339844 0.196209 38.9872
      vertex 0.362547 -0.150171 38.9872
      vertex 0.362547 0.150171 38.9872
    endloop
  endfacet
  facet normal 0 0 1
    outer loop
      vertex 0.339844 0.196209 38.9872
      vertex 0.339844 -0.196209 38.9872
      vertex 0.362547 -0.150171 38.9872
    endloop
  endfacet
  facet normal 0 0 1
    outer loop
      vertex 0.311326 0.238889 38.9872
      vertex 0.339844 -0.196209 38.9872
      vertex 0.339844 0.196209 38.9872
    endloop
  endfacet
  facet normal 0 0 1
    outer loop
      vertex 0.311326 0.238889 38.9872
      vertex 0.311326 -0.238889 38.9872
      vertex 0.339844 -0.196209 38.9872
    endloop
  endfacet
  facet normal 0 0 1
    outer loop
      vertex 0.277481 0.277481 38.9872
      vertex 0.311326 -0.238889 38.9872
      vertex 0.311326 0.238889 38.9872
    endloop
  endfacet
  facet normal 0 0 1
    outer loop
      vertex 0.277481 0.277481 38.9872
      vertex 0.277481 -0.277481 38.9872
      vertex 0.311326 -0.238889 38.9872
    endloop
  endfacet
  facet normal 0 0 1
    outer loop
      vertex 0.238889 0.311326 38.9872
      vertex 0.277481 -0.277481 38.9872
      vertex 0.277481 0.277481 38.9872
    endloop
  endfacet
  facet normal 0 0 1
    outer loop
      vertex 0.238889 0.311326 38.9872
      vertex 0.238889 -0.311326 38.9872
      vertex 0.277481 -0.277481 38.9872
    endloop
  endfacet
  facet normal 0 0 1
    outer loop
      vertex 0.196209 0.339844 38.9872
      vertex 0.238889 -0.311326 38.9872
      vertex 0.238889 0.311326 38.9872
    endloop
  endfacet
  facet normal 0 0 1
    outer loop
      vertex 0.196209 0.339844 38.9872
      vertex 0.196209 -0.339844 38.9872
      vertex 0.238889 -0.311326 38.9872
    endloop
  endfacet
  facet normal 0 0 1
    outer loop
      vertex 0.150171 0.362547 38.9872
      vertex 0.196209 -0.339844 38.9872
      vertex 0.196209 0.339844 38.9872
    endloop
  endfacet
  facet normal 0 0 1
    outer loop
      vertex 0.150171 0.362547 38.9872
      vertex 0.150171 -0.362547 38.9872
      vertex 0.196209 -0.339844 38.9872
    endloop
  endfacet
  facet normal 0 0 1
    outer loop
      vertex 0.101565 0.379047 38.9872
      vertex 0.150171 -0.362547 38.9872
      vertex 0.150171 0.362547 38.9872
    endloop
  endfacet
  facet normal 0 0 1
    outer loop
      vertex 0.101565 0.379047 38.9872
      vertex 0.101565 -0.379047 38.9872
      vertex 0.150171 -0.362547 38.9872
    endloop
  endfacet
  facet normal 0 0 1
    outer loop
      vertex 0.0512209 0.389061 38.9872
      vertex 0.101565 -0.379047 38.9872
      vertex 0.101565 0.379047 38.9872
    endloop
  endfacet
  facet normal 0 0 1
    outer loop
      vertex 0.0512209 0.389061 38.9872
      vertex 0.0512209 -0.389061 38.9872
      vertex 0.101565 -0.379047 38.9872
    endloop
  endfacet
  facet normal 0 0 1
    outer loop
      vertex 0 0.392418 38.9872
      vertex 0.0512209 -0.389061 38.9872
      vertex 0.0512209 0.389061 38.9872
    endloop
  endfacet
  facet normal 0 0 1
    outer loop
      vertex 0 0.392418 38.9872
      vertex 0 -0.392418 38.9872
      vertex 0.0512209 -0.389061 38.9872
    endloop
  endfacet
  facet normal -0 0 1
    outer loop
      vertex -0.0512209 0.389061 38.9872
      vertex 0 -0.392418 38.9872
      vertex 0 0.392418 38.9872
    endloop
  endfacet
  facet normal 0 0 1
    outer loop
      vertex -0.0512209 0.389061 38.9872
      vertex -0.0512209 -0.389061 38.9872
      vertex 0 -0.392418 38.9872
    endloop
  endfacet
  facet normal -0 0 1
    outer loop
      vertex -0.101565 0.379047 38.9872
      vertex -0.0512209 -0.389061 38.9872
      vertex -0.0512209 0.389061 38.9872
    endloop
  endfacet
  facet normal 0 0 1
    outer loop
      vertex -0.101565 0.379047 38.9872
      vertex -0.101565 -0.379047 38.9872
      vertex -0.0512209 -0.389061 38.9872
    endloop
  endfacet
  facet normal -0 0 1
    outer loop
      vertex -0.150171 0.362547 38.9872
      vertex -0.101565 -0.379047 38.9872
      vertex -0.101565 0.379047 38.9872
    endloop
  endfacet
  facet normal 0 0 1
    outer loop
      vertex -0.150171 0.362547 38.9872
      vertex -0.150171 -0.362547 38.9872
      vertex -0.101565 -0.379047 38.9872
    endloop
  endfacet
  facet normal -0 0 1
    outer loop
      vertex -0.196209 0.339844 38.9872
      vertex -0.150171 -0.362547 38.9872
      vertex -0.150171 0.362547 38.9872
    endloop
  endfacet
  facet normal 0 0 1
    outer loop
      vertex -0.196209 0.339844 38.9872
      vertex -0.196209 -0.339844 38.9872
      vertex -0.150171 -0.362547 38.9872
    endloop
  endfacet
  facet normal -0 0 1
    outer loop
      vertex -0.238889 0.311326 38.9872
      vertex -0.196209 -0.339844 38.9872
      vertex -0.196209 0.339844 38.9872
    endloop
  endfacet
  facet normal 0 0 1
    outer loop
      vertex -0.238889 0.311326 38.9872
      vertex -0.238889 -0.311326 38.9872
      vertex -0.196209 -0.339844 38.9872
    endloop
  endfacet
  facet normal -0 0 1
    outer loop
      vertex -0.277481 0.277481 38.9872
      vertex -0.238889 -0.311326 38.9872
      vertex -0.238889 0.311326 38.9872
    endloop
  endfacet
  facet normal 0 0 1
    outer loop
      vertex -0.277481 0.277481 38.9872
      vertex -0.277481 -0.277481 38.9872
      vertex -0.238889 -0.311326 38.9872
    endloop
  endfacet
  facet normal -0 0 1
    outer loop
      vertex -0.311326 0.238889 38.9872
      vertex -0.277481 -0.277481 38.9872
      vertex -0.277481 0.277481 38.9872
    endloop
  endfacet
  facet normal 0 0 1
    outer loop
      vertex -0.311326 0.238889 38.9872
      vertex -0.311326 -0.238889 38.9872
      vertex -0.277481 -0.277481 38.9872
    endloop
  endfacet
  facet normal -0 0 1
    outer loop
      vertex -0.339844 0.196209 38.9872
      vertex -0.311326 -0.238889 38.9872
      vertex -0.311326 0.238889 38.9872
    endloop
  endfacet
  facet normal 0 0 1
    outer loop
      vertex -0.339844 0.196209 38.9872
      vertex -0.339844 -0.196209 38.9872
      vertex -0.311326 -0.238889 38.9872
    endloop
  endfacet
  facet normal -0 0 1
    outer loop
      vertex -0.362547 0.150171 38.9872
      vertex -0.339844 -0.196209 38.9872
      vertex -0.339844 0.196209 38.9872
    endloop
  endfacet
  facet normal 0 0 1
    outer loop
      vertex -0.362547 0.150171 38.9872
      vertex -0.362547 -0.150171 38.9872
      vertex -0.339844 -0.196209 38.9872
    endloop
  endfacet
  facet normal -0 0 1
    outer loop
      vertex -0.379047 0.101565 38.9872
      vertex -0.362547 -0.150171 38.9872
      vertex -0.362547 0.150171 38.9872
    endloop
  endfacet
  facet normal 0 0 1
    outer loop
      vertex -0.379047 0.101565 38.9872
      vertex -0.379047 -0.101565 38.9872
      vertex -0.362547 -0.150171 38.9872
    endloop
  endfacet
  facet normal -0 0 1
    outer loop
      vertex -0.389061 0.0512209 38.9872
      vertex -0.379047 -0.101565 38.9872
      vertex -0.379047 0.101565 38.9872
    endloop
  endfacet
  facet normal 0 0 1
    outer loop
      vertex -0.389061 0.0512209 38.9872
      vertex -0.389061 -0.0512209 38.9872
      vertex -0.379047 -0.101565 38.9872
    endloop
  endfacet
  facet normal 0 -0 1
    outer loop
      vertex -0.389061 -0.0512209 38.9872
      vertex -0.389061 0.0512209 38.9872
      vertex -0.392418 0 38.9872
    endloop
  endfacet
  facet normal 0.0255314 0.128359 0.991399
    outer loop
      vertex 0.152786 1.16053 38.8847
      vertex 0.101565 0.379047 38.9872
      vertex 0.302958 1.13066 38.8847
    endloop
  endfacet
  facet normal 0.0833476 0.245541 0.965797
    outer loop
      vertex 0.499167 1.86292 38.6816
      vertex 0.302958 1.13066 38.8847
      vertex 0.738057 1.78183 38.6816
    endloop
  endfacet
  facet normal 0.123251 0.363095 0.923564
    outer loop
      vertex 0.686836 2.56331 38.3812
      vertex 0.499167 1.86292 38.6816
      vertex 0.738057 1.78183 38.6816
    endloop
  endfacet
  facet normal -0.0727105 0.108818 0.991399
    outer loop
      vertex -0.585271 1.01372 38.8847
      vertex -0.712581 0.928653 38.8847
      vertex -0.238889 0.311326 38.9872
    endloop
  endfacet
  facet normal -0.144061 0.215599 0.965797
    outer loop
      vertex -0.585271 1.01372 38.8847
      vertex -1.17408 1.53009 38.6816
      vertex -0.712581 0.928653 38.8847
    endloop
  endfacet
  facet normal -0.0505852 0.254318 0.965797
    outer loop
      vertex -0.251738 1.91214 38.6816
      vertex -0.302958 1.13066 38.8847
      vertex -0.152786 1.16053 38.8847
    endloop
  endfacet
  facet normal -0.0255314 0.128359 0.991399
    outer loop
      vertex -0.152786 1.16053 38.8847
      vertex -0.302958 1.13066 38.8847
      vertex -0.101565 0.379047 38.9872
    endloop
  endfacet
  facet normal -0.376075 0.074811 0.923564
    outer loop
      vertex -1.86292 0.499167 38.6816
      vertex -2.56331 0.686836 38.3812
      vertex -1.91214 0.251738 38.6816
    endloop
  endfacet
  facet normal -0.363095 0.123251 0.923564
    outer loop
      vertex -1.78183 0.738057 38.6816
      vertex -2.56331 0.686836 38.3812
      vertex -1.86292 0.499167 38.6816
    endloop
  endfacet
  facet normal -0.720457 -0.4814 -0.499195
    outer loop
      vertex -4.26922 -3.27589 30.3463
      vertex -4.66029 -2.69062 30.3463
      vertex -4.32044 -2.49441 29.6666
    endloop
  endfacet
  facet normal -0.720459 -0.481399 -0.499194
    outer loop
      vertex -4.26922 -3.27589 30.3463
      vertex -4.32044 -2.49441 29.6666
      vertex -3.95789 -3.037 29.6666
    endloop
  endfacet
  facet normal -0.383249 0.777134 -0.499183
    outer loop
      vertex -1.90914 4.60907 29.6666
      vertex -2.49441 4.32044 29.6666
      vertex -2.05931 4.97161 30.3463
    endloop
  endfacet
  facet normal -0.278523 0.820513 -0.499183
    outer loop
      vertex -1.90914 4.60907 29.6666
      vertex -2.05931 4.97161 30.3463
      vertex -1.2912 4.81883 29.6666
    endloop
  endfacet
  facet normal -0.4814 0.720457 -0.499195
    outer loop
      vertex -2.49441 4.32044 29.6666
      vertex -3.27589 4.26922 30.3463
      vertex -2.69062 4.66029 30.3463
    endloop
  endfacet
  facet normal -0.513445 0.768415 -0.381984
    outer loop
      vertex -3.27589 4.26922 30.3463
      vertex -3.45873 4.5075 31.0714
      vertex -2.69062 4.66029 30.3463
    endloop
  endfacet
  facet normal -0.441131 0.660193 -0.607905
    outer loop
      vertex -2.74615 3.57885 29.0439
      vertex -3.037 3.95789 29.6666
      vertex -2.49441 4.32044 29.6666
    endloop
  endfacet
  facet normal -0.441117 0.660195 -0.607913
    outer loop
      vertex -2.25552 3.90667 29.0439
      vertex -2.74615 3.57885 29.0439
      vertex -2.49441 4.32044 29.6666
    endloop
  endfacet
  facet normal -0.318705 0.93886 0.130264
    outer loop
      vertex -1.54959 5.78315 33.3924
      vertex -2.29118 5.53141 33.3924
      vertex -1.52308 5.68419 34.1705
    endloop
  endfacet
  facet normal -0.438512 0.889235 0.130261
    outer loop
      vertex -2.29118 5.53141 33.3924
      vertex -2.94236 5.09631 34.1705
      vertex -2.25198 5.43676 34.1705
    endloop
  endfacet
  facet normal -0.427273 0.866444 0.258289
    outer loop
      vertex -2.25198 5.43676 34.1705
      vertex -2.94236 5.09631 34.1705
      vertex -2.17425 5.2491 34.9286
    endloop
  endfacet
  facet normal 0.195955 0.57725 0.792707
    outer loop
      vertex 1.02391 3.82127 37.511
      vertex 0.862753 3.21984 37.9888
      vertex 1.27564 3.07968 37.9888
    endloop
  endfacet
  facet normal 0.160976 0.474208 0.865571
    outer loop
      vertex 0.862753 3.21984 37.9888
      vertex 0.686836 2.56331 38.3812
      vertex 1.27564 3.07968 37.9888
    endloop
  endfacet
  facet normal -0.278535 0.820502 0.499194
    outer loop
      vertex -1.39277 5.19788 35.6537
      vertex -2.05931 4.97161 35.6537
      vertex -1.2912 4.81883 36.3334
    endloop
  endfacet
  facet normal -0.297075 0.875116 0.381991
    outer loop
      vertex -1.39277 5.19788 35.6537
      vertex -2.17425 5.2491 34.9286
      vertex -2.05931 4.97161 35.6537
    endloop
  endfacet
  facet normal -0.441117 0.660195 0.607913
    outer loop
      vertex -2.49441 4.32044 36.3334
      vertex -2.74615 3.57885 36.9561
      vertex -2.25552 3.90667 36.9561
    endloop
  endfacet
  facet normal -0.39324 0.58854 0.706388
    outer loop
      vertex -2.25552 3.90667 36.9561
      vertex -2.74615 3.57885 36.9561
      vertex -2.40831 3.13857 37.511
    endloop
  endfacet
  facet normal -0.383249 0.777134 0.499183
    outer loop
      vertex -2.05931 4.97161 35.6537
      vertex -2.49441 4.32044 36.3334
      vertex -1.90914 4.60907 36.3334
    endloop
  endfacet
  facet normal -0.351186 0.712118 0.607912
    outer loop
      vertex -1.90914 4.60907 36.3334
      vertex -2.49441 4.32044 36.3334
      vertex -1.7263 4.16766 36.9561
    endloop
  endfacet
  facet normal -0.221489 0.449145 0.86557
    outer loop
      vertex -1.27564 3.07968 37.9888
      vertex -1.66671 2.88683 37.9888
      vertex -1.01554 2.45173 38.3812
    endloop
  endfacet
  facet normal -0.160973 0.474211 0.86557
    outer loop
      vertex -0.686836 2.56331 38.3812
      vertex -1.27564 3.07968 37.9888
      vertex -1.01554 2.45173 38.3812
    endloop
  endfacet
  facet normal -0.0519271 0.792306 0.60791
    outer loop
      vertex 0 4.51104 36.9561
      vertex -0.651171 4.94614 36.3334
      vertex -0.588808 4.47245 36.9561
    endloop
  endfacet
  facet normal -0.154907 0.778748 0.60791
    outer loop
      vertex -0.651171 4.94614 36.3334
      vertex -1.16754 4.35733 36.9561
      vertex -0.588808 4.47245 36.9561
    endloop
  endfacet
  facet normal -0.0566748 0.864638 0.499189
    outer loop
      vertex 0 5.38124 35.6537
      vertex -0.702392 5.3352 35.6537
      vertex -0.651171 4.94614 36.3334
    endloop
  endfacet
  facet normal -0.0604474 0.922193 0.381976
    outer loop
      vertex 0 5.38124 35.6537
      vertex -0.741594 5.63297 34.9286
      vertex -0.702392 5.3352 35.6537
    endloop
  endfacet
  facet normal -0.922193 0.0604474 -0.381976
    outer loop
      vertex -5.38124 0 30.3463
      vertex -5.63297 0.741594 31.0714
      vertex -5.3352 0.702392 30.3463
    endloop
  endfacet
  facet normal -0.906416 0.180291 -0.381976
    outer loop
      vertex -5.3352 0.702392 30.3463
      vertex -5.63297 0.741594 31.0714
      vertex -5.19788 1.39277 30.3463
    endloop
  endfacet
  facet normal 0.154907 -0.778748 -0.60791
    outer loop
      vertex 0.651171 -4.94614 29.6666
      vertex 0.588808 -4.47245 29.0439
      vertex 1.16754 -4.35733 29.0439
    endloop
  endfacet
  facet normal 0.0519271 -0.792306 -0.60791
    outer loop
      vertex 0.651171 -4.94614 29.6666
      vertex 0 -4.51104 29.0439
      vertex 0.588808 -4.47245 29.0439
    endloop
  endfacet
  facet normal 0.039864 -0.608293 -0.792711
    outer loop
      vertex 0.516371 -3.92223 28.489
      vertex 0 -3.95607 28.489
      vertex 0.435099 -3.3049 28.0112
    endloop
  endfacet
  facet normal 0.118931 -0.597884 -0.792711
    outer loop
      vertex 0.516371 -3.92223 28.489
      vertex 0.435099 -3.3049 28.0112
      vertex 1.02391 -3.82127 28.489
    endloop
  endfacet
  facet normal -0.864638 0.0566748 -0.499189
    outer loop
      vertex -4.94614 0.651171 29.6666
      vertex -5.38124 0 30.3463
      vertex -5.3352 0.702392 30.3463
    endloop
  endfacet
  facet normal -0.751867 0.25522 -0.607913
    outer loop
      vertex -4.35733 1.16754 29.0439
      vertex -4.81883 1.2912 29.6666
      vertex -4.16766 1.7263 29.0439
    endloop
  endfacet
  facet normal -0.474219 -0.16098 -0.865565
    outer loop
      vertex -3.21984 -0.862753 28.0112
      vertex -2.82637 -0.986804 27.8187
      vertex -3.07968 -1.27564 28.0112
    endloop
  endfacet
  facet normal -0.474221 -0.160992 -0.865561
    outer loop
      vertex -2.82637 -0.986804 27.8187
      vertex -3.21984 -0.862753 28.0112
      vertex -2.89778 -0.776457 27.8187
    endloop
  endfacet
  facet normal -0.491178 0.0976998 -0.865563
    outer loop
      vertex -2.97433 0.391578 27.8187
      vertex -3.3049 0.435099 28.0112
      vertex -2.94111 0.558589 27.8187
    endloop
  endfacet
  facet normal -0.499728 0.0327629 -0.865563
    outer loop
      vertex -3.3049 0.435099 28.0112
      vertex -2.97433 0.391578 27.8187
      vertex -2.98547 0.221661 27.8187
    endloop
  endfacet
  facet normal -0.577249 0.195942 -0.792711
    outer loop
      vertex -3.07968 1.27564 28.0112
      vertex -3.82127 1.02391 28.489
      vertex -3.65494 1.51392 28.489
    endloop
  endfacet
  facet normal -0.546734 0.269613 -0.792711
    outer loop
      vertex -3.07968 1.27564 28.0112
      vertex -3.65494 1.51392 28.489
      vertex -2.88683 1.66671 28.0112
    endloop
  endfacet
  facet normal -0.474233 -0.160964 -0.86556
    outer loop
      vertex -2.77164 -1.14805 27.8187
      vertex -3.07968 -1.27564 28.0112
      vertex -2.82637 -0.986804 27.8187
    endloop
  endfacet
  facet normal -0.608293 -0.039864 -0.792711
    outer loop
      vertex -3.92223 -0.516371 28.489
      vertex -3.95607 0 28.489
      vertex -3.3049 -0.435099 28.0112
    endloop
  endfacet
  facet normal -0.849841 -0.169044 -0.499194
    outer loop
      vertex -4.81883 -1.2912 29.6666
      vertex -5.19788 -1.39277 30.3463
      vertex -4.94614 -0.651171 29.6666
    endloop
  endfacet
  facet normal -0.532172 -0.4667 0.706388
    outer loop
      vertex -3.13857 -2.40831 37.511
      vertex -3.57885 -2.74615 36.9561
      vertex -3.18979 -3.18979 36.9561
    endloop
  endfacet
  facet normal -0.58854 -0.39324 0.706388
    outer loop
      vertex -3.13857 -2.40831 37.511
      vertex -3.90667 -2.25552 36.9561
      vertex -3.57885 -2.74615 36.9561
    endloop
  endfacet
  facet normal -0.310518 -0.914799 0.258303
    outer loop
      vertex -1.4705 -5.48798 34.9286
      vertex -2.17425 -5.2491 34.9286
      vertex -1.52308 -5.68419 34.1705
    endloop
  endfacet
  facet normal -0.310534 -0.914798 0.258289
    outer loop
      vertex -2.17425 -5.2491 34.9286
      vertex -2.25198 -5.43676 34.1705
      vertex -1.52308 -5.68419 34.1705
    endloop
  endfacet
  facet normal -0.180299 -0.906417 0.38197
    outer loop
      vertex -1.39277 -5.19788 35.6537
      vertex -1.4705 -5.48798 34.9286
      vertex -0.741594 -5.63297 34.9286
    endloop
  endfacet
  facet normal -0.188472 -0.947501 0.258302
    outer loop
      vertex -1.4705 -5.48798 34.9286
      vertex -1.52308 -5.68419 34.1705
      vertex -0.741594 -5.63297 34.9286
    endloop
  endfacet
  facet normal -0.195942 -0.577249 -0.792711
    outer loop
      vertex -1.02391 -3.82127 28.489
      vertex -1.51392 -3.65494 28.489
      vertex -1.27564 -3.07968 28.0112
    endloop
  endfacet
  facet normal -0.195955 -0.57725 -0.792707
    outer loop
      vertex -1.02391 -3.82127 28.489
      vertex -1.27564 -3.07968 28.0112
      vertex -0.862753 -3.21984 28.0112
    endloop
  endfacet
  facet normal -0.330199 -0.376507 0.86557
    outer loop
      vertex -1.87647 -1.87647 38.3812
      vertex -2.35708 -2.35708 37.9888
      vertex -2.02926 -2.64458 37.9888
    endloop
  endfacet
  facet normal -0.376507 -0.330199 0.86557
    outer loop
      vertex -1.87647 -1.87647 38.3812
      vertex -2.64458 -2.02926 37.9888
      vertex -2.35708 -2.35708 37.9888
    endloop
  endfacet
  facet normal -0.330198 -0.376507 0.86557
    outer loop
      vertex -1.87647 -1.87647 38.3812
      vertex -2.02926 -2.64458 37.9888
      vertex -1.61549 -2.10535 38.3812
    endloop
  endfacet
  facet normal -0.278224 -0.416388 0.86557
    outer loop
      vertex -1.61549 -2.10535 38.3812
      vertex -2.02926 -2.64458 37.9888
      vertex -1.66671 -2.88683 37.9888
    endloop
  endfacet
  facet normal -0.144061 -0.2156 0.965797
    outer loop
      vertex -0.585271 -1.01372 38.8847
      vertex -1.17408 -1.53009 38.6816
      vertex -0.964318 -1.67025 38.6816
    endloop
  endfacet
  facet normal -0.213031 -0.31882 0.923564
    outer loop
      vertex -1.17408 -1.53009 38.6816
      vertex -1.61549 -2.10535 38.3812
      vertex -0.964318 -1.67025 38.6816
    endloop
  endfacet
  facet normal -0.169592 -0.343901 0.923564
    outer loop
      vertex -0.738057 -1.78183 38.6816
      vertex -1.32687 -2.2982 38.3812
      vertex -1.01554 -2.45173 38.3812
    endloop
  endfacet
  facet normal -0.221491 -0.449142 0.865571
    outer loop
      vertex -1.32687 -2.2982 38.3812
      vertex -1.66671 -2.88683 37.9888
      vertex -1.01554 -2.45173 38.3812
    endloop
  endfacet
  facet normal -0.0327554 -0.499713 0.865571
    outer loop
      vertex 0 -2.65373 38.3812
      vertex -0.435099 -3.3049 37.9888
      vertex 0 -3.33342 37.9888
    endloop
  endfacet
  facet normal -0.195942 -0.577249 0.792711
    outer loop
      vertex -1.27564 -3.07968 37.9888
      vertex -1.51392 -3.65494 37.511
      vertex -1.02391 -3.82127 37.511
    endloop
  endfacet
  facet normal -0.0505852 -0.254318 0.965797
    outer loop
      vertex -0.152786 -1.16053 38.8847
      vertex -0.302958 -1.13066 38.8847
      vertex -0.251738 -1.91214 38.6816
    endloop
  endfacet
  facet normal -0.0169521 -0.258746 0.965797
    outer loop
      vertex -0.152786 -1.16053 38.8847
      vertex -0.251738 -1.91214 38.6816
      vertex 0 -1.17054 38.8847
    endloop
  endfacet
  facet normal -0.0505904 -0.254318 0.965797
    outer loop
      vertex -0.302958 -1.13066 38.8847
      vertex -0.499167 -1.86292 38.6816
      vertex -0.251738 -1.91214 38.6816
    endloop
  endfacet
  facet normal -0.0833476 -0.245541 0.965797
    outer loop
      vertex -0.302958 -1.13066 38.8847
      vertex -0.738057 -1.78183 38.6816
      vertex -0.499167 -1.86292 38.6816
    endloop
  endfacet
  facet normal 0.039864 -0.608293 0.792711
    outer loop
      vertex 0.435099 -3.3049 37.9888
      vertex 0 -3.95607 37.511
      vertex 0.516371 -3.92223 37.511
    endloop
  endfacet
  facet normal 0.0462871 -0.706304 0.706393
    outer loop
      vertex 0 -3.95607 37.511
      vertex 0 -4.51104 36.9561
      vertex 0.516371 -3.92223 37.511
    endloop
  endfacet
  facet normal 0.0255321 0.128359 0.991399
    outer loop
      vertex 0.152786 1.16053 38.8847
      vertex 0.0512209 0.389061 38.9872
      vertex 0.101565 0.379047 38.9872
    endloop
  endfacet
  facet normal -0.0420692 0.123928 0.991399
    outer loop
      vertex -0.101565 0.379047 38.9872
      vertex -0.447947 1.08144 38.8847
      vertex -0.150171 0.362547 38.9872
    endloop
  endfacet
  facet normal -0.170971 -0.194951 0.965797
    outer loop
      vertex -0.827698 -0.827698 38.8847
      vertex -1.36375 -1.36375 38.6816
      vertex -1.17408 -1.53009 38.6816
    endloop
  endfacet
  facet normal -0.194951 -0.170971 0.965797
    outer loop
      vertex -0.827698 -0.827698 38.8847
      vertex -1.53009 -1.17408 38.6816
      vertex -1.36375 -1.36375 38.6816
    endloop
  endfacet
  facet normal -0.00855607 0.130594 0.991399
    outer loop
      vertex 0 1.17054 38.8847
      vertex -0.152786 1.16053 38.8847
      vertex -0.0512209 0.389061 38.9872
    endloop
  endfacet
  facet normal -0.0255321 0.128359 0.991399
    outer loop
      vertex -0.0512209 0.389061 38.9872
      vertex -0.152786 1.16053 38.8847
      vertex -0.101565 0.379047 38.9872
    endloop
  endfacet
  facet normal -0.499713 0.0327554 0.865571
    outer loop
      vertex -3.3049 0.435099 37.9888
      vertex -3.33342 0 37.9888
      vertex -2.65373 0 38.3812
    endloop
  endfacet
  facet normal -0.608293 -0.039864 0.792711
    outer loop
      vertex -3.3049 -0.435099 37.9888
      vertex -3.95607 0 37.511
      vertex -3.92223 -0.516371 37.511
    endloop
  endfacet
  facet normal 0.745437 -0.653727 0.130251
    outer loop
      vertex 4.66866 -3.58239 34.1705
      vertex 4.23356 -4.23356 33.3924
      vertex 4.74993 -3.64475 33.3924
    endloop
  endfacet
  facet normal 0.745429 -0.653733 0.13026
    outer loop
      vertex 4.66866 -3.58239 34.1705
      vertex 4.16112 -4.16112 34.1705
      vertex 4.23356 -4.23356 33.3924
    endloop
  endfacet
  facet normal 0.221491 -0.449142 0.865571
    outer loop
      vertex 1.32687 -2.2982 38.3812
      vertex 1.01554 -2.45173 38.3812
      vertex 1.66671 -2.88683 37.9888
    endloop
  endfacet
  facet normal 0.278222 -0.416389 0.865571
    outer loop
      vertex 1.61549 -2.10535 38.3812
      vertex 1.32687 -2.2982 38.3812
      vertex 1.66671 -2.88683 37.9888
    endloop
  endfacet
  facet normal 0.123251 -0.363095 0.923564
    outer loop
      vertex 0.738057 -1.78183 38.6816
      vertex 0.499167 -1.86292 38.6816
      vertex 0.686836 -2.56331 38.3812
    endloop
  endfacet
  facet normal 0.0833476 -0.245541 0.965797
    outer loop
      vertex 0.738057 -1.78183 38.6816
      vertex 0.302958 -1.13066 38.8847
      vertex 0.499167 -1.86292 38.6816
    endloop
  endfacet
  facet normal 0.0862915 0.0983965 0.991399
    outer loop
      vertex 0.712581 0.928653 38.8847
      vertex 0.238889 0.311326 38.9872
      vertex 0.827698 0.827698 38.8847
    endloop
  endfacet
  facet normal 0.128359 0.0255314 0.991399
    outer loop
      vertex 1.13066 0.302958 38.8847
      vertex 0.379047 0.101565 38.9872
      vertex 1.16053 0.152786 38.8847
    endloop
  endfacet
  facet normal 0.128359 0.0255321 0.991399
    outer loop
      vertex 1.16053 0.152786 38.8847
      vertex 0.379047 0.101565 38.9872
      vertex 0.389061 0.0512209 38.9872
    endloop
  endfacet
  facet normal 0.0420692 -0.123928 0.991399
    outer loop
      vertex 0.150171 -0.362547 38.9872
      vertex 0.101565 -0.379047 38.9872
      vertex 0.447947 -1.08144 38.8847
    endloop
  endfacet
  facet normal 0.330201 -0.376519 -0.865564
    outer loop
      vertex 2.02926 -2.64458 28.0112
      vertex 1.82628 -2.38006 27.8187
      vertex 1.95431 -2.26778 27.8187
    endloop
  endfacet
  facet normal 0.40194 -0.458309 -0.792715
    outer loop
      vertex 2.79737 -2.79737 28.489
      vertex 2.02926 -2.64458 28.0112
      vertex 2.35708 -2.35708 28.0112
    endloop
  endfacet
  facet normal 0.330208 -0.376517 -0.865562
    outer loop
      vertex 1.95431 -2.26778 27.8187
      vertex 2.35708 -2.35708 28.0112
      vertex 2.02926 -2.64458 28.0112
    endloop
  endfacet
  facet normal 0.330202 -0.376533 -0.865557
    outer loop
      vertex 2.35708 -2.35708 28.0112
      vertex 1.95431 -2.26778 27.8187
      vertex 2.12132 -2.12132 27.8187
    endloop
  endfacet
  facet normal 0.596969 -0.523525 -0.607905
    outer loop
      vertex 3.95789 -3.037 29.6666
      vertex 3.18979 -3.18979 29.0439
      vertex 3.57885 -2.74615 29.0439
    endloop
  endfacet
  facet normal 0.660193 -0.441131 -0.607905
    outer loop
      vertex 3.95789 -3.037 29.6666
      vertex 3.57885 -2.74615 29.0439
      vertex 4.32044 -2.49441 29.6666
    endloop
  endfacet
  facet normal 0.670261 -0.227515 -0.70639
    outer loop
      vertex 4.16766 -1.7263 29.0439
      vertex 3.65494 -1.51392 28.489
      vertex 3.82127 -1.02391 28.489
    endloop
  endfacet
  facet normal 0.546734 -0.269621 -0.792709
    outer loop
      vertex 3.42606 -1.97804 28.489
      vertex 2.88683 -1.66671 28.0112
      vertex 3.65494 -1.51392 28.489
    endloop
  endfacet
  facet normal 0.820513 0.278523 -0.499183
    outer loop
      vertex 4.81883 1.2912 29.6666
      vertex 4.60907 1.90914 29.6666
      vertex 4.97161 2.05931 30.3463
    endloop
  endfacet
  facet normal 0.670258 0.227518 -0.706392
    outer loop
      vertex 4.35733 1.16754 29.0439
      vertex 3.82127 1.02391 28.489
      vertex 4.16766 1.7263 29.0439
    endloop
  endfacet
  facet normal 0.963994 0.0631879 -0.258309
    outer loop
      vertex 5.68158 0 31.0714
      vertex 5.63297 0.741594 31.0714
      vertex 5.83437 0.768108 31.8295
    endloop
  endfacet
  facet normal 0.947498 0.188478 -0.258308
    outer loop
      vertex 5.83437 0.768108 31.8295
      vertex 5.63297 0.741594 31.0714
      vertex 5.68419 1.52308 31.8295
    endloop
  endfacet
  facet normal -0.025079 0.382626 0.923563
    outer loop
      vertex 0 2.65373 38.3812
      vertex -0.251738 1.91214 38.6816
      vertex 0 1.92864 38.6816
    endloop
  endfacet
  facet normal -0.0169592 0.258743 0.965797
    outer loop
      vertex 0 1.92864 38.6816
      vertex -0.251738 1.91214 38.6816
      vertex 0 1.17054 38.8847
    endloop
  endfacet
  facet normal -0.0420703 0.123928 0.991399
    outer loop
      vertex -0.302958 1.13066 38.8847
      vertex -0.447947 1.08144 38.8847
      vertex -0.101565 0.379047 38.9872
    endloop
  endfacet
  facet normal -0.0833535 0.245537 0.965797
    outer loop
      vertex -0.302958 1.13066 38.8847
      vertex -0.738057 1.78183 38.6816
      vertex -0.447947 1.08144 38.8847
    endloop
  endfacet
  facet normal -0.170969 0.194952 0.965797
    outer loop
      vertex -0.712581 0.928653 38.8847
      vertex -1.17408 1.53009 38.6816
      vertex -0.827698 0.827698 38.8847
    endloop
  endfacet
  facet normal -0.0862915 0.0983965 0.991399
    outer loop
      vertex -0.712581 0.928653 38.8847
      vertex -0.827698 0.827698 38.8847
      vertex -0.238889 0.311326 38.9872
    endloop
  endfacet
  facet normal -0.0727101 -0.108818 0.991399
    outer loop
      vertex -0.238889 -0.311326 38.9872
      vertex -0.585271 -1.01372 38.8847
      vertex -0.196209 -0.339844 38.9872
    endloop
  endfacet
  facet normal -0.343901 0.169592 0.923564
    outer loop
      vertex -2.2982 1.32687 38.3812
      vertex -2.45173 1.01554 38.3812
      vertex -1.78183 0.738057 38.6816
    endloop
  endfacet
  facet normal -0.449142 0.221491 0.865571
    outer loop
      vertex -2.2982 1.32687 38.3812
      vertex -2.88683 1.66671 37.9888
      vertex -2.45173 1.01554 38.3812
    endloop
  endfacet
  facet normal -0.499717 0.0327488 0.86557
    outer loop
      vertex -2.63103 0.346381 38.3812
      vertex -3.3049 0.435099 37.9888
      vertex -2.65373 0 38.3812
    endloop
  endfacet
  facet normal -0.382625 0.0250752 0.923563
    outer loop
      vertex -2.63103 0.346381 38.3812
      vertex -2.65373 0 38.3812
      vertex -1.91214 0.251738 38.6816
    endloop
  endfacet
  facet normal -0.318703 0.938861 -0.130261
    outer loop
      vertex -2.25198 5.43676 31.8295
      vertex -2.29118 5.53141 32.6076
      vertex -1.52308 5.68419 31.8295
    endloop
  endfacet
  facet normal -0.438512 0.889235 -0.130261
    outer loop
      vertex -2.25198 5.43676 31.8295
      vertex -2.94236 5.09631 31.8295
      vertex -2.29118 5.53141 32.6076
    endloop
  endfacet
  facet normal -0.195082 0.980787 0
    outer loop
      vertex -0.78148 5.93593 32.6076
      vertex -1.54959 5.78315 33.3924
      vertex -0.78148 5.93593 33.3924
    endloop
  endfacet
  facet normal -0.195082 0.980787 0
    outer loop
      vertex -1.54959 5.78315 33.3924
      vertex -0.78148 5.93593 32.6076
      vertex -1.54959 5.78315 32.6076
    endloop
  endfacet
  facet normal -0.321444 0.946929 0
    outer loop
      vertex -1.54959 5.78315 32.6076
      vertex -2.29118 5.53141 33.3924
      vertex -1.54959 5.78315 33.3924
    endloop
  endfacet
  facet normal -0.321444 0.946929 0
    outer loop
      vertex -2.29118 5.53141 33.3924
      vertex -1.54959 5.78315 32.6076
      vertex -2.29118 5.53141 32.6076
    endloop
  endfacet
  facet normal -0.408743 0.828869 0.381975
    outer loop
      vertex -2.05931 4.97161 35.6537
      vertex -2.84079 4.92039 34.9286
      vertex -2.69062 4.66029 35.6537
    endloop
  endfacet
  facet normal -0.513439 0.768424 0.381975
    outer loop
      vertex -2.84079 4.92039 34.9286
      vertex -3.45873 4.5075 34.9286
      vertex -2.69062 4.66029 35.6537
    endloop
  endfacet
  facet normal 0.138093 -0.69422 -0.706392
    outer loop
      vertex 0.588808 -4.47245 29.0439
      vertex 0.516371 -3.92223 28.489
      vertex 1.16754 -4.35733 29.0439
    endloop
  endfacet
  facet normal 0.0462907 -0.706306 -0.706392
    outer loop
      vertex 0.588808 -4.47245 29.0439
      vertex 0 -4.51104 29.0439
      vertex 0.516371 -3.92223 28.489
    endloop
  endfacet
  facet normal -0.597884 -0.118931 -0.792711
    outer loop
      vertex -3.82127 -1.02391 28.489
      vertex -3.92223 -0.516371 28.489
      vertex -3.3049 -0.435099 28.0112
    endloop
  endfacet
  facet normal -0.792306 -0.0519271 -0.60791
    outer loop
      vertex -4.47245 -0.588808 29.0439
      vertex -4.94614 -0.651171 29.6666
      vertex -4.51104 0 29.0439
    endloop
  endfacet
  facet normal -0.449161 -0.221493 -0.865561
    outer loop
      vertex -2.59808 -1.5 27.8187
      vertex -2.88683 -1.66671 28.0112
      vertex -2.67339 -1.34728 27.8187
    endloop
  endfacet
  facet normal -0.449158 -0.221495 -0.865561
    outer loop
      vertex -3.07968 -1.27564 28.0112
      vertex -2.67339 -1.34728 27.8187
      vertex -2.88683 -1.66671 28.0112
    endloop
  endfacet
  facet normal -0.449159 -0.221502 -0.86556
    outer loop
      vertex -2.67339 -1.34728 27.8187
      vertex -3.07968 -1.27564 28.0112
      vertex -2.77164 -1.14805 27.8187
    endloop
  endfacet
  facet normal -0.864638 -0.0566748 -0.499189
    outer loop
      vertex -5.3352 -0.702392 30.3463
      vertex -5.38124 0 30.3463
      vertex -4.94614 -0.651171 29.6666
    endloop
  endfacet
  facet normal -0.864636 -0.0566713 -0.499192
    outer loop
      vertex -4.94614 -0.651171 29.6666
      vertex -5.38124 0 30.3463
      vertex -4.98882 0 29.6666
    endloop
  endfacet
  facet normal -0.778747 0.154903 -0.607913
    outer loop
      vertex -4.35733 1.16754 29.0439
      vertex -4.94614 0.651171 29.6666
      vertex -4.81883 1.2912 29.6666
    endloop
  endfacet
  facet normal -0.792304 0.0519304 -0.607912
    outer loop
      vertex -4.51104 0 29.0439
      vertex -4.98882 0 29.6666
      vertex -4.94614 0.651171 29.6666
    endloop
  endfacet
  facet normal -0.608293 0.039864 -0.792711
    outer loop
      vertex -3.3049 0.435099 28.0112
      vertex -3.95607 0 28.489
      vertex -3.92223 0.516371 28.489
    endloop
  endfacet
  facet normal -0.69422 0.138093 -0.706392
    outer loop
      vertex -3.92223 0.516371 28.489
      vertex -4.47245 0.588808 29.0439
      vertex -4.35733 1.16754 29.0439
    endloop
  endfacet
  facet normal -0.160976 -0.474208 0.865571
    outer loop
      vertex -0.686836 -2.56331 38.3812
      vertex -1.27564 -3.07968 37.9888
      vertex -0.862753 -3.21984 37.9888
    endloop
  endfacet
  facet normal -0.160973 -0.474211 0.86557
    outer loop
      vertex -1.01554 -2.45173 38.3812
      vertex -1.27564 -3.07968 37.9888
      vertex -0.686836 -2.56331 38.3812
    endloop
  endfacet
  facet normal -0.138094 -0.694219 0.706393
    outer loop
      vertex -1.02391 -3.82127 37.511
      vertex -1.16754 -4.35733 36.9561
      vertex -0.516371 -3.92223 37.511
    endloop
  endfacet
  facet normal -0.039864 -0.608293 0.792711
    outer loop
      vertex -0.435099 -3.3049 37.9888
      vertex -0.516371 -3.92223 37.511
      vertex 0 -3.95607 37.511
    endloop
  endfacet
  facet normal -0.097698 -0.491166 0.86557
    outer loop
      vertex -0.346381 -2.63103 38.3812
      vertex -0.686836 -2.56331 38.3812
      vertex -0.435099 -3.3049 37.9888
    endloop
  endfacet
  facet normal -0.0976922 -0.491165 0.865571
    outer loop
      vertex -0.686836 -2.56331 38.3812
      vertex -0.862753 -3.21984 37.9888
      vertex -0.435099 -3.3049 37.9888
    endloop
  endfacet
  facet normal -0.608296 0.0398728 0.792708
    outer loop
      vertex -3.3049 0.435099 37.9888
      vertex -3.95607 0 37.511
      vertex -3.33342 0 37.9888
    endloop
  endfacet
  facet normal -0.608296 -0.0398728 0.792708
    outer loop
      vertex -3.33342 0 37.9888
      vertex -3.95607 0 37.511
      vertex -3.3049 -0.435099 37.9888
    endloop
  endfacet
  facet normal 0.659344 -0.751841 0
    outer loop
      vertex 3.64475 -4.74993 32.6076
      vertex 4.23356 -4.23356 33.3924
      vertex 3.64475 -4.74993 33.3924
    endloop
  endfacet
  facet normal 0.659344 -0.751841 0
    outer loop
      vertex 4.23356 -4.23356 33.3924
      vertex 3.64475 -4.74993 32.6076
      vertex 4.23356 -4.23356 32.6076
    endloop
  endfacet
  facet normal 0.0727101 0.108818 0.991399
    outer loop
      vertex 0.585271 1.01372 38.8847
      vertex 0.196209 0.339844 38.9872
      vertex 0.238889 0.311326 38.9872
    endloop
  endfacet
  facet normal 0.144061 0.215599 0.965797
    outer loop
      vertex 1.17408 1.53009 38.6816
      vertex 0.585271 1.01372 38.8847
      vertex 0.712581 0.928653 38.8847
    endloop
  endfacet
  facet normal 0.0727105 0.108818 0.991399
    outer loop
      vertex 0.585271 1.01372 38.8847
      vertex 0.238889 0.311326 38.9872
      vertex 0.712581 0.928653 38.8847
    endloop
  endfacet
  facet normal 0.278251 -0.416392 -0.86556
    outer loop
      vertex 1.66671 -2.88683 28.0112
      vertex 1.5 -2.59808 27.8187
      vertex 1.64158 -2.50347 27.8187
    endloop
  endfacet
  facet normal 0.221493 -0.449161 -0.865561
    outer loop
      vertex 1.66671 -2.88683 28.0112
      vertex 1.34728 -2.67339 27.8187
      vertex 1.5 -2.59808 27.8187
    endloop
  endfacet
  facet normal 0.416396 -0.278229 -0.865565
    outer loop
      vertex 2.64458 -2.02926 28.0112
      vertex 2.50347 -1.64158 27.8187
      vertex 2.88683 -1.66671 28.0112
    endloop
  endfacet
  facet normal 0.416402 -0.278225 -0.865563
    outer loop
      vertex 2.50347 -1.64158 27.8187
      vertex 2.64458 -2.02926 28.0112
      vertex 2.38006 -1.82628 27.8187
    endloop
  endfacet
  facet normal 0.376519 -0.330201 -0.865564
    outer loop
      vertex 2.64458 -2.02926 28.0112
      vertex 2.26778 -1.95431 27.8187
      vertex 2.38006 -1.82628 27.8187
    endloop
  endfacet
  facet normal 0.532172 -0.4667 -0.706388
    outer loop
      vertex 3.18979 -3.18979 29.0439
      vertex 3.13857 -2.40831 28.489
      vertex 3.57885 -2.74615 29.0439
    endloop
  endfacet
  facet normal 0.58854 -0.39324 -0.706388
    outer loop
      vertex 3.57885 -2.74615 29.0439
      vertex 3.13857 -2.40831 28.489
      vertex 3.90667 -2.25552 29.0439
    endloop
  endfacet
  facet normal 0.634826 -0.313063 -0.706391
    outer loop
      vertex 4.16766 -1.7263 29.0439
      vertex 3.42606 -1.97804 28.489
      vertex 3.65494 -1.51392 28.489
    endloop
  endfacet
  facet normal 0.634826 -0.31307 -0.706387
    outer loop
      vertex 3.90667 -2.25552 29.0439
      vertex 3.42606 -1.97804 28.489
      vertex 4.16766 -1.7263 29.0439
    endloop
  endfacet
  facet normal 0.712116 0.351187 -0.607913
    outer loop
      vertex 4.16766 1.7263 29.0439
      vertex 3.90667 2.25552 29.0439
      vertex 4.32044 2.49441 29.6666
    endloop
  endfacet
  facet normal 0.712118 0.351186 -0.607912
    outer loop
      vertex 4.60907 1.90914 29.6666
      vertex 4.16766 1.7263 29.0439
      vertex 4.32044 2.49441 29.6666
    endloop
  endfacet
  facet normal 0.963997 -0.0631781 -0.258299
    outer loop
      vertex 5.83437 -0.768108 31.8295
      vertex 5.68158 0 31.0714
      vertex 5.88471 0 31.8295
    endloop
  endfacet
  facet normal 0.963997 0.0631781 -0.258299
    outer loop
      vertex 5.88471 0 31.8295
      vertex 5.68158 0 31.0714
      vertex 5.83437 0.768108 31.8295
    endloop
  endfacet
  facet normal -0.694219 -0.138094 -0.706393
    outer loop
      vertex -3.82127 -1.02391 28.489
      vertex -4.35733 -1.16754 29.0439
      vertex -3.92223 -0.516371 28.489
    endloop
  endfacet
  facet normal -0.792306 0.0519271 -0.60791
    outer loop
      vertex -4.51104 0 29.0439
      vertex -4.94614 0.651171 29.6666
      vertex -4.47245 0.588808 29.0439
    endloop
  endfacet
  facet normal -0.706304 0.0462871 -0.706393
    outer loop
      vertex -3.95607 0 28.489
      vertex -4.51104 0 29.0439
      vertex -3.92223 0.516371 28.489
    endloop
  endfacet
  facet normal -0.706304 -0.0462871 -0.706393
    outer loop
      vertex -3.92223 -0.516371 28.489
      vertex -4.51104 0 29.0439
      vertex -3.95607 0 28.489
    endloop
  endfacet
  facet normal -0.706306 -0.0462907 -0.706392
    outer loop
      vertex -4.47245 -0.588808 29.0439
      vertex -4.51104 0 29.0439
      vertex -3.92223 -0.516371 28.489
    endloop
  endfacet
  facet normal -0.792304 -0.0519304 -0.607912
    outer loop
      vertex -4.94614 -0.651171 29.6666
      vertex -4.98882 0 29.6666
      vertex -4.51104 0 29.0439
    endloop
  endfacet
  facet normal -0.694219 0.138094 -0.706393
    outer loop
      vertex -3.92223 0.516371 28.489
      vertex -4.35733 1.16754 29.0439
      vertex -3.82127 1.02391 28.489
    endloop
  endfacet
  facet normal -0.597884 0.118931 -0.792711
    outer loop
      vertex -3.3049 0.435099 28.0112
      vertex -3.92223 0.516371 28.489
      vertex -3.82127 1.02391 28.489
    endloop
  endfacet
  facet normal -0.69422 -0.138093 -0.706392
    outer loop
      vertex -4.35733 -1.16754 29.0439
      vertex -4.47245 -0.588808 29.0439
      vertex -3.92223 -0.516371 28.489
    endloop
  endfacet
  facet normal -0.778748 -0.154907 -0.60791
    outer loop
      vertex -4.35733 -1.16754 29.0439
      vertex -4.94614 -0.651171 29.6666
      vertex -4.47245 -0.588808 29.0439
    endloop
  endfacet
endsolid OpenSCAD_Model
