solid OpenSCAD_Model
  facet normal -1 0 0
    outer loop
      vertex 3.5 1.7 9
      vertex 3.5 -1.7 9
      vertex 3.5 0 10.6
    endloop
  endfacet
  facet normal 0 -0.685365 0.7282
    outer loop
      vertex 13 0 10.6
      vertex 12.8882 -1.7 9
      vertex 13 -1.7 9
    endloop
  endfacet
  facet normal 0 -0.685365 0.7282
    outer loop
      vertex 3.5 0 10.6
      vertex 12.8882 -1.7 9
      vertex 13 0 10.6
    endloop
  endfacet
  facet normal 0 -0.685365 0.7282
    outer loop
      vertex 12.8882 -1.7 9
      vertex 3.5 0 10.6
      vertex 3.5 -1.7 9
    endloop
  endfacet
  facet normal 0 0 1
    outer loop
      vertex 0.277759 3.88109 9
      vertex 3.36465 12.557 9
      vertex 1.69684 12.8888 9
    endloop
  endfacet
  facet normal 0 0 1
    outer loop
      vertex 3.36465 12.557 9
      vertex 0.277759 3.88109 9
      vertex 4.97184 12.0115 9
    endloop
  endfacet
  facet normal 0 0 1
    outer loop
      vertex 0 13 9
      vertex 0.277759 3.88109 9
      vertex 1.69684 12.8888 9
    endloop
  endfacet
  facet normal 0 0 1
    outer loop
      vertex -0.277759 3.88109 9
      vertex 0.277759 3.88109 9
      vertex 0 13 9
    endloop
  endfacet
  facet normal 0 -0 1
    outer loop
      vertex 0 1.7 9
      vertex 0.277759 3.88109 9
      vertex -0.277759 3.88109 9
    endloop
  endfacet
  facet normal 0 0 1
    outer loop
      vertex 0.277759 3.88109 9
      vertex 0 1.7 9
      vertex 0.221894 1.68546 9
    endloop
  endfacet
  facet normal 0 0 1
    outer loop
      vertex 0 1.7 9
      vertex -0.277759 3.88109 9
      vertex -0.221894 1.68546 9
    endloop
  endfacet
  facet normal -0 0 1
    outer loop
      vertex -1.69684 12.8888 9
      vertex -0.277759 3.88109 9
      vertex 0 13 9
    endloop
  endfacet
  facet normal -0 0 1
    outer loop
      vertex -3.36465 12.557 9
      vertex -0.277759 3.88109 9
      vertex -1.69684 12.8888 9
    endloop
  endfacet
  facet normal 0 0 1
    outer loop
      vertex -0.277759 3.88109 9
      vertex -3.36465 12.557 9
      vertex -4.97184 12.0115 9
    endloop
  endfacet
  facet normal -0 0 1
    outer loop
      vertex 1.64207 -0.439992 9
      vertex 3.5 -1.7 9
      vertex 1.68546 -0.221894 9
    endloop
  endfacet
  facet normal -0 0 1
    outer loop
      vertex 1.57059 -0.650561 9
      vertex 3.5 -1.7 9
      vertex 1.64207 -0.439992 9
    endloop
  endfacet
  facet normal -0 0 1
    outer loop
      vertex 1.47224 -0.849999 9
      vertex 3.5 -1.7 9
      vertex 1.57059 -0.650561 9
    endloop
  endfacet
  facet normal 0 0 1
    outer loop
      vertex 3.5 -1.7 9
      vertex 1.47224 -0.849999 9
      vertex 3.22224 -2.18109 9
    endloop
  endfacet
  facet normal -0 0 1
    outer loop
      vertex 1.3487 -1.03489 9
      vertex 3.22224 -2.18109 9
      vertex 1.47224 -0.849999 9
    endloop
  endfacet
  facet normal -0 0 1
    outer loop
      vertex 1.20208 -1.20208 9
      vertex 3.22224 -2.18109 9
      vertex 1.3487 -1.03489 9
    endloop
  endfacet
  facet normal -0 0 1
    outer loop
      vertex 1.03489 -1.3487 9
      vertex 3.22224 -2.18109 9
      vertex 1.20208 -1.20208 9
    endloop
  endfacet
  facet normal -0 0 1
    outer loop
      vertex 0.849999 -1.47224 9
      vertex 3.22224 -2.18109 9
      vertex 1.03489 -1.3487 9
    endloop
  endfacet
  facet normal 0 0 1
    outer loop
      vertex 0.277759 -3.88109 9
      vertex 0.849999 -1.47224 9
      vertex 0.650561 -1.57059 9
    endloop
  endfacet
  facet normal 0 0 1
    outer loop
      vertex 0.277759 -3.88109 9
      vertex 0.650561 -1.57059 9
      vertex 0.439992 -1.64207 9
    endloop
  endfacet
  facet normal 0 0 1
    outer loop
      vertex 0.849999 -1.47224 9
      vertex 0.277759 -3.88109 9
      vertex 3.22224 -2.18109 9
    endloop
  endfacet
  facet normal 0 -0 1
    outer loop
      vertex 0.277759 -3.88109 9
      vertex 0.439992 -1.64207 9
      vertex 0.221894 -1.68546 9
    endloop
  endfacet
  facet normal 0 0 1
    outer loop
      vertex 3.5 1.7 9
      vertex 12.557 3.36465 9
      vertex 12.0104 4.97488 9
    endloop
  endfacet
  facet normal 0 0 1
    outer loop
      vertex 3.5 1.7 9
      vertex 12.0104 4.97488 9
      vertex 11.2583 6.5 9
    endloop
  endfacet
  facet normal 0 0 1
    outer loop
      vertex 3.22224 2.18109 9
      vertex 11.2583 6.5 9
      vertex 10.3136 7.9139 9
    endloop
  endfacet
  facet normal 0 0 1
    outer loop
      vertex 3.22224 2.18109 9
      vertex 10.3136 7.9139 9
      vertex 9.19239 9.19239 9
    endloop
  endfacet
  facet normal 0 0 1
    outer loop
      vertex 3.22224 2.18109 9
      vertex 9.19239 9.19239 9
      vertex 7.91632 10.3115 9
    endloop
  endfacet
  facet normal 0 0 1
    outer loop
      vertex 12.557 3.36465 9
      vertex 3.5 1.7 9
      vertex 12.8882 1.7 9
    endloop
  endfacet
  facet normal 0 0 1
    outer loop
      vertex 1.47224 0.849999 9
      vertex 3.5 1.7 9
      vertex 3.22224 2.18109 9
    endloop
  endfacet
  facet normal 0 0 1
    outer loop
      vertex 11.2583 6.5 9
      vertex 3.22224 2.18109 9
      vertex 3.5 1.7 9
    endloop
  endfacet
  facet normal -0 0 1
    outer loop
      vertex 3.5 -1.7 9
      vertex 12.557 -3.36465 9
      vertex 12.8882 -1.7 9
    endloop
  endfacet
  facet normal 0 0 1
    outer loop
      vertex 12.557 -3.36465 9
      vertex 3.5 -1.7 9
      vertex 12.0104 -4.97488 9
    endloop
  endfacet
  facet normal 0 0 1
    outer loop
      vertex 12.0104 -4.97488 9
      vertex 3.5 -1.7 9
      vertex 11.2583 -6.5 9
    endloop
  endfacet
  facet normal -0 0 1
    outer loop
      vertex 3.22224 -2.18109 9
      vertex 11.2583 -6.5 9
      vertex 3.5 -1.7 9
    endloop
  endfacet
  facet normal 0 0 1
    outer loop
      vertex 11.2583 -6.5 9
      vertex 3.22224 -2.18109 9
      vertex 10.3136 -7.9139 9
    endloop
  endfacet
  facet normal 0 0 1
    outer loop
      vertex 10.3136 -7.9139 9
      vertex 3.22224 -2.18109 9
      vertex 9.19239 -9.19239 9
    endloop
  endfacet
  facet normal 0 0 1
    outer loop
      vertex 9.19239 -9.19239 9
      vertex 3.22224 -2.18109 9
      vertex 7.91632 -10.3115 9
    endloop
  endfacet
  facet normal 0 -0 1
    outer loop
      vertex 1.7 0 9
      vertex 3.5 1.7 9
      vertex 1.68546 0.221894 9
    endloop
  endfacet
  facet normal -0 0 1
    outer loop
      vertex 1.68546 -0.221894 9
      vertex 3.5 -1.7 9
      vertex 1.7 0 9
    endloop
  endfacet
  facet normal 0 0 1
    outer loop
      vertex 3.5 1.7 9
      vertex 1.7 0 9
      vertex 3.5 -1.7 9
    endloop
  endfacet
  facet normal 0 0 1
    outer loop
      vertex 3.5 1.7 9
      vertex 1.64207 0.439992 9
      vertex 1.68546 0.221894 9
    endloop
  endfacet
  facet normal 0 0 1
    outer loop
      vertex 3.5 1.7 9
      vertex 1.57059 0.650561 9
      vertex 1.64207 0.439992 9
    endloop
  endfacet
  facet normal 0 0 1
    outer loop
      vertex 3.5 1.7 9
      vertex 1.47224 0.849999 9
      vertex 1.57059 0.650561 9
    endloop
  endfacet
  facet normal 0 0 1
    outer loop
      vertex 3.22224 2.18109 9
      vertex 1.3487 1.03489 9
      vertex 1.47224 0.849999 9
    endloop
  endfacet
  facet normal 0 0 1
    outer loop
      vertex 3.22224 2.18109 9
      vertex 1.20208 1.20208 9
      vertex 1.3487 1.03489 9
    endloop
  endfacet
  facet normal 0 0 1
    outer loop
      vertex 3.22224 2.18109 9
      vertex 1.03489 1.3487 9
      vertex 1.20208 1.20208 9
    endloop
  endfacet
  facet normal 0 0 1
    outer loop
      vertex 3.22224 2.18109 9
      vertex 0.849999 1.47224 9
      vertex 1.03489 1.3487 9
    endloop
  endfacet
  facet normal 0 0 1
    outer loop
      vertex 0.277759 3.88109 9
      vertex 0.849999 1.47224 9
      vertex 3.22224 2.18109 9
    endloop
  endfacet
  facet normal 0 0 1
    outer loop
      vertex 0.849999 1.47224 9
      vertex 0.277759 3.88109 9
      vertex 0.650561 1.57059 9
    endloop
  endfacet
  facet normal 0 0 1
    outer loop
      vertex 0.650561 1.57059 9
      vertex 0.277759 3.88109 9
      vertex 0.439992 1.64207 9
    endloop
  endfacet
  facet normal 0 0 1
    outer loop
      vertex 0.439992 1.64207 9
      vertex 0.277759 3.88109 9
      vertex 0.221894 1.68546 9
    endloop
  endfacet
  facet normal 0 0 1
    outer loop
      vertex 0.277759 -3.88109 9
      vertex 3.36465 -12.557 9
      vertex 4.97184 -12.0115 9
    endloop
  endfacet
  facet normal 0 0 1
    outer loop
      vertex 3.36465 -12.557 9
      vertex 0.277759 -3.88109 9
      vertex 1.69684 -12.8888 9
    endloop
  endfacet
  facet normal -0 0 1
    outer loop
      vertex 0 -1.7 9
      vertex 0.277759 -3.88109 9
      vertex 0.221894 -1.68546 9
    endloop
  endfacet
  facet normal 0 0 1
    outer loop
      vertex 0.277759 -3.88109 9
      vertex 0 -13 9
      vertex 1.69684 -12.8888 9
    endloop
  endfacet
  facet normal 0 0 1
    outer loop
      vertex -0.277759 -3.88109 9
      vertex 0.277759 -3.88109 9
      vertex 0 -1.7 9
    endloop
  endfacet
  facet normal 0 0 1
    outer loop
      vertex -0.277759 -3.88109 9
      vertex 0 -1.7 9
      vertex -0.221894 -1.68546 9
    endloop
  endfacet
  facet normal 0 0 1
    outer loop
      vertex 0.277759 -3.88109 9
      vertex -0.277759 -3.88109 9
      vertex 0 -13 9
    endloop
  endfacet
  facet normal 0 0 1
    outer loop
      vertex -0.277759 -3.88109 9
      vertex -1.69684 -12.8888 9
      vertex 0 -13 9
    endloop
  endfacet
  facet normal 0 0 1
    outer loop
      vertex -0.277759 -3.88109 9
      vertex -3.36465 -12.557 9
      vertex -1.69684 -12.8888 9
    endloop
  endfacet
  facet normal 0 -0 1
    outer loop
      vertex -3.36465 -12.557 9
      vertex -0.277759 -3.88109 9
      vertex -4.97184 -12.0115 9
    endloop
  endfacet
  facet normal 0 0 1
    outer loop
      vertex -1.47224 -0.849999 9
      vertex -3.5 -1.7 9
      vertex -3.22224 -2.18109 9
    endloop
  endfacet
  facet normal 0 0 1
    outer loop
      vertex -11.2583 -6.5 9
      vertex -3.22224 -2.18109 9
      vertex -3.5 -1.7 9
    endloop
  endfacet
  facet normal 0 0 1
    outer loop
      vertex -3.22224 -2.18109 9
      vertex -9.19239 -9.19239 9
      vertex -7.91632 -10.3115 9
    endloop
  endfacet
  facet normal 0 0 1
    outer loop
      vertex -3.22224 -2.18109 9
      vertex -10.3136 -7.9139 9
      vertex -9.19239 -9.19239 9
    endloop
  endfacet
  facet normal 0 0 1
    outer loop
      vertex -3.22224 -2.18109 9
      vertex -11.2583 -6.5 9
      vertex -10.3136 -7.9139 9
    endloop
  endfacet
  facet normal 0 0 1
    outer loop
      vertex -3.5 -1.7 9
      vertex -12.0104 -4.97488 9
      vertex -11.2583 -6.5 9
    endloop
  endfacet
  facet normal 0 0 1
    outer loop
      vertex -3.5 -1.7 9
      vertex -12.557 -3.36465 9
      vertex -12.0104 -4.97488 9
    endloop
  endfacet
  facet normal 0 -0 1
    outer loop
      vertex -12.557 -3.36465 9
      vertex -3.5 -1.7 9
      vertex -12.8882 -1.7 9
    endloop
  endfacet
  facet normal 0 0 1
    outer loop
      vertex -0.439992 -1.64207 9
      vertex -0.277759 -3.88109 9
      vertex -0.221894 -1.68546 9
    endloop
  endfacet
  facet normal 0 0 1
    outer loop
      vertex -0.650561 -1.57059 9
      vertex -0.277759 -3.88109 9
      vertex -0.439992 -1.64207 9
    endloop
  endfacet
  facet normal 0 0 1
    outer loop
      vertex -0.849999 -1.47224 9
      vertex -0.277759 -3.88109 9
      vertex -0.650561 -1.57059 9
    endloop
  endfacet
  facet normal 0 0 1
    outer loop
      vertex -3.22224 -2.18109 9
      vertex -0.849999 -1.47224 9
      vertex -1.03489 -1.3487 9
    endloop
  endfacet
  facet normal 0 0 1
    outer loop
      vertex -3.22224 -2.18109 9
      vertex -1.03489 -1.3487 9
      vertex -1.20208 -1.20208 9
    endloop
  endfacet
  facet normal 0 0 1
    outer loop
      vertex -3.22224 -2.18109 9
      vertex -1.20208 -1.20208 9
      vertex -1.3487 -1.03489 9
    endloop
  endfacet
  facet normal 0 0 1
    outer loop
      vertex -3.22224 -2.18109 9
      vertex -1.3487 -1.03489 9
      vertex -1.47224 -0.849999 9
    endloop
  endfacet
  facet normal 0 0 1
    outer loop
      vertex -3.5 -1.7 9
      vertex -1.47224 -0.849999 9
      vertex -1.57059 -0.650561 9
    endloop
  endfacet
  facet normal 0 0 1
    outer loop
      vertex -1.68546 0.221894 9
      vertex -3.5 1.7 9
      vertex -1.7 0 9
    endloop
  endfacet
  facet normal 0 0 1
    outer loop
      vertex -3.5 -1.7 9
      vertex -1.7 0 9
      vertex -3.5 1.7 9
    endloop
  endfacet
  facet normal 0 0 1
    outer loop
      vertex -1.7 0 9
      vertex -3.5 -1.7 9
      vertex -1.68546 -0.221894 9
    endloop
  endfacet
  facet normal 0 0 1
    outer loop
      vertex -3.5 -1.7 9
      vertex -1.64207 -0.439992 9
      vertex -1.68546 -0.221894 9
    endloop
  endfacet
  facet normal 0 0 1
    outer loop
      vertex -0.849999 -1.47224 9
      vertex -3.22224 -2.18109 9
      vertex -0.277759 -3.88109 9
    endloop
  endfacet
  facet normal 0 0 1
    outer loop
      vertex -3.5 -1.7 9
      vertex -1.57059 -0.650561 9
      vertex -1.64207 -0.439992 9
    endloop
  endfacet
  facet normal -0 0 1
    outer loop
      vertex -9.19239 9.19239 9
      vertex -3.22224 2.18109 9
      vertex -7.91632 10.3115 9
    endloop
  endfacet
  facet normal -0 0 1
    outer loop
      vertex -10.3136 7.9139 9
      vertex -3.22224 2.18109 9
      vertex -9.19239 9.19239 9
    endloop
  endfacet
  facet normal -0 0 1
    outer loop
      vertex -11.2583 6.5 9
      vertex -3.22224 2.18109 9
      vertex -10.3136 7.9139 9
    endloop
  endfacet
  facet normal 0 0 1
    outer loop
      vertex -3.22224 2.18109 9
      vertex -11.2583 6.5 9
      vertex -3.5 1.7 9
    endloop
  endfacet
  facet normal -0 0 1
    outer loop
      vertex -12.0104 4.97488 9
      vertex -3.5 1.7 9
      vertex -11.2583 6.5 9
    endloop
  endfacet
  facet normal -0 0 1
    outer loop
      vertex -12.557 3.36465 9
      vertex -3.5 1.7 9
      vertex -12.0104 4.97488 9
    endloop
  endfacet
  facet normal 0 0 1
    outer loop
      vertex -3.5 1.7 9
      vertex -12.557 3.36465 9
      vertex -12.8882 1.7 9
    endloop
  endfacet
  facet normal 0 0 1
    outer loop
      vertex -0.277759 3.88109 9
      vertex -0.439992 1.64207 9
      vertex -0.221894 1.68546 9
    endloop
  endfacet
  facet normal 0 0 1
    outer loop
      vertex -0.277759 3.88109 9
      vertex -0.650561 1.57059 9
      vertex -0.439992 1.64207 9
    endloop
  endfacet
  facet normal 0 0 1
    outer loop
      vertex -0.277759 3.88109 9
      vertex -0.849999 1.47224 9
      vertex -0.650561 1.57059 9
    endloop
  endfacet
  facet normal -0 0 1
    outer loop
      vertex -3.22224 2.18109 9
      vertex -0.849999 1.47224 9
      vertex -0.277759 3.88109 9
    endloop
  endfacet
  facet normal 0 0 1
    outer loop
      vertex -0.849999 1.47224 9
      vertex -3.22224 2.18109 9
      vertex -1.03489 1.3487 9
    endloop
  endfacet
  facet normal 0 0 1
    outer loop
      vertex -1.03489 1.3487 9
      vertex -3.22224 2.18109 9
      vertex -1.20208 1.20208 9
    endloop
  endfacet
  facet normal 0 0 1
    outer loop
      vertex -1.20208 1.20208 9
      vertex -3.22224 2.18109 9
      vertex -1.3487 1.03489 9
    endloop
  endfacet
  facet normal 0 0 1
    outer loop
      vertex -1.3487 1.03489 9
      vertex -3.22224 2.18109 9
      vertex -1.47224 0.849999 9
    endloop
  endfacet
  facet normal 0 0 1
    outer loop
      vertex -1.64207 0.439992 9
      vertex -3.5 1.7 9
      vertex -1.68546 0.221894 9
    endloop
  endfacet
  facet normal 0 0 1
    outer loop
      vertex -1.57059 0.650561 9
      vertex -3.5 1.7 9
      vertex -1.64207 0.439992 9
    endloop
  endfacet
  facet normal 0 0 1
    outer loop
      vertex -1.47224 0.849999 9
      vertex -3.5 1.7 9
      vertex -1.57059 0.650561 9
    endloop
  endfacet
  facet normal -0 0 1
    outer loop
      vertex -3.5 1.7 9
      vertex -1.47224 0.849999 9
      vertex -3.22224 2.18109 9
    endloop
  endfacet
  facet normal 0 0 -1
    outer loop
      vertex 7.9139 10.3136 9
      vertex 7.97224 10.4083 9
      vertex 7.91632 10.3115 9
    endloop
  endfacet
  facet normal -0 0 -1
    outer loop
      vertex 7.97224 10.4083 9
      vertex 7.9139 10.3136 9
      vertex 6.5 11.2583 9
    endloop
  endfacet
  facet normal 0 0 -1
    outer loop
      vertex 4.97488 12.0104 9
      vertex 5.02776 12.1083 9
      vertex 6.5 11.2583 9
    endloop
  endfacet
  facet normal 0 0 -1
    outer loop
      vertex 5.02776 12.1083 9
      vertex 4.97488 12.0104 9
      vertex 4.97184 12.0115 9
    endloop
  endfacet
  facet normal 0 0 -1
    outer loop
      vertex -12.8888 1.69684 9
      vertex -13 1.7 9
      vertex -12.8882 1.7 9
    endloop
  endfacet
  facet normal 0 0 -1
    outer loop
      vertex -13 1.7 9
      vertex -12.8888 1.69684 9
      vertex -13 0 9
    endloop
  endfacet
  facet normal 0 0 -1
    outer loop
      vertex -13 -1.7 9
      vertex -12.8888 -1.69684 9
      vertex -12.8882 -1.7 9
    endloop
  endfacet
  facet normal -0 0 -1
    outer loop
      vertex -12.8888 -1.69684 9
      vertex -13 -1.7 9
      vertex -13 0 9
    endloop
  endfacet
  facet normal 0 0 -1
    outer loop
      vertex 5.02776 -12.1083 9
      vertex 4.97488 -12.0104 9
      vertex 6.5 -11.2583 9
    endloop
  endfacet
  facet normal 0 -0 -1
    outer loop
      vertex 4.97488 -12.0104 9
      vertex 5.02776 -12.1083 9
      vertex 4.97184 -12.0115 9
    endloop
  endfacet
  facet normal 0 0 -1
    outer loop
      vertex 7.97224 -10.4083 9
      vertex 7.9139 -10.3136 9
      vertex 7.91632 -10.3115 9
    endloop
  endfacet
  facet normal 0 -0 -1
    outer loop
      vertex 7.9139 -10.3136 9
      vertex 7.97224 -10.4083 9
      vertex 6.5 -11.2583 9
    endloop
  endfacet
  facet normal -0 0 -1
    outer loop
      vertex -7.9139 -10.3136 9
      vertex -7.97224 -10.4083 9
      vertex -7.91632 -10.3115 9
    endloop
  endfacet
  facet normal 0 0 -1
    outer loop
      vertex -7.97224 -10.4083 9
      vertex -7.9139 -10.3136 9
      vertex -6.5 -11.2583 9
    endloop
  endfacet
  facet normal 0 0 -1
    outer loop
      vertex -5.02776 -12.1083 9
      vertex -4.97488 -12.0104 9
      vertex -4.97184 -12.0115 9
    endloop
  endfacet
  facet normal -0 0 -1
    outer loop
      vertex -4.97488 -12.0104 9
      vertex -5.02776 -12.1083 9
      vertex -6.5 -11.2583 9
    endloop
  endfacet
  facet normal 0 0 -1
    outer loop
      vertex 13 -1.7 9
      vertex 12.8888 -1.69684 9
      vertex 13 0 9
    endloop
  endfacet
  facet normal 0 -0 -1
    outer loop
      vertex 12.8888 -1.69684 9
      vertex 13 -1.7 9
      vertex 12.8882 -1.7 9
    endloop
  endfacet
  facet normal 0 0 -1
    outer loop
      vertex 12.8888 1.69684 9
      vertex 13 1.7 9
      vertex 13 0 9
    endloop
  endfacet
  facet normal -0 0 -1
    outer loop
      vertex 13 1.7 9
      vertex 12.8888 1.69684 9
      vertex 12.8882 1.7 9
    endloop
  endfacet
  facet normal 0 0 -1
    outer loop
      vertex -4.97488 12.0104 9
      vertex -5.02776 12.1083 9
      vertex -4.97184 12.0115 9
    endloop
  endfacet
  facet normal 0 -0 -1
    outer loop
      vertex -5.02776 12.1083 9
      vertex -4.97488 12.0104 9
      vertex -6.5 11.2583 9
    endloop
  endfacet
  facet normal 0 0 -1
    outer loop
      vertex -7.9139 10.3136 9
      vertex -7.97224 10.4083 9
      vertex -6.5 11.2583 9
    endloop
  endfacet
  facet normal 0 0 -1
    outer loop
      vertex -7.97224 10.4083 9
      vertex -7.9139 10.3136 9
      vertex -7.91632 10.3115 9
    endloop
  endfacet
  facet normal 1 0 0
    outer loop
      vertex 13 0 10.6
      vertex 13 0 9
      vertex 13 1.7 9
    endloop
  endfacet
  facet normal 1 0 -0
    outer loop
      vertex 13 0 9
      vertex 13 0 10.6
      vertex 13 -1.7 9
    endloop
  endfacet
  facet normal -0 0.685365 0.7282
    outer loop
      vertex 12.8882 1.7 9
      vertex 13 0 10.6
      vertex 13 1.7 9
    endloop
  endfacet
  facet normal 0 0.685365 0.7282
    outer loop
      vertex 3.5 0 10.6
      vertex 12.8882 1.7 9
      vertex 3.5 1.7 9
    endloop
  endfacet
  facet normal 0 0.685365 0.7282
    outer loop
      vertex 12.8882 1.7 9
      vertex 3.5 0 10.6
      vertex 13 0 10.6
    endloop
  endfacet
  facet normal -0.500001 -0.866025 1.5625e-07
    outer loop
      vertex 1.75 3.03109 10.6
      vertex 0.277759 3.88109 9
      vertex 3.22224 2.18109 9
    endloop
  endfacet
  facet normal 0.593457 -0.342832 0.728199
    outer loop
      vertex 6.5 11.2583 10.6
      vertex 7.91632 10.3115 9
      vertex 7.97224 10.4083 9
    endloop
  endfacet
  facet normal 0.593548 -0.342687 0.728194
    outer loop
      vertex 1.75 3.03109 10.6
      vertex 7.91632 10.3115 9
      vertex 6.5 11.2583 10.6
    endloop
  endfacet
  facet normal 0.593544 -0.342682 0.728199
    outer loop
      vertex 7.91632 10.3115 9
      vertex 1.75 3.03109 10.6
      vertex 3.22224 2.18109 9
    endloop
  endfacet
  facet normal 0.500001 0.866025 -0
    outer loop
      vertex 6.5 11.2583 9
      vertex 6.5 11.2583 10.6
      vertex 7.97224 10.4083 9
    endloop
  endfacet
  facet normal 0.500001 0.866025 0
    outer loop
      vertex 6.5 11.2583 10.6
      vertex 6.5 11.2583 9
      vertex 5.02776 12.1083 9
    endloop
  endfacet
  facet normal -0.593457 0.342832 0.728199
    outer loop
      vertex 4.97184 12.0115 9
      vertex 6.5 11.2583 10.6
      vertex 5.02776 12.1083 9
    endloop
  endfacet
  facet normal -0.593538 0.342681 0.728205
    outer loop
      vertex 4.97184 12.0115 9
      vertex 1.75 3.03109 10.6
      vertex 6.5 11.2583 10.6
    endloop
  endfacet
  facet normal -0.593544 0.342682 0.7282
    outer loop
      vertex 1.75 3.03109 10.6
      vertex 4.97184 12.0115 9
      vertex 0.277759 3.88109 9
    endloop
  endfacet
  facet normal 0.500001 -0.866025 1.5625e-07
    outer loop
      vertex -1.75 3.03109 10.6
      vertex -3.22224 2.18109 9
      vertex -0.277759 3.88109 9
    endloop
  endfacet
  facet normal -0.500001 0.866025 0
    outer loop
      vertex -6.5 11.2583 9
      vertex -6.5 11.2583 10.6
      vertex -5.02776 12.1083 9
    endloop
  endfacet
  facet normal -0.500001 0.866025 0
    outer loop
      vertex -6.5 11.2583 10.6
      vertex -6.5 11.2583 9
      vertex -7.97224 10.4083 9
    endloop
  endfacet
  facet normal 0.593544 0.342682 0.7282
    outer loop
      vertex -4.97184 12.0115 9
      vertex -1.75 3.03109 10.6
      vertex -0.277759 3.88109 9
    endloop
  endfacet
  facet normal 0.593457 0.342832 0.728199
    outer loop
      vertex -6.5 11.2583 10.6
      vertex -4.97184 12.0115 9
      vertex -5.02776 12.1083 9
    endloop
  endfacet
  facet normal 0.593538 0.342681 0.728205
    outer loop
      vertex -4.97184 12.0115 9
      vertex -6.5 11.2583 10.6
      vertex -1.75 3.03109 10.6
    endloop
  endfacet
  facet normal -0.593548 -0.342687 0.728194
    outer loop
      vertex -7.91632 10.3115 9
      vertex -1.75 3.03109 10.6
      vertex -6.5 11.2583 10.6
    endloop
  endfacet
  facet normal -0.593544 -0.342682 0.728199
    outer loop
      vertex -1.75 3.03109 10.6
      vertex -7.91632 10.3115 9
      vertex -3.22224 2.18109 9
    endloop
  endfacet
  facet normal -0.593457 -0.342832 0.728199
    outer loop
      vertex -7.91632 10.3115 9
      vertex -6.5 11.2583 10.6
      vertex -7.97224 10.4083 9
    endloop
  endfacet
  facet normal 1 0 0
    outer loop
      vertex -3.5 0 10.6
      vertex -3.5 -1.7 9
      vertex -3.5 1.7 9
    endloop
  endfacet
  facet normal -1 0 0
    outer loop
      vertex -13 0 9
      vertex -13 0 10.6
      vertex -13 1.7 9
    endloop
  endfacet
  facet normal -1 0 -0
    outer loop
      vertex -13 0 10.6
      vertex -13 0 9
      vertex -13 -1.7 9
    endloop
  endfacet
  facet normal -0 0.685365 0.7282
    outer loop
      vertex -12.8882 1.7 9
      vertex -3.5 0 10.6
      vertex -3.5 1.7 9
    endloop
  endfacet
  facet normal 0 0.685365 0.7282
    outer loop
      vertex -13 0 10.6
      vertex -12.8882 1.7 9
      vertex -13 1.7 9
    endloop
  endfacet
  facet normal 0 0.685365 0.7282
    outer loop
      vertex -12.8882 1.7 9
      vertex -13 0 10.6
      vertex -3.5 0 10.6
    endloop
  endfacet
  facet normal 0 -0.685365 0.7282
    outer loop
      vertex -3.5 0 10.6
      vertex -12.8882 -1.7 9
      vertex -3.5 -1.7 9
    endloop
  endfacet
  facet normal 0 -0.685365 0.7282
    outer loop
      vertex -13 0 10.6
      vertex -12.8882 -1.7 9
      vertex -3.5 0 10.6
    endloop
  endfacet
  facet normal 0 -0.685365 0.7282
    outer loop
      vertex -12.8882 -1.7 9
      vertex -13 0 10.6
      vertex -13 -1.7 9
    endloop
  endfacet
  facet normal 0.500001 0.866025 1.5625e-07
    outer loop
      vertex -0.277759 -3.88109 9
      vertex -3.22224 -2.18109 9
      vertex -1.75 -3.03109 10.6
    endloop
  endfacet
  facet normal -0.500001 -0.866025 0
    outer loop
      vertex -6.5 -11.2583 9
      vertex -6.5 -11.2583 10.6
      vertex -7.97224 -10.4083 9
    endloop
  endfacet
  facet normal -0.500001 -0.866025 -0
    outer loop
      vertex -6.5 -11.2583 10.6
      vertex -6.5 -11.2583 9
      vertex -5.02776 -12.1083 9
    endloop
  endfacet
  facet normal -0.593544 0.342682 0.728199
    outer loop
      vertex -7.91632 -10.3115 9
      vertex -1.75 -3.03109 10.6
      vertex -3.22224 -2.18109 9
    endloop
  endfacet
  facet normal -0.593548 0.342687 0.728194
    outer loop
      vertex -1.75 -3.03109 10.6
      vertex -7.91632 -10.3115 9
      vertex -6.5 -11.2583 10.6
    endloop
  endfacet
  facet normal -0.593457 0.342832 0.728199
    outer loop
      vertex -6.5 -11.2583 10.6
      vertex -7.91632 -10.3115 9
      vertex -7.97224 -10.4083 9
    endloop
  endfacet
  facet normal 0.593544 -0.342682 0.7282
    outer loop
      vertex -1.75 -3.03109 10.6
      vertex -4.97184 -12.0115 9
      vertex -0.277759 -3.88109 9
    endloop
  endfacet
  facet normal 0.593538 -0.342681 0.728205
    outer loop
      vertex -6.5 -11.2583 10.6
      vertex -4.97184 -12.0115 9
      vertex -1.75 -3.03109 10.6
    endloop
  endfacet
  facet normal 0.593457 -0.342832 0.728199
    outer loop
      vertex -4.97184 -12.0115 9
      vertex -6.5 -11.2583 10.6
      vertex -5.02776 -12.1083 9
    endloop
  endfacet
  facet normal -0.500001 0.866025 1.5625e-07
    outer loop
      vertex 3.22224 -2.18109 9
      vertex 0.277759 -3.88109 9
      vertex 1.75 -3.03109 10.6
    endloop
  endfacet
  facet normal -0.593457 -0.342832 0.728199
    outer loop
      vertex 6.5 -11.2583 10.6
      vertex 4.97184 -12.0115 9
      vertex 5.02776 -12.1083 9
    endloop
  endfacet
  facet normal -0.593538 -0.342681 0.728205
    outer loop
      vertex 1.75 -3.03109 10.6
      vertex 4.97184 -12.0115 9
      vertex 6.5 -11.2583 10.6
    endloop
  endfacet
  facet normal -0.593544 -0.342682 0.7282
    outer loop
      vertex 4.97184 -12.0115 9
      vertex 1.75 -3.03109 10.6
      vertex 0.277759 -3.88109 9
    endloop
  endfacet
  facet normal 0.500001 -0.866025 0
    outer loop
      vertex 6.5 -11.2583 9
      vertex 6.5 -11.2583 10.6
      vertex 5.02776 -12.1083 9
    endloop
  endfacet
  facet normal 0.500001 -0.866025 0
    outer loop
      vertex 6.5 -11.2583 10.6
      vertex 6.5 -11.2583 9
      vertex 7.97224 -10.4083 9
    endloop
  endfacet
  facet normal 0.593457 0.342832 0.728199
    outer loop
      vertex 7.91632 -10.3115 9
      vertex 6.5 -11.2583 10.6
      vertex 7.97224 -10.4083 9
    endloop
  endfacet
  facet normal 0.593544 0.342682 0.728199
    outer loop
      vertex 1.75 -3.03109 10.6
      vertex 7.91632 -10.3115 9
      vertex 3.22224 -2.18109 9
    endloop
  endfacet
  facet normal 0.593548 0.342687 0.728194
    outer loop
      vertex 7.91632 -10.3115 9
      vertex 1.75 -3.03109 10.6
      vertex 6.5 -11.2583 10.6
    endloop
  endfacet
  facet normal 0.980776 0.195138 -0
    outer loop
      vertex 12.6395 2.95 5
      vertex 12.557 3.36465 9
      vertex 12.6395 2.95 7.7
    endloop
  endfacet
  facet normal 0.980776 0.195136 7.00216e-07
    outer loop
      vertex 12.8882 1.7 9
      vertex 12.6395 2.95 7.7
      vertex 12.557 3.36465 9
    endloop
  endfacet
  facet normal 0.982447 0.186541 -0
    outer loop
      vertex 12.8888 1.69684 7.7
      vertex 12.8882 1.7 9
      vertex 12.8888 1.69684 9
    endloop
  endfacet
  facet normal 0.980781 0.195114 -2.16083e-05
    outer loop
      vertex 12.8882 1.7 9
      vertex 12.8888 1.69684 7.7
      vertex 12.6395 2.95 7.7
    endloop
  endfacet
  facet normal 0.980776 0.195138 0
    outer loop
      vertex 12.557 3.36465 9
      vertex 12.6395 2.95 5
      vertex 12.557 3.36465 0
    endloop
  endfacet
  facet normal 0.980781 0.195114 -0
    outer loop
      vertex 12.8888 1.69684 0
      vertex 12.6395 2.95 5
      vertex 12.8888 1.69684 5
    endloop
  endfacet
  facet normal 0.980779 0.19512 -1.58248e-06
    outer loop
      vertex 12.6395 2.95 5
      vertex 12.8888 1.69684 0
      vertex 12.557 3.36465 0
    endloop
  endfacet
  facet normal 0.99786 0.0653933 0
    outer loop
      vertex 13 0 5
      vertex 12.8888 1.69684 0
      vertex 12.8888 1.69684 5
    endloop
  endfacet
  facet normal 0.99786 0.0653933 0
    outer loop
      vertex 12.8888 1.69684 0
      vertex 13 0 5
      vertex 13 0 0
    endloop
  endfacet
  facet normal 0.99786 0.0653933 0
    outer loop
      vertex 13 0 9
      vertex 12.8888 1.69684 7.7
      vertex 12.8888 1.69684 9
    endloop
  endfacet
  facet normal 0.99786 0.0653933 0
    outer loop
      vertex 12.8888 1.69684 7.7
      vertex 13 0 9
      vertex 13 0 7.7
    endloop
  endfacet
  facet normal 0.340252 0.940334 -0
    outer loop
      vertex 4.97488 12.0104 0
      vertex 4.97184 12.0115 9
      vertex 4.97488 12.0104 9
    endloop
  endfacet
  facet normal 0.321404 0.946942 -7.17432e-06
    outer loop
      vertex 4.97184 12.0115 9
      vertex 4.97488 12.0104 0
      vertex 3.36465 12.557 9
    endloop
  endfacet
  facet normal 0.32144 0.94693 0
    outer loop
      vertex 3.36465 12.557 9
      vertex 4.97488 12.0104 0
      vertex 3.36465 12.557 0
    endloop
  endfacet
  facet normal 0.555555 -0.83148 0
    outer loop
      vertex 6.5 -11.2583 9
      vertex 6.5 -11.2583 0
      vertex 7.9139 -10.3136 9
    endloop
  endfacet
  facet normal 0.555555 -0.83148 0
    outer loop
      vertex 7.9139 -10.3136 9
      vertex 6.5 -11.2583 0
      vertex 7.9139 -10.3136 0
    endloop
  endfacet
  facet normal 0.659355 0.751832 -0
    outer loop
      vertex 9.19239 9.19239 0
      vertex 7.91632 10.3115 9
      vertex 9.19239 9.19239 9
    endloop
  endfacet
  facet normal 0.659347 0.751839 -1.86216e-06
    outer loop
      vertex 7.9139 10.3136 0
      vertex 7.91632 10.3115 9
      vertex 9.19239 9.19239 0
    endloop
  endfacet
  facet normal 0.655406 0.755277 0
    outer loop
      vertex 7.91632 10.3115 9
      vertex 7.9139 10.3136 0
      vertex 7.9139 10.3136 9
    endloop
  endfacet
  facet normal -0.19512 -0.980779 0
    outer loop
      vertex -3.36465 -12.557 0
      vertex -1.69684 -12.8888 9
      vertex -3.36465 -12.557 9
    endloop
  endfacet
  facet normal -0.19512 -0.980779 -0
    outer loop
      vertex -1.69684 -12.8888 9
      vertex -3.36465 -12.557 0
      vertex -1.69684 -12.8888 0
    endloop
  endfacet
  facet normal 0.751839 -0.659347 0
    outer loop
      vertex 9.19239 -9.19239 9
      vertex 10.3136 -7.9139 0
      vertex 10.3136 -7.9139 9
    endloop
  endfacet
  facet normal 0.751839 -0.659347 0
    outer loop
      vertex 10.3136 -7.9139 0
      vertex 9.19239 -9.19239 9
      vertex 9.19239 -9.19239 0
    endloop
  endfacet
  facet normal -0.94693 0.32144 0
    outer loop
      vertex -12.557 3.36465 0
      vertex -12.0104 4.97488 9
      vertex -12.0104 4.97488 0
    endloop
  endfacet
  facet normal -0.94693 0.32144 0
    outer loop
      vertex -12.0104 4.97488 9
      vertex -12.557 3.36465 0
      vertex -12.557 3.36465 9
    endloop
  endfacet
  facet normal 0.0653933 0.99786 -0
    outer loop
      vertex 1.69684 12.8888 0
      vertex 0 13 9
      vertex 1.69684 12.8888 9
    endloop
  endfacet
  facet normal 0.0653933 0.99786 0
    outer loop
      vertex 0 13 9
      vertex 1.69684 12.8888 0
      vertex 0 13 0
    endloop
  endfacet
  facet normal -0.321404 0.946942 0
    outer loop
      vertex -3.36465 12.557 0
      vertex -4.97184 12.0115 9
      vertex -3.36465 12.557 9
    endloop
  endfacet
  facet normal -0.32144 0.94693 -7.16068e-06
    outer loop
      vertex -4.97488 12.0104 0
      vertex -4.97184 12.0115 9
      vertex -3.36465 12.557 0
    endloop
  endfacet
  facet normal -0.340252 0.940334 0
    outer loop
      vertex -4.97184 12.0115 9
      vertex -4.97488 12.0104 0
      vertex -4.97488 12.0104 9
    endloop
  endfacet
  facet normal -0.99786 -0.0653933 0
    outer loop
      vertex -12.8888 -1.69684 0
      vertex -13 0 9
      vertex -13 0 0
    endloop
  endfacet
  facet normal -0.99786 -0.0653933 0
    outer loop
      vertex -13 0 9
      vertex -12.8888 -1.69684 0
      vertex -12.8888 -1.69684 9
    endloop
  endfacet
  facet normal -0.0653933 -0.99786 0
    outer loop
      vertex -1.69684 -12.8888 0
      vertex 0 -13 9
      vertex -1.69684 -12.8888 9
    endloop
  endfacet
  facet normal -0.0653933 -0.99786 -0
    outer loop
      vertex 0 -13 9
      vertex -1.69684 -12.8888 0
      vertex 0 -13 0
    endloop
  endfacet
  facet normal 0.99786 -0.0653933 0
    outer loop
      vertex 12.8888 -1.69684 9
      vertex 13 0 7.7
      vertex 13 0 9
    endloop
  endfacet
  facet normal 0.99786 -0.0653933 0
    outer loop
      vertex 13 0 7.7
      vertex 12.8888 -1.69684 9
      vertex 12.8888 -1.69684 7.7
    endloop
  endfacet
  facet normal 0.99786 -0.0653933 0
    outer loop
      vertex 12.8888 -1.69684 5
      vertex 13 0 0
      vertex 13 0 5
    endloop
  endfacet
  facet normal 0.99786 -0.0653933 0
    outer loop
      vertex 13 0 0
      vertex 12.8888 -1.69684 5
      vertex 12.8888 -1.69684 0
    endloop
  endfacet
  facet normal 0.751839 0.659347 0
    outer loop
      vertex 10.3136 7.9139 9
      vertex 9.19239 9.19239 0
      vertex 9.19239 9.19239 9
    endloop
  endfacet
  facet normal 0.751839 0.659347 0
    outer loop
      vertex 9.19239 9.19239 0
      vertex 10.3136 7.9139 9
      vertex 10.3136 7.9139 0
    endloop
  endfacet
  facet normal -0.94693 -0.32144 0
    outer loop
      vertex -12.0104 -4.97488 0
      vertex -12.557 -3.36465 9
      vertex -12.557 -3.36465 0
    endloop
  endfacet
  facet normal -0.94693 -0.32144 0
    outer loop
      vertex -12.557 -3.36465 9
      vertex -12.0104 -4.97488 0
      vertex -12.0104 -4.97488 9
    endloop
  endfacet
  facet normal -0.982447 -0.186541 0
    outer loop
      vertex -12.8888 -1.69684 0
      vertex -12.8882 -1.7 9
      vertex -12.8888 -1.69684 9
    endloop
  endfacet
  facet normal -0.980779 -0.19512 -3.12341e-06
    outer loop
      vertex -12.557 -3.36465 0
      vertex -12.8882 -1.7 9
      vertex -12.8888 -1.69684 0
    endloop
  endfacet
  facet normal -0.980776 -0.195136 0
    outer loop
      vertex -12.8882 -1.7 9
      vertex -12.557 -3.36465 0
      vertex -12.557 -3.36465 9
    endloop
  endfacet
  facet normal 0.19512 0.980779 -0
    outer loop
      vertex 3.36465 12.557 0
      vertex 1.69684 12.8888 9
      vertex 3.36465 12.557 9
    endloop
  endfacet
  facet normal 0.19512 0.980779 0
    outer loop
      vertex 1.69684 12.8888 9
      vertex 3.36465 12.557 0
      vertex 1.69684 12.8888 0
    endloop
  endfacet
  facet normal -0.751839 -0.659347 0
    outer loop
      vertex -9.19239 -9.19239 0
      vertex -10.3136 -7.9139 9
      vertex -10.3136 -7.9139 0
    endloop
  endfacet
  facet normal -0.751839 -0.659347 0
    outer loop
      vertex -10.3136 -7.9139 9
      vertex -9.19239 -9.19239 0
      vertex -9.19239 -9.19239 9
    endloop
  endfacet
  facet normal -0.655406 0.755277 0
    outer loop
      vertex -7.9139 10.3136 0
      vertex -7.91632 10.3115 9
      vertex -7.9139 10.3136 9
    endloop
  endfacet
  facet normal -0.659355 0.751832 -1.86568e-06
    outer loop
      vertex -7.91632 10.3115 9
      vertex -7.9139 10.3136 0
      vertex -9.19239 9.19239 9
    endloop
  endfacet
  facet normal -0.659347 0.751839 0
    outer loop
      vertex -9.19239 9.19239 9
      vertex -7.9139 10.3136 0
      vertex -9.19239 9.19239 0
    endloop
  endfacet
  facet normal -0.896874 0.442286 0
    outer loop
      vertex -12.0104 4.97488 0
      vertex -11.2583 6.5 9
      vertex -11.2583 6.5 0
    endloop
  endfacet
  facet normal -0.896874 0.442286 0
    outer loop
      vertex -11.2583 6.5 9
      vertex -12.0104 4.97488 0
      vertex -12.0104 4.97488 9
    endloop
  endfacet
  facet normal 0.83148 -0.555555 0
    outer loop
      vertex 10.3136 -7.9139 9
      vertex 11.2583 -6.5 0
      vertex 11.2583 -6.5 9
    endloop
  endfacet
  facet normal 0.83148 -0.555555 0
    outer loop
      vertex 11.2583 -6.5 0
      vertex 10.3136 -7.9139 9
      vertex 10.3136 -7.9139 0
    endloop
  endfacet
  facet normal 0.83148 0.555555 0
    outer loop
      vertex 11.2583 6.5 9
      vertex 10.3136 7.9139 0
      vertex 10.3136 7.9139 9
    endloop
  endfacet
  facet normal 0.83148 0.555555 0
    outer loop
      vertex 10.3136 7.9139 0
      vertex 11.2583 6.5 9
      vertex 11.2583 6.5 0
    endloop
  endfacet
  facet normal -0.751839 0.659347 0
    outer loop
      vertex -10.3136 7.9139 0
      vertex -9.19239 9.19239 9
      vertex -9.19239 9.19239 0
    endloop
  endfacet
  facet normal -0.751839 0.659347 0
    outer loop
      vertex -9.19239 9.19239 9
      vertex -10.3136 7.9139 0
      vertex -10.3136 7.9139 9
    endloop
  endfacet
  facet normal 0.655406 -0.755277 0
    outer loop
      vertex 7.9139 -10.3136 0
      vertex 7.91632 -10.3115 9
      vertex 7.9139 -10.3136 9
    endloop
  endfacet
  facet normal 0.659355 -0.751832 -1.86568e-06
    outer loop
      vertex 7.91632 -10.3115 9
      vertex 7.9139 -10.3136 0
      vertex 9.19239 -9.19239 9
    endloop
  endfacet
  facet normal 0.659347 -0.751839 0
    outer loop
      vertex 9.19239 -9.19239 9
      vertex 7.9139 -10.3136 0
      vertex 9.19239 -9.19239 0
    endloop
  endfacet
  facet normal -0.83148 -0.555555 0
    outer loop
      vertex -10.3136 -7.9139 0
      vertex -11.2583 -6.5 9
      vertex -11.2583 -6.5 0
    endloop
  endfacet
  facet normal -0.83148 -0.555555 0
    outer loop
      vertex -11.2583 -6.5 9
      vertex -10.3136 -7.9139 0
      vertex -10.3136 -7.9139 9
    endloop
  endfacet
  facet normal -0.19512 0.980779 0
    outer loop
      vertex -1.69684 12.8888 0
      vertex -3.36465 12.557 9
      vertex -1.69684 12.8888 9
    endloop
  endfacet
  facet normal -0.19512 0.980779 0
    outer loop
      vertex -3.36465 12.557 9
      vertex -1.69684 12.8888 0
      vertex -3.36465 12.557 0
    endloop
  endfacet
  facet normal 0.94693 -0.32144 0
    outer loop
      vertex 12.0104 -4.97488 9
      vertex 12.557 -3.36465 0
      vertex 12.557 -3.36465 9
    endloop
  endfacet
  facet normal 0.94693 -0.32144 0
    outer loop
      vertex 12.557 -3.36465 0
      vertex 12.0104 -4.97488 9
      vertex 12.0104 -4.97488 0
    endloop
  endfacet
  facet normal 0.442286 0.896874 0
    outer loop
      vertex 6.5 11.2583 9
      vertex 6.5 11.2583 0
      vertex 4.97488 12.0104 9
    endloop
  endfacet
  facet normal 0.442286 0.896874 0
    outer loop
      vertex 4.97488 12.0104 9
      vertex 6.5 11.2583 0
      vertex 4.97488 12.0104 0
    endloop
  endfacet
  facet normal -0.0653933 0.99786 0
    outer loop
      vertex 0 13 0
      vertex -1.69684 12.8888 9
      vertex 0 13 9
    endloop
  endfacet
  facet normal -0.0653933 0.99786 0
    outer loop
      vertex -1.69684 12.8888 9
      vertex 0 13 0
      vertex -1.69684 12.8888 0
    endloop
  endfacet
  facet normal 0.0653933 -0.99786 0
    outer loop
      vertex 0 -13 0
      vertex 1.69684 -12.8888 9
      vertex 0 -13 9
    endloop
  endfacet
  facet normal 0.0653933 -0.99786 0
    outer loop
      vertex 1.69684 -12.8888 9
      vertex 0 -13 0
      vertex 1.69684 -12.8888 0
    endloop
  endfacet
  facet normal 0.555555 0.83148 -0
    outer loop
      vertex 7.9139 10.3136 0
      vertex 6.5 11.2583 9
      vertex 7.9139 10.3136 9
    endloop
  endfacet
  facet normal 0.555555 0.83148 -0
    outer loop
      vertex 6.5 11.2583 0
      vertex 6.5 11.2583 9
      vertex 7.9139 10.3136 0
    endloop
  endfacet
  facet normal -0.896874 -0.442286 0
    outer loop
      vertex -11.2583 -6.5 0
      vertex -12.0104 -4.97488 9
      vertex -12.0104 -4.97488 0
    endloop
  endfacet
  facet normal -0.896874 -0.442286 0
    outer loop
      vertex -12.0104 -4.97488 9
      vertex -11.2583 -6.5 0
      vertex -11.2583 -6.5 9
    endloop
  endfacet
  facet normal -0.659355 -0.751832 0
    outer loop
      vertex -9.19239 -9.19239 0
      vertex -7.91632 -10.3115 9
      vertex -9.19239 -9.19239 9
    endloop
  endfacet
  facet normal -0.659347 -0.751839 -1.86216e-06
    outer loop
      vertex -7.9139 -10.3136 0
      vertex -7.91632 -10.3115 9
      vertex -9.19239 -9.19239 0
    endloop
  endfacet
  facet normal -0.655406 -0.755277 0
    outer loop
      vertex -7.91632 -10.3115 9
      vertex -7.9139 -10.3136 0
      vertex -7.9139 -10.3136 9
    endloop
  endfacet
  facet normal -0.980776 0.195136 0
    outer loop
      vertex -12.557 3.36465 0
      vertex -12.8882 1.7 9
      vertex -12.557 3.36465 9
    endloop
  endfacet
  facet normal -0.980779 0.19512 -3.12341e-06
    outer loop
      vertex -12.8888 1.69684 0
      vertex -12.8882 1.7 9
      vertex -12.557 3.36465 0
    endloop
  endfacet
  facet normal -0.982447 0.186541 0
    outer loop
      vertex -12.8882 1.7 9
      vertex -12.8888 1.69684 0
      vertex -12.8888 1.69684 9
    endloop
  endfacet
  facet normal 0.896874 0.442286 0
    outer loop
      vertex 12.0104 4.97488 9
      vertex 11.2583 6.5 0
      vertex 11.2583 6.5 9
    endloop
  endfacet
  facet normal 0.896874 0.442286 0
    outer loop
      vertex 11.2583 6.5 0
      vertex 12.0104 4.97488 9
      vertex 12.0104 4.97488 0
    endloop
  endfacet
  facet normal 0.19512 -0.980779 0
    outer loop
      vertex 1.69684 -12.8888 0
      vertex 3.36465 -12.557 9
      vertex 1.69684 -12.8888 9
    endloop
  endfacet
  facet normal 0.19512 -0.980779 0
    outer loop
      vertex 3.36465 -12.557 9
      vertex 1.69684 -12.8888 0
      vertex 3.36465 -12.557 0
    endloop
  endfacet
  facet normal 0.896874 -0.442286 0
    outer loop
      vertex 11.2583 -6.5 9
      vertex 12.0104 -4.97488 0
      vertex 12.0104 -4.97488 9
    endloop
  endfacet
  facet normal 0.896874 -0.442286 0
    outer loop
      vertex 12.0104 -4.97488 0
      vertex 11.2583 -6.5 9
      vertex 11.2583 -6.5 0
    endloop
  endfacet
  facet normal 0.982447 -0.186541 0
    outer loop
      vertex 12.8882 -1.7 9
      vertex 12.8888 -1.69684 7.7
      vertex 12.8888 -1.69684 9
    endloop
  endfacet
  facet normal 0.980781 -0.195114 -2.16083e-05
    outer loop
      vertex 12.8882 -1.7 9
      vertex 12.6395 -2.95 7.7
      vertex 12.8888 -1.69684 7.7
    endloop
  endfacet
  facet normal 0.980776 -0.195138 0
    outer loop
      vertex 12.6395 -2.95 7.7
      vertex 12.557 -3.36465 9
      vertex 12.6395 -2.95 5
    endloop
  endfacet
  facet normal 0.980776 -0.195136 7.00216e-07
    outer loop
      vertex 12.557 -3.36465 9
      vertex 12.6395 -2.95 7.7
      vertex 12.8882 -1.7 9
    endloop
  endfacet
  facet normal 0.980781 -0.195114 0
    outer loop
      vertex 12.6395 -2.95 5
      vertex 12.8888 -1.69684 0
      vertex 12.8888 -1.69684 5
    endloop
  endfacet
  facet normal 0.980779 -0.19512 -1.58248e-06
    outer loop
      vertex 12.6395 -2.95 5
      vertex 12.557 -3.36465 0
      vertex 12.8888 -1.69684 0
    endloop
  endfacet
  facet normal 0.980776 -0.195138 0
    outer loop
      vertex 12.557 -3.36465 0
      vertex 12.6395 -2.95 5
      vertex 12.557 -3.36465 9
    endloop
  endfacet
  facet normal -0.555555 0.83148 0
    outer loop
      vertex -6.5 11.2583 9
      vertex -6.5 11.2583 0
      vertex -7.9139 10.3136 9
    endloop
  endfacet
  facet normal -0.555555 0.83148 0
    outer loop
      vertex -7.9139 10.3136 9
      vertex -6.5 11.2583 0
      vertex -7.9139 10.3136 0
    endloop
  endfacet
  facet normal 0.94693 0.32144 0
    outer loop
      vertex 12.557 3.36465 9
      vertex 12.0104 4.97488 0
      vertex 12.0104 4.97488 9
    endloop
  endfacet
  facet normal 0.94693 0.32144 0
    outer loop
      vertex 12.0104 4.97488 0
      vertex 12.557 3.36465 9
      vertex 12.557 3.36465 0
    endloop
  endfacet
  facet normal 0.321404 -0.946942 0
    outer loop
      vertex 3.36465 -12.557 0
      vertex 4.97184 -12.0115 9
      vertex 3.36465 -12.557 9
    endloop
  endfacet
  facet normal 0.32144 -0.94693 -7.16068e-06
    outer loop
      vertex 4.97488 -12.0104 0
      vertex 4.97184 -12.0115 9
      vertex 3.36465 -12.557 0
    endloop
  endfacet
  facet normal 0.340252 -0.940334 0
    outer loop
      vertex 4.97184 -12.0115 9
      vertex 4.97488 -12.0104 0
      vertex 4.97488 -12.0104 9
    endloop
  endfacet
  facet normal 0.442286 -0.896874 0
    outer loop
      vertex 4.97488 -12.0104 0
      vertex 6.5 -11.2583 9
      vertex 4.97488 -12.0104 9
    endloop
  endfacet
  facet normal 0.442286 -0.896874 0
    outer loop
      vertex 6.5 -11.2583 0
      vertex 6.5 -11.2583 9
      vertex 4.97488 -12.0104 0
    endloop
  endfacet
  facet normal -0.99786 0.0653933 0
    outer loop
      vertex -13 0 0
      vertex -12.8888 1.69684 9
      vertex -12.8888 1.69684 0
    endloop
  endfacet
  facet normal -0.99786 0.0653933 0
    outer loop
      vertex -12.8888 1.69684 9
      vertex -13 0 0
      vertex -13 0 9
    endloop
  endfacet
  facet normal -0.340252 -0.940334 0
    outer loop
      vertex -4.97488 -12.0104 0
      vertex -4.97184 -12.0115 9
      vertex -4.97488 -12.0104 9
    endloop
  endfacet
  facet normal -0.321404 -0.946942 -7.17432e-06
    outer loop
      vertex -4.97184 -12.0115 9
      vertex -4.97488 -12.0104 0
      vertex -3.36465 -12.557 9
    endloop
  endfacet
  facet normal -0.32144 -0.94693 -0
    outer loop
      vertex -3.36465 -12.557 9
      vertex -4.97488 -12.0104 0
      vertex -3.36465 -12.557 0
    endloop
  endfacet
  facet normal -0.442286 0.896874 0
    outer loop
      vertex -4.97488 12.0104 0
      vertex -6.5 11.2583 9
      vertex -4.97488 12.0104 9
    endloop
  endfacet
  facet normal -0.442286 0.896874 0
    outer loop
      vertex -6.5 11.2583 0
      vertex -6.5 11.2583 9
      vertex -4.97488 12.0104 0
    endloop
  endfacet
  facet normal -0.83148 0.555555 0
    outer loop
      vertex -11.2583 6.5 0
      vertex -10.3136 7.9139 9
      vertex -10.3136 7.9139 0
    endloop
  endfacet
  facet normal -0.83148 0.555555 0
    outer loop
      vertex -10.3136 7.9139 9
      vertex -11.2583 6.5 0
      vertex -11.2583 6.5 9
    endloop
  endfacet
  facet normal -0.442286 -0.896874 -0
    outer loop
      vertex -6.5 -11.2583 9
      vertex -6.5 -11.2583 0
      vertex -4.97488 -12.0104 9
    endloop
  endfacet
  facet normal -0.442286 -0.896874 -0
    outer loop
      vertex -4.97488 -12.0104 9
      vertex -6.5 -11.2583 0
      vertex -4.97488 -12.0104 0
    endloop
  endfacet
  facet normal 0 0 -1
    outer loop
      vertex 10.8 0 0
      vertex 13 0 0
      vertex 12.8888 -1.69684 0
    endloop
  endfacet
  facet normal 0 0 -1
    outer loop
      vertex 10.7076 -1.40968 0
      vertex 12.8888 -1.69684 0
      vertex 12.557 -3.36465 0
    endloop
  endfacet
  facet normal 0 0 -1
    outer loop
      vertex 13 0 0
      vertex 10.8 0 0
      vertex 12.8888 1.69684 0
    endloop
  endfacet
  facet normal 0 0 -1
    outer loop
      vertex 10.432 -2.79525 0
      vertex 12.557 -3.36465 0
      vertex 12.0104 -4.97488 0
    endloop
  endfacet
  facet normal 0 0 -1
    outer loop
      vertex 10.7076 1.40968 0
      vertex 12.8888 1.69684 0
      vertex 10.8 0 0
    endloop
  endfacet
  facet normal 0 0 -1
    outer loop
      vertex 9.9779 -4.13298 0
      vertex 12.0104 -4.97488 0
      vertex 11.2583 -6.5 0
    endloop
  endfacet
  facet normal -0 0 -1
    outer loop
      vertex 12.8888 1.69684 0
      vertex 10.7076 1.40968 0
      vertex 12.557 3.36465 0
    endloop
  endfacet
  facet normal 0 0 -1
    outer loop
      vertex 10.432 2.79525 0
      vertex 12.557 3.36465 0
      vertex 10.7076 1.40968 0
    endloop
  endfacet
  facet normal 0 0 -1
    outer loop
      vertex 12.8888 -1.69684 0
      vertex 10.7076 -1.40968 0
      vertex 10.8 0 0
    endloop
  endfacet
  facet normal 0 0 -1
    outer loop
      vertex 12.557 -3.36465 0
      vertex 10.432 -2.79525 0
      vertex 10.7076 -1.40968 0
    endloop
  endfacet
  facet normal 0 0 -1
    outer loop
      vertex 9.35307 -5.4 0
      vertex 11.2583 -6.5 0
      vertex 10.3136 -7.9139 0
    endloop
  endfacet
  facet normal 0 0 -1
    outer loop
      vertex 12.0104 -4.97488 0
      vertex 9.9779 -4.13298 0
      vertex 10.432 -2.79525 0
    endloop
  endfacet
  facet normal 0 0 -1
    outer loop
      vertex 11.2583 -6.5 0
      vertex 9.35307 -5.4 0
      vertex 9.9779 -4.13298 0
    endloop
  endfacet
  facet normal 0 0 -1
    outer loop
      vertex 8.56822 -6.57462 0
      vertex 10.3136 -7.9139 0
      vertex 9.19239 -9.19239 0
    endloop
  endfacet
  facet normal 0 0 -1
    outer loop
      vertex 10.3136 -7.9139 0
      vertex 8.56822 -6.57462 0
      vertex 9.35307 -5.4 0
    endloop
  endfacet
  facet normal 0 0 -1
    outer loop
      vertex 7.63675 -7.63675 0
      vertex 9.19239 -9.19239 0
      vertex 7.9139 -10.3136 0
    endloop
  endfacet
  facet normal 0 0 -1
    outer loop
      vertex 9.19239 -9.19239 0
      vertex 7.63675 -7.63675 0
      vertex 8.56822 -6.57462 0
    endloop
  endfacet
  facet normal 0 0 -1
    outer loop
      vertex 7.9139 -10.3136 0
      vertex 6.57462 -8.56822 0
      vertex 7.63675 -7.63675 0
    endloop
  endfacet
  facet normal 0 0 -1
    outer loop
      vertex 6.5 -11.2583 0
      vertex 6.57462 -8.56822 0
      vertex 7.9139 -10.3136 0
    endloop
  endfacet
  facet normal 0 0 -1
    outer loop
      vertex 6.5 -11.2583 0
      vertex 5.4 -9.35307 0
      vertex 6.57462 -8.56822 0
    endloop
  endfacet
  facet normal 0 0 -1
    outer loop
      vertex 4.97488 -12.0104 0
      vertex 5.4 -9.35307 0
      vertex 6.5 -11.2583 0
    endloop
  endfacet
  facet normal 0 0 -1
    outer loop
      vertex 4.97488 -12.0104 0
      vertex 4.13298 -9.9779 0
      vertex 5.4 -9.35307 0
    endloop
  endfacet
  facet normal 0 0 -1
    outer loop
      vertex 3.36465 -12.557 0
      vertex 4.13298 -9.9779 0
      vertex 4.97488 -12.0104 0
    endloop
  endfacet
  facet normal 0 0 -1
    outer loop
      vertex 3.36465 -12.557 0
      vertex 2.79525 -10.432 0
      vertex 4.13298 -9.9779 0
    endloop
  endfacet
  facet normal 0 0 -1
    outer loop
      vertex 1.69684 -12.8888 0
      vertex 2.79525 -10.432 0
      vertex 3.36465 -12.557 0
    endloop
  endfacet
  facet normal 0 0 -1
    outer loop
      vertex 1.69684 -12.8888 0
      vertex 1.40968 -10.7076 0
      vertex 2.79525 -10.432 0
    endloop
  endfacet
  facet normal 0 0 -1
    outer loop
      vertex 0 -13 0
      vertex 1.40968 -10.7076 0
      vertex 1.69684 -12.8888 0
    endloop
  endfacet
  facet normal 0 0 -1
    outer loop
      vertex 0 -13 0
      vertex 0 -10.8 0
      vertex 1.40968 -10.7076 0
    endloop
  endfacet
  facet normal 0 0 -1
    outer loop
      vertex 0 -13 0
      vertex -1.40968 -10.7076 0
      vertex 0 -10.8 0
    endloop
  endfacet
  facet normal 0 0 -1
    outer loop
      vertex -1.69684 -12.8888 0
      vertex -1.40968 -10.7076 0
      vertex 0 -13 0
    endloop
  endfacet
  facet normal 0 0 -1
    outer loop
      vertex -1.69684 -12.8888 0
      vertex -2.79525 -10.432 0
      vertex -1.40968 -10.7076 0
    endloop
  endfacet
  facet normal 0 0 -1
    outer loop
      vertex -3.36465 -12.557 0
      vertex -2.79525 -10.432 0
      vertex -1.69684 -12.8888 0
    endloop
  endfacet
  facet normal 0 0 -1
    outer loop
      vertex -3.36465 -12.557 0
      vertex -4.13298 -9.9779 0
      vertex -2.79525 -10.432 0
    endloop
  endfacet
  facet normal 0 0 -1
    outer loop
      vertex -4.97488 -12.0104 0
      vertex -4.13298 -9.9779 0
      vertex -3.36465 -12.557 0
    endloop
  endfacet
  facet normal 0 0 -1
    outer loop
      vertex -4.97488 -12.0104 0
      vertex -5.4 -9.35307 0
      vertex -4.13298 -9.9779 0
    endloop
  endfacet
  facet normal 0 0 -1
    outer loop
      vertex -6.5 -11.2583 0
      vertex -5.4 -9.35307 0
      vertex -4.97488 -12.0104 0
    endloop
  endfacet
  facet normal 0 0 -1
    outer loop
      vertex -6.5 -11.2583 0
      vertex -6.57462 -8.56822 0
      vertex -5.4 -9.35307 0
    endloop
  endfacet
  facet normal 0 0 -1
    outer loop
      vertex -7.9139 -10.3136 0
      vertex -6.57462 -8.56822 0
      vertex -6.5 -11.2583 0
    endloop
  endfacet
  facet normal -0 0 -1
    outer loop
      vertex -6.57462 -8.56822 0
      vertex -7.9139 -10.3136 0
      vertex -7.63675 -7.63675 0
    endloop
  endfacet
  facet normal 0 0 -1
    outer loop
      vertex -9.19239 -9.19239 0
      vertex -7.63675 -7.63675 0
      vertex -7.9139 -10.3136 0
    endloop
  endfacet
  facet normal -0 0 -1
    outer loop
      vertex -7.63675 -7.63675 0
      vertex -9.19239 -9.19239 0
      vertex -8.56822 -6.57462 0
    endloop
  endfacet
  facet normal 0 0 -1
    outer loop
      vertex -10.3136 -7.9139 0
      vertex -8.56822 -6.57462 0
      vertex -9.19239 -9.19239 0
    endloop
  endfacet
  facet normal -0 0 -1
    outer loop
      vertex -8.56822 -6.57462 0
      vertex -10.3136 -7.9139 0
      vertex -9.35307 -5.4 0
    endloop
  endfacet
  facet normal 0 0 -1
    outer loop
      vertex -11.2583 -6.5 0
      vertex -9.35307 -5.4 0
      vertex -10.3136 -7.9139 0
    endloop
  endfacet
  facet normal -0 0 -1
    outer loop
      vertex -9.35307 -5.4 0
      vertex -11.2583 -6.5 0
      vertex -9.9779 -4.13298 0
    endloop
  endfacet
  facet normal 0 0 -1
    outer loop
      vertex -12.0104 -4.97488 0
      vertex -9.9779 -4.13298 0
      vertex -11.2583 -6.5 0
    endloop
  endfacet
  facet normal -0 0 -1
    outer loop
      vertex -9.9779 -4.13298 0
      vertex -12.0104 -4.97488 0
      vertex -10.432 -2.79525 0
    endloop
  endfacet
  facet normal 0 0 -1
    outer loop
      vertex -12.557 -3.36465 0
      vertex -10.432 -2.79525 0
      vertex -12.0104 -4.97488 0
    endloop
  endfacet
  facet normal -0 0 -1
    outer loop
      vertex 12.557 3.36465 0
      vertex 10.432 2.79525 0
      vertex 12.0104 4.97488 0
    endloop
  endfacet
  facet normal 0 0 -1
    outer loop
      vertex 9.9779 4.13298 0
      vertex 12.0104 4.97488 0
      vertex 10.432 2.79525 0
    endloop
  endfacet
  facet normal -0 0 -1
    outer loop
      vertex 12.0104 4.97488 0
      vertex 9.9779 4.13298 0
      vertex 11.2583 6.5 0
    endloop
  endfacet
  facet normal 0 0 -1
    outer loop
      vertex 9.35307 5.4 0
      vertex 11.2583 6.5 0
      vertex 9.9779 4.13298 0
    endloop
  endfacet
  facet normal -0 0 -1
    outer loop
      vertex 11.2583 6.5 0
      vertex 9.35307 5.4 0
      vertex 10.3136 7.9139 0
    endloop
  endfacet
  facet normal 0 0 -1
    outer loop
      vertex 8.56822 6.57462 0
      vertex 10.3136 7.9139 0
      vertex 9.35307 5.4 0
    endloop
  endfacet
  facet normal -0 0 -1
    outer loop
      vertex 10.3136 7.9139 0
      vertex 8.56822 6.57462 0
      vertex 9.19239 9.19239 0
    endloop
  endfacet
  facet normal 0 0 -1
    outer loop
      vertex 7.63675 7.63675 0
      vertex 9.19239 9.19239 0
      vertex 8.56822 6.57462 0
    endloop
  endfacet
  facet normal -0 0 -1
    outer loop
      vertex 9.19239 9.19239 0
      vertex 7.63675 7.63675 0
      vertex 7.9139 10.3136 0
    endloop
  endfacet
  facet normal 0 0 -1
    outer loop
      vertex 6.57462 8.56822 0
      vertex 7.9139 10.3136 0
      vertex 7.63675 7.63675 0
    endloop
  endfacet
  facet normal 0 0 -1
    outer loop
      vertex 6.57462 8.56822 0
      vertex 6.5 11.2583 0
      vertex 7.9139 10.3136 0
    endloop
  endfacet
  facet normal 0 0 -1
    outer loop
      vertex 5.4 9.35307 0
      vertex 6.5 11.2583 0
      vertex 6.57462 8.56822 0
    endloop
  endfacet
  facet normal 0 0 -1
    outer loop
      vertex 5.4 9.35307 0
      vertex 4.97488 12.0104 0
      vertex 6.5 11.2583 0
    endloop
  endfacet
  facet normal 0 0 -1
    outer loop
      vertex 4.13298 9.9779 0
      vertex 4.97488 12.0104 0
      vertex 5.4 9.35307 0
    endloop
  endfacet
  facet normal 0 0 -1
    outer loop
      vertex 4.13298 9.9779 0
      vertex 3.36465 12.557 0
      vertex 4.97488 12.0104 0
    endloop
  endfacet
  facet normal 0 0 -1
    outer loop
      vertex 2.79525 10.432 0
      vertex 3.36465 12.557 0
      vertex 4.13298 9.9779 0
    endloop
  endfacet
  facet normal 0 0 -1
    outer loop
      vertex 2.79525 10.432 0
      vertex 1.69684 12.8888 0
      vertex 3.36465 12.557 0
    endloop
  endfacet
  facet normal 0 0 -1
    outer loop
      vertex 1.40968 10.7076 0
      vertex 1.69684 12.8888 0
      vertex 2.79525 10.432 0
    endloop
  endfacet
  facet normal 0 0 -1
    outer loop
      vertex 0 10.8 0
      vertex 1.69684 12.8888 0
      vertex 1.40968 10.7076 0
    endloop
  endfacet
  facet normal 0 0 -1
    outer loop
      vertex 0 10.8 0
      vertex 0 13 0
      vertex 1.69684 12.8888 0
    endloop
  endfacet
  facet normal 0 0 -1
    outer loop
      vertex -1.40968 10.7076 0
      vertex 0 13 0
      vertex 0 10.8 0
    endloop
  endfacet
  facet normal 0 0 -1
    outer loop
      vertex -1.40968 10.7076 0
      vertex -1.69684 12.8888 0
      vertex 0 13 0
    endloop
  endfacet
  facet normal 0 0 -1
    outer loop
      vertex -2.79525 10.432 0
      vertex -1.69684 12.8888 0
      vertex -1.40968 10.7076 0
    endloop
  endfacet
  facet normal 0 0 -1
    outer loop
      vertex -2.79525 10.432 0
      vertex -3.36465 12.557 0
      vertex -1.69684 12.8888 0
    endloop
  endfacet
  facet normal 0 0 -1
    outer loop
      vertex -4.13298 9.9779 0
      vertex -3.36465 12.557 0
      vertex -2.79525 10.432 0
    endloop
  endfacet
  facet normal 0 0 -1
    outer loop
      vertex -4.13298 9.9779 0
      vertex -4.97488 12.0104 0
      vertex -3.36465 12.557 0
    endloop
  endfacet
  facet normal 0 0 -1
    outer loop
      vertex -5.4 9.35307 0
      vertex -4.97488 12.0104 0
      vertex -4.13298 9.9779 0
    endloop
  endfacet
  facet normal 0 0 -1
    outer loop
      vertex -5.4 9.35307 0
      vertex -6.5 11.2583 0
      vertex -4.97488 12.0104 0
    endloop
  endfacet
  facet normal 0 0 -1
    outer loop
      vertex -6.57462 8.56822 0
      vertex -6.5 11.2583 0
      vertex -5.4 9.35307 0
    endloop
  endfacet
  facet normal 0 0 -1
    outer loop
      vertex -7.9139 10.3136 0
      vertex -6.57462 8.56822 0
      vertex -7.63675 7.63675 0
    endloop
  endfacet
  facet normal 0 0 -1
    outer loop
      vertex -6.57462 8.56822 0
      vertex -7.9139 10.3136 0
      vertex -6.5 11.2583 0
    endloop
  endfacet
  facet normal 0 0 -1
    outer loop
      vertex -9.19239 9.19239 0
      vertex -7.63675 7.63675 0
      vertex -8.56822 6.57462 0
    endloop
  endfacet
  facet normal 0 0 -1
    outer loop
      vertex -7.63675 7.63675 0
      vertex -9.19239 9.19239 0
      vertex -7.9139 10.3136 0
    endloop
  endfacet
  facet normal 0 0 -1
    outer loop
      vertex -10.3136 7.9139 0
      vertex -8.56822 6.57462 0
      vertex -9.35307 5.4 0
    endloop
  endfacet
  facet normal 0 0 -1
    outer loop
      vertex -11.2583 6.5 0
      vertex -9.35307 5.4 0
      vertex -9.9779 4.13298 0
    endloop
  endfacet
  facet normal 0 0 -1
    outer loop
      vertex -8.56822 6.57462 0
      vertex -10.3136 7.9139 0
      vertex -9.19239 9.19239 0
    endloop
  endfacet
  facet normal 0 0 -1
    outer loop
      vertex -12.0104 4.97488 0
      vertex -9.9779 4.13298 0
      vertex -10.432 2.79525 0
    endloop
  endfacet
  facet normal 0 0 -1
    outer loop
      vertex -12.557 3.36465 0
      vertex -10.432 2.79525 0
      vertex -10.7076 1.40968 0
    endloop
  endfacet
  facet normal 0 0 -1
    outer loop
      vertex -12.8888 1.69684 0
      vertex -10.7076 1.40968 0
      vertex -10.8 0 0
    endloop
  endfacet
  facet normal -0 0 -1
    outer loop
      vertex -10.432 -2.79525 0
      vertex -12.557 -3.36465 0
      vertex -10.7076 -1.40968 0
    endloop
  endfacet
  facet normal 0 0 -1
    outer loop
      vertex -9.35307 5.4 0
      vertex -11.2583 6.5 0
      vertex -10.3136 7.9139 0
    endloop
  endfacet
  facet normal 0 0 -1
    outer loop
      vertex -12.8888 -1.69684 0
      vertex -10.7076 -1.40968 0
      vertex -12.557 -3.36465 0
    endloop
  endfacet
  facet normal 0 0 -1
    outer loop
      vertex -9.9779 4.13298 0
      vertex -12.0104 4.97488 0
      vertex -11.2583 6.5 0
    endloop
  endfacet
  facet normal -0 0 -1
    outer loop
      vertex -10.7076 -1.40968 0
      vertex -12.8888 -1.69684 0
      vertex -10.8 0 0
    endloop
  endfacet
  facet normal 0 0 -1
    outer loop
      vertex -10.432 2.79525 0
      vertex -12.557 3.36465 0
      vertex -12.0104 4.97488 0
    endloop
  endfacet
  facet normal 0 0 -1
    outer loop
      vertex -13 0 0
      vertex -10.8 0 0
      vertex -12.8888 -1.69684 0
    endloop
  endfacet
  facet normal 0 0 -1
    outer loop
      vertex -10.7076 1.40968 0
      vertex -12.8888 1.69684 0
      vertex -12.557 3.36465 0
    endloop
  endfacet
  facet normal 0 0 -1
    outer loop
      vertex -10.8 0 0
      vertex -13 0 0
      vertex -12.8888 1.69684 0
    endloop
  endfacet
  facet normal -0.555555 -0.83148 0
    outer loop
      vertex -7.9139 -10.3136 0
      vertex -6.5 -11.2583 9
      vertex -7.9139 -10.3136 9
    endloop
  endfacet
  facet normal -0.555555 -0.83148 0
    outer loop
      vertex -6.5 -11.2583 0
      vertex -6.5 -11.2583 9
      vertex -7.9139 -10.3136 0
    endloop
  endfacet
  facet normal 0.946925 -0.321455 0
    outer loop
      vertex -0.869332 7.73294 5.99
      vertex -0.831491 7.84441 2.19
      vertex -0.831491 7.84441 5.99
    endloop
  endfacet
  facet normal 0.946925 -0.321455 0
    outer loop
      vertex -0.831491 7.84441 2.19
      vertex -0.869332 7.73294 5.99
      vertex -0.869332 7.73294 2.19
    endloop
  endfacet
  facet normal 0.195113 -0.980781 0
    outer loop
      vertex -0.232937 8.36933 2.19
      vertex -0.117473 8.3923 5.99
      vertex -0.232937 8.36933 5.99
    endloop
  endfacet
  facet normal 0.195113 -0.980781 0
    outer loop
      vertex -0.117473 8.3923 5.99
      vertex -0.232937 8.36933 2.19
      vertex -0.117473 8.3923 2.19
    endloop
  endfacet
  facet normal 0.0654066 -0.997859 0
    outer loop
      vertex -0.117473 8.3923 2.19
      vertex 0 8.4 5.99
      vertex -0.117473 8.3923 5.99
    endloop
  endfacet
  facet normal 0.0654066 -0.997859 0
    outer loop
      vertex 0 8.4 5.99
      vertex -0.117473 8.3923 2.19
      vertex 0 8.4 2.19
    endloop
  endfacet
  facet normal 0.321427 -0.946934 0
    outer loop
      vertex -0.344415 8.33149 2.19
      vertex -0.232937 8.36933 5.99
      vertex -0.344415 8.33149 5.99
    endloop
  endfacet
  facet normal 0.321427 -0.946934 0
    outer loop
      vertex -0.232937 8.36933 5.99
      vertex -0.344415 8.33149 2.19
      vertex -0.232937 8.36933 2.19
    endloop
  endfacet
  facet normal 0.896884 -0.442267 0
    outer loop
      vertex -0.831491 7.84441 5.99
      vertex -0.779423 7.95 2.19
      vertex -0.779423 7.95 5.99
    endloop
  endfacet
  facet normal 0.896884 -0.442267 0
    outer loop
      vertex -0.779423 7.95 2.19
      vertex -0.831491 7.84441 5.99
      vertex -0.831491 7.84441 2.19
    endloop
  endfacet
  facet normal -0.0654066 0.997859 0
    outer loop
      vertex 0.117473 6.6077 2.19
      vertex 0 6.6 5.99
      vertex 0.117473 6.6077 5.99
    endloop
  endfacet
  facet normal -0.0654066 0.997859 0
    outer loop
      vertex 0 6.6 5.99
      vertex 0.117473 6.6077 2.19
      vertex 0 6.6 2.19
    endloop
  endfacet
  facet normal -0.442297 -0.896869 0
    outer loop
      vertex 0.344415 8.33149 2.19
      vertex 0.45 8.27942 5.99
      vertex 0.344415 8.33149 5.99
    endloop
  endfacet
  facet normal -0.442297 -0.896869 -0
    outer loop
      vertex 0.45 8.27942 5.99
      vertex 0.344415 8.33149 2.19
      vertex 0.45 8.27942 2.19
    endloop
  endfacet
  facet normal 0.442297 -0.896869 0
    outer loop
      vertex -0.45 8.27942 2.19
      vertex -0.344415 8.33149 5.99
      vertex -0.45 8.27942 5.99
    endloop
  endfacet
  facet normal 0.442297 -0.896869 0
    outer loop
      vertex -0.344415 8.33149 5.99
      vertex -0.45 8.27942 2.19
      vertex -0.344415 8.33149 2.19
    endloop
  endfacet
  facet normal 0.555543 -0.831488 0
    outer loop
      vertex -0.547885 8.21402 2.19
      vertex -0.45 8.27942 5.99
      vertex -0.547885 8.21402 5.99
    endloop
  endfacet
  facet normal 0.555543 -0.831488 0
    outer loop
      vertex -0.45 8.27942 5.99
      vertex -0.547885 8.21402 2.19
      vertex -0.45 8.27942 2.19
    endloop
  endfacet
  facet normal 0.321427 0.946934 -0
    outer loop
      vertex -0.232937 6.63067 2.19
      vertex -0.344415 6.66851 5.99
      vertex -0.232937 6.63067 5.99
    endloop
  endfacet
  facet normal 0.321427 0.946934 0
    outer loop
      vertex -0.344415 6.66851 5.99
      vertex -0.232937 6.63067 2.19
      vertex -0.344415 6.66851 2.19
    endloop
  endfacet
  facet normal -0.321427 -0.946934 0
    outer loop
      vertex 0.232937 8.36933 2.19
      vertex 0.344415 8.33149 5.99
      vertex 0.232937 8.36933 5.99
    endloop
  endfacet
  facet normal -0.321427 -0.946934 -0
    outer loop
      vertex 0.344415 8.33149 5.99
      vertex 0.232937 8.36933 2.19
      vertex 0.344415 8.33149 2.19
    endloop
  endfacet
  facet normal 0.751832 0.659355 0
    outer loop
      vertex -0.636395 6.8636 5.99
      vertex -0.714018 6.95211 2.19
      vertex -0.714018 6.95211 5.99
    endloop
  endfacet
  facet normal 0.751832 0.659355 0
    outer loop
      vertex -0.714018 6.95211 2.19
      vertex -0.636395 6.8636 5.99
      vertex -0.636395 6.8636 2.19
    endloop
  endfacet
  facet normal -0.195113 -0.980781 0
    outer loop
      vertex 0.117473 8.3923 2.19
      vertex 0.232937 8.36933 5.99
      vertex 0.117473 8.3923 5.99
    endloop
  endfacet
  facet normal -0.195113 -0.980781 -0
    outer loop
      vertex 0.232937 8.36933 5.99
      vertex 0.117473 8.3923 2.19
      vertex 0.232937 8.36933 2.19
    endloop
  endfacet
  facet normal 0.65934 -0.751845 0
    outer loop
      vertex -0.636395 8.1364 2.19
      vertex -0.547885 8.21402 5.99
      vertex -0.636395 8.1364 5.99
    endloop
  endfacet
  facet normal 0.65934 -0.751845 0
    outer loop
      vertex -0.547885 8.21402 5.99
      vertex -0.636395 8.1364 2.19
      vertex -0.547885 8.21402 2.19
    endloop
  endfacet
  facet normal 0.195113 0.980781 -0
    outer loop
      vertex -0.117473 6.6077 2.19
      vertex -0.232937 6.63067 5.99
      vertex -0.117473 6.6077 5.99
    endloop
  endfacet
  facet normal 0.195113 0.980781 0
    outer loop
      vertex -0.232937 6.63067 5.99
      vertex -0.117473 6.6077 2.19
      vertex -0.232937 6.63067 2.19
    endloop
  endfacet
  facet normal 0.0654066 0.997859 -0
    outer loop
      vertex 0 6.6 2.19
      vertex -0.117473 6.6077 5.99
      vertex 0 6.6 5.99
    endloop
  endfacet
  facet normal 0.0654066 0.997859 0
    outer loop
      vertex -0.117473 6.6077 5.99
      vertex 0 6.6 2.19
      vertex -0.117473 6.6077 2.19
    endloop
  endfacet
  facet normal -0.65934 0.751845 0
    outer loop
      vertex 0.636395 6.8636 2.19
      vertex 0.547885 6.78598 5.99
      vertex 0.636395 6.8636 5.99
    endloop
  endfacet
  facet normal -0.65934 0.751845 0
    outer loop
      vertex 0.547885 6.78598 5.99
      vertex 0.636395 6.8636 2.19
      vertex 0.547885 6.78598 2.19
    endloop
  endfacet
  facet normal -0.980786 -0.195087 0
    outer loop
      vertex 0.8923 7.61747 2.19
      vertex 0.869332 7.73294 5.99
      vertex 0.869332 7.73294 2.19
    endloop
  endfacet
  facet normal -0.980786 -0.195087 0
    outer loop
      vertex 0.869332 7.73294 5.99
      vertex 0.8923 7.61747 2.19
      vertex 0.8923 7.61747 5.99
    endloop
  endfacet
  facet normal -0.946925 -0.321455 0
    outer loop
      vertex 0.869332 7.73294 2.19
      vertex 0.831491 7.84441 5.99
      vertex 0.831491 7.84441 2.19
    endloop
  endfacet
  facet normal -0.946925 -0.321455 0
    outer loop
      vertex 0.831491 7.84441 5.99
      vertex 0.869332 7.73294 2.19
      vertex 0.869332 7.73294 5.99
    endloop
  endfacet
  facet normal -0.946934 0.321429 0
    outer loop
      vertex 0.831491 7.15558 2.19
      vertex 0.869332 7.26706 5.99
      vertex 0.869332 7.26706 2.19
    endloop
  endfacet
  facet normal -0.946934 0.321429 0
    outer loop
      vertex 0.869332 7.26706 5.99
      vertex 0.831491 7.15558 2.19
      vertex 0.831491 7.15558 5.99
    endloop
  endfacet
  facet normal 0.65934 0.751845 -0
    outer loop
      vertex -0.547885 6.78598 2.19
      vertex -0.636395 6.8636 5.99
      vertex -0.547885 6.78598 5.99
    endloop
  endfacet
  facet normal 0.65934 0.751845 0
    outer loop
      vertex -0.636395 6.8636 5.99
      vertex -0.547885 6.78598 2.19
      vertex -0.636395 6.8636 2.19
    endloop
  endfacet
  facet normal -0.896884 -0.442267 0
    outer loop
      vertex 0.831491 7.84441 2.19
      vertex 0.779423 7.95 5.99
      vertex 0.779423 7.95 2.19
    endloop
  endfacet
  facet normal -0.896884 -0.442267 0
    outer loop
      vertex 0.779423 7.95 5.99
      vertex 0.831491 7.84441 2.19
      vertex 0.831491 7.84441 5.99
    endloop
  endfacet
  facet normal -0.555543 -0.831488 0
    outer loop
      vertex 0.45 8.27942 2.19
      vertex 0.547885 8.21402 5.99
      vertex 0.45 8.27942 5.99
    endloop
  endfacet
  facet normal -0.555543 -0.831488 -0
    outer loop
      vertex 0.547885 8.21402 5.99
      vertex 0.45 8.27942 2.19
      vertex 0.547885 8.21402 2.19
    endloop
  endfacet
  facet normal -0.997859 -0.0654083 0
    outer loop
      vertex 0.9 7.5 2.19
      vertex 0.8923 7.61747 5.99
      vertex 0.8923 7.61747 2.19
    endloop
  endfacet
  facet normal -0.997859 -0.0654083 0
    outer loop
      vertex 0.8923 7.61747 5.99
      vertex 0.9 7.5 2.19
      vertex 0.9 7.5 5.99
    endloop
  endfacet
  facet normal -0.195113 0.980781 0
    outer loop
      vertex 0.232937 6.63067 2.19
      vertex 0.117473 6.6077 5.99
      vertex 0.232937 6.63067 5.99
    endloop
  endfacet
  facet normal -0.195113 0.980781 0
    outer loop
      vertex 0.117473 6.6077 5.99
      vertex 0.232937 6.63067 2.19
      vertex 0.117473 6.6077 2.19
    endloop
  endfacet
  facet normal -0.980786 0.195087 0
    outer loop
      vertex 0.869332 7.26706 2.19
      vertex 0.8923 7.38253 5.99
      vertex 0.8923 7.38253 2.19
    endloop
  endfacet
  facet normal -0.980786 0.195087 0
    outer loop
      vertex 0.8923 7.38253 5.99
      vertex 0.869332 7.26706 2.19
      vertex 0.869332 7.26706 5.99
    endloop
  endfacet
  facet normal 0.946934 0.321429 0
    outer loop
      vertex -0.831491 7.15558 5.99
      vertex -0.869332 7.26706 2.19
      vertex -0.869332 7.26706 5.99
    endloop
  endfacet
  facet normal 0.946934 0.321429 0
    outer loop
      vertex -0.869332 7.26706 2.19
      vertex -0.831491 7.15558 5.99
      vertex -0.831491 7.15558 2.19
    endloop
  endfacet
  facet normal 0.831455 -0.555592 0
    outer loop
      vertex -0.779423 7.95 5.99
      vertex -0.714018 8.04788 2.19
      vertex -0.714018 8.04788 5.99
    endloop
  endfacet
  facet normal 0.831455 -0.555592 0
    outer loop
      vertex -0.714018 8.04788 2.19
      vertex -0.779423 7.95 5.99
      vertex -0.779423 7.95 2.19
    endloop
  endfacet
  facet normal 0.555543 0.831488 -0
    outer loop
      vertex -0.45 6.72058 2.19
      vertex -0.547885 6.78598 5.99
      vertex -0.45 6.72058 5.99
    endloop
  endfacet
  facet normal 0.555543 0.831488 0
    outer loop
      vertex -0.547885 6.78598 5.99
      vertex -0.45 6.72058 2.19
      vertex -0.547885 6.78598 2.19
    endloop
  endfacet
  facet normal -0.65934 -0.751845 0
    outer loop
      vertex 0.547885 8.21402 2.19
      vertex 0.636395 8.1364 5.99
      vertex 0.547885 8.21402 5.99
    endloop
  endfacet
  facet normal -0.65934 -0.751845 -0
    outer loop
      vertex 0.636395 8.1364 5.99
      vertex 0.547885 8.21402 2.19
      vertex 0.636395 8.1364 2.19
    endloop
  endfacet
  facet normal 0.997859 0.0654083 0
    outer loop
      vertex -0.8923 7.38253 5.99
      vertex -0.9 7.5 2.19
      vertex -0.9 7.5 5.99
    endloop
  endfacet
  facet normal 0.997859 0.0654083 0
    outer loop
      vertex -0.9 7.5 2.19
      vertex -0.8923 7.38253 5.99
      vertex -0.8923 7.38253 2.19
    endloop
  endfacet
  facet normal -0.831455 -0.555592 0
    outer loop
      vertex 0.779423 7.95 2.19
      vertex 0.714018 8.04788 5.99
      vertex 0.714018 8.04788 2.19
    endloop
  endfacet
  facet normal -0.831455 -0.555592 0
    outer loop
      vertex 0.714018 8.04788 5.99
      vertex 0.779423 7.95 2.19
      vertex 0.779423 7.95 5.99
    endloop
  endfacet
  facet normal -0.751832 0.659355 0
    outer loop
      vertex 0.636395 6.8636 2.19
      vertex 0.714018 6.95211 5.99
      vertex 0.714018 6.95211 2.19
    endloop
  endfacet
  facet normal -0.751832 0.659355 0
    outer loop
      vertex 0.714018 6.95211 5.99
      vertex 0.636395 6.8636 2.19
      vertex 0.636395 6.8636 5.99
    endloop
  endfacet
  facet normal 0.751869 -0.659312 0
    outer loop
      vertex -0.714018 8.04788 5.99
      vertex -0.636395 8.1364 2.19
      vertex -0.636395 8.1364 5.99
    endloop
  endfacet
  facet normal 0.751869 -0.659312 0
    outer loop
      vertex -0.636395 8.1364 2.19
      vertex -0.714018 8.04788 5.99
      vertex -0.714018 8.04788 2.19
    endloop
  endfacet
  facet normal -0.831481 0.555553 0
    outer loop
      vertex 0.714018 6.95211 2.19
      vertex 0.779423 7.05 5.99
      vertex 0.779423 7.05 2.19
    endloop
  endfacet
  facet normal -0.831481 0.555553 0
    outer loop
      vertex 0.779423 7.05 5.99
      vertex 0.714018 6.95211 2.19
      vertex 0.714018 6.95211 5.99
    endloop
  endfacet
  facet normal 0.442297 0.896869 -0
    outer loop
      vertex -0.344415 6.66851 2.19
      vertex -0.45 6.72058 5.99
      vertex -0.344415 6.66851 5.99
    endloop
  endfacet
  facet normal 0.442297 0.896869 0
    outer loop
      vertex -0.45 6.72058 5.99
      vertex -0.344415 6.66851 2.19
      vertex -0.45 6.72058 2.19
    endloop
  endfacet
  facet normal 0.997859 -0.0654083 0
    outer loop
      vertex -0.9 7.5 5.99
      vertex -0.8923 7.61747 2.19
      vertex -0.8923 7.61747 5.99
    endloop
  endfacet
  facet normal 0.997859 -0.0654083 0
    outer loop
      vertex -0.8923 7.61747 2.19
      vertex -0.9 7.5 5.99
      vertex -0.9 7.5 2.19
    endloop
  endfacet
  facet normal 0.980786 0.195087 0
    outer loop
      vertex -0.869332 7.26706 5.99
      vertex -0.8923 7.38253 2.19
      vertex -0.8923 7.38253 5.99
    endloop
  endfacet
  facet normal 0.980786 0.195087 0
    outer loop
      vertex -0.8923 7.38253 2.19
      vertex -0.869332 7.26706 5.99
      vertex -0.869332 7.26706 2.19
    endloop
  endfacet
  facet normal 0.831481 0.555553 0
    outer loop
      vertex -0.714018 6.95211 5.99
      vertex -0.779423 7.05 2.19
      vertex -0.779423 7.05 5.99
    endloop
  endfacet
  facet normal 0.831481 0.555553 0
    outer loop
      vertex -0.779423 7.05 2.19
      vertex -0.714018 6.95211 5.99
      vertex -0.714018 6.95211 2.19
    endloop
  endfacet
  facet normal 0.896867 0.4423 0
    outer loop
      vertex -0.779423 7.05 5.99
      vertex -0.831491 7.15558 2.19
      vertex -0.831491 7.15558 5.99
    endloop
  endfacet
  facet normal 0.896867 0.4423 0
    outer loop
      vertex -0.831491 7.15558 2.19
      vertex -0.779423 7.05 5.99
      vertex -0.779423 7.05 2.19
    endloop
  endfacet
  facet normal -0.997859 0.0654083 0
    outer loop
      vertex 0.8923 7.38253 2.19
      vertex 0.9 7.5 5.99
      vertex 0.9 7.5 2.19
    endloop
  endfacet
  facet normal -0.997859 0.0654083 0
    outer loop
      vertex 0.9 7.5 5.99
      vertex 0.8923 7.38253 2.19
      vertex 0.8923 7.38253 5.99
    endloop
  endfacet
  facet normal -0.321427 0.946934 0
    outer loop
      vertex 0.344415 6.66851 2.19
      vertex 0.232937 6.63067 5.99
      vertex 0.344415 6.66851 5.99
    endloop
  endfacet
  facet normal -0.321427 0.946934 0
    outer loop
      vertex 0.232937 6.63067 5.99
      vertex 0.344415 6.66851 2.19
      vertex 0.232937 6.63067 2.19
    endloop
  endfacet
  facet normal -0.751869 -0.659312 0
    outer loop
      vertex 0.714018 8.04788 2.19
      vertex 0.636395 8.1364 5.99
      vertex 0.636395 8.1364 2.19
    endloop
  endfacet
  facet normal -0.751869 -0.659312 0
    outer loop
      vertex 0.636395 8.1364 5.99
      vertex 0.714018 8.04788 2.19
      vertex 0.714018 8.04788 5.99
    endloop
  endfacet
  facet normal -0.442297 0.896869 0
    outer loop
      vertex 0.45 6.72058 2.19
      vertex 0.344415 6.66851 5.99
      vertex 0.45 6.72058 5.99
    endloop
  endfacet
  facet normal -0.442297 0.896869 0
    outer loop
      vertex 0.344415 6.66851 5.99
      vertex 0.45 6.72058 2.19
      vertex 0.344415 6.66851 2.19
    endloop
  endfacet
  facet normal 0.980786 -0.195087 0
    outer loop
      vertex -0.8923 7.61747 5.99
      vertex -0.869332 7.73294 2.19
      vertex -0.869332 7.73294 5.99
    endloop
  endfacet
  facet normal 0.980786 -0.195087 0
    outer loop
      vertex -0.869332 7.73294 2.19
      vertex -0.8923 7.61747 5.99
      vertex -0.8923 7.61747 2.19
    endloop
  endfacet
  facet normal -0.896867 0.4423 0
    outer loop
      vertex 0.779423 7.05 2.19
      vertex 0.831491 7.15558 5.99
      vertex 0.831491 7.15558 2.19
    endloop
  endfacet
  facet normal -0.896867 0.4423 0
    outer loop
      vertex 0.831491 7.15558 5.99
      vertex 0.779423 7.05 2.19
      vertex 0.779423 7.05 5.99
    endloop
  endfacet
  facet normal -0.0654066 -0.997859 0
    outer loop
      vertex 0 8.4 2.19
      vertex 0.117473 8.3923 5.99
      vertex 0 8.4 5.99
    endloop
  endfacet
  facet normal -0.0654066 -0.997859 -0
    outer loop
      vertex 0.117473 8.3923 5.99
      vertex 0 8.4 2.19
      vertex 0.117473 8.3923 2.19
    endloop
  endfacet
  facet normal -0.555543 0.831488 0
    outer loop
      vertex 0.547885 6.78598 2.19
      vertex 0.45 6.72058 5.99
      vertex 0.547885 6.78598 5.99
    endloop
  endfacet
  facet normal -0.555543 0.831488 0
    outer loop
      vertex 0.45 6.72058 5.99
      vertex 0.547885 6.78598 2.19
      vertex 0.45 6.72058 2.19
    endloop
  endfacet
  facet normal 0 0 -1
    outer loop
      vertex 0.8923 7.38253 5.99
      vertex 0.8923 7.61747 5.99
      vertex 0.9 7.5 5.99
    endloop
  endfacet
  facet normal 0 0 -1
    outer loop
      vertex 0.869332 7.26706 5.99
      vertex 0.8923 7.61747 5.99
      vertex 0.8923 7.38253 5.99
    endloop
  endfacet
  facet normal 0 0 -1
    outer loop
      vertex 0.869332 7.26706 5.99
      vertex 0.869332 7.73294 5.99
      vertex 0.8923 7.61747 5.99
    endloop
  endfacet
  facet normal 0 0 -1
    outer loop
      vertex 0.831491 7.15558 5.99
      vertex 0.869332 7.73294 5.99
      vertex 0.869332 7.26706 5.99
    endloop
  endfacet
  facet normal 0 0 -1
    outer loop
      vertex 0.831491 7.15558 5.99
      vertex 0.831491 7.84441 5.99
      vertex 0.869332 7.73294 5.99
    endloop
  endfacet
  facet normal 0 0 -1
    outer loop
      vertex 0.779423 7.05 5.99
      vertex 0.831491 7.84441 5.99
      vertex 0.831491 7.15558 5.99
    endloop
  endfacet
  facet normal 0 0 -1
    outer loop
      vertex 0.779423 7.05 5.99
      vertex 0.779423 7.95 5.99
      vertex 0.831491 7.84441 5.99
    endloop
  endfacet
  facet normal 0 0 -1
    outer loop
      vertex 0.714018 6.95211 5.99
      vertex 0.779423 7.95 5.99
      vertex 0.779423 7.05 5.99
    endloop
  endfacet
  facet normal 0 0 -1
    outer loop
      vertex 0.714018 6.95211 5.99
      vertex 0.714018 8.04788 5.99
      vertex 0.779423 7.95 5.99
    endloop
  endfacet
  facet normal 0 0 -1
    outer loop
      vertex 0.636395 6.8636 5.99
      vertex 0.714018 8.04788 5.99
      vertex 0.714018 6.95211 5.99
    endloop
  endfacet
  facet normal 0 0 -1
    outer loop
      vertex 0.636395 6.8636 5.99
      vertex 0.636395 8.1364 5.99
      vertex 0.714018 8.04788 5.99
    endloop
  endfacet
  facet normal 0 0 -1
    outer loop
      vertex 0.547885 6.78598 5.99
      vertex 0.636395 8.1364 5.99
      vertex 0.636395 6.8636 5.99
    endloop
  endfacet
  facet normal 0 0 -1
    outer loop
      vertex 0.547885 6.78598 5.99
      vertex 0.547885 8.21402 5.99
      vertex 0.636395 8.1364 5.99
    endloop
  endfacet
  facet normal 0 0 -1
    outer loop
      vertex 0.45 6.72058 5.99
      vertex 0.547885 8.21402 5.99
      vertex 0.547885 6.78598 5.99
    endloop
  endfacet
  facet normal 0 0 -1
    outer loop
      vertex 0.45 6.72058 5.99
      vertex 0.45 8.27942 5.99
      vertex 0.547885 8.21402 5.99
    endloop
  endfacet
  facet normal 0 0 -1
    outer loop
      vertex 0.344415 6.66851 5.99
      vertex 0.45 8.27942 5.99
      vertex 0.45 6.72058 5.99
    endloop
  endfacet
  facet normal 0 0 -1
    outer loop
      vertex 0.344415 6.66851 5.99
      vertex 0.344415 8.33149 5.99
      vertex 0.45 8.27942 5.99
    endloop
  endfacet
  facet normal 0 0 -1
    outer loop
      vertex 0.232937 6.63067 5.99
      vertex 0.344415 8.33149 5.99
      vertex 0.344415 6.66851 5.99
    endloop
  endfacet
  facet normal 0 0 -1
    outer loop
      vertex 0.232937 6.63067 5.99
      vertex 0.232937 8.36933 5.99
      vertex 0.344415 8.33149 5.99
    endloop
  endfacet
  facet normal 0 0 -1
    outer loop
      vertex 0.117473 6.6077 5.99
      vertex 0.232937 8.36933 5.99
      vertex 0.232937 6.63067 5.99
    endloop
  endfacet
  facet normal 0 0 -1
    outer loop
      vertex 0.117473 6.6077 5.99
      vertex 0.117473 8.3923 5.99
      vertex 0.232937 8.36933 5.99
    endloop
  endfacet
  facet normal 0 0 -1
    outer loop
      vertex 0 6.6 5.99
      vertex 0.117473 8.3923 5.99
      vertex 0.117473 6.6077 5.99
    endloop
  endfacet
  facet normal 0 0 -1
    outer loop
      vertex 0 6.6 5.99
      vertex 0 8.4 5.99
      vertex 0.117473 8.3923 5.99
    endloop
  endfacet
  facet normal 0 0 -1
    outer loop
      vertex -0.117473 6.6077 5.99
      vertex 0 8.4 5.99
      vertex 0 6.6 5.99
    endloop
  endfacet
  facet normal 0 0 -1
    outer loop
      vertex -0.117473 6.6077 5.99
      vertex -0.117473 8.3923 5.99
      vertex 0 8.4 5.99
    endloop
  endfacet
  facet normal 0 0 -1
    outer loop
      vertex -0.232937 6.63067 5.99
      vertex -0.117473 8.3923 5.99
      vertex -0.117473 6.6077 5.99
    endloop
  endfacet
  facet normal 0 0 -1
    outer loop
      vertex -0.232937 6.63067 5.99
      vertex -0.232937 8.36933 5.99
      vertex -0.117473 8.3923 5.99
    endloop
  endfacet
  facet normal 0 0 -1
    outer loop
      vertex -0.344415 6.66851 5.99
      vertex -0.232937 8.36933 5.99
      vertex -0.232937 6.63067 5.99
    endloop
  endfacet
  facet normal 0 0 -1
    outer loop
      vertex -0.344415 6.66851 5.99
      vertex -0.344415 8.33149 5.99
      vertex -0.232937 8.36933 5.99
    endloop
  endfacet
  facet normal 0 0 -1
    outer loop
      vertex -0.45 6.72058 5.99
      vertex -0.344415 8.33149 5.99
      vertex -0.344415 6.66851 5.99
    endloop
  endfacet
  facet normal 0 0 -1
    outer loop
      vertex -0.45 6.72058 5.99
      vertex -0.45 8.27942 5.99
      vertex -0.344415 8.33149 5.99
    endloop
  endfacet
  facet normal 0 0 -1
    outer loop
      vertex -0.547885 6.78598 5.99
      vertex -0.45 8.27942 5.99
      vertex -0.45 6.72058 5.99
    endloop
  endfacet
  facet normal 0 0 -1
    outer loop
      vertex -0.547885 6.78598 5.99
      vertex -0.547885 8.21402 5.99
      vertex -0.45 8.27942 5.99
    endloop
  endfacet
  facet normal 0 0 -1
    outer loop
      vertex -0.636395 6.8636 5.99
      vertex -0.547885 8.21402 5.99
      vertex -0.547885 6.78598 5.99
    endloop
  endfacet
  facet normal 0 0 -1
    outer loop
      vertex -0.636395 6.8636 5.99
      vertex -0.636395 8.1364 5.99
      vertex -0.547885 8.21402 5.99
    endloop
  endfacet
  facet normal 0 0 -1
    outer loop
      vertex -0.714018 6.95211 5.99
      vertex -0.636395 8.1364 5.99
      vertex -0.636395 6.8636 5.99
    endloop
  endfacet
  facet normal 0 0 -1
    outer loop
      vertex -0.714018 6.95211 5.99
      vertex -0.714018 8.04788 5.99
      vertex -0.636395 8.1364 5.99
    endloop
  endfacet
  facet normal 0 0 -1
    outer loop
      vertex -0.779423 7.05 5.99
      vertex -0.714018 8.04788 5.99
      vertex -0.714018 6.95211 5.99
    endloop
  endfacet
  facet normal 0 0 -1
    outer loop
      vertex -0.779423 7.05 5.99
      vertex -0.779423 7.95 5.99
      vertex -0.714018 8.04788 5.99
    endloop
  endfacet
  facet normal 0 0 -1
    outer loop
      vertex -0.831491 7.15558 5.99
      vertex -0.779423 7.95 5.99
      vertex -0.779423 7.05 5.99
    endloop
  endfacet
  facet normal 0 0 -1
    outer loop
      vertex -0.831491 7.15558 5.99
      vertex -0.831491 7.84441 5.99
      vertex -0.779423 7.95 5.99
    endloop
  endfacet
  facet normal 0 0 -1
    outer loop
      vertex -0.869332 7.26706 5.99
      vertex -0.831491 7.84441 5.99
      vertex -0.831491 7.15558 5.99
    endloop
  endfacet
  facet normal 0 0 -1
    outer loop
      vertex -0.869332 7.26706 5.99
      vertex -0.869332 7.73294 5.99
      vertex -0.831491 7.84441 5.99
    endloop
  endfacet
  facet normal 0 0 -1
    outer loop
      vertex -0.8923 7.38253 5.99
      vertex -0.869332 7.73294 5.99
      vertex -0.869332 7.26706 5.99
    endloop
  endfacet
  facet normal 0 0 -1
    outer loop
      vertex -0.8923 7.38253 5.99
      vertex -0.8923 7.61747 5.99
      vertex -0.869332 7.73294 5.99
    endloop
  endfacet
  facet normal 0 -0 -1
    outer loop
      vertex -0.8923 7.61747 5.99
      vertex -0.8923 7.38253 5.99
      vertex -0.9 7.5 5.99
    endloop
  endfacet
  facet normal -0.946925 0.321455 0
    outer loop
      vertex 0.831491 -7.84441 2.19
      vertex 0.869332 -7.73294 5.99
      vertex 0.869332 -7.73294 2.19
    endloop
  endfacet
  facet normal -0.946925 0.321455 0
    outer loop
      vertex 0.869332 -7.73294 5.99
      vertex 0.831491 -7.84441 2.19
      vertex 0.831491 -7.84441 5.99
    endloop
  endfacet
  facet normal -0.321427 0.946934 0
    outer loop
      vertex 0.344415 -8.33149 2.19
      vertex 0.232937 -8.36933 5.99
      vertex 0.344415 -8.33149 5.99
    endloop
  endfacet
  facet normal -0.321427 0.946934 0
    outer loop
      vertex 0.232937 -8.36933 5.99
      vertex 0.344415 -8.33149 2.19
      vertex 0.232937 -8.36933 2.19
    endloop
  endfacet
  facet normal 0.0654066 -0.997859 0
    outer loop
      vertex -0.117473 -6.6077 2.19
      vertex 0 -6.6 5.99
      vertex -0.117473 -6.6077 5.99
    endloop
  endfacet
  facet normal 0.0654066 -0.997859 0
    outer loop
      vertex 0 -6.6 5.99
      vertex -0.117473 -6.6077 2.19
      vertex 0 -6.6 2.19
    endloop
  endfacet
  facet normal 0.442297 -0.896869 0
    outer loop
      vertex -0.45 -6.72058 2.19
      vertex -0.344415 -6.66851 5.99
      vertex -0.45 -6.72058 5.99
    endloop
  endfacet
  facet normal 0.442297 -0.896869 0
    outer loop
      vertex -0.344415 -6.66851 5.99
      vertex -0.45 -6.72058 2.19
      vertex -0.344415 -6.66851 2.19
    endloop
  endfacet
  facet normal -0.442297 0.896869 0
    outer loop
      vertex 0.45 -8.27942 2.19
      vertex 0.344415 -8.33149 5.99
      vertex 0.45 -8.27942 5.99
    endloop
  endfacet
  facet normal -0.442297 0.896869 0
    outer loop
      vertex 0.344415 -8.33149 5.99
      vertex 0.45 -8.27942 2.19
      vertex 0.344415 -8.33149 2.19
    endloop
  endfacet
  facet normal -0.555543 0.831488 0
    outer loop
      vertex 0.547885 -8.21402 2.19
      vertex 0.45 -8.27942 5.99
      vertex 0.547885 -8.21402 5.99
    endloop
  endfacet
  facet normal -0.555543 0.831488 0
    outer loop
      vertex 0.45 -8.27942 5.99
      vertex 0.547885 -8.21402 2.19
      vertex 0.45 -8.27942 2.19
    endloop
  endfacet
  facet normal -0.0654066 0.997859 0
    outer loop
      vertex 0.117473 -8.3923 2.19
      vertex 0 -8.4 5.99
      vertex 0.117473 -8.3923 5.99
    endloop
  endfacet
  facet normal -0.0654066 0.997859 0
    outer loop
      vertex 0 -8.4 5.99
      vertex 0.117473 -8.3923 2.19
      vertex 0 -8.4 2.19
    endloop
  endfacet
  facet normal -0.751869 0.659312 0
    outer loop
      vertex 0.636395 -8.1364 2.19
      vertex 0.714018 -8.04788 5.99
      vertex 0.714018 -8.04788 2.19
    endloop
  endfacet
  facet normal -0.751869 0.659312 0
    outer loop
      vertex 0.714018 -8.04788 5.99
      vertex 0.636395 -8.1364 2.19
      vertex 0.636395 -8.1364 5.99
    endloop
  endfacet
  facet normal -0.751832 -0.659355 0
    outer loop
      vertex 0.714018 -6.95211 2.19
      vertex 0.636395 -6.8636 5.99
      vertex 0.636395 -6.8636 2.19
    endloop
  endfacet
  facet normal -0.751832 -0.659355 0
    outer loop
      vertex 0.636395 -6.8636 5.99
      vertex 0.714018 -6.95211 2.19
      vertex 0.714018 -6.95211 5.99
    endloop
  endfacet
  facet normal 0.321427 -0.946934 0
    outer loop
      vertex -0.344415 -6.66851 2.19
      vertex -0.232937 -6.63067 5.99
      vertex -0.344415 -6.66851 5.99
    endloop
  endfacet
  facet normal 0.321427 -0.946934 0
    outer loop
      vertex -0.232937 -6.63067 5.99
      vertex -0.344415 -6.66851 2.19
      vertex -0.232937 -6.63067 2.19
    endloop
  endfacet
  facet normal -0.195113 -0.980781 0
    outer loop
      vertex 0.117473 -6.6077 2.19
      vertex 0.232937 -6.63067 5.99
      vertex 0.117473 -6.6077 5.99
    endloop
  endfacet
  facet normal -0.195113 -0.980781 -0
    outer loop
      vertex 0.232937 -6.63067 5.99
      vertex 0.117473 -6.6077 2.19
      vertex 0.232937 -6.63067 2.19
    endloop
  endfacet
  facet normal 0.946934 -0.321429 0
    outer loop
      vertex -0.869332 -7.26706 5.99
      vertex -0.831491 -7.15558 2.19
      vertex -0.831491 -7.15558 5.99
    endloop
  endfacet
  facet normal 0.946934 -0.321429 0
    outer loop
      vertex -0.831491 -7.15558 2.19
      vertex -0.869332 -7.26706 5.99
      vertex -0.869332 -7.26706 2.19
    endloop
  endfacet
  facet normal -0.0654066 -0.997859 0
    outer loop
      vertex 0 -6.6 2.19
      vertex 0.117473 -6.6077 5.99
      vertex 0 -6.6 5.99
    endloop
  endfacet
  facet normal -0.0654066 -0.997859 -0
    outer loop
      vertex 0.117473 -6.6077 5.99
      vertex 0 -6.6 2.19
      vertex 0.117473 -6.6077 2.19
    endloop
  endfacet
  facet normal -0.831455 0.555592 0
    outer loop
      vertex 0.714018 -8.04788 2.19
      vertex 0.779423 -7.95 5.99
      vertex 0.779423 -7.95 2.19
    endloop
  endfacet
  facet normal -0.831455 0.555592 0
    outer loop
      vertex 0.779423 -7.95 5.99
      vertex 0.714018 -8.04788 2.19
      vertex 0.714018 -8.04788 5.99
    endloop
  endfacet
  facet normal 0.980786 0.195087 0
    outer loop
      vertex -0.869332 -7.73294 5.99
      vertex -0.8923 -7.61747 2.19
      vertex -0.8923 -7.61747 5.99
    endloop
  endfacet
  facet normal 0.980786 0.195087 0
    outer loop
      vertex -0.8923 -7.61747 2.19
      vertex -0.869332 -7.73294 5.99
      vertex -0.869332 -7.73294 2.19
    endloop
  endfacet
  facet normal -0.896867 -0.4423 0
    outer loop
      vertex 0.831491 -7.15558 2.19
      vertex 0.779423 -7.05 5.99
      vertex 0.779423 -7.05 2.19
    endloop
  endfacet
  facet normal -0.896867 -0.4423 0
    outer loop
      vertex 0.779423 -7.05 5.99
      vertex 0.831491 -7.15558 2.19
      vertex 0.831491 -7.15558 5.99
    endloop
  endfacet
  facet normal 0.195113 0.980781 -0
    outer loop
      vertex -0.117473 -8.3923 2.19
      vertex -0.232937 -8.36933 5.99
      vertex -0.117473 -8.3923 5.99
    endloop
  endfacet
  facet normal 0.195113 0.980781 0
    outer loop
      vertex -0.232937 -8.36933 5.99
      vertex -0.117473 -8.3923 2.19
      vertex -0.232937 -8.36933 2.19
    endloop
  endfacet
  facet normal -0.65934 -0.751845 0
    outer loop
      vertex 0.547885 -6.78598 2.19
      vertex 0.636395 -6.8636 5.99
      vertex 0.547885 -6.78598 5.99
    endloop
  endfacet
  facet normal -0.65934 -0.751845 -0
    outer loop
      vertex 0.636395 -6.8636 5.99
      vertex 0.547885 -6.78598 2.19
      vertex 0.636395 -6.8636 2.19
    endloop
  endfacet
  facet normal 0.555543 0.831488 -0
    outer loop
      vertex -0.45 -8.27942 2.19
      vertex -0.547885 -8.21402 5.99
      vertex -0.45 -8.27942 5.99
    endloop
  endfacet
  facet normal 0.555543 0.831488 0
    outer loop
      vertex -0.547885 -8.21402 5.99
      vertex -0.45 -8.27942 2.19
      vertex -0.547885 -8.21402 2.19
    endloop
  endfacet
  facet normal -0.946934 -0.321429 0
    outer loop
      vertex 0.869332 -7.26706 2.19
      vertex 0.831491 -7.15558 5.99
      vertex 0.831491 -7.15558 2.19
    endloop
  endfacet
  facet normal -0.946934 -0.321429 0
    outer loop
      vertex 0.831491 -7.15558 5.99
      vertex 0.869332 -7.26706 2.19
      vertex 0.869332 -7.26706 5.99
    endloop
  endfacet
  facet normal -0.980786 0.195087 0
    outer loop
      vertex 0.869332 -7.73294 2.19
      vertex 0.8923 -7.61747 5.99
      vertex 0.8923 -7.61747 2.19
    endloop
  endfacet
  facet normal -0.980786 0.195087 0
    outer loop
      vertex 0.8923 -7.61747 5.99
      vertex 0.869332 -7.73294 2.19
      vertex 0.869332 -7.73294 5.99
    endloop
  endfacet
  facet normal -0.896884 0.442267 0
    outer loop
      vertex 0.779423 -7.95 2.19
      vertex 0.831491 -7.84441 5.99
      vertex 0.831491 -7.84441 2.19
    endloop
  endfacet
  facet normal -0.896884 0.442267 0
    outer loop
      vertex 0.831491 -7.84441 5.99
      vertex 0.779423 -7.95 2.19
      vertex 0.779423 -7.95 5.99
    endloop
  endfacet
  facet normal 0.195113 -0.980781 0
    outer loop
      vertex -0.232937 -6.63067 2.19
      vertex -0.117473 -6.6077 5.99
      vertex -0.232937 -6.63067 5.99
    endloop
  endfacet
  facet normal 0.195113 -0.980781 0
    outer loop
      vertex -0.117473 -6.6077 5.99
      vertex -0.232937 -6.63067 2.19
      vertex -0.117473 -6.6077 2.19
    endloop
  endfacet
  facet normal 0.980786 -0.195087 0
    outer loop
      vertex -0.8923 -7.38253 5.99
      vertex -0.869332 -7.26706 2.19
      vertex -0.869332 -7.26706 5.99
    endloop
  endfacet
  facet normal 0.980786 -0.195087 0
    outer loop
      vertex -0.869332 -7.26706 2.19
      vertex -0.8923 -7.38253 5.99
      vertex -0.8923 -7.38253 2.19
    endloop
  endfacet
  facet normal 0.321427 0.946934 -0
    outer loop
      vertex -0.232937 -8.36933 2.19
      vertex -0.344415 -8.33149 5.99
      vertex -0.232937 -8.36933 5.99
    endloop
  endfacet
  facet normal 0.321427 0.946934 0
    outer loop
      vertex -0.344415 -8.33149 5.99
      vertex -0.232937 -8.36933 2.19
      vertex -0.344415 -8.33149 2.19
    endloop
  endfacet
  facet normal 0.997859 0.0654083 0
    outer loop
      vertex -0.8923 -7.61747 5.99
      vertex -0.9 -7.5 2.19
      vertex -0.9 -7.5 5.99
    endloop
  endfacet
  facet normal 0.997859 0.0654083 0
    outer loop
      vertex -0.9 -7.5 2.19
      vertex -0.8923 -7.61747 5.99
      vertex -0.8923 -7.61747 2.19
    endloop
  endfacet
  facet normal -0.195113 0.980781 0
    outer loop
      vertex 0.232937 -8.36933 2.19
      vertex 0.117473 -8.3923 5.99
      vertex 0.232937 -8.36933 5.99
    endloop
  endfacet
  facet normal -0.195113 0.980781 0
    outer loop
      vertex 0.117473 -8.3923 5.99
      vertex 0.232937 -8.36933 2.19
      vertex 0.117473 -8.3923 2.19
    endloop
  endfacet
  facet normal -0.65934 0.751845 0
    outer loop
      vertex 0.636395 -8.1364 2.19
      vertex 0.547885 -8.21402 5.99
      vertex 0.636395 -8.1364 5.99
    endloop
  endfacet
  facet normal -0.65934 0.751845 0
    outer loop
      vertex 0.547885 -8.21402 5.99
      vertex 0.636395 -8.1364 2.19
      vertex 0.547885 -8.21402 2.19
    endloop
  endfacet
  facet normal 0.65934 0.751845 -0
    outer loop
      vertex -0.547885 -8.21402 2.19
      vertex -0.636395 -8.1364 5.99
      vertex -0.547885 -8.21402 5.99
    endloop
  endfacet
  facet normal 0.65934 0.751845 0
    outer loop
      vertex -0.636395 -8.1364 5.99
      vertex -0.547885 -8.21402 2.19
      vertex -0.636395 -8.1364 2.19
    endloop
  endfacet
  facet normal -0.997859 -0.0654083 0
    outer loop
      vertex 0.9 -7.5 2.19
      vertex 0.8923 -7.38253 5.99
      vertex 0.8923 -7.38253 2.19
    endloop
  endfacet
  facet normal -0.997859 -0.0654083 0
    outer loop
      vertex 0.8923 -7.38253 5.99
      vertex 0.9 -7.5 2.19
      vertex 0.9 -7.5 5.99
    endloop
  endfacet
  facet normal 0.65934 -0.751845 0
    outer loop
      vertex -0.636395 -6.8636 2.19
      vertex -0.547885 -6.78598 5.99
      vertex -0.636395 -6.8636 5.99
    endloop
  endfacet
  facet normal 0.65934 -0.751845 0
    outer loop
      vertex -0.547885 -6.78598 5.99
      vertex -0.636395 -6.8636 2.19
      vertex -0.547885 -6.78598 2.19
    endloop
  endfacet
  facet normal 0.831455 0.555592 0
    outer loop
      vertex -0.714018 -8.04788 5.99
      vertex -0.779423 -7.95 2.19
      vertex -0.779423 -7.95 5.99
    endloop
  endfacet
  facet normal 0.831455 0.555592 0
    outer loop
      vertex -0.779423 -7.95 2.19
      vertex -0.714018 -8.04788 5.99
      vertex -0.714018 -8.04788 2.19
    endloop
  endfacet
  facet normal 0.751832 -0.659355 0
    outer loop
      vertex -0.714018 -6.95211 5.99
      vertex -0.636395 -6.8636 2.19
      vertex -0.636395 -6.8636 5.99
    endloop
  endfacet
  facet normal 0.751832 -0.659355 0
    outer loop
      vertex -0.636395 -6.8636 2.19
      vertex -0.714018 -6.95211 5.99
      vertex -0.714018 -6.95211 2.19
    endloop
  endfacet
  facet normal 0.831481 -0.555553 0
    outer loop
      vertex -0.779423 -7.05 5.99
      vertex -0.714018 -6.95211 2.19
      vertex -0.714018 -6.95211 5.99
    endloop
  endfacet
  facet normal 0.831481 -0.555553 0
    outer loop
      vertex -0.714018 -6.95211 2.19
      vertex -0.779423 -7.05 5.99
      vertex -0.779423 -7.05 2.19
    endloop
  endfacet
  facet normal -0.442297 -0.896869 0
    outer loop
      vertex 0.344415 -6.66851 2.19
      vertex 0.45 -6.72058 5.99
      vertex 0.344415 -6.66851 5.99
    endloop
  endfacet
  facet normal -0.442297 -0.896869 -0
    outer loop
      vertex 0.45 -6.72058 5.99
      vertex 0.344415 -6.66851 2.19
      vertex 0.45 -6.72058 2.19
    endloop
  endfacet
  facet normal -0.997859 0.0654083 0
    outer loop
      vertex 0.8923 -7.61747 2.19
      vertex 0.9 -7.5 5.99
      vertex 0.9 -7.5 2.19
    endloop
  endfacet
  facet normal -0.997859 0.0654083 0
    outer loop
      vertex 0.9 -7.5 5.99
      vertex 0.8923 -7.61747 2.19
      vertex 0.8923 -7.61747 5.99
    endloop
  endfacet
  facet normal 0.0654066 0.997859 -0
    outer loop
      vertex 0 -8.4 2.19
      vertex -0.117473 -8.3923 5.99
      vertex 0 -8.4 5.99
    endloop
  endfacet
  facet normal 0.0654066 0.997859 0
    outer loop
      vertex -0.117473 -8.3923 5.99
      vertex 0 -8.4 2.19
      vertex -0.117473 -8.3923 2.19
    endloop
  endfacet
  facet normal -0.980786 -0.195087 0
    outer loop
      vertex 0.8923 -7.38253 2.19
      vertex 0.869332 -7.26706 5.99
      vertex 0.869332 -7.26706 2.19
    endloop
  endfacet
  facet normal -0.980786 -0.195087 0
    outer loop
      vertex 0.869332 -7.26706 5.99
      vertex 0.8923 -7.38253 2.19
      vertex 0.8923 -7.38253 5.99
    endloop
  endfacet
  facet normal -0.831481 -0.555553 0
    outer loop
      vertex 0.779423 -7.05 2.19
      vertex 0.714018 -6.95211 5.99
      vertex 0.714018 -6.95211 2.19
    endloop
  endfacet
  facet normal -0.831481 -0.555553 0
    outer loop
      vertex 0.714018 -6.95211 5.99
      vertex 0.779423 -7.05 2.19
      vertex 0.779423 -7.05 5.99
    endloop
  endfacet
  facet normal 0.997859 -0.0654083 0
    outer loop
      vertex -0.9 -7.5 5.99
      vertex -0.8923 -7.38253 2.19
      vertex -0.8923 -7.38253 5.99
    endloop
  endfacet
  facet normal 0.997859 -0.0654083 0
    outer loop
      vertex -0.8923 -7.38253 2.19
      vertex -0.9 -7.5 5.99
      vertex -0.9 -7.5 2.19
    endloop
  endfacet
  facet normal 0.442297 0.896869 -0
    outer loop
      vertex -0.344415 -8.33149 2.19
      vertex -0.45 -8.27942 5.99
      vertex -0.344415 -8.33149 5.99
    endloop
  endfacet
  facet normal 0.442297 0.896869 0
    outer loop
      vertex -0.45 -8.27942 5.99
      vertex -0.344415 -8.33149 2.19
      vertex -0.45 -8.27942 2.19
    endloop
  endfacet
  facet normal -0.321427 -0.946934 0
    outer loop
      vertex 0.232937 -6.63067 2.19
      vertex 0.344415 -6.66851 5.99
      vertex 0.232937 -6.63067 5.99
    endloop
  endfacet
  facet normal -0.321427 -0.946934 -0
    outer loop
      vertex 0.344415 -6.66851 5.99
      vertex 0.232937 -6.63067 2.19
      vertex 0.344415 -6.66851 2.19
    endloop
  endfacet
  facet normal 0 0 -1
    outer loop
      vertex 0.8923 -7.61747 5.99
      vertex 0.8923 -7.38253 5.99
      vertex 0.9 -7.5 5.99
    endloop
  endfacet
  facet normal 0 0 -1
    outer loop
      vertex 0.869332 -7.73294 5.99
      vertex 0.8923 -7.38253 5.99
      vertex 0.8923 -7.61747 5.99
    endloop
  endfacet
  facet normal 0 0 -1
    outer loop
      vertex 0.869332 -7.73294 5.99
      vertex 0.869332 -7.26706 5.99
      vertex 0.8923 -7.38253 5.99
    endloop
  endfacet
  facet normal 0 0 -1
    outer loop
      vertex 0.831491 -7.84441 5.99
      vertex 0.869332 -7.26706 5.99
      vertex 0.869332 -7.73294 5.99
    endloop
  endfacet
  facet normal 0 0 -1
    outer loop
      vertex 0.831491 -7.84441 5.99
      vertex 0.831491 -7.15558 5.99
      vertex 0.869332 -7.26706 5.99
    endloop
  endfacet
  facet normal 0 0 -1
    outer loop
      vertex 0.779423 -7.95 5.99
      vertex 0.831491 -7.15558 5.99
      vertex 0.831491 -7.84441 5.99
    endloop
  endfacet
  facet normal 0 0 -1
    outer loop
      vertex 0.779423 -7.95 5.99
      vertex 0.779423 -7.05 5.99
      vertex 0.831491 -7.15558 5.99
    endloop
  endfacet
  facet normal 0 0 -1
    outer loop
      vertex 0.714018 -8.04788 5.99
      vertex 0.779423 -7.05 5.99
      vertex 0.779423 -7.95 5.99
    endloop
  endfacet
  facet normal 0 0 -1
    outer loop
      vertex 0.714018 -8.04788 5.99
      vertex 0.714018 -6.95211 5.99
      vertex 0.779423 -7.05 5.99
    endloop
  endfacet
  facet normal 0 0 -1
    outer loop
      vertex 0.636395 -8.1364 5.99
      vertex 0.714018 -6.95211 5.99
      vertex 0.714018 -8.04788 5.99
    endloop
  endfacet
  facet normal 0 0 -1
    outer loop
      vertex 0.636395 -8.1364 5.99
      vertex 0.636395 -6.8636 5.99
      vertex 0.714018 -6.95211 5.99
    endloop
  endfacet
  facet normal 0 0 -1
    outer loop
      vertex 0.547885 -8.21402 5.99
      vertex 0.636395 -6.8636 5.99
      vertex 0.636395 -8.1364 5.99
    endloop
  endfacet
  facet normal 0 0 -1
    outer loop
      vertex 0.547885 -8.21402 5.99
      vertex 0.547885 -6.78598 5.99
      vertex 0.636395 -6.8636 5.99
    endloop
  endfacet
  facet normal 0 0 -1
    outer loop
      vertex 0.45 -8.27942 5.99
      vertex 0.547885 -6.78598 5.99
      vertex 0.547885 -8.21402 5.99
    endloop
  endfacet
  facet normal 0 0 -1
    outer loop
      vertex 0.45 -8.27942 5.99
      vertex 0.45 -6.72058 5.99
      vertex 0.547885 -6.78598 5.99
    endloop
  endfacet
  facet normal 0 0 -1
    outer loop
      vertex 0.344415 -8.33149 5.99
      vertex 0.45 -6.72058 5.99
      vertex 0.45 -8.27942 5.99
    endloop
  endfacet
  facet normal 0 0 -1
    outer loop
      vertex 0.344415 -8.33149 5.99
      vertex 0.344415 -6.66851 5.99
      vertex 0.45 -6.72058 5.99
    endloop
  endfacet
  facet normal 0 0 -1
    outer loop
      vertex 0.232937 -8.36933 5.99
      vertex 0.344415 -6.66851 5.99
      vertex 0.344415 -8.33149 5.99
    endloop
  endfacet
  facet normal 0 0 -1
    outer loop
      vertex 0.232937 -8.36933 5.99
      vertex 0.232937 -6.63067 5.99
      vertex 0.344415 -6.66851 5.99
    endloop
  endfacet
  facet normal 0 0 -1
    outer loop
      vertex 0.117473 -8.3923 5.99
      vertex 0.232937 -6.63067 5.99
      vertex 0.232937 -8.36933 5.99
    endloop
  endfacet
  facet normal 0 0 -1
    outer loop
      vertex 0.117473 -8.3923 5.99
      vertex 0.117473 -6.6077 5.99
      vertex 0.232937 -6.63067 5.99
    endloop
  endfacet
  facet normal 0 0 -1
    outer loop
      vertex 0 -8.4 5.99
      vertex 0.117473 -6.6077 5.99
      vertex 0.117473 -8.3923 5.99
    endloop
  endfacet
  facet normal 0 0 -1
    outer loop
      vertex 0 -8.4 5.99
      vertex 0 -6.6 5.99
      vertex 0.117473 -6.6077 5.99
    endloop
  endfacet
  facet normal 0 0 -1
    outer loop
      vertex -0.117473 -8.3923 5.99
      vertex 0 -6.6 5.99
      vertex 0 -8.4 5.99
    endloop
  endfacet
  facet normal 0 0 -1
    outer loop
      vertex -0.117473 -8.3923 5.99
      vertex -0.117473 -6.6077 5.99
      vertex 0 -6.6 5.99
    endloop
  endfacet
  facet normal 0 0 -1
    outer loop
      vertex -0.232937 -8.36933 5.99
      vertex -0.117473 -6.6077 5.99
      vertex -0.117473 -8.3923 5.99
    endloop
  endfacet
  facet normal 0 0 -1
    outer loop
      vertex -0.232937 -8.36933 5.99
      vertex -0.232937 -6.63067 5.99
      vertex -0.117473 -6.6077 5.99
    endloop
  endfacet
  facet normal 0 0 -1
    outer loop
      vertex -0.344415 -8.33149 5.99
      vertex -0.232937 -6.63067 5.99
      vertex -0.232937 -8.36933 5.99
    endloop
  endfacet
  facet normal 0 0 -1
    outer loop
      vertex -0.344415 -8.33149 5.99
      vertex -0.344415 -6.66851 5.99
      vertex -0.232937 -6.63067 5.99
    endloop
  endfacet
  facet normal 0 0 -1
    outer loop
      vertex -0.45 -8.27942 5.99
      vertex -0.344415 -6.66851 5.99
      vertex -0.344415 -8.33149 5.99
    endloop
  endfacet
  facet normal 0 0 -1
    outer loop
      vertex -0.45 -8.27942 5.99
      vertex -0.45 -6.72058 5.99
      vertex -0.344415 -6.66851 5.99
    endloop
  endfacet
  facet normal 0 0 -1
    outer loop
      vertex -0.547885 -8.21402 5.99
      vertex -0.45 -6.72058 5.99
      vertex -0.45 -8.27942 5.99
    endloop
  endfacet
  facet normal 0 0 -1
    outer loop
      vertex -0.547885 -8.21402 5.99
      vertex -0.547885 -6.78598 5.99
      vertex -0.45 -6.72058 5.99
    endloop
  endfacet
  facet normal 0 0 -1
    outer loop
      vertex -0.636395 -8.1364 5.99
      vertex -0.547885 -6.78598 5.99
      vertex -0.547885 -8.21402 5.99
    endloop
  endfacet
  facet normal 0 0 -1
    outer loop
      vertex -0.636395 -8.1364 5.99
      vertex -0.636395 -6.8636 5.99
      vertex -0.547885 -6.78598 5.99
    endloop
  endfacet
  facet normal 0 0 -1
    outer loop
      vertex -0.714018 -8.04788 5.99
      vertex -0.636395 -6.8636 5.99
      vertex -0.636395 -8.1364 5.99
    endloop
  endfacet
  facet normal 0 0 -1
    outer loop
      vertex -0.714018 -8.04788 5.99
      vertex -0.714018 -6.95211 5.99
      vertex -0.636395 -6.8636 5.99
    endloop
  endfacet
  facet normal 0 0 -1
    outer loop
      vertex -0.779423 -7.95 5.99
      vertex -0.714018 -6.95211 5.99
      vertex -0.714018 -8.04788 5.99
    endloop
  endfacet
  facet normal 0 0 -1
    outer loop
      vertex -0.779423 -7.95 5.99
      vertex -0.779423 -7.05 5.99
      vertex -0.714018 -6.95211 5.99
    endloop
  endfacet
  facet normal 0 0 -1
    outer loop
      vertex -0.831491 -7.84441 5.99
      vertex -0.779423 -7.05 5.99
      vertex -0.779423 -7.95 5.99
    endloop
  endfacet
  facet normal 0 0 -1
    outer loop
      vertex -0.831491 -7.84441 5.99
      vertex -0.831491 -7.15558 5.99
      vertex -0.779423 -7.05 5.99
    endloop
  endfacet
  facet normal 0 0 -1
    outer loop
      vertex -0.869332 -7.73294 5.99
      vertex -0.831491 -7.15558 5.99
      vertex -0.831491 -7.84441 5.99
    endloop
  endfacet
  facet normal 0 0 -1
    outer loop
      vertex -0.869332 -7.73294 5.99
      vertex -0.869332 -7.26706 5.99
      vertex -0.831491 -7.15558 5.99
    endloop
  endfacet
  facet normal 0 0 -1
    outer loop
      vertex -0.8923 -7.61747 5.99
      vertex -0.869332 -7.26706 5.99
      vertex -0.869332 -7.73294 5.99
    endloop
  endfacet
  facet normal 0 0 -1
    outer loop
      vertex -0.8923 -7.61747 5.99
      vertex -0.8923 -7.38253 5.99
      vertex -0.869332 -7.26706 5.99
    endloop
  endfacet
  facet normal 0 -0 -1
    outer loop
      vertex -0.8923 -7.38253 5.99
      vertex -0.8923 -7.61747 5.99
      vertex -0.9 -7.5 5.99
    endloop
  endfacet
  facet normal -0.555543 -0.831488 0
    outer loop
      vertex 0.45 -6.72058 2.19
      vertex 0.547885 -6.78598 5.99
      vertex 0.45 -6.72058 5.99
    endloop
  endfacet
  facet normal -0.555543 -0.831488 -0
    outer loop
      vertex 0.547885 -6.78598 5.99
      vertex 0.45 -6.72058 2.19
      vertex 0.547885 -6.78598 2.19
    endloop
  endfacet
  facet normal 0.896884 0.442267 0
    outer loop
      vertex -0.779423 -7.95 5.99
      vertex -0.831491 -7.84441 2.19
      vertex -0.831491 -7.84441 5.99
    endloop
  endfacet
  facet normal 0.896884 0.442267 0
    outer loop
      vertex -0.831491 -7.84441 2.19
      vertex -0.779423 -7.95 5.99
      vertex -0.779423 -7.95 2.19
    endloop
  endfacet
  facet normal 0.946925 0.321455 0
    outer loop
      vertex -0.831491 -7.84441 5.99
      vertex -0.869332 -7.73294 2.19
      vertex -0.869332 -7.73294 5.99
    endloop
  endfacet
  facet normal 0.946925 0.321455 0
    outer loop
      vertex -0.869332 -7.73294 2.19
      vertex -0.831491 -7.84441 5.99
      vertex -0.831491 -7.84441 2.19
    endloop
  endfacet
  facet normal 0.896867 -0.4423 0
    outer loop
      vertex -0.831491 -7.15558 5.99
      vertex -0.779423 -7.05 2.19
      vertex -0.779423 -7.05 5.99
    endloop
  endfacet
  facet normal 0.896867 -0.4423 0
    outer loop
      vertex -0.779423 -7.05 2.19
      vertex -0.831491 -7.15558 5.99
      vertex -0.831491 -7.15558 2.19
    endloop
  endfacet
  facet normal 0.751869 0.659312 0
    outer loop
      vertex -0.636395 -8.1364 5.99
      vertex -0.714018 -8.04788 2.19
      vertex -0.714018 -8.04788 5.99
    endloop
  endfacet
  facet normal 0.751869 0.659312 0
    outer loop
      vertex -0.714018 -8.04788 2.19
      vertex -0.636395 -8.1364 5.99
      vertex -0.636395 -8.1364 2.19
    endloop
  endfacet
  facet normal 0.555543 -0.831488 0
    outer loop
      vertex -0.547885 -6.78598 2.19
      vertex -0.45 -6.72058 5.99
      vertex -0.547885 -6.78598 5.99
    endloop
  endfacet
  facet normal 0.555543 -0.831488 0
    outer loop
      vertex -0.45 -6.72058 5.99
      vertex -0.547885 -6.78598 2.19
      vertex -0.45 -6.72058 2.19
    endloop
  endfacet
  facet normal 0 1 -0
    outer loop
      vertex 12.6395 -2.95 5
      vertex -1.70318 -2.95 7.7
      vertex 12.6395 -2.95 7.7
    endloop
  endfacet
  facet normal 0 1 0
    outer loop
      vertex -1.70318 -2.95 7.7
      vertex 12.6395 -2.95 5
      vertex -1.70318 -2.95 5
    endloop
  endfacet
  facet normal 0 -1 0
    outer loop
      vertex -1.70318 2.95 5
      vertex 12.6395 2.95 7.7
      vertex -1.70318 2.95 7.7
    endloop
  endfacet
  facet normal 0 -1 -0
    outer loop
      vertex 12.6395 2.95 7.7
      vertex -1.70318 2.95 5
      vertex 12.6395 2.95 5
    endloop
  endfacet
  facet normal 0.866025 -0.500001 0
    outer loop
      vertex -3.40637 0 7.7
      vertex -1.70318 2.95 5
      vertex -1.70318 2.95 7.7
    endloop
  endfacet
  facet normal 0.866025 -0.500001 0
    outer loop
      vertex -1.70318 2.95 5
      vertex -3.40637 0 7.7
      vertex -3.40637 0 5
    endloop
  endfacet
  facet normal 0.866025 0.500001 0
    outer loop
      vertex -1.70318 -2.95 7.7
      vertex -3.40637 0 5
      vertex -3.40637 0 7.7
    endloop
  endfacet
  facet normal 0.866025 0.500001 0
    outer loop
      vertex -3.40637 0 5
      vertex -1.70318 -2.95 7.7
      vertex -1.70318 -2.95 5
    endloop
  endfacet
  facet normal 0 0 -1
    outer loop
      vertex 1.7 0 7.7
      vertex 13 0 7.7
      vertex 12.8888 -1.69684 7.7
    endloop
  endfacet
  facet normal 0 0 -1
    outer loop
      vertex 1.68546 -0.221894 7.7
      vertex 12.8888 -1.69684 7.7
      vertex 12.6395 -2.95 7.7
    endloop
  endfacet
  facet normal 0 0 -1
    outer loop
      vertex 13 0 7.7
      vertex 1.7 0 7.7
      vertex 12.8888 1.69684 7.7
    endloop
  endfacet
  facet normal 0 0 -1
    outer loop
      vertex 1.68546 0.221894 7.7
      vertex 12.8888 1.69684 7.7
      vertex 1.7 0 7.7
    endloop
  endfacet
  facet normal 0 0 -1
    outer loop
      vertex 12.8888 -1.69684 7.7
      vertex 1.68546 -0.221894 7.7
      vertex 1.7 0 7.7
    endloop
  endfacet
  facet normal 0 0 -1
    outer loop
      vertex 12.6395 -2.95 7.7
      vertex 1.64207 -0.439992 7.7
      vertex 1.68546 -0.221894 7.7
    endloop
  endfacet
  facet normal 0 0 -1
    outer loop
      vertex 12.6395 -2.95 7.7
      vertex 1.57059 -0.650561 7.7
      vertex 1.64207 -0.439992 7.7
    endloop
  endfacet
  facet normal 0 0 -1
    outer loop
      vertex 12.6395 -2.95 7.7
      vertex 1.47224 -0.849999 7.7
      vertex 1.57059 -0.650561 7.7
    endloop
  endfacet
  facet normal 0 0 -1
    outer loop
      vertex 12.6395 -2.95 7.7
      vertex 1.3487 -1.03489 7.7
      vertex 1.47224 -0.849999 7.7
    endloop
  endfacet
  facet normal 0 0 -1
    outer loop
      vertex 12.6395 -2.95 7.7
      vertex 1.20208 -1.20208 7.7
      vertex 1.3487 -1.03489 7.7
    endloop
  endfacet
  facet normal 0 0 -1
    outer loop
      vertex 12.6395 -2.95 7.7
      vertex 1.03489 -1.3487 7.7
      vertex 1.20208 -1.20208 7.7
    endloop
  endfacet
  facet normal 0 0 -1
    outer loop
      vertex 12.6395 -2.95 7.7
      vertex 0.849999 -1.47224 7.7
      vertex 1.03489 -1.3487 7.7
    endloop
  endfacet
  facet normal 0 0 -1
    outer loop
      vertex 12.6395 -2.95 7.7
      vertex 0.650561 -1.57059 7.7
      vertex 0.849999 -1.47224 7.7
    endloop
  endfacet
  facet normal 0 0 -1
    outer loop
      vertex -1.70318 -2.95 7.7
      vertex 0.650561 -1.57059 7.7
      vertex 12.6395 -2.95 7.7
    endloop
  endfacet
  facet normal 0 0 -1
    outer loop
      vertex 0.650561 -1.57059 7.7
      vertex -1.70318 -2.95 7.7
      vertex 0.439992 -1.64207 7.7
    endloop
  endfacet
  facet normal 0 0 -1
    outer loop
      vertex 0.439992 -1.64207 7.7
      vertex -1.70318 -2.95 7.7
      vertex 0.221894 -1.68546 7.7
    endloop
  endfacet
  facet normal 0 0 -1
    outer loop
      vertex 0.221894 -1.68546 7.7
      vertex -1.70318 -2.95 7.7
      vertex 0 -1.7 7.7
    endloop
  endfacet
  facet normal 0 0 -1
    outer loop
      vertex -1.64207 -0.439992 7.7
      vertex -3.40637 0 7.7
      vertex -1.68546 -0.221894 7.7
    endloop
  endfacet
  facet normal 0 0 -1
    outer loop
      vertex -1.57059 -0.650561 7.7
      vertex -3.40637 0 7.7
      vertex -1.64207 -0.439992 7.7
    endloop
  endfacet
  facet normal 0 0 -1
    outer loop
      vertex -1.47224 -0.849999 7.7
      vertex -3.40637 0 7.7
      vertex -1.57059 -0.650561 7.7
    endloop
  endfacet
  facet normal 0 0 -1
    outer loop
      vertex -3.40637 0 7.7
      vertex -1.47224 -0.849999 7.7
      vertex -1.70318 -2.95 7.7
    endloop
  endfacet
  facet normal -0 0 -1
    outer loop
      vertex -1.3487 -1.03489 7.7
      vertex -1.70318 -2.95 7.7
      vertex -1.47224 -0.849999 7.7
    endloop
  endfacet
  facet normal -0 0 -1
    outer loop
      vertex -1.20208 -1.20208 7.7
      vertex -1.70318 -2.95 7.7
      vertex -1.3487 -1.03489 7.7
    endloop
  endfacet
  facet normal -0 0 -1
    outer loop
      vertex -1.03489 -1.3487 7.7
      vertex -1.70318 -2.95 7.7
      vertex -1.20208 -1.20208 7.7
    endloop
  endfacet
  facet normal -0 0 -1
    outer loop
      vertex -0.849999 -1.47224 7.7
      vertex -1.70318 -2.95 7.7
      vertex -1.03489 -1.3487 7.7
    endloop
  endfacet
  facet normal -0 0 -1
    outer loop
      vertex -0.650561 -1.57059 7.7
      vertex -1.70318 -2.95 7.7
      vertex -0.849999 -1.47224 7.7
    endloop
  endfacet
  facet normal -0 0 -1
    outer loop
      vertex -0.439992 -1.64207 7.7
      vertex -1.70318 -2.95 7.7
      vertex -0.650561 -1.57059 7.7
    endloop
  endfacet
  facet normal -0 0 -1
    outer loop
      vertex -0.221894 -1.68546 7.7
      vertex -1.70318 -2.95 7.7
      vertex -0.439992 -1.64207 7.7
    endloop
  endfacet
  facet normal -0 0 -1
    outer loop
      vertex 0 -1.7 7.7
      vertex -1.70318 -2.95 7.7
      vertex -0.221894 -1.68546 7.7
    endloop
  endfacet
  facet normal -0 0 -1
    outer loop
      vertex 12.8888 1.69684 7.7
      vertex 1.68546 0.221894 7.7
      vertex 12.6395 2.95 7.7
    endloop
  endfacet
  facet normal 0 0 -1
    outer loop
      vertex 1.64207 0.439992 7.7
      vertex 12.6395 2.95 7.7
      vertex 1.68546 0.221894 7.7
    endloop
  endfacet
  facet normal 0 0 -1
    outer loop
      vertex 1.57059 0.650561 7.7
      vertex 12.6395 2.95 7.7
      vertex 1.64207 0.439992 7.7
    endloop
  endfacet
  facet normal 0 0 -1
    outer loop
      vertex 1.47224 0.849999 7.7
      vertex 12.6395 2.95 7.7
      vertex 1.57059 0.650561 7.7
    endloop
  endfacet
  facet normal 0 0 -1
    outer loop
      vertex 1.3487 1.03489 7.7
      vertex 12.6395 2.95 7.7
      vertex 1.47224 0.849999 7.7
    endloop
  endfacet
  facet normal 0 0 -1
    outer loop
      vertex 1.20208 1.20208 7.7
      vertex 12.6395 2.95 7.7
      vertex 1.3487 1.03489 7.7
    endloop
  endfacet
  facet normal 0 0 -1
    outer loop
      vertex 1.03489 1.3487 7.7
      vertex 12.6395 2.95 7.7
      vertex 1.20208 1.20208 7.7
    endloop
  endfacet
  facet normal 0 0 -1
    outer loop
      vertex 0.849999 1.47224 7.7
      vertex 12.6395 2.95 7.7
      vertex 1.03489 1.3487 7.7
    endloop
  endfacet
  facet normal 0 0 -1
    outer loop
      vertex 0.650561 1.57059 7.7
      vertex 12.6395 2.95 7.7
      vertex 0.849999 1.47224 7.7
    endloop
  endfacet
  facet normal 0 0 -1
    outer loop
      vertex -1.70318 2.95 7.7
      vertex 0.650561 1.57059 7.7
      vertex 0.439992 1.64207 7.7
    endloop
  endfacet
  facet normal 0 0 -1
    outer loop
      vertex -1.70318 2.95 7.7
      vertex 0.439992 1.64207 7.7
      vertex 0.221894 1.68546 7.7
    endloop
  endfacet
  facet normal 0 0 -1
    outer loop
      vertex -1.70318 2.95 7.7
      vertex 0.221894 1.68546 7.7
      vertex 0 1.7 7.7
    endloop
  endfacet
  facet normal 0 0 -1
    outer loop
      vertex -1.70318 2.95 7.7
      vertex 0 1.7 7.7
      vertex -0.221894 1.68546 7.7
    endloop
  endfacet
  facet normal 0 0 -1
    outer loop
      vertex 0.650561 1.57059 7.7
      vertex -1.70318 2.95 7.7
      vertex 12.6395 2.95 7.7
    endloop
  endfacet
  facet normal 0 0 -1
    outer loop
      vertex -0.439992 1.64207 7.7
      vertex -1.70318 2.95 7.7
      vertex -0.221894 1.68546 7.7
    endloop
  endfacet
  facet normal 0 0 -1
    outer loop
      vertex -0.650561 1.57059 7.7
      vertex -1.70318 2.95 7.7
      vertex -0.439992 1.64207 7.7
    endloop
  endfacet
  facet normal 0 0 -1
    outer loop
      vertex -0.849999 1.47224 7.7
      vertex -1.70318 2.95 7.7
      vertex -0.650561 1.57059 7.7
    endloop
  endfacet
  facet normal 0 0 -1
    outer loop
      vertex -1.03489 1.3487 7.7
      vertex -1.70318 2.95 7.7
      vertex -0.849999 1.47224 7.7
    endloop
  endfacet
  facet normal 0 0 -1
    outer loop
      vertex -1.20208 1.20208 7.7
      vertex -1.70318 2.95 7.7
      vertex -1.03489 1.3487 7.7
    endloop
  endfacet
  facet normal 0 0 -1
    outer loop
      vertex -1.3487 1.03489 7.7
      vertex -1.70318 2.95 7.7
      vertex -1.20208 1.20208 7.7
    endloop
  endfacet
  facet normal 0 0 -1
    outer loop
      vertex -1.47224 0.849999 7.7
      vertex -1.70318 2.95 7.7
      vertex -1.3487 1.03489 7.7
    endloop
  endfacet
  facet normal 0 0 -1
    outer loop
      vertex -3.40637 0 7.7
      vertex -1.47224 0.849999 7.7
      vertex -1.57059 0.650561 7.7
    endloop
  endfacet
  facet normal 0 0 -1
    outer loop
      vertex -3.40637 0 7.7
      vertex -1.57059 0.650561 7.7
      vertex -1.64207 0.439992 7.7
    endloop
  endfacet
  facet normal 0 0 -1
    outer loop
      vertex -3.40637 0 7.7
      vertex -1.64207 0.439992 7.7
      vertex -1.68546 0.221894 7.7
    endloop
  endfacet
  facet normal 0 0 -1
    outer loop
      vertex -3.40637 0 7.7
      vertex -1.68546 0.221894 7.7
      vertex -1.7 0 7.7
    endloop
  endfacet
  facet normal 0 0 -1
    outer loop
      vertex -1.68546 -0.221894 7.7
      vertex -3.40637 0 7.7
      vertex -1.7 0 7.7
    endloop
  endfacet
  facet normal -0 0 -1
    outer loop
      vertex -1.47224 0.849999 7.7
      vertex -3.40637 0 7.7
      vertex -1.70318 2.95 7.7
    endloop
  endfacet
  facet normal 0 0 1
    outer loop
      vertex 1.7 0 5
      vertex 13 0 5
      vertex 12.8888 1.69684 5
    endloop
  endfacet
  facet normal 0 0 1
    outer loop
      vertex 1.68546 0.221894 5
      vertex 12.8888 1.69684 5
      vertex 12.6395 2.95 5
    endloop
  endfacet
  facet normal 0 0 1
    outer loop
      vertex 13 0 5
      vertex 1.7 0 5
      vertex 12.8888 -1.69684 5
    endloop
  endfacet
  facet normal -0 0 1
    outer loop
      vertex 1.68546 -0.221894 5
      vertex 12.8888 -1.69684 5
      vertex 1.7 0 5
    endloop
  endfacet
  facet normal 0 0 1
    outer loop
      vertex 12.8888 1.69684 5
      vertex 1.68546 0.221894 5
      vertex 1.7 0 5
    endloop
  endfacet
  facet normal 0 0 1
    outer loop
      vertex 12.6395 2.95 5
      vertex 1.64207 0.439992 5
      vertex 1.68546 0.221894 5
    endloop
  endfacet
  facet normal 0 0 1
    outer loop
      vertex 12.6395 2.95 5
      vertex 1.57059 0.650561 5
      vertex 1.64207 0.439992 5
    endloop
  endfacet
  facet normal 0 0 1
    outer loop
      vertex 12.6395 2.95 5
      vertex 1.47224 0.849999 5
      vertex 1.57059 0.650561 5
    endloop
  endfacet
  facet normal 0 0 1
    outer loop
      vertex 12.6395 2.95 5
      vertex 1.3487 1.03489 5
      vertex 1.47224 0.849999 5
    endloop
  endfacet
  facet normal 0 0 1
    outer loop
      vertex 12.6395 2.95 5
      vertex 1.20208 1.20208 5
      vertex 1.3487 1.03489 5
    endloop
  endfacet
  facet normal 0 0 1
    outer loop
      vertex 12.6395 2.95 5
      vertex 1.03489 1.3487 5
      vertex 1.20208 1.20208 5
    endloop
  endfacet
  facet normal 0 0 1
    outer loop
      vertex 12.6395 2.95 5
      vertex 0.849999 1.47224 5
      vertex 1.03489 1.3487 5
    endloop
  endfacet
  facet normal 0 0 1
    outer loop
      vertex 12.6395 2.95 5
      vertex 0.650561 1.57059 5
      vertex 0.849999 1.47224 5
    endloop
  endfacet
  facet normal -0 0 1
    outer loop
      vertex -1.70318 2.95 5
      vertex 0.650561 1.57059 5
      vertex 12.6395 2.95 5
    endloop
  endfacet
  facet normal 0 0 1
    outer loop
      vertex 0.650561 1.57059 5
      vertex -1.70318 2.95 5
      vertex 0.439992 1.64207 5
    endloop
  endfacet
  facet normal 0 0 1
    outer loop
      vertex 0.439992 1.64207 5
      vertex -1.70318 2.95 5
      vertex 0.221894 1.68546 5
    endloop
  endfacet
  facet normal 0 0 1
    outer loop
      vertex 0.221894 1.68546 5
      vertex -1.70318 2.95 5
      vertex 0 1.7 5
    endloop
  endfacet
  facet normal 0 0 1
    outer loop
      vertex -1.64207 0.439992 5
      vertex -3.40637 0 5
      vertex -1.68546 0.221894 5
    endloop
  endfacet
  facet normal 0 0 1
    outer loop
      vertex -1.57059 0.650561 5
      vertex -3.40637 0 5
      vertex -1.64207 0.439992 5
    endloop
  endfacet
  facet normal 0 0 1
    outer loop
      vertex -1.47224 0.849999 5
      vertex -3.40637 0 5
      vertex -1.57059 0.650561 5
    endloop
  endfacet
  facet normal 0 0 1
    outer loop
      vertex -3.40637 0 5
      vertex -1.47224 0.849999 5
      vertex -1.70318 2.95 5
    endloop
  endfacet
  facet normal 0 0 1
    outer loop
      vertex -1.3487 1.03489 5
      vertex -1.70318 2.95 5
      vertex -1.47224 0.849999 5
    endloop
  endfacet
  facet normal 0 0 1
    outer loop
      vertex -1.20208 1.20208 5
      vertex -1.70318 2.95 5
      vertex -1.3487 1.03489 5
    endloop
  endfacet
  facet normal 0 0 1
    outer loop
      vertex -1.03489 1.3487 5
      vertex -1.70318 2.95 5
      vertex -1.20208 1.20208 5
    endloop
  endfacet
  facet normal 0 0 1
    outer loop
      vertex -0.849999 1.47224 5
      vertex -1.70318 2.95 5
      vertex -1.03489 1.3487 5
    endloop
  endfacet
  facet normal 0 0 1
    outer loop
      vertex -0.650561 1.57059 5
      vertex -1.70318 2.95 5
      vertex -0.849999 1.47224 5
    endloop
  endfacet
  facet normal 0 0 1
    outer loop
      vertex -0.439992 1.64207 5
      vertex -1.70318 2.95 5
      vertex -0.650561 1.57059 5
    endloop
  endfacet
  facet normal 0 0 1
    outer loop
      vertex -0.221894 1.68546 5
      vertex -1.70318 2.95 5
      vertex -0.439992 1.64207 5
    endloop
  endfacet
  facet normal 0 0 1
    outer loop
      vertex 0 1.7 5
      vertex -1.70318 2.95 5
      vertex -0.221894 1.68546 5
    endloop
  endfacet
  facet normal 0 0 1
    outer loop
      vertex 12.8888 -1.69684 5
      vertex 1.68546 -0.221894 5
      vertex 12.6395 -2.95 5
    endloop
  endfacet
  facet normal -0 0 1
    outer loop
      vertex 1.64207 -0.439992 5
      vertex 12.6395 -2.95 5
      vertex 1.68546 -0.221894 5
    endloop
  endfacet
  facet normal -0 0 1
    outer loop
      vertex 1.57059 -0.650561 5
      vertex 12.6395 -2.95 5
      vertex 1.64207 -0.439992 5
    endloop
  endfacet
  facet normal -0 0 1
    outer loop
      vertex 1.47224 -0.849999 5
      vertex 12.6395 -2.95 5
      vertex 1.57059 -0.650561 5
    endloop
  endfacet
  facet normal -0 0 1
    outer loop
      vertex 1.3487 -1.03489 5
      vertex 12.6395 -2.95 5
      vertex 1.47224 -0.849999 5
    endloop
  endfacet
  facet normal -0 0 1
    outer loop
      vertex 1.20208 -1.20208 5
      vertex 12.6395 -2.95 5
      vertex 1.3487 -1.03489 5
    endloop
  endfacet
  facet normal -0 0 1
    outer loop
      vertex 1.03489 -1.3487 5
      vertex 12.6395 -2.95 5
      vertex 1.20208 -1.20208 5
    endloop
  endfacet
  facet normal -0 0 1
    outer loop
      vertex 0.849999 -1.47224 5
      vertex 12.6395 -2.95 5
      vertex 1.03489 -1.3487 5
    endloop
  endfacet
  facet normal -0 0 1
    outer loop
      vertex 0.650561 -1.57059 5
      vertex 12.6395 -2.95 5
      vertex 0.849999 -1.47224 5
    endloop
  endfacet
  facet normal 0 0 1
    outer loop
      vertex -1.70318 -2.95 5
      vertex 0.650561 -1.57059 5
      vertex 0.439992 -1.64207 5
    endloop
  endfacet
  facet normal 0 0 1
    outer loop
      vertex -1.70318 -2.95 5
      vertex 0.439992 -1.64207 5
      vertex 0.221894 -1.68546 5
    endloop
  endfacet
  facet normal 0 0 1
    outer loop
      vertex -1.70318 -2.95 5
      vertex 0.221894 -1.68546 5
      vertex 0 -1.7 5
    endloop
  endfacet
  facet normal 0 0 1
    outer loop
      vertex -1.70318 -2.95 5
      vertex 0 -1.7 5
      vertex -0.221894 -1.68546 5
    endloop
  endfacet
  facet normal 0 0 1
    outer loop
      vertex 0.650561 -1.57059 5
      vertex -1.70318 -2.95 5
      vertex 12.6395 -2.95 5
    endloop
  endfacet
  facet normal 0 0 1
    outer loop
      vertex -0.439992 -1.64207 5
      vertex -1.70318 -2.95 5
      vertex -0.221894 -1.68546 5
    endloop
  endfacet
  facet normal 0 0 1
    outer loop
      vertex -0.650561 -1.57059 5
      vertex -1.70318 -2.95 5
      vertex -0.439992 -1.64207 5
    endloop
  endfacet
  facet normal 0 0 1
    outer loop
      vertex -0.849999 -1.47224 5
      vertex -1.70318 -2.95 5
      vertex -0.650561 -1.57059 5
    endloop
  endfacet
  facet normal 0 0 1
    outer loop
      vertex -1.03489 -1.3487 5
      vertex -1.70318 -2.95 5
      vertex -0.849999 -1.47224 5
    endloop
  endfacet
  facet normal 0 0 1
    outer loop
      vertex -1.20208 -1.20208 5
      vertex -1.70318 -2.95 5
      vertex -1.03489 -1.3487 5
    endloop
  endfacet
  facet normal 0 0 1
    outer loop
      vertex -1.3487 -1.03489 5
      vertex -1.70318 -2.95 5
      vertex -1.20208 -1.20208 5
    endloop
  endfacet
  facet normal 0 0 1
    outer loop
      vertex -1.47224 -0.849999 5
      vertex -1.70318 -2.95 5
      vertex -1.3487 -1.03489 5
    endloop
  endfacet
  facet normal 0 0 1
    outer loop
      vertex -3.40637 0 5
      vertex -1.47224 -0.849999 5
      vertex -1.57059 -0.650561 5
    endloop
  endfacet
  facet normal 0 0 1
    outer loop
      vertex -3.40637 0 5
      vertex -1.57059 -0.650561 5
      vertex -1.64207 -0.439992 5
    endloop
  endfacet
  facet normal 0 0 1
    outer loop
      vertex -3.40637 0 5
      vertex -1.64207 -0.439992 5
      vertex -1.68546 -0.221894 5
    endloop
  endfacet
  facet normal -0 0 1
    outer loop
      vertex -3.40637 0 5
      vertex -1.68546 -0.221894 5
      vertex -1.7 0 5
    endloop
  endfacet
  facet normal 0 0 1
    outer loop
      vertex -1.68546 0.221894 5
      vertex -3.40637 0 5
      vertex -1.7 0 5
    endloop
  endfacet
  facet normal 0 0 1
    outer loop
      vertex -1.47224 -0.849999 5
      vertex -3.40637 0 5
      vertex -1.70318 -2.95 5
    endloop
  endfacet
  facet normal 0.896871 0.442291 0
    outer loop
      vertex -9.35307 -5.4 2.19
      vertex -9.9779 -4.13298 0
      vertex -9.9779 -4.13298 2.19
    endloop
  endfacet
  facet normal 0.896871 0.442291 0
    outer loop
      vertex -9.9779 -4.13298 0
      vertex -9.35307 -5.4 2.19
      vertex -9.35307 -5.4 0
    endloop
  endfacet
  facet normal -0.980786 -0.195086 0
    outer loop
      vertex 10.7076 1.40968 0
      vertex 10.432 2.79525 2.19
      vertex 10.432 2.79525 0
    endloop
  endfacet
  facet normal -0.980786 -0.195086 0
    outer loop
      vertex 10.432 2.79525 2.19
      vertex 10.7076 1.40968 0
      vertex 10.7076 1.40968 2.19
    endloop
  endfacet
  facet normal -0.997859 -0.0654064 0
    outer loop
      vertex 10.8 0 0
      vertex 10.7076 1.40968 2.19
      vertex 10.7076 1.40968 0
    endloop
  endfacet
  facet normal -0.997859 -0.0654064 0
    outer loop
      vertex 10.7076 1.40968 2.19
      vertex 10.8 0 0
      vertex 10.8 0 2.19
    endloop
  endfacet
  facet normal -0.94693 -0.321441 0
    outer loop
      vertex 10.432 2.79525 0
      vertex 9.9779 4.13298 2.19
      vertex 9.9779 4.13298 0
    endloop
  endfacet
  facet normal -0.94693 -0.321441 0
    outer loop
      vertex 9.9779 4.13298 2.19
      vertex 10.432 2.79525 0
      vertex 10.432 2.79525 2.19
    endloop
  endfacet
  facet normal -0.659349 0.751837 0
    outer loop
      vertex 7.63675 -7.63675 0
      vertex 6.57462 -8.56822 2.19
      vertex 7.63675 -7.63675 2.19
    endloop
  endfacet
  facet normal -0.659349 0.751837 0
    outer loop
      vertex 6.57462 -8.56822 2.19
      vertex 7.63675 -7.63675 0
      vertex 6.57462 -8.56822 0
    endloop
  endfacet
  facet normal 0.94693 -0.321441 0
    outer loop
      vertex -10.432 2.79525 2.19
      vertex -9.9779 4.13298 0
      vertex -9.9779 4.13298 2.19
    endloop
  endfacet
  facet normal 0.94693 -0.321441 0
    outer loop
      vertex -9.9779 4.13298 0
      vertex -10.432 2.79525 2.19
      vertex -10.432 2.79525 0
    endloop
  endfacet
  facet normal -0.321441 -0.94693 0
    outer loop
      vertex 2.79525 10.432 0
      vertex 4.13298 9.9779 2.19
      vertex 2.79525 10.432 2.19
    endloop
  endfacet
  facet normal -0.321441 -0.94693 -0
    outer loop
      vertex 4.13298 9.9779 2.19
      vertex 2.79525 10.432 0
      vertex 4.13298 9.9779 0
    endloop
  endfacet
  facet normal -0.997859 0.0654064 0
    outer loop
      vertex 10.7076 -1.40968 0
      vertex 10.8 0 2.19
      vertex 10.8 0 0
    endloop
  endfacet
  facet normal -0.997859 0.0654064 0
    outer loop
      vertex 10.8 0 2.19
      vertex 10.7076 -1.40968 0
      vertex 10.7076 -1.40968 2.19
    endloop
  endfacet
  facet normal -0.321441 0.94693 0
    outer loop
      vertex 4.13298 -9.9779 0
      vertex 2.79525 -10.432 2.19
      vertex 4.13298 -9.9779 2.19
    endloop
  endfacet
  facet normal -0.321441 0.94693 0
    outer loop
      vertex 2.79525 -10.432 2.19
      vertex 4.13298 -9.9779 0
      vertex 2.79525 -10.432 0
    endloop
  endfacet
  facet normal -0.555567 0.831472 0
    outer loop
      vertex 6.57462 -8.56822 0
      vertex 5.4 -9.35307 2.19
      vertex 6.57462 -8.56822 2.19
    endloop
  endfacet
  facet normal -0.555567 0.831472 0
    outer loop
      vertex 5.4 -9.35307 2.19
      vertex 6.57462 -8.56822 0
      vertex 5.4 -9.35307 0
    endloop
  endfacet
  facet normal -0.896871 -0.442291 0
    outer loop
      vertex 9.9779 4.13298 0
      vertex 9.35307 5.4 2.19
      vertex 9.35307 5.4 0
    endloop
  endfacet
  facet normal -0.896871 -0.442291 0
    outer loop
      vertex 9.35307 5.4 2.19
      vertex 9.9779 4.13298 0
      vertex 9.9779 4.13298 2.19
    endloop
  endfacet
  facet normal 0 0 -1
    outer loop
      vertex 5.4 9.35307 2.19
      vertex 0.8923 7.38253 2.19
      vertex 0.9 7.5 2.19
    endloop
  endfacet
  facet normal 0 0 -1
    outer loop
      vertex 1.3 2.25167 2.19
      vertex 0.869332 7.26706 2.19
      vertex 0.8923 7.38253 2.19
    endloop
  endfacet
  facet normal 0 0 -1
    outer loop
      vertex 1.3 2.25167 2.19
      vertex 0.831491 7.15558 2.19
      vertex 0.869332 7.26706 2.19
    endloop
  endfacet
  facet normal 0 0 -1
    outer loop
      vertex 1.3 2.25167 2.19
      vertex 0.779423 7.05 2.19
      vertex 0.831491 7.15558 2.19
    endloop
  endfacet
  facet normal 0 0 -1
    outer loop
      vertex 1.3 2.25167 2.19
      vertex 0.714018 6.95211 2.19
      vertex 0.779423 7.05 2.19
    endloop
  endfacet
  facet normal 0 0 -1
    outer loop
      vertex 0.45 6.72058 2.19
      vertex 0.994976 2.40209 2.19
      vertex 0.672929 2.51141 2.19
    endloop
  endfacet
  facet normal 0 0 -1
    outer loop
      vertex 1.3 2.25167 2.19
      vertex 0.636395 6.8636 2.19
      vertex 0.714018 6.95211 2.19
    endloop
  endfacet
  facet normal 0 0 -1
    outer loop
      vertex 1.3 2.25167 2.19
      vertex 0.547885 6.78598 2.19
      vertex 0.636395 6.8636 2.19
    endloop
  endfacet
  facet normal 0 0 -1
    outer loop
      vertex 0.994976 2.40209 2.19
      vertex 0.45 6.72058 2.19
      vertex 0.547885 6.78598 2.19
    endloop
  endfacet
  facet normal 0 0 -1
    outer loop
      vertex 0.672929 2.51141 2.19
      vertex 0.344415 6.66851 2.19
      vertex 0.45 6.72058 2.19
    endloop
  endfacet
  facet normal 0 0 -1
    outer loop
      vertex 0.232937 6.63067 2.19
      vertex 0.672929 2.51141 2.19
      vertex 0.339368 2.57776 2.19
    endloop
  endfacet
  facet normal 0 0 -1
    outer loop
      vertex 0.672929 2.51141 2.19
      vertex 0.232937 6.63067 2.19
      vertex 0.344415 6.66851 2.19
    endloop
  endfacet
  facet normal 0 0 -1
    outer loop
      vertex 0.339368 2.57776 2.19
      vertex 0.117473 6.6077 2.19
      vertex 0.232937 6.63067 2.19
    endloop
  endfacet
  facet normal 0 0 -1
    outer loop
      vertex 0 2.6 2.19
      vertex 0.117473 6.6077 2.19
      vertex 0.339368 2.57776 2.19
    endloop
  endfacet
  facet normal 0 0 -1
    outer loop
      vertex 0 2.6 2.19
      vertex 0 6.6 2.19
      vertex 0.117473 6.6077 2.19
    endloop
  endfacet
  facet normal 0 0 -1
    outer loop
      vertex 0 2.6 2.19
      vertex -0.117473 6.6077 2.19
      vertex 0 6.6 2.19
    endloop
  endfacet
  facet normal 0 0 -1
    outer loop
      vertex -0.339368 2.57776 2.19
      vertex -0.117473 6.6077 2.19
      vertex 0 2.6 2.19
    endloop
  endfacet
  facet normal -0 0 -1
    outer loop
      vertex -0.117473 6.6077 2.19
      vertex -0.339368 2.57776 2.19
      vertex -0.232937 6.63067 2.19
    endloop
  endfacet
  facet normal 0 0 -1
    outer loop
      vertex -0.672929 2.51141 2.19
      vertex -0.232937 6.63067 2.19
      vertex -0.339368 2.57776 2.19
    endloop
  endfacet
  facet normal -0 0 -1
    outer loop
      vertex -0.232937 6.63067 2.19
      vertex -0.672929 2.51141 2.19
      vertex -0.344415 6.66851 2.19
    endloop
  endfacet
  facet normal -0 0 -1
    outer loop
      vertex -0.344415 6.66851 2.19
      vertex -0.672929 2.51141 2.19
      vertex -0.45 6.72058 2.19
    endloop
  endfacet
  facet normal 0 0 -1
    outer loop
      vertex -0.994976 2.40209 2.19
      vertex -0.45 6.72058 2.19
      vertex -0.672929 2.51141 2.19
    endloop
  endfacet
  facet normal -0 0 -1
    outer loop
      vertex -0.45 6.72058 2.19
      vertex -0.994976 2.40209 2.19
      vertex -0.547885 6.78598 2.19
    endloop
  endfacet
  facet normal 0 0 -1
    outer loop
      vertex -1.3 2.25167 2.19
      vertex -0.547885 6.78598 2.19
      vertex -0.994976 2.40209 2.19
    endloop
  endfacet
  facet normal -0 0 -1
    outer loop
      vertex -0.547885 6.78598 2.19
      vertex -1.3 2.25167 2.19
      vertex -0.636395 6.8636 2.19
    endloop
  endfacet
  facet normal -0 0 -1
    outer loop
      vertex -0.636395 6.8636 2.19
      vertex -1.3 2.25167 2.19
      vertex -0.714018 6.95211 2.19
    endloop
  endfacet
  facet normal 0 0 -1
    outer loop
      vertex -1.58278 2.06272 2.19
      vertex -0.714018 6.95211 2.19
      vertex -1.3 2.25167 2.19
    endloop
  endfacet
  facet normal -0 0 -1
    outer loop
      vertex -0.714018 6.95211 2.19
      vertex -1.58278 2.06272 2.19
      vertex -0.779423 7.05 2.19
    endloop
  endfacet
  facet normal 0 0 -1
    outer loop
      vertex -6.57462 8.56822 2.19
      vertex -0.779423 7.05 2.19
      vertex -1.58278 2.06272 2.19
    endloop
  endfacet
  facet normal 0 0 -1
    outer loop
      vertex -0.779423 7.05 2.19
      vertex -6.57462 8.56822 2.19
      vertex -0.831491 7.15558 2.19
    endloop
  endfacet
  facet normal 0 0 -1
    outer loop
      vertex 2.6 0 2.19
      vertex 10.8 0 2.19
      vertex 10.7076 -1.40968 2.19
    endloop
  endfacet
  facet normal 0 0 -1
    outer loop
      vertex 2.57776 -0.339368 2.19
      vertex 10.7076 -1.40968 2.19
      vertex 10.432 -2.79525 2.19
    endloop
  endfacet
  facet normal 0 0 -1
    outer loop
      vertex 10.8 0 2.19
      vertex 2.6 0 2.19
      vertex 10.7076 1.40968 2.19
    endloop
  endfacet
  facet normal 0 0 -1
    outer loop
      vertex 2.51141 -0.672929 2.19
      vertex 10.432 -2.79525 2.19
      vertex 9.9779 -4.13298 2.19
    endloop
  endfacet
  facet normal 0 0 -1
    outer loop
      vertex 2.57776 0.339368 2.19
      vertex 10.7076 1.40968 2.19
      vertex 2.6 0 2.19
    endloop
  endfacet
  facet normal 0 0 -1
    outer loop
      vertex 2.40209 -0.994976 2.19
      vertex 9.9779 -4.13298 2.19
      vertex 9.35307 -5.4 2.19
    endloop
  endfacet
  facet normal -0 0 -1
    outer loop
      vertex 10.7076 1.40968 2.19
      vertex 2.57776 0.339368 2.19
      vertex 10.432 2.79525 2.19
    endloop
  endfacet
  facet normal 0 0 -1
    outer loop
      vertex 2.25167 -1.3 2.19
      vertex 9.35307 -5.4 2.19
      vertex 8.56822 -6.57462 2.19
    endloop
  endfacet
  facet normal 0 0 -1
    outer loop
      vertex 2.51141 0.672929 2.19
      vertex 10.432 2.79525 2.19
      vertex 2.57776 0.339368 2.19
    endloop
  endfacet
  facet normal 0 0 -1
    outer loop
      vertex 2.06272 -1.58278 2.19
      vertex 8.56822 -6.57462 2.19
      vertex 7.63675 -7.63675 2.19
    endloop
  endfacet
  facet normal -0 0 -1
    outer loop
      vertex 10.432 2.79525 2.19
      vertex 2.51141 0.672929 2.19
      vertex 9.9779 4.13298 2.19
    endloop
  endfacet
  facet normal 0 0 -1
    outer loop
      vertex 1.83848 -1.83848 2.19
      vertex 7.63675 -7.63675 2.19
      vertex 6.57462 -8.56822 2.19
    endloop
  endfacet
  facet normal 0 0 -1
    outer loop
      vertex 2.40209 0.994976 2.19
      vertex 9.9779 4.13298 2.19
      vertex 2.51141 0.672929 2.19
    endloop
  endfacet
  facet normal 0 0 -1
    outer loop
      vertex 0.869332 -7.26706 2.19
      vertex 6.57462 -8.56822 2.19
      vertex 5.4 -9.35307 2.19
    endloop
  endfacet
  facet normal -0 0 -1
    outer loop
      vertex 9.9779 4.13298 2.19
      vertex 2.40209 0.994976 2.19
      vertex 9.35307 5.4 2.19
    endloop
  endfacet
  facet normal 0 0 -1
    outer loop
      vertex 0.9 -7.5 2.19
      vertex 5.4 -9.35307 2.19
      vertex 4.13298 -9.9779 2.19
    endloop
  endfacet
  facet normal 0 0 -1
    outer loop
      vertex 2.25167 1.3 2.19
      vertex 9.35307 5.4 2.19
      vertex 2.40209 0.994976 2.19
    endloop
  endfacet
  facet normal 0 0 -1
    outer loop
      vertex 0.869332 -7.73294 2.19
      vertex 4.13298 -9.9779 2.19
      vertex 2.79525 -10.432 2.19
    endloop
  endfacet
  facet normal -0 0 -1
    outer loop
      vertex 9.35307 5.4 2.19
      vertex 2.25167 1.3 2.19
      vertex 8.56822 6.57462 2.19
    endloop
  endfacet
  facet normal 0 0 -1
    outer loop
      vertex 2.06272 1.58278 2.19
      vertex 8.56822 6.57462 2.19
      vertex 2.25167 1.3 2.19
    endloop
  endfacet
  facet normal 0 0 -1
    outer loop
      vertex 10.7076 -1.40968 2.19
      vertex 2.57776 -0.339368 2.19
      vertex 2.6 0 2.19
    endloop
  endfacet
  facet normal 0 0 -1
    outer loop
      vertex 10.432 -2.79525 2.19
      vertex 2.51141 -0.672929 2.19
      vertex 2.57776 -0.339368 2.19
    endloop
  endfacet
  facet normal 0 0 -1
    outer loop
      vertex 9.9779 -4.13298 2.19
      vertex 2.40209 -0.994976 2.19
      vertex 2.51141 -0.672929 2.19
    endloop
  endfacet
  facet normal 0 0 -1
    outer loop
      vertex 9.35307 -5.4 2.19
      vertex 2.25167 -1.3 2.19
      vertex 2.40209 -0.994976 2.19
    endloop
  endfacet
  facet normal 0 0 -1
    outer loop
      vertex 8.56822 -6.57462 2.19
      vertex 2.06272 -1.58278 2.19
      vertex 2.25167 -1.3 2.19
    endloop
  endfacet
  facet normal 0 0 -1
    outer loop
      vertex 6.57462 -8.56822 2.19
      vertex 0.869332 -7.26706 2.19
      vertex 0.831491 -7.15558 2.19
    endloop
  endfacet
  facet normal 0 0 -1
    outer loop
      vertex 7.63675 -7.63675 2.19
      vertex 1.83848 -1.83848 2.19
      vertex 2.06272 -1.58278 2.19
    endloop
  endfacet
  facet normal 0 0 -1
    outer loop
      vertex 0.636395 -8.1364 2.19
      vertex 2.79525 -10.432 2.19
      vertex 1.40968 -10.7076 2.19
    endloop
  endfacet
  facet normal 0 0 -1
    outer loop
      vertex 5.4 -9.35307 2.19
      vertex 0.9 -7.5 2.19
      vertex 0.8923 -7.38253 2.19
    endloop
  endfacet
  facet normal 0 0 -1
    outer loop
      vertex 6.57462 -8.56822 2.19
      vertex 0.831491 -7.15558 2.19
      vertex 0.779423 -7.05 2.19
    endloop
  endfacet
  facet normal 0 0 -1
    outer loop
      vertex 5.4 -9.35307 2.19
      vertex 0.8923 -7.38253 2.19
      vertex 0.869332 -7.26706 2.19
    endloop
  endfacet
  facet normal 0 0 -1
    outer loop
      vertex 4.13298 -9.9779 2.19
      vertex 0.8923 -7.61747 2.19
      vertex 0.9 -7.5 2.19
    endloop
  endfacet
  facet normal 0 0 -1
    outer loop
      vertex 4.13298 -9.9779 2.19
      vertex 0.869332 -7.73294 2.19
      vertex 0.8923 -7.61747 2.19
    endloop
  endfacet
  facet normal 0 0 -1
    outer loop
      vertex 2.79525 -10.432 2.19
      vertex 0.831491 -7.84441 2.19
      vertex 0.869332 -7.73294 2.19
    endloop
  endfacet
  facet normal 0 0 -1
    outer loop
      vertex 2.79525 -10.432 2.19
      vertex 0.779423 -7.95 2.19
      vertex 0.831491 -7.84441 2.19
    endloop
  endfacet
  facet normal 0 0 -1
    outer loop
      vertex 2.79525 -10.432 2.19
      vertex 0.714018 -8.04788 2.19
      vertex 0.779423 -7.95 2.19
    endloop
  endfacet
  facet normal 0 0 -1
    outer loop
      vertex 2.79525 -10.432 2.19
      vertex 0.636395 -8.1364 2.19
      vertex 0.714018 -8.04788 2.19
    endloop
  endfacet
  facet normal 0 0 -1
    outer loop
      vertex 1.40968 -10.7076 2.19
      vertex 0.547885 -8.21402 2.19
      vertex 0.636395 -8.1364 2.19
    endloop
  endfacet
  facet normal 0 0 -1
    outer loop
      vertex 1.40968 -10.7076 2.19
      vertex 0.45 -8.27942 2.19
      vertex 0.547885 -8.21402 2.19
    endloop
  endfacet
  facet normal 0 0 -1
    outer loop
      vertex 1.40968 -10.7076 2.19
      vertex 0.344415 -8.33149 2.19
      vertex 0.45 -8.27942 2.19
    endloop
  endfacet
  facet normal 0 0 -1
    outer loop
      vertex 1.40968 -10.7076 2.19
      vertex 0.232937 -8.36933 2.19
      vertex 0.344415 -8.33149 2.19
    endloop
  endfacet
  facet normal 0 0 -1
    outer loop
      vertex 0 -10.8 2.19
      vertex 0.232937 -8.36933 2.19
      vertex 1.40968 -10.7076 2.19
    endloop
  endfacet
  facet normal 0 0 -1
    outer loop
      vertex 0.232937 -8.36933 2.19
      vertex 0 -10.8 2.19
      vertex 0.117473 -8.3923 2.19
    endloop
  endfacet
  facet normal 0 0 -1
    outer loop
      vertex 0 -10.8 2.19
      vertex 0 -8.4 2.19
      vertex 0.117473 -8.3923 2.19
    endloop
  endfacet
  facet normal 0 0 -1
    outer loop
      vertex 0 -10.8 2.19
      vertex -0.117473 -8.3923 2.19
      vertex 0 -8.4 2.19
    endloop
  endfacet
  facet normal 0 0 -1
    outer loop
      vertex 0 -10.8 2.19
      vertex -0.232937 -8.36933 2.19
      vertex -0.117473 -8.3923 2.19
    endloop
  endfacet
  facet normal 0 0 -1
    outer loop
      vertex -1.40968 -10.7076 2.19
      vertex -0.232937 -8.36933 2.19
      vertex 0 -10.8 2.19
    endloop
  endfacet
  facet normal -0 0 -1
    outer loop
      vertex -0.232937 -8.36933 2.19
      vertex -1.40968 -10.7076 2.19
      vertex -0.344415 -8.33149 2.19
    endloop
  endfacet
  facet normal -0 0 -1
    outer loop
      vertex -0.344415 -8.33149 2.19
      vertex -1.40968 -10.7076 2.19
      vertex -0.45 -8.27942 2.19
    endloop
  endfacet
  facet normal -0 0 -1
    outer loop
      vertex -0.45 -8.27942 2.19
      vertex -1.40968 -10.7076 2.19
      vertex -0.547885 -8.21402 2.19
    endloop
  endfacet
  facet normal -0 0 -1
    outer loop
      vertex -0.547885 -8.21402 2.19
      vertex -1.40968 -10.7076 2.19
      vertex -0.636395 -8.1364 2.19
    endloop
  endfacet
  facet normal 0 0 -1
    outer loop
      vertex -2.79525 -10.432 2.19
      vertex -0.636395 -8.1364 2.19
      vertex -1.40968 -10.7076 2.19
    endloop
  endfacet
  facet normal -0 0 -1
    outer loop
      vertex -0.636395 -8.1364 2.19
      vertex -2.79525 -10.432 2.19
      vertex -0.714018 -8.04788 2.19
    endloop
  endfacet
  facet normal -0 0 -1
    outer loop
      vertex -0.714018 -8.04788 2.19
      vertex -2.79525 -10.432 2.19
      vertex -0.779423 -7.95 2.19
    endloop
  endfacet
  facet normal 0 0 -1
    outer loop
      vertex -0.547885 -6.78598 2.19
      vertex -1.3 -2.25167 2.19
      vertex -0.994976 -2.40209 2.19
    endloop
  endfacet
  facet normal 0 0 -1
    outer loop
      vertex -4.13298 -9.9779 2.19
      vertex -0.9 -7.5 2.19
      vertex -0.8923 -7.61747 2.19
    endloop
  endfacet
  facet normal -0 0 -1
    outer loop
      vertex -0.779423 -7.95 2.19
      vertex -2.79525 -10.432 2.19
      vertex -0.831491 -7.84441 2.19
    endloop
  endfacet
  facet normal -0 0 -1
    outer loop
      vertex -0.831491 -7.84441 2.19
      vertex -2.79525 -10.432 2.19
      vertex -0.869332 -7.73294 2.19
    endloop
  endfacet
  facet normal 0 0 -1
    outer loop
      vertex -4.13298 -9.9779 2.19
      vertex -0.869332 -7.73294 2.19
      vertex -2.79525 -10.432 2.19
    endloop
  endfacet
  facet normal -0 0 -1
    outer loop
      vertex -0.869332 -7.73294 2.19
      vertex -4.13298 -9.9779 2.19
      vertex -0.8923 -7.61747 2.19
    endloop
  endfacet
  facet normal 0 0 -1
    outer loop
      vertex -0.9 -7.5 2.19
      vertex -4.13298 -9.9779 2.19
      vertex -5.4 -9.35307 2.19
    endloop
  endfacet
  facet normal 0 0 -1
    outer loop
      vertex -0.8923 -7.38253 2.19
      vertex -5.4 -9.35307 2.19
      vertex -6.57462 -8.56822 2.19
    endloop
  endfacet
  facet normal 0 0 -1
    outer loop
      vertex -0.8923 -7.38253 2.19
      vertex -1.58278 -2.06272 2.19
      vertex -1.3 -2.25167 2.19
    endloop
  endfacet
  facet normal -0 0 -1
    outer loop
      vertex -0.8923 -7.38253 2.19
      vertex -6.57462 -8.56822 2.19
      vertex -1.58278 -2.06272 2.19
    endloop
  endfacet
  facet normal -0 0 -1
    outer loop
      vertex -1.58278 -2.06272 2.19
      vertex -6.57462 -8.56822 2.19
      vertex -1.83848 -1.83848 2.19
    endloop
  endfacet
  facet normal 0 0 -1
    outer loop
      vertex -7.63675 -7.63675 2.19
      vertex -1.83848 -1.83848 2.19
      vertex -6.57462 -8.56822 2.19
    endloop
  endfacet
  facet normal 0 0 -1
    outer loop
      vertex -8.56822 -6.57462 2.19
      vertex -2.06272 -1.58278 2.19
      vertex -7.63675 -7.63675 2.19
    endloop
  endfacet
  facet normal -0 0 -1
    outer loop
      vertex -1.83848 -1.83848 2.19
      vertex -7.63675 -7.63675 2.19
      vertex -2.06272 -1.58278 2.19
    endloop
  endfacet
  facet normal -0 0 -1
    outer loop
      vertex 8.56822 6.57462 2.19
      vertex 2.06272 1.58278 2.19
      vertex 7.63675 7.63675 2.19
    endloop
  endfacet
  facet normal 0 0 -1
    outer loop
      vertex 1.83848 1.83848 2.19
      vertex 7.63675 7.63675 2.19
      vertex 2.06272 1.58278 2.19
    endloop
  endfacet
  facet normal -0 0 -1
    outer loop
      vertex 7.63675 7.63675 2.19
      vertex 1.83848 1.83848 2.19
      vertex 6.57462 8.56822 2.19
    endloop
  endfacet
  facet normal 0 0 -1
    outer loop
      vertex 1.58278 2.06272 2.19
      vertex 6.57462 8.56822 2.19
      vertex 1.83848 1.83848 2.19
    endloop
  endfacet
  facet normal 0 0 -1
    outer loop
      vertex 0.8923 7.38253 2.19
      vertex 6.57462 8.56822 2.19
      vertex 1.58278 2.06272 2.19
    endloop
  endfacet
  facet normal -0 0 -1
    outer loop
      vertex 5.4 9.35307 2.19
      vertex 0.9 7.5 2.19
      vertex 4.13298 9.9779 2.19
    endloop
  endfacet
  facet normal 0 0 -1
    outer loop
      vertex 0.8923 7.38253 2.19
      vertex 5.4 9.35307 2.19
      vertex 6.57462 8.56822 2.19
    endloop
  endfacet
  facet normal 0 0 -1
    outer loop
      vertex 0.8923 7.61747 2.19
      vertex 4.13298 9.9779 2.19
      vertex 0.9 7.5 2.19
    endloop
  endfacet
  facet normal 0 0 -1
    outer loop
      vertex 0.8923 7.38253 2.19
      vertex 1.58278 2.06272 2.19
      vertex 1.3 2.25167 2.19
    endloop
  endfacet
  facet normal 0 0 -1
    outer loop
      vertex 0.547885 6.78598 2.19
      vertex 1.3 2.25167 2.19
      vertex 0.994976 2.40209 2.19
    endloop
  endfacet
  facet normal 0 0 -1
    outer loop
      vertex 0.869332 7.73294 2.19
      vertex 4.13298 9.9779 2.19
      vertex 0.8923 7.61747 2.19
    endloop
  endfacet
  facet normal -0 0 -1
    outer loop
      vertex 4.13298 9.9779 2.19
      vertex 0.869332 7.73294 2.19
      vertex 2.79525 10.432 2.19
    endloop
  endfacet
  facet normal 0 0 -1
    outer loop
      vertex 0.831491 7.84441 2.19
      vertex 2.79525 10.432 2.19
      vertex 0.869332 7.73294 2.19
    endloop
  endfacet
  facet normal 0 0 -1
    outer loop
      vertex 0.779423 7.95 2.19
      vertex 2.79525 10.432 2.19
      vertex 0.831491 7.84441 2.19
    endloop
  endfacet
  facet normal 0 0 -1
    outer loop
      vertex 0.714018 8.04788 2.19
      vertex 2.79525 10.432 2.19
      vertex 0.779423 7.95 2.19
    endloop
  endfacet
  facet normal 0 0 -1
    outer loop
      vertex 0.636395 8.1364 2.19
      vertex 2.79525 10.432 2.19
      vertex 0.714018 8.04788 2.19
    endloop
  endfacet
  facet normal -0 0 -1
    outer loop
      vertex 2.79525 10.432 2.19
      vertex 0.636395 8.1364 2.19
      vertex 1.40968 10.7076 2.19
    endloop
  endfacet
  facet normal 0 0 -1
    outer loop
      vertex 0.547885 8.21402 2.19
      vertex 1.40968 10.7076 2.19
      vertex 0.636395 8.1364 2.19
    endloop
  endfacet
  facet normal 0 0 -1
    outer loop
      vertex 0.45 8.27942 2.19
      vertex 1.40968 10.7076 2.19
      vertex 0.547885 8.21402 2.19
    endloop
  endfacet
  facet normal 0 0 -1
    outer loop
      vertex 0.344415 8.33149 2.19
      vertex 1.40968 10.7076 2.19
      vertex 0.45 8.27942 2.19
    endloop
  endfacet
  facet normal 0 0 -1
    outer loop
      vertex 0.232937 8.36933 2.19
      vertex 1.40968 10.7076 2.19
      vertex 0.344415 8.33149 2.19
    endloop
  endfacet
  facet normal 0 0 -1
    outer loop
      vertex 0 10.8 2.19
      vertex 0.232937 8.36933 2.19
      vertex 0.117473 8.3923 2.19
    endloop
  endfacet
  facet normal 0 0 -1
    outer loop
      vertex 0 10.8 2.19
      vertex 0.117473 8.3923 2.19
      vertex 0 8.4 2.19
    endloop
  endfacet
  facet normal 0 0 -1
    outer loop
      vertex 0.232937 8.36933 2.19
      vertex 0 10.8 2.19
      vertex 1.40968 10.7076 2.19
    endloop
  endfacet
  facet normal 0 0 -1
    outer loop
      vertex -0.117473 8.3923 2.19
      vertex 0 10.8 2.19
      vertex 0 8.4 2.19
    endloop
  endfacet
  facet normal 0 0 -1
    outer loop
      vertex -0.232937 8.36933 2.19
      vertex 0 10.8 2.19
      vertex -0.117473 8.3923 2.19
    endloop
  endfacet
  facet normal 0 0 -1
    outer loop
      vertex -1.40968 10.7076 2.19
      vertex -0.232937 8.36933 2.19
      vertex -0.344415 8.33149 2.19
    endloop
  endfacet
  facet normal 0 0 -1
    outer loop
      vertex -1.40968 10.7076 2.19
      vertex -0.344415 8.33149 2.19
      vertex -0.45 8.27942 2.19
    endloop
  endfacet
  facet normal 0 0 -1
    outer loop
      vertex -1.40968 10.7076 2.19
      vertex -0.45 8.27942 2.19
      vertex -0.547885 8.21402 2.19
    endloop
  endfacet
  facet normal 0 0 -1
    outer loop
      vertex -1.40968 10.7076 2.19
      vertex -0.547885 8.21402 2.19
      vertex -0.636395 8.1364 2.19
    endloop
  endfacet
  facet normal 0 0 -1
    outer loop
      vertex -2.79525 10.432 2.19
      vertex -0.636395 8.1364 2.19
      vertex -0.714018 8.04788 2.19
    endloop
  endfacet
  facet normal 0 0 -1
    outer loop
      vertex -2.79525 10.432 2.19
      vertex -0.714018 8.04788 2.19
      vertex -0.779423 7.95 2.19
    endloop
  endfacet
  facet normal 0 0 -1
    outer loop
      vertex -2.79525 10.432 2.19
      vertex -0.779423 7.95 2.19
      vertex -0.831491 7.84441 2.19
    endloop
  endfacet
  facet normal 0 0 -1
    outer loop
      vertex -2.79525 10.432 2.19
      vertex -0.831491 7.84441 2.19
      vertex -0.869332 7.73294 2.19
    endloop
  endfacet
  facet normal 0 0 -1
    outer loop
      vertex -0.831491 7.15558 2.19
      vertex -6.57462 8.56822 2.19
      vertex -0.869332 7.26706 2.19
    endloop
  endfacet
  facet normal 0 -0 -1
    outer loop
      vertex -5.4 9.35307 2.19
      vertex -0.869332 7.26706 2.19
      vertex -6.57462 8.56822 2.19
    endloop
  endfacet
  facet normal 0 0 -1
    outer loop
      vertex -0.232937 8.36933 2.19
      vertex -1.40968 10.7076 2.19
      vertex 0 10.8 2.19
    endloop
  endfacet
  facet normal 0 0 -1
    outer loop
      vertex -4.13298 9.9779 2.19
      vertex -0.869332 7.73294 2.19
      vertex -0.8923 7.61747 2.19
    endloop
  endfacet
  facet normal 0 0 -1
    outer loop
      vertex -0.869332 7.26706 2.19
      vertex -5.4 9.35307 2.19
      vertex -0.8923 7.38253 2.19
    endloop
  endfacet
  facet normal 0 0 -1
    outer loop
      vertex -0.8923 7.38253 2.19
      vertex -5.4 9.35307 2.19
      vertex -0.9 7.5 2.19
    endloop
  endfacet
  facet normal 0 0 -1
    outer loop
      vertex -6.57462 8.56822 2.19
      vertex -1.58278 2.06272 2.19
      vertex -1.83848 1.83848 2.19
    endloop
  endfacet
  facet normal 0 0 -1
    outer loop
      vertex -7.63675 7.63675 2.19
      vertex -1.83848 1.83848 2.19
      vertex -2.06272 1.58278 2.19
    endloop
  endfacet
  facet normal 0 0 -1
    outer loop
      vertex -8.56822 6.57462 2.19
      vertex -2.06272 1.58278 2.19
      vertex -2.25167 1.3 2.19
    endloop
  endfacet
  facet normal 0 0 -1
    outer loop
      vertex -9.35307 5.4 2.19
      vertex -2.25167 1.3 2.19
      vertex -2.40209 0.994976 2.19
    endloop
  endfacet
  facet normal 0 0 -1
    outer loop
      vertex -9.9779 4.13298 2.19
      vertex -2.40209 0.994976 2.19
      vertex -2.51141 0.672929 2.19
    endloop
  endfacet
  facet normal 0 0 -1
    outer loop
      vertex -10.432 2.79525 2.19
      vertex -2.51141 0.672929 2.19
      vertex -2.57776 0.339368 2.19
    endloop
  endfacet
  facet normal 0 0 -1
    outer loop
      vertex -0.636395 8.1364 2.19
      vertex -2.79525 10.432 2.19
      vertex -1.40968 10.7076 2.19
    endloop
  endfacet
  facet normal 0 0 -1
    outer loop
      vertex -10.7076 1.40968 2.19
      vertex -2.57776 0.339368 2.19
      vertex -2.6 0 2.19
    endloop
  endfacet
  facet normal -0 0 -1
    outer loop
      vertex -2.06272 -1.58278 2.19
      vertex -8.56822 -6.57462 2.19
      vertex -2.25167 -1.3 2.19
    endloop
  endfacet
  facet normal 0 0 -1
    outer loop
      vertex -9.35307 -5.4 2.19
      vertex -2.25167 -1.3 2.19
      vertex -8.56822 -6.57462 2.19
    endloop
  endfacet
  facet normal 0 0 -1
    outer loop
      vertex -0.869332 7.73294 2.19
      vertex -4.13298 9.9779 2.19
      vertex -2.79525 10.432 2.19
    endloop
  endfacet
  facet normal -0 0 -1
    outer loop
      vertex -2.25167 -1.3 2.19
      vertex -9.35307 -5.4 2.19
      vertex -2.40209 -0.994976 2.19
    endloop
  endfacet
  facet normal 0 0 -1
    outer loop
      vertex -0.9 7.5 2.19
      vertex -4.13298 9.9779 2.19
      vertex -0.8923 7.61747 2.19
    endloop
  endfacet
  facet normal 0 0 -1
    outer loop
      vertex -9.9779 -4.13298 2.19
      vertex -2.40209 -0.994976 2.19
      vertex -9.35307 -5.4 2.19
    endloop
  endfacet
  facet normal 0 -0 -1
    outer loop
      vertex -4.13298 9.9779 2.19
      vertex -0.9 7.5 2.19
      vertex -5.4 9.35307 2.19
    endloop
  endfacet
  facet normal -0 0 -1
    outer loop
      vertex -2.40209 -0.994976 2.19
      vertex -9.9779 -4.13298 2.19
      vertex -2.51141 -0.672929 2.19
    endloop
  endfacet
  facet normal 0 0 -1
    outer loop
      vertex -1.83848 1.83848 2.19
      vertex -7.63675 7.63675 2.19
      vertex -6.57462 8.56822 2.19
    endloop
  endfacet
  facet normal 0 0 -1
    outer loop
      vertex -10.432 -2.79525 2.19
      vertex -2.51141 -0.672929 2.19
      vertex -9.9779 -4.13298 2.19
    endloop
  endfacet
  facet normal 0 0 -1
    outer loop
      vertex -2.06272 1.58278 2.19
      vertex -8.56822 6.57462 2.19
      vertex -7.63675 7.63675 2.19
    endloop
  endfacet
  facet normal -0 0 -1
    outer loop
      vertex -2.51141 -0.672929 2.19
      vertex -10.432 -2.79525 2.19
      vertex -2.57776 -0.339368 2.19
    endloop
  endfacet
  facet normal 0 0 -1
    outer loop
      vertex -2.25167 1.3 2.19
      vertex -9.35307 5.4 2.19
      vertex -8.56822 6.57462 2.19
    endloop
  endfacet
  facet normal 0 0 -1
    outer loop
      vertex -10.7076 -1.40968 2.19
      vertex -2.57776 -0.339368 2.19
      vertex -10.432 -2.79525 2.19
    endloop
  endfacet
  facet normal 0 0 -1
    outer loop
      vertex -2.40209 0.994976 2.19
      vertex -9.9779 4.13298 2.19
      vertex -9.35307 5.4 2.19
    endloop
  endfacet
  facet normal -0 0 -1
    outer loop
      vertex -2.57776 -0.339368 2.19
      vertex -10.7076 -1.40968 2.19
      vertex -2.6 0 2.19
    endloop
  endfacet
  facet normal 0 0 -1
    outer loop
      vertex -2.51141 0.672929 2.19
      vertex -10.432 2.79525 2.19
      vertex -9.9779 4.13298 2.19
    endloop
  endfacet
  facet normal 0 0 -1
    outer loop
      vertex -10.8 0 2.19
      vertex -2.6 0 2.19
      vertex -10.7076 -1.40968 2.19
    endloop
  endfacet
  facet normal 0 0 -1
    outer loop
      vertex -2.57776 0.339368 2.19
      vertex -10.7076 1.40968 2.19
      vertex -10.432 2.79525 2.19
    endloop
  endfacet
  facet normal 0 0 -1
    outer loop
      vertex -2.6 0 2.19
      vertex -10.8 0 2.19
      vertex -10.7076 1.40968 2.19
    endloop
  endfacet
  facet normal 0 -0 -1
    outer loop
      vertex 1.58278 -2.06272 2.19
      vertex 6.57462 -8.56822 2.19
      vertex 0.779423 -7.05 2.19
    endloop
  endfacet
  facet normal 0 0 -1
    outer loop
      vertex 6.57462 -8.56822 2.19
      vertex 1.58278 -2.06272 2.19
      vertex 1.83848 -1.83848 2.19
    endloop
  endfacet
  facet normal 0 0 -1
    outer loop
      vertex 0.714018 -6.95211 2.19
      vertex 1.58278 -2.06272 2.19
      vertex 0.779423 -7.05 2.19
    endloop
  endfacet
  facet normal 0 0 -1
    outer loop
      vertex 1.58278 -2.06272 2.19
      vertex 0.714018 -6.95211 2.19
      vertex 1.3 -2.25167 2.19
    endloop
  endfacet
  facet normal 0 0 -1
    outer loop
      vertex 0.636395 -6.8636 2.19
      vertex 1.3 -2.25167 2.19
      vertex 0.714018 -6.95211 2.19
    endloop
  endfacet
  facet normal 0 0 -1
    outer loop
      vertex 0.547885 -6.78598 2.19
      vertex 1.3 -2.25167 2.19
      vertex 0.636395 -6.8636 2.19
    endloop
  endfacet
  facet normal 0 0 -1
    outer loop
      vertex 1.3 -2.25167 2.19
      vertex 0.547885 -6.78598 2.19
      vertex 0.994976 -2.40209 2.19
    endloop
  endfacet
  facet normal 0 0 -1
    outer loop
      vertex 0.45 -6.72058 2.19
      vertex 0.994976 -2.40209 2.19
      vertex 0.547885 -6.78598 2.19
    endloop
  endfacet
  facet normal 0 0 -1
    outer loop
      vertex 0.994976 -2.40209 2.19
      vertex 0.45 -6.72058 2.19
      vertex 0.672929 -2.51141 2.19
    endloop
  endfacet
  facet normal 0 0 -1
    outer loop
      vertex 0.344415 -6.66851 2.19
      vertex 0.672929 -2.51141 2.19
      vertex 0.45 -6.72058 2.19
    endloop
  endfacet
  facet normal 0 0 -1
    outer loop
      vertex 0.232937 -6.63067 2.19
      vertex 0.672929 -2.51141 2.19
      vertex 0.344415 -6.66851 2.19
    endloop
  endfacet
  facet normal 0 0 -1
    outer loop
      vertex 0.672929 -2.51141 2.19
      vertex 0.232937 -6.63067 2.19
      vertex 0.339368 -2.57776 2.19
    endloop
  endfacet
  facet normal 0 0 -1
    outer loop
      vertex 0.117473 -6.6077 2.19
      vertex 0.339368 -2.57776 2.19
      vertex 0.232937 -6.63067 2.19
    endloop
  endfacet
  facet normal 0 0 -1
    outer loop
      vertex 0 -2.6 2.19
      vertex 0.117473 -6.6077 2.19
      vertex 0 -6.6 2.19
    endloop
  endfacet
  facet normal 0 0 -1
    outer loop
      vertex 0.117473 -6.6077 2.19
      vertex 0 -2.6 2.19
      vertex 0.339368 -2.57776 2.19
    endloop
  endfacet
  facet normal 0 0 -1
    outer loop
      vertex -0.117473 -6.6077 2.19
      vertex 0 -2.6 2.19
      vertex 0 -6.6 2.19
    endloop
  endfacet
  facet normal 0 0 -1
    outer loop
      vertex -0.339368 -2.57776 2.19
      vertex -0.117473 -6.6077 2.19
      vertex -0.232937 -6.63067 2.19
    endloop
  endfacet
  facet normal 0 0 -1
    outer loop
      vertex -0.117473 -6.6077 2.19
      vertex -0.339368 -2.57776 2.19
      vertex 0 -2.6 2.19
    endloop
  endfacet
  facet normal 0 0 -1
    outer loop
      vertex -0.672929 -2.51141 2.19
      vertex -0.232937 -6.63067 2.19
      vertex -0.344415 -6.66851 2.19
    endloop
  endfacet
  facet normal 0 0 -1
    outer loop
      vertex -0.672929 -2.51141 2.19
      vertex -0.344415 -6.66851 2.19
      vertex -0.45 -6.72058 2.19
    endloop
  endfacet
  facet normal 0 0 -1
    outer loop
      vertex -0.994976 -2.40209 2.19
      vertex -0.45 -6.72058 2.19
      vertex -0.547885 -6.78598 2.19
    endloop
  endfacet
  facet normal 0 0 -1
    outer loop
      vertex -1.3 -2.25167 2.19
      vertex -0.547885 -6.78598 2.19
      vertex -0.636395 -6.8636 2.19
    endloop
  endfacet
  facet normal 0 0 -1
    outer loop
      vertex -0.232937 -6.63067 2.19
      vertex -0.672929 -2.51141 2.19
      vertex -0.339368 -2.57776 2.19
    endloop
  endfacet
  facet normal 0 0 -1
    outer loop
      vertex -1.3 -2.25167 2.19
      vertex -0.636395 -6.8636 2.19
      vertex -0.714018 -6.95211 2.19
    endloop
  endfacet
  facet normal 0 0 -1
    outer loop
      vertex -1.3 -2.25167 2.19
      vertex -0.714018 -6.95211 2.19
      vertex -0.779423 -7.05 2.19
    endloop
  endfacet
  facet normal 0 0 -1
    outer loop
      vertex -1.3 -2.25167 2.19
      vertex -0.779423 -7.05 2.19
      vertex -0.831491 -7.15558 2.19
    endloop
  endfacet
  facet normal 0 0 -1
    outer loop
      vertex -1.3 -2.25167 2.19
      vertex -0.831491 -7.15558 2.19
      vertex -0.869332 -7.26706 2.19
    endloop
  endfacet
  facet normal 0 0 -1
    outer loop
      vertex -1.3 -2.25167 2.19
      vertex -0.869332 -7.26706 2.19
      vertex -0.8923 -7.38253 2.19
    endloop
  endfacet
  facet normal 0 0 -1
    outer loop
      vertex -5.4 -9.35307 2.19
      vertex -0.8923 -7.38253 2.19
      vertex -0.9 -7.5 2.19
    endloop
  endfacet
  facet normal 0 0 -1
    outer loop
      vertex -0.45 -6.72058 2.19
      vertex -0.994976 -2.40209 2.19
      vertex -0.672929 -2.51141 2.19
    endloop
  endfacet
  facet normal 0.980786 -0.195086 0
    outer loop
      vertex -10.7076 1.40968 2.19
      vertex -10.432 2.79525 0
      vertex -10.432 2.79525 2.19
    endloop
  endfacet
  facet normal 0.980786 -0.195086 0
    outer loop
      vertex -10.432 2.79525 0
      vertex -10.7076 1.40968 2.19
      vertex -10.7076 1.40968 0
    endloop
  endfacet
  facet normal -0.831472 0.555567 0
    outer loop
      vertex 8.56822 -6.57462 0
      vertex 9.35307 -5.4 2.19
      vertex 9.35307 -5.4 0
    endloop
  endfacet
  facet normal -0.831472 0.555567 0
    outer loop
      vertex 9.35307 -5.4 2.19
      vertex 8.56822 -6.57462 0
      vertex 8.56822 -6.57462 2.19
    endloop
  endfacet
  facet normal -0.442291 -0.896871 0
    outer loop
      vertex 4.13298 9.9779 0
      vertex 5.4 9.35307 2.19
      vertex 4.13298 9.9779 2.19
    endloop
  endfacet
  facet normal -0.442291 -0.896871 -0
    outer loop
      vertex 5.4 9.35307 2.19
      vertex 4.13298 9.9779 0
      vertex 5.4 9.35307 0
    endloop
  endfacet
  facet normal -0.980786 0.195086 0
    outer loop
      vertex 10.432 -2.79525 0
      vertex 10.7076 -1.40968 2.19
      vertex 10.7076 -1.40968 0
    endloop
  endfacet
  facet normal -0.980786 0.195086 0
    outer loop
      vertex 10.7076 -1.40968 2.19
      vertex 10.432 -2.79525 0
      vertex 10.432 -2.79525 2.19
    endloop
  endfacet
  facet normal -0.751837 0.659349 0
    outer loop
      vertex 7.63675 -7.63675 0
      vertex 8.56822 -6.57462 2.19
      vertex 8.56822 -6.57462 0
    endloop
  endfacet
  facet normal -0.751837 0.659349 0
    outer loop
      vertex 8.56822 -6.57462 2.19
      vertex 7.63675 -7.63675 0
      vertex 7.63675 -7.63675 2.19
    endloop
  endfacet
  facet normal 0.659349 0.751837 -0
    outer loop
      vertex -6.57462 -8.56822 0
      vertex -7.63675 -7.63675 2.19
      vertex -6.57462 -8.56822 2.19
    endloop
  endfacet
  facet normal 0.659349 0.751837 0
    outer loop
      vertex -7.63675 -7.63675 2.19
      vertex -6.57462 -8.56822 0
      vertex -7.63675 -7.63675 0
    endloop
  endfacet
  facet normal 0.195086 -0.980786 0
    outer loop
      vertex -2.79525 10.432 0
      vertex -1.40968 10.7076 2.19
      vertex -2.79525 10.432 2.19
    endloop
  endfacet
  facet normal 0.195086 -0.980786 0
    outer loop
      vertex -1.40968 10.7076 2.19
      vertex -2.79525 10.432 0
      vertex -1.40968 10.7076 0
    endloop
  endfacet
  facet normal 0.659349 -0.751837 0
    outer loop
      vertex -7.63675 7.63675 0
      vertex -6.57462 8.56822 2.19
      vertex -7.63675 7.63675 2.19
    endloop
  endfacet
  facet normal 0.659349 -0.751837 0
    outer loop
      vertex -6.57462 8.56822 2.19
      vertex -7.63675 7.63675 0
      vertex -6.57462 8.56822 0
    endloop
  endfacet
  facet normal 0.442291 -0.896871 0
    outer loop
      vertex -5.4 9.35307 0
      vertex -4.13298 9.9779 2.19
      vertex -5.4 9.35307 2.19
    endloop
  endfacet
  facet normal 0.442291 -0.896871 0
    outer loop
      vertex -4.13298 9.9779 2.19
      vertex -5.4 9.35307 0
      vertex -4.13298 9.9779 0
    endloop
  endfacet
  facet normal -0.831472 -0.555567 0
    outer loop
      vertex 9.35307 5.4 0
      vertex 8.56822 6.57462 2.19
      vertex 8.56822 6.57462 0
    endloop
  endfacet
  facet normal -0.831472 -0.555567 0
    outer loop
      vertex 8.56822 6.57462 2.19
      vertex 9.35307 5.4 0
      vertex 9.35307 5.4 2.19
    endloop
  endfacet
  facet normal -0.195086 0.980786 0
    outer loop
      vertex 2.79525 -10.432 0
      vertex 1.40968 -10.7076 2.19
      vertex 2.79525 -10.432 2.19
    endloop
  endfacet
  facet normal -0.195086 0.980786 0
    outer loop
      vertex 1.40968 -10.7076 2.19
      vertex 2.79525 -10.432 0
      vertex 1.40968 -10.7076 0
    endloop
  endfacet
  facet normal -0.555567 -0.831472 0
    outer loop
      vertex 5.4 9.35307 0
      vertex 6.57462 8.56822 2.19
      vertex 5.4 9.35307 2.19
    endloop
  endfacet
  facet normal -0.555567 -0.831472 -0
    outer loop
      vertex 6.57462 8.56822 2.19
      vertex 5.4 9.35307 0
      vertex 6.57462 8.56822 0
    endloop
  endfacet
  facet normal 0.94693 0.321441 0
    outer loop
      vertex -9.9779 -4.13298 2.19
      vertex -10.432 -2.79525 0
      vertex -10.432 -2.79525 2.19
    endloop
  endfacet
  facet normal 0.94693 0.321441 0
    outer loop
      vertex -10.432 -2.79525 0
      vertex -9.9779 -4.13298 2.19
      vertex -9.9779 -4.13298 0
    endloop
  endfacet
  facet normal 0.0654064 -0.997859 0
    outer loop
      vertex -1.40968 10.7076 0
      vertex 0 10.8 2.19
      vertex -1.40968 10.7076 2.19
    endloop
  endfacet
  facet normal 0.0654064 -0.997859 0
    outer loop
      vertex 0 10.8 2.19
      vertex -1.40968 10.7076 0
      vertex 0 10.8 0
    endloop
  endfacet
  facet normal 0.555567 0.831472 -0
    outer loop
      vertex -5.4 -9.35307 0
      vertex -6.57462 -8.56822 2.19
      vertex -5.4 -9.35307 2.19
    endloop
  endfacet
  facet normal 0.555567 0.831472 0
    outer loop
      vertex -6.57462 -8.56822 2.19
      vertex -5.4 -9.35307 0
      vertex -6.57462 -8.56822 0
    endloop
  endfacet
  facet normal -0.659349 -0.751837 0
    outer loop
      vertex 6.57462 8.56822 0
      vertex 7.63675 7.63675 2.19
      vertex 6.57462 8.56822 2.19
    endloop
  endfacet
  facet normal -0.659349 -0.751837 -0
    outer loop
      vertex 7.63675 7.63675 2.19
      vertex 6.57462 8.56822 0
      vertex 7.63675 7.63675 0
    endloop
  endfacet
  facet normal 0.555567 -0.831472 0
    outer loop
      vertex -6.57462 8.56822 0
      vertex -5.4 9.35307 2.19
      vertex -6.57462 8.56822 2.19
    endloop
  endfacet
  facet normal 0.555567 -0.831472 0
    outer loop
      vertex -5.4 9.35307 2.19
      vertex -6.57462 8.56822 0
      vertex -5.4 9.35307 0
    endloop
  endfacet
  facet normal -0.751837 -0.659349 0
    outer loop
      vertex 8.56822 6.57462 0
      vertex 7.63675 7.63675 2.19
      vertex 7.63675 7.63675 0
    endloop
  endfacet
  facet normal -0.751837 -0.659349 0
    outer loop
      vertex 7.63675 7.63675 2.19
      vertex 8.56822 6.57462 0
      vertex 8.56822 6.57462 2.19
    endloop
  endfacet
  facet normal -0.442291 0.896871 0
    outer loop
      vertex 5.4 -9.35307 0
      vertex 4.13298 -9.9779 2.19
      vertex 5.4 -9.35307 2.19
    endloop
  endfacet
  facet normal -0.442291 0.896871 0
    outer loop
      vertex 4.13298 -9.9779 2.19
      vertex 5.4 -9.35307 0
      vertex 4.13298 -9.9779 0
    endloop
  endfacet
  facet normal 0.997859 -0.0654064 0
    outer loop
      vertex -10.8 0 2.19
      vertex -10.7076 1.40968 0
      vertex -10.7076 1.40968 2.19
    endloop
  endfacet
  facet normal 0.997859 -0.0654064 0
    outer loop
      vertex -10.7076 1.40968 0
      vertex -10.8 0 2.19
      vertex -10.8 0 0
    endloop
  endfacet
  facet normal 0.896871 -0.442291 0
    outer loop
      vertex -9.9779 4.13298 2.19
      vertex -9.35307 5.4 0
      vertex -9.35307 5.4 2.19
    endloop
  endfacet
  facet normal 0.896871 -0.442291 0
    outer loop
      vertex -9.35307 5.4 0
      vertex -9.9779 4.13298 2.19
      vertex -9.9779 4.13298 0
    endloop
  endfacet
  facet normal 0.997859 0.0654064 0
    outer loop
      vertex -10.7076 -1.40968 2.19
      vertex -10.8 0 0
      vertex -10.8 0 2.19
    endloop
  endfacet
  facet normal 0.997859 0.0654064 0
    outer loop
      vertex -10.8 0 0
      vertex -10.7076 -1.40968 2.19
      vertex -10.7076 -1.40968 0
    endloop
  endfacet
  facet normal -0.195086 -0.980786 0
    outer loop
      vertex 1.40968 10.7076 0
      vertex 2.79525 10.432 2.19
      vertex 1.40968 10.7076 2.19
    endloop
  endfacet
  facet normal -0.195086 -0.980786 -0
    outer loop
      vertex 2.79525 10.432 2.19
      vertex 1.40968 10.7076 0
      vertex 2.79525 10.432 0
    endloop
  endfacet
  facet normal -0.896871 0.442291 0
    outer loop
      vertex 9.35307 -5.4 0
      vertex 9.9779 -4.13298 2.19
      vertex 9.9779 -4.13298 0
    endloop
  endfacet
  facet normal -0.896871 0.442291 0
    outer loop
      vertex 9.9779 -4.13298 2.19
      vertex 9.35307 -5.4 0
      vertex 9.35307 -5.4 2.19
    endloop
  endfacet
  facet normal 0.321441 -0.94693 0
    outer loop
      vertex -4.13298 9.9779 0
      vertex -2.79525 10.432 2.19
      vertex -4.13298 9.9779 2.19
    endloop
  endfacet
  facet normal 0.321441 -0.94693 0
    outer loop
      vertex -2.79525 10.432 2.19
      vertex -4.13298 9.9779 0
      vertex -2.79525 10.432 0
    endloop
  endfacet
  facet normal 0.751837 -0.659349 0
    outer loop
      vertex -8.56822 6.57462 2.19
      vertex -7.63675 7.63675 0
      vertex -7.63675 7.63675 2.19
    endloop
  endfacet
  facet normal 0.751837 -0.659349 0
    outer loop
      vertex -7.63675 7.63675 0
      vertex -8.56822 6.57462 2.19
      vertex -8.56822 6.57462 0
    endloop
  endfacet
  facet normal -0.0654064 0.997859 0
    outer loop
      vertex 1.40968 -10.7076 0
      vertex 0 -10.8 2.19
      vertex 1.40968 -10.7076 2.19
    endloop
  endfacet
  facet normal -0.0654064 0.997859 0
    outer loop
      vertex 0 -10.8 2.19
      vertex 1.40968 -10.7076 0
      vertex 0 -10.8 0
    endloop
  endfacet
  facet normal 0.751837 0.659349 0
    outer loop
      vertex -7.63675 -7.63675 2.19
      vertex -8.56822 -6.57462 0
      vertex -8.56822 -6.57462 2.19
    endloop
  endfacet
  facet normal 0.751837 0.659349 0
    outer loop
      vertex -8.56822 -6.57462 0
      vertex -7.63675 -7.63675 2.19
      vertex -7.63675 -7.63675 0
    endloop
  endfacet
  facet normal 0.0654064 0.997859 -0
    outer loop
      vertex 0 -10.8 0
      vertex -1.40968 -10.7076 2.19
      vertex 0 -10.8 2.19
    endloop
  endfacet
  facet normal 0.0654064 0.997859 0
    outer loop
      vertex -1.40968 -10.7076 2.19
      vertex 0 -10.8 0
      vertex -1.40968 -10.7076 0
    endloop
  endfacet
  facet normal 0.831472 0.555567 0
    outer loop
      vertex -8.56822 -6.57462 2.19
      vertex -9.35307 -5.4 0
      vertex -9.35307 -5.4 2.19
    endloop
  endfacet
  facet normal 0.831472 0.555567 0
    outer loop
      vertex -9.35307 -5.4 0
      vertex -8.56822 -6.57462 2.19
      vertex -8.56822 -6.57462 0
    endloop
  endfacet
  facet normal 0.831472 -0.555567 0
    outer loop
      vertex -9.35307 5.4 2.19
      vertex -8.56822 6.57462 0
      vertex -8.56822 6.57462 2.19
    endloop
  endfacet
  facet normal 0.831472 -0.555567 0
    outer loop
      vertex -8.56822 6.57462 0
      vertex -9.35307 5.4 2.19
      vertex -9.35307 5.4 0
    endloop
  endfacet
  facet normal -0.94693 0.321441 0
    outer loop
      vertex 9.9779 -4.13298 0
      vertex 10.432 -2.79525 2.19
      vertex 10.432 -2.79525 0
    endloop
  endfacet
  facet normal -0.94693 0.321441 0
    outer loop
      vertex 10.432 -2.79525 2.19
      vertex 9.9779 -4.13298 0
      vertex 9.9779 -4.13298 2.19
    endloop
  endfacet
  facet normal 0.195086 0.980786 -0
    outer loop
      vertex -1.40968 -10.7076 0
      vertex -2.79525 -10.432 2.19
      vertex -1.40968 -10.7076 2.19
    endloop
  endfacet
  facet normal 0.195086 0.980786 0
    outer loop
      vertex -2.79525 -10.432 2.19
      vertex -1.40968 -10.7076 0
      vertex -2.79525 -10.432 0
    endloop
  endfacet
  facet normal -0.0654064 -0.997859 0
    outer loop
      vertex 0 10.8 0
      vertex 1.40968 10.7076 2.19
      vertex 0 10.8 2.19
    endloop
  endfacet
  facet normal -0.0654064 -0.997859 -0
    outer loop
      vertex 1.40968 10.7076 2.19
      vertex 0 10.8 0
      vertex 1.40968 10.7076 0
    endloop
  endfacet
  facet normal 0.980786 0.195086 0
    outer loop
      vertex -10.432 -2.79525 2.19
      vertex -10.7076 -1.40968 0
      vertex -10.7076 -1.40968 2.19
    endloop
  endfacet
  facet normal 0.980786 0.195086 0
    outer loop
      vertex -10.7076 -1.40968 0
      vertex -10.432 -2.79525 2.19
      vertex -10.432 -2.79525 0
    endloop
  endfacet
  facet normal 0.321441 0.94693 -0
    outer loop
      vertex -2.79525 -10.432 0
      vertex -4.13298 -9.9779 2.19
      vertex -2.79525 -10.432 2.19
    endloop
  endfacet
  facet normal 0.321441 0.94693 0
    outer loop
      vertex -4.13298 -9.9779 2.19
      vertex -2.79525 -10.432 0
      vertex -4.13298 -9.9779 0
    endloop
  endfacet
  facet normal 0.442291 0.896871 -0
    outer loop
      vertex -4.13298 -9.9779 0
      vertex -5.4 -9.35307 2.19
      vertex -4.13298 -9.9779 2.19
    endloop
  endfacet
  facet normal 0.442291 0.896871 0
    outer loop
      vertex -5.4 -9.35307 2.19
      vertex -4.13298 -9.9779 0
      vertex -5.4 -9.35307 0
    endloop
  endfacet
  facet normal 0.659341 -0.751844 0
    outer loop
      vertex -1.83848 1.83848 2.19
      vertex -1.58278 2.06272 4.59
      vertex -1.83848 1.83848 4.59
    endloop
  endfacet
  facet normal 0.659341 -0.751844 0
    outer loop
      vertex -1.58278 2.06272 4.59
      vertex -1.83848 1.83848 2.19
      vertex -1.58278 2.06272 2.19
    endloop
  endfacet
  facet normal 0.751844 -0.659341 0
    outer loop
      vertex -2.06272 1.58278 4.59
      vertex -1.83848 1.83848 2.19
      vertex -1.83848 1.83848 4.59
    endloop
  endfacet
  facet normal 0.751844 -0.659341 0
    outer loop
      vertex -1.83848 1.83848 2.19
      vertex -2.06272 1.58278 4.59
      vertex -2.06272 1.58278 2.19
    endloop
  endfacet
  facet normal -0.99786 0.0653933 0
    outer loop
      vertex 2.57776 -0.339368 2.19
      vertex 2.6 0 4.59
      vertex 2.6 0 2.19
    endloop
  endfacet
  facet normal -0.99786 0.0653933 0
    outer loop
      vertex 2.6 0 4.59
      vertex 2.57776 -0.339368 2.19
      vertex 2.57776 -0.339368 4.59
    endloop
  endfacet
  facet normal -0.980785 -0.195092 0
    outer loop
      vertex 2.57776 0.339368 2.19
      vertex 2.51141 0.672929 4.59
      vertex 2.51141 0.672929 2.19
    endloop
  endfacet
  facet normal -0.980785 -0.195092 0
    outer loop
      vertex 2.51141 0.672929 4.59
      vertex 2.57776 0.339368 2.19
      vertex 2.57776 0.339368 4.59
    endloop
  endfacet
  facet normal 0.321439 0.94693 -0
    outer loop
      vertex -0.672929 -2.51141 2.19
      vertex -0.994976 -2.40209 4.59
      vertex -0.672929 -2.51141 4.59
    endloop
  endfacet
  facet normal 0.321439 0.94693 0
    outer loop
      vertex -0.994976 -2.40209 4.59
      vertex -0.672929 -2.51141 2.19
      vertex -0.994976 -2.40209 2.19
    endloop
  endfacet
  facet normal 0.94693 0.321439 0
    outer loop
      vertex -2.40209 -0.994976 4.59
      vertex -2.51141 -0.672929 2.19
      vertex -2.51141 -0.672929 4.59
    endloop
  endfacet
  facet normal 0.94693 0.321439 0
    outer loop
      vertex -2.51141 -0.672929 2.19
      vertex -2.40209 -0.994976 4.59
      vertex -2.40209 -0.994976 2.19
    endloop
  endfacet
  facet normal 0 0 -1
    outer loop
      vertex 1.7 0 4.59
      vertex 2.6 0 4.59
      vertex 2.57776 -0.339368 4.59
    endloop
  endfacet
  facet normal 0 0 -1
    outer loop
      vertex 1.68546 -0.221894 4.59
      vertex 2.57776 -0.339368 4.59
      vertex 2.51141 -0.672929 4.59
    endloop
  endfacet
  facet normal 0 0 -1
    outer loop
      vertex 2.6 0 4.59
      vertex 1.7 0 4.59
      vertex 2.57776 0.339368 4.59
    endloop
  endfacet
  facet normal 0 0 -1
    outer loop
      vertex 1.64207 -0.439992 4.59
      vertex 2.51141 -0.672929 4.59
      vertex 2.40209 -0.994976 4.59
    endloop
  endfacet
  facet normal 0 0 -1
    outer loop
      vertex 1.68546 0.221894 4.59
      vertex 2.57776 0.339368 4.59
      vertex 1.7 0 4.59
    endloop
  endfacet
  facet normal 0 0 -1
    outer loop
      vertex 1.57059 -0.650561 4.59
      vertex 2.40209 -0.994976 4.59
      vertex 2.25167 -1.3 4.59
    endloop
  endfacet
  facet normal -0 0 -1
    outer loop
      vertex 2.57776 0.339368 4.59
      vertex 1.68546 0.221894 4.59
      vertex 2.51141 0.672929 4.59
    endloop
  endfacet
  facet normal 0 0 -1
    outer loop
      vertex 1.47224 -0.849999 4.59
      vertex 2.25167 -1.3 4.59
      vertex 2.06272 -1.58278 4.59
    endloop
  endfacet
  facet normal 0 0 -1
    outer loop
      vertex 1.64207 0.439992 4.59
      vertex 2.51141 0.672929 4.59
      vertex 1.68546 0.221894 4.59
    endloop
  endfacet
  facet normal 0 0 -1
    outer loop
      vertex 1.3487 -1.03489 4.59
      vertex 2.06272 -1.58278 4.59
      vertex 1.83848 -1.83848 4.59
    endloop
  endfacet
  facet normal -0 0 -1
    outer loop
      vertex 2.51141 0.672929 4.59
      vertex 1.64207 0.439992 4.59
      vertex 2.40209 0.994976 4.59
    endloop
  endfacet
  facet normal 0 0 -1
    outer loop
      vertex 1.57059 0.650561 4.59
      vertex 2.40209 0.994976 4.59
      vertex 1.64207 0.439992 4.59
    endloop
  endfacet
  facet normal 0 0 -1
    outer loop
      vertex 2.57776 -0.339368 4.59
      vertex 1.68546 -0.221894 4.59
      vertex 1.7 0 4.59
    endloop
  endfacet
  facet normal 0 0 -1
    outer loop
      vertex 2.51141 -0.672929 4.59
      vertex 1.64207 -0.439992 4.59
      vertex 1.68546 -0.221894 4.59
    endloop
  endfacet
  facet normal 0 0 -1
    outer loop
      vertex 1.20208 -1.20208 4.59
      vertex 1.83848 -1.83848 4.59
      vertex 1.58278 -2.06272 4.59
    endloop
  endfacet
  facet normal 0 0 -1
    outer loop
      vertex 2.40209 -0.994976 4.59
      vertex 1.57059 -0.650561 4.59
      vertex 1.64207 -0.439992 4.59
    endloop
  endfacet
  facet normal 0 0 -1
    outer loop
      vertex 2.25167 -1.3 4.59
      vertex 1.47224 -0.849999 4.59
      vertex 1.57059 -0.650561 4.59
    endloop
  endfacet
  facet normal 0 0 -1
    outer loop
      vertex 2.06272 -1.58278 4.59
      vertex 1.3487 -1.03489 4.59
      vertex 1.47224 -0.849999 4.59
    endloop
  endfacet
  facet normal 0 0 -1
    outer loop
      vertex 1.03489 -1.3487 4.59
      vertex 1.58278 -2.06272 4.59
      vertex 1.3 -2.25167 4.59
    endloop
  endfacet
  facet normal 0 0 -1
    outer loop
      vertex 1.83848 -1.83848 4.59
      vertex 1.20208 -1.20208 4.59
      vertex 1.3487 -1.03489 4.59
    endloop
  endfacet
  facet normal 0 0 -1
    outer loop
      vertex 1.58278 -2.06272 4.59
      vertex 1.03489 -1.3487 4.59
      vertex 1.20208 -1.20208 4.59
    endloop
  endfacet
  facet normal 0 0 -1
    outer loop
      vertex 0.849999 -1.47224 4.59
      vertex 1.3 -2.25167 4.59
      vertex 0.994976 -2.40209 4.59
    endloop
  endfacet
  facet normal 0 0 -1
    outer loop
      vertex 1.3 -2.25167 4.59
      vertex 0.849999 -1.47224 4.59
      vertex 1.03489 -1.3487 4.59
    endloop
  endfacet
  facet normal 0 0 -1
    outer loop
      vertex 0.650561 -1.57059 4.59
      vertex 0.994976 -2.40209 4.59
      vertex 0.672929 -2.51141 4.59
    endloop
  endfacet
  facet normal 0 0 -1
    outer loop
      vertex 0.994976 -2.40209 4.59
      vertex 0.650561 -1.57059 4.59
      vertex 0.849999 -1.47224 4.59
    endloop
  endfacet
  facet normal 0 0 -1
    outer loop
      vertex 0.672929 -2.51141 4.59
      vertex 0.439992 -1.64207 4.59
      vertex 0.650561 -1.57059 4.59
    endloop
  endfacet
  facet normal 0 0 -1
    outer loop
      vertex 0.339368 -2.57776 4.59
      vertex 0.439992 -1.64207 4.59
      vertex 0.672929 -2.51141 4.59
    endloop
  endfacet
  facet normal 0 0 -1
    outer loop
      vertex 0.339368 -2.57776 4.59
      vertex 0.221894 -1.68546 4.59
      vertex 0.439992 -1.64207 4.59
    endloop
  endfacet
  facet normal 0 0 -1
    outer loop
      vertex 0 -2.6 4.59
      vertex 0.221894 -1.68546 4.59
      vertex 0.339368 -2.57776 4.59
    endloop
  endfacet
  facet normal 0 0 -1
    outer loop
      vertex 0 -2.6 4.59
      vertex 0 -1.7 4.59
      vertex 0.221894 -1.68546 4.59
    endloop
  endfacet
  facet normal 0 0 -1
    outer loop
      vertex 0 -2.6 4.59
      vertex -0.221894 -1.68546 4.59
      vertex 0 -1.7 4.59
    endloop
  endfacet
  facet normal 0 0 -1
    outer loop
      vertex -0.339368 -2.57776 4.59
      vertex -0.221894 -1.68546 4.59
      vertex 0 -2.6 4.59
    endloop
  endfacet
  facet normal 0 0 -1
    outer loop
      vertex -0.339368 -2.57776 4.59
      vertex -0.439992 -1.64207 4.59
      vertex -0.221894 -1.68546 4.59
    endloop
  endfacet
  facet normal 0 0 -1
    outer loop
      vertex -0.672929 -2.51141 4.59
      vertex -0.439992 -1.64207 4.59
      vertex -0.339368 -2.57776 4.59
    endloop
  endfacet
  facet normal -0 0 -1
    outer loop
      vertex -0.439992 -1.64207 4.59
      vertex -0.672929 -2.51141 4.59
      vertex -0.650561 -1.57059 4.59
    endloop
  endfacet
  facet normal 0 0 -1
    outer loop
      vertex -0.994976 -2.40209 4.59
      vertex -0.650561 -1.57059 4.59
      vertex -0.672929 -2.51141 4.59
    endloop
  endfacet
  facet normal -0 0 -1
    outer loop
      vertex -0.650561 -1.57059 4.59
      vertex -0.994976 -2.40209 4.59
      vertex -0.849999 -1.47224 4.59
    endloop
  endfacet
  facet normal 0 0 -1
    outer loop
      vertex -1.3 -2.25167 4.59
      vertex -0.849999 -1.47224 4.59
      vertex -0.994976 -2.40209 4.59
    endloop
  endfacet
  facet normal -0 0 -1
    outer loop
      vertex -0.849999 -1.47224 4.59
      vertex -1.3 -2.25167 4.59
      vertex -1.03489 -1.3487 4.59
    endloop
  endfacet
  facet normal 0 0 -1
    outer loop
      vertex -1.58278 -2.06272 4.59
      vertex -1.03489 -1.3487 4.59
      vertex -1.3 -2.25167 4.59
    endloop
  endfacet
  facet normal -0 0 -1
    outer loop
      vertex -1.03489 -1.3487 4.59
      vertex -1.58278 -2.06272 4.59
      vertex -1.20208 -1.20208 4.59
    endloop
  endfacet
  facet normal 0 0 -1
    outer loop
      vertex -1.83848 -1.83848 4.59
      vertex -1.20208 -1.20208 4.59
      vertex -1.58278 -2.06272 4.59
    endloop
  endfacet
  facet normal -0 0 -1
    outer loop
      vertex -1.20208 -1.20208 4.59
      vertex -1.83848 -1.83848 4.59
      vertex -1.3487 -1.03489 4.59
    endloop
  endfacet
  facet normal 0 0 -1
    outer loop
      vertex -2.06272 -1.58278 4.59
      vertex -1.3487 -1.03489 4.59
      vertex -1.83848 -1.83848 4.59
    endloop
  endfacet
  facet normal -0 0 -1
    outer loop
      vertex -1.3487 -1.03489 4.59
      vertex -2.06272 -1.58278 4.59
      vertex -1.47224 -0.849999 4.59
    endloop
  endfacet
  facet normal 0 0 -1
    outer loop
      vertex -2.25167 -1.3 4.59
      vertex -1.47224 -0.849999 4.59
      vertex -2.06272 -1.58278 4.59
    endloop
  endfacet
  facet normal -0 0 -1
    outer loop
      vertex -1.47224 -0.849999 4.59
      vertex -2.25167 -1.3 4.59
      vertex -1.57059 -0.650561 4.59
    endloop
  endfacet
  facet normal 0 0 -1
    outer loop
      vertex -2.40209 -0.994976 4.59
      vertex -1.57059 -0.650561 4.59
      vertex -2.25167 -1.3 4.59
    endloop
  endfacet
  facet normal -0 0 -1
    outer loop
      vertex 2.40209 0.994976 4.59
      vertex 1.57059 0.650561 4.59
      vertex 2.25167 1.3 4.59
    endloop
  endfacet
  facet normal 0 0 -1
    outer loop
      vertex 1.47224 0.849999 4.59
      vertex 2.25167 1.3 4.59
      vertex 1.57059 0.650561 4.59
    endloop
  endfacet
  facet normal -0 0 -1
    outer loop
      vertex 2.25167 1.3 4.59
      vertex 1.47224 0.849999 4.59
      vertex 2.06272 1.58278 4.59
    endloop
  endfacet
  facet normal 0 0 -1
    outer loop
      vertex 1.3487 1.03489 4.59
      vertex 2.06272 1.58278 4.59
      vertex 1.47224 0.849999 4.59
    endloop
  endfacet
  facet normal -0 0 -1
    outer loop
      vertex 2.06272 1.58278 4.59
      vertex 1.3487 1.03489 4.59
      vertex 1.83848 1.83848 4.59
    endloop
  endfacet
  facet normal 0 0 -1
    outer loop
      vertex 1.20208 1.20208 4.59
      vertex 1.83848 1.83848 4.59
      vertex 1.3487 1.03489 4.59
    endloop
  endfacet
  facet normal -0 0 -1
    outer loop
      vertex 1.83848 1.83848 4.59
      vertex 1.20208 1.20208 4.59
      vertex 1.58278 2.06272 4.59
    endloop
  endfacet
  facet normal 0 0 -1
    outer loop
      vertex 1.03489 1.3487 4.59
      vertex 1.58278 2.06272 4.59
      vertex 1.20208 1.20208 4.59
    endloop
  endfacet
  facet normal -0 0 -1
    outer loop
      vertex 1.58278 2.06272 4.59
      vertex 1.03489 1.3487 4.59
      vertex 1.3 2.25167 4.59
    endloop
  endfacet
  facet normal 0 0 -1
    outer loop
      vertex 0.849999 1.47224 4.59
      vertex 1.3 2.25167 4.59
      vertex 1.03489 1.3487 4.59
    endloop
  endfacet
  facet normal -0 0 -1
    outer loop
      vertex 1.3 2.25167 4.59
      vertex 0.849999 1.47224 4.59
      vertex 0.994976 2.40209 4.59
    endloop
  endfacet
  facet normal 0 0 -1
    outer loop
      vertex 0.650561 1.57059 4.59
      vertex 0.994976 2.40209 4.59
      vertex 0.849999 1.47224 4.59
    endloop
  endfacet
  facet normal -0 0 -1
    outer loop
      vertex 0.994976 2.40209 4.59
      vertex 0.650561 1.57059 4.59
      vertex 0.672929 2.51141 4.59
    endloop
  endfacet
  facet normal 0 0 -1
    outer loop
      vertex 0.439992 1.64207 4.59
      vertex 0.672929 2.51141 4.59
      vertex 0.650561 1.57059 4.59
    endloop
  endfacet
  facet normal 0 0 -1
    outer loop
      vertex 0.439992 1.64207 4.59
      vertex 0.339368 2.57776 4.59
      vertex 0.672929 2.51141 4.59
    endloop
  endfacet
  facet normal 0 0 -1
    outer loop
      vertex 0.221894 1.68546 4.59
      vertex 0.339368 2.57776 4.59
      vertex 0.439992 1.64207 4.59
    endloop
  endfacet
  facet normal 0 0 -1
    outer loop
      vertex 0 1.7 4.59
      vertex 0.339368 2.57776 4.59
      vertex 0.221894 1.68546 4.59
    endloop
  endfacet
  facet normal 0 0 -1
    outer loop
      vertex 0 1.7 4.59
      vertex 0 2.6 4.59
      vertex 0.339368 2.57776 4.59
    endloop
  endfacet
  facet normal 0 0 -1
    outer loop
      vertex -0.221894 1.68546 4.59
      vertex 0 2.6 4.59
      vertex 0 1.7 4.59
    endloop
  endfacet
  facet normal 0 0 -1
    outer loop
      vertex -0.221894 1.68546 4.59
      vertex -0.339368 2.57776 4.59
      vertex 0 2.6 4.59
    endloop
  endfacet
  facet normal 0 0 -1
    outer loop
      vertex -0.439992 1.64207 4.59
      vertex -0.339368 2.57776 4.59
      vertex -0.221894 1.68546 4.59
    endloop
  endfacet
  facet normal 0 0 -1
    outer loop
      vertex -0.672929 2.51141 4.59
      vertex -0.439992 1.64207 4.59
      vertex -0.650561 1.57059 4.59
    endloop
  endfacet
  facet normal 0 0 -1
    outer loop
      vertex -0.439992 1.64207 4.59
      vertex -0.672929 2.51141 4.59
      vertex -0.339368 2.57776 4.59
    endloop
  endfacet
  facet normal 0 0 -1
    outer loop
      vertex -0.994976 2.40209 4.59
      vertex -0.650561 1.57059 4.59
      vertex -0.849999 1.47224 4.59
    endloop
  endfacet
  facet normal 0 0 -1
    outer loop
      vertex -0.650561 1.57059 4.59
      vertex -0.994976 2.40209 4.59
      vertex -0.672929 2.51141 4.59
    endloop
  endfacet
  facet normal 0 0 -1
    outer loop
      vertex -1.3 2.25167 4.59
      vertex -0.849999 1.47224 4.59
      vertex -1.03489 1.3487 4.59
    endloop
  endfacet
  facet normal 0 0 -1
    outer loop
      vertex -1.58278 2.06272 4.59
      vertex -1.03489 1.3487 4.59
      vertex -1.20208 1.20208 4.59
    endloop
  endfacet
  facet normal 0 0 -1
    outer loop
      vertex -0.849999 1.47224 4.59
      vertex -1.3 2.25167 4.59
      vertex -0.994976 2.40209 4.59
    endloop
  endfacet
  facet normal 0 0 -1
    outer loop
      vertex -1.83848 1.83848 4.59
      vertex -1.20208 1.20208 4.59
      vertex -1.3487 1.03489 4.59
    endloop
  endfacet
  facet normal 0 0 -1
    outer loop
      vertex -2.06272 1.58278 4.59
      vertex -1.3487 1.03489 4.59
      vertex -1.47224 0.849999 4.59
    endloop
  endfacet
  facet normal 0 0 -1
    outer loop
      vertex -2.25167 1.3 4.59
      vertex -1.47224 0.849999 4.59
      vertex -1.57059 0.650561 4.59
    endloop
  endfacet
  facet normal 0 0 -1
    outer loop
      vertex -1.03489 1.3487 4.59
      vertex -1.58278 2.06272 4.59
      vertex -1.3 2.25167 4.59
    endloop
  endfacet
  facet normal 0 0 -1
    outer loop
      vertex -2.40209 0.994976 4.59
      vertex -1.57059 0.650561 4.59
      vertex -1.64207 0.439992 4.59
    endloop
  endfacet
  facet normal 0 0 -1
    outer loop
      vertex -2.51141 0.672929 4.59
      vertex -1.64207 0.439992 4.59
      vertex -1.68546 0.221894 4.59
    endloop
  endfacet
  facet normal 0 0 -1
    outer loop
      vertex -2.57776 0.339368 4.59
      vertex -1.68546 0.221894 4.59
      vertex -1.7 0 4.59
    endloop
  endfacet
  facet normal -0 0 -1
    outer loop
      vertex -1.57059 -0.650561 4.59
      vertex -2.40209 -0.994976 4.59
      vertex -1.64207 -0.439992 4.59
    endloop
  endfacet
  facet normal 0 0 -1
    outer loop
      vertex -1.20208 1.20208 4.59
      vertex -1.83848 1.83848 4.59
      vertex -1.58278 2.06272 4.59
    endloop
  endfacet
  facet normal 0 0 -1
    outer loop
      vertex -2.51141 -0.672929 4.59
      vertex -1.64207 -0.439992 4.59
      vertex -2.40209 -0.994976 4.59
    endloop
  endfacet
  facet normal 0 0 -1
    outer loop
      vertex -1.3487 1.03489 4.59
      vertex -2.06272 1.58278 4.59
      vertex -1.83848 1.83848 4.59
    endloop
  endfacet
  facet normal -0 0 -1
    outer loop
      vertex -1.64207 -0.439992 4.59
      vertex -2.51141 -0.672929 4.59
      vertex -1.68546 -0.221894 4.59
    endloop
  endfacet
  facet normal 0 0 -1
    outer loop
      vertex -1.47224 0.849999 4.59
      vertex -2.25167 1.3 4.59
      vertex -2.06272 1.58278 4.59
    endloop
  endfacet
  facet normal 0 0 -1
    outer loop
      vertex -2.57776 -0.339368 4.59
      vertex -1.68546 -0.221894 4.59
      vertex -2.51141 -0.672929 4.59
    endloop
  endfacet
  facet normal 0 0 -1
    outer loop
      vertex -1.57059 0.650561 4.59
      vertex -2.40209 0.994976 4.59
      vertex -2.25167 1.3 4.59
    endloop
  endfacet
  facet normal -0 0 -1
    outer loop
      vertex -1.68546 -0.221894 4.59
      vertex -2.57776 -0.339368 4.59
      vertex -1.7 0 4.59
    endloop
  endfacet
  facet normal 0 0 -1
    outer loop
      vertex -1.64207 0.439992 4.59
      vertex -2.51141 0.672929 4.59
      vertex -2.40209 0.994976 4.59
    endloop
  endfacet
  facet normal 0 0 -1
    outer loop
      vertex -2.6 0 4.59
      vertex -1.7 0 4.59
      vertex -2.57776 -0.339368 4.59
    endloop
  endfacet
  facet normal 0 0 -1
    outer loop
      vertex -1.68546 0.221894 4.59
      vertex -2.57776 0.339368 4.59
      vertex -2.51141 0.672929 4.59
    endloop
  endfacet
  facet normal 0 0 -1
    outer loop
      vertex -1.7 0 4.59
      vertex -2.6 0 4.59
      vertex -2.57776 0.339368 4.59
    endloop
  endfacet
  facet normal -0.980785 0.195092 0
    outer loop
      vertex 2.51141 -0.672929 2.19
      vertex 2.57776 -0.339368 4.59
      vertex 2.57776 -0.339368 2.19
    endloop
  endfacet
  facet normal -0.980785 0.195092 0
    outer loop
      vertex 2.57776 -0.339368 4.59
      vertex 2.51141 -0.672929 2.19
      vertex 2.51141 -0.672929 4.59
    endloop
  endfacet
  facet normal -0.751844 -0.659341 0
    outer loop
      vertex 2.06272 1.58278 2.19
      vertex 1.83848 1.83848 4.59
      vertex 1.83848 1.83848 2.19
    endloop
  endfacet
  facet normal -0.751844 -0.659341 0
    outer loop
      vertex 1.83848 1.83848 4.59
      vertex 2.06272 1.58278 2.19
      vertex 2.06272 1.58278 4.59
    endloop
  endfacet
  facet normal 0.896874 -0.442286 0
    outer loop
      vertex -2.40209 0.994976 4.59
      vertex -2.25167 1.3 2.19
      vertex -2.25167 1.3 4.59
    endloop
  endfacet
  facet normal 0.896874 -0.442286 0
    outer loop
      vertex -2.25167 1.3 2.19
      vertex -2.40209 0.994976 4.59
      vertex -2.40209 0.994976 2.19
    endloop
  endfacet
  facet normal -0.0653933 -0.99786 0
    outer loop
      vertex 0 2.6 2.19
      vertex 0.339368 2.57776 4.59
      vertex 0 2.6 4.59
    endloop
  endfacet
  facet normal -0.0653933 -0.99786 -0
    outer loop
      vertex 0.339368 2.57776 4.59
      vertex 0 2.6 2.19
      vertex 0.339368 2.57776 2.19
    endloop
  endfacet
  facet normal -0.99786 -0.0653933 0
    outer loop
      vertex 2.6 0 2.19
      vertex 2.57776 0.339368 4.59
      vertex 2.57776 0.339368 2.19
    endloop
  endfacet
  facet normal -0.99786 -0.0653933 0
    outer loop
      vertex 2.57776 0.339368 4.59
      vertex 2.6 0 2.19
      vertex 2.6 0 4.59
    endloop
  endfacet
  facet normal 0.896874 0.442286 0
    outer loop
      vertex -2.25167 -1.3 4.59
      vertex -2.40209 -0.994976 2.19
      vertex -2.40209 -0.994976 4.59
    endloop
  endfacet
  facet normal 0.896874 0.442286 0
    outer loop
      vertex -2.40209 -0.994976 2.19
      vertex -2.25167 -1.3 4.59
      vertex -2.25167 -1.3 2.19
    endloop
  endfacet
  facet normal 0.195092 -0.980785 0
    outer loop
      vertex -0.672929 2.51141 2.19
      vertex -0.339368 2.57776 4.59
      vertex -0.672929 2.51141 4.59
    endloop
  endfacet
  facet normal 0.195092 -0.980785 0
    outer loop
      vertex -0.339368 2.57776 4.59
      vertex -0.672929 2.51141 2.19
      vertex -0.339368 2.57776 2.19
    endloop
  endfacet
  facet normal 0.321439 -0.94693 0
    outer loop
      vertex -0.994976 2.40209 2.19
      vertex -0.672929 2.51141 4.59
      vertex -0.994976 2.40209 4.59
    endloop
  endfacet
  facet normal 0.321439 -0.94693 0
    outer loop
      vertex -0.672929 2.51141 4.59
      vertex -0.994976 2.40209 2.19
      vertex -0.672929 2.51141 2.19
    endloop
  endfacet
  facet normal 0.94693 -0.321439 0
    outer loop
      vertex -2.51141 0.672929 4.59
      vertex -2.40209 0.994976 2.19
      vertex -2.40209 0.994976 4.59
    endloop
  endfacet
  facet normal 0.94693 -0.321439 0
    outer loop
      vertex -2.40209 0.994976 2.19
      vertex -2.51141 0.672929 4.59
      vertex -2.51141 0.672929 2.19
    endloop
  endfacet
  facet normal -0.94693 -0.321439 0
    outer loop
      vertex 2.51141 0.672929 2.19
      vertex 2.40209 0.994976 4.59
      vertex 2.40209 0.994976 2.19
    endloop
  endfacet
  facet normal -0.94693 -0.321439 0
    outer loop
      vertex 2.40209 0.994976 4.59
      vertex 2.51141 0.672929 2.19
      vertex 2.51141 0.672929 4.59
    endloop
  endfacet
  facet normal 0.555575 0.831466 -0
    outer loop
      vertex -1.3 -2.25167 2.19
      vertex -1.58278 -2.06272 4.59
      vertex -1.3 -2.25167 4.59
    endloop
  endfacet
  facet normal 0.555575 0.831466 0
    outer loop
      vertex -1.58278 -2.06272 4.59
      vertex -1.3 -2.25167 2.19
      vertex -1.58278 -2.06272 2.19
    endloop
  endfacet
  facet normal -0.195092 -0.980785 0
    outer loop
      vertex 0.339368 2.57776 2.19
      vertex 0.672929 2.51141 4.59
      vertex 0.339368 2.57776 4.59
    endloop
  endfacet
  facet normal -0.195092 -0.980785 -0
    outer loop
      vertex 0.672929 2.51141 4.59
      vertex 0.339368 2.57776 2.19
      vertex 0.672929 2.51141 2.19
    endloop
  endfacet
  facet normal -0.442286 0.896874 0
    outer loop
      vertex 1.3 -2.25167 2.19
      vertex 0.994976 -2.40209 4.59
      vertex 1.3 -2.25167 4.59
    endloop
  endfacet
  facet normal -0.442286 0.896874 0
    outer loop
      vertex 0.994976 -2.40209 4.59
      vertex 1.3 -2.25167 2.19
      vertex 0.994976 -2.40209 2.19
    endloop
  endfacet
  facet normal -0.94693 0.321439 0
    outer loop
      vertex 2.40209 -0.994976 2.19
      vertex 2.51141 -0.672929 4.59
      vertex 2.51141 -0.672929 2.19
    endloop
  endfacet
  facet normal -0.94693 0.321439 0
    outer loop
      vertex 2.51141 -0.672929 4.59
      vertex 2.40209 -0.994976 2.19
      vertex 2.40209 -0.994976 4.59
    endloop
  endfacet
  facet normal -0.555575 -0.831466 0
    outer loop
      vertex 1.3 2.25167 2.19
      vertex 1.58278 2.06272 4.59
      vertex 1.3 2.25167 4.59
    endloop
  endfacet
  facet normal -0.555575 -0.831466 -0
    outer loop
      vertex 1.58278 2.06272 4.59
      vertex 1.3 2.25167 2.19
      vertex 1.58278 2.06272 2.19
    endloop
  endfacet
  facet normal 0.751844 0.659341 0
    outer loop
      vertex -1.83848 -1.83848 4.59
      vertex -2.06272 -1.58278 2.19
      vertex -2.06272 -1.58278 4.59
    endloop
  endfacet
  facet normal 0.751844 0.659341 0
    outer loop
      vertex -2.06272 -1.58278 2.19
      vertex -1.83848 -1.83848 4.59
      vertex -1.83848 -1.83848 2.19
    endloop
  endfacet
  facet normal -0.321439 0.94693 0
    outer loop
      vertex 0.994976 -2.40209 2.19
      vertex 0.672929 -2.51141 4.59
      vertex 0.994976 -2.40209 4.59
    endloop
  endfacet
  facet normal -0.321439 0.94693 0
    outer loop
      vertex 0.672929 -2.51141 4.59
      vertex 0.994976 -2.40209 2.19
      vertex 0.672929 -2.51141 2.19
    endloop
  endfacet
  facet normal 0.831466 -0.555575 0
    outer loop
      vertex -2.25167 1.3 4.59
      vertex -2.06272 1.58278 2.19
      vertex -2.06272 1.58278 4.59
    endloop
  endfacet
  facet normal 0.831466 -0.555575 0
    outer loop
      vertex -2.06272 1.58278 2.19
      vertex -2.25167 1.3 4.59
      vertex -2.25167 1.3 2.19
    endloop
  endfacet
  facet normal 0.555575 -0.831466 0
    outer loop
      vertex -1.58278 2.06272 2.19
      vertex -1.3 2.25167 4.59
      vertex -1.58278 2.06272 4.59
    endloop
  endfacet
  facet normal 0.555575 -0.831466 0
    outer loop
      vertex -1.3 2.25167 4.59
      vertex -1.58278 2.06272 2.19
      vertex -1.3 2.25167 2.19
    endloop
  endfacet
  facet normal 0.0653933 -0.99786 0
    outer loop
      vertex -0.339368 2.57776 2.19
      vertex 0 2.6 4.59
      vertex -0.339368 2.57776 4.59
    endloop
  endfacet
  facet normal 0.0653933 -0.99786 0
    outer loop
      vertex 0 2.6 4.59
      vertex -0.339368 2.57776 2.19
      vertex 0 2.6 2.19
    endloop
  endfacet
  facet normal 0.0653933 0.99786 -0
    outer loop
      vertex 0 -2.6 2.19
      vertex -0.339368 -2.57776 4.59
      vertex 0 -2.6 4.59
    endloop
  endfacet
  facet normal 0.0653933 0.99786 0
    outer loop
      vertex -0.339368 -2.57776 4.59
      vertex 0 -2.6 2.19
      vertex -0.339368 -2.57776 2.19
    endloop
  endfacet
  facet normal -0.659341 -0.751844 0
    outer loop
      vertex 1.58278 2.06272 2.19
      vertex 1.83848 1.83848 4.59
      vertex 1.58278 2.06272 4.59
    endloop
  endfacet
  facet normal -0.659341 -0.751844 -0
    outer loop
      vertex 1.83848 1.83848 4.59
      vertex 1.58278 2.06272 2.19
      vertex 1.83848 1.83848 2.19
    endloop
  endfacet
  facet normal -0.321439 -0.94693 0
    outer loop
      vertex 0.672929 2.51141 2.19
      vertex 0.994976 2.40209 4.59
      vertex 0.672929 2.51141 4.59
    endloop
  endfacet
  facet normal -0.321439 -0.94693 -0
    outer loop
      vertex 0.994976 2.40209 4.59
      vertex 0.672929 2.51141 2.19
      vertex 0.994976 2.40209 2.19
    endloop
  endfacet
  facet normal 0.442286 0.896874 -0
    outer loop
      vertex -0.994976 -2.40209 2.19
      vertex -1.3 -2.25167 4.59
      vertex -0.994976 -2.40209 4.59
    endloop
  endfacet
  facet normal 0.442286 0.896874 0
    outer loop
      vertex -1.3 -2.25167 4.59
      vertex -0.994976 -2.40209 2.19
      vertex -1.3 -2.25167 2.19
    endloop
  endfacet
  facet normal -0.896874 -0.442286 0
    outer loop
      vertex 2.40209 0.994976 2.19
      vertex 2.25167 1.3 4.59
      vertex 2.25167 1.3 2.19
    endloop
  endfacet
  facet normal -0.896874 -0.442286 0
    outer loop
      vertex 2.25167 1.3 4.59
      vertex 2.40209 0.994976 2.19
      vertex 2.40209 0.994976 4.59
    endloop
  endfacet
  facet normal 0.980785 0.195092 0
    outer loop
      vertex -2.51141 -0.672929 4.59
      vertex -2.57776 -0.339368 2.19
      vertex -2.57776 -0.339368 4.59
    endloop
  endfacet
  facet normal 0.980785 0.195092 0
    outer loop
      vertex -2.57776 -0.339368 2.19
      vertex -2.51141 -0.672929 4.59
      vertex -2.51141 -0.672929 2.19
    endloop
  endfacet
  facet normal -0.0653933 0.99786 0
    outer loop
      vertex 0.339368 -2.57776 2.19
      vertex 0 -2.6 4.59
      vertex 0.339368 -2.57776 4.59
    endloop
  endfacet
  facet normal -0.0653933 0.99786 0
    outer loop
      vertex 0 -2.6 4.59
      vertex 0.339368 -2.57776 2.19
      vertex 0 -2.6 2.19
    endloop
  endfacet
  facet normal -0.195092 0.980785 0
    outer loop
      vertex 0.672929 -2.51141 2.19
      vertex 0.339368 -2.57776 4.59
      vertex 0.672929 -2.51141 4.59
    endloop
  endfacet
  facet normal -0.195092 0.980785 0
    outer loop
      vertex 0.339368 -2.57776 4.59
      vertex 0.672929 -2.51141 2.19
      vertex 0.339368 -2.57776 2.19
    endloop
  endfacet
  facet normal -0.442286 -0.896874 0
    outer loop
      vertex 0.994976 2.40209 2.19
      vertex 1.3 2.25167 4.59
      vertex 0.994976 2.40209 4.59
    endloop
  endfacet
  facet normal -0.442286 -0.896874 -0
    outer loop
      vertex 1.3 2.25167 4.59
      vertex 0.994976 2.40209 2.19
      vertex 1.3 2.25167 2.19
    endloop
  endfacet
  facet normal 0.831466 0.555575 0
    outer loop
      vertex -2.06272 -1.58278 4.59
      vertex -2.25167 -1.3 2.19
      vertex -2.25167 -1.3 4.59
    endloop
  endfacet
  facet normal 0.831466 0.555575 0
    outer loop
      vertex -2.25167 -1.3 2.19
      vertex -2.06272 -1.58278 4.59
      vertex -2.06272 -1.58278 2.19
    endloop
  endfacet
  facet normal -0.831466 0.555575 0
    outer loop
      vertex 2.06272 -1.58278 2.19
      vertex 2.25167 -1.3 4.59
      vertex 2.25167 -1.3 2.19
    endloop
  endfacet
  facet normal -0.831466 0.555575 0
    outer loop
      vertex 2.25167 -1.3 4.59
      vertex 2.06272 -1.58278 2.19
      vertex 2.06272 -1.58278 4.59
    endloop
  endfacet
  facet normal -0.659341 0.751844 0
    outer loop
      vertex 1.83848 -1.83848 2.19
      vertex 1.58278 -2.06272 4.59
      vertex 1.83848 -1.83848 4.59
    endloop
  endfacet
  facet normal -0.659341 0.751844 0
    outer loop
      vertex 1.58278 -2.06272 4.59
      vertex 1.83848 -1.83848 2.19
      vertex 1.58278 -2.06272 2.19
    endloop
  endfacet
  facet normal -0.831466 -0.555575 0
    outer loop
      vertex 2.25167 1.3 2.19
      vertex 2.06272 1.58278 4.59
      vertex 2.06272 1.58278 2.19
    endloop
  endfacet
  facet normal -0.831466 -0.555575 0
    outer loop
      vertex 2.06272 1.58278 4.59
      vertex 2.25167 1.3 2.19
      vertex 2.25167 1.3 4.59
    endloop
  endfacet
  facet normal -0.751844 0.659341 0
    outer loop
      vertex 1.83848 -1.83848 2.19
      vertex 2.06272 -1.58278 4.59
      vertex 2.06272 -1.58278 2.19
    endloop
  endfacet
  facet normal -0.751844 0.659341 0
    outer loop
      vertex 2.06272 -1.58278 4.59
      vertex 1.83848 -1.83848 2.19
      vertex 1.83848 -1.83848 4.59
    endloop
  endfacet
  facet normal 0.99786 0.0653933 0
    outer loop
      vertex -2.57776 -0.339368 4.59
      vertex -2.6 0 2.19
      vertex -2.6 0 4.59
    endloop
  endfacet
  facet normal 0.99786 0.0653933 0
    outer loop
      vertex -2.6 0 2.19
      vertex -2.57776 -0.339368 4.59
      vertex -2.57776 -0.339368 2.19
    endloop
  endfacet
  facet normal -0.896874 0.442286 0
    outer loop
      vertex 2.25167 -1.3 2.19
      vertex 2.40209 -0.994976 4.59
      vertex 2.40209 -0.994976 2.19
    endloop
  endfacet
  facet normal -0.896874 0.442286 0
    outer loop
      vertex 2.40209 -0.994976 4.59
      vertex 2.25167 -1.3 2.19
      vertex 2.25167 -1.3 4.59
    endloop
  endfacet
  facet normal 0.442286 -0.896874 0
    outer loop
      vertex -1.3 2.25167 2.19
      vertex -0.994976 2.40209 4.59
      vertex -1.3 2.25167 4.59
    endloop
  endfacet
  facet normal 0.442286 -0.896874 0
    outer loop
      vertex -0.994976 2.40209 4.59
      vertex -1.3 2.25167 2.19
      vertex -0.994976 2.40209 2.19
    endloop
  endfacet
  facet normal 0.195092 0.980785 -0
    outer loop
      vertex -0.339368 -2.57776 2.19
      vertex -0.672929 -2.51141 4.59
      vertex -0.339368 -2.57776 4.59
    endloop
  endfacet
  facet normal 0.195092 0.980785 0
    outer loop
      vertex -0.672929 -2.51141 4.59
      vertex -0.339368 -2.57776 2.19
      vertex -0.672929 -2.51141 2.19
    endloop
  endfacet
  facet normal 0.659341 0.751844 -0
    outer loop
      vertex -1.58278 -2.06272 2.19
      vertex -1.83848 -1.83848 4.59
      vertex -1.58278 -2.06272 4.59
    endloop
  endfacet
  facet normal 0.659341 0.751844 0
    outer loop
      vertex -1.83848 -1.83848 4.59
      vertex -1.58278 -2.06272 2.19
      vertex -1.83848 -1.83848 2.19
    endloop
  endfacet
  facet normal -0.555575 0.831466 0
    outer loop
      vertex 1.58278 -2.06272 2.19
      vertex 1.3 -2.25167 4.59
      vertex 1.58278 -2.06272 4.59
    endloop
  endfacet
  facet normal -0.555575 0.831466 0
    outer loop
      vertex 1.3 -2.25167 4.59
      vertex 1.58278 -2.06272 2.19
      vertex 1.3 -2.25167 2.19
    endloop
  endfacet
  facet normal 0.980785 -0.195092 0
    outer loop
      vertex -2.57776 0.339368 4.59
      vertex -2.51141 0.672929 2.19
      vertex -2.51141 0.672929 4.59
    endloop
  endfacet
  facet normal 0.980785 -0.195092 0
    outer loop
      vertex -2.51141 0.672929 2.19
      vertex -2.57776 0.339368 4.59
      vertex -2.57776 0.339368 2.19
    endloop
  endfacet
  facet normal 0.99786 -0.0653933 0
    outer loop
      vertex -2.6 0 4.59
      vertex -2.57776 0.339368 2.19
      vertex -2.57776 0.339368 4.59
    endloop
  endfacet
  facet normal 0.99786 -0.0653933 0
    outer loop
      vertex -2.57776 0.339368 2.19
      vertex -2.6 0 4.59
      vertex -2.6 0 2.19
    endloop
  endfacet
  facet normal -0.980779 -0.195123 0
    outer loop
      vertex 1.68546 0.221894 7.7
      vertex 1.64207 0.439992 9
      vertex 1.64207 0.439992 7.7
    endloop
  endfacet
  facet normal -0.980779 -0.195123 0
    outer loop
      vertex 1.64207 0.439992 9
      vertex 1.68546 0.221894 7.7
      vertex 1.68546 0.221894 9
    endloop
  endfacet
  facet normal -0.980779 -0.195123 0
    outer loop
      vertex 1.68546 0.221894 4.59
      vertex 1.64207 0.439992 5
      vertex 1.64207 0.439992 4.59
    endloop
  endfacet
  facet normal -0.980779 -0.195123 0
    outer loop
      vertex 1.64207 0.439992 5
      vertex 1.68546 0.221894 4.59
      vertex 1.68546 0.221894 5
    endloop
  endfacet
  facet normal -0.99786 -0.0653866 0
    outer loop
      vertex 1.7 0 7.7
      vertex 1.68546 0.221894 9
      vertex 1.68546 0.221894 7.7
    endloop
  endfacet
  facet normal -0.99786 -0.0653866 0
    outer loop
      vertex 1.68546 0.221894 9
      vertex 1.7 0 7.7
      vertex 1.7 0 9
    endloop
  endfacet
  facet normal -0.99786 -0.0653866 0
    outer loop
      vertex 1.7 0 4.59
      vertex 1.68546 0.221894 5
      vertex 1.68546 0.221894 4.59
    endloop
  endfacet
  facet normal -0.99786 -0.0653866 0
    outer loop
      vertex 1.68546 0.221894 5
      vertex 1.7 0 4.59
      vertex 1.7 0 5
    endloop
  endfacet
  facet normal -0.0653866 0.99786 0
    outer loop
      vertex 0.221894 -1.68546 7.7
      vertex 0 -1.7 9
      vertex 0.221894 -1.68546 9
    endloop
  endfacet
  facet normal -0.0653866 0.99786 0
    outer loop
      vertex 0 -1.7 9
      vertex 0.221894 -1.68546 7.7
      vertex 0 -1.7 7.7
    endloop
  endfacet
  facet normal -0.0653866 0.99786 0
    outer loop
      vertex 0.221894 -1.68546 4.59
      vertex 0 -1.7 5
      vertex 0.221894 -1.68546 5
    endloop
  endfacet
  facet normal -0.0653866 0.99786 0
    outer loop
      vertex 0 -1.7 5
      vertex 0.221894 -1.68546 4.59
      vertex 0 -1.7 4.59
    endloop
  endfacet
  facet normal 0.659342 -0.751844 0
    outer loop
      vertex -1.20208 1.20208 7.7
      vertex -1.03489 1.3487 9
      vertex -1.20208 1.20208 9
    endloop
  endfacet
  facet normal 0.659342 -0.751844 0
    outer loop
      vertex -1.03489 1.3487 9
      vertex -1.20208 1.20208 7.7
      vertex -1.03489 1.3487 7.7
    endloop
  endfacet
  facet normal 0.659342 -0.751844 0
    outer loop
      vertex -1.20208 1.20208 4.59
      vertex -1.03489 1.3487 5
      vertex -1.20208 1.20208 5
    endloop
  endfacet
  facet normal 0.659342 -0.751844 0
    outer loop
      vertex -1.03489 1.3487 5
      vertex -1.20208 1.20208 4.59
      vertex -1.03489 1.3487 4.59
    endloop
  endfacet
  facet normal 0.83147 0.55557 0
    outer loop
      vertex -1.3487 -1.03489 9
      vertex -1.47224 -0.849999 7.7
      vertex -1.47224 -0.849999 9
    endloop
  endfacet
  facet normal 0.83147 0.55557 0
    outer loop
      vertex -1.47224 -0.849999 7.7
      vertex -1.3487 -1.03489 9
      vertex -1.3487 -1.03489 7.7
    endloop
  endfacet
  facet normal 0.83147 0.55557 0
    outer loop
      vertex -1.3487 -1.03489 5
      vertex -1.47224 -0.849999 4.59
      vertex -1.47224 -0.849999 5
    endloop
  endfacet
  facet normal 0.83147 0.55557 0
    outer loop
      vertex -1.47224 -0.849999 4.59
      vertex -1.3487 -1.03489 5
      vertex -1.3487 -1.03489 4.59
    endloop
  endfacet
  facet normal 0.195123 0.980779 -0
    outer loop
      vertex -0.221894 -1.68546 7.7
      vertex -0.439992 -1.64207 9
      vertex -0.221894 -1.68546 9
    endloop
  endfacet
  facet normal 0.195123 0.980779 0
    outer loop
      vertex -0.439992 -1.64207 9
      vertex -0.221894 -1.68546 7.7
      vertex -0.439992 -1.64207 7.7
    endloop
  endfacet
  facet normal 0.195123 0.980779 -0
    outer loop
      vertex -0.221894 -1.68546 4.59
      vertex -0.439992 -1.64207 5
      vertex -0.221894 -1.68546 5
    endloop
  endfacet
  facet normal 0.195123 0.980779 0
    outer loop
      vertex -0.439992 -1.64207 5
      vertex -0.221894 -1.68546 4.59
      vertex -0.439992 -1.64207 4.59
    endloop
  endfacet
  facet normal -0.659342 -0.751844 0
    outer loop
      vertex 1.03489 1.3487 7.7
      vertex 1.20208 1.20208 9
      vertex 1.03489 1.3487 9
    endloop
  endfacet
  facet normal -0.659342 -0.751844 -0
    outer loop
      vertex 1.20208 1.20208 9
      vertex 1.03489 1.3487 7.7
      vertex 1.20208 1.20208 7.7
    endloop
  endfacet
  facet normal -0.659342 -0.751844 0
    outer loop
      vertex 1.03489 1.3487 4.59
      vertex 1.20208 1.20208 5
      vertex 1.03489 1.3487 5
    endloop
  endfacet
  facet normal -0.659342 -0.751844 -0
    outer loop
      vertex 1.20208 1.20208 5
      vertex 1.03489 1.3487 4.59
      vertex 1.20208 1.20208 4.59
    endloop
  endfacet
  facet normal -0.946928 0.321445 0
    outer loop
      vertex 1.57059 -0.650561 7.7
      vertex 1.64207 -0.439992 9
      vertex 1.64207 -0.439992 7.7
    endloop
  endfacet
  facet normal -0.946928 0.321445 0
    outer loop
      vertex 1.64207 -0.439992 9
      vertex 1.57059 -0.650561 7.7
      vertex 1.57059 -0.650561 9
    endloop
  endfacet
  facet normal -0.946928 0.321445 0
    outer loop
      vertex 1.57059 -0.650561 4.59
      vertex 1.64207 -0.439992 5
      vertex 1.64207 -0.439992 4.59
    endloop
  endfacet
  facet normal -0.946928 0.321445 0
    outer loop
      vertex 1.64207 -0.439992 5
      vertex 1.57059 -0.650561 4.59
      vertex 1.57059 -0.650561 5
    endloop
  endfacet
  facet normal -0.751844 0.659342 0
    outer loop
      vertex 1.20208 -1.20208 7.7
      vertex 1.3487 -1.03489 9
      vertex 1.3487 -1.03489 7.7
    endloop
  endfacet
  facet normal -0.751844 0.659342 0
    outer loop
      vertex 1.3487 -1.03489 9
      vertex 1.20208 -1.20208 7.7
      vertex 1.20208 -1.20208 9
    endloop
  endfacet
  facet normal -0.751844 0.659342 0
    outer loop
      vertex 1.20208 -1.20208 4.59
      vertex 1.3487 -1.03489 5
      vertex 1.3487 -1.03489 4.59
    endloop
  endfacet
  facet normal -0.751844 0.659342 0
    outer loop
      vertex 1.3487 -1.03489 5
      vertex 1.20208 -1.20208 4.59
      vertex 1.20208 -1.20208 5
    endloop
  endfacet
  facet normal -0.751844 -0.659342 0
    outer loop
      vertex 1.3487 1.03489 7.7
      vertex 1.20208 1.20208 9
      vertex 1.20208 1.20208 7.7
    endloop
  endfacet
  facet normal -0.751844 -0.659342 0
    outer loop
      vertex 1.20208 1.20208 9
      vertex 1.3487 1.03489 7.7
      vertex 1.3487 1.03489 9
    endloop
  endfacet
  facet normal -0.751844 -0.659342 0
    outer loop
      vertex 1.3487 1.03489 4.59
      vertex 1.20208 1.20208 5
      vertex 1.20208 1.20208 4.59
    endloop
  endfacet
  facet normal -0.751844 -0.659342 0
    outer loop
      vertex 1.20208 1.20208 5
      vertex 1.3487 1.03489 4.59
      vertex 1.3487 1.03489 5
    endloop
  endfacet
  facet normal 0.946928 0.321445 0
    outer loop
      vertex -1.57059 -0.650561 9
      vertex -1.64207 -0.439992 7.7
      vertex -1.64207 -0.439992 9
    endloop
  endfacet
  facet normal 0.946928 0.321445 0
    outer loop
      vertex -1.64207 -0.439992 7.7
      vertex -1.57059 -0.650561 9
      vertex -1.57059 -0.650561 7.7
    endloop
  endfacet
  facet normal 0.946928 0.321445 0
    outer loop
      vertex -1.57059 -0.650561 5
      vertex -1.64207 -0.439992 4.59
      vertex -1.64207 -0.439992 5
    endloop
  endfacet
  facet normal 0.946928 0.321445 0
    outer loop
      vertex -1.64207 -0.439992 4.59
      vertex -1.57059 -0.650561 5
      vertex -1.57059 -0.650561 4.59
    endloop
  endfacet
  facet normal -0.321445 0.946928 0
    outer loop
      vertex 0.650561 -1.57059 7.7
      vertex 0.439992 -1.64207 9
      vertex 0.650561 -1.57059 9
    endloop
  endfacet
  facet normal -0.321445 0.946928 0
    outer loop
      vertex 0.439992 -1.64207 9
      vertex 0.650561 -1.57059 7.7
      vertex 0.439992 -1.64207 7.7
    endloop
  endfacet
  facet normal -0.321445 0.946928 0
    outer loop
      vertex 0.650561 -1.57059 4.59
      vertex 0.439992 -1.64207 5
      vertex 0.650561 -1.57059 5
    endloop
  endfacet
  facet normal -0.321445 0.946928 0
    outer loop
      vertex 0.439992 -1.64207 5
      vertex 0.650561 -1.57059 4.59
      vertex 0.439992 -1.64207 4.59
    endloop
  endfacet
  facet normal 0.0653866 0.99786 -0
    outer loop
      vertex 0 -1.7 7.7
      vertex -0.221894 -1.68546 9
      vertex 0 -1.7 9
    endloop
  endfacet
  facet normal 0.0653866 0.99786 0
    outer loop
      vertex -0.221894 -1.68546 9
      vertex 0 -1.7 7.7
      vertex -0.221894 -1.68546 7.7
    endloop
  endfacet
  facet normal 0.0653866 0.99786 -0
    outer loop
      vertex 0 -1.7 4.59
      vertex -0.221894 -1.68546 5
      vertex 0 -1.7 5
    endloop
  endfacet
  facet normal 0.0653866 0.99786 0
    outer loop
      vertex -0.221894 -1.68546 5
      vertex 0 -1.7 4.59
      vertex -0.221894 -1.68546 4.59
    endloop
  endfacet
  facet normal 0.321445 -0.946928 0
    outer loop
      vertex -0.650561 1.57059 7.7
      vertex -0.439992 1.64207 9
      vertex -0.650561 1.57059 9
    endloop
  endfacet
  facet normal 0.321445 -0.946928 0
    outer loop
      vertex -0.439992 1.64207 9
      vertex -0.650561 1.57059 7.7
      vertex -0.439992 1.64207 7.7
    endloop
  endfacet
  facet normal 0.321445 -0.946928 0
    outer loop
      vertex -0.650561 1.57059 4.59
      vertex -0.439992 1.64207 5
      vertex -0.650561 1.57059 5
    endloop
  endfacet
  facet normal 0.321445 -0.946928 0
    outer loop
      vertex -0.439992 1.64207 5
      vertex -0.650561 1.57059 4.59
      vertex -0.439992 1.64207 4.59
    endloop
  endfacet
  facet normal -0.946928 -0.321445 0
    outer loop
      vertex 1.64207 0.439992 7.7
      vertex 1.57059 0.650561 9
      vertex 1.57059 0.650561 7.7
    endloop
  endfacet
  facet normal -0.946928 -0.321445 0
    outer loop
      vertex 1.57059 0.650561 9
      vertex 1.64207 0.439992 7.7
      vertex 1.64207 0.439992 9
    endloop
  endfacet
  facet normal -0.946928 -0.321445 0
    outer loop
      vertex 1.64207 0.439992 4.59
      vertex 1.57059 0.650561 5
      vertex 1.57059 0.650561 4.59
    endloop
  endfacet
  facet normal -0.946928 -0.321445 0
    outer loop
      vertex 1.57059 0.650561 5
      vertex 1.64207 0.439992 4.59
      vertex 1.64207 0.439992 5
    endloop
  endfacet
  facet normal 0.751844 -0.659342 0
    outer loop
      vertex -1.3487 1.03489 9
      vertex -1.20208 1.20208 7.7
      vertex -1.20208 1.20208 9
    endloop
  endfacet
  facet normal 0.751844 -0.659342 0
    outer loop
      vertex -1.20208 1.20208 7.7
      vertex -1.3487 1.03489 9
      vertex -1.3487 1.03489 7.7
    endloop
  endfacet
  facet normal 0.751844 -0.659342 0
    outer loop
      vertex -1.3487 1.03489 5
      vertex -1.20208 1.20208 4.59
      vertex -1.20208 1.20208 5
    endloop
  endfacet
  facet normal 0.751844 -0.659342 0
    outer loop
      vertex -1.20208 1.20208 4.59
      vertex -1.3487 1.03489 5
      vertex -1.3487 1.03489 4.59
    endloop
  endfacet
  facet normal 0.442282 0.896876 -0
    outer loop
      vertex -0.650561 -1.57059 7.7
      vertex -0.849999 -1.47224 9
      vertex -0.650561 -1.57059 9
    endloop
  endfacet
  facet normal 0.442282 0.896876 0
    outer loop
      vertex -0.849999 -1.47224 9
      vertex -0.650561 -1.57059 7.7
      vertex -0.849999 -1.47224 7.7
    endloop
  endfacet
  facet normal 0.442282 0.896876 -0
    outer loop
      vertex -0.650561 -1.57059 4.59
      vertex -0.849999 -1.47224 5
      vertex -0.650561 -1.57059 5
    endloop
  endfacet
  facet normal 0.442282 0.896876 0
    outer loop
      vertex -0.849999 -1.47224 5
      vertex -0.650561 -1.57059 4.59
      vertex -0.849999 -1.47224 4.59
    endloop
  endfacet
  facet normal 0.0653866 -0.99786 0
    outer loop
      vertex -0.221894 1.68546 7.7
      vertex 0 1.7 9
      vertex -0.221894 1.68546 9
    endloop
  endfacet
  facet normal 0.0653866 -0.99786 0
    outer loop
      vertex 0 1.7 9
      vertex -0.221894 1.68546 7.7
      vertex 0 1.7 7.7
    endloop
  endfacet
  facet normal 0.0653866 -0.99786 0
    outer loop
      vertex -0.221894 1.68546 4.59
      vertex 0 1.7 5
      vertex -0.221894 1.68546 5
    endloop
  endfacet
  facet normal 0.0653866 -0.99786 0
    outer loop
      vertex 0 1.7 5
      vertex -0.221894 1.68546 4.59
      vertex 0 1.7 4.59
    endloop
  endfacet
  facet normal -0.896876 0.442282 0
    outer loop
      vertex 1.47224 -0.849999 7.7
      vertex 1.57059 -0.650561 9
      vertex 1.57059 -0.650561 7.7
    endloop
  endfacet
  facet normal -0.896876 0.442282 0
    outer loop
      vertex 1.57059 -0.650561 9
      vertex 1.47224 -0.849999 7.7
      vertex 1.47224 -0.849999 9
    endloop
  endfacet
  facet normal -0.896876 0.442282 0
    outer loop
      vertex 1.47224 -0.849999 4.59
      vertex 1.57059 -0.650561 5
      vertex 1.57059 -0.650561 4.59
    endloop
  endfacet
  facet normal -0.896876 0.442282 0
    outer loop
      vertex 1.57059 -0.650561 5
      vertex 1.47224 -0.849999 4.59
      vertex 1.47224 -0.849999 5
    endloop
  endfacet
  facet normal -0.55557 0.83147 0
    outer loop
      vertex 1.03489 -1.3487 7.7
      vertex 0.849999 -1.47224 9
      vertex 1.03489 -1.3487 9
    endloop
  endfacet
  facet normal -0.55557 0.83147 0
    outer loop
      vertex 0.849999 -1.47224 9
      vertex 1.03489 -1.3487 7.7
      vertex 0.849999 -1.47224 7.7
    endloop
  endfacet
  facet normal -0.55557 0.83147 0
    outer loop
      vertex 1.03489 -1.3487 4.59
      vertex 0.849999 -1.47224 5
      vertex 1.03489 -1.3487 5
    endloop
  endfacet
  facet normal -0.55557 0.83147 0
    outer loop
      vertex 0.849999 -1.47224 5
      vertex 1.03489 -1.3487 4.59
      vertex 0.849999 -1.47224 4.59
    endloop
  endfacet
  facet normal 0.980779 0.195123 0
    outer loop
      vertex -1.64207 -0.439992 9
      vertex -1.68546 -0.221894 7.7
      vertex -1.68546 -0.221894 9
    endloop
  endfacet
  facet normal 0.980779 0.195123 0
    outer loop
      vertex -1.68546 -0.221894 7.7
      vertex -1.64207 -0.439992 9
      vertex -1.64207 -0.439992 7.7
    endloop
  endfacet
  facet normal 0.980779 0.195123 0
    outer loop
      vertex -1.64207 -0.439992 5
      vertex -1.68546 -0.221894 4.59
      vertex -1.68546 -0.221894 5
    endloop
  endfacet
  facet normal 0.980779 0.195123 0
    outer loop
      vertex -1.68546 -0.221894 4.59
      vertex -1.64207 -0.439992 5
      vertex -1.64207 -0.439992 4.59
    endloop
  endfacet
  facet normal -0.195123 -0.980779 0
    outer loop
      vertex 0.221894 1.68546 7.7
      vertex 0.439992 1.64207 9
      vertex 0.221894 1.68546 9
    endloop
  endfacet
  facet normal -0.195123 -0.980779 -0
    outer loop
      vertex 0.439992 1.64207 9
      vertex 0.221894 1.68546 7.7
      vertex 0.439992 1.64207 7.7
    endloop
  endfacet
  facet normal -0.195123 -0.980779 0
    outer loop
      vertex 0.221894 1.68546 4.59
      vertex 0.439992 1.64207 5
      vertex 0.221894 1.68546 5
    endloop
  endfacet
  facet normal -0.195123 -0.980779 -0
    outer loop
      vertex 0.439992 1.64207 5
      vertex 0.221894 1.68546 4.59
      vertex 0.439992 1.64207 4.59
    endloop
  endfacet
  facet normal -0.83147 -0.55557 0
    outer loop
      vertex 1.47224 0.849999 7.7
      vertex 1.3487 1.03489 9
      vertex 1.3487 1.03489 7.7
    endloop
  endfacet
  facet normal -0.83147 -0.55557 0
    outer loop
      vertex 1.3487 1.03489 9
      vertex 1.47224 0.849999 7.7
      vertex 1.47224 0.849999 9
    endloop
  endfacet
  facet normal -0.83147 -0.55557 0
    outer loop
      vertex 1.47224 0.849999 4.59
      vertex 1.3487 1.03489 5
      vertex 1.3487 1.03489 4.59
    endloop
  endfacet
  facet normal -0.83147 -0.55557 0
    outer loop
      vertex 1.3487 1.03489 5
      vertex 1.47224 0.849999 4.59
      vertex 1.47224 0.849999 5
    endloop
  endfacet
  facet normal -0.99786 0.0653866 0
    outer loop
      vertex 1.68546 -0.221894 7.7
      vertex 1.7 0 9
      vertex 1.7 0 7.7
    endloop
  endfacet
  facet normal -0.99786 0.0653866 0
    outer loop
      vertex 1.7 0 9
      vertex 1.68546 -0.221894 7.7
      vertex 1.68546 -0.221894 9
    endloop
  endfacet
  facet normal -0.99786 0.0653866 0
    outer loop
      vertex 1.68546 -0.221894 4.59
      vertex 1.7 0 5
      vertex 1.7 0 4.59
    endloop
  endfacet
  facet normal -0.99786 0.0653866 0
    outer loop
      vertex 1.7 0 5
      vertex 1.68546 -0.221894 4.59
      vertex 1.68546 -0.221894 5
    endloop
  endfacet
  facet normal -0.321445 -0.946928 0
    outer loop
      vertex 0.439992 1.64207 7.7
      vertex 0.650561 1.57059 9
      vertex 0.439992 1.64207 9
    endloop
  endfacet
  facet normal -0.321445 -0.946928 -0
    outer loop
      vertex 0.650561 1.57059 9
      vertex 0.439992 1.64207 7.7
      vertex 0.650561 1.57059 7.7
    endloop
  endfacet
  facet normal -0.321445 -0.946928 0
    outer loop
      vertex 0.439992 1.64207 4.59
      vertex 0.650561 1.57059 5
      vertex 0.439992 1.64207 5
    endloop
  endfacet
  facet normal -0.321445 -0.946928 -0
    outer loop
      vertex 0.650561 1.57059 5
      vertex 0.439992 1.64207 4.59
      vertex 0.650561 1.57059 4.59
    endloop
  endfacet
  facet normal -0.55557 -0.83147 0
    outer loop
      vertex 0.849999 1.47224 7.7
      vertex 1.03489 1.3487 9
      vertex 0.849999 1.47224 9
    endloop
  endfacet
  facet normal -0.55557 -0.83147 -0
    outer loop
      vertex 1.03489 1.3487 9
      vertex 0.849999 1.47224 7.7
      vertex 1.03489 1.3487 7.7
    endloop
  endfacet
  facet normal -0.55557 -0.83147 0
    outer loop
      vertex 0.849999 1.47224 4.59
      vertex 1.03489 1.3487 5
      vertex 0.849999 1.47224 5
    endloop
  endfacet
  facet normal -0.55557 -0.83147 -0
    outer loop
      vertex 1.03489 1.3487 5
      vertex 0.849999 1.47224 4.59
      vertex 1.03489 1.3487 4.59
    endloop
  endfacet
  facet normal 0.195123 -0.980779 0
    outer loop
      vertex -0.439992 1.64207 7.7
      vertex -0.221894 1.68546 9
      vertex -0.439992 1.64207 9
    endloop
  endfacet
  facet normal 0.195123 -0.980779 0
    outer loop
      vertex -0.221894 1.68546 9
      vertex -0.439992 1.64207 7.7
      vertex -0.221894 1.68546 7.7
    endloop
  endfacet
  facet normal 0.195123 -0.980779 0
    outer loop
      vertex -0.439992 1.64207 4.59
      vertex -0.221894 1.68546 5
      vertex -0.439992 1.64207 5
    endloop
  endfacet
  facet normal 0.195123 -0.980779 0
    outer loop
      vertex -0.221894 1.68546 5
      vertex -0.439992 1.64207 4.59
      vertex -0.221894 1.68546 4.59
    endloop
  endfacet
  facet normal -0.659342 0.751844 0
    outer loop
      vertex 1.20208 -1.20208 7.7
      vertex 1.03489 -1.3487 9
      vertex 1.20208 -1.20208 9
    endloop
  endfacet
  facet normal -0.659342 0.751844 0
    outer loop
      vertex 1.03489 -1.3487 9
      vertex 1.20208 -1.20208 7.7
      vertex 1.03489 -1.3487 7.7
    endloop
  endfacet
  facet normal -0.659342 0.751844 0
    outer loop
      vertex 1.20208 -1.20208 4.59
      vertex 1.03489 -1.3487 5
      vertex 1.20208 -1.20208 5
    endloop
  endfacet
  facet normal -0.659342 0.751844 0
    outer loop
      vertex 1.03489 -1.3487 5
      vertex 1.20208 -1.20208 4.59
      vertex 1.03489 -1.3487 4.59
    endloop
  endfacet
  facet normal 0.896876 -0.442282 0
    outer loop
      vertex -1.57059 0.650561 9
      vertex -1.47224 0.849999 7.7
      vertex -1.47224 0.849999 9
    endloop
  endfacet
  facet normal 0.896876 -0.442282 0
    outer loop
      vertex -1.47224 0.849999 7.7
      vertex -1.57059 0.650561 9
      vertex -1.57059 0.650561 7.7
    endloop
  endfacet
  facet normal 0.896876 -0.442282 0
    outer loop
      vertex -1.57059 0.650561 5
      vertex -1.47224 0.849999 4.59
      vertex -1.47224 0.849999 5
    endloop
  endfacet
  facet normal 0.896876 -0.442282 0
    outer loop
      vertex -1.47224 0.849999 4.59
      vertex -1.57059 0.650561 5
      vertex -1.57059 0.650561 4.59
    endloop
  endfacet
  facet normal -0.980779 0.195123 0
    outer loop
      vertex 1.64207 -0.439992 7.7
      vertex 1.68546 -0.221894 9
      vertex 1.68546 -0.221894 7.7
    endloop
  endfacet
  facet normal -0.980779 0.195123 0
    outer loop
      vertex 1.68546 -0.221894 9
      vertex 1.64207 -0.439992 7.7
      vertex 1.64207 -0.439992 9
    endloop
  endfacet
  facet normal -0.980779 0.195123 0
    outer loop
      vertex 1.64207 -0.439992 4.59
      vertex 1.68546 -0.221894 5
      vertex 1.68546 -0.221894 4.59
    endloop
  endfacet
  facet normal -0.980779 0.195123 0
    outer loop
      vertex 1.68546 -0.221894 5
      vertex 1.64207 -0.439992 4.59
      vertex 1.64207 -0.439992 5
    endloop
  endfacet
  facet normal -0.195123 0.980779 0
    outer loop
      vertex 0.439992 -1.64207 7.7
      vertex 0.221894 -1.68546 9
      vertex 0.439992 -1.64207 9
    endloop
  endfacet
  facet normal -0.195123 0.980779 0
    outer loop
      vertex 0.221894 -1.68546 9
      vertex 0.439992 -1.64207 7.7
      vertex 0.221894 -1.68546 7.7
    endloop
  endfacet
  facet normal -0.195123 0.980779 0
    outer loop
      vertex 0.439992 -1.64207 4.59
      vertex 0.221894 -1.68546 5
      vertex 0.439992 -1.64207 5
    endloop
  endfacet
  facet normal -0.195123 0.980779 0
    outer loop
      vertex 0.221894 -1.68546 5
      vertex 0.439992 -1.64207 4.59
      vertex 0.221894 -1.68546 4.59
    endloop
  endfacet
  facet normal 0.659342 0.751844 -0
    outer loop
      vertex -1.03489 -1.3487 7.7
      vertex -1.20208 -1.20208 9
      vertex -1.03489 -1.3487 9
    endloop
  endfacet
  facet normal 0.659342 0.751844 0
    outer loop
      vertex -1.20208 -1.20208 9
      vertex -1.03489 -1.3487 7.7
      vertex -1.20208 -1.20208 7.7
    endloop
  endfacet
  facet normal 0.659342 0.751844 -0
    outer loop
      vertex -1.03489 -1.3487 4.59
      vertex -1.20208 -1.20208 5
      vertex -1.03489 -1.3487 5
    endloop
  endfacet
  facet normal 0.659342 0.751844 0
    outer loop
      vertex -1.20208 -1.20208 5
      vertex -1.03489 -1.3487 4.59
      vertex -1.20208 -1.20208 4.59
    endloop
  endfacet
  facet normal 0.751844 0.659342 0
    outer loop
      vertex -1.20208 -1.20208 9
      vertex -1.3487 -1.03489 7.7
      vertex -1.3487 -1.03489 9
    endloop
  endfacet
  facet normal 0.751844 0.659342 0
    outer loop
      vertex -1.3487 -1.03489 7.7
      vertex -1.20208 -1.20208 9
      vertex -1.20208 -1.20208 7.7
    endloop
  endfacet
  facet normal 0.751844 0.659342 0
    outer loop
      vertex -1.20208 -1.20208 5
      vertex -1.3487 -1.03489 4.59
      vertex -1.3487 -1.03489 5
    endloop
  endfacet
  facet normal 0.751844 0.659342 0
    outer loop
      vertex -1.3487 -1.03489 4.59
      vertex -1.20208 -1.20208 5
      vertex -1.20208 -1.20208 4.59
    endloop
  endfacet
  facet normal -0.0653866 -0.99786 0
    outer loop
      vertex 0 1.7 7.7
      vertex 0.221894 1.68546 9
      vertex 0 1.7 9
    endloop
  endfacet
  facet normal -0.0653866 -0.99786 -0
    outer loop
      vertex 0.221894 1.68546 9
      vertex 0 1.7 7.7
      vertex 0.221894 1.68546 7.7
    endloop
  endfacet
  facet normal -0.0653866 -0.99786 0
    outer loop
      vertex 0 1.7 4.59
      vertex 0.221894 1.68546 5
      vertex 0 1.7 5
    endloop
  endfacet
  facet normal -0.0653866 -0.99786 -0
    outer loop
      vertex 0.221894 1.68546 5
      vertex 0 1.7 4.59
      vertex 0.221894 1.68546 4.59
    endloop
  endfacet
  facet normal -0.442282 -0.896876 0
    outer loop
      vertex 0.650561 1.57059 7.7
      vertex 0.849999 1.47224 9
      vertex 0.650561 1.57059 9
    endloop
  endfacet
  facet normal -0.442282 -0.896876 -0
    outer loop
      vertex 0.849999 1.47224 9
      vertex 0.650561 1.57059 7.7
      vertex 0.849999 1.47224 7.7
    endloop
  endfacet
  facet normal -0.442282 -0.896876 0
    outer loop
      vertex 0.650561 1.57059 4.59
      vertex 0.849999 1.47224 5
      vertex 0.650561 1.57059 5
    endloop
  endfacet
  facet normal -0.442282 -0.896876 -0
    outer loop
      vertex 0.849999 1.47224 5
      vertex 0.650561 1.57059 4.59
      vertex 0.849999 1.47224 4.59
    endloop
  endfacet
  facet normal -0.83147 0.55557 0
    outer loop
      vertex 1.3487 -1.03489 7.7
      vertex 1.47224 -0.849999 9
      vertex 1.47224 -0.849999 7.7
    endloop
  endfacet
  facet normal -0.83147 0.55557 0
    outer loop
      vertex 1.47224 -0.849999 9
      vertex 1.3487 -1.03489 7.7
      vertex 1.3487 -1.03489 9
    endloop
  endfacet
  facet normal -0.83147 0.55557 0
    outer loop
      vertex 1.3487 -1.03489 4.59
      vertex 1.47224 -0.849999 5
      vertex 1.47224 -0.849999 4.59
    endloop
  endfacet
  facet normal -0.83147 0.55557 0
    outer loop
      vertex 1.47224 -0.849999 5
      vertex 1.3487 -1.03489 4.59
      vertex 1.3487 -1.03489 5
    endloop
  endfacet
  facet normal 0.99786 0.0653866 0
    outer loop
      vertex -1.68546 -0.221894 9
      vertex -1.7 0 7.7
      vertex -1.7 0 9
    endloop
  endfacet
  facet normal 0.99786 0.0653866 0
    outer loop
      vertex -1.7 0 7.7
      vertex -1.68546 -0.221894 9
      vertex -1.68546 -0.221894 7.7
    endloop
  endfacet
  facet normal 0.99786 0.0653866 0
    outer loop
      vertex -1.68546 -0.221894 5
      vertex -1.7 0 4.59
      vertex -1.7 0 5
    endloop
  endfacet
  facet normal 0.99786 0.0653866 0
    outer loop
      vertex -1.7 0 4.59
      vertex -1.68546 -0.221894 5
      vertex -1.68546 -0.221894 4.59
    endloop
  endfacet
  facet normal -0.442282 0.896876 0
    outer loop
      vertex 0.849999 -1.47224 7.7
      vertex 0.650561 -1.57059 9
      vertex 0.849999 -1.47224 9
    endloop
  endfacet
  facet normal -0.442282 0.896876 0
    outer loop
      vertex 0.650561 -1.57059 9
      vertex 0.849999 -1.47224 7.7
      vertex 0.650561 -1.57059 7.7
    endloop
  endfacet
  facet normal -0.442282 0.896876 0
    outer loop
      vertex 0.849999 -1.47224 4.59
      vertex 0.650561 -1.57059 5
      vertex 0.849999 -1.47224 5
    endloop
  endfacet
  facet normal -0.442282 0.896876 0
    outer loop
      vertex 0.650561 -1.57059 5
      vertex 0.849999 -1.47224 4.59
      vertex 0.650561 -1.57059 4.59
    endloop
  endfacet
  facet normal 0.980779 -0.195123 0
    outer loop
      vertex -1.68546 0.221894 9
      vertex -1.64207 0.439992 7.7
      vertex -1.64207 0.439992 9
    endloop
  endfacet
  facet normal 0.980779 -0.195123 0
    outer loop
      vertex -1.64207 0.439992 7.7
      vertex -1.68546 0.221894 9
      vertex -1.68546 0.221894 7.7
    endloop
  endfacet
  facet normal 0.980779 -0.195123 0
    outer loop
      vertex -1.68546 0.221894 5
      vertex -1.64207 0.439992 4.59
      vertex -1.64207 0.439992 5
    endloop
  endfacet
  facet normal 0.980779 -0.195123 0
    outer loop
      vertex -1.64207 0.439992 4.59
      vertex -1.68546 0.221894 5
      vertex -1.68546 0.221894 4.59
    endloop
  endfacet
  facet normal 0.896876 0.442282 0
    outer loop
      vertex -1.47224 -0.849999 9
      vertex -1.57059 -0.650561 7.7
      vertex -1.57059 -0.650561 9
    endloop
  endfacet
  facet normal 0.896876 0.442282 0
    outer loop
      vertex -1.57059 -0.650561 7.7
      vertex -1.47224 -0.849999 9
      vertex -1.47224 -0.849999 7.7
    endloop
  endfacet
  facet normal 0.896876 0.442282 0
    outer loop
      vertex -1.47224 -0.849999 5
      vertex -1.57059 -0.650561 4.59
      vertex -1.57059 -0.650561 5
    endloop
  endfacet
  facet normal 0.896876 0.442282 0
    outer loop
      vertex -1.57059 -0.650561 4.59
      vertex -1.47224 -0.849999 5
      vertex -1.47224 -0.849999 4.59
    endloop
  endfacet
  facet normal 0.946928 -0.321445 0
    outer loop
      vertex -1.64207 0.439992 9
      vertex -1.57059 0.650561 7.7
      vertex -1.57059 0.650561 9
    endloop
  endfacet
  facet normal 0.946928 -0.321445 0
    outer loop
      vertex -1.57059 0.650561 7.7
      vertex -1.64207 0.439992 9
      vertex -1.64207 0.439992 7.7
    endloop
  endfacet
  facet normal 0.946928 -0.321445 0
    outer loop
      vertex -1.64207 0.439992 5
      vertex -1.57059 0.650561 4.59
      vertex -1.57059 0.650561 5
    endloop
  endfacet
  facet normal 0.946928 -0.321445 0
    outer loop
      vertex -1.57059 0.650561 4.59
      vertex -1.64207 0.439992 5
      vertex -1.64207 0.439992 4.59
    endloop
  endfacet
  facet normal 0.55557 -0.83147 0
    outer loop
      vertex -1.03489 1.3487 7.7
      vertex -0.849999 1.47224 9
      vertex -1.03489 1.3487 9
    endloop
  endfacet
  facet normal 0.55557 -0.83147 0
    outer loop
      vertex -0.849999 1.47224 9
      vertex -1.03489 1.3487 7.7
      vertex -0.849999 1.47224 7.7
    endloop
  endfacet
  facet normal 0.55557 -0.83147 0
    outer loop
      vertex -1.03489 1.3487 4.59
      vertex -0.849999 1.47224 5
      vertex -1.03489 1.3487 5
    endloop
  endfacet
  facet normal 0.55557 -0.83147 0
    outer loop
      vertex -0.849999 1.47224 5
      vertex -1.03489 1.3487 4.59
      vertex -0.849999 1.47224 4.59
    endloop
  endfacet
  facet normal -0.896876 -0.442282 0
    outer loop
      vertex 1.57059 0.650561 7.7
      vertex 1.47224 0.849999 9
      vertex 1.47224 0.849999 7.7
    endloop
  endfacet
  facet normal -0.896876 -0.442282 0
    outer loop
      vertex 1.47224 0.849999 9
      vertex 1.57059 0.650561 7.7
      vertex 1.57059 0.650561 9
    endloop
  endfacet
  facet normal -0.896876 -0.442282 0
    outer loop
      vertex 1.57059 0.650561 4.59
      vertex 1.47224 0.849999 5
      vertex 1.47224 0.849999 4.59
    endloop
  endfacet
  facet normal -0.896876 -0.442282 0
    outer loop
      vertex 1.47224 0.849999 5
      vertex 1.57059 0.650561 4.59
      vertex 1.57059 0.650561 5
    endloop
  endfacet
  facet normal 0.99786 -0.0653866 0
    outer loop
      vertex -1.7 0 9
      vertex -1.68546 0.221894 7.7
      vertex -1.68546 0.221894 9
    endloop
  endfacet
  facet normal 0.99786 -0.0653866 0
    outer loop
      vertex -1.68546 0.221894 7.7
      vertex -1.7 0 9
      vertex -1.7 0 7.7
    endloop
  endfacet
  facet normal 0.99786 -0.0653866 0
    outer loop
      vertex -1.7 0 5
      vertex -1.68546 0.221894 4.59
      vertex -1.68546 0.221894 5
    endloop
  endfacet
  facet normal 0.99786 -0.0653866 0
    outer loop
      vertex -1.68546 0.221894 4.59
      vertex -1.7 0 5
      vertex -1.7 0 4.59
    endloop
  endfacet
  facet normal 0.321445 0.946928 -0
    outer loop
      vertex -0.439992 -1.64207 7.7
      vertex -0.650561 -1.57059 9
      vertex -0.439992 -1.64207 9
    endloop
  endfacet
  facet normal 0.321445 0.946928 0
    outer loop
      vertex -0.650561 -1.57059 9
      vertex -0.439992 -1.64207 7.7
      vertex -0.650561 -1.57059 7.7
    endloop
  endfacet
  facet normal 0.321445 0.946928 -0
    outer loop
      vertex -0.439992 -1.64207 4.59
      vertex -0.650561 -1.57059 5
      vertex -0.439992 -1.64207 5
    endloop
  endfacet
  facet normal 0.321445 0.946928 0
    outer loop
      vertex -0.650561 -1.57059 5
      vertex -0.439992 -1.64207 4.59
      vertex -0.650561 -1.57059 4.59
    endloop
  endfacet
  facet normal 0.442282 -0.896876 0
    outer loop
      vertex -0.849999 1.47224 7.7
      vertex -0.650561 1.57059 9
      vertex -0.849999 1.47224 9
    endloop
  endfacet
  facet normal 0.442282 -0.896876 0
    outer loop
      vertex -0.650561 1.57059 9
      vertex -0.849999 1.47224 7.7
      vertex -0.650561 1.57059 7.7
    endloop
  endfacet
  facet normal 0.442282 -0.896876 0
    outer loop
      vertex -0.849999 1.47224 4.59
      vertex -0.650561 1.57059 5
      vertex -0.849999 1.47224 5
    endloop
  endfacet
  facet normal 0.442282 -0.896876 0
    outer loop
      vertex -0.650561 1.57059 5
      vertex -0.849999 1.47224 4.59
      vertex -0.650561 1.57059 4.59
    endloop
  endfacet
  facet normal 0.83147 -0.55557 0
    outer loop
      vertex -1.47224 0.849999 9
      vertex -1.3487 1.03489 7.7
      vertex -1.3487 1.03489 9
    endloop
  endfacet
  facet normal 0.83147 -0.55557 0
    outer loop
      vertex -1.3487 1.03489 7.7
      vertex -1.47224 0.849999 9
      vertex -1.47224 0.849999 7.7
    endloop
  endfacet
  facet normal 0.83147 -0.55557 0
    outer loop
      vertex -1.47224 0.849999 5
      vertex -1.3487 1.03489 4.59
      vertex -1.3487 1.03489 5
    endloop
  endfacet
  facet normal 0.83147 -0.55557 0
    outer loop
      vertex -1.3487 1.03489 4.59
      vertex -1.47224 0.849999 5
      vertex -1.47224 0.849999 4.59
    endloop
  endfacet
  facet normal 0.55557 0.83147 -0
    outer loop
      vertex -0.849999 -1.47224 7.7
      vertex -1.03489 -1.3487 9
      vertex -0.849999 -1.47224 9
    endloop
  endfacet
  facet normal 0.55557 0.83147 0
    outer loop
      vertex -1.03489 -1.3487 9
      vertex -0.849999 -1.47224 7.7
      vertex -1.03489 -1.3487 7.7
    endloop
  endfacet
  facet normal 0.55557 0.83147 -0
    outer loop
      vertex -0.849999 -1.47224 4.59
      vertex -1.03489 -1.3487 5
      vertex -0.849999 -1.47224 5
    endloop
  endfacet
  facet normal 0.55557 0.83147 0
    outer loop
      vertex -1.03489 -1.3487 5
      vertex -0.849999 -1.47224 4.59
      vertex -1.03489 -1.3487 4.59
    endloop
  endfacet
endsolid OpenSCAD_Model
