solid OpenSCAD_Model
  facet normal 0.064984 -0.997886 0
    outer loop
      vertex 36 -101.5 10
      vertex 36.5221 -101.466 14
      vertex 36 -101.5 14
    endloop
  endfacet
  facet normal 0.064984 -0.997886 0
    outer loop
      vertex 36.5221 -101.466 14
      vertex 36 -101.5 10
      vertex 36.5221 -101.466 10
    endloop
  endfacet
  facet normal -0.321126 -0.947036 0
    outer loop
      vertex 2.46927 -101.196 10
      vertex 2.96472 -101.364 14
      vertex 2.46927 -101.196 14
    endloop
  endfacet
  facet normal -0.321126 -0.947036 -0
    outer loop
      vertex 2.96472 -101.364 14
      vertex 2.46927 -101.196 10
      vertex 2.96472 -101.364 10
    endloop
  endfacet
  facet normal 1 -0 0
    outer loop
      vertex 40 -99.5 20
      vertex 40 99.5 10
      vertex 40 99.5 20
    endloop
  endfacet
  facet normal 1 0 0
    outer loop
      vertex 40 99.5 10
      vertex 40 -99.5 20
      vertex 40 -99.5 10
    endloop
  endfacet
  facet normal -0.997859 0.0654021 0
    outer loop
      vertex 0 97.5 10
      vertex 0.0342197 98.0221 14
      vertex 0.0342197 98.0221 10
    endloop
  endfacet
  facet normal -0.997859 0.0654021 0
    outer loop
      vertex 0.0342197 98.0221 14
      vertex 0 97.5 10
      vertex 0 97.5 14
    endloop
  endfacet
  facet normal -1 0 0
    outer loop
      vertex 0 97.5 10
      vertex 0 81.5 14
      vertex 0 97.5 14
    endloop
  endfacet
  facet normal -1 0 0
    outer loop
      vertex 0 81.5 14
      vertex 0 61.7 22
      vertex 0 81.5 30
    endloop
  endfacet
  facet normal -1 0 0
    outer loop
      vertex 0 81.5 14
      vertex 0 61.6855 21.7781
      vertex 0 61.7 22
    endloop
  endfacet
  facet normal -1 0 0
    outer loop
      vertex 0 81.5 14
      vertex 0 61.6421 21.56
      vertex 0 61.6855 21.7781
    endloop
  endfacet
  facet normal -1 0 0
    outer loop
      vertex 0 81.5 14
      vertex 0 61.5706 21.3494
      vertex 0 61.6421 21.56
    endloop
  endfacet
  facet normal -1 0 0
    outer loop
      vertex 0 81.5 14
      vertex 0 61.4722 21.15
      vertex 0 61.5706 21.3494
    endloop
  endfacet
  facet normal -1 0 0
    outer loop
      vertex 0 81.5 14
      vertex 0 61.3487 20.9651
      vertex 0 61.4722 21.15
    endloop
  endfacet
  facet normal -1 0 0
    outer loop
      vertex 0 81.5 14
      vertex 0 61.2021 20.7979
      vertex 0 61.3487 20.9651
    endloop
  endfacet
  facet normal -1 0 0
    outer loop
      vertex 0 81.5 14
      vertex 0 61.0349 20.6513
      vertex 0 61.2021 20.7979
    endloop
  endfacet
  facet normal -1 0 0
    outer loop
      vertex 0 81.5 14
      vertex 0 60.85 20.5278
      vertex 0 61.0349 20.6513
    endloop
  endfacet
  facet normal -1 0 0
    outer loop
      vertex 0 81.5 14
      vertex 0 60.6506 20.4294
      vertex 0 60.85 20.5278
    endloop
  endfacet
  facet normal -1 0 0
    outer loop
      vertex 0 81.5 14
      vertex 0 60.44 20.3579
      vertex 0 60.6506 20.4294
    endloop
  endfacet
  facet normal -1 0 0
    outer loop
      vertex 0 81.5 14
      vertex 0 60.2219 20.3145
      vertex 0 60.44 20.3579
    endloop
  endfacet
  facet normal -1 0 0
    outer loop
      vertex 0 81.5 14
      vertex 0 60 20.3
      vertex 0 60.2219 20.3145
    endloop
  endfacet
  facet normal -1 0 0
    outer loop
      vertex 0 81.5 14
      vertex 0 59.7781 20.3145
      vertex 0 60 20.3
    endloop
  endfacet
  facet normal -1 0 0
    outer loop
      vertex 0 81.5 14
      vertex 0 59.56 20.3579
      vertex 0 59.7781 20.3145
    endloop
  endfacet
  facet normal -1 0 0
    outer loop
      vertex 0 58.3145 21.7781
      vertex 0 1.7 22
      vertex 0 58.3 22
    endloop
  endfacet
  facet normal -1 0 0
    outer loop
      vertex 0 1.68546 21.7781
      vertex 0 58.3145 21.7781
      vertex 0 58.3579 21.56
    endloop
  endfacet
  facet normal -1 0 0
    outer loop
      vertex 0 1.64207 21.56
      vertex 0 58.3579 21.56
      vertex 0 58.4294 21.3494
    endloop
  endfacet
  facet normal -1 0 0
    outer loop
      vertex 0 1.57059 21.3494
      vertex 0 58.4294 21.3494
      vertex 0 58.5278 21.15
    endloop
  endfacet
  facet normal -1 0 0
    outer loop
      vertex 0 1.47224 21.15
      vertex 0 58.5278 21.15
      vertex 0 58.6513 20.9651
    endloop
  endfacet
  facet normal -1 0 0
    outer loop
      vertex 0 1.3487 20.9651
      vertex 0 58.6513 20.9651
      vertex 0 58.7979 20.7979
    endloop
  endfacet
  facet normal -1 0 0
    outer loop
      vertex 0 1.20208 20.7979
      vertex 0 58.7979 20.7979
      vertex 0 58.9651 20.6513
    endloop
  endfacet
  facet normal -1 0 0
    outer loop
      vertex 0 1.03489 20.6513
      vertex 0 58.9651 20.6513
      vertex 0 59.15 20.5278
    endloop
  endfacet
  facet normal -1 0 0
    outer loop
      vertex 0 0.849999 20.5278
      vertex 0 59.15 20.5278
      vertex 0 59.3494 20.4294
    endloop
  endfacet
  facet normal -1 0 0
    outer loop
      vertex 0 0.650561 20.4294
      vertex 0 59.3494 20.4294
      vertex 0 59.56 20.3579
    endloop
  endfacet
  facet normal -1 0 0
    outer loop
      vertex 0 0.439992 20.3579
      vertex 0 59.56 20.3579
      vertex 0 81.5 14
    endloop
  endfacet
  facet normal -1 0 0
    outer loop
      vertex 0 0.221894 20.3145
      vertex 0 81.5 14
      vertex 0 97.5 10
    endloop
  endfacet
  facet normal -1 0 0
    outer loop
      vertex 0 58.3145 21.7781
      vertex 0 1.68546 21.7781
      vertex 0 1.7 22
    endloop
  endfacet
  facet normal -1 0 0
    outer loop
      vertex 0 58.3579 21.56
      vertex 0 1.64207 21.56
      vertex 0 1.68546 21.7781
    endloop
  endfacet
  facet normal -1 0 0
    outer loop
      vertex 0 58.4294 21.3494
      vertex 0 1.57059 21.3494
      vertex 0 1.64207 21.56
    endloop
  endfacet
  facet normal -1 0 0
    outer loop
      vertex 0 58.5278 21.15
      vertex 0 1.47224 21.15
      vertex 0 1.57059 21.3494
    endloop
  endfacet
  facet normal -1 0 0
    outer loop
      vertex 0 58.6513 20.9651
      vertex 0 1.3487 20.9651
      vertex 0 1.47224 21.15
    endloop
  endfacet
  facet normal -1 0 0
    outer loop
      vertex 0 58.7979 20.7979
      vertex 0 1.20208 20.7979
      vertex 0 1.3487 20.9651
    endloop
  endfacet
  facet normal -1 0 0
    outer loop
      vertex 0 58.9651 20.6513
      vertex 0 1.03489 20.6513
      vertex 0 1.20208 20.7979
    endloop
  endfacet
  facet normal -1 0 0
    outer loop
      vertex 0 59.15 20.5278
      vertex 0 0.849999 20.5278
      vertex 0 1.03489 20.6513
    endloop
  endfacet
  facet normal -1 0 0
    outer loop
      vertex 0 59.3494 20.4294
      vertex 0 0.650561 20.4294
      vertex 0 0.849999 20.5278
    endloop
  endfacet
  facet normal -1 0 0
    outer loop
      vertex 0 59.56 20.3579
      vertex 0 0.439992 20.3579
      vertex 0 0.650561 20.4294
    endloop
  endfacet
  facet normal -1 0 0
    outer loop
      vertex 0 81.5 14
      vertex 0 0.221894 20.3145
      vertex 0 0.439992 20.3579
    endloop
  endfacet
  facet normal -1 0 0
    outer loop
      vertex 0 97.5 10
      vertex 0 0 20.3
      vertex 0 0.221894 20.3145
    endloop
  endfacet
  facet normal -1 0 0
    outer loop
      vertex 0 -97.5 10
      vertex 0 0 20.3
      vertex 0 97.5 10
    endloop
  endfacet
  facet normal -1 0 0
    outer loop
      vertex 0 -1.68546 21.7781
      vertex 0 -58.3 22
      vertex 0 -1.7 22
    endloop
  endfacet
  facet normal -1 0 0
    outer loop
      vertex 0 -58.3145 21.7781
      vertex 0 -1.68546 21.7781
      vertex 0 -1.64207 21.56
    endloop
  endfacet
  facet normal -1 0 0
    outer loop
      vertex 0 -58.3579 21.56
      vertex 0 -1.64207 21.56
      vertex 0 -1.57059 21.3494
    endloop
  endfacet
  facet normal -1 0 0
    outer loop
      vertex 0 -58.4294 21.3494
      vertex 0 -1.57059 21.3494
      vertex 0 -1.47224 21.15
    endloop
  endfacet
  facet normal -1 0 0
    outer loop
      vertex 0 -58.5278 21.15
      vertex 0 -1.47224 21.15
      vertex 0 -1.3487 20.9651
    endloop
  endfacet
  facet normal -1 0 0
    outer loop
      vertex 0 -58.6513 20.9651
      vertex 0 -1.3487 20.9651
      vertex 0 -1.20208 20.7979
    endloop
  endfacet
  facet normal -1 0 0
    outer loop
      vertex 0 -58.7979 20.7979
      vertex 0 -1.20208 20.7979
      vertex 0 -1.03489 20.6513
    endloop
  endfacet
  facet normal -1 0 0
    outer loop
      vertex 0 -58.9651 20.6513
      vertex 0 -1.03489 20.6513
      vertex 0 -0.849999 20.5278
    endloop
  endfacet
  facet normal -1 0 0
    outer loop
      vertex 0 -59.15 20.5278
      vertex 0 -0.849999 20.5278
      vertex 0 -0.650561 20.4294
    endloop
  endfacet
  facet normal -1 0 0
    outer loop
      vertex 0 -59.3494 20.4294
      vertex 0 -0.650561 20.4294
      vertex 0 -0.439992 20.3579
    endloop
  endfacet
  facet normal -1 0 0
    outer loop
      vertex 0 -59.56 20.3579
      vertex 0 -0.439992 20.3579
      vertex 0 -0.221894 20.3145
    endloop
  endfacet
  facet normal -1 -0 0
    outer loop
      vertex 0 0 20.3
      vertex 0 -97.5 10
      vertex 0 -0.221894 20.3145
    endloop
  endfacet
  facet normal -1 0 0
    outer loop
      vertex 0 -1.68546 21.7781
      vertex 0 -58.3145 21.7781
      vertex 0 -58.3 22
    endloop
  endfacet
  facet normal -1 0 0
    outer loop
      vertex 0 -1.64207 21.56
      vertex 0 -58.3579 21.56
      vertex 0 -58.3145 21.7781
    endloop
  endfacet
  facet normal -1 0 0
    outer loop
      vertex 0 -1.57059 21.3494
      vertex 0 -58.4294 21.3494
      vertex 0 -58.3579 21.56
    endloop
  endfacet
  facet normal -1 0 0
    outer loop
      vertex 0 -1.47224 21.15
      vertex 0 -58.5278 21.15
      vertex 0 -58.4294 21.3494
    endloop
  endfacet
  facet normal -1 0 0
    outer loop
      vertex 0 -1.3487 20.9651
      vertex 0 -58.6513 20.9651
      vertex 0 -58.5278 21.15
    endloop
  endfacet
  facet normal -1 0 0
    outer loop
      vertex 0 -1.20208 20.7979
      vertex 0 -58.7979 20.7979
      vertex 0 -58.6513 20.9651
    endloop
  endfacet
  facet normal -1 0 0
    outer loop
      vertex 0 -1.03489 20.6513
      vertex 0 -58.9651 20.6513
      vertex 0 -58.7979 20.7979
    endloop
  endfacet
  facet normal -1 0 0
    outer loop
      vertex 0 -0.849999 20.5278
      vertex 0 -59.15 20.5278
      vertex 0 -58.9651 20.6513
    endloop
  endfacet
  facet normal -1 0 0
    outer loop
      vertex 0 -0.650561 20.4294
      vertex 0 -59.3494 20.4294
      vertex 0 -59.15 20.5278
    endloop
  endfacet
  facet normal -1 0 0
    outer loop
      vertex 0 -0.439992 20.3579
      vertex 0 -59.56 20.3579
      vertex 0 -59.3494 20.4294
    endloop
  endfacet
  facet normal -1 -0 0
    outer loop
      vertex 0 -0.221894 20.3145
      vertex 0 -81.5 14
      vertex 0 -59.56 20.3579
    endloop
  endfacet
  facet normal -1 0 0
    outer loop
      vertex 0 -59.56 20.3579
      vertex 0 -81.5 14
      vertex 0 -59.7781 20.3145
    endloop
  endfacet
  facet normal -1 -0 0
    outer loop
      vertex 0 -61.6855 21.7781
      vertex 0 -81.5 14
      vertex 0 -61.7 22
    endloop
  endfacet
  facet normal -1 -0 0
    outer loop
      vertex 0 -61.6421 21.56
      vertex 0 -81.5 14
      vertex 0 -61.6855 21.7781
    endloop
  endfacet
  facet normal -1 -0 0
    outer loop
      vertex 0 -61.5706 21.3494
      vertex 0 -81.5 14
      vertex 0 -61.6421 21.56
    endloop
  endfacet
  facet normal -1 -0 0
    outer loop
      vertex 0 -61.4722 21.15
      vertex 0 -81.5 14
      vertex 0 -61.5706 21.3494
    endloop
  endfacet
  facet normal -1 -0 0
    outer loop
      vertex 0 -61.3487 20.9651
      vertex 0 -81.5 14
      vertex 0 -61.4722 21.15
    endloop
  endfacet
  facet normal -1 -0 0
    outer loop
      vertex 0 -61.2021 20.7979
      vertex 0 -81.5 14
      vertex 0 -61.3487 20.9651
    endloop
  endfacet
  facet normal -1 -0 0
    outer loop
      vertex 0 -61.0349 20.6513
      vertex 0 -81.5 14
      vertex 0 -61.2021 20.7979
    endloop
  endfacet
  facet normal -1 -0 0
    outer loop
      vertex 0 -60.85 20.5278
      vertex 0 -81.5 14
      vertex 0 -61.0349 20.6513
    endloop
  endfacet
  facet normal -1 -0 0
    outer loop
      vertex 0 -60.6506 20.4294
      vertex 0 -81.5 14
      vertex 0 -60.85 20.5278
    endloop
  endfacet
  facet normal -1 -0 0
    outer loop
      vertex 0 -60.44 20.3579
      vertex 0 -81.5 14
      vertex 0 -60.6506 20.4294
    endloop
  endfacet
  facet normal -1 -0 0
    outer loop
      vertex 0 -60.2219 20.3145
      vertex 0 -81.5 14
      vertex 0 -60.44 20.3579
    endloop
  endfacet
  facet normal -1 -0 0
    outer loop
      vertex 0 -60 20.3
      vertex 0 -81.5 14
      vertex 0 -60.2219 20.3145
    endloop
  endfacet
  facet normal -1 0 0
    outer loop
      vertex 0 -59.7781 20.3145
      vertex 0 -81.5 14
      vertex 0 -60 20.3
    endloop
  endfacet
  facet normal -1 0 0
    outer loop
      vertex 0 -0.221894 20.3145
      vertex 0 -97.5 10
      vertex 0 -81.5 14
    endloop
  endfacet
  facet normal -1 -0 0
    outer loop
      vertex 0 -81.5 14
      vertex 0 -97.5 10
      vertex 0 -97.5 14
    endloop
  endfacet
  facet normal -1 0 0
    outer loop
      vertex 0 61.6855 22.2219
      vertex 0 81.5 30
      vertex 0 61.7 22
    endloop
  endfacet
  facet normal -1 0 0
    outer loop
      vertex 0 61.6421 22.44
      vertex 0 81.5 30
      vertex 0 61.6855 22.2219
    endloop
  endfacet
  facet normal -1 0 0
    outer loop
      vertex 0 61.5706 22.6506
      vertex 0 81.5 30
      vertex 0 61.6421 22.44
    endloop
  endfacet
  facet normal -1 0 0
    outer loop
      vertex 0 61.4722 22.85
      vertex 0 81.5 30
      vertex 0 61.5706 22.6506
    endloop
  endfacet
  facet normal -1 0 0
    outer loop
      vertex 0 61.3487 23.0349
      vertex 0 81.5 30
      vertex 0 61.4722 22.85
    endloop
  endfacet
  facet normal -1 0 0
    outer loop
      vertex 0 61.2021 23.2021
      vertex 0 81.5 30
      vertex 0 61.3487 23.0349
    endloop
  endfacet
  facet normal -1 0 0
    outer loop
      vertex 0 61.0349 23.3487
      vertex 0 81.5 30
      vertex 0 61.2021 23.2021
    endloop
  endfacet
  facet normal -1 0 0
    outer loop
      vertex 0 60.85 23.4722
      vertex 0 81.5 30
      vertex 0 61.0349 23.3487
    endloop
  endfacet
  facet normal -1 0 0
    outer loop
      vertex 0 60.6506 23.5706
      vertex 0 81.5 30
      vertex 0 60.85 23.4722
    endloop
  endfacet
  facet normal -1 0 0
    outer loop
      vertex 0 60.44 23.6421
      vertex 0 81.5 30
      vertex 0 60.6506 23.5706
    endloop
  endfacet
  facet normal -1 0 0
    outer loop
      vertex 0 60.2219 23.6855
      vertex 0 81.5 30
      vertex 0 60.44 23.6421
    endloop
  endfacet
  facet normal -1 0 0
    outer loop
      vertex 0 60 23.7
      vertex 0 81.5 30
      vertex 0 60.2219 23.6855
    endloop
  endfacet
  facet normal -1 0 0
    outer loop
      vertex 0 59.7781 23.6855
      vertex 0 81.5 30
      vertex 0 60 23.7
    endloop
  endfacet
  facet normal -1 0 0
    outer loop
      vertex 0 59.56 23.6421
      vertex 0 81.5 30
      vertex 0 59.7781 23.6855
    endloop
  endfacet
  facet normal -1 0 0
    outer loop
      vertex 0 1.7 22
      vertex 0 58.3145 22.2219
      vertex 0 58.3 22
    endloop
  endfacet
  facet normal -1 0 0
    outer loop
      vertex 0 1.68546 22.2219
      vertex 0 58.3145 22.2219
      vertex 0 1.7 22
    endloop
  endfacet
  facet normal -1 0 0
    outer loop
      vertex 0 58.3145 22.2219
      vertex 0 1.68546 22.2219
      vertex 0 58.3579 22.44
    endloop
  endfacet
  facet normal -1 0 0
    outer loop
      vertex 0 1.64207 22.44
      vertex 0 58.3579 22.44
      vertex 0 1.68546 22.2219
    endloop
  endfacet
  facet normal -1 0 0
    outer loop
      vertex 0 58.3579 22.44
      vertex 0 1.64207 22.44
      vertex 0 58.4294 22.6506
    endloop
  endfacet
  facet normal -1 0 0
    outer loop
      vertex 0 1.57059 22.6506
      vertex 0 58.4294 22.6506
      vertex 0 1.64207 22.44
    endloop
  endfacet
  facet normal -1 0 0
    outer loop
      vertex 0 58.4294 22.6506
      vertex 0 1.57059 22.6506
      vertex 0 58.5278 22.85
    endloop
  endfacet
  facet normal -1 0 0
    outer loop
      vertex 0 1.47224 22.85
      vertex 0 58.5278 22.85
      vertex 0 1.57059 22.6506
    endloop
  endfacet
  facet normal -1 0 0
    outer loop
      vertex 0 58.5278 22.85
      vertex 0 1.47224 22.85
      vertex 0 58.6513 23.0349
    endloop
  endfacet
  facet normal -1 0 0
    outer loop
      vertex 0 1.3487 23.0349
      vertex 0 58.6513 23.0349
      vertex 0 1.47224 22.85
    endloop
  endfacet
  facet normal -1 0 0
    outer loop
      vertex 0 58.6513 23.0349
      vertex 0 1.3487 23.0349
      vertex 0 58.7979 23.2021
    endloop
  endfacet
  facet normal -1 0 0
    outer loop
      vertex 0 1.20208 23.2021
      vertex 0 58.7979 23.2021
      vertex 0 1.3487 23.0349
    endloop
  endfacet
  facet normal -1 0 0
    outer loop
      vertex 0 58.7979 23.2021
      vertex 0 1.20208 23.2021
      vertex 0 58.9651 23.3487
    endloop
  endfacet
  facet normal -1 0 0
    outer loop
      vertex 0 1.03489 23.3487
      vertex 0 58.9651 23.3487
      vertex 0 1.20208 23.2021
    endloop
  endfacet
  facet normal -1 0 0
    outer loop
      vertex 0 58.9651 23.3487
      vertex 0 1.03489 23.3487
      vertex 0 59.15 23.4722
    endloop
  endfacet
  facet normal -1 0 0
    outer loop
      vertex 0 0.849999 23.4722
      vertex 0 59.15 23.4722
      vertex 0 1.03489 23.3487
    endloop
  endfacet
  facet normal -1 0 0
    outer loop
      vertex 0 59.15 23.4722
      vertex 0 0.849999 23.4722
      vertex 0 59.3494 23.5706
    endloop
  endfacet
  facet normal -1 0 0
    outer loop
      vertex 0 0.650561 23.5706
      vertex 0 59.3494 23.5706
      vertex 0 0.849999 23.4722
    endloop
  endfacet
  facet normal -1 0 0
    outer loop
      vertex 0 59.3494 23.5706
      vertex 0 0.650561 23.5706
      vertex 0 59.56 23.6421
    endloop
  endfacet
  facet normal -1 0 0
    outer loop
      vertex 0 0.439992 23.6421
      vertex 0 59.56 23.6421
      vertex 0 0.650561 23.5706
    endloop
  endfacet
  facet normal -1 0 0
    outer loop
      vertex 0 59.56 23.6421
      vertex 0 0.439992 23.6421
      vertex 0 81.5 30
    endloop
  endfacet
  facet normal -1 0 0
    outer loop
      vertex 0 0.221894 23.6855
      vertex 0 81.5 30
      vertex 0 0.439992 23.6421
    endloop
  endfacet
  facet normal -1 0 0
    outer loop
      vertex 0 0 23.7
      vertex 0 81.5 30
      vertex 0 0.221894 23.6855
    endloop
  endfacet
  facet normal -1 0 0
    outer loop
      vertex 0 -81.5 30
      vertex 0 0 23.7
      vertex 0 -0.221894 23.6855
    endloop
  endfacet
  facet normal -1 0 0
    outer loop
      vertex 0 -58.3 22
      vertex 0 -1.68546 22.2219
      vertex 0 -1.7 22
    endloop
  endfacet
  facet normal -1 0 0
    outer loop
      vertex 0 -58.3145 22.2219
      vertex 0 -1.68546 22.2219
      vertex 0 -58.3 22
    endloop
  endfacet
  facet normal -1 0 0
    outer loop
      vertex 0 -1.68546 22.2219
      vertex 0 -58.3145 22.2219
      vertex 0 -1.64207 22.44
    endloop
  endfacet
  facet normal -1 0 0
    outer loop
      vertex 0 -58.3579 22.44
      vertex 0 -1.64207 22.44
      vertex 0 -58.3145 22.2219
    endloop
  endfacet
  facet normal -1 0 0
    outer loop
      vertex 0 -1.64207 22.44
      vertex 0 -58.3579 22.44
      vertex 0 -1.57059 22.6506
    endloop
  endfacet
  facet normal -1 0 0
    outer loop
      vertex 0 -58.4294 22.6506
      vertex 0 -1.57059 22.6506
      vertex 0 -58.3579 22.44
    endloop
  endfacet
  facet normal -1 0 0
    outer loop
      vertex 0 -1.57059 22.6506
      vertex 0 -58.4294 22.6506
      vertex 0 -1.47224 22.85
    endloop
  endfacet
  facet normal -1 0 0
    outer loop
      vertex 0 -58.5278 22.85
      vertex 0 -1.47224 22.85
      vertex 0 -58.4294 22.6506
    endloop
  endfacet
  facet normal -1 0 0
    outer loop
      vertex 0 -1.47224 22.85
      vertex 0 -58.5278 22.85
      vertex 0 -1.3487 23.0349
    endloop
  endfacet
  facet normal -1 0 0
    outer loop
      vertex 0 -58.6513 23.0349
      vertex 0 -1.3487 23.0349
      vertex 0 -58.5278 22.85
    endloop
  endfacet
  facet normal -1 0 0
    outer loop
      vertex 0 -1.3487 23.0349
      vertex 0 -58.6513 23.0349
      vertex 0 -1.20208 23.2021
    endloop
  endfacet
  facet normal -1 0 0
    outer loop
      vertex 0 -58.7979 23.2021
      vertex 0 -1.20208 23.2021
      vertex 0 -58.6513 23.0349
    endloop
  endfacet
  facet normal -1 0 0
    outer loop
      vertex 0 -1.20208 23.2021
      vertex 0 -58.7979 23.2021
      vertex 0 -1.03489 23.3487
    endloop
  endfacet
  facet normal -1 0 0
    outer loop
      vertex 0 -58.9651 23.3487
      vertex 0 -1.03489 23.3487
      vertex 0 -58.7979 23.2021
    endloop
  endfacet
  facet normal -1 0 0
    outer loop
      vertex 0 -1.03489 23.3487
      vertex 0 -58.9651 23.3487
      vertex 0 -0.849999 23.4722
    endloop
  endfacet
  facet normal -1 0 0
    outer loop
      vertex 0 -59.15 23.4722
      vertex 0 -0.849999 23.4722
      vertex 0 -58.9651 23.3487
    endloop
  endfacet
  facet normal -1 0 0
    outer loop
      vertex 0 -0.849999 23.4722
      vertex 0 -59.15 23.4722
      vertex 0 -0.650561 23.5706
    endloop
  endfacet
  facet normal -1 0 0
    outer loop
      vertex 0 -59.3494 23.5706
      vertex 0 -0.650561 23.5706
      vertex 0 -59.15 23.4722
    endloop
  endfacet
  facet normal -1 0 0
    outer loop
      vertex 0 -0.650561 23.5706
      vertex 0 -59.3494 23.5706
      vertex 0 -0.439992 23.6421
    endloop
  endfacet
  facet normal -1 0 0
    outer loop
      vertex 0 -59.56 23.6421
      vertex 0 -0.439992 23.6421
      vertex 0 -59.3494 23.5706
    endloop
  endfacet
  facet normal -1 0 0
    outer loop
      vertex 0 -0.439992 23.6421
      vertex 0 -59.56 23.6421
      vertex 0 -0.221894 23.6855
    endloop
  endfacet
  facet normal -1 0 0
    outer loop
      vertex 0 -81.5 30
      vertex 0 -0.221894 23.6855
      vertex 0 -59.56 23.6421
    endloop
  endfacet
  facet normal -1 0 0
    outer loop
      vertex 0 -81.5 30
      vertex 0 -59.56 23.6421
      vertex 0 -59.7781 23.6855
    endloop
  endfacet
  facet normal -1 0 0
    outer loop
      vertex 0 -81.5 30
      vertex 0 -59.7781 23.6855
      vertex 0 -60 23.7
    endloop
  endfacet
  facet normal -1 0 0
    outer loop
      vertex 0 -81.5 30
      vertex 0 -61.7 22
      vertex 0 -81.5 14
    endloop
  endfacet
  facet normal -1 0 0
    outer loop
      vertex 0 -61.7 22
      vertex 0 -81.5 30
      vertex 0 -61.6855 22.2219
    endloop
  endfacet
  facet normal -1 0 0
    outer loop
      vertex 0 -61.6855 22.2219
      vertex 0 -81.5 30
      vertex 0 -61.6421 22.44
    endloop
  endfacet
  facet normal -1 0 0
    outer loop
      vertex 0 -61.6421 22.44
      vertex 0 -81.5 30
      vertex 0 -61.5706 22.6506
    endloop
  endfacet
  facet normal -1 0 0
    outer loop
      vertex 0 -61.5706 22.6506
      vertex 0 -81.5 30
      vertex 0 -61.4722 22.85
    endloop
  endfacet
  facet normal -1 0 0
    outer loop
      vertex 0 -61.4722 22.85
      vertex 0 -81.5 30
      vertex 0 -61.3487 23.0349
    endloop
  endfacet
  facet normal -1 0 0
    outer loop
      vertex 0 -61.3487 23.0349
      vertex 0 -81.5 30
      vertex 0 -61.2021 23.2021
    endloop
  endfacet
  facet normal -1 0 0
    outer loop
      vertex 0 -61.2021 23.2021
      vertex 0 -81.5 30
      vertex 0 -61.0349 23.3487
    endloop
  endfacet
  facet normal -1 0 0
    outer loop
      vertex 0 -61.0349 23.3487
      vertex 0 -81.5 30
      vertex 0 -60.85 23.4722
    endloop
  endfacet
  facet normal -1 0 0
    outer loop
      vertex 0 0 23.7
      vertex 0 -81.5 30
      vertex 0 81.5 30
    endloop
  endfacet
  facet normal -1 0 0
    outer loop
      vertex 0 -60.2219 23.6855
      vertex 0 -81.5 30
      vertex 0 -60 23.7
    endloop
  endfacet
  facet normal -1 0 0
    outer loop
      vertex 0 -60.44 23.6421
      vertex 0 -81.5 30
      vertex 0 -60.2219 23.6855
    endloop
  endfacet
  facet normal -1 0 0
    outer loop
      vertex 0 -60.6506 23.5706
      vertex 0 -81.5 30
      vertex 0 -60.44 23.6421
    endloop
  endfacet
  facet normal -1 0 0
    outer loop
      vertex 0 -60.85 23.4722
      vertex 0 -81.5 30
      vertex 0 -60.6506 23.5706
    endloop
  endfacet
  facet normal -0.659362 -0.751826 0
    outer loop
      vertex 1.17157 -100.328 10
      vertex 1.56495 -100.673 14
      vertex 1.17157 -100.328 14
    endloop
  endfacet
  facet normal -0.659362 -0.751826 -0
    outer loop
      vertex 1.56495 -100.673 14
      vertex 1.17157 -100.328 10
      vertex 1.56495 -100.673 10
    endloop
  endfacet
  facet normal 0.064984 0.997886 -0
    outer loop
      vertex 36.5221 101.466 10
      vertex 36 101.5 14
      vertex 36.5221 101.466 14
    endloop
  endfacet
  facet normal 0.064984 0.997886 0
    outer loop
      vertex 36 101.5 14
      vertex 36.5221 101.466 10
      vertex 36 101.5 10
    endloop
  endfacet
  facet normal -0.980787 -0.19508 0
    outer loop
      vertex 0.136296 -98.5353 10
      vertex 0.0342197 -98.0221 14
      vertex 0.0342197 -98.0221 10
    endloop
  endfacet
  facet normal -0.980787 -0.19508 0
    outer loop
      vertex 0.0342197 -98.0221 14
      vertex 0.136296 -98.5353 10
      vertex 0.136296 -98.5353 14
    endloop
  endfacet
  facet normal 0 -1 0
    outer loop
      vertex 4 -101.5 10
      vertex 36 -101.5 14
      vertex 4 -101.5 14
    endloop
  endfacet
  facet normal 0 -1 -0
    outer loop
      vertex 36 -101.5 14
      vertex 4 -101.5 10
      vertex 36 -101.5 10
    endloop
  endfacet
  facet normal -0.443182 0.896432 0
    outer loop
      vertex 2.46927 101.196 10
      vertex 2 100.964 14
      vertex 2.46927 101.196 14
    endloop
  endfacet
  facet normal -0.443182 0.896432 0
    outer loop
      vertex 2 100.964 14
      vertex 2.46927 101.196 10
      vertex 2 100.964 10
    endloop
  endfacet
  facet normal -0.997859 -0.0654021 0
    outer loop
      vertex 0.0342197 -98.0221 10
      vertex 0 -97.5 14
      vertex 0 -97.5 10
    endloop
  endfacet
  facet normal -0.997859 -0.0654021 0
    outer loop
      vertex 0 -97.5 14
      vertex 0.0342197 -98.0221 10
      vertex 0.0342197 -98.0221 14
    endloop
  endfacet
  facet normal 0 1 -0
    outer loop
      vertex 36 101.5 10
      vertex 4 101.5 14
      vertex 36 101.5 14
    endloop
  endfacet
  facet normal 0 1 0
    outer loop
      vertex 4 101.5 14
      vertex 36 101.5 10
      vertex 4 101.5 10
    endloop
  endfacet
  facet normal 0.324078 0.946031 -0
    outer loop
      vertex 37.1725 101.317 10
      vertex 37.0353 101.364 14
      vertex 37.1725 101.317 14
    endloop
  endfacet
  facet normal 0.324078 0.946031 0
    outer loop
      vertex 37.0353 101.364 14
      vertex 37.1725 101.317 10
      vertex 37.0353 101.364 10
    endloop
  endfacet
  facet normal -0.751525 0.659705 0
    outer loop
      vertex 0.826586 99.935 10
      vertex 1.17157 100.328 14
      vertex 1.17157 100.328 10
    endloop
  endfacet
  facet normal -0.751525 0.659705 0
    outer loop
      vertex 1.17157 100.328 14
      vertex 0.826586 99.935 10
      vertex 0.826586 99.935 14
    endloop
  endfacet
  facet normal -0.0649827 -0.997886 0
    outer loop
      vertex 3.47789 -101.466 10
      vertex 4 -101.5 14
      vertex 3.47789 -101.466 14
    endloop
  endfacet
  facet normal -0.0649827 -0.997886 -0
    outer loop
      vertex 4 -101.5 14
      vertex 3.47789 -101.466 10
      vertex 4 -101.5 10
    endloop
  endfacet
  facet normal 0.324078 -0.946031 0
    outer loop
      vertex 37.0353 -101.364 10
      vertex 37.1725 -101.317 14
      vertex 37.0353 -101.364 14
    endloop
  endfacet
  facet normal 0.324078 -0.946031 0
    outer loop
      vertex 37.1725 -101.317 14
      vertex 37.0353 -101.364 10
      vertex 37.1725 -101.317 10
    endloop
  endfacet
  facet normal 0.19494 0.980815 -0
    outer loop
      vertex 37.0353 101.364 10
      vertex 36.5221 101.466 14
      vertex 37.0353 101.364 14
    endloop
  endfacet
  facet normal 0.19494 0.980815 0
    outer loop
      vertex 36.5221 101.466 14
      vertex 37.0353 101.364 10
      vertex 36.5221 101.466 10
    endloop
  endfacet
  facet normal -0.555978 -0.831197 0
    outer loop
      vertex 1.56495 -100.673 10
      vertex 2 -100.964 14
      vertex 1.56495 -100.673 14
    endloop
  endfacet
  facet normal -0.555978 -0.831197 -0
    outer loop
      vertex 2 -100.964 14
      vertex 1.56495 -100.673 10
      vertex 2 -100.964 10
    endloop
  endfacet
  facet normal -0.751525 -0.659705 0
    outer loop
      vertex 1.17157 -100.328 10
      vertex 0.826586 -99.935 14
      vertex 0.826586 -99.935 10
    endloop
  endfacet
  facet normal -0.751525 -0.659705 0
    outer loop
      vertex 0.826586 -99.935 14
      vertex 1.17157 -100.328 10
      vertex 1.17157 -100.328 14
    endloop
  endfacet
  facet normal -0.896886 -0.442262 0
    outer loop
      vertex 0.535898 -99.5 10
      vertex 0.304482 -99.0307 14
      vertex 0.304482 -99.0307 10
    endloop
  endfacet
  facet normal -0.896886 -0.442262 0
    outer loop
      vertex 0.304482 -99.0307 14
      vertex 0.535898 -99.5 10
      vertex 0.535898 -99.5 14
    endloop
  endfacet
  facet normal -0.321126 0.947036 0
    outer loop
      vertex 2.96472 101.364 10
      vertex 2.46927 101.196 14
      vertex 2.96472 101.364 14
    endloop
  endfacet
  facet normal -0.321126 0.947036 0
    outer loop
      vertex 2.46927 101.196 14
      vertex 2.96472 101.364 10
      vertex 2.46927 101.196 10
    endloop
  endfacet
  facet normal -0.0649827 0.997886 0
    outer loop
      vertex 4 101.5 10
      vertex 3.47789 101.466 14
      vertex 4 101.5 14
    endloop
  endfacet
  facet normal -0.0649827 0.997886 0
    outer loop
      vertex 3.47789 101.466 14
      vertex 4 101.5 10
      vertex 3.47789 101.466 10
    endloop
  endfacet
  facet normal -0.194951 -0.980813 0
    outer loop
      vertex 2.96472 -101.364 10
      vertex 3.47789 -101.466 14
      vertex 2.96472 -101.364 14
    endloop
  endfacet
  facet normal -0.194951 -0.980813 -0
    outer loop
      vertex 3.47789 -101.466 14
      vertex 2.96472 -101.364 10
      vertex 3.47789 -101.466 10
    endloop
  endfacet
  facet normal -0.946918 -0.321474 0
    outer loop
      vertex 0.304482 -99.0307 10
      vertex 0.136296 -98.5353 14
      vertex 0.136296 -98.5353 10
    endloop
  endfacet
  facet normal -0.946918 -0.321474 0
    outer loop
      vertex 0.136296 -98.5353 14
      vertex 0.304482 -99.0307 10
      vertex 0.304482 -99.0307 14
    endloop
  endfacet
  facet normal 0 0 1
    outer loop
      vertex 0 97.5 14
      vertex 4 101.5 14
      vertex 3.47789 101.466 14
    endloop
  endfacet
  facet normal 0 0 1
    outer loop
      vertex 0 97.5 14
      vertex 3.47789 101.466 14
      vertex 2.96472 101.364 14
    endloop
  endfacet
  facet normal 0 0 1
    outer loop
      vertex 0 97.5 14
      vertex 2.96472 101.364 14
      vertex 2.46927 101.196 14
    endloop
  endfacet
  facet normal 0 0 1
    outer loop
      vertex 0 97.5 14
      vertex 2.46927 101.196 14
      vertex 2 100.964 14
    endloop
  endfacet
  facet normal 0 0 1
    outer loop
      vertex 0 97.5 14
      vertex 2 100.964 14
      vertex 1.56495 100.673 14
    endloop
  endfacet
  facet normal 0 0 1
    outer loop
      vertex 0 97.5 14
      vertex 1.56495 100.673 14
      vertex 1.17157 100.328 14
    endloop
  endfacet
  facet normal 0 0 1
    outer loop
      vertex 0 97.5 14
      vertex 1.17157 100.328 14
      vertex 0.826586 99.935 14
    endloop
  endfacet
  facet normal 0 0 1
    outer loop
      vertex 0 97.5 14
      vertex 0.826586 99.935 14
      vertex 0.535898 99.5 14
    endloop
  endfacet
  facet normal 0 0 1
    outer loop
      vertex 0 97.5 14
      vertex 0.535898 99.5 14
      vertex 0.304482 99.0307 14
    endloop
  endfacet
  facet normal 0 0 1
    outer loop
      vertex 0 97.5 14
      vertex 0.304482 99.0307 14
      vertex 0.136296 98.5353 14
    endloop
  endfacet
  facet normal 0 0 1
    outer loop
      vertex 0 97.5 14
      vertex 0.136296 98.5353 14
      vertex 0.0342197 98.0221 14
    endloop
  endfacet
  facet normal 0 0 1
    outer loop
      vertex 4 101.5 14
      vertex 0 97.5 14
      vertex 4 81.5 14
    endloop
  endfacet
  facet normal 0 0 1
    outer loop
      vertex 4 81.5 14
      vertex 0 97.5 14
      vertex 0 81.5 14
    endloop
  endfacet
  facet normal 0 0 1
    outer loop
      vertex 37.0353 101.364 14
      vertex 37 101.232 14
      vertex 37.1725 101.317 14
    endloop
  endfacet
  facet normal 0 0 1
    outer loop
      vertex 36.5221 101.466 14
      vertex 37 101.232 14
      vertex 37.0353 101.364 14
    endloop
  endfacet
  facet normal 0 0 1
    outer loop
      vertex 37 101.232 14
      vertex 36.5221 101.466 14
      vertex 36.7825 101.087 14
    endloop
  endfacet
  facet normal 0 0 1
    outer loop
      vertex 36.7825 101.087 14
      vertex 36.5221 101.466 14
      vertex 36.5858 100.914 14
    endloop
  endfacet
  facet normal 0 0 1
    outer loop
      vertex 36 101.5 14
      vertex 36.5858 100.914 14
      vertex 36.5221 101.466 14
    endloop
  endfacet
  facet normal 0 0 1
    outer loop
      vertex 36.5858 100.914 14
      vertex 36 101.5 14
      vertex 36.4133 100.718 14
    endloop
  endfacet
  facet normal 0 0 1
    outer loop
      vertex 36.4133 100.718 14
      vertex 36 101.5 14
      vertex 36.2679 100.5 14
    endloop
  endfacet
  facet normal 0 0 1
    outer loop
      vertex 36.2679 100.5 14
      vertex 36 101.5 14
      vertex 36.1522 100.265 14
    endloop
  endfacet
  facet normal 0 0 1
    outer loop
      vertex 36.1522 100.265 14
      vertex 36 101.5 14
      vertex 36.0681 100.018 14
    endloop
  endfacet
  facet normal 0 0 1
    outer loop
      vertex 36 101.5 14
      vertex 36.0171 99.7611 14
      vertex 36.0681 100.018 14
    endloop
  endfacet
  facet normal 0 0 1
    outer loop
      vertex 36 101.5 14
      vertex 36 99.5 14
      vertex 36.0171 99.7611 14
    endloop
  endfacet
  facet normal -0 0 1
    outer loop
      vertex 4 101.5 14
      vertex 36 99.5 14
      vertex 36 101.5 14
    endloop
  endfacet
  facet normal 0 0 1
    outer loop
      vertex 36 99.5 14
      vertex 4 81.5 14
      vertex 36 -99.5 14
    endloop
  endfacet
  facet normal 0 0 1
    outer loop
      vertex 36 99.5 14
      vertex 4 101.5 14
      vertex 4 81.5 14
    endloop
  endfacet
  facet normal -0 0 1
    outer loop
      vertex 4 -81.5 14
      vertex 36 -99.5 14
      vertex 4 81.5 14
    endloop
  endfacet
  facet normal 0 0 1
    outer loop
      vertex 4 -101.5 14
      vertex 36 -99.5 14
      vertex 4 -81.5 14
    endloop
  endfacet
  facet normal 0 0 1
    outer loop
      vertex 36 -99.5 14
      vertex 4 -101.5 14
      vertex 36 -101.5 14
    endloop
  endfacet
  facet normal -0 0 1
    outer loop
      vertex 0 -97.5 14
      vertex 4 -101.5 14
      vertex 4 -81.5 14
    endloop
  endfacet
  facet normal 0 0 1
    outer loop
      vertex 4 -101.5 14
      vertex 0 -97.5 14
      vertex 3.47789 -101.466 14
    endloop
  endfacet
  facet normal 0 0 1
    outer loop
      vertex 3.47789 -101.466 14
      vertex 0 -97.5 14
      vertex 2.96472 -101.364 14
    endloop
  endfacet
  facet normal 0 0 1
    outer loop
      vertex 2.96472 -101.364 14
      vertex 0 -97.5 14
      vertex 2.46927 -101.196 14
    endloop
  endfacet
  facet normal 0 0 1
    outer loop
      vertex 2.46927 -101.196 14
      vertex 0 -97.5 14
      vertex 2 -100.964 14
    endloop
  endfacet
  facet normal 0 0 1
    outer loop
      vertex 2 -100.964 14
      vertex 0 -97.5 14
      vertex 1.56495 -100.673 14
    endloop
  endfacet
  facet normal 0 0 1
    outer loop
      vertex 1.56495 -100.673 14
      vertex 0 -97.5 14
      vertex 1.17157 -100.328 14
    endloop
  endfacet
  facet normal 0 0 1
    outer loop
      vertex 1.17157 -100.328 14
      vertex 0 -97.5 14
      vertex 0.826586 -99.935 14
    endloop
  endfacet
  facet normal 0 0 1
    outer loop
      vertex 0.826586 -99.935 14
      vertex 0 -97.5 14
      vertex 0.535898 -99.5 14
    endloop
  endfacet
  facet normal 0 0 1
    outer loop
      vertex 0.535898 -99.5 14
      vertex 0 -97.5 14
      vertex 0.304482 -99.0307 14
    endloop
  endfacet
  facet normal 0 0 1
    outer loop
      vertex 0.304482 -99.0307 14
      vertex 0 -97.5 14
      vertex 0.136296 -98.5353 14
    endloop
  endfacet
  facet normal 0 0 1
    outer loop
      vertex 0 -97.5 14
      vertex 4 -81.5 14
      vertex 0 -81.5 14
    endloop
  endfacet
  facet normal 0 0 1
    outer loop
      vertex 0.136296 -98.5353 14
      vertex 0 -97.5 14
      vertex 0.0342197 -98.0221 14
    endloop
  endfacet
  facet normal 0 0 1
    outer loop
      vertex 37 -101.232 14
      vertex 37.0353 -101.364 14
      vertex 37.1725 -101.317 14
    endloop
  endfacet
  facet normal 0 0 1
    outer loop
      vertex 36.5221 -101.466 14
      vertex 37 -101.232 14
      vertex 36.7825 -101.087 14
    endloop
  endfacet
  facet normal 0 0 1
    outer loop
      vertex 36.5221 -101.466 14
      vertex 36.7825 -101.087 14
      vertex 36.5858 -100.914 14
    endloop
  endfacet
  facet normal 0 0 1
    outer loop
      vertex 37 -101.232 14
      vertex 36.5221 -101.466 14
      vertex 37.0353 -101.364 14
    endloop
  endfacet
  facet normal 0 0 1
    outer loop
      vertex 36 -101.5 14
      vertex 36.5858 -100.914 14
      vertex 36.4133 -100.718 14
    endloop
  endfacet
  facet normal 0 0 1
    outer loop
      vertex 36 -101.5 14
      vertex 36.4133 -100.718 14
      vertex 36.2679 -100.5 14
    endloop
  endfacet
  facet normal 0 0 1
    outer loop
      vertex 36 -101.5 14
      vertex 36.2679 -100.5 14
      vertex 36.1522 -100.265 14
    endloop
  endfacet
  facet normal 0 0 1
    outer loop
      vertex 36 -101.5 14
      vertex 36.1522 -100.265 14
      vertex 36.0681 -100.018 14
    endloop
  endfacet
  facet normal 0 0 1
    outer loop
      vertex 36.5858 -100.914 14
      vertex 36 -101.5 14
      vertex 36.5221 -101.466 14
    endloop
  endfacet
  facet normal 0 0 1
    outer loop
      vertex 36.0171 -99.7611 14
      vertex 36 -101.5 14
      vertex 36.0681 -100.018 14
    endloop
  endfacet
  facet normal 0 0 1
    outer loop
      vertex 36 -101.5 14
      vertex 36.0171 -99.7611 14
      vertex 36 -99.5 14
    endloop
  endfacet
  facet normal -0.555978 0.831197 0
    outer loop
      vertex 2 100.964 10
      vertex 1.56495 100.673 14
      vertex 2 100.964 14
    endloop
  endfacet
  facet normal -0.555978 0.831197 0
    outer loop
      vertex 1.56495 100.673 14
      vertex 2 100.964 10
      vertex 1.56495 100.673 10
    endloop
  endfacet
  facet normal -0.831443 0.55561 0
    outer loop
      vertex 0.535898 99.5 10
      vertex 0.826586 99.935 14
      vertex 0.826586 99.935 10
    endloop
  endfacet
  facet normal -0.831443 0.55561 0
    outer loop
      vertex 0.826586 99.935 14
      vertex 0.535898 99.5 10
      vertex 0.535898 99.5 14
    endloop
  endfacet
  facet normal -0.659362 0.751826 0
    outer loop
      vertex 1.56495 100.673 10
      vertex 1.17157 100.328 14
      vertex 1.56495 100.673 14
    endloop
  endfacet
  facet normal -0.659362 0.751826 0
    outer loop
      vertex 1.17157 100.328 14
      vertex 1.56495 100.673 10
      vertex 1.17157 100.328 10
    endloop
  endfacet
  facet normal 0.19494 -0.980815 0
    outer loop
      vertex 36.5221 -101.466 10
      vertex 37.0353 -101.364 14
      vertex 36.5221 -101.466 14
    endloop
  endfacet
  facet normal 0.19494 -0.980815 0
    outer loop
      vertex 37.0353 -101.364 14
      vertex 36.5221 -101.466 10
      vertex 37.0353 -101.364 10
    endloop
  endfacet
  facet normal -0.194951 0.980813 0
    outer loop
      vertex 3.47789 101.466 10
      vertex 2.96472 101.364 14
      vertex 3.47789 101.466 14
    endloop
  endfacet
  facet normal -0.194951 0.980813 0
    outer loop
      vertex 2.96472 101.364 14
      vertex 3.47789 101.466 10
      vertex 2.96472 101.364 10
    endloop
  endfacet
  facet normal 0 0 -1
    outer loop
      vertex 37.1725 -101.317 10
      vertex 40 -99.5 10
      vertex 39.9829 -99.7611 10
    endloop
  endfacet
  facet normal 0 0 -1
    outer loop
      vertex 40 -99.5 10
      vertex 0 -97.5 10
      vertex 40 99.5 10
    endloop
  endfacet
  facet normal 0 0 -1
    outer loop
      vertex 37.1725 -101.317 10
      vertex 39.9829 -99.7611 10
      vertex 39.9319 -100.018 10
    endloop
  endfacet
  facet normal 0 0 -1
    outer loop
      vertex 0 97.5 10
      vertex 40 99.5 10
      vertex 0 -97.5 10
    endloop
  endfacet
  facet normal 0 0 -1
    outer loop
      vertex 37.1725 -101.317 10
      vertex 39.9319 -100.018 10
      vertex 39.8478 -100.265 10
    endloop
  endfacet
  facet normal 0 -0 -1
    outer loop
      vertex 36 101.5 10
      vertex 40 99.5 10
      vertex 0 97.5 10
    endloop
  endfacet
  facet normal 0 0 -1
    outer loop
      vertex 37.1725 -101.317 10
      vertex 39.8478 -100.265 10
      vertex 39.732 -100.5 10
    endloop
  endfacet
  facet normal -0 -0 -1
    outer loop
      vertex 37.1725 101.317 10
      vertex 40 99.5 10
      vertex 36 101.5 10
    endloop
  endfacet
  facet normal 0 0 -1
    outer loop
      vertex 37.1725 -101.317 10
      vertex 39.732 -100.5 10
      vertex 39.5867 -100.718 10
    endloop
  endfacet
  facet normal 0 0 -1
    outer loop
      vertex 40 99.5 10
      vertex 37.1725 101.317 10
      vertex 39.9829 99.7611 10
    endloop
  endfacet
  facet normal 0 0 -1
    outer loop
      vertex 37.1725 -101.317 10
      vertex 39.5867 -100.718 10
      vertex 39.4142 -100.914 10
    endloop
  endfacet
  facet normal 0 0 -1
    outer loop
      vertex 39.9829 99.7611 10
      vertex 37.1725 101.317 10
      vertex 39.9319 100.018 10
    endloop
  endfacet
  facet normal 0 0 -1
    outer loop
      vertex 37.1725 -101.317 10
      vertex 39.4142 -100.914 10
      vertex 39.2175 -101.087 10
    endloop
  endfacet
  facet normal 0 0 -1
    outer loop
      vertex 39.9319 100.018 10
      vertex 37.1725 101.317 10
      vertex 39.8478 100.265 10
    endloop
  endfacet
  facet normal 0 0 -1
    outer loop
      vertex 37.1725 -101.317 10
      vertex 39.2175 -101.087 10
      vertex 39 -101.232 10
    endloop
  endfacet
  facet normal 0 0 -1
    outer loop
      vertex 40 -99.5 10
      vertex 37.1725 -101.317 10
      vertex 36 -101.5 10
    endloop
  endfacet
  facet normal 0 0 -1
    outer loop
      vertex 37.1725 -101.317 10
      vertex 39 -101.232 10
      vertex 38.7654 -101.348 10
    endloop
  endfacet
  facet normal 0 0 -1
    outer loop
      vertex 39.8478 100.265 10
      vertex 37.1725 101.317 10
      vertex 39.732 100.5 10
    endloop
  endfacet
  facet normal 0 0 -1
    outer loop
      vertex 37.1725 -101.317 10
      vertex 38.7654 -101.348 10
      vertex 38.5176 -101.432 10
    endloop
  endfacet
  facet normal 0 0 -1
    outer loop
      vertex 39.2175 101.087 10
      vertex 37.1725 101.317 10
      vertex 39 101.232 10
    endloop
  endfacet
  facet normal 0 0 -1
    outer loop
      vertex 37.1725 -101.317 10
      vertex 38.5176 -101.432 10
      vertex 38.2611 -101.483 10
    endloop
  endfacet
  facet normal 0 0 -1
    outer loop
      vertex 39 101.232 10
      vertex 37.1725 101.317 10
      vertex 38.7654 101.348 10
    endloop
  endfacet
  facet normal 0 0 -1
    outer loop
      vertex 37.1725 -101.317 10
      vertex 38.2611 -101.483 10
      vertex 38 -101.5 10
    endloop
  endfacet
  facet normal -0 0 -1
    outer loop
      vertex 38.7654 101.348 10
      vertex 37.1725 101.317 10
      vertex 38.5176 101.432 10
    endloop
  endfacet
  facet normal 0 0 -1
    outer loop
      vertex 37.1725 -101.317 10
      vertex 38 -101.5 10
      vertex 37.7389 -101.483 10
    endloop
  endfacet
  facet normal -0 0 -1
    outer loop
      vertex 38.5176 101.432 10
      vertex 37.1725 101.317 10
      vertex 38.2611 101.483 10
    endloop
  endfacet
  facet normal 0 0 -1
    outer loop
      vertex 37.1725 -101.317 10
      vertex 37.7389 -101.483 10
      vertex 37.4824 -101.432 10
    endloop
  endfacet
  facet normal -0 0 -1
    outer loop
      vertex 38.2611 101.483 10
      vertex 37.1725 101.317 10
      vertex 38 101.5 10
    endloop
  endfacet
  facet normal 0 0 -1
    outer loop
      vertex 37.1725 -101.317 10
      vertex 37.4824 -101.432 10
      vertex 37.2346 -101.348 10
    endloop
  endfacet
  facet normal 0 0 -1
    outer loop
      vertex 38 101.5 10
      vertex 37.1725 101.317 10
      vertex 37.7389 101.483 10
    endloop
  endfacet
  facet normal 0 0 -1
    outer loop
      vertex 37.7389 101.483 10
      vertex 37.1725 101.317 10
      vertex 37.4824 101.432 10
    endloop
  endfacet
  facet normal 0 0 -1
    outer loop
      vertex 37.4824 101.432 10
      vertex 37.1725 101.317 10
      vertex 37.2346 101.348 10
    endloop
  endfacet
  facet normal 0 0 -1
    outer loop
      vertex 36.5221 -101.466 10
      vertex 37.1725 -101.317 10
      vertex 37.0353 -101.364 10
    endloop
  endfacet
  facet normal 0 0 -1
    outer loop
      vertex 39.5867 100.718 10
      vertex 37.1725 101.317 10
      vertex 39.4142 100.914 10
    endloop
  endfacet
  facet normal 0 0 -1
    outer loop
      vertex 37.1725 -101.317 10
      vertex 36.5221 -101.466 10
      vertex 36 -101.5 10
    endloop
  endfacet
  facet normal -0 0 -1
    outer loop
      vertex 40 -99.5 10
      vertex 36 -101.5 10
      vertex 0 -97.5 10
    endloop
  endfacet
  facet normal 0 0 -1
    outer loop
      vertex 39.4142 100.914 10
      vertex 37.1725 101.317 10
      vertex 39.2175 101.087 10
    endloop
  endfacet
  facet normal 0 0 -1
    outer loop
      vertex 37.1725 101.317 10
      vertex 36.5221 101.466 10
      vertex 37.0353 101.364 10
    endloop
  endfacet
  facet normal 0 0 -1
    outer loop
      vertex 0 -97.5 10
      vertex 36 -101.5 10
      vertex 4 -101.5 10
    endloop
  endfacet
  facet normal 0 0 -1
    outer loop
      vertex 39.732 100.5 10
      vertex 37.1725 101.317 10
      vertex 39.5867 100.718 10
    endloop
  endfacet
  facet normal 0 0 -1
    outer loop
      vertex 0 -97.5 10
      vertex 4 -101.5 10
      vertex 3.47789 -101.466 10
    endloop
  endfacet
  facet normal -0 -0 -1
    outer loop
      vertex 36.5221 101.466 10
      vertex 37.1725 101.317 10
      vertex 36 101.5 10
    endloop
  endfacet
  facet normal 0 0 -1
    outer loop
      vertex 0 -97.5 10
      vertex 3.47789 -101.466 10
      vertex 2.96472 -101.364 10
    endloop
  endfacet
  facet normal -0 0 -1
    outer loop
      vertex 36 101.5 10
      vertex 0 97.5 10
      vertex 4 101.5 10
    endloop
  endfacet
  facet normal 0 0 -1
    outer loop
      vertex 0 -97.5 10
      vertex 2.96472 -101.364 10
      vertex 2.46927 -101.196 10
    endloop
  endfacet
  facet normal 0 0 -1
    outer loop
      vertex 4 101.5 10
      vertex 0 97.5 10
      vertex 3.47789 101.466 10
    endloop
  endfacet
  facet normal 0 0 -1
    outer loop
      vertex 0 -97.5 10
      vertex 2.46927 -101.196 10
      vertex 2 -100.964 10
    endloop
  endfacet
  facet normal 0 0 -1
    outer loop
      vertex 3.47789 101.466 10
      vertex 0 97.5 10
      vertex 2.96472 101.364 10
    endloop
  endfacet
  facet normal 0 0 -1
    outer loop
      vertex 0 -97.5 10
      vertex 2 -100.964 10
      vertex 1.56495 -100.673 10
    endloop
  endfacet
  facet normal 0 0 -1
    outer loop
      vertex 2.96472 101.364 10
      vertex 0 97.5 10
      vertex 2.46927 101.196 10
    endloop
  endfacet
  facet normal 0 0 -1
    outer loop
      vertex 0 -97.5 10
      vertex 1.56495 -100.673 10
      vertex 1.17157 -100.328 10
    endloop
  endfacet
  facet normal 0 0 -1
    outer loop
      vertex 2.46927 101.196 10
      vertex 0 97.5 10
      vertex 2 100.964 10
    endloop
  endfacet
  facet normal 0 0 -1
    outer loop
      vertex 0 -97.5 10
      vertex 1.17157 -100.328 10
      vertex 0.826586 -99.935 10
    endloop
  endfacet
  facet normal 0 0 -1
    outer loop
      vertex 2 100.964 10
      vertex 0 97.5 10
      vertex 1.56495 100.673 10
    endloop
  endfacet
  facet normal 0 0 -1
    outer loop
      vertex 0 -97.5 10
      vertex 0.826586 -99.935 10
      vertex 0.535898 -99.5 10
    endloop
  endfacet
  facet normal 0 0 -1
    outer loop
      vertex 1.56495 100.673 10
      vertex 0 97.5 10
      vertex 1.17157 100.328 10
    endloop
  endfacet
  facet normal 0 0 -1
    outer loop
      vertex 0 -97.5 10
      vertex 0.535898 -99.5 10
      vertex 0.304482 -99.0307 10
    endloop
  endfacet
  facet normal 0 0 -1
    outer loop
      vertex 1.17157 100.328 10
      vertex 0 97.5 10
      vertex 0.826586 99.935 10
    endloop
  endfacet
  facet normal 0 0 -1
    outer loop
      vertex 0 -97.5 10
      vertex 0.304482 -99.0307 10
      vertex 0.136296 -98.5353 10
    endloop
  endfacet
  facet normal 0 0 -1
    outer loop
      vertex 0.826586 99.935 10
      vertex 0 97.5 10
      vertex 0.535898 99.5 10
    endloop
  endfacet
  facet normal 0 0 -1
    outer loop
      vertex 0 -97.5 10
      vertex 0.136296 -98.5353 10
      vertex 0.0342197 -98.0221 10
    endloop
  endfacet
  facet normal 0 0 -1
    outer loop
      vertex 0.535898 99.5 10
      vertex 0 97.5 10
      vertex 0.304482 99.0307 10
    endloop
  endfacet
  facet normal 0 0 -1
    outer loop
      vertex 0.304482 99.0307 10
      vertex 0 97.5 10
      vertex 0.136296 98.5353 10
    endloop
  endfacet
  facet normal 0 0 -1
    outer loop
      vertex 0.136296 98.5353 10
      vertex 0 97.5 10
      vertex 0.0342197 98.0221 10
    endloop
  endfacet
  facet normal -0.980787 0.19508 0
    outer loop
      vertex 0.0342197 98.0221 10
      vertex 0.136296 98.5353 14
      vertex 0.136296 98.5353 10
    endloop
  endfacet
  facet normal -0.980787 0.19508 0
    outer loop
      vertex 0.136296 98.5353 14
      vertex 0.0342197 98.0221 10
      vertex 0.0342197 98.0221 14
    endloop
  endfacet
  facet normal -0.896886 0.442262 0
    outer loop
      vertex 0.304482 99.0307 10
      vertex 0.535898 99.5 14
      vertex 0.535898 99.5 10
    endloop
  endfacet
  facet normal -0.896886 0.442262 0
    outer loop
      vertex 0.535898 99.5 14
      vertex 0.304482 99.0307 10
      vertex 0.304482 99.0307 14
    endloop
  endfacet
  facet normal -0.443182 -0.896432 0
    outer loop
      vertex 2 -100.964 10
      vertex 2.46927 -101.196 14
      vertex 2 -100.964 14
    endloop
  endfacet
  facet normal -0.443182 -0.896432 -0
    outer loop
      vertex 2.46927 -101.196 14
      vertex 2 -100.964 10
      vertex 2.46927 -101.196 10
    endloop
  endfacet
  facet normal -0.946918 0.321474 0
    outer loop
      vertex 0.136296 98.5353 10
      vertex 0.304482 99.0307 14
      vertex 0.304482 99.0307 10
    endloop
  endfacet
  facet normal -0.946918 0.321474 0
    outer loop
      vertex 0.304482 99.0307 14
      vertex 0.136296 98.5353 10
      vertex 0.136296 98.5353 14
    endloop
  endfacet
  facet normal -0.831443 -0.55561 0
    outer loop
      vertex 0.826586 -99.935 10
      vertex 0.535898 -99.5 14
      vertex 0.535898 -99.5 10
    endloop
  endfacet
  facet normal -0.831443 -0.55561 0
    outer loop
      vertex 0.535898 -99.5 14
      vertex 0.826586 -99.935 10
      vertex 0.826586 -99.935 14
    endloop
  endfacet
  facet normal -0.750676 -0.660671 0
    outer loop
      vertex 36.5858 -100.914 14
      vertex 36.4133 -100.718 20
      vertex 36.4133 -100.718 14
    endloop
  endfacet
  facet normal -0.750676 -0.660671 0
    outer loop
      vertex 36.4133 -100.718 20
      vertex 36.5858 -100.914 14
      vertex 36.5858 -100.914 20
    endloop
  endfacet
  facet normal -0.442006 -0.897012 0
    outer loop
      vertex 37.1725 -101.317 14
      vertex 37 -101.232 20
      vertex 37 -101.232 14
    endloop
  endfacet
  facet normal -0.443235 -0.896405 -4.39414e-05
    outer loop
      vertex 37 -101.232 20
      vertex 37.1725 -101.317 14
      vertex 37.2346 -101.348 20
    endloop
  endfacet
  facet normal -0.446637 -0.894715 0
    outer loop
      vertex 37.2346 -101.348 10
      vertex 37.1725 -101.317 14
      vertex 37.1725 -101.317 10
    endloop
  endfacet
  facet normal -0.446637 -0.894715 0
    outer loop
      vertex 37.1725 -101.317 14
      vertex 37.2346 -101.348 10
      vertex 37.2346 -101.348 20
    endloop
  endfacet
  facet normal -0.946632 -0.322315 0
    outer loop
      vertex 36.1522 -100.265 14
      vertex 36.0681 -100.018 20
      vertex 36.0681 -100.018 14
    endloop
  endfacet
  facet normal -0.946632 -0.322315 0
    outer loop
      vertex 36.0681 -100.018 20
      vertex 36.1522 -100.265 14
      vertex 36.1522 -100.265 20
    endloop
  endfacet
  facet normal -1 0 0
    outer loop
      vertex 36 -99.5 14
      vertex 36 99.5 20
      vertex 36 99.5 14
    endloop
  endfacet
  facet normal -1 -0 0
    outer loop
      vertex 36 99.5 20
      vertex 36 -99.5 14
      vertex 36 -99.5 20
    endloop
  endfacet
  facet normal -0.0649716 0.997887 0
    outer loop
      vertex 38 101.5 10
      vertex 37.7389 101.483 20
      vertex 38 101.5 20
    endloop
  endfacet
  facet normal -0.0649716 0.997887 0
    outer loop
      vertex 37.7389 101.483 20
      vertex 38 101.5 10
      vertex 37.7389 101.483 10
    endloop
  endfacet
  facet normal 0.0649716 0.997887 -0
    outer loop
      vertex 38.2611 101.483 10
      vertex 38 101.5 20
      vertex 38.2611 101.483 20
    endloop
  endfacet
  facet normal 0.0649716 0.997887 0
    outer loop
      vertex 38 101.5 20
      vertex 38.2611 101.483 10
      vertex 38 101.5 10
    endloop
  endfacet
  facet normal 0.946632 -0.322315 0
    outer loop
      vertex 39.8478 -100.265 20
      vertex 39.9319 -100.018 10
      vertex 39.9319 -100.018 20
    endloop
  endfacet
  facet normal 0.946632 -0.322315 0
    outer loop
      vertex 39.9319 -100.018 10
      vertex 39.8478 -100.265 20
      vertex 39.8478 -100.265 10
    endloop
  endfacet
  facet normal 0.195013 -0.980801 0
    outer loop
      vertex 38.2611 -101.483 10
      vertex 38.5176 -101.432 20
      vertex 38.2611 -101.483 20
    endloop
  endfacet
  facet normal 0.195013 -0.980801 0
    outer loop
      vertex 38.5176 -101.432 20
      vertex 38.2611 -101.483 10
      vertex 38.5176 -101.432 10
    endloop
  endfacet
  facet normal -0.660421 0.750895 0
    outer loop
      vertex 36.7825 101.087 14
      vertex 36.5858 100.914 20
      vertex 36.7825 101.087 20
    endloop
  endfacet
  facet normal -0.660421 0.750895 0
    outer loop
      vertex 36.5858 100.914 20
      vertex 36.7825 101.087 14
      vertex 36.5858 100.914 14
    endloop
  endfacet
  facet normal -0.750676 0.660671 0
    outer loop
      vertex 36.4133 100.718 14
      vertex 36.5858 100.914 20
      vertex 36.5858 100.914 14
    endloop
  endfacet
  facet normal -0.750676 0.660671 0
    outer loop
      vertex 36.5858 100.914 20
      vertex 36.4133 100.718 14
      vertex 36.4133 100.718 20
    endloop
  endfacet
  facet normal 0.832109 0.554612 0
    outer loop
      vertex 39.732 100.5 20
      vertex 39.5867 100.718 10
      vertex 39.5867 100.718 20
    endloop
  endfacet
  facet normal 0.832109 0.554612 0
    outer loop
      vertex 39.5867 100.718 10
      vertex 39.732 100.5 20
      vertex 39.732 100.5 10
    endloop
  endfacet
  facet normal 0.750676 0.660671 0
    outer loop
      vertex 39.5867 100.718 20
      vertex 39.4142 100.914 10
      vertex 39.4142 100.914 20
    endloop
  endfacet
  facet normal 0.750676 0.660671 0
    outer loop
      vertex 39.4142 100.914 10
      vertex 39.5867 100.718 20
      vertex 39.5867 100.718 10
    endloop
  endfacet
  facet normal -0.5547 0.83205 0
    outer loop
      vertex 37 101.232 14
      vertex 36.7825 101.087 20
      vertex 37 101.232 20
    endloop
  endfacet
  facet normal -0.5547 0.83205 0
    outer loop
      vertex 36.7825 101.087 20
      vertex 37 101.232 14
      vertex 36.7825 101.087 14
    endloop
  endfacet
  facet normal 0.321039 0.947066 -0
    outer loop
      vertex 38.7654 101.348 10
      vertex 38.5176 101.432 20
      vertex 38.7654 101.348 20
    endloop
  endfacet
  facet normal 0.321039 0.947066 0
    outer loop
      vertex 38.5176 101.432 20
      vertex 38.7654 101.348 10
      vertex 38.5176 101.432 10
    endloop
  endfacet
  facet normal 0.980859 -0.194721 0
    outer loop
      vertex 39.9319 -100.018 20
      vertex 39.9829 -99.7611 10
      vertex 39.9829 -99.7611 20
    endloop
  endfacet
  facet normal 0.980859 -0.194721 0
    outer loop
      vertex 39.9829 -99.7611 10
      vertex 39.9319 -100.018 20
      vertex 39.9319 -100.018 10
    endloop
  endfacet
  facet normal -0.5547 -0.83205 0
    outer loop
      vertex 36.7825 -101.087 14
      vertex 37 -101.232 20
      vertex 36.7825 -101.087 20
    endloop
  endfacet
  facet normal -0.5547 -0.83205 -0
    outer loop
      vertex 37 -101.232 20
      vertex 36.7825 -101.087 14
      vertex 37 -101.232 14
    endloop
  endfacet
  facet normal 0.997862 -0.0653521 0
    outer loop
      vertex 39.9829 -99.7611 20
      vertex 40 -99.5 10
      vertex 40 -99.5 20
    endloop
  endfacet
  facet normal 0.997862 -0.0653521 0
    outer loop
      vertex 40 -99.5 10
      vertex 39.9829 -99.7611 20
      vertex 39.9829 -99.7611 10
    endloop
  endfacet
  facet normal 0.443235 0.896405 -0
    outer loop
      vertex 39 101.232 10
      vertex 38.7654 101.348 20
      vertex 39 101.232 20
    endloop
  endfacet
  facet normal 0.443235 0.896405 0
    outer loop
      vertex 38.7654 101.348 20
      vertex 39 101.232 10
      vertex 38.7654 101.348 10
    endloop
  endfacet
  facet normal 0.5547 -0.83205 0
    outer loop
      vertex 39 -101.232 10
      vertex 39.2175 -101.087 20
      vertex 39 -101.232 20
    endloop
  endfacet
  facet normal 0.5547 -0.83205 0
    outer loop
      vertex 39.2175 -101.087 20
      vertex 39 -101.232 10
      vertex 39.2175 -101.087 10
    endloop
  endfacet
  facet normal 0.946632 0.322315 0
    outer loop
      vertex 39.9319 100.018 20
      vertex 39.8478 100.265 10
      vertex 39.8478 100.265 20
    endloop
  endfacet
  facet normal 0.946632 0.322315 0
    outer loop
      vertex 39.8478 100.265 10
      vertex 39.9319 100.018 20
      vertex 39.9319 100.018 10
    endloop
  endfacet
  facet normal -0.321039 -0.947066 0
    outer loop
      vertex 37.2346 -101.348 10
      vertex 37.4824 -101.432 20
      vertex 37.2346 -101.348 20
    endloop
  endfacet
  facet normal -0.321039 -0.947066 -0
    outer loop
      vertex 37.4824 -101.432 20
      vertex 37.2346 -101.348 10
      vertex 37.4824 -101.432 10
    endloop
  endfacet
  facet normal -0.897159 -0.441708 0
    outer loop
      vertex 36.2679 -100.5 14
      vertex 36.1522 -100.265 20
      vertex 36.1522 -100.265 14
    endloop
  endfacet
  facet normal -0.897159 -0.441708 0
    outer loop
      vertex 36.1522 -100.265 20
      vertex 36.2679 -100.5 14
      vertex 36.2679 -100.5 20
    endloop
  endfacet
  facet normal -0.660421 -0.750895 0
    outer loop
      vertex 36.5858 -100.914 14
      vertex 36.7825 -101.087 20
      vertex 36.5858 -100.914 20
    endloop
  endfacet
  facet normal -0.660421 -0.750895 -0
    outer loop
      vertex 36.7825 -101.087 20
      vertex 36.5858 -100.914 14
      vertex 36.7825 -101.087 14
    endloop
  endfacet
  facet normal 0.660421 -0.750895 0
    outer loop
      vertex 39.2175 -101.087 10
      vertex 39.4142 -100.914 20
      vertex 39.2175 -101.087 20
    endloop
  endfacet
  facet normal 0.660421 -0.750895 0
    outer loop
      vertex 39.4142 -100.914 20
      vertex 39.2175 -101.087 10
      vertex 39.4142 -100.914 10
    endloop
  endfacet
  facet normal 0.897008 -0.442015 0
    outer loop
      vertex 39.732 -100.5 20
      vertex 39.8478 -100.265 10
      vertex 39.8478 -100.265 20
    endloop
  endfacet
  facet normal 0.897008 -0.442015 0
    outer loop
      vertex 39.8478 -100.265 10
      vertex 39.732 -100.5 20
      vertex 39.732 -100.5 10
    endloop
  endfacet
  facet normal 0.0649716 -0.997887 0
    outer loop
      vertex 38 -101.5 10
      vertex 38.2611 -101.483 20
      vertex 38 -101.5 20
    endloop
  endfacet
  facet normal 0.0649716 -0.997887 0
    outer loop
      vertex 38.2611 -101.483 20
      vertex 38 -101.5 10
      vertex 38.2611 -101.483 10
    endloop
  endfacet
  facet normal -0.831933 -0.554876 0
    outer loop
      vertex 36.4133 -100.718 14
      vertex 36.2679 -100.5 20
      vertex 36.2679 -100.5 14
    endloop
  endfacet
  facet normal -0.831933 -0.554876 0
    outer loop
      vertex 36.2679 -100.5 20
      vertex 36.4133 -100.718 14
      vertex 36.4133 -100.718 20
    endloop
  endfacet
  facet normal 0.443235 -0.896405 0
    outer loop
      vertex 38.7654 -101.348 10
      vertex 39 -101.232 20
      vertex 38.7654 -101.348 20
    endloop
  endfacet
  facet normal 0.443235 -0.896405 0
    outer loop
      vertex 39 -101.232 20
      vertex 38.7654 -101.348 10
      vertex 39 -101.232 10
    endloop
  endfacet
  facet normal 0.321039 -0.947066 0
    outer loop
      vertex 38.5176 -101.432 10
      vertex 38.7654 -101.348 20
      vertex 38.5176 -101.432 20
    endloop
  endfacet
  facet normal 0.321039 -0.947066 0
    outer loop
      vertex 38.7654 -101.348 20
      vertex 38.5176 -101.432 10
      vertex 38.7654 -101.348 10
    endloop
  endfacet
  facet normal 0.997862 0.0653521 0
    outer loop
      vertex 40 99.5 20
      vertex 39.9829 99.7611 10
      vertex 39.9829 99.7611 20
    endloop
  endfacet
  facet normal 0.997862 0.0653521 0
    outer loop
      vertex 39.9829 99.7611 10
      vertex 40 99.5 20
      vertex 40 99.5 10
    endloop
  endfacet
  facet normal -0.997862 0.0653521 0
    outer loop
      vertex 36 99.5 14
      vertex 36.0171 99.7611 20
      vertex 36.0171 99.7611 14
    endloop
  endfacet
  facet normal -0.997862 0.0653521 0
    outer loop
      vertex 36.0171 99.7611 20
      vertex 36 99.5 14
      vertex 36 99.5 20
    endloop
  endfacet
  facet normal 0.897008 0.442015 0
    outer loop
      vertex 39.8478 100.265 20
      vertex 39.732 100.5 10
      vertex 39.732 100.5 20
    endloop
  endfacet
  facet normal 0.897008 0.442015 0
    outer loop
      vertex 39.732 100.5 10
      vertex 39.8478 100.265 20
      vertex 39.8478 100.265 10
    endloop
  endfacet
  facet normal 0.195013 0.980801 -0
    outer loop
      vertex 38.5176 101.432 10
      vertex 38.2611 101.483 20
      vertex 38.5176 101.432 20
    endloop
  endfacet
  facet normal 0.195013 0.980801 0
    outer loop
      vertex 38.2611 101.483 20
      vertex 38.5176 101.432 10
      vertex 38.2611 101.483 10
    endloop
  endfacet
  facet normal 0.980859 0.194721 0
    outer loop
      vertex 39.9829 99.7611 20
      vertex 39.9319 100.018 10
      vertex 39.9319 100.018 20
    endloop
  endfacet
  facet normal 0.980859 0.194721 0
    outer loop
      vertex 39.9319 100.018 10
      vertex 39.9829 99.7611 20
      vertex 39.9829 99.7611 10
    endloop
  endfacet
  facet normal -0.997862 -0.0653521 0
    outer loop
      vertex 36.0171 -99.7611 14
      vertex 36 -99.5 20
      vertex 36 -99.5 14
    endloop
  endfacet
  facet normal -0.997862 -0.0653521 0
    outer loop
      vertex 36 -99.5 20
      vertex 36.0171 -99.7611 14
      vertex 36.0171 -99.7611 20
    endloop
  endfacet
  facet normal -0.980859 -0.194721 0
    outer loop
      vertex 36.0681 -100.018 14
      vertex 36.0171 -99.7611 20
      vertex 36.0171 -99.7611 14
    endloop
  endfacet
  facet normal -0.980859 -0.194721 0
    outer loop
      vertex 36.0171 -99.7611 20
      vertex 36.0681 -100.018 14
      vertex 36.0681 -100.018 20
    endloop
  endfacet
  facet normal -0.946632 0.322315 0
    outer loop
      vertex 36.0681 100.018 14
      vertex 36.1522 100.265 20
      vertex 36.1522 100.265 14
    endloop
  endfacet
  facet normal -0.946632 0.322315 0
    outer loop
      vertex 36.1522 100.265 20
      vertex 36.0681 100.018 14
      vertex 36.0681 100.018 20
    endloop
  endfacet
  facet normal -0.195013 0.980801 0
    outer loop
      vertex 37.7389 101.483 10
      vertex 37.4824 101.432 20
      vertex 37.7389 101.483 20
    endloop
  endfacet
  facet normal -0.195013 0.980801 0
    outer loop
      vertex 37.4824 101.432 20
      vertex 37.7389 101.483 10
      vertex 37.4824 101.432 10
    endloop
  endfacet
  facet normal -0.980859 0.194721 0
    outer loop
      vertex 36.0171 99.7611 14
      vertex 36.0681 100.018 20
      vertex 36.0681 100.018 14
    endloop
  endfacet
  facet normal -0.980859 0.194721 0
    outer loop
      vertex 36.0681 100.018 20
      vertex 36.0171 99.7611 14
      vertex 36.0171 99.7611 20
    endloop
  endfacet
  facet normal -0.897159 0.441708 0
    outer loop
      vertex 36.1522 100.265 14
      vertex 36.2679 100.5 20
      vertex 36.2679 100.5 14
    endloop
  endfacet
  facet normal -0.897159 0.441708 0
    outer loop
      vertex 36.2679 100.5 20
      vertex 36.1522 100.265 14
      vertex 36.1522 100.265 20
    endloop
  endfacet
  facet normal -0.443235 0.896405 -4.39414e-05
    outer loop
      vertex 37.2346 101.348 20
      vertex 37.1725 101.317 14
      vertex 37 101.232 20
    endloop
  endfacet
  facet normal -0.446637 0.894715 0
    outer loop
      vertex 37.2346 101.348 10
      vertex 37.1725 101.317 14
      vertex 37.2346 101.348 20
    endloop
  endfacet
  facet normal -0.446637 0.894715 0
    outer loop
      vertex 37.1725 101.317 14
      vertex 37.2346 101.348 10
      vertex 37.1725 101.317 10
    endloop
  endfacet
  facet normal -0.442006 0.897012 0
    outer loop
      vertex 37 101.232 20
      vertex 37.1725 101.317 14
      vertex 37 101.232 14
    endloop
  endfacet
  facet normal -0.831933 0.554876 0
    outer loop
      vertex 36.2679 100.5 14
      vertex 36.4133 100.718 20
      vertex 36.4133 100.718 14
    endloop
  endfacet
  facet normal -0.831933 0.554876 0
    outer loop
      vertex 36.4133 100.718 20
      vertex 36.2679 100.5 14
      vertex 36.2679 100.5 20
    endloop
  endfacet
  facet normal 0 0 1
    outer loop
      vertex 36 99.5 20
      vertex 40 99.5 20
      vertex 39.9829 99.7611 20
    endloop
  endfacet
  facet normal 0 0 1
    outer loop
      vertex 40 99.5 20
      vertex 36 99.5 20
      vertex 40 -99.5 20
    endloop
  endfacet
  facet normal 0 0 1
    outer loop
      vertex 36 99.5 20
      vertex 39.9829 99.7611 20
      vertex 39.9319 100.018 20
    endloop
  endfacet
  facet normal 0 0 1
    outer loop
      vertex 36 -99.5 20
      vertex 40 -99.5 20
      vertex 36 99.5 20
    endloop
  endfacet
  facet normal 0 0 1
    outer loop
      vertex 36 99.5 20
      vertex 39.9319 100.018 20
      vertex 39.8478 100.265 20
    endloop
  endfacet
  facet normal 0 0 1
    outer loop
      vertex 40 -99.5 20
      vertex 36 -99.5 20
      vertex 39.9829 -99.7611 20
    endloop
  endfacet
  facet normal 0 0 1
    outer loop
      vertex 36 99.5 20
      vertex 39.8478 100.265 20
      vertex 39.732 100.5 20
    endloop
  endfacet
  facet normal 0 0 1
    outer loop
      vertex 39.9829 -99.7611 20
      vertex 36 -99.5 20
      vertex 39.9319 -100.018 20
    endloop
  endfacet
  facet normal 0 0 1
    outer loop
      vertex 36 99.5 20
      vertex 39.732 100.5 20
      vertex 39.5867 100.718 20
    endloop
  endfacet
  facet normal 0 0 1
    outer loop
      vertex 39.9319 -100.018 20
      vertex 36 -99.5 20
      vertex 39.8478 -100.265 20
    endloop
  endfacet
  facet normal 0 0 1
    outer loop
      vertex 36 99.5 20
      vertex 39.5867 100.718 20
      vertex 39.4142 100.914 20
    endloop
  endfacet
  facet normal 0 0 1
    outer loop
      vertex 39.8478 -100.265 20
      vertex 36 -99.5 20
      vertex 39.732 -100.5 20
    endloop
  endfacet
  facet normal 0 0 1
    outer loop
      vertex 36 99.5 20
      vertex 39.4142 100.914 20
      vertex 39.2175 101.087 20
    endloop
  endfacet
  facet normal 0 0 1
    outer loop
      vertex 39.732 -100.5 20
      vertex 36 -99.5 20
      vertex 39.5867 -100.718 20
    endloop
  endfacet
  facet normal 0 0 1
    outer loop
      vertex 36 99.5 20
      vertex 39.2175 101.087 20
      vertex 39 101.232 20
    endloop
  endfacet
  facet normal 0 0 1
    outer loop
      vertex 39.5867 -100.718 20
      vertex 36 -99.5 20
      vertex 39.4142 -100.914 20
    endloop
  endfacet
  facet normal 0 0 1
    outer loop
      vertex 36 99.5 20
      vertex 39 101.232 20
      vertex 38.7654 101.348 20
    endloop
  endfacet
  facet normal 0 0 1
    outer loop
      vertex 39.4142 -100.914 20
      vertex 36 -99.5 20
      vertex 39.2175 -101.087 20
    endloop
  endfacet
  facet normal 0 0 1
    outer loop
      vertex 36 99.5 20
      vertex 38.7654 101.348 20
      vertex 38.5176 101.432 20
    endloop
  endfacet
  facet normal 0 0 1
    outer loop
      vertex 39.2175 -101.087 20
      vertex 36 -99.5 20
      vertex 39 -101.232 20
    endloop
  endfacet
  facet normal 0 0 1
    outer loop
      vertex 36 99.5 20
      vertex 38.5176 101.432 20
      vertex 38.2611 101.483 20
    endloop
  endfacet
  facet normal 0 0 1
    outer loop
      vertex 39 -101.232 20
      vertex 36 -99.5 20
      vertex 38.7654 -101.348 20
    endloop
  endfacet
  facet normal 0 0 1
    outer loop
      vertex 36 99.5 20
      vertex 38.2611 101.483 20
      vertex 38 101.5 20
    endloop
  endfacet
  facet normal 0 0 1
    outer loop
      vertex 38.7654 -101.348 20
      vertex 36 -99.5 20
      vertex 38.5176 -101.432 20
    endloop
  endfacet
  facet normal 0 0 1
    outer loop
      vertex 36 99.5 20
      vertex 38 101.5 20
      vertex 37.7389 101.483 20
    endloop
  endfacet
  facet normal 0 0 1
    outer loop
      vertex 38.5176 -101.432 20
      vertex 36 -99.5 20
      vertex 38.2611 -101.483 20
    endloop
  endfacet
  facet normal 0 0 1
    outer loop
      vertex 36 99.5 20
      vertex 37.7389 101.483 20
      vertex 37.4824 101.432 20
    endloop
  endfacet
  facet normal 0 0 1
    outer loop
      vertex 38.2611 -101.483 20
      vertex 36 -99.5 20
      vertex 38 -101.5 20
    endloop
  endfacet
  facet normal 0 0 1
    outer loop
      vertex 36 99.5 20
      vertex 37.4824 101.432 20
      vertex 37.2346 101.348 20
    endloop
  endfacet
  facet normal 0 0 1
    outer loop
      vertex 38 -101.5 20
      vertex 36 -99.5 20
      vertex 37.7389 -101.483 20
    endloop
  endfacet
  facet normal 0 0 1
    outer loop
      vertex 36 99.5 20
      vertex 37.2346 101.348 20
      vertex 37 101.232 20
    endloop
  endfacet
  facet normal 0 0 1
    outer loop
      vertex 37.7389 -101.483 20
      vertex 36 -99.5 20
      vertex 37.4824 -101.432 20
    endloop
  endfacet
  facet normal 0 0 1
    outer loop
      vertex 36 99.5 20
      vertex 37 101.232 20
      vertex 36.7825 101.087 20
    endloop
  endfacet
  facet normal 0 0 1
    outer loop
      vertex 37.4824 -101.432 20
      vertex 36 -99.5 20
      vertex 37.2346 -101.348 20
    endloop
  endfacet
  facet normal 0 0 1
    outer loop
      vertex 36 99.5 20
      vertex 36.7825 101.087 20
      vertex 36.5858 100.914 20
    endloop
  endfacet
  facet normal 0 0 1
    outer loop
      vertex 37.2346 -101.348 20
      vertex 36 -99.5 20
      vertex 37 -101.232 20
    endloop
  endfacet
  facet normal 0 0 1
    outer loop
      vertex 36 99.5 20
      vertex 36.5858 100.914 20
      vertex 36.4133 100.718 20
    endloop
  endfacet
  facet normal 0 0 1
    outer loop
      vertex 37 -101.232 20
      vertex 36 -99.5 20
      vertex 36.7825 -101.087 20
    endloop
  endfacet
  facet normal 0 0 1
    outer loop
      vertex 36 99.5 20
      vertex 36.4133 100.718 20
      vertex 36.2679 100.5 20
    endloop
  endfacet
  facet normal 0 0 1
    outer loop
      vertex 36.7825 -101.087 20
      vertex 36 -99.5 20
      vertex 36.5858 -100.914 20
    endloop
  endfacet
  facet normal 0 0 1
    outer loop
      vertex 36 99.5 20
      vertex 36.2679 100.5 20
      vertex 36.1522 100.265 20
    endloop
  endfacet
  facet normal 0 0 1
    outer loop
      vertex 36.5858 -100.914 20
      vertex 36 -99.5 20
      vertex 36.4133 -100.718 20
    endloop
  endfacet
  facet normal 0 0 1
    outer loop
      vertex 36 99.5 20
      vertex 36.1522 100.265 20
      vertex 36.0681 100.018 20
    endloop
  endfacet
  facet normal 0 0 1
    outer loop
      vertex 36.4133 -100.718 20
      vertex 36 -99.5 20
      vertex 36.2679 -100.5 20
    endloop
  endfacet
  facet normal 0 0 1
    outer loop
      vertex 36 99.5 20
      vertex 36.0681 100.018 20
      vertex 36.0171 99.7611 20
    endloop
  endfacet
  facet normal 0 0 1
    outer loop
      vertex 36.2679 -100.5 20
      vertex 36 -99.5 20
      vertex 36.1522 -100.265 20
    endloop
  endfacet
  facet normal 0 0 1
    outer loop
      vertex 36.1522 -100.265 20
      vertex 36 -99.5 20
      vertex 36.0681 -100.018 20
    endloop
  endfacet
  facet normal 0 0 1
    outer loop
      vertex 36.0681 -100.018 20
      vertex 36 -99.5 20
      vertex 36.0171 -99.7611 20
    endloop
  endfacet
  facet normal 0.750676 -0.660671 0
    outer loop
      vertex 39.4142 -100.914 20
      vertex 39.5867 -100.718 10
      vertex 39.5867 -100.718 20
    endloop
  endfacet
  facet normal 0.750676 -0.660671 0
    outer loop
      vertex 39.5867 -100.718 10
      vertex 39.4142 -100.914 20
      vertex 39.4142 -100.914 10
    endloop
  endfacet
  facet normal -0.321039 0.947066 0
    outer loop
      vertex 37.4824 101.432 10
      vertex 37.2346 101.348 20
      vertex 37.4824 101.432 20
    endloop
  endfacet
  facet normal -0.321039 0.947066 0
    outer loop
      vertex 37.2346 101.348 20
      vertex 37.4824 101.432 10
      vertex 37.2346 101.348 10
    endloop
  endfacet
  facet normal -0.195013 -0.980801 0
    outer loop
      vertex 37.4824 -101.432 10
      vertex 37.7389 -101.483 20
      vertex 37.4824 -101.432 20
    endloop
  endfacet
  facet normal -0.195013 -0.980801 -0
    outer loop
      vertex 37.7389 -101.483 20
      vertex 37.4824 -101.432 10
      vertex 37.7389 -101.483 10
    endloop
  endfacet
  facet normal -0.0649716 -0.997887 0
    outer loop
      vertex 37.7389 -101.483 10
      vertex 38 -101.5 20
      vertex 37.7389 -101.483 20
    endloop
  endfacet
  facet normal -0.0649716 -0.997887 -0
    outer loop
      vertex 38 -101.5 20
      vertex 37.7389 -101.483 10
      vertex 38 -101.5 10
    endloop
  endfacet
  facet normal 0.832109 -0.554612 0
    outer loop
      vertex 39.5867 -100.718 20
      vertex 39.732 -100.5 10
      vertex 39.732 -100.5 20
    endloop
  endfacet
  facet normal 0.832109 -0.554612 0
    outer loop
      vertex 39.732 -100.5 10
      vertex 39.5867 -100.718 20
      vertex 39.5867 -100.718 10
    endloop
  endfacet
  facet normal 0.660421 0.750895 -0
    outer loop
      vertex 39.4142 100.914 10
      vertex 39.2175 101.087 20
      vertex 39.4142 100.914 20
    endloop
  endfacet
  facet normal 0.660421 0.750895 0
    outer loop
      vertex 39.2175 101.087 20
      vertex 39.4142 100.914 10
      vertex 39.2175 101.087 10
    endloop
  endfacet
  facet normal 0.5547 0.83205 -0
    outer loop
      vertex 39.2175 101.087 10
      vertex 39 101.232 20
      vertex 39.2175 101.087 20
    endloop
  endfacet
  facet normal 0.5547 0.83205 0
    outer loop
      vertex 39 101.232 20
      vertex 39.2175 101.087 10
      vertex 39 101.232 10
    endloop
  endfacet
  facet normal 1 0 0
    outer loop
      vertex 4 81.5 30
      vertex 4 61.7 22
      vertex 4 81.5 14
    endloop
  endfacet
  facet normal 1 0 0
    outer loop
      vertex 4 81.5 30
      vertex 4 61.6855 22.2219
      vertex 4 61.7 22
    endloop
  endfacet
  facet normal 1 0 0
    outer loop
      vertex 4 81.5 30
      vertex 4 61.6421 22.44
      vertex 4 61.6855 22.2219
    endloop
  endfacet
  facet normal 1 0 0
    outer loop
      vertex 4 81.5 30
      vertex 4 61.5706 22.6506
      vertex 4 61.6421 22.44
    endloop
  endfacet
  facet normal 1 0 0
    outer loop
      vertex 4 81.5 30
      vertex 4 61.4722 22.85
      vertex 4 61.5706 22.6506
    endloop
  endfacet
  facet normal 1 0 0
    outer loop
      vertex 4 81.5 30
      vertex 4 61.3487 23.0349
      vertex 4 61.4722 22.85
    endloop
  endfacet
  facet normal 1 0 0
    outer loop
      vertex 4 81.5 30
      vertex 4 61.2021 23.2021
      vertex 4 61.3487 23.0349
    endloop
  endfacet
  facet normal 1 0 0
    outer loop
      vertex 4 81.5 30
      vertex 4 61.0349 23.3487
      vertex 4 61.2021 23.2021
    endloop
  endfacet
  facet normal 1 0 0
    outer loop
      vertex 4 81.5 30
      vertex 4 60.85 23.4722
      vertex 4 61.0349 23.3487
    endloop
  endfacet
  facet normal 1 0 0
    outer loop
      vertex 4 81.5 30
      vertex 4 60.6506 23.5706
      vertex 4 60.85 23.4722
    endloop
  endfacet
  facet normal 1 0 0
    outer loop
      vertex 4 81.5 30
      vertex 4 60.44 23.6421
      vertex 4 60.6506 23.5706
    endloop
  endfacet
  facet normal 1 0 0
    outer loop
      vertex 4 81.5 30
      vertex 4 60.2219 23.6855
      vertex 4 60.44 23.6421
    endloop
  endfacet
  facet normal 1 0 0
    outer loop
      vertex 4 81.5 30
      vertex 4 60 23.7
      vertex 4 60.2219 23.6855
    endloop
  endfacet
  facet normal 1 0 0
    outer loop
      vertex 4 81.5 30
      vertex 4 59.7781 23.6855
      vertex 4 60 23.7
    endloop
  endfacet
  facet normal 1 0 0
    outer loop
      vertex 4 81.5 30
      vertex 4 59.56 23.6421
      vertex 4 59.7781 23.6855
    endloop
  endfacet
  facet normal 1 0 0
    outer loop
      vertex 4 58.3145 22.2219
      vertex 4 1.7 22
      vertex 4 58.3 22
    endloop
  endfacet
  facet normal 1 0 0
    outer loop
      vertex 4 1.68546 22.2219
      vertex 4 58.3145 22.2219
      vertex 4 58.3579 22.44
    endloop
  endfacet
  facet normal 1 0 0
    outer loop
      vertex 4 1.64207 22.44
      vertex 4 58.3579 22.44
      vertex 4 58.4294 22.6506
    endloop
  endfacet
  facet normal 1 0 0
    outer loop
      vertex 4 1.57059 22.6506
      vertex 4 58.4294 22.6506
      vertex 4 58.5278 22.85
    endloop
  endfacet
  facet normal 1 0 0
    outer loop
      vertex 4 1.47224 22.85
      vertex 4 58.5278 22.85
      vertex 4 58.6513 23.0349
    endloop
  endfacet
  facet normal 1 0 0
    outer loop
      vertex 4 1.3487 23.0349
      vertex 4 58.6513 23.0349
      vertex 4 58.7979 23.2021
    endloop
  endfacet
  facet normal 1 0 0
    outer loop
      vertex 4 1.20208 23.2021
      vertex 4 58.7979 23.2021
      vertex 4 58.9651 23.3487
    endloop
  endfacet
  facet normal 1 0 0
    outer loop
      vertex 4 1.03489 23.3487
      vertex 4 58.9651 23.3487
      vertex 4 59.15 23.4722
    endloop
  endfacet
  facet normal 1 0 0
    outer loop
      vertex 4 0.849999 23.4722
      vertex 4 59.15 23.4722
      vertex 4 59.3494 23.5706
    endloop
  endfacet
  facet normal 1 0 0
    outer loop
      vertex 4 0.650561 23.5706
      vertex 4 59.3494 23.5706
      vertex 4 59.56 23.6421
    endloop
  endfacet
  facet normal 1 0 0
    outer loop
      vertex 4 0.439992 23.6421
      vertex 4 59.56 23.6421
      vertex 4 81.5 30
    endloop
  endfacet
  facet normal 1 0 0
    outer loop
      vertex 4 58.3145 22.2219
      vertex 4 1.68546 22.2219
      vertex 4 1.7 22
    endloop
  endfacet
  facet normal 1 0 0
    outer loop
      vertex 4 58.3579 22.44
      vertex 4 1.64207 22.44
      vertex 4 1.68546 22.2219
    endloop
  endfacet
  facet normal 1 0 0
    outer loop
      vertex 4 58.4294 22.6506
      vertex 4 1.57059 22.6506
      vertex 4 1.64207 22.44
    endloop
  endfacet
  facet normal 1 0 0
    outer loop
      vertex 4 58.5278 22.85
      vertex 4 1.47224 22.85
      vertex 4 1.57059 22.6506
    endloop
  endfacet
  facet normal 1 0 0
    outer loop
      vertex 4 58.6513 23.0349
      vertex 4 1.3487 23.0349
      vertex 4 1.47224 22.85
    endloop
  endfacet
  facet normal 1 0 0
    outer loop
      vertex 4 58.7979 23.2021
      vertex 4 1.20208 23.2021
      vertex 4 1.3487 23.0349
    endloop
  endfacet
  facet normal 1 0 0
    outer loop
      vertex 4 58.9651 23.3487
      vertex 4 1.03489 23.3487
      vertex 4 1.20208 23.2021
    endloop
  endfacet
  facet normal 1 0 0
    outer loop
      vertex 4 59.15 23.4722
      vertex 4 0.849999 23.4722
      vertex 4 1.03489 23.3487
    endloop
  endfacet
  facet normal 1 0 0
    outer loop
      vertex 4 59.3494 23.5706
      vertex 4 0.650561 23.5706
      vertex 4 0.849999 23.4722
    endloop
  endfacet
  facet normal 1 0 0
    outer loop
      vertex 4 59.56 23.6421
      vertex 4 0.439992 23.6421
      vertex 4 0.650561 23.5706
    endloop
  endfacet
  facet normal 1 0 0
    outer loop
      vertex 4 81.5 30
      vertex 4 0.221894 23.6855
      vertex 4 0.439992 23.6421
    endloop
  endfacet
  facet normal 1 0 0
    outer loop
      vertex 4 81.5 30
      vertex 4 0 23.7
      vertex 4 0.221894 23.6855
    endloop
  endfacet
  facet normal 1 -0 0
    outer loop
      vertex 4 -81.5 30
      vertex 4 0 23.7
      vertex 4 81.5 30
    endloop
  endfacet
  facet normal 1 0 0
    outer loop
      vertex 4 -1.68546 22.2219
      vertex 4 -58.3 22
      vertex 4 -1.7 22
    endloop
  endfacet
  facet normal 1 0 0
    outer loop
      vertex 4 -58.3145 22.2219
      vertex 4 -1.68546 22.2219
      vertex 4 -1.64207 22.44
    endloop
  endfacet
  facet normal 1 0 0
    outer loop
      vertex 4 -58.3579 22.44
      vertex 4 -1.64207 22.44
      vertex 4 -1.57059 22.6506
    endloop
  endfacet
  facet normal 1 0 0
    outer loop
      vertex 4 -58.4294 22.6506
      vertex 4 -1.57059 22.6506
      vertex 4 -1.47224 22.85
    endloop
  endfacet
  facet normal 1 0 0
    outer loop
      vertex 4 -58.5278 22.85
      vertex 4 -1.47224 22.85
      vertex 4 -1.3487 23.0349
    endloop
  endfacet
  facet normal 1 0 0
    outer loop
      vertex 4 -58.6513 23.0349
      vertex 4 -1.3487 23.0349
      vertex 4 -1.20208 23.2021
    endloop
  endfacet
  facet normal 1 0 0
    outer loop
      vertex 4 -58.7979 23.2021
      vertex 4 -1.20208 23.2021
      vertex 4 -1.03489 23.3487
    endloop
  endfacet
  facet normal 1 0 0
    outer loop
      vertex 4 -58.9651 23.3487
      vertex 4 -1.03489 23.3487
      vertex 4 -0.849999 23.4722
    endloop
  endfacet
  facet normal 1 0 0
    outer loop
      vertex 4 -59.15 23.4722
      vertex 4 -0.849999 23.4722
      vertex 4 -0.650561 23.5706
    endloop
  endfacet
  facet normal 1 0 0
    outer loop
      vertex 4 -59.3494 23.5706
      vertex 4 -0.650561 23.5706
      vertex 4 -0.439992 23.6421
    endloop
  endfacet
  facet normal 1 0 0
    outer loop
      vertex 4 -59.56 23.6421
      vertex 4 -0.439992 23.6421
      vertex 4 -0.221894 23.6855
    endloop
  endfacet
  facet normal 1 0 0
    outer loop
      vertex 4 0 23.7
      vertex 4 -81.5 30
      vertex 4 -0.221894 23.6855
    endloop
  endfacet
  facet normal 1 0 0
    outer loop
      vertex 4 -1.68546 22.2219
      vertex 4 -58.3145 22.2219
      vertex 4 -58.3 22
    endloop
  endfacet
  facet normal 1 0 0
    outer loop
      vertex 4 -1.64207 22.44
      vertex 4 -58.3579 22.44
      vertex 4 -58.3145 22.2219
    endloop
  endfacet
  facet normal 1 0 0
    outer loop
      vertex 4 -1.57059 22.6506
      vertex 4 -58.4294 22.6506
      vertex 4 -58.3579 22.44
    endloop
  endfacet
  facet normal 1 0 0
    outer loop
      vertex 4 -1.47224 22.85
      vertex 4 -58.5278 22.85
      vertex 4 -58.4294 22.6506
    endloop
  endfacet
  facet normal 1 0 0
    outer loop
      vertex 4 -1.3487 23.0349
      vertex 4 -58.6513 23.0349
      vertex 4 -58.5278 22.85
    endloop
  endfacet
  facet normal 1 0 0
    outer loop
      vertex 4 -1.20208 23.2021
      vertex 4 -58.7979 23.2021
      vertex 4 -58.6513 23.0349
    endloop
  endfacet
  facet normal 1 0 0
    outer loop
      vertex 4 -1.03489 23.3487
      vertex 4 -58.9651 23.3487
      vertex 4 -58.7979 23.2021
    endloop
  endfacet
  facet normal 1 0 0
    outer loop
      vertex 4 -0.849999 23.4722
      vertex 4 -59.15 23.4722
      vertex 4 -58.9651 23.3487
    endloop
  endfacet
  facet normal 1 0 0
    outer loop
      vertex 4 -0.650561 23.5706
      vertex 4 -59.3494 23.5706
      vertex 4 -59.15 23.4722
    endloop
  endfacet
  facet normal 1 0 0
    outer loop
      vertex 4 -0.439992 23.6421
      vertex 4 -59.56 23.6421
      vertex 4 -59.3494 23.5706
    endloop
  endfacet
  facet normal 1 0 0
    outer loop
      vertex 4 -0.221894 23.6855
      vertex 4 -81.5 30
      vertex 4 -59.56 23.6421
    endloop
  endfacet
  facet normal 1 0 0
    outer loop
      vertex 4 -59.56 23.6421
      vertex 4 -81.5 30
      vertex 4 -59.7781 23.6855
    endloop
  endfacet
  facet normal 1 0 0
    outer loop
      vertex 4 -61.6855 22.2219
      vertex 4 -81.5 30
      vertex 4 -61.7 22
    endloop
  endfacet
  facet normal 1 0 0
    outer loop
      vertex 4 -61.6421 22.44
      vertex 4 -81.5 30
      vertex 4 -61.6855 22.2219
    endloop
  endfacet
  facet normal 1 0 0
    outer loop
      vertex 4 -61.5706 22.6506
      vertex 4 -81.5 30
      vertex 4 -61.6421 22.44
    endloop
  endfacet
  facet normal 1 0 0
    outer loop
      vertex 4 -61.4722 22.85
      vertex 4 -81.5 30
      vertex 4 -61.5706 22.6506
    endloop
  endfacet
  facet normal 1 0 0
    outer loop
      vertex 4 -61.3487 23.0349
      vertex 4 -81.5 30
      vertex 4 -61.4722 22.85
    endloop
  endfacet
  facet normal 1 0 0
    outer loop
      vertex 4 -61.2021 23.2021
      vertex 4 -81.5 30
      vertex 4 -61.3487 23.0349
    endloop
  endfacet
  facet normal 1 0 0
    outer loop
      vertex 4 -61.0349 23.3487
      vertex 4 -81.5 30
      vertex 4 -61.2021 23.2021
    endloop
  endfacet
  facet normal 1 0 0
    outer loop
      vertex 4 -60.85 23.4722
      vertex 4 -81.5 30
      vertex 4 -61.0349 23.3487
    endloop
  endfacet
  facet normal 1 0 0
    outer loop
      vertex 4 -60.6506 23.5706
      vertex 4 -81.5 30
      vertex 4 -60.85 23.4722
    endloop
  endfacet
  facet normal 1 0 0
    outer loop
      vertex 4 -60.44 23.6421
      vertex 4 -81.5 30
      vertex 4 -60.6506 23.5706
    endloop
  endfacet
  facet normal 1 0 0
    outer loop
      vertex 4 -60.2219 23.6855
      vertex 4 -81.5 30
      vertex 4 -60.44 23.6421
    endloop
  endfacet
  facet normal 1 0 0
    outer loop
      vertex 4 -60 23.7
      vertex 4 -81.5 30
      vertex 4 -60.2219 23.6855
    endloop
  endfacet
  facet normal 1 0 0
    outer loop
      vertex 4 -59.7781 23.6855
      vertex 4 -81.5 30
      vertex 4 -60 23.7
    endloop
  endfacet
  facet normal 1 -0 0
    outer loop
      vertex 4 61.6855 21.7781
      vertex 4 81.5 14
      vertex 4 61.7 22
    endloop
  endfacet
  facet normal 1 -0 0
    outer loop
      vertex 4 61.6421 21.56
      vertex 4 81.5 14
      vertex 4 61.6855 21.7781
    endloop
  endfacet
  facet normal 1 -0 0
    outer loop
      vertex 4 61.5706 21.3494
      vertex 4 81.5 14
      vertex 4 61.6421 21.56
    endloop
  endfacet
  facet normal 1 -0 0
    outer loop
      vertex 4 61.4722 21.15
      vertex 4 81.5 14
      vertex 4 61.5706 21.3494
    endloop
  endfacet
  facet normal 1 -0 0
    outer loop
      vertex 4 61.3487 20.9651
      vertex 4 81.5 14
      vertex 4 61.4722 21.15
    endloop
  endfacet
  facet normal 1 -0 0
    outer loop
      vertex 4 61.2021 20.7979
      vertex 4 81.5 14
      vertex 4 61.3487 20.9651
    endloop
  endfacet
  facet normal 1 -0 0
    outer loop
      vertex 4 61.0349 20.6513
      vertex 4 81.5 14
      vertex 4 61.2021 20.7979
    endloop
  endfacet
  facet normal 1 -0 0
    outer loop
      vertex 4 60.85 20.5278
      vertex 4 81.5 14
      vertex 4 61.0349 20.6513
    endloop
  endfacet
  facet normal 1 -0 0
    outer loop
      vertex 4 60.6506 20.4294
      vertex 4 81.5 14
      vertex 4 60.85 20.5278
    endloop
  endfacet
  facet normal 1 -0 0
    outer loop
      vertex 4 60.44 20.3579
      vertex 4 81.5 14
      vertex 4 60.6506 20.4294
    endloop
  endfacet
  facet normal 1 -0 0
    outer loop
      vertex 4 60.2219 20.3145
      vertex 4 81.5 14
      vertex 4 60.44 20.3579
    endloop
  endfacet
  facet normal 1 -0 0
    outer loop
      vertex 4 60 20.3
      vertex 4 81.5 14
      vertex 4 60.2219 20.3145
    endloop
  endfacet
  facet normal 1 0 0
    outer loop
      vertex 4 59.7781 20.3145
      vertex 4 81.5 14
      vertex 4 60 20.3
    endloop
  endfacet
  facet normal 1 0 0
    outer loop
      vertex 4 59.56 20.3579
      vertex 4 81.5 14
      vertex 4 59.7781 20.3145
    endloop
  endfacet
  facet normal 1 -0 0
    outer loop
      vertex 4 1.7 22
      vertex 4 58.3145 21.7781
      vertex 4 58.3 22
    endloop
  endfacet
  facet normal 1 0 0
    outer loop
      vertex 4 1.68546 21.7781
      vertex 4 58.3145 21.7781
      vertex 4 1.7 22
    endloop
  endfacet
  facet normal 1 0 0
    outer loop
      vertex 4 58.3145 21.7781
      vertex 4 1.68546 21.7781
      vertex 4 58.3579 21.56
    endloop
  endfacet
  facet normal 1 0 0
    outer loop
      vertex 4 1.64207 21.56
      vertex 4 58.3579 21.56
      vertex 4 1.68546 21.7781
    endloop
  endfacet
  facet normal 1 0 0
    outer loop
      vertex 4 58.3579 21.56
      vertex 4 1.64207 21.56
      vertex 4 58.4294 21.3494
    endloop
  endfacet
  facet normal 1 0 0
    outer loop
      vertex 4 1.57059 21.3494
      vertex 4 58.4294 21.3494
      vertex 4 1.64207 21.56
    endloop
  endfacet
  facet normal 1 0 0
    outer loop
      vertex 4 58.4294 21.3494
      vertex 4 1.57059 21.3494
      vertex 4 58.5278 21.15
    endloop
  endfacet
  facet normal 1 0 0
    outer loop
      vertex 4 1.47224 21.15
      vertex 4 58.5278 21.15
      vertex 4 1.57059 21.3494
    endloop
  endfacet
  facet normal 1 0 0
    outer loop
      vertex 4 58.5278 21.15
      vertex 4 1.47224 21.15
      vertex 4 58.6513 20.9651
    endloop
  endfacet
  facet normal 1 0 0
    outer loop
      vertex 4 1.3487 20.9651
      vertex 4 58.6513 20.9651
      vertex 4 1.47224 21.15
    endloop
  endfacet
  facet normal 1 0 0
    outer loop
      vertex 4 58.6513 20.9651
      vertex 4 1.3487 20.9651
      vertex 4 58.7979 20.7979
    endloop
  endfacet
  facet normal 1 0 0
    outer loop
      vertex 4 1.20208 20.7979
      vertex 4 58.7979 20.7979
      vertex 4 1.3487 20.9651
    endloop
  endfacet
  facet normal 1 0 0
    outer loop
      vertex 4 58.7979 20.7979
      vertex 4 1.20208 20.7979
      vertex 4 58.9651 20.6513
    endloop
  endfacet
  facet normal 1 0 0
    outer loop
      vertex 4 1.03489 20.6513
      vertex 4 58.9651 20.6513
      vertex 4 1.20208 20.7979
    endloop
  endfacet
  facet normal 1 0 0
    outer loop
      vertex 4 58.9651 20.6513
      vertex 4 1.03489 20.6513
      vertex 4 59.15 20.5278
    endloop
  endfacet
  facet normal 1 0 0
    outer loop
      vertex 4 0.849999 20.5278
      vertex 4 59.15 20.5278
      vertex 4 1.03489 20.6513
    endloop
  endfacet
  facet normal 1 0 0
    outer loop
      vertex 4 59.15 20.5278
      vertex 4 0.849999 20.5278
      vertex 4 59.3494 20.4294
    endloop
  endfacet
  facet normal 1 0 0
    outer loop
      vertex 4 0.650561 20.4294
      vertex 4 59.3494 20.4294
      vertex 4 0.849999 20.5278
    endloop
  endfacet
  facet normal 1 0 0
    outer loop
      vertex 4 59.3494 20.4294
      vertex 4 0.650561 20.4294
      vertex 4 59.56 20.3579
    endloop
  endfacet
  facet normal 1 0 0
    outer loop
      vertex 4 0.439992 20.3579
      vertex 4 59.56 20.3579
      vertex 4 0.650561 20.4294
    endloop
  endfacet
  facet normal 1 0 0
    outer loop
      vertex 4 59.56 20.3579
      vertex 4 0.439992 20.3579
      vertex 4 81.5 14
    endloop
  endfacet
  facet normal 1 -0 0
    outer loop
      vertex 4 0.221894 20.3145
      vertex 4 81.5 14
      vertex 4 0.439992 20.3579
    endloop
  endfacet
  facet normal 1 -0 0
    outer loop
      vertex 4 0 20.3
      vertex 4 81.5 14
      vertex 4 0.221894 20.3145
    endloop
  endfacet
  facet normal 1 0 0
    outer loop
      vertex 4 -81.5 14
      vertex 4 0 20.3
      vertex 4 -0.221894 20.3145
    endloop
  endfacet
  facet normal 1 -0 0
    outer loop
      vertex 4 -58.3 22
      vertex 4 -1.68546 21.7781
      vertex 4 -1.7 22
    endloop
  endfacet
  facet normal 1 0 0
    outer loop
      vertex 4 -58.3145 21.7781
      vertex 4 -1.68546 21.7781
      vertex 4 -58.3 22
    endloop
  endfacet
  facet normal 1 0 0
    outer loop
      vertex 4 -1.68546 21.7781
      vertex 4 -58.3145 21.7781
      vertex 4 -1.64207 21.56
    endloop
  endfacet
  facet normal 1 0 0
    outer loop
      vertex 4 -58.3579 21.56
      vertex 4 -1.64207 21.56
      vertex 4 -58.3145 21.7781
    endloop
  endfacet
  facet normal 1 0 0
    outer loop
      vertex 4 -1.64207 21.56
      vertex 4 -58.3579 21.56
      vertex 4 -1.57059 21.3494
    endloop
  endfacet
  facet normal 1 0 0
    outer loop
      vertex 4 -58.4294 21.3494
      vertex 4 -1.57059 21.3494
      vertex 4 -58.3579 21.56
    endloop
  endfacet
  facet normal 1 0 0
    outer loop
      vertex 4 -1.57059 21.3494
      vertex 4 -58.4294 21.3494
      vertex 4 -1.47224 21.15
    endloop
  endfacet
  facet normal 1 0 0
    outer loop
      vertex 4 -58.5278 21.15
      vertex 4 -1.47224 21.15
      vertex 4 -58.4294 21.3494
    endloop
  endfacet
  facet normal 1 0 0
    outer loop
      vertex 4 -1.47224 21.15
      vertex 4 -58.5278 21.15
      vertex 4 -1.3487 20.9651
    endloop
  endfacet
  facet normal 1 0 0
    outer loop
      vertex 4 -58.6513 20.9651
      vertex 4 -1.3487 20.9651
      vertex 4 -58.5278 21.15
    endloop
  endfacet
  facet normal 1 0 0
    outer loop
      vertex 4 -1.3487 20.9651
      vertex 4 -58.6513 20.9651
      vertex 4 -1.20208 20.7979
    endloop
  endfacet
  facet normal 1 0 0
    outer loop
      vertex 4 -58.7979 20.7979
      vertex 4 -1.20208 20.7979
      vertex 4 -58.6513 20.9651
    endloop
  endfacet
  facet normal 1 0 0
    outer loop
      vertex 4 -1.20208 20.7979
      vertex 4 -58.7979 20.7979
      vertex 4 -1.03489 20.6513
    endloop
  endfacet
  facet normal 1 0 0
    outer loop
      vertex 4 -58.9651 20.6513
      vertex 4 -1.03489 20.6513
      vertex 4 -58.7979 20.7979
    endloop
  endfacet
  facet normal 1 0 0
    outer loop
      vertex 4 -1.03489 20.6513
      vertex 4 -58.9651 20.6513
      vertex 4 -0.849999 20.5278
    endloop
  endfacet
  facet normal 1 0 0
    outer loop
      vertex 4 -59.15 20.5278
      vertex 4 -0.849999 20.5278
      vertex 4 -58.9651 20.6513
    endloop
  endfacet
  facet normal 1 0 0
    outer loop
      vertex 4 -0.849999 20.5278
      vertex 4 -59.15 20.5278
      vertex 4 -0.650561 20.4294
    endloop
  endfacet
  facet normal 1 0 0
    outer loop
      vertex 4 -59.3494 20.4294
      vertex 4 -0.650561 20.4294
      vertex 4 -59.15 20.5278
    endloop
  endfacet
  facet normal 1 0 0
    outer loop
      vertex 4 -0.650561 20.4294
      vertex 4 -59.3494 20.4294
      vertex 4 -0.439992 20.3579
    endloop
  endfacet
  facet normal 1 0 0
    outer loop
      vertex 4 -59.56 20.3579
      vertex 4 -0.439992 20.3579
      vertex 4 -59.3494 20.4294
    endloop
  endfacet
  facet normal 1 0 0
    outer loop
      vertex 4 -0.439992 20.3579
      vertex 4 -59.56 20.3579
      vertex 4 -0.221894 20.3145
    endloop
  endfacet
  facet normal 1 0 0
    outer loop
      vertex 4 -81.5 14
      vertex 4 -0.221894 20.3145
      vertex 4 -59.56 20.3579
    endloop
  endfacet
  facet normal 1 0 0
    outer loop
      vertex 4 -81.5 14
      vertex 4 -59.56 20.3579
      vertex 4 -59.7781 20.3145
    endloop
  endfacet
  facet normal 1 0 0
    outer loop
      vertex 4 -81.5 14
      vertex 4 -59.7781 20.3145
      vertex 4 -60 20.3
    endloop
  endfacet
  facet normal 1 0 0
    outer loop
      vertex 4 -81.5 14
      vertex 4 -61.7 22
      vertex 4 -81.5 30
    endloop
  endfacet
  facet normal 1 0 0
    outer loop
      vertex 4 -61.7 22
      vertex 4 -81.5 14
      vertex 4 -61.6855 21.7781
    endloop
  endfacet
  facet normal 1 0 0
    outer loop
      vertex 4 -61.6855 21.7781
      vertex 4 -81.5 14
      vertex 4 -61.6421 21.56
    endloop
  endfacet
  facet normal 1 0 0
    outer loop
      vertex 4 -61.6421 21.56
      vertex 4 -81.5 14
      vertex 4 -61.5706 21.3494
    endloop
  endfacet
  facet normal 1 0 0
    outer loop
      vertex 4 -61.5706 21.3494
      vertex 4 -81.5 14
      vertex 4 -61.4722 21.15
    endloop
  endfacet
  facet normal 1 0 0
    outer loop
      vertex 4 -61.4722 21.15
      vertex 4 -81.5 14
      vertex 4 -61.3487 20.9651
    endloop
  endfacet
  facet normal 1 0 0
    outer loop
      vertex 4 -61.3487 20.9651
      vertex 4 -81.5 14
      vertex 4 -61.2021 20.7979
    endloop
  endfacet
  facet normal 1 0 0
    outer loop
      vertex 4 -61.2021 20.7979
      vertex 4 -81.5 14
      vertex 4 -61.0349 20.6513
    endloop
  endfacet
  facet normal 1 0 0
    outer loop
      vertex 4 -61.0349 20.6513
      vertex 4 -81.5 14
      vertex 4 -60.85 20.5278
    endloop
  endfacet
  facet normal 1 0 0
    outer loop
      vertex 4 0 20.3
      vertex 4 -81.5 14
      vertex 4 81.5 14
    endloop
  endfacet
  facet normal 1 0 0
    outer loop
      vertex 4 -60.2219 20.3145
      vertex 4 -81.5 14
      vertex 4 -60 20.3
    endloop
  endfacet
  facet normal 1 0 0
    outer loop
      vertex 4 -60.44 20.3579
      vertex 4 -81.5 14
      vertex 4 -60.2219 20.3145
    endloop
  endfacet
  facet normal 1 0 0
    outer loop
      vertex 4 -60.6506 20.4294
      vertex 4 -81.5 14
      vertex 4 -60.44 20.3579
    endloop
  endfacet
  facet normal 1 0 0
    outer loop
      vertex 4 -60.85 20.5278
      vertex 4 -81.5 14
      vertex 4 -60.6506 20.4294
    endloop
  endfacet
  facet normal -0 0 1
    outer loop
      vertex 0 81.5 30
      vertex 4 -81.5 30
      vertex 4 81.5 30
    endloop
  endfacet
  facet normal 0 0 1
    outer loop
      vertex 4 -81.5 30
      vertex 0 81.5 30
      vertex 0 -81.5 30
    endloop
  endfacet
  facet normal 0 1 -0
    outer loop
      vertex 4 81.5 14
      vertex 0 81.5 30
      vertex 4 81.5 30
    endloop
  endfacet
  facet normal 0 1 0
    outer loop
      vertex 0 81.5 30
      vertex 4 81.5 14
      vertex 0 81.5 14
    endloop
  endfacet
  facet normal 0 -1 0
    outer loop
      vertex 0 -81.5 14
      vertex 4 -81.5 30
      vertex 0 -81.5 30
    endloop
  endfacet
  facet normal 0 -1 -0
    outer loop
      vertex 4 -81.5 30
      vertex 0 -81.5 14
      vertex 4 -81.5 14
    endloop
  endfacet
  facet normal 0 0.997872 0.0652057
    outer loop
      vertex 4 -61.6855 21.7781
      vertex 0 -61.7 22
      vertex 4 -61.7 22
    endloop
  endfacet
  facet normal 0 0.997872 0.0652057
    outer loop
      vertex 0 -61.7 22
      vertex 4 -61.6855 21.7781
      vertex 0 -61.6855 21.7781
    endloop
  endfacet
  facet normal 0 -0.751908 -0.659268
    outer loop
      vertex 0 -58.6513 23.0349
      vertex 4 -58.7979 23.2021
      vertex 0 -58.7979 23.2021
    endloop
  endfacet
  facet normal 0 -0.751908 -0.659268
    outer loop
      vertex 4 -58.7979 23.2021
      vertex 0 -58.6513 23.0349
      vertex 4 -58.6513 23.0349
    endloop
  endfacet
  facet normal 0 0.555426 -0.831566
    outer loop
      vertex 0 -61.0349 23.3487
      vertex 4 -60.85 23.4722
      vertex 4 -61.0349 23.3487
    endloop
  endfacet
  facet normal 0 0.555426 -0.831566
    outer loop
      vertex 4 -60.85 23.4722
      vertex 0 -61.0349 23.3487
      vertex 0 -60.85 23.4722
    endloop
  endfacet
  facet normal 0 -0.0652057 0.997872
    outer loop
      vertex 0 -59.7781 20.3145
      vertex 4 -60 20.3
      vertex 4 -59.7781 20.3145
    endloop
  endfacet
  facet normal 0 -0.0652057 0.997872
    outer loop
      vertex 4 -60 20.3
      vertex 0 -59.7781 20.3145
      vertex 0 -60 20.3
    endloop
  endfacet
  facet normal 0 -0.751908 0.659268
    outer loop
      vertex 0 -58.7979 20.7979
      vertex 4 -58.6513 20.9651
      vertex 0 -58.6513 20.9651
    endloop
  endfacet
  facet normal 0 -0.751908 0.659268
    outer loop
      vertex 4 -58.6513 20.9651
      vertex 0 -58.7979 20.7979
      vertex 4 -58.7979 20.7979
    endloop
  endfacet
  facet normal 0 -0.946915 0.321484
    outer loop
      vertex 0 -58.4294 21.3494
      vertex 4 -58.3579 21.56
      vertex 0 -58.3579 21.56
    endloop
  endfacet
  facet normal 0 -0.946915 0.321484
    outer loop
      vertex 4 -58.3579 21.56
      vertex 0 -58.4294 21.3494
      vertex 4 -58.4294 21.3494
    endloop
  endfacet
  facet normal -0 0.321484 0.946915
    outer loop
      vertex 0 -60.44 20.3579
      vertex 4 -60.6506 20.4294
      vertex 4 -60.44 20.3579
    endloop
  endfacet
  facet normal 0 0.321484 0.946915
    outer loop
      vertex 4 -60.6506 20.4294
      vertex 0 -60.44 20.3579
      vertex 0 -60.6506 20.4294
    endloop
  endfacet
  facet normal 0 0.321484 -0.946915
    outer loop
      vertex 0 -60.6506 23.5706
      vertex 4 -60.44 23.6421
      vertex 4 -60.6506 23.5706
    endloop
  endfacet
  facet normal 0 0.321484 -0.946915
    outer loop
      vertex 4 -60.44 23.6421
      vertex 0 -60.6506 23.5706
      vertex 0 -60.44 23.6421
    endloop
  endfacet
  facet normal -0 0.659268 0.751908
    outer loop
      vertex 0 -61.0349 20.6513
      vertex 4 -61.2021 20.7979
      vertex 4 -61.0349 20.6513
    endloop
  endfacet
  facet normal 0 0.659268 0.751908
    outer loop
      vertex 4 -61.2021 20.7979
      vertex 0 -61.0349 20.6513
      vertex 0 -61.2021 20.7979
    endloop
  endfacet
  facet normal 0 -0.98077 0.195165
    outer loop
      vertex 0 -58.3579 21.56
      vertex 4 -58.3145 21.7781
      vertex 0 -58.3145 21.7781
    endloop
  endfacet
  facet normal 0 -0.98077 0.195165
    outer loop
      vertex 4 -58.3145 21.7781
      vertex 0 -58.3579 21.56
      vertex 4 -58.3579 21.56
    endloop
  endfacet
  facet normal 0 0.44253 -0.896754
    outer loop
      vertex 0 -60.85 23.4722
      vertex 4 -60.6506 23.5706
      vertex 4 -60.85 23.4722
    endloop
  endfacet
  facet normal 0 0.44253 -0.896754
    outer loop
      vertex 4 -60.6506 23.5706
      vertex 0 -60.85 23.4722
      vertex 0 -60.6506 23.5706
    endloop
  endfacet
  facet normal 0 0.946915 0.321484
    outer loop
      vertex 4 -61.5706 21.3494
      vertex 0 -61.6421 21.56
      vertex 4 -61.6421 21.56
    endloop
  endfacet
  facet normal 0 0.946915 0.321484
    outer loop
      vertex 0 -61.6421 21.56
      vertex 4 -61.5706 21.3494
      vertex 0 -61.5706 21.3494
    endloop
  endfacet
  facet normal 0 0.997872 -0.0652057
    outer loop
      vertex 4 -61.7 22
      vertex 0 -61.6855 22.2219
      vertex 4 -61.6855 22.2219
    endloop
  endfacet
  facet normal 0 0.997872 -0.0652057
    outer loop
      vertex 0 -61.6855 22.2219
      vertex 4 -61.7 22
      vertex 0 -61.7 22
    endloop
  endfacet
  facet normal 0 -0.946915 -0.321484
    outer loop
      vertex 0 -58.3579 22.44
      vertex 4 -58.4294 22.6506
      vertex 0 -58.4294 22.6506
    endloop
  endfacet
  facet normal 0 -0.946915 -0.321484
    outer loop
      vertex 4 -58.4294 22.6506
      vertex 0 -58.3579 22.44
      vertex 4 -58.3579 22.44
    endloop
  endfacet
  facet normal 0 -0.659268 -0.751908
    outer loop
      vertex 0 -58.9651 23.3487
      vertex 4 -58.7979 23.2021
      vertex 4 -58.9651 23.3487
    endloop
  endfacet
  facet normal -0 -0.659268 -0.751908
    outer loop
      vertex 4 -58.7979 23.2021
      vertex 0 -58.9651 23.3487
      vertex 0 -58.7979 23.2021
    endloop
  endfacet
  facet normal 0 0.896754 -0.44253
    outer loop
      vertex 4 -61.5706 22.6506
      vertex 0 -61.4722 22.85
      vertex 4 -61.4722 22.85
    endloop
  endfacet
  facet normal 0 0.896754 -0.44253
    outer loop
      vertex 0 -61.4722 22.85
      vertex 4 -61.5706 22.6506
      vertex 0 -61.5706 22.6506
    endloop
  endfacet
  facet normal 0 -0.997872 -0.0652057
    outer loop
      vertex 0 -58.3 22
      vertex 4 -58.3145 22.2219
      vertex 0 -58.3145 22.2219
    endloop
  endfacet
  facet normal 0 -0.997872 -0.0652057
    outer loop
      vertex 4 -58.3145 22.2219
      vertex 0 -58.3 22
      vertex 4 -58.3 22
    endloop
  endfacet
  facet normal 0 -0.195165 0.98077
    outer loop
      vertex 0 -59.56 20.3579
      vertex 4 -59.7781 20.3145
      vertex 4 -59.56 20.3579
    endloop
  endfacet
  facet normal 0 -0.195165 0.98077
    outer loop
      vertex 4 -59.7781 20.3145
      vertex 0 -59.56 20.3579
      vertex 0 -59.7781 20.3145
    endloop
  endfacet
  facet normal -0 0.44253 0.896754
    outer loop
      vertex 0 -60.6506 20.4294
      vertex 4 -60.85 20.5278
      vertex 4 -60.6506 20.4294
    endloop
  endfacet
  facet normal 0 0.44253 0.896754
    outer loop
      vertex 4 -60.85 20.5278
      vertex 0 -60.6506 20.4294
      vertex 0 -60.85 20.5278
    endloop
  endfacet
  facet normal 0 0.831566 0.555426
    outer loop
      vertex 4 -61.3487 20.9651
      vertex 0 -61.4722 21.15
      vertex 4 -61.4722 21.15
    endloop
  endfacet
  facet normal 0 0.831566 0.555426
    outer loop
      vertex 0 -61.4722 21.15
      vertex 4 -61.3487 20.9651
      vertex 0 -61.3487 20.9651
    endloop
  endfacet
  facet normal 0 -0.555426 0.831566
    outer loop
      vertex 0 -58.9651 20.6513
      vertex 4 -59.15 20.5278
      vertex 4 -58.9651 20.6513
    endloop
  endfacet
  facet normal 0 -0.555426 0.831566
    outer loop
      vertex 4 -59.15 20.5278
      vertex 0 -58.9651 20.6513
      vertex 0 -59.15 20.5278
    endloop
  endfacet
  facet normal -0 0.0652057 0.997872
    outer loop
      vertex 0 -60 20.3
      vertex 4 -60.2219 20.3145
      vertex 4 -60 20.3
    endloop
  endfacet
  facet normal 0 0.0652057 0.997872
    outer loop
      vertex 4 -60.2219 20.3145
      vertex 0 -60 20.3
      vertex 0 -60.2219 20.3145
    endloop
  endfacet
  facet normal 0 -0.831566 0.555426
    outer loop
      vertex 0 -58.6513 20.9651
      vertex 4 -58.5278 21.15
      vertex 0 -58.5278 21.15
    endloop
  endfacet
  facet normal 0 -0.831566 0.555426
    outer loop
      vertex 4 -58.5278 21.15
      vertex 0 -58.6513 20.9651
      vertex 4 -58.6513 20.9651
    endloop
  endfacet
  facet normal 0 -0.44253 0.896754
    outer loop
      vertex 0 -59.15 20.5278
      vertex 4 -59.3494 20.4294
      vertex 4 -59.15 20.5278
    endloop
  endfacet
  facet normal 0 -0.44253 0.896754
    outer loop
      vertex 4 -59.3494 20.4294
      vertex 0 -59.15 20.5278
      vertex 0 -59.3494 20.4294
    endloop
  endfacet
  facet normal 0 -0.98077 -0.195165
    outer loop
      vertex 0 -58.3145 22.2219
      vertex 4 -58.3579 22.44
      vertex 0 -58.3579 22.44
    endloop
  endfacet
  facet normal 0 -0.98077 -0.195165
    outer loop
      vertex 4 -58.3579 22.44
      vertex 0 -58.3145 22.2219
      vertex 4 -58.3145 22.2219
    endloop
  endfacet
  facet normal 0 0.751908 0.659268
    outer loop
      vertex 4 -61.2021 20.7979
      vertex 0 -61.3487 20.9651
      vertex 4 -61.3487 20.9651
    endloop
  endfacet
  facet normal 0 0.751908 0.659268
    outer loop
      vertex 0 -61.3487 20.9651
      vertex 4 -61.2021 20.7979
      vertex 0 -61.2021 20.7979
    endloop
  endfacet
  facet normal 0 -0.44253 -0.896754
    outer loop
      vertex 0 -59.3494 23.5706
      vertex 4 -59.15 23.4722
      vertex 4 -59.3494 23.5706
    endloop
  endfacet
  facet normal -0 -0.44253 -0.896754
    outer loop
      vertex 4 -59.15 23.4722
      vertex 0 -59.3494 23.5706
      vertex 0 -59.15 23.4722
    endloop
  endfacet
  facet normal -0 0.195165 0.98077
    outer loop
      vertex 0 -60.2219 20.3145
      vertex 4 -60.44 20.3579
      vertex 4 -60.2219 20.3145
    endloop
  endfacet
  facet normal 0 0.195165 0.98077
    outer loop
      vertex 4 -60.44 20.3579
      vertex 0 -60.2219 20.3145
      vertex 0 -60.44 20.3579
    endloop
  endfacet
  facet normal 0 0.98077 0.195165
    outer loop
      vertex 4 -61.6421 21.56
      vertex 0 -61.6855 21.7781
      vertex 4 -61.6855 21.7781
    endloop
  endfacet
  facet normal 0 0.98077 0.195165
    outer loop
      vertex 0 -61.6855 21.7781
      vertex 4 -61.6421 21.56
      vertex 0 -61.6421 21.56
    endloop
  endfacet
  facet normal 0 0.946915 -0.321484
    outer loop
      vertex 4 -61.6421 22.44
      vertex 0 -61.5706 22.6506
      vertex 4 -61.5706 22.6506
    endloop
  endfacet
  facet normal 0 0.946915 -0.321484
    outer loop
      vertex 0 -61.5706 22.6506
      vertex 4 -61.6421 22.44
      vertex 0 -61.6421 22.44
    endloop
  endfacet
  facet normal 0 0.751908 -0.659268
    outer loop
      vertex 4 -61.3487 23.0349
      vertex 0 -61.2021 23.2021
      vertex 4 -61.2021 23.2021
    endloop
  endfacet
  facet normal 0 0.751908 -0.659268
    outer loop
      vertex 0 -61.2021 23.2021
      vertex 4 -61.3487 23.0349
      vertex 0 -61.3487 23.0349
    endloop
  endfacet
  facet normal 0 -0.659268 0.751908
    outer loop
      vertex 0 -58.7979 20.7979
      vertex 4 -58.9651 20.6513
      vertex 4 -58.7979 20.7979
    endloop
  endfacet
  facet normal 0 -0.659268 0.751908
    outer loop
      vertex 4 -58.9651 20.6513
      vertex 0 -58.7979 20.7979
      vertex 0 -58.9651 20.6513
    endloop
  endfacet
  facet normal 0 0.659268 -0.751908
    outer loop
      vertex 0 -61.2021 23.2021
      vertex 4 -61.0349 23.3487
      vertex 4 -61.2021 23.2021
    endloop
  endfacet
  facet normal 0 0.659268 -0.751908
    outer loop
      vertex 4 -61.0349 23.3487
      vertex 0 -61.2021 23.2021
      vertex 0 -61.0349 23.3487
    endloop
  endfacet
  facet normal 0 -0.997872 0.0652057
    outer loop
      vertex 0 -58.3145 21.7781
      vertex 4 -58.3 22
      vertex 0 -58.3 22
    endloop
  endfacet
  facet normal 0 -0.997872 0.0652057
    outer loop
      vertex 4 -58.3 22
      vertex 0 -58.3145 21.7781
      vertex 4 -58.3145 21.7781
    endloop
  endfacet
  facet normal -0 0.555426 0.831566
    outer loop
      vertex 0 -60.85 20.5278
      vertex 4 -61.0349 20.6513
      vertex 4 -60.85 20.5278
    endloop
  endfacet
  facet normal 0 0.555426 0.831566
    outer loop
      vertex 4 -61.0349 20.6513
      vertex 0 -60.85 20.5278
      vertex 0 -61.0349 20.6513
    endloop
  endfacet
  facet normal 0 0.98077 -0.195165
    outer loop
      vertex 4 -61.6855 22.2219
      vertex 0 -61.6421 22.44
      vertex 4 -61.6421 22.44
    endloop
  endfacet
  facet normal 0 0.98077 -0.195165
    outer loop
      vertex 0 -61.6421 22.44
      vertex 4 -61.6855 22.2219
      vertex 0 -61.6855 22.2219
    endloop
  endfacet
  facet normal 0 0.0652057 -0.997872
    outer loop
      vertex 0 -60.2219 23.6855
      vertex 4 -60 23.7
      vertex 4 -60.2219 23.6855
    endloop
  endfacet
  facet normal 0 0.0652057 -0.997872
    outer loop
      vertex 4 -60 23.7
      vertex 0 -60.2219 23.6855
      vertex 0 -60 23.7
    endloop
  endfacet
  facet normal 0 0.896754 0.44253
    outer loop
      vertex 4 -61.4722 21.15
      vertex 0 -61.5706 21.3494
      vertex 4 -61.5706 21.3494
    endloop
  endfacet
  facet normal 0 0.896754 0.44253
    outer loop
      vertex 0 -61.5706 21.3494
      vertex 4 -61.4722 21.15
      vertex 0 -61.4722 21.15
    endloop
  endfacet
  facet normal 0 -0.195165 -0.98077
    outer loop
      vertex 0 -59.7781 23.6855
      vertex 4 -59.56 23.6421
      vertex 4 -59.7781 23.6855
    endloop
  endfacet
  facet normal -0 -0.195165 -0.98077
    outer loop
      vertex 4 -59.56 23.6421
      vertex 0 -59.7781 23.6855
      vertex 0 -59.56 23.6421
    endloop
  endfacet
  facet normal 0 -0.321484 -0.946915
    outer loop
      vertex 0 -59.56 23.6421
      vertex 4 -59.3494 23.5706
      vertex 4 -59.56 23.6421
    endloop
  endfacet
  facet normal -0 -0.321484 -0.946915
    outer loop
      vertex 4 -59.3494 23.5706
      vertex 0 -59.56 23.6421
      vertex 0 -59.3494 23.5706
    endloop
  endfacet
  facet normal 0 -0.831566 -0.555426
    outer loop
      vertex 0 -58.5278 22.85
      vertex 4 -58.6513 23.0349
      vertex 0 -58.6513 23.0349
    endloop
  endfacet
  facet normal 0 -0.831566 -0.555426
    outer loop
      vertex 4 -58.6513 23.0349
      vertex 0 -58.5278 22.85
      vertex 4 -58.5278 22.85
    endloop
  endfacet
  facet normal 0 -0.896754 0.44253
    outer loop
      vertex 0 -58.5278 21.15
      vertex 4 -58.4294 21.3494
      vertex 0 -58.4294 21.3494
    endloop
  endfacet
  facet normal 0 -0.896754 0.44253
    outer loop
      vertex 4 -58.4294 21.3494
      vertex 0 -58.5278 21.15
      vertex 4 -58.5278 21.15
    endloop
  endfacet
  facet normal 0 -0.321484 0.946915
    outer loop
      vertex 0 -59.3494 20.4294
      vertex 4 -59.56 20.3579
      vertex 4 -59.3494 20.4294
    endloop
  endfacet
  facet normal 0 -0.321484 0.946915
    outer loop
      vertex 4 -59.56 20.3579
      vertex 0 -59.3494 20.4294
      vertex 0 -59.56 20.3579
    endloop
  endfacet
  facet normal 0 -0.0652057 -0.997872
    outer loop
      vertex 0 -60 23.7
      vertex 4 -59.7781 23.6855
      vertex 4 -60 23.7
    endloop
  endfacet
  facet normal -0 -0.0652057 -0.997872
    outer loop
      vertex 4 -59.7781 23.6855
      vertex 0 -60 23.7
      vertex 0 -59.7781 23.6855
    endloop
  endfacet
  facet normal 0 -0.896754 -0.44253
    outer loop
      vertex 0 -58.4294 22.6506
      vertex 4 -58.5278 22.85
      vertex 0 -58.5278 22.85
    endloop
  endfacet
  facet normal 0 -0.896754 -0.44253
    outer loop
      vertex 4 -58.5278 22.85
      vertex 0 -58.4294 22.6506
      vertex 4 -58.4294 22.6506
    endloop
  endfacet
  facet normal 0 0.195165 -0.98077
    outer loop
      vertex 0 -60.44 23.6421
      vertex 4 -60.2219 23.6855
      vertex 4 -60.44 23.6421
    endloop
  endfacet
  facet normal 0 0.195165 -0.98077
    outer loop
      vertex 4 -60.2219 23.6855
      vertex 0 -60.44 23.6421
      vertex 0 -60.2219 23.6855
    endloop
  endfacet
  facet normal 0 -0.555426 -0.831566
    outer loop
      vertex 0 -59.15 23.4722
      vertex 4 -58.9651 23.3487
      vertex 4 -59.15 23.4722
    endloop
  endfacet
  facet normal -0 -0.555426 -0.831566
    outer loop
      vertex 4 -58.9651 23.3487
      vertex 0 -59.15 23.4722
      vertex 0 -58.9651 23.3487
    endloop
  endfacet
  facet normal 0 0.831566 -0.555426
    outer loop
      vertex 4 -61.4722 22.85
      vertex 0 -61.3487 23.0349
      vertex 4 -61.3487 23.0349
    endloop
  endfacet
  facet normal 0 0.831566 -0.555426
    outer loop
      vertex 0 -61.3487 23.0349
      vertex 4 -61.4722 22.85
      vertex 0 -61.4722 22.85
    endloop
  endfacet
  facet normal 0 0.99786 0.0653848
    outer loop
      vertex 4 -1.68546 21.7781
      vertex 0 -1.7 22
      vertex 4 -1.7 22
    endloop
  endfacet
  facet normal 0 0.99786 0.0653848
    outer loop
      vertex 0 -1.7 22
      vertex 4 -1.68546 21.7781
      vertex 0 -1.68546 21.7781
    endloop
  endfacet
  facet normal 0 -0.751863 -0.659319
    outer loop
      vertex 0 1.3487 23.0349
      vertex 4 1.20208 23.2021
      vertex 0 1.20208 23.2021
    endloop
  endfacet
  facet normal 0 -0.751863 -0.659319
    outer loop
      vertex 4 1.20208 23.2021
      vertex 0 1.3487 23.0349
      vertex 4 1.3487 23.0349
    endloop
  endfacet
  facet normal 0 0.555445 -0.831553
    outer loop
      vertex 0 -1.03489 23.3487
      vertex 4 -0.849999 23.4722
      vertex 4 -1.03489 23.3487
    endloop
  endfacet
  facet normal 0 0.555445 -0.831553
    outer loop
      vertex 4 -0.849999 23.4722
      vertex 0 -1.03489 23.3487
      vertex 0 -0.849999 23.4722
    endloop
  endfacet
  facet normal 0 -0.0652074 0.997872
    outer loop
      vertex 0 0.221894 20.3145
      vertex 4 0 20.3
      vertex 4 0.221894 20.3145
    endloop
  endfacet
  facet normal 0 -0.0652074 0.997872
    outer loop
      vertex 4 0 20.3
      vertex 0 0.221894 20.3145
      vertex 0 0 20.3
    endloop
  endfacet
  facet normal 0 -0.751863 0.659319
    outer loop
      vertex 0 1.20208 20.7979
      vertex 4 1.3487 20.9651
      vertex 0 1.3487 20.9651
    endloop
  endfacet
  facet normal 0 -0.751863 0.659319
    outer loop
      vertex 4 1.3487 20.9651
      vertex 0 1.20208 20.7979
      vertex 4 1.20208 20.7979
    endloop
  endfacet
  facet normal 0 -0.946943 0.321403
    outer loop
      vertex 0 1.57059 21.3494
      vertex 4 1.64207 21.56
      vertex 0 1.64207 21.56
    endloop
  endfacet
  facet normal 0 -0.946943 0.321403
    outer loop
      vertex 4 1.64207 21.56
      vertex 0 1.57059 21.3494
      vertex 4 1.57059 21.3494
    endloop
  endfacet
  facet normal -0 0.321526 0.946901
    outer loop
      vertex 0 -0.439992 20.3579
      vertex 4 -0.650561 20.4294
      vertex 4 -0.439992 20.3579
    endloop
  endfacet
  facet normal 0 0.321526 0.946901
    outer loop
      vertex 4 -0.650561 20.4294
      vertex 0 -0.439992 20.3579
      vertex 0 -0.650561 20.4294
    endloop
  endfacet
  facet normal 0 0.321526 -0.946901
    outer loop
      vertex 0 -0.650561 23.5706
      vertex 4 -0.439992 23.6421
      vertex 4 -0.650561 23.5706
    endloop
  endfacet
  facet normal 0 0.321526 -0.946901
    outer loop
      vertex 4 -0.439992 23.6421
      vertex 0 -0.650561 23.5706
      vertex 0 -0.439992 23.6421
    endloop
  endfacet
  facet normal -0 0.659291 0.751888
    outer loop
      vertex 0 -1.03489 20.6513
      vertex 4 -1.20208 20.7979
      vertex 4 -1.03489 20.6513
    endloop
  endfacet
  facet normal 0 0.659291 0.751888
    outer loop
      vertex 4 -1.20208 20.7979
      vertex 0 -1.03489 20.6513
      vertex 0 -1.20208 20.7979
    endloop
  endfacet
  facet normal 0 -0.659291 0.751888
    outer loop
      vertex 0 1.20208 20.7979
      vertex 4 1.03489 20.6513
      vertex 4 1.20208 20.7979
    endloop
  endfacet
  facet normal 0 -0.659291 0.751888
    outer loop
      vertex 4 1.03489 20.6513
      vertex 0 1.20208 20.7979
      vertex 0 1.03489 20.6513
    endloop
  endfacet
  facet normal 0 -0.980779 0.195122
    outer loop
      vertex 0 1.64207 21.56
      vertex 4 1.68546 21.7781
      vertex 0 1.68546 21.7781
    endloop
  endfacet
  facet normal 0 -0.980779 0.195122
    outer loop
      vertex 4 1.68546 21.7781
      vertex 0 1.64207 21.56
      vertex 4 1.64207 21.56
    endloop
  endfacet
  facet normal 0 0.442463 -0.896787
    outer loop
      vertex 0 -0.849999 23.4722
      vertex 4 -0.650561 23.5706
      vertex 4 -0.849999 23.4722
    endloop
  endfacet
  facet normal 0 0.442463 -0.896787
    outer loop
      vertex 4 -0.650561 23.5706
      vertex 0 -0.849999 23.4722
      vertex 0 -0.650561 23.5706
    endloop
  endfacet
  facet normal 0 0.946943 0.321403
    outer loop
      vertex 4 -1.57059 21.3494
      vertex 0 -1.64207 21.56
      vertex 4 -1.64207 21.56
    endloop
  endfacet
  facet normal 0 0.946943 0.321403
    outer loop
      vertex 0 -1.64207 21.56
      vertex 4 -1.57059 21.3494
      vertex 0 -1.57059 21.3494
    endloop
  endfacet
  facet normal 0 0.99786 -0.0653848
    outer loop
      vertex 4 -1.7 22
      vertex 0 -1.68546 22.2219
      vertex 4 -1.68546 22.2219
    endloop
  endfacet
  facet normal 0 0.99786 -0.0653848
    outer loop
      vertex 0 -1.68546 22.2219
      vertex 4 -1.7 22
      vertex 0 -1.7 22
    endloop
  endfacet
  facet normal 0 -0.946943 -0.321403
    outer loop
      vertex 0 1.64207 22.44
      vertex 4 1.57059 22.6506
      vertex 0 1.57059 22.6506
    endloop
  endfacet
  facet normal 0 -0.946943 -0.321403
    outer loop
      vertex 4 1.57059 22.6506
      vertex 0 1.64207 22.44
      vertex 4 1.64207 22.44
    endloop
  endfacet
  facet normal 0 -0.659291 -0.751888
    outer loop
      vertex 0 1.03489 23.3487
      vertex 4 1.20208 23.2021
      vertex 4 1.03489 23.3487
    endloop
  endfacet
  facet normal -0 -0.659291 -0.751888
    outer loop
      vertex 4 1.20208 23.2021
      vertex 0 1.03489 23.3487
      vertex 0 1.20208 23.2021
    endloop
  endfacet
  facet normal 0 0.896843 -0.442349
    outer loop
      vertex 4 -1.57059 22.6506
      vertex 0 -1.47224 22.85
      vertex 4 -1.47224 22.85
    endloop
  endfacet
  facet normal 0 0.896843 -0.442349
    outer loop
      vertex 0 -1.47224 22.85
      vertex 4 -1.57059 22.6506
      vertex 0 -1.57059 22.6506
    endloop
  endfacet
  facet normal 0 -0.99786 -0.0653848
    outer loop
      vertex 0 1.7 22
      vertex 4 1.68546 22.2219
      vertex 0 1.68546 22.2219
    endloop
  endfacet
  facet normal 0 -0.99786 -0.0653848
    outer loop
      vertex 4 1.68546 22.2219
      vertex 0 1.7 22
      vertex 4 1.7 22
    endloop
  endfacet
  facet normal 0 -0.195167 0.98077
    outer loop
      vertex 0 0.439992 20.3579
      vertex 4 0.221894 20.3145
      vertex 4 0.439992 20.3579
    endloop
  endfacet
  facet normal 0 -0.195167 0.98077
    outer loop
      vertex 4 0.221894 20.3145
      vertex 0 0.439992 20.3579
      vertex 0 0.221894 20.3145
    endloop
  endfacet
  facet normal -0 0.442463 0.896787
    outer loop
      vertex 0 -0.650561 20.4294
      vertex 4 -0.849999 20.5278
      vertex 4 -0.650561 20.4294
    endloop
  endfacet
  facet normal 0 0.442463 0.896787
    outer loop
      vertex 4 -0.849999 20.5278
      vertex 0 -0.650561 20.4294
      vertex 0 -0.849999 20.5278
    endloop
  endfacet
  facet normal 0 0.831483 0.555551
    outer loop
      vertex 4 -1.3487 20.9651
      vertex 0 -1.47224 21.15
      vertex 4 -1.47224 21.15
    endloop
  endfacet
  facet normal 0 0.831483 0.555551
    outer loop
      vertex 0 -1.47224 21.15
      vertex 4 -1.3487 20.9651
      vertex 0 -1.3487 20.9651
    endloop
  endfacet
  facet normal 0 -0.555445 0.831553
    outer loop
      vertex 0 1.03489 20.6513
      vertex 4 0.849999 20.5278
      vertex 4 1.03489 20.6513
    endloop
  endfacet
  facet normal 0 -0.555445 0.831553
    outer loop
      vertex 4 0.849999 20.5278
      vertex 0 1.03489 20.6513
      vertex 0 0.849999 20.5278
    endloop
  endfacet
  facet normal -0 0.0652074 0.997872
    outer loop
      vertex 0 0 20.3
      vertex 4 -0.221894 20.3145
      vertex 4 0 20.3
    endloop
  endfacet
  facet normal 0 0.0652074 0.997872
    outer loop
      vertex 4 -0.221894 20.3145
      vertex 0 0 20.3
      vertex 0 -0.221894 20.3145
    endloop
  endfacet
  facet normal 0 -0.831483 0.555551
    outer loop
      vertex 0 1.3487 20.9651
      vertex 4 1.47224 21.15
      vertex 0 1.47224 21.15
    endloop
  endfacet
  facet normal 0 -0.831483 0.555551
    outer loop
      vertex 4 1.47224 21.15
      vertex 0 1.3487 20.9651
      vertex 4 1.3487 20.9651
    endloop
  endfacet
  facet normal 0 -0.442463 0.896787
    outer loop
      vertex 0 0.849999 20.5278
      vertex 4 0.650561 20.4294
      vertex 4 0.849999 20.5278
    endloop
  endfacet
  facet normal 0 -0.442463 0.896787
    outer loop
      vertex 4 0.650561 20.4294
      vertex 0 0.849999 20.5278
      vertex 0 0.650561 20.4294
    endloop
  endfacet
  facet normal 0 -0.980779 -0.195122
    outer loop
      vertex 0 1.68546 22.2219
      vertex 4 1.64207 22.44
      vertex 0 1.64207 22.44
    endloop
  endfacet
  facet normal 0 -0.980779 -0.195122
    outer loop
      vertex 4 1.64207 22.44
      vertex 0 1.68546 22.2219
      vertex 4 1.68546 22.2219
    endloop
  endfacet
  facet normal 0 0.751863 0.659319
    outer loop
      vertex 4 -1.20208 20.7979
      vertex 0 -1.3487 20.9651
      vertex 4 -1.3487 20.9651
    endloop
  endfacet
  facet normal 0 0.751863 0.659319
    outer loop
      vertex 0 -1.3487 20.9651
      vertex 4 -1.20208 20.7979
      vertex 0 -1.20208 20.7979
    endloop
  endfacet
  facet normal 0 -0.442463 -0.896787
    outer loop
      vertex 0 0.650561 23.5706
      vertex 4 0.849999 23.4722
      vertex 4 0.650561 23.5706
    endloop
  endfacet
  facet normal -0 -0.442463 -0.896787
    outer loop
      vertex 4 0.849999 23.4722
      vertex 0 0.650561 23.5706
      vertex 0 0.849999 23.4722
    endloop
  endfacet
  facet normal -0 0.195167 0.98077
    outer loop
      vertex 0 -0.221894 20.3145
      vertex 4 -0.439992 20.3579
      vertex 4 -0.221894 20.3145
    endloop
  endfacet
  facet normal 0 0.195167 0.98077
    outer loop
      vertex 4 -0.439992 20.3579
      vertex 0 -0.221894 20.3145
      vertex 0 -0.439992 20.3579
    endloop
  endfacet
  facet normal 0 0.980779 0.195122
    outer loop
      vertex 4 -1.64207 21.56
      vertex 0 -1.68546 21.7781
      vertex 4 -1.68546 21.7781
    endloop
  endfacet
  facet normal 0 0.980779 0.195122
    outer loop
      vertex 0 -1.68546 21.7781
      vertex 4 -1.64207 21.56
      vertex 0 -1.64207 21.56
    endloop
  endfacet
  facet normal 0 0.946943 -0.321403
    outer loop
      vertex 4 -1.64207 22.44
      vertex 0 -1.57059 22.6506
      vertex 4 -1.57059 22.6506
    endloop
  endfacet
  facet normal 0 0.946943 -0.321403
    outer loop
      vertex 0 -1.57059 22.6506
      vertex 4 -1.64207 22.44
      vertex 0 -1.64207 22.44
    endloop
  endfacet
  facet normal 0 0.751863 -0.659319
    outer loop
      vertex 4 -1.3487 23.0349
      vertex 0 -1.20208 23.2021
      vertex 4 -1.20208 23.2021
    endloop
  endfacet
  facet normal 0 0.751863 -0.659319
    outer loop
      vertex 0 -1.20208 23.2021
      vertex 4 -1.3487 23.0349
      vertex 0 -1.3487 23.0349
    endloop
  endfacet
  facet normal 0 0.659291 -0.751888
    outer loop
      vertex 0 -1.20208 23.2021
      vertex 4 -1.03489 23.3487
      vertex 4 -1.20208 23.2021
    endloop
  endfacet
  facet normal 0 0.659291 -0.751888
    outer loop
      vertex 4 -1.03489 23.3487
      vertex 0 -1.20208 23.2021
      vertex 0 -1.03489 23.3487
    endloop
  endfacet
  facet normal 0 -0.99786 0.0653848
    outer loop
      vertex 0 1.68546 21.7781
      vertex 4 1.7 22
      vertex 0 1.7 22
    endloop
  endfacet
  facet normal 0 -0.99786 0.0653848
    outer loop
      vertex 4 1.7 22
      vertex 0 1.68546 21.7781
      vertex 4 1.68546 21.7781
    endloop
  endfacet
  facet normal -0 0.555445 0.831553
    outer loop
      vertex 0 -0.849999 20.5278
      vertex 4 -1.03489 20.6513
      vertex 4 -0.849999 20.5278
    endloop
  endfacet
  facet normal 0 0.555445 0.831553
    outer loop
      vertex 4 -1.03489 20.6513
      vertex 0 -0.849999 20.5278
      vertex 0 -1.03489 20.6513
    endloop
  endfacet
  facet normal 0 0.980779 -0.195122
    outer loop
      vertex 4 -1.68546 22.2219
      vertex 0 -1.64207 22.44
      vertex 4 -1.64207 22.44
    endloop
  endfacet
  facet normal 0 0.980779 -0.195122
    outer loop
      vertex 0 -1.64207 22.44
      vertex 4 -1.68546 22.2219
      vertex 0 -1.68546 22.2219
    endloop
  endfacet
  facet normal 0 0.0652074 -0.997872
    outer loop
      vertex 0 -0.221894 23.6855
      vertex 4 0 23.7
      vertex 4 -0.221894 23.6855
    endloop
  endfacet
  facet normal 0 0.0652074 -0.997872
    outer loop
      vertex 4 0 23.7
      vertex 0 -0.221894 23.6855
      vertex 0 0 23.7
    endloop
  endfacet
  facet normal 0 0.896843 0.442349
    outer loop
      vertex 4 -1.47224 21.15
      vertex 0 -1.57059 21.3494
      vertex 4 -1.57059 21.3494
    endloop
  endfacet
  facet normal 0 0.896843 0.442349
    outer loop
      vertex 0 -1.57059 21.3494
      vertex 4 -1.47224 21.15
      vertex 0 -1.47224 21.15
    endloop
  endfacet
  facet normal 0 -0.195167 -0.98077
    outer loop
      vertex 0 0.221894 23.6855
      vertex 4 0.439992 23.6421
      vertex 4 0.221894 23.6855
    endloop
  endfacet
  facet normal -0 -0.195167 -0.98077
    outer loop
      vertex 4 0.439992 23.6421
      vertex 0 0.221894 23.6855
      vertex 0 0.439992 23.6421
    endloop
  endfacet
  facet normal 0 -0.321526 -0.946901
    outer loop
      vertex 0 0.439992 23.6421
      vertex 4 0.650561 23.5706
      vertex 4 0.439992 23.6421
    endloop
  endfacet
  facet normal -0 -0.321526 -0.946901
    outer loop
      vertex 4 0.650561 23.5706
      vertex 0 0.439992 23.6421
      vertex 0 0.650561 23.5706
    endloop
  endfacet
  facet normal 0 -0.831483 -0.555551
    outer loop
      vertex 0 1.47224 22.85
      vertex 4 1.3487 23.0349
      vertex 0 1.3487 23.0349
    endloop
  endfacet
  facet normal 0 -0.831483 -0.555551
    outer loop
      vertex 4 1.3487 23.0349
      vertex 0 1.47224 22.85
      vertex 4 1.47224 22.85
    endloop
  endfacet
  facet normal 0 -0.896843 0.442349
    outer loop
      vertex 0 1.47224 21.15
      vertex 4 1.57059 21.3494
      vertex 0 1.57059 21.3494
    endloop
  endfacet
  facet normal 0 -0.896843 0.442349
    outer loop
      vertex 4 1.57059 21.3494
      vertex 0 1.47224 21.15
      vertex 4 1.47224 21.15
    endloop
  endfacet
  facet normal 0 -0.321526 0.946901
    outer loop
      vertex 0 0.650561 20.4294
      vertex 4 0.439992 20.3579
      vertex 4 0.650561 20.4294
    endloop
  endfacet
  facet normal 0 -0.321526 0.946901
    outer loop
      vertex 4 0.439992 20.3579
      vertex 0 0.650561 20.4294
      vertex 0 0.439992 20.3579
    endloop
  endfacet
  facet normal 0 -0.0652074 -0.997872
    outer loop
      vertex 0 0 23.7
      vertex 4 0.221894 23.6855
      vertex 4 0 23.7
    endloop
  endfacet
  facet normal -0 -0.0652074 -0.997872
    outer loop
      vertex 4 0.221894 23.6855
      vertex 0 0 23.7
      vertex 0 0.221894 23.6855
    endloop
  endfacet
  facet normal 0 -0.896843 -0.442349
    outer loop
      vertex 0 1.57059 22.6506
      vertex 4 1.47224 22.85
      vertex 0 1.47224 22.85
    endloop
  endfacet
  facet normal 0 -0.896843 -0.442349
    outer loop
      vertex 4 1.47224 22.85
      vertex 0 1.57059 22.6506
      vertex 4 1.57059 22.6506
    endloop
  endfacet
  facet normal 0 0.195167 -0.98077
    outer loop
      vertex 0 -0.439992 23.6421
      vertex 4 -0.221894 23.6855
      vertex 4 -0.439992 23.6421
    endloop
  endfacet
  facet normal 0 0.195167 -0.98077
    outer loop
      vertex 4 -0.221894 23.6855
      vertex 0 -0.439992 23.6421
      vertex 0 -0.221894 23.6855
    endloop
  endfacet
  facet normal 0 -0.555445 -0.831553
    outer loop
      vertex 0 0.849999 23.4722
      vertex 4 1.03489 23.3487
      vertex 4 0.849999 23.4722
    endloop
  endfacet
  facet normal -0 -0.555445 -0.831553
    outer loop
      vertex 4 1.03489 23.3487
      vertex 0 0.849999 23.4722
      vertex 0 1.03489 23.3487
    endloop
  endfacet
  facet normal 0 0.831483 -0.555551
    outer loop
      vertex 4 -1.47224 22.85
      vertex 0 -1.3487 23.0349
      vertex 4 -1.3487 23.0349
    endloop
  endfacet
  facet normal 0 0.831483 -0.555551
    outer loop
      vertex 0 -1.3487 23.0349
      vertex 4 -1.47224 22.85
      vertex 0 -1.47224 22.85
    endloop
  endfacet
  facet normal 0 -0.896754 -0.44253
    outer loop
      vertex 0 61.5706 22.6506
      vertex 4 61.4722 22.85
      vertex 0 61.4722 22.85
    endloop
  endfacet
  facet normal 0 -0.896754 -0.44253
    outer loop
      vertex 4 61.4722 22.85
      vertex 0 61.5706 22.6506
      vertex 4 61.5706 22.6506
    endloop
  endfacet
  facet normal 0 -0.946915 0.321484
    outer loop
      vertex 0 61.5706 21.3494
      vertex 4 61.6421 21.56
      vertex 0 61.6421 21.56
    endloop
  endfacet
  facet normal 0 -0.946915 0.321484
    outer loop
      vertex 4 61.6421 21.56
      vertex 0 61.5706 21.3494
      vertex 4 61.5706 21.3494
    endloop
  endfacet
  facet normal 0 0.896754 -0.44253
    outer loop
      vertex 4 58.4294 22.6506
      vertex 0 58.5278 22.85
      vertex 4 58.5278 22.85
    endloop
  endfacet
  facet normal 0 0.896754 -0.44253
    outer loop
      vertex 0 58.5278 22.85
      vertex 4 58.4294 22.6506
      vertex 0 58.4294 22.6506
    endloop
  endfacet
  facet normal 0 -0.831566 0.555426
    outer loop
      vertex 0 61.3487 20.9651
      vertex 4 61.4722 21.15
      vertex 0 61.4722 21.15
    endloop
  endfacet
  facet normal 0 -0.831566 0.555426
    outer loop
      vertex 4 61.4722 21.15
      vertex 0 61.3487 20.9651
      vertex 4 61.3487 20.9651
    endloop
  endfacet
  facet normal 0 -0.751908 -0.659268
    outer loop
      vertex 0 61.3487 23.0349
      vertex 4 61.2021 23.2021
      vertex 0 61.2021 23.2021
    endloop
  endfacet
  facet normal 0 -0.751908 -0.659268
    outer loop
      vertex 4 61.2021 23.2021
      vertex 0 61.3487 23.0349
      vertex 4 61.3487 23.0349
    endloop
  endfacet
  facet normal 0 -0.0652057 0.997872
    outer loop
      vertex 0 60.2219 20.3145
      vertex 4 60 20.3
      vertex 4 60.2219 20.3145
    endloop
  endfacet
  facet normal 0 -0.0652057 0.997872
    outer loop
      vertex 4 60 20.3
      vertex 0 60.2219 20.3145
      vertex 0 60 20.3
    endloop
  endfacet
  facet normal 0 0.946915 0.321484
    outer loop
      vertex 4 58.4294 21.3494
      vertex 0 58.3579 21.56
      vertex 4 58.3579 21.56
    endloop
  endfacet
  facet normal 0 0.946915 0.321484
    outer loop
      vertex 0 58.3579 21.56
      vertex 4 58.4294 21.3494
      vertex 0 58.4294 21.3494
    endloop
  endfacet
  facet normal 0 -0.659268 0.751908
    outer loop
      vertex 0 61.2021 20.7979
      vertex 4 61.0349 20.6513
      vertex 4 61.2021 20.7979
    endloop
  endfacet
  facet normal 0 -0.659268 0.751908
    outer loop
      vertex 4 61.0349 20.6513
      vertex 0 61.2021 20.7979
      vertex 0 61.0349 20.6513
    endloop
  endfacet
  facet normal -0 0.555426 0.831566
    outer loop
      vertex 0 59.15 20.5278
      vertex 4 58.9651 20.6513
      vertex 4 59.15 20.5278
    endloop
  endfacet
  facet normal 0 0.555426 0.831566
    outer loop
      vertex 4 58.9651 20.6513
      vertex 0 59.15 20.5278
      vertex 0 58.9651 20.6513
    endloop
  endfacet
  facet normal -0 0.321484 0.946915
    outer loop
      vertex 0 59.56 20.3579
      vertex 4 59.3494 20.4294
      vertex 4 59.56 20.3579
    endloop
  endfacet
  facet normal 0 0.321484 0.946915
    outer loop
      vertex 4 59.3494 20.4294
      vertex 0 59.56 20.3579
      vertex 0 59.3494 20.4294
    endloop
  endfacet
  facet normal 0 -0.997872 0.0652057
    outer loop
      vertex 0 61.6855 21.7781
      vertex 4 61.7 22
      vertex 0 61.7 22
    endloop
  endfacet
  facet normal 0 -0.997872 0.0652057
    outer loop
      vertex 4 61.7 22
      vertex 0 61.6855 21.7781
      vertex 4 61.6855 21.7781
    endloop
  endfacet
  facet normal 0 -0.831566 -0.555426
    outer loop
      vertex 0 61.4722 22.85
      vertex 4 61.3487 23.0349
      vertex 0 61.3487 23.0349
    endloop
  endfacet
  facet normal 0 -0.831566 -0.555426
    outer loop
      vertex 4 61.3487 23.0349
      vertex 0 61.4722 22.85
      vertex 4 61.4722 22.85
    endloop
  endfacet
  facet normal -0 0.44253 0.896754
    outer loop
      vertex 0 59.3494 20.4294
      vertex 4 59.15 20.5278
      vertex 4 59.3494 20.4294
    endloop
  endfacet
  facet normal 0 0.44253 0.896754
    outer loop
      vertex 4 59.15 20.5278
      vertex 0 59.3494 20.4294
      vertex 0 59.15 20.5278
    endloop
  endfacet
  facet normal 0 -0.195165 0.98077
    outer loop
      vertex 0 60.44 20.3579
      vertex 4 60.2219 20.3145
      vertex 4 60.44 20.3579
    endloop
  endfacet
  facet normal 0 -0.195165 0.98077
    outer loop
      vertex 4 60.2219 20.3145
      vertex 0 60.44 20.3579
      vertex 0 60.2219 20.3145
    endloop
  endfacet
  facet normal 0 -0.751908 0.659268
    outer loop
      vertex 0 61.2021 20.7979
      vertex 4 61.3487 20.9651
      vertex 0 61.3487 20.9651
    endloop
  endfacet
  facet normal 0 -0.751908 0.659268
    outer loop
      vertex 4 61.3487 20.9651
      vertex 0 61.2021 20.7979
      vertex 4 61.2021 20.7979
    endloop
  endfacet
  facet normal 0 0.831566 0.555426
    outer loop
      vertex 4 58.6513 20.9651
      vertex 0 58.5278 21.15
      vertex 4 58.5278 21.15
    endloop
  endfacet
  facet normal 0 0.831566 0.555426
    outer loop
      vertex 0 58.5278 21.15
      vertex 4 58.6513 20.9651
      vertex 0 58.6513 20.9651
    endloop
  endfacet
  facet normal 0 -0.44253 0.896754
    outer loop
      vertex 0 60.85 20.5278
      vertex 4 60.6506 20.4294
      vertex 4 60.85 20.5278
    endloop
  endfacet
  facet normal 0 -0.44253 0.896754
    outer loop
      vertex 4 60.6506 20.4294
      vertex 0 60.85 20.5278
      vertex 0 60.6506 20.4294
    endloop
  endfacet
  facet normal 0 0.659268 -0.751908
    outer loop
      vertex 0 58.7979 23.2021
      vertex 4 58.9651 23.3487
      vertex 4 58.7979 23.2021
    endloop
  endfacet
  facet normal 0 0.659268 -0.751908
    outer loop
      vertex 4 58.9651 23.3487
      vertex 0 58.7979 23.2021
      vertex 0 58.9651 23.3487
    endloop
  endfacet
  facet normal 0 0.555426 -0.831566
    outer loop
      vertex 0 58.9651 23.3487
      vertex 4 59.15 23.4722
      vertex 4 58.9651 23.3487
    endloop
  endfacet
  facet normal 0 0.555426 -0.831566
    outer loop
      vertex 4 59.15 23.4722
      vertex 0 58.9651 23.3487
      vertex 0 59.15 23.4722
    endloop
  endfacet
  facet normal 0 -0.555426 0.831566
    outer loop
      vertex 0 61.0349 20.6513
      vertex 4 60.85 20.5278
      vertex 4 61.0349 20.6513
    endloop
  endfacet
  facet normal 0 -0.555426 0.831566
    outer loop
      vertex 4 60.85 20.5278
      vertex 0 61.0349 20.6513
      vertex 0 60.85 20.5278
    endloop
  endfacet
  facet normal 0 0.98077 0.195165
    outer loop
      vertex 4 58.3579 21.56
      vertex 0 58.3145 21.7781
      vertex 4 58.3145 21.7781
    endloop
  endfacet
  facet normal 0 0.98077 0.195165
    outer loop
      vertex 0 58.3145 21.7781
      vertex 4 58.3579 21.56
      vertex 0 58.3579 21.56
    endloop
  endfacet
  facet normal -0 0.195165 0.98077
    outer loop
      vertex 0 59.7781 20.3145
      vertex 4 59.56 20.3579
      vertex 4 59.7781 20.3145
    endloop
  endfacet
  facet normal 0 0.195165 0.98077
    outer loop
      vertex 4 59.56 20.3579
      vertex 0 59.7781 20.3145
      vertex 0 59.56 20.3579
    endloop
  endfacet
  facet normal 0 0.946915 -0.321484
    outer loop
      vertex 4 58.3579 22.44
      vertex 0 58.4294 22.6506
      vertex 4 58.4294 22.6506
    endloop
  endfacet
  facet normal 0 0.946915 -0.321484
    outer loop
      vertex 0 58.4294 22.6506
      vertex 4 58.3579 22.44
      vertex 0 58.3579 22.44
    endloop
  endfacet
  facet normal 0 -0.896754 0.44253
    outer loop
      vertex 0 61.4722 21.15
      vertex 4 61.5706 21.3494
      vertex 0 61.5706 21.3494
    endloop
  endfacet
  facet normal 0 -0.896754 0.44253
    outer loop
      vertex 4 61.5706 21.3494
      vertex 0 61.4722 21.15
      vertex 4 61.4722 21.15
    endloop
  endfacet
  facet normal 0 0.321484 -0.946915
    outer loop
      vertex 0 59.3494 23.5706
      vertex 4 59.56 23.6421
      vertex 4 59.3494 23.5706
    endloop
  endfacet
  facet normal 0 0.321484 -0.946915
    outer loop
      vertex 4 59.56 23.6421
      vertex 0 59.3494 23.5706
      vertex 0 59.56 23.6421
    endloop
  endfacet
  facet normal 0 0.896754 0.44253
    outer loop
      vertex 4 58.5278 21.15
      vertex 0 58.4294 21.3494
      vertex 4 58.4294 21.3494
    endloop
  endfacet
  facet normal 0 0.896754 0.44253
    outer loop
      vertex 0 58.4294 21.3494
      vertex 4 58.5278 21.15
      vertex 0 58.5278 21.15
    endloop
  endfacet
  facet normal 0 -0.946915 -0.321484
    outer loop
      vertex 0 61.6421 22.44
      vertex 4 61.5706 22.6506
      vertex 0 61.5706 22.6506
    endloop
  endfacet
  facet normal 0 -0.946915 -0.321484
    outer loop
      vertex 4 61.5706 22.6506
      vertex 0 61.6421 22.44
      vertex 4 61.6421 22.44
    endloop
  endfacet
  facet normal 0 -0.98077 -0.195165
    outer loop
      vertex 0 61.6855 22.2219
      vertex 4 61.6421 22.44
      vertex 0 61.6421 22.44
    endloop
  endfacet
  facet normal 0 -0.98077 -0.195165
    outer loop
      vertex 4 61.6421 22.44
      vertex 0 61.6855 22.2219
      vertex 4 61.6855 22.2219
    endloop
  endfacet
  facet normal -0 0.0652057 0.997872
    outer loop
      vertex 0 60 20.3
      vertex 4 59.7781 20.3145
      vertex 4 60 20.3
    endloop
  endfacet
  facet normal 0 0.0652057 0.997872
    outer loop
      vertex 4 59.7781 20.3145
      vertex 0 60 20.3
      vertex 0 59.7781 20.3145
    endloop
  endfacet
  facet normal 0 0.997872 0.0652057
    outer loop
      vertex 4 58.3145 21.7781
      vertex 0 58.3 22
      vertex 4 58.3 22
    endloop
  endfacet
  facet normal 0 0.997872 0.0652057
    outer loop
      vertex 0 58.3 22
      vertex 4 58.3145 21.7781
      vertex 0 58.3145 21.7781
    endloop
  endfacet
  facet normal -0 0.659268 0.751908
    outer loop
      vertex 0 58.9651 20.6513
      vertex 4 58.7979 20.7979
      vertex 4 58.9651 20.6513
    endloop
  endfacet
  facet normal 0 0.659268 0.751908
    outer loop
      vertex 4 58.7979 20.7979
      vertex 0 58.9651 20.6513
      vertex 0 58.7979 20.7979
    endloop
  endfacet
  facet normal 0 -0.659268 -0.751908
    outer loop
      vertex 0 61.0349 23.3487
      vertex 4 61.2021 23.2021
      vertex 4 61.0349 23.3487
    endloop
  endfacet
  facet normal -0 -0.659268 -0.751908
    outer loop
      vertex 4 61.2021 23.2021
      vertex 0 61.0349 23.3487
      vertex 0 61.2021 23.2021
    endloop
  endfacet
  facet normal 0 -0.555426 -0.831566
    outer loop
      vertex 0 60.85 23.4722
      vertex 4 61.0349 23.3487
      vertex 4 60.85 23.4722
    endloop
  endfacet
  facet normal -0 -0.555426 -0.831566
    outer loop
      vertex 4 61.0349 23.3487
      vertex 0 60.85 23.4722
      vertex 0 61.0349 23.3487
    endloop
  endfacet
  facet normal 0 -0.997872 -0.0652057
    outer loop
      vertex 0 61.7 22
      vertex 4 61.6855 22.2219
      vertex 0 61.6855 22.2219
    endloop
  endfacet
  facet normal 0 -0.997872 -0.0652057
    outer loop
      vertex 4 61.6855 22.2219
      vertex 0 61.7 22
      vertex 4 61.7 22
    endloop
  endfacet
  facet normal 0 0.195165 -0.98077
    outer loop
      vertex 0 59.56 23.6421
      vertex 4 59.7781 23.6855
      vertex 4 59.56 23.6421
    endloop
  endfacet
  facet normal 0 0.195165 -0.98077
    outer loop
      vertex 4 59.7781 23.6855
      vertex 0 59.56 23.6421
      vertex 0 59.7781 23.6855
    endloop
  endfacet
  facet normal 0 -0.321484 0.946915
    outer loop
      vertex 0 60.6506 20.4294
      vertex 4 60.44 20.3579
      vertex 4 60.6506 20.4294
    endloop
  endfacet
  facet normal 0 -0.321484 0.946915
    outer loop
      vertex 4 60.44 20.3579
      vertex 0 60.6506 20.4294
      vertex 0 60.44 20.3579
    endloop
  endfacet
  facet normal 0 0.831566 -0.555426
    outer loop
      vertex 4 58.5278 22.85
      vertex 0 58.6513 23.0349
      vertex 4 58.6513 23.0349
    endloop
  endfacet
  facet normal 0 0.831566 -0.555426
    outer loop
      vertex 0 58.6513 23.0349
      vertex 4 58.5278 22.85
      vertex 0 58.5278 22.85
    endloop
  endfacet
  facet normal 0 0.0652057 -0.997872
    outer loop
      vertex 0 59.7781 23.6855
      vertex 4 60 23.7
      vertex 4 59.7781 23.6855
    endloop
  endfacet
  facet normal 0 0.0652057 -0.997872
    outer loop
      vertex 4 60 23.7
      vertex 0 59.7781 23.6855
      vertex 0 60 23.7
    endloop
  endfacet
  facet normal 0 0.98077 -0.195165
    outer loop
      vertex 4 58.3145 22.2219
      vertex 0 58.3579 22.44
      vertex 4 58.3579 22.44
    endloop
  endfacet
  facet normal 0 0.98077 -0.195165
    outer loop
      vertex 0 58.3579 22.44
      vertex 4 58.3145 22.2219
      vertex 0 58.3145 22.2219
    endloop
  endfacet
  facet normal 0 -0.44253 -0.896754
    outer loop
      vertex 0 60.6506 23.5706
      vertex 4 60.85 23.4722
      vertex 4 60.6506 23.5706
    endloop
  endfacet
  facet normal -0 -0.44253 -0.896754
    outer loop
      vertex 4 60.85 23.4722
      vertex 0 60.6506 23.5706
      vertex 0 60.85 23.4722
    endloop
  endfacet
  facet normal 0 0.751908 -0.659268
    outer loop
      vertex 4 58.6513 23.0349
      vertex 0 58.7979 23.2021
      vertex 4 58.7979 23.2021
    endloop
  endfacet
  facet normal 0 0.751908 -0.659268
    outer loop
      vertex 0 58.7979 23.2021
      vertex 4 58.6513 23.0349
      vertex 0 58.6513 23.0349
    endloop
  endfacet
  facet normal 0 0.997872 -0.0652057
    outer loop
      vertex 4 58.3 22
      vertex 0 58.3145 22.2219
      vertex 4 58.3145 22.2219
    endloop
  endfacet
  facet normal 0 0.997872 -0.0652057
    outer loop
      vertex 0 58.3145 22.2219
      vertex 4 58.3 22
      vertex 0 58.3 22
    endloop
  endfacet
  facet normal 0 0.44253 -0.896754
    outer loop
      vertex 0 59.15 23.4722
      vertex 4 59.3494 23.5706
      vertex 4 59.15 23.4722
    endloop
  endfacet
  facet normal 0 0.44253 -0.896754
    outer loop
      vertex 4 59.3494 23.5706
      vertex 0 59.15 23.4722
      vertex 0 59.3494 23.5706
    endloop
  endfacet
  facet normal 0 -0.0652057 -0.997872
    outer loop
      vertex 0 60 23.7
      vertex 4 60.2219 23.6855
      vertex 4 60 23.7
    endloop
  endfacet
  facet normal -0 -0.0652057 -0.997872
    outer loop
      vertex 4 60.2219 23.6855
      vertex 0 60 23.7
      vertex 0 60.2219 23.6855
    endloop
  endfacet
  facet normal 0 -0.195165 -0.98077
    outer loop
      vertex 0 60.2219 23.6855
      vertex 4 60.44 23.6421
      vertex 4 60.2219 23.6855
    endloop
  endfacet
  facet normal -0 -0.195165 -0.98077
    outer loop
      vertex 4 60.44 23.6421
      vertex 0 60.2219 23.6855
      vertex 0 60.44 23.6421
    endloop
  endfacet
  facet normal 0 -0.321484 -0.946915
    outer loop
      vertex 0 60.44 23.6421
      vertex 4 60.6506 23.5706
      vertex 4 60.44 23.6421
    endloop
  endfacet
  facet normal -0 -0.321484 -0.946915
    outer loop
      vertex 4 60.6506 23.5706
      vertex 0 60.44 23.6421
      vertex 0 60.6506 23.5706
    endloop
  endfacet
  facet normal 0 -0.98077 0.195165
    outer loop
      vertex 0 61.6421 21.56
      vertex 4 61.6855 21.7781
      vertex 0 61.6855 21.7781
    endloop
  endfacet
  facet normal 0 -0.98077 0.195165
    outer loop
      vertex 4 61.6855 21.7781
      vertex 0 61.6421 21.56
      vertex 4 61.6421 21.56
    endloop
  endfacet
  facet normal 0 0.751908 0.659268
    outer loop
      vertex 4 58.7979 20.7979
      vertex 0 58.6513 20.9651
      vertex 4 58.6513 20.9651
    endloop
  endfacet
  facet normal 0 0.751908 0.659268
    outer loop
      vertex 0 58.6513 20.9651
      vertex 4 58.7979 20.7979
      vertex 0 58.7979 20.7979
    endloop
  endfacet
endsolid OpenSCAD_Model
