solid OpenSCAD_Model
  facet normal 0.114453 -0.885159 0.450993
    outer loop
      vertex 59.0475 -14.7877 -2.43176
      vertex 85.3006 -11.857 -3.34225
      vertex 59.0475 -14.2967 -1.46808
    endloop
  endfacet
  facet normal -0.305566 -0.940447 0.148959
    outer loop
      vertex 55.911 -14.6185 -3.5
      vertex 56.9525 -14.9569 -3.5
      vertex 56.9525 -14.7877 -2.43176
    endloop
  endfacet
  facet normal 0.114454 -0.885163 0.450985
    outer loop
      vertex 59.0475 -14.7877 -2.43176
      vertex 85.3006 -12.3059 -4.22332
      vertex 85.3006 -11.857 -3.34225
    endloop
  endfacet
  facet normal 0 0.891006 0.453992
    outer loop
      vertex 85.3006 -5.69409 -4.22332
      vertex 83.6994 -6.14302 -3.34225
      vertex 85.3006 -6.14302 -3.34225
    endloop
  endfacet
  facet normal 0 0.891006 0.453992
    outer loop
      vertex 83.6994 -6.14302 -3.34225
      vertex 85.3006 -5.69409 -4.22332
      vertex 83.6994 -5.69409 -4.22332
    endloop
  endfacet
  facet normal 0 0.987688 0.156434
    outer loop
      vertex 85.3006 -5.5394 -5.2
      vertex 83.6994 -5.69409 -4.22332
      vertex 85.3006 -5.69409 -4.22332
    endloop
  endfacet
  facet normal 0 0.987688 0.156434
    outer loop
      vertex 83.6994 -5.69409 -4.22332
      vertex 85.3006 -5.5394 -5.2
      vertex 83.6994 -5.5394 -5.2
    endloop
  endfacet
  facet normal 0.075822 0 0.997121
    outer loop
      vertex 59.0475 -10.5 -0.0430908
      vertex 85.3006 -9.3 -2.0394
      vertex 85.3006 -8.7 -2.0394
    endloop
  endfacet
  facet normal 0.075822 0 0.997121
    outer loop
      vertex 85.3006 -9.3 -2.0394
      vertex 59.0475 -10.5 -0.0430908
      vertex 59.0475 -11.5 -0.0430908
    endloop
  endfacet
  facet normal 0.103487 -0.982383 -0.155607
    outer loop
      vertex 59.0475 -14.9569 -16.5
      vertex 59.0475 -14.7877 -17.5682
      vertex 85.3006 -12.3059 -15.7767
    endloop
  endfacet
  facet normal 0.0642301 0.156112 0.985649
    outer loop
      vertex 59.0475 -10.5 -0.0430908
      vertex 59.1924 -9.42233 -0.22322
      vertex 59.0475 -9.54112 -0.194963
    endloop
  endfacet
  facet normal 0.0642462 0.15611 0.985648
    outer loop
      vertex 59.1924 -9.42233 -0.22322
      vertex 59.0475 -10.5 -0.0430908
      vertex 85.3006 -7.72332 -2.19409
    endloop
  endfacet
  facet normal 0.305555 0.848396 0.432273
    outer loop
      vertex 86.2528 -6.39331 -3.52409
      vertex 86.2528 -5.98833 -4.31892
      vertex 85.3006 -6.14302 -3.34225
    endloop
  endfacet
  facet normal -0.0201625 0.890828 -0.453894
    outer loop
      vertex 83.6994 -6.14302 -16.6578
      vertex 62.305 -7.39107 -18.1569
      vertex 62.8792 -6.97535 -17.3665
    endloop
  endfacet
  facet normal 0.103487 -0.982384 -0.1556
    outer loop
      vertex 85.3006 -12.4606 -14.8
      vertex 59.0475 -14.9569 -16.5
      vertex 85.3006 -12.3059 -15.7767
    endloop
  endfacet
  facet normal -0 0 1
    outer loop
      vertex 56.9525 -10.5 -0.0430908
      vertex 59.0475 -11.5 -0.0430908
      vertex 59.0475 -10.5 -0.0430908
    endloop
  endfacet
  facet normal 0 0 1
    outer loop
      vertex 59.0475 -11.5 -0.0430908
      vertex 56.9525 -10.5 -0.0430908
      vertex 56.9525 -11.5 -0.0430908
    endloop
  endfacet
  facet normal -0.0455376 0.986666 0.156259
    outer loop
      vertex 63.346 -6.78348 -3.27606
      vertex 83.6994 -5.69409 -4.22332
      vertex 63.4761 -6.71407 -3.67642
    endloop
  endfacet
  facet normal -0.0455368 0.986663 0.156275
    outer loop
      vertex 83.6994 -5.69409 -4.22332
      vertex 63.346 -6.78348 -3.27606
      vertex 63.0283 -6.86741 -2.83873
    endloop
  endfacet
  facet normal -0.587707 -0.809074 0
    outer loop
      vertex 55.4662 -14.2954 -16.5
      vertex 55.911 -14.6185 -16.5
      vertex 55.911 -14.6185 -15.8657
    endloop
  endfacet
  facet normal -0.587707 -0.809074 0
    outer loop
      vertex 55.4662 -14.2954 -3.5
      vertex 55.911 -14.6185 -4.13426
      vertex 55.911 -14.6185 -3.5
    endloop
  endfacet
  facet normal 0.094659 -0.99551 0
    outer loop
      vertex 59.0475 -14.9569 -3.5
      vertex 85.3006 -12.4606 -14.8
      vertex 85.3006 -12.4606 -5.2
    endloop
  endfacet
  facet normal 0.094659 -0.99551 0
    outer loop
      vertex 85.3006 -12.4606 -14.8
      vertex 59.0475 -14.9569 -3.5
      vertex 59.0475 -14.9569 -16.5
    endloop
  endfacet
  facet normal 0.583053 0.802431 0.127093
    outer loop
      vertex 86.2528 -5.98833 -4.31892
      vertex 87.0627 -6.43726 -5.2
      vertex 86.2528 -5.84878 -5.2
    endloop
  endfacet
  facet normal 0.305528 0.148963 -0.940459
    outer loop
      vertex 86.2528 -7.81892 -17.5117
      vertex 85.3006 -8.7 -17.9606
      vertex 85.3006 -7.72332 -17.8059
    endloop
  endfacet
  facet normal 0.03769 0.45367 0.890372
    outer loop
      vertex 59.2074 -9.41599 -0.227085
      vertex 85.3006 -7.72332 -2.19409
      vertex 85.3006 -6.84225 -2.64302
    endloop
  endfacet
  facet normal 0.037695 0.453621 0.890397
    outer loop
      vertex 85.3006 -7.72332 -2.19409
      vertex 59.2074 -9.41599 -0.227085
      vertex 59.1924 -9.42233 -0.22322
    endloop
  endfacet
  facet normal -0.30553 -0.432299 0.848392
    outer loop
      vertex 55.911 -12.4637 -0.534109
      vertex 55.911 -13.333 -0.977062
      vertex 56.9525 -12.5682 -0.212284
    endloop
  endfacet
  facet normal 0.0878727 -0.155835 -0.983867
    outer loop
      vertex 85.3006 -10.2767 -17.8059
      vertex 59.0475 -11.5 -19.9569
      vertex 85.3006 -9.3 -17.9606
    endloop
  endfacet
  facet normal 0.305531 0.432261 -0.848411
    outer loop
      vertex 86.2528 -7.81892 -17.5117
      vertex 85.3006 -7.72332 -17.8059
      vertex 85.3006 -6.84225 -17.357
    endloop
  endfacet
  facet normal -0.583022 -0.127129 0.802449
    outer loop
      vertex 55.4662 -11.5 -0.704648
      vertex 55.1478 -12.1589 -1.04037
      vertex 55.911 -11.5 -0.381477
    endloop
  endfacet
  facet normal 0.103487 -0.982384 0.155603
    outer loop
      vertex 59.0475 -14.9569 -3.5
      vertex 85.3006 -12.4606 -5.2
      vertex 85.3006 -12.3059 -4.22332
    endloop
  endfacet
  facet normal 0.103487 -0.982384 0.155601
    outer loop
      vertex 59.0475 -14.9569 -3.5
      vertex 85.3006 -12.3059 -4.22332
      vertex 59.0475 -14.7877 -2.43176
    endloop
  endfacet
  facet normal 0.0642461 0.15611 0.985648
    outer loop
      vertex 85.3006 -8.7 -2.0394
      vertex 85.3006 -7.72332 -2.19409
      vertex 59.0475 -10.5 -0.0430908
    endloop
  endfacet
  facet normal 0.80552 0.0926936 0.585273
    outer loop
      vertex 87.6512 -8.7 -3.74723
      vertex 87.6512 -8.25107 -3.81833
      vertex 87.0627 -8.00077 -3.04801
    endloop
  endfacet
  facet normal -0.0561306 0.998423 -1.50581e-06
    outer loop
      vertex 83.6994 -5.5394 -5.2
      vertex 63.9261 -6.65104 -5.06139
      vertex 63.5552 -6.67189 -3.91966
    endloop
  endfacet
  facet normal -0.0561306 0.998423 0
    outer loop
      vertex 83.6994 -5.5394 -14.8
      vertex 63.9261 -6.65104 -5.06139
      vertex 83.6994 -5.5394 -5.2
    endloop
  endfacet
  facet normal -0.0561306 0.998423 0
    outer loop
      vertex 83.6994 -5.5394 -14.8
      vertex 63.9261 -6.65104 -14.9386
      vertex 63.9261 -6.65104 -5.06139
    endloop
  endfacet
  facet normal -0.0561306 0.998423 1.50585e-06
    outer loop
      vertex 63.9261 -6.65104 -14.9386
      vertex 83.6994 -5.5394 -14.8
      vertex 63.5552 -6.67189 -16.0803
    endloop
  endfacet
  facet normal -0.0455366 0.986661 0.156288
    outer loop
      vertex 83.6994 -5.69409 -4.22332
      vertex 63.5552 -6.67189 -3.91966
      vertex 63.4761 -6.71407 -3.67642
    endloop
  endfacet
  facet normal -0.045537 0.986664 0.156271
    outer loop
      vertex 63.5552 -6.67189 -3.91966
      vertex 83.6994 -5.69409 -4.22332
      vertex 83.6994 -5.5394 -5.2
    endloop
  endfacet
  facet normal 0.805521 0.585272 -0.0926995
    outer loop
      vertex 87.6512 -7.31833 -15.2489
      vertex 87.0627 -6.54801 -15.4992
      vertex 87.6512 -7.24723 -14.8
    endloop
  endfacet
  facet normal 0.305562 -0.14895 0.94045
    outer loop
      vertex 85.3006 -9.3 -2.0394
      vertex 86.2528 -10.1811 -2.48833
      vertex 86.2528 -9.3 -2.34878
    endloop
  endfacet
  facet normal 0 -0.987686 -0.156447
    outer loop
      vertex 56.9525 -14.7877 -17.5682
      vertex 59.0475 -14.9569 -16.5
      vertex 56.9525 -14.9569 -16.5
    endloop
  endfacet
  facet normal 0 -0.987686 -0.156447
    outer loop
      vertex 59.0475 -14.9569 -16.5
      vertex 56.9525 -14.7877 -17.5682
      vertex 59.0475 -14.7877 -17.5682
    endloop
  endfacet
  facet normal -0.583009 -0.802515 -0.126769
    outer loop
      vertex 55.911 -14.4659 -17.4637
      vertex 55.1478 -13.9596 -17.1589
      vertex 55.0896 -13.8983 -17.2793
    endloop
  endfacet
  facet normal -0.583067 -0.802426 -0.127063
    outer loop
      vertex 55.1478 -13.9596 -17.1589
      vertex 55.911 -14.4659 -17.4637
      vertex 55.911 -14.6185 -16.5
    endloop
  endfacet
  facet normal -0.0455368 0.986662 -0.156282
    outer loop
      vertex 83.6994 -5.69409 -15.7767
      vertex 63.346 -6.78348 -16.7239
      vertex 63.4761 -6.71407 -16.3236
    endloop
  endfacet
  facet normal -0.0455387 0.986667 -0.156249
    outer loop
      vertex 63.346 -6.78348 -16.7239
      vertex 83.6994 -5.69409 -15.7767
      vertex 63.0283 -6.86741 -17.1613
    endloop
  endfacet
  facet normal -0.0201623 0.890831 -0.453888
    outer loop
      vertex 83.6994 -6.14302 -16.6578
      vertex 63.0283 -6.86741 -17.1613
      vertex 83.6994 -5.69409 -15.7767
    endloop
  endfacet
  facet normal -0.0201602 0.890806 -0.453936
    outer loop
      vertex 63.0283 -6.86741 -17.1613
      vertex 83.6994 -6.14302 -16.6578
      vertex 62.8792 -6.97535 -17.3665
    endloop
  endfacet
  facet normal 0.0758217 0 -0.997121
    outer loop
      vertex 59.0475 -10.5 -19.9569
      vertex 85.3006 -9.3 -17.9606
      vertex 59.0475 -11.5 -19.9569
    endloop
  endfacet
  facet normal 0.0758217 0 -0.997121
    outer loop
      vertex 85.3006 -9.3 -17.9606
      vertex 59.0475 -10.5 -19.9569
      vertex 85.3006 -8.7 -17.9606
    endloop
  endfacet
  facet normal 0.305581 -0.432282 0.848382
    outer loop
      vertex 85.3006 -11.1578 -2.64302
      vertex 86.2528 -10.9759 -2.89331
      vertex 86.2528 -10.1811 -2.48833
    endloop
  endfacet
  facet normal -0.583015 -0.802505 0.126804
    outer loop
      vertex 55.1478 -13.9596 -2.84111
      vertex 55.911 -14.4659 -2.53632
      vertex 55.0896 -13.8983 -2.72075
    endloop
  endfacet
  facet normal -0.583067 -0.802426 0.127065
    outer loop
      vertex 55.911 -14.4659 -2.53632
      vertex 55.1478 -13.9596 -2.84111
      vertex 55.911 -14.6185 -3.5
    endloop
  endfacet
  facet normal 0 1 -0
    outer loop
      vertex 85.3006 -5.5394 -14.8
      vertex 83.6994 -5.5394 -5.2
      vertex 85.3006 -5.5394 -5.2
    endloop
  endfacet
  facet normal 0 1 0
    outer loop
      vertex 83.6994 -5.5394 -5.2
      vertex 85.3006 -5.5394 -14.8
      vertex 83.6994 -5.5394 -14.8
    endloop
  endfacet
  facet normal 0.114452 -0.885163 -0.450986
    outer loop
      vertex 59.0475 -14.7877 -17.5682
      vertex 59.0475 -14.2967 -18.5319
      vertex 85.3006 -11.857 -16.6578
    endloop
  endfacet
  facet normal 0.106281 -0.451409 0.885965
    outer loop
      vertex 59.0475 -12.5682 -0.212284
      vertex 85.3006 -11.1578 -2.64302
      vertex 85.3006 -10.2767 -2.19409
    endloop
  endfacet
  facet normal 0.0878729 -0.155842 -0.983866
    outer loop
      vertex 59.0475 -12.5682 -19.7877
      vertex 59.0475 -11.5 -19.9569
      vertex 85.3006 -10.2767 -17.8059
    endloop
  endfacet
  facet normal 0.305531 -0.848411 0.432261
    outer loop
      vertex 85.3006 -12.3059 -4.22332
      vertex 86.2528 -12.0117 -4.31892
      vertex 85.3006 -11.857 -3.34225
    endloop
  endfacet
  facet normal 0.114452 -0.885169 -0.450973
    outer loop
      vertex 85.3006 -12.3059 -15.7767
      vertex 59.0475 -14.7877 -17.5682
      vertex 85.3006 -11.857 -16.6578
    endloop
  endfacet
  facet normal -0.305547 -0.14895 0.940455
    outer loop
      vertex 55.911 -11.5 -0.381477
      vertex 55.911 -12.4637 -0.534109
      vertex 56.9525 -12.5682 -0.212284
    endloop
  endfacet
  facet normal 0.106281 -0.451411 0.885964
    outer loop
      vertex 59.0475 -13.5319 -0.703302
      vertex 85.3006 -11.1578 -2.64302
      vertex 59.0475 -12.5682 -0.212284
    endloop
  endfacet
  facet normal 0.00845396 0.707082 0.707082
    outer loop
      vertex 62.1493 -7.51896 -1.68951
      vertex 85.3006 -6.84225 -2.64302
      vertex 85.3006 -6.14302 -3.34225
    endloop
  endfacet
  facet normal 0.00845403 0.707081 0.707082
    outer loop
      vertex 85.3006 -6.84225 -2.64302
      vertex 62.1493 -7.51896 -1.68951
      vertex 60.9893 -8.34783 -0.846773
    endloop
  endfacet
  facet normal -0 0.768528 0.639816
    outer loop
      vertex 83.6994 -6.14302 -3.34225
      vertex 62.1493 -7.51896 -1.68951
      vertex 85.3006 -6.14302 -3.34225
    endloop
  endfacet
  facet normal 3.38056e-06 0.768507 0.639842
    outer loop
      vertex 62.1493 -7.51896 -1.68951
      vertex 83.6994 -6.14302 -3.34225
      vertex 62.2426 -7.46247 -1.75736
    endloop
  endfacet
  facet normal -3.56616e-06 0.768553 0.639786
    outer loop
      vertex 62.2426 -7.46247 -1.75736
      vertex 83.6994 -6.14302 -3.34225
      vertex 62.305 -7.39107 -1.84313
    endloop
  endfacet
  facet normal 0.10628 -0.451385 -0.885978
    outer loop
      vertex 85.3006 -11.1578 -17.357
      vertex 59.0475 -12.5682 -19.7877
      vertex 85.3006 -10.2767 -17.8059
    endloop
  endfacet
  facet normal -0.305509 -0.848379 -0.432339
    outer loop
      vertex 55.911 -14.4659 -17.4637
      vertex 55.911 -14.0229 -18.333
      vertex 56.9525 -14.7877 -17.5682
    endloop
  endfacet
  facet normal -0.305557 -0.673279 0.673298
    outer loop
      vertex 55.911 -13.333 -0.977062
      vertex 56.9525 -14.2967 -1.46808
      vertex 56.9525 -13.5319 -0.703302
    endloop
  endfacet
  facet normal -0.30558 -0.673292 0.673275
    outer loop
      vertex 56.9525 -14.2967 -1.46808
      vertex 55.911 -13.333 -0.977062
      vertex 55.911 -14.0229 -1.66698
    endloop
  endfacet
  facet normal 0 -0.707107 -0.707107
    outer loop
      vertex 56.9525 -13.5319 -19.2967
      vertex 59.0475 -14.2967 -18.5319
      vertex 56.9525 -14.2967 -18.5319
    endloop
  endfacet
  facet normal 0 -0.707107 -0.707107
    outer loop
      vertex 59.0475 -14.2967 -18.5319
      vertex 56.9525 -13.5319 -19.2967
      vertex 59.0475 -13.5319 -19.2967
    endloop
  endfacet
  facet normal -0.305566 -0.940446 -0.148964
    outer loop
      vertex 55.911 -14.6185 -16.5
      vertex 56.9525 -14.7877 -17.5682
      vertex 56.9525 -14.9569 -16.5
    endloop
  endfacet
  facet normal -0.305509 -0.432339 -0.848379
    outer loop
      vertex 55.911 -12.4637 -19.4659
      vertex 56.9525 -12.5682 -19.7877
      vertex 55.911 -13.333 -19.0229
    endloop
  endfacet
  facet normal -0.305555 -0.43227 0.848398
    outer loop
      vertex 56.9525 -12.5682 -0.212284
      vertex 55.911 -13.333 -0.977062
      vertex 56.9525 -13.5319 -0.703302
    endloop
  endfacet
  facet normal 0.309027 -0.951053 0
    outer loop
      vertex 85.3006 -12.4606 -14.8
      vertex 86.2528 -12.1512 -5.2
      vertex 85.3006 -12.4606 -5.2
    endloop
  endfacet
  facet normal 0.309027 -0.951053 0
    outer loop
      vertex 86.2528 -12.1512 -5.2
      vertex 85.3006 -12.4606 -14.8
      vertex 86.2528 -12.1512 -14.8
    endloop
  endfacet
  facet normal -0.583008 -0.723896 0.368884
    outer loop
      vertex 55.0896 -13.8661 -2.65747
      vertex 55.911 -14.4659 -2.53632
      vertex 55.911 -14.0229 -1.66698
    endloop
  endfacet
  facet normal -0.583071 -0.724071 0.368443
    outer loop
      vertex 55.911 -14.4659 -2.53632
      vertex 55.0896 -13.8661 -2.65747
      vertex 55.0896 -13.8983 -2.72075
    endloop
  endfacet
  facet normal 0 0.987689 -0.15643
    outer loop
      vertex 85.3006 -5.69409 -15.7767
      vertex 83.6994 -5.5394 -14.8
      vertex 85.3006 -5.5394 -14.8
    endloop
  endfacet
  facet normal 0 0.987689 -0.15643
    outer loop
      vertex 83.6994 -5.5394 -14.8
      vertex 85.3006 -5.69409 -15.7767
      vertex 83.6994 -5.69409 -15.7767
    endloop
  endfacet
  facet normal 0.58782 0.808992 -0
    outer loop
      vertex 87.0627 -6.43726 -14.8
      vertex 86.2528 -5.84878 -5.2
      vertex 87.0627 -6.43726 -5.2
    endloop
  endfacet
  facet normal 0.58782 0.808992 0
    outer loop
      vertex 86.2528 -5.84878 -5.2
      vertex 87.0627 -6.43726 -14.8
      vertex 86.2528 -5.84878 -14.8
    endloop
  endfacet
  facet normal 0.0376924 0.453646 -0.890385
    outer loop
      vertex 85.3006 -7.72332 -17.8059
      vertex 59.2074 -9.41599 -19.7729
      vertex 85.3006 -6.84225 -17.357
    endloop
  endfacet
  facet normal 0.0372201 0.458222 -0.888058
    outer loop
      vertex 59.2074 -9.41599 -19.7729
      vertex 85.3006 -7.72332 -17.8059
      vertex 59.1924 -9.42233 -19.7768
    endloop
  endfacet
  facet normal 0.0376902 0.45365 -0.890383
    outer loop
      vertex 85.3006 -6.84225 -17.357
      vertex 60.7239 -8.70419 -19.346
      vertex 60.9893 -8.34783 -19.1532
    endloop
  endfacet
  facet normal 0.037687 0.453678 -0.890369
    outer loop
      vertex 85.3006 -6.84225 -17.357
      vertex 60.1906 -9 -19.5193
      vertex 60.7239 -8.70419 -19.346
    endloop
  endfacet
  facet normal 0.0376814 0.453721 -0.890347
    outer loop
      vertex 60.1906 -9 -19.5193
      vertex 85.3006 -6.84225 -17.357
      vertex 59.2074 -9.41599 -19.7729
    endloop
  endfacet
  facet normal 0 0.768521 -0.639825
    outer loop
      vertex 62.1493 -7.51896 -18.3105
      vertex 83.6994 -6.14302 -16.6578
      vertex 85.3006 -6.14302 -16.6578
    endloop
  endfacet
  facet normal 3.43771e-05 0.768282 -0.640111
    outer loop
      vertex 83.6994 -6.14302 -16.6578
      vertex 62.2426 -7.46247 -18.2426
      vertex 62.305 -7.39107 -18.1569
    endloop
  endfacet
  facet normal -3.83504e-05 0.768767 -0.639529
    outer loop
      vertex 83.6994 -6.14302 -16.6578
      vertex 62.1493 -7.51896 -18.3105
      vertex 62.2426 -7.46247 -18.2426
    endloop
  endfacet
  facet normal 0.305562 0.848391 0.432279
    outer loop
      vertex 85.3006 -6.14302 -3.34225
      vertex 86.2528 -5.98833 -4.31892
      vertex 85.3006 -5.69409 -4.22332
    endloop
  endfacet
  facet normal -0.0455375 0.986664 -0.156268
    outer loop
      vertex 83.6994 -5.69409 -15.7767
      vertex 63.5552 -6.67189 -16.0803
      vertex 83.6994 -5.5394 -14.8
    endloop
  endfacet
  facet normal -0.045538 0.986667 -0.15625
    outer loop
      vertex 63.5552 -6.67189 -16.0803
      vertex 83.6994 -5.69409 -15.7767
      vertex 63.4761 -6.71407 -16.3236
    endloop
  endfacet
  facet normal 0 0.891012 -0.45398
    outer loop
      vertex 85.3006 -6.14302 -16.6578
      vertex 83.6994 -5.69409 -15.7767
      vertex 85.3006 -5.69409 -15.7767
    endloop
  endfacet
  facet normal 0 0.891012 -0.45398
    outer loop
      vertex 83.6994 -5.69409 -15.7767
      vertex 85.3006 -6.14302 -16.6578
      vertex 83.6994 -6.14302 -16.6578
    endloop
  endfacet
  facet normal 0.305563 -0.432267 0.848396
    outer loop
      vertex 85.3006 -10.2767 -2.19409
      vertex 85.3006 -11.1578 -2.64302
      vertex 86.2528 -10.1811 -2.48833
    endloop
  endfacet
  facet normal 0.583053 0.36883 0.723888
    outer loop
      vertex 87.0627 -8.00077 -3.04801
      vertex 87.0627 -7.36999 -3.3694
      vertex 86.2528 -7.02409 -2.89331
    endloop
  endfacet
  facet normal 0.305583 -0.940452 -0.148897
    outer loop
      vertex 85.3006 -12.4606 -14.8
      vertex 86.2528 -12.0117 -15.6811
      vertex 86.2528 -12.1512 -14.8
    endloop
  endfacet
  facet normal -0.0201613 0.890824 0.453901
    outer loop
      vertex 83.6994 -6.14302 -3.34225
      vertex 63.0283 -6.86741 -2.83873
      vertex 62.8792 -6.97535 -2.63351
    endloop
  endfacet
  facet normal -0.0201613 0.890824 0.4539
    outer loop
      vertex 63.0283 -6.86741 -2.83873
      vertex 83.6994 -6.14302 -3.34225
      vertex 83.6994 -5.69409 -4.22332
    endloop
  endfacet
  facet normal 3.24145e-05 0.156463 -0.987684
    outer loop
      vertex 59.0475 -10.5 -19.9569
      vertex 58.9386 -9.65283 -19.8227
      vertex 59.0475 -9.54112 -19.805
    endloop
  endfacet
  facet normal 0 0.156459 -0.987684
    outer loop
      vertex 56.9525 -10.5 -19.9569
      vertex 58.9386 -9.65283 -19.8227
      vertex 59.0475 -10.5 -19.9569
    endloop
  endfacet
  facet normal 0 0.156459 -0.987684
    outer loop
      vertex 58.9386 -9.65283 -19.8227
      vertex 56.9525 -10.5 -19.9569
      vertex 56.9525 -9.65283 -19.8227
    endloop
  endfacet
  facet normal 0.583053 -0.368834 0.723886
    outer loop
      vertex 86.2528 -10.9759 -2.89331
      vertex 87.0627 -10.63 -3.3694
      vertex 87.0627 -9.99923 -3.04801
    endloop
  endfacet
  facet normal -0.0201611 0.890823 0.453904
    outer loop
      vertex 62.305 -7.39107 -1.84313
      vertex 83.6994 -6.14302 -3.34225
      vertex 62.8792 -6.97535 -2.63351
    endloop
  endfacet
  facet normal 0 -0.156441 0.987687
    outer loop
      vertex 56.9525 -11.5 -0.0430908
      vertex 59.0475 -12.5682 -0.212284
      vertex 59.0475 -11.5 -0.0430908
    endloop
  endfacet
  facet normal 0 -0.156441 0.987687
    outer loop
      vertex 59.0475 -12.5682 -0.212284
      vertex 56.9525 -11.5 -0.0430908
      vertex 56.9525 -12.5682 -0.212284
    endloop
  endfacet
  facet normal 0.0376896 0.453674 0.89037
    outer loop
      vertex 60.7239 -8.70419 -0.653961
      vertex 85.3006 -6.84225 -2.64302
      vertex 60.9893 -8.34783 -0.846773
    endloop
  endfacet
  facet normal 0.0376899 0.453671 0.890372
    outer loop
      vertex 60.1906 -9 -0.480662
      vertex 85.3006 -6.84225 -2.64302
      vertex 60.7239 -8.70419 -0.653961
    endloop
  endfacet
  facet normal 0.0376904 0.453667 0.890374
    outer loop
      vertex 85.3006 -6.84225 -2.64302
      vertex 60.1906 -9 -0.480662
      vertex 59.2074 -9.41599 -0.227085
    endloop
  endfacet
  facet normal -0.582926 -0.802492 -0.127293
    outer loop
      vertex 55.4662 -14.2954 -16.5
      vertex 55.1478 -13.9596 -17.1589
      vertex 55.911 -14.6185 -16.5
    endloop
  endfacet
  facet normal 0 -1 0
    outer loop
      vertex 56.9525 -14.9569 -16.5
      vertex 59.0475 -14.9569 -3.5
      vertex 56.9525 -14.9569 -3.5
    endloop
  endfacet
  facet normal 0 -1 -0
    outer loop
      vertex 59.0475 -14.9569 -3.5
      vertex 56.9525 -14.9569 -16.5
      vertex 59.0475 -14.9569 -16.5
    endloop
  endfacet
  facet normal 0 -0.987687 0.156441
    outer loop
      vertex 56.9525 -14.9569 -3.5
      vertex 59.0475 -14.7877 -2.43176
      vertex 56.9525 -14.7877 -2.43176
    endloop
  endfacet
  facet normal 0 -0.987687 0.156441
    outer loop
      vertex 59.0475 -14.7877 -2.43176
      vertex 56.9525 -14.9569 -3.5
      vertex 59.0475 -14.9569 -3.5
    endloop
  endfacet
  facet normal -0.309364 -0.950944 0
    outer loop
      vertex 55.9651 -14.6361 -4.16873
      vertex 55.911 -14.6185 -3.5
      vertex 55.911 -14.6185 -4.13426
    endloop
  endfacet
  facet normal -0.309014 -0.951058 3.13522e-05
    outer loop
      vertex 55.911 -14.6185 -3.5
      vertex 55.9651 -14.6361 -4.16873
      vertex 56.9525 -14.9569 -3.5
    endloop
  endfacet
  facet normal -0.308995 -0.951064 -3.16348e-08
    outer loop
      vertex 56.8577 -14.9261 -6
      vertex 56.9525 -14.9569 -3.5
      vertex 55.9651 -14.6361 -4.16873
    endloop
  endfacet
  facet normal -0.308995 -0.951064 0
    outer loop
      vertex 56.8577 -14.9261 -14
      vertex 56.9525 -14.9569 -3.5
      vertex 56.8577 -14.9261 -6
    endloop
  endfacet
  facet normal -0.309364 -0.950944 0
    outer loop
      vertex 55.911 -14.6185 -16.5
      vertex 55.9651 -14.6361 -15.8313
      vertex 55.911 -14.6185 -15.8657
    endloop
  endfacet
  facet normal -0.309014 -0.951058 -3.13536e-05
    outer loop
      vertex 56.9525 -14.9569 -16.5
      vertex 55.9651 -14.6361 -15.8313
      vertex 55.911 -14.6185 -16.5
    endloop
  endfacet
  facet normal -0.308995 -0.951064 0
    outer loop
      vertex 56.8577 -14.9261 -14
      vertex 56.9525 -14.9569 -16.5
      vertex 56.9525 -14.9569 -3.5
    endloop
  endfacet
  facet normal -0.308995 -0.951064 3.16348e-08
    outer loop
      vertex 55.9651 -14.6361 -15.8313
      vertex 56.9525 -14.9569 -16.5
      vertex 56.8577 -14.9261 -14
    endloop
  endfacet
  facet normal -0.305584 -0.848396 -0.432253
    outer loop
      vertex 55.911 -14.0229 -18.333
      vertex 56.9525 -14.2967 -18.5319
      vertex 56.9525 -14.7877 -17.5682
    endloop
  endfacet
  facet normal -0.305584 -0.432253 -0.848396
    outer loop
      vertex 55.911 -13.333 -19.0229
      vertex 56.9525 -12.5682 -19.7877
      vertex 56.9525 -13.5319 -19.2967
    endloop
  endfacet
  facet normal 0.10628 -0.451398 -0.885971
    outer loop
      vertex 59.0475 -13.5319 -19.2967
      vertex 59.0475 -12.5682 -19.7877
      vertex 85.3006 -11.1578 -17.357
    endloop
  endfacet
  facet normal -0.305525 -0.148921 -0.940466
    outer loop
      vertex 55.911 -11.5 -19.6185
      vertex 56.9525 -12.5682 -19.7877
      vertex 55.911 -12.4637 -19.4659
    endloop
  endfacet
  facet normal -0.30558 -0.673283 -0.673283
    outer loop
      vertex 55.911 -13.333 -19.0229
      vertex 56.9525 -14.2967 -18.5319
      vertex 55.911 -14.0229 -18.333
    endloop
  endfacet
  facet normal -0.30558 -0.673283 -0.673283
    outer loop
      vertex 56.9525 -14.2967 -18.5319
      vertex 55.911 -13.333 -19.0229
      vertex 56.9525 -13.5319 -19.2967
    endloop
  endfacet
  facet normal -0.805471 -0.528192 -0.268755
    outer loop
      vertex 54.9297 -13.396 -17.8775
      vertex 55.0251 -13.5022 -17.9547
      vertex 54.9442 -13.4405 -17.8335
    endloop
  endfacet
  facet normal 0.0878723 -0.155825 0.983868
    outer loop
      vertex 59.0475 -11.5 -0.0430908
      vertex 85.3006 -10.2767 -2.19409
      vertex 85.3006 -9.3 -2.0394
    endloop
  endfacet
  facet normal 0.115413 -0.702397 0.702367
    outer loop
      vertex 59.0475 -13.5319 -0.703302
      vertex 85.3006 -11.857 -3.34225
      vertex 85.3006 -11.1578 -2.64302
    endloop
  endfacet
  facet normal 0.115414 -0.702371 0.702392
    outer loop
      vertex 85.3006 -11.857 -3.34225
      vertex 59.0475 -13.5319 -0.703302
      vertex 59.0475 -14.2967 -1.46808
    endloop
  endfacet
  facet normal 0.0878727 -0.155836 0.983867
    outer loop
      vertex 59.0475 -12.5682 -0.212284
      vertex 85.3006 -10.2767 -2.19409
      vertex 59.0475 -11.5 -0.0430908
    endloop
  endfacet
  facet normal 0 -0.891014 0.453976
    outer loop
      vertex 56.9525 -14.7877 -2.43176
      vertex 59.0475 -14.2967 -1.46808
      vertex 56.9525 -14.2967 -1.46808
    endloop
  endfacet
  facet normal 0 -0.891014 0.453976
    outer loop
      vertex 59.0475 -14.2967 -1.46808
      vertex 56.9525 -14.7877 -2.43176
      vertex 59.0475 -14.7877 -2.43176
    endloop
  endfacet
  facet normal 0 -0.453982 0.891011
    outer loop
      vertex 56.9525 -12.5682 -0.212284
      vertex 59.0475 -13.5319 -0.703302
      vertex 59.0475 -12.5682 -0.212284
    endloop
  endfacet
  facet normal 0 -0.453982 0.891011
    outer loop
      vertex 59.0475 -13.5319 -0.703302
      vertex 56.9525 -12.5682 -0.212284
      vertex 56.9525 -13.5319 -0.703302
    endloop
  endfacet
  facet normal -0.305533 -0.940463 0.148924
    outer loop
      vertex 55.911 -14.4659 -2.53632
      vertex 55.911 -14.6185 -3.5
      vertex 56.9525 -14.7877 -2.43176
    endloop
  endfacet
  facet normal -0.58297 -0.368778 0.723981
    outer loop
      vertex 55.0896 -12.4833 -1.20566
      vertex 55.911 -13.333 -0.977062
      vertex 55.0896 -12.3425 -1.13394
    endloop
  endfacet
  facet normal -0.58366 -0.36853 0.723552
    outer loop
      vertex 55.0251 -12.9547 -1.49779
      vertex 55.0896 -12.4833 -1.20566
      vertex 55.0614 -12.5296 -1.25199
    endloop
  endfacet
  facet normal -0.582305 -0.369107 0.724349
    outer loop
      vertex 55.0251 -12.9547 -1.49779
      vertex 55.0614 -12.5296 -1.25199
      vertex 55.0251 -12.5869 -1.31037
    endloop
  endfacet
  facet normal -0.583016 -0.368841 0.723912
    outer loop
      vertex 55.0896 -12.4833 -1.20566
      vertex 55.0251 -12.9547 -1.49779
      vertex 55.911 -13.333 -0.977062
    endloop
  endfacet
  facet normal 0.305563 0.148952 0.940449
    outer loop
      vertex 85.3006 -8.7 -2.0394
      vertex 86.2528 -7.81892 -2.48833
      vertex 85.3006 -7.72332 -2.19409
    endloop
  endfacet
  facet normal 0.305562 0.432279 0.848391
    outer loop
      vertex 86.2528 -7.81892 -2.48833
      vertex 85.3006 -6.84225 -2.64302
      vertex 85.3006 -7.72332 -2.19409
    endloop
  endfacet
  facet normal 0 -0.453969 -0.891018
    outer loop
      vertex 56.9525 -13.5319 -19.2967
      vertex 59.0475 -12.5682 -19.7877
      vertex 59.0475 -13.5319 -19.2967
    endloop
  endfacet
  facet normal -0 -0.453969 -0.891018
    outer loop
      vertex 59.0475 -12.5682 -19.7877
      vertex 56.9525 -13.5319 -19.2967
      vertex 56.9525 -12.5682 -19.7877
    endloop
  endfacet
  facet normal -0.305566 -0.148964 -0.940446
    outer loop
      vertex 55.911 -11.5 -19.6185
      vertex 56.9525 -11.5 -19.9569
      vertex 56.9525 -12.5682 -19.7877
    endloop
  endfacet
  facet normal 0.00845472 0.707066 -0.707097
    outer loop
      vertex 85.3006 -6.84225 -17.357
      vertex 62.1493 -7.51896 -18.3105
      vertex 85.3006 -6.14302 -16.6578
    endloop
  endfacet
  facet normal 0.00845486 0.707064 -0.707099
    outer loop
      vertex 62.1493 -7.51896 -18.3105
      vertex 85.3006 -6.84225 -17.357
      vertex 60.9893 -8.34783 -19.1532
    endloop
  endfacet
  facet normal 0.583059 0.368837 -0.723879
    outer loop
      vertex 87.0627 -8.00077 -16.952
      vertex 86.2528 -7.02409 -17.1067
      vertex 87.0627 -7.36999 -16.6306
    endloop
  endfacet
  facet normal 0.305563 0.94045 -0.148949
    outer loop
      vertex 86.2528 -5.98833 -15.6811
      vertex 85.3006 -5.69409 -15.7767
      vertex 85.3006 -5.5394 -14.8
    endloop
  endfacet
  facet normal 7.3707e-06 0.156435 0.987688
    outer loop
      vertex 58.9386 -9.65283 -0.177269
      vertex 59.0475 -10.5 -0.0430908
      vertex 59.0475 -9.54112 -0.194963
    endloop
  endfacet
  facet normal 0 0.156434 0.987688
    outer loop
      vertex 56.9525 -10.5 -0.0430908
      vertex 58.9386 -9.65283 -0.177269
      vertex 56.9525 -9.65283 -0.177269
    endloop
  endfacet
  facet normal 0 0.156434 0.987688
    outer loop
      vertex 58.9386 -9.65283 -0.177269
      vertex 56.9525 -10.5 -0.0430908
      vertex 59.0475 -10.5 -0.0430908
    endloop
  endfacet
  facet normal -0.805535 -0.418987 0.419003
    outer loop
      vertex 54.9297 -13.396 -2.12248
      vertex 55.0251 -12.9547 -1.49779
      vertex 54.9297 -12.8775 -1.604
    endloop
  endfacet
  facet normal -0.805473 -0.419062 0.419046
    outer loop
      vertex 55.0251 -12.9547 -1.49779
      vertex 54.9297 -13.396 -2.12248
      vertex 55.0251 -13.5022 -2.04531
    endloop
  endfacet
  facet normal -0.309022 2.15678e-05 0.951055
    outer loop
      vertex 55.9651 -10.8313 -0.363915
      vertex 56.9525 -10.5 -0.0430908
      vertex 56.1266 -10.5 -0.311447
    endloop
  endfacet
  facet normal -0.309016 0 0.951057
    outer loop
      vertex 56.9525 -10.5 -0.0430908
      vertex 55.9651 -10.8313 -0.363915
      vertex 56.9525 -11.5 -0.0430908
    endloop
  endfacet
  facet normal -0.30876 0 0.95114
    outer loop
      vertex 55.911 -11.5 -0.381477
      vertex 55.9651 -10.8313 -0.363915
      vertex 55.911 -10.8657 -0.381477
    endloop
  endfacet
  facet normal -0.309002 2.16724e-05 0.951061
    outer loop
      vertex 55.9651 -10.8313 -0.363915
      vertex 55.911 -11.5 -0.381477
      vertex 56.9525 -11.5 -0.0430908
    endloop
  endfacet
  facet normal -0.305555 -0.148959 0.940451
    outer loop
      vertex 56.9525 -11.5 -0.0430908
      vertex 55.911 -11.5 -0.381477
      vertex 56.9525 -12.5682 -0.212284
    endloop
  endfacet
  facet normal -0.305575 0.148952 0.940445
    outer loop
      vertex 56.9525 -9.65283 -0.177269
      vertex 56.1266 -10.5 -0.311447
      vertex 56.9525 -10.5 -0.0430908
    endloop
  endfacet
  facet normal -0.305525 -0.940466 -0.148921
    outer loop
      vertex 55.911 -14.4659 -17.4637
      vertex 56.9525 -14.7877 -17.5682
      vertex 55.911 -14.6185 -16.5
    endloop
  endfacet
  facet normal -0.805585 -0.527906 -0.268977
    outer loop
      vertex 54.9442 -13.4405 -17.8335
      vertex 55.0251 -13.5022 -17.9547
      vertex 55.0251 -13.6896 -17.5869
    endloop
  endfacet
  facet normal -0.583021 -0.368894 -0.723881
    outer loop
      vertex 55.0896 -12.3425 -18.8661
      vertex 55.911 -12.4637 -19.4659
      vertex 55.911 -13.333 -19.0229
    endloop
  endfacet
  facet normal -0.583031 -0.368826 -0.723908
    outer loop
      vertex 55.911 -12.4637 -19.4659
      vertex 55.0896 -12.3425 -18.8661
      vertex 55.0896 -12.2793 -18.8983
    endloop
  endfacet
  facet normal 0.115412 -0.702382 -0.702382
    outer loop
      vertex 59.0475 -14.2967 -18.5319
      vertex 85.3006 -11.1578 -17.357
      vertex 85.3006 -11.857 -16.6578
    endloop
  endfacet
  facet normal 0.115412 -0.702382 -0.702382
    outer loop
      vertex 85.3006 -11.1578 -17.357
      vertex 59.0475 -14.2967 -18.5319
      vertex 59.0475 -13.5319 -19.2967
    endloop
  endfacet
  facet normal -0.308995 0 -0.951064
    outer loop
      vertex 55.9651 -10.8313 -19.6361
      vertex 56.9525 -10.5 -19.9569
      vertex 56.9525 -11.5 -19.9569
    endloop
  endfacet
  facet normal -0.308964 -0.000101843 -0.951074
    outer loop
      vertex 56.9525 -10.5 -19.9569
      vertex 55.9651 -10.8313 -19.6361
      vertex 56.1266 -10.5 -19.6886
    endloop
  endfacet
  facet normal -0.309014 -3.13536e-05 -0.951058
    outer loop
      vertex 55.911 -11.5 -19.6185
      vertex 55.9651 -10.8313 -19.6361
      vertex 56.9525 -11.5 -19.9569
    endloop
  endfacet
  facet normal -0.309364 0 -0.950944
    outer loop
      vertex 55.9651 -10.8313 -19.6361
      vertex 55.911 -11.5 -19.6185
      vertex 55.911 -10.8657 -19.6185
    endloop
  endfacet
  facet normal -0.587707 -0 -0.809074
    outer loop
      vertex 55.911 -10.8657 -19.6185
      vertex 55.911 -11.5 -19.6185
      vertex 55.4662 -11.5 -19.2954
    endloop
  endfacet
  facet normal -0.805708 -0.268923 0.527745
    outer loop
      vertex 55.0251 -12.5869 -1.31037
      vertex 54.9442 -12.8335 -1.55954
      vertex 55.0251 -12.9547 -1.49779
    endloop
  endfacet
  facet normal -0.805464 -0.268447 0.52836
    outer loop
      vertex 54.9442 -12.8335 -1.55954
      vertex 54.9297 -12.8775 -1.604
      vertex 55.0251 -12.9547 -1.49779
    endloop
  endfacet
  facet normal -0.305533 -0.848381 0.432319
    outer loop
      vertex 55.911 -14.0229 -1.66698
      vertex 55.911 -14.4659 -2.53632
      vertex 56.9525 -14.7877 -2.43176
    endloop
  endfacet
  facet normal -0.582925 -0.802492 0.127295
    outer loop
      vertex 55.4662 -14.2954 -3.5
      vertex 55.911 -14.6185 -3.5
      vertex 55.1478 -13.9596 -2.84111
    endloop
  endfacet
  facet normal -0.805566 -0.527937 0.268971
    outer loop
      vertex 54.9442 -13.4405 -2.1665
      vertex 55.0251 -13.6896 -2.41314
      vertex 55.0251 -13.5022 -2.04531
    endloop
  endfacet
  facet normal 0.0642493 0.156083 -0.985652
    outer loop
      vertex 59.0475 -10.5 -19.9569
      vertex 59.1924 -9.42233 -19.7768
      vertex 85.3006 -7.72332 -17.8059
    endloop
  endfacet
  facet normal 0.0638203 0.156144 -0.98567
    outer loop
      vertex 59.1924 -9.42233 -19.7768
      vertex 59.0475 -10.5 -19.9569
      vertex 59.0475 -9.54112 -19.805
    endloop
  endfacet
  facet normal 0.064245 0.15612 -0.985647
    outer loop
      vertex 85.3006 -8.7 -17.9606
      vertex 59.0475 -10.5 -19.9569
      vertex 85.3006 -7.72332 -17.8059
    endloop
  endfacet
  facet normal 0.305562 0.94045 -0.14895
    outer loop
      vertex 86.2528 -5.84878 -14.8
      vertex 86.2528 -5.98833 -15.6811
      vertex 85.3006 -5.5394 -14.8
    endloop
  endfacet
  facet normal 0.305593 0.673291 -0.67327
    outer loop
      vertex 86.2528 -7.02409 -17.1067
      vertex 85.3006 -6.14302 -16.6578
      vertex 86.2528 -6.39331 -16.4759
    endloop
  endfacet
  facet normal 0.305561 0.673273 -0.673302
    outer loop
      vertex 85.3006 -6.14302 -16.6578
      vertex 86.2528 -7.02409 -17.1067
      vertex 85.3006 -6.84225 -17.357
    endloop
  endfacet
  facet normal -0.582618 -0.724165 -0.368974
    outer loop
      vertex 55.0251 -13.5022 -17.9547
      vertex 55.0614 -13.748 -17.5296
      vertex 55.0251 -13.6896 -17.5869
    endloop
  endfacet
  facet normal -0.583053 -0.723909 -0.368789
    outer loop
      vertex 55.0251 -13.5022 -17.9547
      vertex 55.0896 -13.7943 -17.4833
      vertex 55.0614 -13.748 -17.5296
    endloop
  endfacet
  facet normal -0.583163 -0.723691 -0.369041
    outer loop
      vertex 55.0896 -13.7943 -17.4833
      vertex 55.911 -14.0229 -18.333
      vertex 55.0896 -13.8661 -17.3425
    endloop
  endfacet
  facet normal -0.582998 -0.72394 -0.368815
    outer loop
      vertex 55.911 -14.0229 -18.333
      vertex 55.0896 -13.7943 -17.4833
      vertex 55.0251 -13.5022 -17.9547
    endloop
  endfacet
  facet normal -0.583031 -0.723908 -0.368826
    outer loop
      vertex 55.0896 -13.8661 -17.3425
      vertex 55.911 -14.4659 -17.4637
      vertex 55.0896 -13.8983 -17.2793
    endloop
  endfacet
  facet normal -0.583021 -0.723881 -0.368894
    outer loop
      vertex 55.911 -14.4659 -17.4637
      vertex 55.0896 -13.8661 -17.3425
      vertex 55.911 -14.0229 -18.333
    endloop
  endfacet
  facet normal 0 -0.891018 -0.453969
    outer loop
      vertex 56.9525 -14.2967 -18.5319
      vertex 59.0475 -14.7877 -17.5682
      vertex 56.9525 -14.7877 -17.5682
    endloop
  endfacet
  facet normal 0 -0.891018 -0.453969
    outer loop
      vertex 59.0475 -14.7877 -17.5682
      vertex 56.9525 -14.2967 -18.5319
      vertex 59.0475 -14.2967 -18.5319
    endloop
  endfacet
  facet normal -0.587791 0 0.809013
    outer loop
      vertex 55.911 -10.8657 -0.381477
      vertex 55.4662 -11.5 -0.704648
      vertex 55.911 -11.5 -0.381477
    endloop
  endfacet
  facet normal -0.583 -0.574505 -0.574505
    outer loop
      vertex 55.911 -13.333 -19.0229
      vertex 55.0251 -13.5022 -17.9547
      vertex 55.0251 -12.9547 -18.5022
    endloop
  endfacet
  facet normal -0.583 -0.574505 -0.574505
    outer loop
      vertex 55.0251 -13.5022 -17.9547
      vertex 55.911 -13.333 -19.0229
      vertex 55.911 -14.0229 -18.333
    endloop
  endfacet
  facet normal -0.583045 -0.127091 0.802438
    outer loop
      vertex 55.1478 -12.1589 -1.04037
      vertex 55.911 -12.4637 -0.534109
      vertex 55.911 -11.5 -0.381477
    endloop
  endfacet
  facet normal -0.583017 -0.126948 0.802481
    outer loop
      vertex 55.911 -12.4637 -0.534109
      vertex 55.1478 -12.1589 -1.04037
      vertex 55.0896 -12.2793 -1.1017
    endloop
  endfacet
  facet normal -0.582995 -0.369202 0.723745
    outer loop
      vertex 55.0896 -12.3425 -1.13394
      vertex 55.911 -12.4637 -0.534109
      vertex 55.0896 -12.2793 -1.1017
    endloop
  endfacet
  facet normal -0.583044 -0.368855 0.723882
    outer loop
      vertex 55.911 -12.4637 -0.534109
      vertex 55.0896 -12.3425 -1.13394
      vertex 55.911 -13.333 -0.977062
    endloop
  endfacet
  facet normal -0.805436 -0.528264 0.268717
    outer loop
      vertex 54.9297 -13.396 -2.12248
      vertex 54.9442 -13.4405 -2.1665
      vertex 55.0251 -13.5022 -2.04531
    endloop
  endfacet
  facet normal 0 -0.707097 0.707117
    outer loop
      vertex 56.9525 -14.2967 -1.46808
      vertex 59.0475 -13.5319 -0.703302
      vertex 56.9525 -13.5319 -0.703302
    endloop
  endfacet
  facet normal 0 -0.707097 0.707117
    outer loop
      vertex 59.0475 -13.5319 -0.703302
      vertex 56.9525 -14.2967 -1.46808
      vertex 59.0475 -14.2967 -1.46808
    endloop
  endfacet
  facet normal 0 0 -1
    outer loop
      vertex 56.9525 -11.5 -19.9569
      vertex 59.0475 -10.5 -19.9569
      vertex 59.0475 -11.5 -19.9569
    endloop
  endfacet
  facet normal -0 0 -1
    outer loop
      vertex 59.0475 -10.5 -19.9569
      vertex 56.9525 -11.5 -19.9569
      vertex 56.9525 -10.5 -19.9569
    endloop
  endfacet
  facet normal 0 -0.156447 -0.987686
    outer loop
      vertex 56.9525 -12.5682 -19.7877
      vertex 59.0475 -11.5 -19.9569
      vertex 59.0475 -12.5682 -19.7877
    endloop
  endfacet
  facet normal -0 -0.156447 -0.987686
    outer loop
      vertex 59.0475 -11.5 -19.9569
      vertex 56.9525 -12.5682 -19.7877
      vertex 56.9525 -11.5 -19.9569
    endloop
  endfacet
  facet normal -0.582926 -0.127293 -0.802492
    outer loop
      vertex 55.4662 -11.5 -19.2954
      vertex 55.911 -11.5 -19.6185
      vertex 55.1478 -12.1589 -18.9596
    endloop
  endfacet
  facet normal -0.583067 -0.127063 -0.802426
    outer loop
      vertex 55.911 -12.4637 -19.4659
      vertex 55.1478 -12.1589 -18.9596
      vertex 55.911 -11.5 -19.6185
    endloop
  endfacet
  facet normal -0.583009 -0.126769 -0.802515
    outer loop
      vertex 55.1478 -12.1589 -18.9596
      vertex 55.911 -12.4637 -19.4659
      vertex 55.0896 -12.2793 -18.8983
    endloop
  endfacet
  facet normal -0.305516 0.148978 -0.94046
    outer loop
      vertex 56.9525 -9.65283 -19.8227
      vertex 56.9525 -10.5 -19.9569
      vertex 56.1266 -10.5 -19.6886
    endloop
  endfacet
  facet normal 0.305582 0.1489 -0.940451
    outer loop
      vertex 86.2528 -8.7 -17.6512
      vertex 85.3006 -8.7 -17.9606
      vertex 86.2528 -7.81892 -17.5117
    endloop
  endfacet
  facet normal 0.583066 0.368843 -0.723871
    outer loop
      vertex 87.0627 -8.00077 -16.952
      vertex 86.2528 -7.81892 -17.5117
      vertex 86.2528 -7.02409 -17.1067
    endloop
  endfacet
  facet normal 0.80552 -0.0926936 0.585273
    outer loop
      vertex 87.0627 -9.99923 -3.04801
      vertex 87.6512 -9.74893 -3.81833
      vertex 87.6512 -9.3 -3.74723
    endloop
  endfacet
  facet normal 0.949912 -0.141911 -0.278438
    outer loop
      vertex 87.6512 -10.1539 -15.9753
      vertex 87.6512 -9.74893 -16.1817
      vertex 87.9606 -9.59424 -15.205
    endloop
  endfacet
  facet normal 0.305589 -0.848371 -0.432298
    outer loop
      vertex 86.2528 -12.0117 -15.6811
      vertex 85.3006 -11.857 -16.6578
      vertex 86.2528 -11.6067 -16.4759
    endloop
  endfacet
  facet normal 0.305599 -0.673279 -0.673279
    outer loop
      vertex 85.3006 -11.857 -16.6578
      vertex 86.2528 -10.9759 -17.1067
      vertex 86.2528 -11.6067 -16.4759
    endloop
  endfacet
  facet normal 0.305599 -0.673279 -0.673279
    outer loop
      vertex 86.2528 -10.9759 -17.1067
      vertex 85.3006 -11.857 -16.6578
      vertex 85.3006 -11.1578 -17.357
    endloop
  endfacet
  facet normal -0.805471 -0.268755 -0.528192
    outer loop
      vertex 54.9442 -12.8335 -18.4405
      vertex 55.0251 -12.9547 -18.5022
      vertex 54.9297 -12.8775 -18.396
    endloop
  endfacet
  facet normal -0.805519 -0.41901 -0.41901
    outer loop
      vertex 55.0251 -12.9547 -18.5022
      vertex 54.9297 -13.396 -17.8775
      vertex 54.9297 -12.8775 -18.396
    endloop
  endfacet
  facet normal -0.805519 -0.41901 -0.41901
    outer loop
      vertex 54.9297 -13.396 -17.8775
      vertex 55.0251 -12.9547 -18.5022
      vertex 55.0251 -13.5022 -17.9547
    endloop
  endfacet
  facet normal -0.582998 -0.368815 -0.72394
    outer loop
      vertex 55.0251 -12.9547 -18.5022
      vertex 55.0896 -12.4833 -18.7943
      vertex 55.911 -13.333 -19.0229
    endloop
  endfacet
  facet normal -0.583053 -0.368789 -0.723909
    outer loop
      vertex 55.0896 -12.4833 -18.7943
      vertex 55.0251 -12.9547 -18.5022
      vertex 55.0614 -12.5296 -18.748
    endloop
  endfacet
  facet normal -0.582618 -0.368974 -0.724165
    outer loop
      vertex 55.0614 -12.5296 -18.748
      vertex 55.0251 -12.9547 -18.5022
      vertex 55.0251 -12.5869 -18.6896
    endloop
  endfacet
  facet normal -0.583163 -0.369041 -0.723691
    outer loop
      vertex 55.911 -13.333 -19.0229
      vertex 55.0896 -12.4833 -18.7943
      vertex 55.0896 -12.3425 -18.8661
    endloop
  endfacet
  facet normal -0.805585 -0.268977 -0.527906
    outer loop
      vertex 54.9442 -12.8335 -18.4405
      vertex 55.0251 -12.5869 -18.6896
      vertex 55.0251 -12.9547 -18.5022
    endloop
  endfacet
  facet normal -0.305585 -0.848392 0.43226
    outer loop
      vertex 55.911 -14.0229 -1.66698
      vertex 56.9525 -14.7877 -2.43176
      vertex 56.9525 -14.2967 -1.46808
    endloop
  endfacet
  facet normal 0.949916 0.0488842 -0.308658
    outer loop
      vertex 87.9606 -8.7 -15.3006
      vertex 87.6512 -8.7 -16.2528
      vertex 87.6512 -8.25107 -16.1817
    endloop
  endfacet
  facet normal 0.305532 -0.432249 -0.848417
    outer loop
      vertex 85.3006 -11.1578 -17.357
      vertex 85.3006 -10.2767 -17.8059
      vertex 86.2528 -10.1811 -17.5117
    endloop
  endfacet
  facet normal 0.305564 0.432289 -0.848385
    outer loop
      vertex 86.2528 -7.02409 -17.1067
      vertex 86.2528 -7.81892 -17.5117
      vertex 85.3006 -6.84225 -17.357
    endloop
  endfacet
  facet normal 0.805523 0.585269 -0.0927038
    outer loop
      vertex 87.6512 -7.24723 -14.8
      vertex 87.0627 -6.54801 -15.4992
      vertex 87.0627 -6.43726 -14.8
    endloop
  endfacet
  facet normal 0.305562 0.940449 0.148953
    outer loop
      vertex 86.2528 -5.98833 -4.31892
      vertex 86.2528 -5.84878 -5.2
      vertex 85.3006 -5.5394 -5.2
    endloop
  endfacet
  facet normal 0.305563 0.940449 0.148952
    outer loop
      vertex 86.2528 -5.98833 -4.31892
      vertex 85.3006 -5.5394 -5.2
      vertex 85.3006 -5.69409 -4.22332
    endloop
  endfacet
  facet normal 0.805523 0.585269 0.0926999
    outer loop
      vertex 87.0627 -6.54801 -4.50077
      vertex 87.6512 -7.24723 -5.2
      vertex 87.0627 -6.43726 -5.2
    endloop
  endfacet
  facet normal 0.949916 -0.308657 -0.0488823
    outer loop
      vertex 87.9606 -9.80059 -14.8
      vertex 87.6512 -10.6817 -15.2489
      vertex 87.9606 -9.77609 -14.9547
    endloop
  endfacet
  facet normal 0.305532 -0.848417 -0.432249
    outer loop
      vertex 85.3006 -12.3059 -15.7767
      vertex 85.3006 -11.857 -16.6578
      vertex 86.2528 -12.0117 -15.6811
    endloop
  endfacet
  facet normal 0.58307 -0.127044 -0.802427
    outer loop
      vertex 86.2528 -10.1811 -17.5117
      vertex 86.2528 -9.3 -17.6512
      vertex 87.0627 -9.3 -17.0627
    endloop
  endfacet
  facet normal 0.80551 -0.269086 -0.527964
    outer loop
      vertex 87.6512 -10.1539 -15.9753
      vertex 87.0627 -9.99923 -16.952
      vertex 87.6512 -9.74893 -16.1817
    endloop
  endfacet
  facet normal -0.583059 -0.723895 0.368806
    outer loop
      vertex 55.0614 -13.748 -2.47038
      vertex 55.0251 -13.5022 -2.04531
      vertex 55.0251 -13.6896 -2.41314
    endloop
  endfacet
  facet normal -0.582703 -0.724104 0.368957
    outer loop
      vertex 55.0896 -13.7943 -2.51671
      vertex 55.0251 -13.5022 -2.04531
      vertex 55.0614 -13.748 -2.47038
    endloop
  endfacet
  facet normal -0.583006 -0.723935 0.368811
    outer loop
      vertex 55.0251 -13.5022 -2.04531
      vertex 55.0896 -13.7943 -2.51671
      vertex 55.911 -14.0229 -1.66698
    endloop
  endfacet
  facet normal -0.583221 -0.723612 0.369106
    outer loop
      vertex 55.911 -14.0229 -1.66698
      vertex 55.0896 -13.7943 -2.51671
      vertex 55.0896 -13.8661 -2.65747
    endloop
  endfacet
  facet normal -0.583011 -0.57451 0.574489
    outer loop
      vertex 55.0251 -13.5022 -2.04531
      vertex 55.911 -13.333 -0.977062
      vertex 55.0251 -12.9547 -1.49779
    endloop
  endfacet
  facet normal -0.583014 -0.574505 0.57449
    outer loop
      vertex 55.911 -13.333 -0.977062
      vertex 55.0251 -13.5022 -2.04531
      vertex 55.911 -14.0229 -1.66698
    endloop
  endfacet
  facet normal 0.949916 0.141867 -0.278447
    outer loop
      vertex 87.9606 -8.54531 -15.2761
      vertex 87.6512 -8.25107 -16.1817
      vertex 87.9606 -8.40576 -15.205
    endloop
  endfacet
  facet normal 0.805524 0.527984 -0.269006
    outer loop
      vertex 87.6512 -7.52468 -15.6539
      vertex 87.0627 -6.8694 -16.13
      vertex 87.0627 -6.54801 -15.4992
    endloop
  endfacet
  facet normal 0.305563 0.848396 -0.432267
    outer loop
      vertex 86.2528 -5.98833 -15.6811
      vertex 85.3006 -6.14302 -16.6578
      vertex 85.3006 -5.69409 -15.7767
    endloop
  endfacet
  facet normal 0.583061 0.802425 -0.1271
    outer loop
      vertex 87.0627 -6.54801 -15.4992
      vertex 86.2528 -5.98833 -15.6811
      vertex 87.0627 -6.43726 -14.8
    endloop
  endfacet
  facet normal 0.583053 0.127093 0.802431
    outer loop
      vertex 86.2528 -8.7 -2.34878
      vertex 87.0627 -8.7 -2.93726
      vertex 86.2528 -7.81892 -2.48833
    endloop
  endfacet
  facet normal 0.583053 0.802432 -0.12709
    outer loop
      vertex 87.0627 -6.43726 -14.8
      vertex 86.2528 -5.98833 -15.6811
      vertex 86.2528 -5.84878 -14.8
    endloop
  endfacet
  facet normal 0.309009 0.951059 -0
    outer loop
      vertex 86.2528 -5.84878 -14.8
      vertex 85.3006 -5.5394 -5.2
      vertex 86.2528 -5.84878 -5.2
    endloop
  endfacet
  facet normal 0.309009 0.951059 0
    outer loop
      vertex 85.3006 -5.5394 -5.2
      vertex 86.2528 -5.84878 -14.8
      vertex 85.3006 -5.5394 -14.8
    endloop
  endfacet
  facet normal 0.583055 0.723885 0.368832
    outer loop
      vertex 86.2528 -6.39331 -3.52409
      vertex 87.0627 -6.54801 -4.50077
      vertex 86.2528 -5.98833 -4.31892
    endloop
  endfacet
  facet normal 0.583055 0.80243 0.127096
    outer loop
      vertex 87.0627 -6.54801 -4.50077
      vertex 87.0627 -6.43726 -5.2
      vertex 86.2528 -5.98833 -4.31892
    endloop
  endfacet
  facet normal 0.305563 -0.148949 0.94045
    outer loop
      vertex 85.3006 -10.2767 -2.19409
      vertex 86.2528 -10.1811 -2.48833
      vertex 85.3006 -9.3 -2.0394
    endloop
  endfacet
  facet normal 0.949915 -0.141869 0.278451
    outer loop
      vertex 87.6512 -9.74893 -3.81833
      vertex 87.9606 -9.59424 -4.79501
      vertex 87.9606 -9.45469 -4.72391
    endloop
  endfacet
  facet normal 0.305562 0.148953 0.940449
    outer loop
      vertex 86.2528 -8.7 -2.34878
      vertex 86.2528 -7.81892 -2.48833
      vertex 85.3006 -8.7 -2.0394
    endloop
  endfacet
  facet normal 0.805525 -0.269015 0.527978
    outer loop
      vertex 87.0627 -10.63 -3.3694
      vertex 87.6512 -10.1539 -4.02468
      vertex 87.0627 -9.99923 -3.04801
    endloop
  endfacet
  facet normal 0.58307 -0.802427 -0.127044
    outer loop
      vertex 86.2528 -12.1512 -14.8
      vertex 86.2528 -12.0117 -15.6811
      vertex 87.0627 -11.5627 -14.8
    endloop
  endfacet
  facet normal 0.305528 -0.940459 -0.14896
    outer loop
      vertex 85.3006 -12.4606 -14.8
      vertex 85.3006 -12.3059 -15.7767
      vertex 86.2528 -12.0117 -15.6811
    endloop
  endfacet
  facet normal 0.583071 -0.368853 -0.723862
    outer loop
      vertex 86.2528 -10.9759 -17.1067
      vertex 86.2528 -10.1811 -17.5117
      vertex 87.0627 -9.99923 -16.952
    endloop
  endfacet
  facet normal 0.805532 -0.269018 -0.527966
    outer loop
      vertex 87.0627 -10.63 -16.6306
      vertex 87.0627 -9.99923 -16.952
      vertex 87.6512 -10.1539 -15.9753
    endloop
  endfacet
  facet normal 0.949914 0.308663 0.0488865
    outer loop
      vertex 87.9606 -8.22391 -5.04531
      vertex 87.9606 -8.19941 -5.2
      vertex 87.6512 -7.31833 -4.75107
    endloop
  endfacet
  facet normal 0.805514 -0.092695 -0.585283
    outer loop
      vertex 87.6512 -9.74893 -16.1817
      vertex 87.0627 -9.99923 -16.952
      vertex 87.6512 -9.3 -16.2528
    endloop
  endfacet
  facet normal 0.305528 -0.14896 -0.940459
    outer loop
      vertex 85.3006 -10.2767 -17.8059
      vertex 85.3006 -9.3 -17.9606
      vertex 86.2528 -10.1811 -17.5117
    endloop
  endfacet
  facet normal 0.583066 -0.127038 -0.802431
    outer loop
      vertex 87.0627 -9.99923 -16.952
      vertex 86.2528 -10.1811 -17.5117
      vertex 87.0627 -9.3 -17.0627
    endloop
  endfacet
  facet normal 0.583054 0.574486 -0.574468
    outer loop
      vertex 87.0627 -6.8694 -16.13
      vertex 86.2528 -7.02409 -17.1067
      vertex 86.2528 -6.39331 -16.4759
    endloop
  endfacet
  facet normal 0.583057 0.574481 -0.57447
    outer loop
      vertex 86.2528 -7.02409 -17.1067
      vertex 87.0627 -6.8694 -16.13
      vertex 87.0627 -7.36999 -16.6306
    endloop
  endfacet
  facet normal 0.805502 0.0926636 -0.585304
    outer loop
      vertex 87.6512 -8.7 -16.2528
      vertex 87.0627 -8.7 -17.0627
      vertex 87.0627 -8.00077 -16.952
    endloop
  endfacet
  facet normal 0.305581 0.848382 -0.432282
    outer loop
      vertex 86.2528 -6.39331 -16.4759
      vertex 85.3006 -6.14302 -16.6578
      vertex 86.2528 -5.98833 -15.6811
    endloop
  endfacet
  facet normal 0.583069 0.72387 -0.368839
    outer loop
      vertex 87.0627 -6.54801 -15.4992
      vertex 86.2528 -6.39331 -16.4759
      vertex 86.2528 -5.98833 -15.6811
    endloop
  endfacet
  facet normal 0.80552 0.585273 0.0926936
    outer loop
      vertex 87.6512 -7.31833 -4.75107
      vertex 87.6512 -7.24723 -5.2
      vertex 87.0627 -6.54801 -4.50077
    endloop
  endfacet
  facet normal 0.305554 0.673289 0.673289
    outer loop
      vertex 86.2528 -7.02409 -2.89331
      vertex 85.3006 -6.14302 -3.34225
      vertex 85.3006 -6.84225 -2.64302
    endloop
  endfacet
  facet normal 0.305554 0.673289 0.673289
    outer loop
      vertex 85.3006 -6.14302 -3.34225
      vertex 86.2528 -7.02409 -2.89331
      vertex 86.2528 -6.39331 -3.52409
    endloop
  endfacet
  facet normal 0.951051 0.309033 0
    outer loop
      vertex 87.9606 -8.19941 -5.2
      vertex 87.6512 -7.24723 -14.8
      vertex 87.6512 -7.24723 -5.2
    endloop
  endfacet
  facet normal 0.951051 0.309033 0
    outer loop
      vertex 87.6512 -7.24723 -14.8
      vertex 87.9606 -8.19941 -5.2
      vertex 87.9606 -8.19941 -14.8
    endloop
  endfacet
  facet normal 0.949914 0.308666 -0.0488837
    outer loop
      vertex 87.9606 -8.22391 -14.9547
      vertex 87.6512 -7.31833 -15.2489
      vertex 87.9606 -8.19941 -14.8
    endloop
  endfacet
  facet normal 0.583053 0.723888 0.36883
    outer loop
      vertex 87.0627 -6.8694 -3.86999
      vertex 87.0627 -6.54801 -4.50077
      vertex 86.2528 -6.39331 -3.52409
    endloop
  endfacet
  facet normal 0.809006 0.5878 0
    outer loop
      vertex 87.6512 -7.24723 -5.2
      vertex 87.0627 -6.43726 -14.8
      vertex 87.0627 -6.43726 -5.2
    endloop
  endfacet
  facet normal 0.809006 0.5878 0
    outer loop
      vertex 87.0627 -6.43726 -14.8
      vertex 87.6512 -7.24723 -5.2
      vertex 87.6512 -7.24723 -14.8
    endloop
  endfacet
  facet normal 0.949914 -0.278437 0.141903
    outer loop
      vertex 87.6512 -10.6817 -4.75107
      vertex 87.9606 -9.70499 -4.90576
      vertex 87.6512 -10.4753 -4.34608
    endloop
  endfacet
  facet normal 0.305564 -0.848385 0.432289
    outer loop
      vertex 85.3006 -11.857 -3.34225
      vertex 86.2528 -12.0117 -4.31892
      vertex 86.2528 -11.6067 -3.52409
    endloop
  endfacet
  facet normal 0.305589 -0.432298 -0.848371
    outer loop
      vertex 85.3006 -11.1578 -17.357
      vertex 86.2528 -10.1811 -17.5117
      vertex 86.2528 -10.9759 -17.1067
    endloop
  endfacet
  facet normal 0.949913 0.141905 -0.278439
    outer loop
      vertex 87.9606 -8.40576 -15.205
      vertex 87.6512 -8.25107 -16.1817
      vertex 87.6512 -7.84608 -15.9753
    endloop
  endfacet
  facet normal 0.309009 0 0.951059
    outer loop
      vertex 85.3006 -8.7 -2.0394
      vertex 86.2528 -9.3 -2.34878
      vertex 86.2528 -8.7 -2.34878
    endloop
  endfacet
  facet normal 0.309009 0 0.951059
    outer loop
      vertex 86.2528 -9.3 -2.34878
      vertex 85.3006 -8.7 -2.0394
      vertex 85.3006 -9.3 -2.0394
    endloop
  endfacet
  facet normal 0.583055 0.368832 0.723885
    outer loop
      vertex 86.2528 -7.81892 -2.48833
      vertex 87.0627 -8.00077 -3.04801
      vertex 86.2528 -7.02409 -2.89331
    endloop
  endfacet
  facet normal 0.805531 -0.527972 -0.269008
    outer loop
      vertex 87.0627 -11.452 -15.4992
      vertex 87.0627 -11.1306 -16.13
      vertex 87.6512 -10.4753 -15.6539
    endloop
  endfacet
  facet normal 0.583069 -0.802428 -0.127043
    outer loop
      vertex 87.0627 -11.5627 -14.8
      vertex 86.2528 -12.0117 -15.6811
      vertex 87.0627 -11.452 -15.4992
    endloop
  endfacet
  facet normal 0.305583 -0.148897 -0.940452
    outer loop
      vertex 86.2528 -10.1811 -17.5117
      vertex 85.3006 -9.3 -17.9606
      vertex 86.2528 -9.3 -17.6512
    endloop
  endfacet
  facet normal 0.587833 0 -0.808982
    outer loop
      vertex 86.2528 -9.3 -17.6512
      vertex 87.0627 -8.7 -17.0627
      vertex 87.0627 -9.3 -17.0627
    endloop
  endfacet
  facet normal 0.587833 0 -0.808982
    outer loop
      vertex 87.0627 -8.7 -17.0627
      vertex 86.2528 -9.3 -17.6512
      vertex 86.2528 -8.7 -17.6512
    endloop
  endfacet
  facet normal 0.80553 0.269015 -0.52797
    outer loop
      vertex 87.6512 -7.84608 -15.9753
      vertex 87.0627 -8.00077 -16.952
      vertex 87.0627 -7.36999 -16.6306
    endloop
  endfacet
  facet normal 0.309027 0 -0.951053
    outer loop
      vertex 85.3006 -9.3 -17.9606
      vertex 86.2528 -8.7 -17.6512
      vertex 86.2528 -9.3 -17.6512
    endloop
  endfacet
  facet normal 0.309027 0 -0.951053
    outer loop
      vertex 86.2528 -8.7 -17.6512
      vertex 85.3006 -9.3 -17.9606
      vertex 85.3006 -8.7 -17.9606
    endloop
  endfacet
  facet normal 0.949914 0.308664 -0.0488884
    outer loop
      vertex 87.9606 -8.19941 -14.8
      vertex 87.6512 -7.31833 -15.2489
      vertex 87.6512 -7.24723 -14.8
    endloop
  endfacet
  facet normal 0.949916 0.220975 -0.220975
    outer loop
      vertex 87.9606 -8.29501 -15.0942
      vertex 87.6512 -7.84608 -15.9753
      vertex 87.6512 -7.52468 -15.6539
    endloop
  endfacet
  facet normal 0.949909 0.22104 -0.22094
    outer loop
      vertex 87.6512 -7.84608 -15.9753
      vertex 87.9606 -8.29501 -15.0942
      vertex 87.9606 -8.40576 -15.205
    endloop
  endfacet
  facet normal 0.583052 0.723894 -0.368821
    outer loop
      vertex 87.0627 -6.8694 -16.13
      vertex 86.2528 -6.39331 -16.4759
      vertex 87.0627 -6.54801 -15.4992
    endloop
  endfacet
  facet normal 0.305555 0.432273 0.848396
    outer loop
      vertex 86.2528 -7.81892 -2.48833
      vertex 86.2528 -7.02409 -2.89331
      vertex 85.3006 -6.84225 -2.64302
    endloop
  endfacet
  facet normal 0.583053 0.574478 0.574478
    outer loop
      vertex 86.2528 -7.02409 -2.89331
      vertex 87.0627 -6.8694 -3.86999
      vertex 86.2528 -6.39331 -3.52409
    endloop
  endfacet
  facet normal 0.583053 0.574478 0.574478
    outer loop
      vertex 87.0627 -6.8694 -3.86999
      vertex 86.2528 -7.02409 -2.89331
      vertex 87.0627 -7.36999 -3.3694
    endloop
  endfacet
  facet normal 0.949914 0.220978 0.220978
    outer loop
      vertex 87.6512 -7.84608 -4.02468
      vertex 87.9606 -8.29501 -4.90576
      vertex 87.6512 -7.52468 -4.34608
    endloop
  endfacet
  facet normal 0.949914 0.220978 0.220978
    outer loop
      vertex 87.9606 -8.29501 -4.90576
      vertex 87.6512 -7.84608 -4.02468
      vertex 87.9606 -8.40576 -4.79501
    endloop
  endfacet
  facet normal 0.949916 -0.0488855 -0.308657
    outer loop
      vertex 87.9606 -9.45469 -15.2761
      vertex 87.6512 -9.74893 -16.1817
      vertex 87.9606 -9.3 -15.3006
    endloop
  endfacet
  facet normal 0.949915 0.278451 0.141869
    outer loop
      vertex 87.9606 -8.29501 -4.90576
      vertex 87.9606 -8.22391 -5.04531
      vertex 87.6512 -7.31833 -4.75107
    endloop
  endfacet
  facet normal 0.305528 -0.940459 0.148963
    outer loop
      vertex 85.3006 -12.3059 -4.22332
      vertex 85.3006 -12.4606 -5.2
      vertex 86.2528 -12.0117 -4.31892
    endloop
  endfacet
  facet normal 0.949914 -0.141882 0.278449
    outer loop
      vertex 87.6512 -10.1539 -4.02468
      vertex 87.9606 -9.59424 -4.79501
      vertex 87.6512 -9.74893 -3.81833
    endloop
  endfacet
  facet normal 0.949914 0.308664 0.0488851
    outer loop
      vertex 87.6512 -7.31833 -4.75107
      vertex 87.9606 -8.19941 -5.2
      vertex 87.6512 -7.24723 -5.2
    endloop
  endfacet
  facet normal 0.805512 -0.52797 -0.269069
    outer loop
      vertex 87.0627 -11.452 -15.4992
      vertex 87.6512 -10.4753 -15.6539
      vertex 87.6512 -10.6817 -15.2489
    endloop
  endfacet
  facet normal 0.949917 -0.308654 0.0488851
    outer loop
      vertex 87.6512 -10.6817 -4.75107
      vertex 87.9606 -9.80059 -5.2
      vertex 87.9606 -9.77609 -5.04531
    endloop
  endfacet
  facet normal 0.583066 -0.723871 0.368843
    outer loop
      vertex 86.2528 -12.0117 -4.31892
      vertex 87.0627 -11.452 -4.50077
      vertex 86.2528 -11.6067 -3.52409
    endloop
  endfacet
  facet normal 0.58308 -0.723856 -0.36885
    outer loop
      vertex 86.2528 -12.0117 -15.6811
      vertex 86.2528 -11.6067 -16.4759
      vertex 87.0627 -11.452 -15.4992
    endloop
  endfacet
  facet normal 0.583058 -0.723885 -0.368828
    outer loop
      vertex 87.0627 -11.452 -15.4992
      vertex 86.2528 -11.6067 -16.4759
      vertex 87.0627 -11.1306 -16.13
    endloop
  endfacet
  facet normal 0.58307 0.127047 -0.802427
    outer loop
      vertex 87.0627 -8.7 -17.0627
      vertex 86.2528 -8.7 -17.6512
      vertex 86.2528 -7.81892 -17.5117
    endloop
  endfacet
  facet normal 0.583064 0.127039 -0.802432
    outer loop
      vertex 87.0627 -8.7 -17.0627
      vertex 86.2528 -7.81892 -17.5117
      vertex 87.0627 -8.00077 -16.952
    endloop
  endfacet
  facet normal 0.805511 0.269075 -0.527968
    outer loop
      vertex 87.6512 -8.25107 -16.1817
      vertex 87.0627 -8.00077 -16.952
      vertex 87.6512 -7.84608 -15.9753
    endloop
  endfacet
  facet normal 0.949916 0.0488855 -0.308657
    outer loop
      vertex 87.9606 -8.7 -15.3006
      vertex 87.6512 -8.25107 -16.1817
      vertex 87.9606 -8.54531 -15.2761
    endloop
  endfacet
  facet normal 0.805527 0.419007 -0.418999
    outer loop
      vertex 87.6512 -7.52468 -15.6539
      vertex 87.0627 -7.36999 -16.6306
      vertex 87.0627 -6.8694 -16.13
    endloop
  endfacet
  facet normal 0.805529 0.419001 -0.419001
    outer loop
      vertex 87.0627 -7.36999 -16.6306
      vertex 87.6512 -7.52468 -15.6539
      vertex 87.6512 -7.84608 -15.9753
    endloop
  endfacet
  facet normal 0.805523 0.527982 0.269013
    outer loop
      vertex 87.6512 -7.52468 -4.34608
      vertex 87.0627 -6.54801 -4.50077
      vertex 87.0627 -6.8694 -3.86999
    endloop
  endfacet
  facet normal 0.949914 0.0488865 0.308663
    outer loop
      vertex 87.9606 -8.7 -4.69941
      vertex 87.9606 -8.54531 -4.72391
      vertex 87.6512 -8.25107 -3.81833
    endloop
  endfacet
  facet normal 0.951051 -0 0.309033
    outer loop
      vertex 87.6512 -9.3 -3.74723
      vertex 87.9606 -8.7 -4.69941
      vertex 87.6512 -8.7 -3.74723
    endloop
  endfacet
  facet normal 0.951051 0 0.309033
    outer loop
      vertex 87.9606 -8.7 -4.69941
      vertex 87.6512 -9.3 -3.74723
      vertex 87.9606 -9.3 -4.69941
    endloop
  endfacet
  facet normal 0.805523 0.269013 0.527982
    outer loop
      vertex 87.0627 -8.00077 -3.04801
      vertex 87.6512 -7.84608 -4.02468
      vertex 87.0627 -7.36999 -3.3694
    endloop
  endfacet
  facet normal 0.805522 0.269017 0.527982
    outer loop
      vertex 87.6512 -8.25107 -3.81833
      vertex 87.6512 -7.84608 -4.02468
      vertex 87.0627 -8.00077 -3.04801
    endloop
  endfacet
  facet normal 0.305582 -0.940451 0.1489
    outer loop
      vertex 86.2528 -12.0117 -4.31892
      vertex 85.3006 -12.4606 -5.2
      vertex 86.2528 -12.1512 -5.2
    endloop
  endfacet
  facet normal 0.805514 -0.585283 0.092695
    outer loop
      vertex 87.0627 -11.452 -4.50077
      vertex 87.6512 -10.7528 -5.2
      vertex 87.6512 -10.6817 -4.75107
    endloop
  endfacet
  facet normal 0.949907 -0.221043 -0.220943
    outer loop
      vertex 87.9606 -9.70499 -15.0942
      vertex 87.6512 -10.1539 -15.9753
      vertex 87.9606 -9.59424 -15.205
    endloop
  endfacet
  facet normal 0.949914 -0.220978 -0.220978
    outer loop
      vertex 87.6512 -10.1539 -15.9753
      vertex 87.9606 -9.70499 -15.0942
      vertex 87.6512 -10.4753 -15.6539
    endloop
  endfacet
  facet normal 0.805511 -0.527968 0.269075
    outer loop
      vertex 87.0627 -11.452 -4.50077
      vertex 87.6512 -10.6817 -4.75107
      vertex 87.6512 -10.4753 -4.34608
    endloop
  endfacet
  facet normal 0.949917 -0.308655 -0.048887
    outer loop
      vertex 87.6512 -10.7528 -14.8
      vertex 87.6512 -10.6817 -15.2489
      vertex 87.9606 -9.80059 -14.8
    endloop
  endfacet
  facet normal 0.949917 -0.278444 0.141866
    outer loop
      vertex 87.6512 -10.6817 -4.75107
      vertex 87.9606 -9.77609 -5.04531
      vertex 87.9606 -9.70499 -4.90576
    endloop
  endfacet
  facet normal 0.949914 0.0488851 0.308664
    outer loop
      vertex 87.6512 -8.7 -3.74723
      vertex 87.9606 -8.7 -4.69941
      vertex 87.6512 -8.25107 -3.81833
    endloop
  endfacet
  facet normal 0.949916 -0.141867 -0.278447
    outer loop
      vertex 87.9606 -9.59424 -15.205
      vertex 87.6512 -9.74893 -16.1817
      vertex 87.9606 -9.45469 -15.2761
    endloop
  endfacet
  facet normal 0.805514 -0.585281 -0.092701
    outer loop
      vertex 87.6512 -10.7528 -14.8
      vertex 87.0627 -11.452 -15.4992
      vertex 87.6512 -10.6817 -15.2489
    endloop
  endfacet
  facet normal 0.949916 -0.0488842 -0.308658
    outer loop
      vertex 87.6512 -9.74893 -16.1817
      vertex 87.6512 -9.3 -16.2528
      vertex 87.9606 -9.3 -15.3006
    endloop
  endfacet
  facet normal 0.805514 0.092695 -0.585283
    outer loop
      vertex 87.6512 -8.7 -16.2528
      vertex 87.0627 -8.00077 -16.952
      vertex 87.6512 -8.25107 -16.1817
    endloop
  endfacet
  facet normal 0.305591 -0.673295 0.673266
    outer loop
      vertex 85.3006 -11.857 -3.34225
      vertex 86.2528 -10.9759 -2.89331
      vertex 85.3006 -11.1578 -2.64302
    endloop
  endfacet
  facet normal 0.30556 -0.673277 0.673299
    outer loop
      vertex 86.2528 -10.9759 -2.89331
      vertex 85.3006 -11.857 -3.34225
      vertex 86.2528 -11.6067 -3.52409
    endloop
  endfacet
  facet normal 0.805531 -0.418999 -0.418999
    outer loop
      vertex 87.6512 -10.4753 -15.6539
      vertex 87.0627 -10.63 -16.6306
      vertex 87.6512 -10.1539 -15.9753
    endloop
  endfacet
  facet normal 0.805531 -0.418999 -0.418999
    outer loop
      vertex 87.0627 -10.63 -16.6306
      vertex 87.6512 -10.4753 -15.6539
      vertex 87.0627 -11.1306 -16.13
    endloop
  endfacet
  facet normal 0.58306 -0.368841 -0.723877
    outer loop
      vertex 87.0627 -10.63 -16.6306
      vertex 86.2528 -10.9759 -17.1067
      vertex 87.0627 -9.99923 -16.952
    endloop
  endfacet
  facet normal 0.583058 -0.574475 -0.574475
    outer loop
      vertex 87.0627 -11.1306 -16.13
      vertex 86.2528 -10.9759 -17.1067
      vertex 87.0627 -10.63 -16.6306
    endloop
  endfacet
  facet normal 0.583058 -0.574475 -0.574475
    outer loop
      vertex 86.2528 -10.9759 -17.1067
      vertex 87.0627 -11.1306 -16.13
      vertex 86.2528 -11.6067 -16.4759
    endloop
  endfacet
  facet normal 0.805502 -0.0926636 -0.585304
    outer loop
      vertex 87.0627 -9.99923 -16.952
      vertex 87.0627 -9.3 -17.0627
      vertex 87.6512 -9.3 -16.2528
    endloop
  endfacet
  facet normal 0.951053 0 -0.309027
    outer loop
      vertex 87.9606 -9.3 -15.3006
      vertex 87.6512 -8.7 -16.2528
      vertex 87.9606 -8.7 -15.3006
    endloop
  endfacet
  facet normal 0.951053 0 -0.309027
    outer loop
      vertex 87.6512 -8.7 -16.2528
      vertex 87.9606 -9.3 -15.3006
      vertex 87.6512 -9.3 -16.2528
    endloop
  endfacet
  facet normal 0.808982 0 -0.587833
    outer loop
      vertex 87.6512 -9.3 -16.2528
      vertex 87.0627 -8.7 -17.0627
      vertex 87.6512 -8.7 -16.2528
    endloop
  endfacet
  facet normal 0.808982 0 -0.587833
    outer loop
      vertex 87.0627 -8.7 -17.0627
      vertex 87.6512 -9.3 -16.2528
      vertex 87.0627 -9.3 -17.0627
    endloop
  endfacet
  facet normal 0.949914 0.141876 0.27845
    outer loop
      vertex 87.6512 -8.25107 -3.81833
      vertex 87.9606 -8.40576 -4.79501
      vertex 87.6512 -7.84608 -4.02468
    endloop
  endfacet
  facet normal 0.805522 0.527982 0.269017
    outer loop
      vertex 87.6512 -7.52468 -4.34608
      vertex 87.6512 -7.31833 -4.75107
      vertex 87.0627 -6.54801 -4.50077
    endloop
  endfacet
  facet normal 0.949914 0.27845 0.141876
    outer loop
      vertex 87.6512 -7.52468 -4.34608
      vertex 87.9606 -8.29501 -4.90576
      vertex 87.6512 -7.31833 -4.75107
    endloop
  endfacet
  facet normal 0.805523 0.0926999 0.585269
    outer loop
      vertex 87.0627 -8.7 -2.93726
      vertex 87.6512 -8.7 -3.74723
      vertex 87.0627 -8.00077 -3.04801
    endloop
  endfacet
  facet normal 0.583055 0.127096 0.80243
    outer loop
      vertex 87.0627 -8.7 -2.93726
      vertex 87.0627 -8.00077 -3.04801
      vertex 86.2528 -7.81892 -2.48833
    endloop
  endfacet
  facet normal 0.805524 0.419006 0.419006
    outer loop
      vertex 87.0627 -7.36999 -3.3694
      vertex 87.6512 -7.52468 -4.34608
      vertex 87.0627 -6.8694 -3.86999
    endloop
  endfacet
  facet normal 0.805524 0.419006 0.419006
    outer loop
      vertex 87.6512 -7.52468 -4.34608
      vertex 87.0627 -7.36999 -3.3694
      vertex 87.6512 -7.84608 -4.02468
    endloop
  endfacet
  facet normal 0.805501 -0.585304 -0.0926675
    outer loop
      vertex 87.0627 -11.5627 -14.8
      vertex 87.0627 -11.452 -15.4992
      vertex 87.6512 -10.7528 -14.8
    endloop
  endfacet
  facet normal 0.808982 -0.587833 0
    outer loop
      vertex 87.0627 -11.5627 -5.2
      vertex 87.6512 -10.7528 -14.8
      vertex 87.6512 -10.7528 -5.2
    endloop
  endfacet
  facet normal 0.808982 -0.587833 0
    outer loop
      vertex 87.6512 -10.7528 -14.8
      vertex 87.0627 -11.5627 -5.2
      vertex 87.0627 -11.5627 -14.8
    endloop
  endfacet
  facet normal 0.949914 -0.0488851 0.308664
    outer loop
      vertex 87.6512 -9.74893 -3.81833
      vertex 87.9606 -9.3 -4.69941
      vertex 87.6512 -9.3 -3.74723
    endloop
  endfacet
  facet normal 0.80553 -0.52797 0.269015
    outer loop
      vertex 87.0627 -11.1306 -3.86999
      vertex 87.0627 -11.452 -4.50077
      vertex 87.6512 -10.4753 -4.34608
    endloop
  endfacet
  facet normal 0.587833 -0.808982 0
    outer loop
      vertex 86.2528 -12.1512 -14.8
      vertex 87.0627 -11.5627 -5.2
      vertex 86.2528 -12.1512 -5.2
    endloop
  endfacet
  facet normal 0.587833 -0.808982 0
    outer loop
      vertex 87.0627 -11.5627 -5.2
      vertex 86.2528 -12.1512 -14.8
      vertex 87.0627 -11.5627 -14.8
    endloop
  endfacet
  facet normal 0.949914 -0.0488865 0.308663
    outer loop
      vertex 87.6512 -9.74893 -3.81833
      vertex 87.9606 -9.45469 -4.72391
      vertex 87.9606 -9.3 -4.69941
    endloop
  endfacet
  facet normal 0.949911 0.278441 -0.141915
    outer loop
      vertex 87.9606 -8.29501 -15.0942
      vertex 87.6512 -7.31833 -15.2489
      vertex 87.9606 -8.22391 -14.9547
    endloop
  endfacet
  facet normal 0.805521 -0.269028 0.527977
    outer loop
      vertex 87.0627 -9.99923 -3.04801
      vertex 87.6512 -10.1539 -4.02468
      vertex 87.6512 -9.74893 -3.81833
    endloop
  endfacet
  facet normal 0.583054 -0.574472 0.574483
    outer loop
      vertex 86.2528 -10.9759 -2.89331
      vertex 87.0627 -11.1306 -3.86999
      vertex 87.0627 -10.63 -3.3694
    endloop
  endfacet
  facet normal 0.583057 -0.574467 0.574485
    outer loop
      vertex 87.0627 -11.1306 -3.86999
      vertex 86.2528 -10.9759 -2.89331
      vertex 86.2528 -11.6067 -3.52409
    endloop
  endfacet
  facet normal 0.805522 0.527984 -0.269011
    outer loop
      vertex 87.6512 -7.31833 -15.2489
      vertex 87.6512 -7.52468 -15.6539
      vertex 87.0627 -6.54801 -15.4992
    endloop
  endfacet
  facet normal 0.949915 0.27845 -0.141872
    outer loop
      vertex 87.9606 -8.29501 -15.0942
      vertex 87.6512 -7.52468 -15.6539
      vertex 87.6512 -7.31833 -15.2489
    endloop
  endfacet
  facet normal 0.805523 -0.0926999 0.585269
    outer loop
      vertex 87.0627 -9.99923 -3.04801
      vertex 87.6512 -9.3 -3.74723
      vertex 87.0627 -9.3 -2.93726
    endloop
  endfacet
  facet normal 0.805526 -0.419003 0.419003
    outer loop
      vertex 87.0627 -10.63 -3.3694
      vertex 87.6512 -10.4753 -4.34608
      vertex 87.6512 -10.1539 -4.02468
    endloop
  endfacet
  facet normal 0.805528 -0.418997 0.419006
    outer loop
      vertex 87.6512 -10.4753 -4.34608
      vertex 87.0627 -10.63 -3.3694
      vertex 87.0627 -11.1306 -3.86999
    endloop
  endfacet
  facet normal 0.949915 0.141869 0.278451
    outer loop
      vertex 87.9606 -8.54531 -4.72391
      vertex 87.9606 -8.40576 -4.79501
      vertex 87.6512 -8.25107 -3.81833
    endloop
  endfacet
  facet normal 0.583059 -0.723879 0.368837
    outer loop
      vertex 86.2528 -11.6067 -3.52409
      vertex 87.0627 -11.452 -4.50077
      vertex 87.0627 -11.1306 -3.86999
    endloop
  endfacet
  facet normal 0.58307 -0.802427 0.127047
    outer loop
      vertex 86.2528 -12.0117 -4.31892
      vertex 86.2528 -12.1512 -5.2
      vertex 87.0627 -11.5627 -5.2
    endloop
  endfacet
  facet normal 0.951054 -0.309024 0
    outer loop
      vertex 87.6512 -10.7528 -5.2
      vertex 87.9606 -9.80059 -14.8
      vertex 87.9606 -9.80059 -5.2
    endloop
  endfacet
  facet normal 0.951054 -0.309024 0
    outer loop
      vertex 87.9606 -9.80059 -14.8
      vertex 87.6512 -10.7528 -5.2
      vertex 87.6512 -10.7528 -14.8
    endloop
  endfacet
  facet normal 0.949917 -0.308655 0.0488837
    outer loop
      vertex 87.6512 -10.6817 -4.75107
      vertex 87.6512 -10.7528 -5.2
      vertex 87.9606 -9.80059 -5.2
    endloop
  endfacet
  facet normal 0.583053 -0.12709 0.802432
    outer loop
      vertex 86.2528 -10.1811 -2.48833
      vertex 87.0627 -9.3 -2.93726
      vertex 86.2528 -9.3 -2.34878
    endloop
  endfacet
  facet normal 0.58782 0 0.808992
    outer loop
      vertex 86.2528 -8.7 -2.34878
      vertex 87.0627 -9.3 -2.93726
      vertex 87.0627 -8.7 -2.93726
    endloop
  endfacet
  facet normal 0.58782 0 0.808992
    outer loop
      vertex 87.0627 -9.3 -2.93726
      vertex 86.2528 -8.7 -2.34878
      vertex 86.2528 -9.3 -2.34878
    endloop
  endfacet
  facet normal 0.583057 -0.127095 0.802428
    outer loop
      vertex 86.2528 -10.1811 -2.48833
      vertex 87.0627 -9.99923 -3.04801
      vertex 87.0627 -9.3 -2.93726
    endloop
  endfacet
  facet normal 0.58306 -0.368842 0.723876
    outer loop
      vertex 86.2528 -10.9759 -2.89331
      vertex 87.0627 -9.99923 -3.04801
      vertex 86.2528 -10.1811 -2.48833
    endloop
  endfacet
  facet normal 0.809006 -0 0.5878
    outer loop
      vertex 87.0627 -9.3 -2.93726
      vertex 87.6512 -8.7 -3.74723
      vertex 87.0627 -8.7 -2.93726
    endloop
  endfacet
  facet normal 0.809006 0 0.5878
    outer loop
      vertex 87.6512 -8.7 -3.74723
      vertex 87.0627 -9.3 -2.93726
      vertex 87.6512 -9.3 -3.74723
    endloop
  endfacet
  facet normal 0.949913 -0.220981 0.220981
    outer loop
      vertex 87.6512 -10.1539 -4.02468
      vertex 87.9606 -9.70499 -4.90576
      vertex 87.9606 -9.59424 -4.79501
    endloop
  endfacet
  facet normal 0.949913 -0.220981 0.220981
    outer loop
      vertex 87.9606 -9.70499 -4.90576
      vertex 87.6512 -10.1539 -4.02468
      vertex 87.6512 -10.4753 -4.34608
    endloop
  endfacet
  facet normal 0.949915 -0.278436 -0.141899
    outer loop
      vertex 87.6512 -10.6817 -15.2489
      vertex 87.6512 -10.4753 -15.6539
      vertex 87.9606 -9.70499 -15.0942
    endloop
  endfacet
  facet normal 0.949913 -0.278434 -0.141912
    outer loop
      vertex 87.9606 -9.77609 -14.9547
      vertex 87.6512 -10.6817 -15.2489
      vertex 87.9606 -9.70499 -15.0942
    endloop
  endfacet
  facet normal 0.583064 -0.802432 0.127039
    outer loop
      vertex 86.2528 -12.0117 -4.31892
      vertex 87.0627 -11.5627 -5.2
      vertex 87.0627 -11.452 -4.50077
    endloop
  endfacet
  facet normal 0.805502 -0.585304 0.0926636
    outer loop
      vertex 87.0627 -11.452 -4.50077
      vertex 87.0627 -11.5627 -5.2
      vertex 87.6512 -10.7528 -5.2
    endloop
  endfacet
  facet normal 1 0 0
    outer loop
      vertex 87.9606 -8.7 -4.69941
      vertex 87.9606 -8.19941 -5.2
      vertex 87.9606 -8.22391 -5.04531
    endloop
  endfacet
  facet normal 1 0 0
    outer loop
      vertex 87.9606 -8.19941 -5.2
      vertex 87.9606 -9.80059 -5.2
      vertex 87.9606 -8.19941 -14.8
    endloop
  endfacet
  facet normal 1 0 0
    outer loop
      vertex 87.9606 -8.7 -4.69941
      vertex 87.9606 -8.22391 -5.04531
      vertex 87.9606 -8.29501 -4.90576
    endloop
  endfacet
  facet normal 1 0 0
    outer loop
      vertex 87.9606 -9.80059 -14.8
      vertex 87.9606 -8.19941 -14.8
      vertex 87.9606 -9.80059 -5.2
    endloop
  endfacet
  facet normal 1 0 0
    outer loop
      vertex 87.9606 -8.7 -4.69941
      vertex 87.9606 -8.29501 -4.90576
      vertex 87.9606 -8.40576 -4.79501
    endloop
  endfacet
  facet normal 1 0 -0
    outer loop
      vertex 87.9606 -8.7 -15.3006
      vertex 87.9606 -8.19941 -14.8
      vertex 87.9606 -9.80059 -14.8
    endloop
  endfacet
  facet normal 1 0 0
    outer loop
      vertex 87.9606 -8.7 -4.69941
      vertex 87.9606 -8.40576 -4.79501
      vertex 87.9606 -8.54531 -4.72391
    endloop
  endfacet
  facet normal 1 0 0
    outer loop
      vertex 87.9606 -8.19941 -14.8
      vertex 87.9606 -8.7 -15.3006
      vertex 87.9606 -8.22391 -14.9547
    endloop
  endfacet
  facet normal 1 0 0
    outer loop
      vertex 87.9606 -8.19941 -5.2
      vertex 87.9606 -8.7 -4.69941
      vertex 87.9606 -9.80059 -5.2
    endloop
  endfacet
  facet normal 1 0 0
    outer loop
      vertex 87.9606 -8.22391 -14.9547
      vertex 87.9606 -8.7 -15.3006
      vertex 87.9606 -8.29501 -15.0942
    endloop
  endfacet
  facet normal 1 0 0
    outer loop
      vertex 87.9606 -9.80059 -5.2
      vertex 87.9606 -8.7 -4.69941
      vertex 87.9606 -9.3 -4.69941
    endloop
  endfacet
  facet normal 1 0 0
    outer loop
      vertex 87.9606 -8.29501 -15.0942
      vertex 87.9606 -8.7 -15.3006
      vertex 87.9606 -8.40576 -15.205
    endloop
  endfacet
  facet normal 1 0 0
    outer loop
      vertex 87.9606 -9.80059 -5.2
      vertex 87.9606 -9.3 -4.69941
      vertex 87.9606 -9.45469 -4.72391
    endloop
  endfacet
  facet normal 1 0 0
    outer loop
      vertex 87.9606 -8.40576 -15.205
      vertex 87.9606 -8.7 -15.3006
      vertex 87.9606 -8.54531 -15.2761
    endloop
  endfacet
  facet normal 1 0 0
    outer loop
      vertex 87.9606 -9.80059 -5.2
      vertex 87.9606 -9.45469 -4.72391
      vertex 87.9606 -9.59424 -4.79501
    endloop
  endfacet
  facet normal 1 0 0
    outer loop
      vertex 87.9606 -8.7 -15.3006
      vertex 87.9606 -9.80059 -14.8
      vertex 87.9606 -9.3 -15.3006
    endloop
  endfacet
  facet normal 1 0 0
    outer loop
      vertex 87.9606 -9.80059 -5.2
      vertex 87.9606 -9.59424 -4.79501
      vertex 87.9606 -9.70499 -4.90576
    endloop
  endfacet
  facet normal 1 0 0
    outer loop
      vertex 87.9606 -9.3 -15.3006
      vertex 87.9606 -9.80059 -14.8
      vertex 87.9606 -9.45469 -15.2761
    endloop
  endfacet
  facet normal 1 0 0
    outer loop
      vertex 87.9606 -9.80059 -5.2
      vertex 87.9606 -9.70499 -4.90576
      vertex 87.9606 -9.77609 -5.04531
    endloop
  endfacet
  facet normal 1 0 0
    outer loop
      vertex 87.9606 -9.45469 -15.2761
      vertex 87.9606 -9.80059 -14.8
      vertex 87.9606 -9.59424 -15.205
    endloop
  endfacet
  facet normal 1 0 0
    outer loop
      vertex 87.9606 -9.59424 -15.205
      vertex 87.9606 -9.80059 -14.8
      vertex 87.9606 -9.70499 -15.0942
    endloop
  endfacet
  facet normal 1 0 0
    outer loop
      vertex 87.9606 -9.70499 -15.0942
      vertex 87.9606 -9.80059 -14.8
      vertex 87.9606 -9.77609 -14.9547
    endloop
  endfacet
  facet normal 0.0638203 -0.156144 -0.98567
    outer loop
      vertex 59.0475 10.5 -19.9569
      vertex 59.1924 9.42233 -19.7768
      vertex 59.0475 9.54112 -19.805
    endloop
  endfacet
  facet normal 0.0642493 -0.156083 -0.985652
    outer loop
      vertex 59.1924 9.42233 -19.7768
      vertex 59.0475 10.5 -19.9569
      vertex 85.3006 7.72332 -17.8059
    endloop
  endfacet
  facet normal 0.064245 -0.15612 -0.985647
    outer loop
      vertex 85.3006 7.72332 -17.8059
      vertex 59.0475 10.5 -19.9569
      vertex 85.3006 8.7 -17.9606
    endloop
  endfacet
  facet normal 0 0.987687 0.156441
    outer loop
      vertex 59.0475 14.9569 -3.5
      vertex 56.9525 14.7877 -2.43176
      vertex 59.0475 14.7877 -2.43176
    endloop
  endfacet
  facet normal 0 0.987687 0.156441
    outer loop
      vertex 56.9525 14.7877 -2.43176
      vertex 59.0475 14.9569 -3.5
      vertex 56.9525 14.9569 -3.5
    endloop
  endfacet
  facet normal 0.949917 0.278444 0.141866
    outer loop
      vertex 87.9606 9.70499 -4.90576
      vertex 87.9606 9.77609 -5.04531
      vertex 87.6512 10.6817 -4.75107
    endloop
  endfacet
  facet normal 0.0642461 -0.15611 0.985648
    outer loop
      vertex 59.0475 10.5 -0.0430908
      vertex 85.3006 7.72332 -2.19409
      vertex 85.3006 8.7 -2.0394
    endloop
  endfacet
  facet normal 0.305562 -0.148953 0.940449
    outer loop
      vertex 85.3006 8.7 -2.0394
      vertex 86.2528 7.81892 -2.48833
      vertex 86.2528 8.7 -2.34878
    endloop
  endfacet
  facet normal -0.0561306 -0.998423 -1.50581e-06
    outer loop
      vertex 63.9261 6.65104 -5.06139
      vertex 83.6994 5.5394 -5.2
      vertex 63.5552 6.67189 -3.91966
    endloop
  endfacet
  facet normal -0.0561306 -0.998423 0
    outer loop
      vertex 63.9261 6.65104 -5.06139
      vertex 83.6994 5.5394 -14.8
      vertex 83.6994 5.5394 -5.2
    endloop
  endfacet
  facet normal -0.0561306 -0.998423 0
    outer loop
      vertex 63.9261 6.65104 -14.9386
      vertex 83.6994 5.5394 -14.8
      vertex 63.9261 6.65104 -5.06139
    endloop
  endfacet
  facet normal -0.0561306 -0.998423 1.50585e-06
    outer loop
      vertex 83.6994 5.5394 -14.8
      vertex 63.9261 6.65104 -14.9386
      vertex 63.5552 6.67189 -16.0803
    endloop
  endfacet
  facet normal 0.305582 -0.1489 -0.940451
    outer loop
      vertex 86.2528 7.81892 -17.5117
      vertex 85.3006 8.7 -17.9606
      vertex 86.2528 8.7 -17.6512
    endloop
  endfacet
  facet normal -0.0201623 -0.890831 -0.453888
    outer loop
      vertex 63.0283 6.86741 -17.1613
      vertex 83.6994 6.14302 -16.6578
      vertex 83.6994 5.69409 -15.7767
    endloop
  endfacet
  facet normal -0.0201602 -0.890806 -0.453936
    outer loop
      vertex 83.6994 6.14302 -16.6578
      vertex 63.0283 6.86741 -17.1613
      vertex 62.8792 6.97535 -17.3665
    endloop
  endfacet
  facet normal 0.10628 0.451385 -0.885978
    outer loop
      vertex 85.3006 10.2767 -17.8059
      vertex 59.0475 12.5682 -19.7877
      vertex 85.3006 11.1578 -17.357
    endloop
  endfacet
  facet normal -0.583067 0.802426 -0.127063
    outer loop
      vertex 55.911 14.4659 -17.4637
      vertex 55.1478 13.9596 -17.1589
      vertex 55.911 14.6185 -16.5
    endloop
  endfacet
  facet normal -0.583009 0.802515 -0.126769
    outer loop
      vertex 55.1478 13.9596 -17.1589
      vertex 55.911 14.4659 -17.4637
      vertex 55.0896 13.8983 -17.2793
    endloop
  endfacet
  facet normal -0 0.156441 0.987687
    outer loop
      vertex 56.9525 12.5682 -0.212284
      vertex 59.0475 11.5 -0.0430908
      vertex 59.0475 12.5682 -0.212284
    endloop
  endfacet
  facet normal 0 0.156441 0.987687
    outer loop
      vertex 59.0475 11.5 -0.0430908
      vertex 56.9525 12.5682 -0.212284
      vertex 56.9525 11.5 -0.0430908
    endloop
  endfacet
  facet normal 0.114454 0.885163 0.450985
    outer loop
      vertex 85.3006 11.857 -3.34225
      vertex 85.3006 12.3059 -4.22332
      vertex 59.0475 14.7877 -2.43176
    endloop
  endfacet
  facet normal -0.0455375 -0.986664 -0.156268
    outer loop
      vertex 63.5552 6.67189 -16.0803
      vertex 83.6994 5.69409 -15.7767
      vertex 83.6994 5.5394 -14.8
    endloop
  endfacet
  facet normal -0.0455389 -0.986674 -0.15621
    outer loop
      vertex 83.6994 5.69409 -15.7767
      vertex 63.5552 6.67189 -16.0803
      vertex 63.4761 6.71406 -16.3236
    endloop
  endfacet
  facet normal -0.305516 -0.148978 -0.94046
    outer loop
      vertex 56.1266 10.5 -19.6886
      vertex 56.9525 10.5 -19.9569
      vertex 56.9525 9.65283 -19.8227
    endloop
  endfacet
  facet normal 0.951051 -0 0.309033
    outer loop
      vertex 87.6512 8.7 -3.74723
      vertex 87.9606 9.3 -4.69941
      vertex 87.6512 9.3 -3.74723
    endloop
  endfacet
  facet normal 0.951051 0 0.309033
    outer loop
      vertex 87.9606 9.3 -4.69941
      vertex 87.6512 8.7 -3.74723
      vertex 87.9606 8.7 -4.69941
    endloop
  endfacet
  facet normal 0.949914 0.220978 -0.220978
    outer loop
      vertex 87.9606 9.70499 -15.0942
      vertex 87.6512 10.1539 -15.9753
      vertex 87.6512 10.4753 -15.6539
    endloop
  endfacet
  facet normal 0.949907 0.221043 -0.220943
    outer loop
      vertex 87.6512 10.1539 -15.9753
      vertex 87.9606 9.70499 -15.0942
      vertex 87.9606 9.59424 -15.205
    endloop
  endfacet
  facet normal 0.305528 0.940459 -0.14896
    outer loop
      vertex 86.2528 12.0117 -15.6811
      vertex 85.3006 12.3059 -15.7767
      vertex 85.3006 12.4606 -14.8
    endloop
  endfacet
  facet normal 0.805502 0.585304 0.0926636
    outer loop
      vertex 87.0627 11.452 -4.50077
      vertex 87.6512 10.7528 -5.2
      vertex 87.0627 11.5627 -5.2
    endloop
  endfacet
  facet normal 0.305528 0.940459 0.148963
    outer loop
      vertex 86.2528 12.0117 -4.31892
      vertex 85.3006 12.4606 -5.2
      vertex 85.3006 12.3059 -4.22332
    endloop
  endfacet
  facet normal 0.114452 0.885163 -0.450986
    outer loop
      vertex 85.3006 11.857 -16.6578
      vertex 59.0475 14.2967 -18.5319
      vertex 59.0475 14.7877 -17.5682
    endloop
  endfacet
  facet normal 0.103487 0.982383 -0.155607
    outer loop
      vertex 85.3006 12.3059 -15.7767
      vertex 59.0475 14.7877 -17.5682
      vertex 59.0475 14.9569 -16.5
    endloop
  endfacet
  facet normal 3.42821e-06 -0.768506 0.639842
    outer loop
      vertex 83.6994 6.14302 -3.34225
      vertex 62.2426 7.46247 -1.75736
      vertex 62.305 7.39106 -1.84313
    endloop
  endfacet
  facet normal 3.38056e-06 -0.768507 0.639842
    outer loop
      vertex 83.6994 6.14302 -3.34225
      vertex 62.1493 7.51896 -1.68951
      vertex 62.2426 7.46247 -1.75736
    endloop
  endfacet
  facet normal 0 -0.768528 0.639816
    outer loop
      vertex 62.1493 7.51896 -1.68951
      vertex 83.6994 6.14302 -3.34225
      vertex 85.3006 6.14302 -3.34225
    endloop
  endfacet
  facet normal 0.805525 0.269015 0.527978
    outer loop
      vertex 87.0627 9.99923 -3.04801
      vertex 87.6512 10.1539 -4.02468
      vertex 87.0627 10.63 -3.3694
    endloop
  endfacet
  facet normal -0.0455368 -0.986663 0.156275
    outer loop
      vertex 63.346 6.78348 -3.27606
      vertex 83.6994 5.69409 -4.22332
      vertex 63.0283 6.86741 -2.83873
    endloop
  endfacet
  facet normal -0.0455376 -0.986666 0.156259
    outer loop
      vertex 83.6994 5.69409 -4.22332
      vertex 63.346 6.78348 -3.27606
      vertex 63.4761 6.71407 -3.67642
    endloop
  endfacet
  facet normal -0.587791 0 0.809013
    outer loop
      vertex 55.911 11.5 -0.381477
      vertex 55.4662 11.5 -0.704648
      vertex 55.911 10.8657 -0.381477
    endloop
  endfacet
  facet normal 0.103487 0.982384 -0.1556
    outer loop
      vertex 85.3006 12.3059 -15.7767
      vertex 59.0475 14.9569 -16.5
      vertex 85.3006 12.4606 -14.8
    endloop
  endfacet
  facet normal 0.949915 0.278436 -0.141899
    outer loop
      vertex 87.9606 9.70499 -15.0942
      vertex 87.6512 10.4753 -15.6539
      vertex 87.6512 10.6817 -15.2489
    endloop
  endfacet
  facet normal -0.587707 -0 -0.809074
    outer loop
      vertex 55.911 11.5 -19.6185
      vertex 55.911 10.8657 -19.6185
      vertex 55.4662 11.5 -19.2954
    endloop
  endfacet
  facet normal -0.020163 -0.890832 -0.453884
    outer loop
      vertex 62.8792 6.97535 -17.3665
      vertex 62.305 7.39106 -18.1569
      vertex 83.6994 6.14302 -16.6578
    endloop
  endfacet
  facet normal 0.805522 -0.269017 0.527982
    outer loop
      vertex 87.0627 8.00077 -3.04801
      vertex 87.6512 7.84608 -4.02468
      vertex 87.6512 8.25107 -3.81833
    endloop
  endfacet
  facet normal 0.949914 -0.0488851 0.308664
    outer loop
      vertex 87.6512 8.25107 -3.81833
      vertex 87.9606 8.7 -4.69941
      vertex 87.6512 8.7 -3.74723
    endloop
  endfacet
  facet normal 0.0878729 0.155842 -0.983866
    outer loop
      vertex 85.3006 10.2767 -17.8059
      vertex 59.0475 11.5 -19.9569
      vertex 59.0475 12.5682 -19.7877
    endloop
  endfacet
  facet normal 0.80551 0.269086 -0.527964
    outer loop
      vertex 87.6512 9.74893 -16.1817
      vertex 87.0627 9.99923 -16.952
      vertex 87.6512 10.1539 -15.9753
    endloop
  endfacet
  facet normal 0.114453 0.885159 0.450993
    outer loop
      vertex 59.0475 14.2967 -1.46808
      vertex 85.3006 11.857 -3.34225
      vertex 59.0475 14.7877 -2.43176
    endloop
  endfacet
  facet normal 0.00845406 -0.707071 -0.707092
    outer loop
      vertex 62.1493 7.51896 -18.3105
      vertex 85.3006 6.84224 -17.357
      vertex 85.3006 6.14302 -16.6578
    endloop
  endfacet
  facet normal 0.00845454 -0.707065 -0.707098
    outer loop
      vertex 85.3006 6.84224 -17.357
      vertex 62.1493 7.51896 -18.3105
      vertex 60.9893 8.34783 -19.1532
    endloop
  endfacet
  facet normal 0.103487 0.982384 0.155601
    outer loop
      vertex 59.0475 14.7877 -2.43176
      vertex 85.3006 12.3059 -4.22332
      vertex 59.0475 14.9569 -3.5
    endloop
  endfacet
  facet normal 0.10628 0.451398 -0.885971
    outer loop
      vertex 85.3006 11.1578 -17.357
      vertex 59.0475 12.5682 -19.7877
      vertex 59.0475 13.5319 -19.2967
    endloop
  endfacet
  facet normal 0.094659 0.99551 -0
    outer loop
      vertex 85.3006 12.4606 -14.8
      vertex 59.0475 14.9569 -3.5
      vertex 85.3006 12.4606 -5.2
    endloop
  endfacet
  facet normal 0.094659 0.99551 0
    outer loop
      vertex 59.0475 14.9569 -3.5
      vertex 85.3006 12.4606 -14.8
      vertex 59.0475 14.9569 -16.5
    endloop
  endfacet
  facet normal -0.583015 0.802505 0.126804
    outer loop
      vertex 55.911 14.4659 -2.53632
      vertex 55.1478 13.9596 -2.84111
      vertex 55.0896 13.8983 -2.72075
    endloop
  endfacet
  facet normal -0.583067 0.802426 0.127065
    outer loop
      vertex 55.1478 13.9596 -2.84111
      vertex 55.911 14.4659 -2.53632
      vertex 55.911 14.6185 -3.5
    endloop
  endfacet
  facet normal -0.583008 0.723896 0.368884
    outer loop
      vertex 55.911 14.4659 -2.53632
      vertex 55.0896 13.8661 -2.65747
      vertex 55.911 14.0229 -1.66698
    endloop
  endfacet
  facet normal -0.583071 0.724071 0.368443
    outer loop
      vertex 55.0896 13.8661 -2.65747
      vertex 55.911 14.4659 -2.53632
      vertex 55.0896 13.8983 -2.72075
    endloop
  endfacet
  facet normal 0.0376894 -0.453674 0.89037
    outer loop
      vertex 85.3006 6.84224 -2.64302
      vertex 60.7239 8.70419 -0.653961
      vertex 60.9893 8.34783 -0.846773
    endloop
  endfacet
  facet normal 0.0376897 -0.453672 0.890372
    outer loop
      vertex 85.3006 6.84224 -2.64302
      vertex 60.1906 9 -0.480662
      vertex 60.7239 8.70419 -0.653961
    endloop
  endfacet
  facet normal 0.0376902 -0.453668 0.890374
    outer loop
      vertex 60.1906 9 -0.480662
      vertex 85.3006 6.84224 -2.64302
      vertex 59.2074 9.41599 -0.227085
    endloop
  endfacet
  facet normal 0.583048 -0.802437 0.127085
    outer loop
      vertex 86.2528 5.98833 -4.31892
      vertex 87.0627 6.43726 -5.2
      vertex 87.0627 6.548 -4.50077
    endloop
  endfacet
  facet normal 0.0084533 -0.707087 0.707076
    outer loop
      vertex 85.3006 6.84224 -2.64302
      vertex 62.1493 7.51896 -1.68951
      vertex 85.3006 6.14302 -3.34225
    endloop
  endfacet
  facet normal 0.00845371 -0.707081 0.707082
    outer loop
      vertex 62.1493 7.51896 -1.68951
      vertex 85.3006 6.84224 -2.64302
      vertex 60.9893 8.34783 -0.846773
    endloop
  endfacet
  facet normal 0.106281 0.451409 0.885965
    outer loop
      vertex 85.3006 10.2767 -2.19409
      vertex 85.3006 11.1578 -2.64302
      vertex 59.0475 12.5682 -0.212284
    endloop
  endfacet
  facet normal 0 -0.987689 -0.15643
    outer loop
      vertex 83.6994 5.69409 -15.7767
      vertex 85.3006 5.5394 -14.8
      vertex 83.6994 5.5394 -14.8
    endloop
  endfacet
  facet normal 0 -0.987689 -0.15643
    outer loop
      vertex 85.3006 5.5394 -14.8
      vertex 83.6994 5.69409 -15.7767
      vertex 85.3006 5.69409 -15.7767
    endloop
  endfacet
  facet normal -0.0455355 -0.986658 -0.156307
    outer loop
      vertex 63.346 6.78348 -16.7239
      vertex 83.6994 5.69409 -15.7767
      vertex 63.4761 6.71406 -16.3236
    endloop
  endfacet
  facet normal -0.0455387 -0.986667 -0.156249
    outer loop
      vertex 83.6994 5.69409 -15.7767
      vertex 63.346 6.78348 -16.7239
      vertex 63.0283 6.86741 -17.1613
    endloop
  endfacet
  facet normal 4.13723e-05 -0.768236 -0.640167
    outer loop
      vertex 62.2426 7.46247 -18.2426
      vertex 83.6994 6.14302 -16.6578
      vertex 62.305 7.39106 -18.1569
    endloop
  endfacet
  facet normal -3.83504e-05 -0.768767 -0.639529
    outer loop
      vertex 62.1493 7.51896 -18.3105
      vertex 83.6994 6.14302 -16.6578
      vertex 62.2426 7.46247 -18.2426
    endloop
  endfacet
  facet normal 0 -0.768521 -0.639825
    outer loop
      vertex 83.6994 6.14302 -16.6578
      vertex 62.1493 7.51896 -18.3105
      vertex 85.3006 6.14302 -16.6578
    endloop
  endfacet
  facet normal 0 0 -1
    outer loop
      vertex 56.9525 10.5 -19.9569
      vertex 59.0475 11.5 -19.9569
      vertex 59.0475 10.5 -19.9569
    endloop
  endfacet
  facet normal -0 0 -1
    outer loop
      vertex 59.0475 11.5 -19.9569
      vertex 56.9525 10.5 -19.9569
      vertex 56.9525 11.5 -19.9569
    endloop
  endfacet
  facet normal 3.24145e-05 -0.156463 -0.987684
    outer loop
      vertex 58.9386 9.65283 -19.8227
      vertex 59.0475 10.5 -19.9569
      vertex 59.0475 9.54112 -19.805
    endloop
  endfacet
  facet normal 0 -0.156459 -0.987684
    outer loop
      vertex 56.9525 10.5 -19.9569
      vertex 58.9386 9.65283 -19.8227
      vertex 56.9525 9.65283 -19.8227
    endloop
  endfacet
  facet normal 0 -0.156459 -0.987684
    outer loop
      vertex 58.9386 9.65283 -19.8227
      vertex 56.9525 10.5 -19.9569
      vertex 59.0475 10.5 -19.9569
    endloop
  endfacet
  facet normal 0.309027 0 -0.951053
    outer loop
      vertex 85.3006 8.7 -17.9606
      vertex 86.2528 9.3 -17.6512
      vertex 86.2528 8.7 -17.6512
    endloop
  endfacet
  facet normal 0.309027 0 -0.951053
    outer loop
      vertex 86.2528 9.3 -17.6512
      vertex 85.3006 8.7 -17.9606
      vertex 85.3006 9.3 -17.9606
    endloop
  endfacet
  facet normal 0.309009 -0.951059 0
    outer loop
      vertex 85.3006 5.5394 -14.8
      vertex 86.2528 5.84878 -5.2
      vertex 85.3006 5.5394 -5.2
    endloop
  endfacet
  facet normal 0.309009 -0.951059 0
    outer loop
      vertex 86.2528 5.84878 -5.2
      vertex 85.3006 5.5394 -14.8
      vertex 86.2528 5.84878 -14.8
    endloop
  endfacet
  facet normal 0.0758217 0 -0.997121
    outer loop
      vertex 59.0475 10.5 -19.9569
      vertex 85.3006 9.3 -17.9606
      vertex 85.3006 8.7 -17.9606
    endloop
  endfacet
  facet normal 0.0758217 0 -0.997121
    outer loop
      vertex 85.3006 9.3 -17.9606
      vertex 59.0475 10.5 -19.9569
      vertex 59.0475 11.5 -19.9569
    endloop
  endfacet
  facet normal 0.587833 0 -0.808982
    outer loop
      vertex 86.2528 8.7 -17.6512
      vertex 87.0627 9.3 -17.0627
      vertex 87.0627 8.7 -17.0627
    endloop
  endfacet
  facet normal 0.587833 0 -0.808982
    outer loop
      vertex 87.0627 9.3 -17.0627
      vertex 86.2528 8.7 -17.6512
      vertex 86.2528 9.3 -17.6512
    endloop
  endfacet
  facet normal 0.0878727 0.155835 -0.983867
    outer loop
      vertex 85.3006 9.3 -17.9606
      vertex 59.0475 11.5 -19.9569
      vertex 85.3006 10.2767 -17.8059
    endloop
  endfacet
  facet normal 0.805514 0.585283 0.092695
    outer loop
      vertex 87.6512 10.6817 -4.75107
      vertex 87.6512 10.7528 -5.2
      vertex 87.0627 11.452 -4.50077
    endloop
  endfacet
  facet normal 0.305589 0.848371 -0.432298
    outer loop
      vertex 86.2528 11.6067 -16.4759
      vertex 85.3006 11.857 -16.6578
      vertex 86.2528 12.0117 -15.6811
    endloop
  endfacet
  facet normal 0.114452 0.885169 -0.450973
    outer loop
      vertex 85.3006 11.857 -16.6578
      vertex 59.0475 14.7877 -17.5682
      vertex 85.3006 12.3059 -15.7767
    endloop
  endfacet
  facet normal 0.305599 0.673279 -0.673279
    outer loop
      vertex 86.2528 10.9759 -17.1067
      vertex 85.3006 11.857 -16.6578
      vertex 86.2528 11.6067 -16.4759
    endloop
  endfacet
  facet normal 0.305599 0.673279 -0.673279
    outer loop
      vertex 85.3006 11.857 -16.6578
      vertex 86.2528 10.9759 -17.1067
      vertex 85.3006 11.1578 -17.357
    endloop
  endfacet
  facet normal 0.583053 0.12709 0.802432
    outer loop
      vertex 86.2528 9.3 -2.34878
      vertex 87.0627 9.3 -2.93726
      vertex 86.2528 10.1811 -2.48833
    endloop
  endfacet
  facet normal 0.03769 -0.45365 -0.890382
    outer loop
      vertex 60.7239 8.70419 -19.346
      vertex 85.3006 6.84224 -17.357
      vertex 60.9893 8.34783 -19.1532
    endloop
  endfacet
  facet normal 0.0376868 -0.453678 -0.890368
    outer loop
      vertex 60.1906 9 -19.5193
      vertex 85.3006 6.84224 -17.357
      vertex 60.7239 8.70419 -19.346
    endloop
  endfacet
  facet normal 0.0376811 -0.453722 -0.890346
    outer loop
      vertex 85.3006 6.84224 -17.357
      vertex 60.1906 9 -19.5193
      vertex 59.2074 9.41599 -19.7729
    endloop
  endfacet
  facet normal 0.115414 0.702371 0.702392
    outer loop
      vertex 59.0475 13.5319 -0.703302
      vertex 85.3006 11.857 -3.34225
      vertex 59.0475 14.2967 -1.46808
    endloop
  endfacet
  facet normal 0.115413 0.702397 0.702367
    outer loop
      vertex 85.3006 11.857 -3.34225
      vertex 59.0475 13.5319 -0.703302
      vertex 85.3006 11.1578 -2.64302
    endloop
  endfacet
  facet normal 0.106281 0.451411 0.885964
    outer loop
      vertex 59.0475 12.5682 -0.212284
      vertex 85.3006 11.1578 -2.64302
      vertex 59.0475 13.5319 -0.703302
    endloop
  endfacet
  facet normal -0.805436 0.528264 0.268717
    outer loop
      vertex 55.0251 13.5022 -2.04531
      vertex 54.9442 13.4405 -2.1665
      vertex 54.9297 13.396 -2.12248
    endloop
  endfacet
  facet normal 0 0.891014 0.453976
    outer loop
      vertex 59.0475 14.7877 -2.43176
      vertex 56.9525 14.2967 -1.46808
      vertex 59.0475 14.2967 -1.46808
    endloop
  endfacet
  facet normal 0 0.891014 0.453976
    outer loop
      vertex 56.9525 14.2967 -1.46808
      vertex 59.0475 14.7877 -2.43176
      vertex 56.9525 14.7877 -2.43176
    endloop
  endfacet
  facet normal -0.583006 0.723935 0.368811
    outer loop
      vertex 55.0896 13.7943 -2.51671
      vertex 55.0251 13.5022 -2.04531
      vertex 55.911 14.0229 -1.66698
    endloop
  endfacet
  facet normal -0.583059 0.723895 0.368806
    outer loop
      vertex 55.0251 13.5022 -2.04531
      vertex 55.0614 13.748 -2.47038
      vertex 55.0251 13.6896 -2.41314
    endloop
  endfacet
  facet normal -0.582703 0.724104 0.368957
    outer loop
      vertex 55.0251 13.5022 -2.04531
      vertex 55.0896 13.7943 -2.51671
      vertex 55.0614 13.748 -2.47038
    endloop
  endfacet
  facet normal -0.583221 0.723612 0.369106
    outer loop
      vertex 55.0896 13.7943 -2.51671
      vertex 55.911 14.0229 -1.66698
      vertex 55.0896 13.8661 -2.65747
    endloop
  endfacet
  facet normal 0.809006 -0.5878 0
    outer loop
      vertex 87.0627 6.43726 -5.2
      vertex 87.6512 7.24723 -14.8
      vertex 87.6512 7.24723 -5.2
    endloop
  endfacet
  facet normal 0.809006 -0.5878 0
    outer loop
      vertex 87.6512 7.24723 -14.8
      vertex 87.0627 6.43726 -5.2
      vertex 87.0627 6.43726 -14.8
    endloop
  endfacet
  facet normal 0 -1 0
    outer loop
      vertex 83.6994 5.5394 -14.8
      vertex 85.3006 5.5394 -5.2
      vertex 83.6994 5.5394 -5.2
    endloop
  endfacet
  facet normal 0 -1 -0
    outer loop
      vertex 85.3006 5.5394 -5.2
      vertex 83.6994 5.5394 -14.8
      vertex 85.3006 5.5394 -14.8
    endloop
  endfacet
  facet normal 0.583053 -0.36883 0.723888
    outer loop
      vertex 86.2528 7.02409 -2.89331
      vertex 87.0627 7.36999 -3.3694
      vertex 87.0627 8.00077 -3.04801
    endloop
  endfacet
  facet normal 0.0642462 -0.15611 0.985648
    outer loop
      vertex 59.0475 10.5 -0.0430908
      vertex 59.1924 9.42233 -0.22322
      vertex 85.3006 7.72332 -2.19409
    endloop
  endfacet
  facet normal 0.0642301 -0.156112 0.985649
    outer loop
      vertex 59.1924 9.42233 -0.22322
      vertex 59.0475 10.5 -0.0430908
      vertex 59.0475 9.54112 -0.194963
    endloop
  endfacet
  facet normal 0.305563 0.432267 0.848396
    outer loop
      vertex 86.2528 10.1811 -2.48833
      vertex 85.3006 11.1578 -2.64302
      vertex 85.3006 10.2767 -2.19409
    endloop
  endfacet
  facet normal -0.305525 0.148921 -0.940466
    outer loop
      vertex 55.911 12.4637 -19.4659
      vertex 56.9525 12.5682 -19.7877
      vertex 55.911 11.5 -19.6185
    endloop
  endfacet
  facet normal 0.305583 0.148897 -0.940452
    outer loop
      vertex 86.2528 9.3 -17.6512
      vertex 85.3006 9.3 -17.9606
      vertex 86.2528 10.1811 -17.5117
    endloop
  endfacet
  facet normal 0.305562 -0.940449 0.148953
    outer loop
      vertex 86.2528 5.98833 -4.31892
      vertex 85.3006 5.5394 -5.2
      vertex 86.2528 5.84878 -5.2
    endloop
  endfacet
  facet normal 0.587833 0.808982 -0
    outer loop
      vertex 87.0627 11.5627 -14.8
      vertex 86.2528 12.1512 -5.2
      vertex 87.0627 11.5627 -5.2
    endloop
  endfacet
  facet normal 0.587833 0.808982 0
    outer loop
      vertex 86.2528 12.1512 -5.2
      vertex 87.0627 11.5627 -14.8
      vertex 86.2528 12.1512 -14.8
    endloop
  endfacet
  facet normal 0.305531 0.848411 0.432261
    outer loop
      vertex 85.3006 11.857 -3.34225
      vertex 86.2528 12.0117 -4.31892
      vertex 85.3006 12.3059 -4.22332
    endloop
  endfacet
  facet normal 0.809006 -0 0.5878
    outer loop
      vertex 87.0627 8.7 -2.93726
      vertex 87.6512 9.3 -3.74723
      vertex 87.0627 9.3 -2.93726
    endloop
  endfacet
  facet normal 0.809006 0 0.5878
    outer loop
      vertex 87.6512 9.3 -3.74723
      vertex 87.0627 8.7 -2.93726
      vertex 87.6512 8.7 -3.74723
    endloop
  endfacet
  facet normal 0.949913 0.220981 0.220981
    outer loop
      vertex 87.6512 10.1539 -4.02468
      vertex 87.9606 9.70499 -4.90576
      vertex 87.6512 10.4753 -4.34608
    endloop
  endfacet
  facet normal 0.949913 0.220981 0.220981
    outer loop
      vertex 87.9606 9.70499 -4.90576
      vertex 87.6512 10.1539 -4.02468
      vertex 87.9606 9.59424 -4.79501
    endloop
  endfacet
  facet normal 0.808982 0.587833 0
    outer loop
      vertex 87.6512 10.7528 -5.2
      vertex 87.0627 11.5627 -14.8
      vertex 87.0627 11.5627 -5.2
    endloop
  endfacet
  facet normal 0.808982 0.587833 0
    outer loop
      vertex 87.0627 11.5627 -14.8
      vertex 87.6512 10.7528 -5.2
      vertex 87.6512 10.7528 -14.8
    endloop
  endfacet
  facet normal 0.58307 0.802427 -0.127044
    outer loop
      vertex 87.0627 11.5627 -14.8
      vertex 86.2528 12.0117 -15.6811
      vertex 86.2528 12.1512 -14.8
    endloop
  endfacet
  facet normal 0.305532 0.848417 -0.432249
    outer loop
      vertex 86.2528 12.0117 -15.6811
      vertex 85.3006 11.857 -16.6578
      vertex 85.3006 12.3059 -15.7767
    endloop
  endfacet
  facet normal 0.0878723 0.155825 0.983868
    outer loop
      vertex 85.3006 9.3 -2.0394
      vertex 85.3006 10.2767 -2.19409
      vertex 59.0475 11.5 -0.0430908
    endloop
  endfacet
  facet normal 0.0878727 0.155836 0.983867
    outer loop
      vertex 59.0475 11.5 -0.0430908
      vertex 85.3006 10.2767 -2.19409
      vertex 59.0475 12.5682 -0.212284
    endloop
  endfacet
  facet normal -0.805473 0.419062 0.419046
    outer loop
      vertex 54.9297 13.396 -2.12248
      vertex 55.0251 12.9547 -1.49779
      vertex 55.0251 13.5022 -2.04531
    endloop
  endfacet
  facet normal -0.805535 0.418987 0.419003
    outer loop
      vertex 55.0251 12.9547 -1.49779
      vertex 54.9297 13.396 -2.12248
      vertex 54.9297 12.8775 -1.604
    endloop
  endfacet
  facet normal -0.309014 0.951058 3.13522e-05
    outer loop
      vertex 55.9651 14.6361 -4.16873
      vertex 55.911 14.6185 -3.5
      vertex 56.9525 14.9569 -3.5
    endloop
  endfacet
  facet normal -0.309364 0.950944 0
    outer loop
      vertex 55.911 14.6185 -3.5
      vertex 55.9651 14.6361 -4.16873
      vertex 55.911 14.6185 -4.13426
    endloop
  endfacet
  facet normal -0.308995 0.951064 -3.16348e-08
    outer loop
      vertex 56.9525 14.9569 -3.5
      vertex 56.8577 14.9261 -6
      vertex 55.9651 14.6361 -4.16873
    endloop
  endfacet
  facet normal -0.308995 0.951064 0
    outer loop
      vertex 56.9525 14.9569 -3.5
      vertex 56.8577 14.9261 -14
      vertex 56.8577 14.9261 -6
    endloop
  endfacet
  facet normal -0.308995 0.951064 0
    outer loop
      vertex 56.9525 14.9569 -16.5
      vertex 56.8577 14.9261 -14
      vertex 56.9525 14.9569 -3.5
    endloop
  endfacet
  facet normal -0.308995 0.951064 3.16348e-08
    outer loop
      vertex 56.9525 14.9569 -16.5
      vertex 55.9651 14.6361 -15.8313
      vertex 56.8577 14.9261 -14
    endloop
  endfacet
  facet normal -0.309014 0.951058 -3.13536e-05
    outer loop
      vertex 55.911 14.6185 -16.5
      vertex 55.9651 14.6361 -15.8313
      vertex 56.9525 14.9569 -16.5
    endloop
  endfacet
  facet normal -0.309364 0.950944 0
    outer loop
      vertex 55.9651 14.6361 -15.8313
      vertex 55.911 14.6185 -16.5
      vertex 55.911 14.6185 -15.8657
    endloop
  endfacet
  facet normal -0.305533 0.940463 0.148924
    outer loop
      vertex 56.9525 14.7877 -2.43176
      vertex 55.911 14.6185 -3.5
      vertex 55.911 14.4659 -2.53632
    endloop
  endfacet
  facet normal -0.582618 0.724165 -0.368974
    outer loop
      vertex 55.0614 13.748 -17.5296
      vertex 55.0251 13.5022 -17.9547
      vertex 55.0251 13.6896 -17.5869
    endloop
  endfacet
  facet normal -0.583053 0.723909 -0.368789
    outer loop
      vertex 55.0896 13.7943 -17.4833
      vertex 55.0251 13.5022 -17.9547
      vertex 55.0614 13.748 -17.5296
    endloop
  endfacet
  facet normal -0.582998 0.72394 -0.368815
    outer loop
      vertex 55.0896 13.7943 -17.4833
      vertex 55.911 14.0229 -18.333
      vertex 55.0251 13.5022 -17.9547
    endloop
  endfacet
  facet normal -0.583163 0.723691 -0.369041
    outer loop
      vertex 55.911 14.0229 -18.333
      vertex 55.0896 13.7943 -17.4833
      vertex 55.0896 13.8661 -17.3425
    endloop
  endfacet
  facet normal 0 0.156447 -0.987686
    outer loop
      vertex 56.9525 11.5 -19.9569
      vertex 59.0475 12.5682 -19.7877
      vertex 59.0475 11.5 -19.9569
    endloop
  endfacet
  facet normal 0 0.156447 -0.987686
    outer loop
      vertex 59.0475 12.5682 -19.7877
      vertex 56.9525 11.5 -19.9569
      vertex 56.9525 12.5682 -19.7877
    endloop
  endfacet
  facet normal 0.115412 0.702382 -0.702382
    outer loop
      vertex 59.0475 13.5319 -19.2967
      vertex 85.3006 11.857 -16.6578
      vertex 85.3006 11.1578 -17.357
    endloop
  endfacet
  facet normal 0.115412 0.702382 -0.702382
    outer loop
      vertex 85.3006 11.857 -16.6578
      vertex 59.0475 13.5319 -19.2967
      vertex 59.0475 14.2967 -18.5319
    endloop
  endfacet
  facet normal 0 0.707097 0.707117
    outer loop
      vertex 59.0475 14.2967 -1.46808
      vertex 56.9525 13.5319 -0.703302
      vertex 59.0475 13.5319 -0.703302
    endloop
  endfacet
  facet normal 0 0.707097 0.707117
    outer loop
      vertex 56.9525 13.5319 -0.703302
      vertex 59.0475 14.2967 -1.46808
      vertex 56.9525 14.2967 -1.46808
    endloop
  endfacet
  facet normal -0.583016 0.368841 0.723912
    outer loop
      vertex 55.0251 12.9547 -1.49779
      vertex 55.0896 12.4833 -1.20566
      vertex 55.911 13.333 -0.977062
    endloop
  endfacet
  facet normal -0.58366 0.36853 0.723552
    outer loop
      vertex 55.0896 12.4833 -1.20566
      vertex 55.0251 12.9547 -1.49779
      vertex 55.0614 12.5296 -1.25199
    endloop
  endfacet
  facet normal -0.582305 0.369107 0.724349
    outer loop
      vertex 55.0614 12.5296 -1.25199
      vertex 55.0251 12.9547 -1.49779
      vertex 55.0251 12.5869 -1.31037
    endloop
  endfacet
  facet normal -0.58297 0.368778 0.723981
    outer loop
      vertex 55.911 13.333 -0.977062
      vertex 55.0896 12.4833 -1.20566
      vertex 55.0896 12.3425 -1.13394
    endloop
  endfacet
  facet normal -0.30558 0.673283 -0.673283
    outer loop
      vertex 56.9525 14.2967 -18.5319
      vertex 55.911 13.333 -19.0229
      vertex 55.911 14.0229 -18.333
    endloop
  endfacet
  facet normal -0.30558 0.673283 -0.673283
    outer loop
      vertex 55.911 13.333 -19.0229
      vertex 56.9525 14.2967 -18.5319
      vertex 56.9525 13.5319 -19.2967
    endloop
  endfacet
  facet normal -0.309016 0 0.951057
    outer loop
      vertex 55.9651 10.8313 -0.363915
      vertex 56.9525 10.5 -0.0430908
      vertex 56.9525 11.5 -0.0430908
    endloop
  endfacet
  facet normal -0.309022 -2.15678e-05 0.951055
    outer loop
      vertex 56.9525 10.5 -0.0430908
      vertex 55.9651 10.8313 -0.363915
      vertex 56.1266 10.5 -0.311447
    endloop
  endfacet
  facet normal -0.309002 -2.16724e-05 0.951061
    outer loop
      vertex 55.911 11.5 -0.381477
      vertex 55.9651 10.8313 -0.363915
      vertex 56.9525 11.5 -0.0430908
    endloop
  endfacet
  facet normal -0.30876 0 0.95114
    outer loop
      vertex 55.9651 10.8313 -0.363915
      vertex 55.911 11.5 -0.381477
      vertex 55.911 10.8657 -0.381477
    endloop
  endfacet
  facet normal -0.0455366 -0.986661 0.156288
    outer loop
      vertex 63.5552 6.67189 -3.91966
      vertex 83.6994 5.69409 -4.22332
      vertex 63.4761 6.71407 -3.67642
    endloop
  endfacet
  facet normal -0.045537 -0.986664 0.156271
    outer loop
      vertex 83.6994 5.69409 -4.22332
      vertex 63.5552 6.67189 -3.91966
      vertex 83.6994 5.5394 -5.2
    endloop
  endfacet
  facet normal -0.0201613 -0.890824 0.453901
    outer loop
      vertex 63.0283 6.86741 -2.83873
      vertex 83.6994 6.14302 -3.34225
      vertex 62.8792 6.97535 -2.63351
    endloop
  endfacet
  facet normal -0.0201613 -0.890824 0.4539
    outer loop
      vertex 83.6994 6.14302 -3.34225
      vertex 63.0283 6.86741 -2.83873
      vertex 83.6994 5.69409 -4.22332
    endloop
  endfacet
  facet normal 0.0376905 -0.453666 0.890375
    outer loop
      vertex 85.3006 7.72332 -2.19409
      vertex 59.2074 9.41599 -0.227085
      vertex 85.3006 6.84224 -2.64302
    endloop
  endfacet
  facet normal 0.037695 -0.453621 0.890397
    outer loop
      vertex 59.2074 9.41599 -0.227085
      vertex 85.3006 7.72332 -2.19409
      vertex 59.1924 9.42233 -0.22322
    endloop
  endfacet
  facet normal 0.305559 -0.432272 0.848395
    outer loop
      vertex 85.3006 6.84224 -2.64302
      vertex 86.2528 7.02409 -2.89331
      vertex 86.2528 7.81892 -2.48833
    endloop
  endfacet
  facet normal 0.305562 -0.432275 0.848393
    outer loop
      vertex 85.3006 7.72332 -2.19409
      vertex 85.3006 6.84224 -2.64302
      vertex 86.2528 7.81892 -2.48833
    endloop
  endfacet
  facet normal 0.305563 -0.148952 0.940449
    outer loop
      vertex 85.3006 7.72332 -2.19409
      vertex 86.2528 7.81892 -2.48833
      vertex 85.3006 8.7 -2.0394
    endloop
  endfacet
  facet normal 0.305528 -0.148963 -0.940459
    outer loop
      vertex 85.3006 7.72332 -17.8059
      vertex 85.3006 8.7 -17.9606
      vertex 86.2528 7.81892 -17.5117
    endloop
  endfacet
  facet normal 0.305568 -0.432288 -0.848384
    outer loop
      vertex 85.3006 6.84224 -17.357
      vertex 86.2528 7.81892 -17.5117
      vertex 86.2528 7.02409 -17.1067
    endloop
  endfacet
  facet normal 0.305532 0.432249 -0.848417
    outer loop
      vertex 86.2528 10.1811 -17.5117
      vertex 85.3006 10.2767 -17.8059
      vertex 85.3006 11.1578 -17.357
    endloop
  endfacet
  facet normal 0.949916 0.308657 -0.0488823
    outer loop
      vertex 87.9606 9.77609 -14.9547
      vertex 87.6512 10.6817 -15.2489
      vertex 87.9606 9.80059 -14.8
    endloop
  endfacet
  facet normal 0.305528 0.14896 -0.940459
    outer loop
      vertex 86.2528 10.1811 -17.5117
      vertex 85.3006 9.3 -17.9606
      vertex 85.3006 10.2767 -17.8059
    endloop
  endfacet
  facet normal 0.805523 0.0926999 0.585269
    outer loop
      vertex 87.0627 9.3 -2.93726
      vertex 87.6512 9.3 -3.74723
      vertex 87.0627 9.99923 -3.04801
    endloop
  endfacet
  facet normal 0.951051 -0.309033 0
    outer loop
      vertex 87.6512 7.24723 -5.2
      vertex 87.9606 8.19941 -14.8
      vertex 87.9606 8.19941 -5.2
    endloop
  endfacet
  facet normal 0.951051 -0.309033 0
    outer loop
      vertex 87.9606 8.19941 -14.8
      vertex 87.6512 7.24723 -5.2
      vertex 87.6512 7.24723 -14.8
    endloop
  endfacet
  facet normal 0.583053 -0.802431 0.127093
    outer loop
      vertex 86.2528 5.98833 -4.31892
      vertex 86.2528 5.84878 -5.2
      vertex 87.0627 6.43726 -5.2
    endloop
  endfacet
  facet normal 0.103487 0.982384 0.155603
    outer loop
      vertex 85.3006 12.3059 -4.22332
      vertex 85.3006 12.4606 -5.2
      vertex 59.0475 14.9569 -3.5
    endloop
  endfacet
  facet normal 0.583066 0.723871 0.368843
    outer loop
      vertex 86.2528 11.6067 -3.52409
      vertex 87.0627 11.452 -4.50077
      vertex 86.2528 12.0117 -4.31892
    endloop
  endfacet
  facet normal 0.58307 0.802427 0.127047
    outer loop
      vertex 86.2528 12.0117 -4.31892
      vertex 87.0627 11.5627 -5.2
      vertex 86.2528 12.1512 -5.2
    endloop
  endfacet
  facet normal 0.305582 0.940451 0.1489
    outer loop
      vertex 86.2528 12.0117 -4.31892
      vertex 86.2528 12.1512 -5.2
      vertex 85.3006 12.4606 -5.2
    endloop
  endfacet
  facet normal 0.305564 0.848385 0.432289
    outer loop
      vertex 86.2528 11.6067 -3.52409
      vertex 86.2528 12.0117 -4.31892
      vertex 85.3006 11.857 -3.34225
    endloop
  endfacet
  facet normal 0.58782 0 0.808992
    outer loop
      vertex 86.2528 9.3 -2.34878
      vertex 87.0627 8.7 -2.93726
      vertex 87.0627 9.3 -2.93726
    endloop
  endfacet
  facet normal 0.58782 0 0.808992
    outer loop
      vertex 87.0627 8.7 -2.93726
      vertex 86.2528 9.3 -2.34878
      vertex 86.2528 8.7 -2.34878
    endloop
  endfacet
  facet normal 0.949917 0.308655 -0.048887
    outer loop
      vertex 87.9606 9.80059 -14.8
      vertex 87.6512 10.6817 -15.2489
      vertex 87.6512 10.7528 -14.8
    endloop
  endfacet
  facet normal 0.949914 0.0488865 0.308663
    outer loop
      vertex 87.9606 9.3 -4.69941
      vertex 87.9606 9.45469 -4.72391
      vertex 87.6512 9.74893 -3.81833
    endloop
  endfacet
  facet normal 0.583058 0.723885 -0.368828
    outer loop
      vertex 87.0627 11.1306 -16.13
      vertex 86.2528 11.6067 -16.4759
      vertex 87.0627 11.452 -15.4992
    endloop
  endfacet
  facet normal 0.58308 0.723856 -0.36885
    outer loop
      vertex 87.0627 11.452 -15.4992
      vertex 86.2528 11.6067 -16.4759
      vertex 86.2528 12.0117 -15.6811
    endloop
  endfacet
  facet normal -0.305509 0.848379 -0.432339
    outer loop
      vertex 56.9525 14.7877 -17.5682
      vertex 55.911 14.0229 -18.333
      vertex 55.911 14.4659 -17.4637
    endloop
  endfacet
  facet normal -0.305584 0.848396 -0.432253
    outer loop
      vertex 56.9525 14.7877 -17.5682
      vertex 56.9525 14.2967 -18.5319
      vertex 55.911 14.0229 -18.333
    endloop
  endfacet
  facet normal 0 1 -0
    outer loop
      vertex 59.0475 14.9569 -16.5
      vertex 56.9525 14.9569 -3.5
      vertex 59.0475 14.9569 -3.5
    endloop
  endfacet
  facet normal 0 1 0
    outer loop
      vertex 56.9525 14.9569 -3.5
      vertex 59.0475 14.9569 -16.5
      vertex 56.9525 14.9569 -16.5
    endloop
  endfacet
  facet normal -0.305584 0.432253 -0.848396
    outer loop
      vertex 56.9525 13.5319 -19.2967
      vertex 56.9525 12.5682 -19.7877
      vertex 55.911 13.333 -19.0229
    endloop
  endfacet
  facet normal 0 0.453969 -0.891018
    outer loop
      vertex 56.9525 12.5682 -19.7877
      vertex 59.0475 13.5319 -19.2967
      vertex 59.0475 12.5682 -19.7877
    endloop
  endfacet
  facet normal 0 0.453969 -0.891018
    outer loop
      vertex 59.0475 13.5319 -19.2967
      vertex 56.9525 12.5682 -19.7877
      vertex 56.9525 13.5319 -19.2967
    endloop
  endfacet
  facet normal 0 0.707107 -0.707107
    outer loop
      vertex 59.0475 13.5319 -19.2967
      vertex 56.9525 14.2967 -18.5319
      vertex 59.0475 14.2967 -18.5319
    endloop
  endfacet
  facet normal 0 0.707107 -0.707107
    outer loop
      vertex 56.9525 14.2967 -18.5319
      vertex 59.0475 13.5319 -19.2967
      vertex 56.9525 13.5319 -19.2967
    endloop
  endfacet
  facet normal -0.805464 0.268447 0.52836
    outer loop
      vertex 55.0251 12.9547 -1.49779
      vertex 54.9297 12.8775 -1.604
      vertex 54.9442 12.8335 -1.55954
    endloop
  endfacet
  facet normal -0.305555 0.148959 0.940451
    outer loop
      vertex 56.9525 12.5682 -0.212284
      vertex 55.911 11.5 -0.381477
      vertex 56.9525 11.5 -0.0430908
    endloop
  endfacet
  facet normal -0.805708 0.268923 0.527745
    outer loop
      vertex 55.0251 12.9547 -1.49779
      vertex 54.9442 12.8335 -1.55954
      vertex 55.0251 12.5869 -1.31037
    endloop
  endfacet
  facet normal 7.3707e-06 -0.156435 0.987688
    outer loop
      vertex 59.0475 10.5 -0.0430908
      vertex 58.9386 9.65283 -0.177269
      vertex 59.0475 9.54112 -0.194963
    endloop
  endfacet
  facet normal 0 -0.156434 0.987688
    outer loop
      vertex 56.9525 10.5 -0.0430908
      vertex 58.9386 9.65283 -0.177269
      vertex 59.0475 10.5 -0.0430908
    endloop
  endfacet
  facet normal 0 -0.156434 0.987688
    outer loop
      vertex 58.9386 9.65283 -0.177269
      vertex 56.9525 10.5 -0.0430908
      vertex 56.9525 9.65283 -0.177269
    endloop
  endfacet
  facet normal -0 0 1
    outer loop
      vertex 56.9525 11.5 -0.0430908
      vertex 59.0475 10.5 -0.0430908
      vertex 59.0475 11.5 -0.0430908
    endloop
  endfacet
  facet normal 0 0 1
    outer loop
      vertex 59.0475 10.5 -0.0430908
      vertex 56.9525 11.5 -0.0430908
      vertex 56.9525 10.5 -0.0430908
    endloop
  endfacet
  facet normal -0.583 0.574505 -0.574505
    outer loop
      vertex 55.911 13.333 -19.0229
      vertex 55.0251 13.5022 -17.9547
      vertex 55.911 14.0229 -18.333
    endloop
  endfacet
  facet normal -0.583 0.574505 -0.574505
    outer loop
      vertex 55.0251 13.5022 -17.9547
      vertex 55.911 13.333 -19.0229
      vertex 55.0251 12.9547 -18.5022
    endloop
  endfacet
  facet normal -0.587707 0.809074 0
    outer loop
      vertex 55.911 14.6185 -3.5
      vertex 55.911 14.6185 -4.13426
      vertex 55.4662 14.2954 -3.5
    endloop
  endfacet
  facet normal -0.587707 0.809074 0
    outer loop
      vertex 55.911 14.6185 -16.5
      vertex 55.4662 14.2954 -16.5
      vertex 55.911 14.6185 -15.8657
    endloop
  endfacet
  facet normal 0 -0.987688 0.156434
    outer loop
      vertex 83.6994 5.5394 -5.2
      vertex 85.3006 5.69409 -4.22332
      vertex 83.6994 5.69409 -4.22332
    endloop
  endfacet
  facet normal 0 -0.987688 0.156434
    outer loop
      vertex 85.3006 5.69409 -4.22332
      vertex 83.6994 5.5394 -5.2
      vertex 85.3006 5.5394 -5.2
    endloop
  endfacet
  facet normal 0 -0.891006 0.453992
    outer loop
      vertex 83.6994 5.69409 -4.22332
      vertex 85.3006 6.14302 -3.34225
      vertex 83.6994 6.14302 -3.34225
    endloop
  endfacet
  facet normal 0 -0.891006 0.453992
    outer loop
      vertex 85.3006 6.14302 -3.34225
      vertex 83.6994 5.69409 -4.22332
      vertex 85.3006 5.69409 -4.22332
    endloop
  endfacet
  facet normal 0.075822 -0 0.997121
    outer loop
      vertex 59.0475 10.5 -0.0430908
      vertex 85.3006 9.3 -2.0394
      vertex 59.0475 11.5 -0.0430908
    endloop
  endfacet
  facet normal 0.075822 0 0.997121
    outer loop
      vertex 85.3006 9.3 -2.0394
      vertex 59.0475 10.5 -0.0430908
      vertex 85.3006 8.7 -2.0394
    endloop
  endfacet
  facet normal 0.305562 0.14895 0.94045
    outer loop
      vertex 86.2528 9.3 -2.34878
      vertex 86.2528 10.1811 -2.48833
      vertex 85.3006 9.3 -2.0394
    endloop
  endfacet
  facet normal 0.583055 -0.127096 0.80243
    outer loop
      vertex 86.2528 7.81892 -2.48833
      vertex 87.0627 8.00077 -3.04801
      vertex 87.0627 8.7 -2.93726
    endloop
  endfacet
  facet normal 0.583053 -0.127093 0.802431
    outer loop
      vertex 86.2528 7.81892 -2.48833
      vertex 87.0627 8.7 -2.93726
      vertex 86.2528 8.7 -2.34878
    endloop
  endfacet
  facet normal 0.949915 0.141869 0.278451
    outer loop
      vertex 87.9606 9.45469 -4.72391
      vertex 87.9606 9.59424 -4.79501
      vertex 87.6512 9.74893 -3.81833
    endloop
  endfacet
  facet normal 0.583066 -0.368843 -0.723871
    outer loop
      vertex 86.2528 7.02409 -17.1067
      vertex 86.2528 7.81892 -17.5117
      vertex 87.0627 8.00077 -16.952
    endloop
  endfacet
  facet normal 0.305593 -0.673291 -0.67327
    outer loop
      vertex 85.3006 6.14302 -16.6578
      vertex 86.2528 7.02409 -17.1067
      vertex 86.2528 6.39331 -16.4759
    endloop
  endfacet
  facet normal 0.305567 -0.673277 -0.673296
    outer loop
      vertex 86.2528 7.02409 -17.1067
      vertex 85.3006 6.14302 -16.6578
      vertex 85.3006 6.84224 -17.357
    endloop
  endfacet
  facet normal 0.805529 -0.419001 -0.419001
    outer loop
      vertex 87.6512 7.52468 -15.6539
      vertex 87.0627 7.36999 -16.6306
      vertex 87.6512 7.84608 -15.9753
    endloop
  endfacet
  facet normal 0.805527 -0.419007 -0.418999
    outer loop
      vertex 87.0627 7.36999 -16.6306
      vertex 87.6512 7.52468 -15.6539
      vertex 87.0627 6.8694 -16.13
    endloop
  endfacet
  facet normal 0.805523 -0.585269 -0.0926955
    outer loop
      vertex 87.0627 6.43726 -14.8
      vertex 87.0627 6.548 -15.4992
      vertex 87.6512 7.24723 -14.8
    endloop
  endfacet
  facet normal 0.805502 0.0926636 -0.585304
    outer loop
      vertex 87.6512 9.3 -16.2528
      vertex 87.0627 9.3 -17.0627
      vertex 87.0627 9.99923 -16.952
    endloop
  endfacet
  facet normal 0.583058 0.574475 -0.574475
    outer loop
      vertex 87.0627 11.1306 -16.13
      vertex 86.2528 10.9759 -17.1067
      vertex 86.2528 11.6067 -16.4759
    endloop
  endfacet
  facet normal 0.583058 0.574475 -0.574475
    outer loop
      vertex 86.2528 10.9759 -17.1067
      vertex 87.0627 11.1306 -16.13
      vertex 87.0627 10.63 -16.6306
    endloop
  endfacet
  facet normal 0.58306 0.368841 -0.723877
    outer loop
      vertex 87.0627 9.99923 -16.952
      vertex 86.2528 10.9759 -17.1067
      vertex 87.0627 10.63 -16.6306
    endloop
  endfacet
  facet normal 0.949912 0.141911 -0.278438
    outer loop
      vertex 87.9606 9.59424 -15.205
      vertex 87.6512 9.74893 -16.1817
      vertex 87.6512 10.1539 -15.9753
    endloop
  endfacet
  facet normal 0.949916 -0.141867 -0.278447
    outer loop
      vertex 87.9606 8.40576 -15.205
      vertex 87.6512 8.25107 -16.1817
      vertex 87.9606 8.54531 -15.2761
    endloop
  endfacet
  facet normal 0.305555 -0.848396 0.432273
    outer loop
      vertex 85.3006 6.14302 -3.34225
      vertex 86.2528 5.98833 -4.31892
      vertex 86.2528 6.39331 -3.52409
    endloop
  endfacet
  facet normal 0.583049 -0.723889 0.368834
    outer loop
      vertex 86.2528 5.98833 -4.31892
      vertex 87.0627 6.548 -4.50077
      vertex 86.2528 6.39331 -3.52409
    endloop
  endfacet
  facet normal 0.583064 0.802432 0.127039
    outer loop
      vertex 87.0627 11.452 -4.50077
      vertex 87.0627 11.5627 -5.2
      vertex 86.2528 12.0117 -4.31892
    endloop
  endfacet
  facet normal 0.583057 0.127095 0.802428
    outer loop
      vertex 87.0627 9.3 -2.93726
      vertex 87.0627 9.99923 -3.04801
      vertex 86.2528 10.1811 -2.48833
    endloop
  endfacet
  facet normal 0.949914 0.141882 0.278449
    outer loop
      vertex 87.6512 9.74893 -3.81833
      vertex 87.9606 9.59424 -4.79501
      vertex 87.6512 10.1539 -4.02468
    endloop
  endfacet
  facet normal 0.305581 0.432282 0.848382
    outer loop
      vertex 86.2528 10.1811 -2.48833
      vertex 86.2528 10.9759 -2.89331
      vertex 85.3006 11.1578 -2.64302
    endloop
  endfacet
  facet normal 0.805524 -0.585267 -0.0926988
    outer loop
      vertex 87.6512 7.24723 -14.8
      vertex 87.0627 6.548 -15.4992
      vertex 87.6512 7.31833 -15.2489
    endloop
  endfacet
  facet normal 0.949915 -0.27845 -0.141872
    outer loop
      vertex 87.6512 7.31833 -15.2489
      vertex 87.6512 7.52468 -15.6539
      vertex 87.9606 8.29501 -15.0942
    endloop
  endfacet
  facet normal 0.583069 0.802428 -0.127043
    outer loop
      vertex 87.0627 11.452 -15.4992
      vertex 86.2528 12.0117 -15.6811
      vertex 87.0627 11.5627 -14.8
    endloop
  endfacet
  facet normal 0.805501 0.585304 -0.0926675
    outer loop
      vertex 87.6512 10.7528 -14.8
      vertex 87.0627 11.452 -15.4992
      vertex 87.0627 11.5627 -14.8
    endloop
  endfacet
  facet normal 0.305583 0.940452 -0.148897
    outer loop
      vertex 86.2528 12.1512 -14.8
      vertex 86.2528 12.0117 -15.6811
      vertex 85.3006 12.4606 -14.8
    endloop
  endfacet
  facet normal 0.309027 0.951053 -0
    outer loop
      vertex 86.2528 12.1512 -14.8
      vertex 85.3006 12.4606 -5.2
      vertex 86.2528 12.1512 -5.2
    endloop
  endfacet
  facet normal 0.309027 0.951053 0
    outer loop
      vertex 85.3006 12.4606 -5.2
      vertex 86.2528 12.1512 -14.8
      vertex 85.3006 12.4606 -14.8
    endloop
  endfacet
  facet normal 0 0.987686 -0.156447
    outer loop
      vertex 59.0475 14.7877 -17.5682
      vertex 56.9525 14.9569 -16.5
      vertex 59.0475 14.9569 -16.5
    endloop
  endfacet
  facet normal 0 0.987686 -0.156447
    outer loop
      vertex 56.9525 14.9569 -16.5
      vertex 59.0475 14.7877 -17.5682
      vertex 56.9525 14.7877 -17.5682
    endloop
  endfacet
  facet normal -0.305525 0.940466 -0.148921
    outer loop
      vertex 55.911 14.6185 -16.5
      vertex 56.9525 14.7877 -17.5682
      vertex 55.911 14.4659 -17.4637
    endloop
  endfacet
  facet normal -0.305566 0.940446 -0.148964
    outer loop
      vertex 56.9525 14.9569 -16.5
      vertex 56.9525 14.7877 -17.5682
      vertex 55.911 14.6185 -16.5
    endloop
  endfacet
  facet normal -0.583163 0.369041 -0.723691
    outer loop
      vertex 55.0896 12.4833 -18.7943
      vertex 55.911 13.333 -19.0229
      vertex 55.0896 12.3425 -18.8661
    endloop
  endfacet
  facet normal -0.583053 0.368789 -0.723909
    outer loop
      vertex 55.0251 12.9547 -18.5022
      vertex 55.0896 12.4833 -18.7943
      vertex 55.0614 12.5296 -18.748
    endloop
  endfacet
  facet normal -0.582618 0.368974 -0.724165
    outer loop
      vertex 55.0251 12.9547 -18.5022
      vertex 55.0614 12.5296 -18.748
      vertex 55.0251 12.5869 -18.6896
    endloop
  endfacet
  facet normal -0.582998 0.368815 -0.72394
    outer loop
      vertex 55.0896 12.4833 -18.7943
      vertex 55.0251 12.9547 -18.5022
      vertex 55.911 13.333 -19.0229
    endloop
  endfacet
  facet normal -0.305585 0.848392 0.43226
    outer loop
      vertex 56.9525 14.2967 -1.46808
      vertex 56.9525 14.7877 -2.43176
      vertex 55.911 14.0229 -1.66698
    endloop
  endfacet
  facet normal -0.305533 0.848381 0.432319
    outer loop
      vertex 56.9525 14.7877 -2.43176
      vertex 55.911 14.4659 -2.53632
      vertex 55.911 14.0229 -1.66698
    endloop
  endfacet
  facet normal -0.583044 0.368855 0.723882
    outer loop
      vertex 55.0896 12.3425 -1.13394
      vertex 55.911 12.4637 -0.534109
      vertex 55.911 13.333 -0.977062
    endloop
  endfacet
  facet normal -0.582995 0.369202 0.723745
    outer loop
      vertex 55.911 12.4637 -0.534109
      vertex 55.0896 12.3425 -1.13394
      vertex 55.0896 12.2793 -1.1017
    endloop
  endfacet
  facet normal -0.305547 0.14895 0.940455
    outer loop
      vertex 56.9525 12.5682 -0.212284
      vertex 55.911 12.4637 -0.534109
      vertex 55.911 11.5 -0.381477
    endloop
  endfacet
  facet normal -0.805471 0.528192 -0.268755
    outer loop
      vertex 54.9442 13.4405 -17.8335
      vertex 55.0251 13.5022 -17.9547
      vertex 54.9297 13.396 -17.8775
    endloop
  endfacet
  facet normal -0.582926 0.127293 -0.802492
    outer loop
      vertex 55.1478 12.1589 -18.9596
      vertex 55.911 11.5 -19.6185
      vertex 55.4662 11.5 -19.2954
    endloop
  endfacet
  facet normal -0.0201616 -0.890827 0.453894
    outer loop
      vertex 62.8792 6.97535 -2.63351
      vertex 83.6994 6.14302 -3.34225
      vertex 62.305 7.39106 -1.84313
    endloop
  endfacet
  facet normal 0.805524 -0.527978 0.269019
    outer loop
      vertex 87.0627 6.8694 -3.86999
      vertex 87.0627 6.548 -4.50077
      vertex 87.6512 7.52468 -4.34608
    endloop
  endfacet
  facet normal 0.583053 -0.723888 -0.36883
    outer loop
      vertex 87.0627 6.548 -15.4992
      vertex 86.2528 6.39331 -16.4759
      vertex 87.0627 6.8694 -16.13
    endloop
  endfacet
  facet normal 0 -0.891012 -0.45398
    outer loop
      vertex 83.6994 6.14302 -16.6578
      vertex 85.3006 5.69409 -15.7767
      vertex 83.6994 5.69409 -15.7767
    endloop
  endfacet
  facet normal 0 -0.891012 -0.45398
    outer loop
      vertex 85.3006 5.69409 -15.7767
      vertex 83.6994 6.14302 -16.6578
      vertex 85.3006 6.14302 -16.6578
    endloop
  endfacet
  facet normal 0.305563 -0.94045 -0.148949
    outer loop
      vertex 85.3006 5.5394 -14.8
      vertex 85.3006 5.69409 -15.7767
      vertex 86.2528 5.98833 -15.6811
    endloop
  endfacet
  facet normal 0.0376928 -0.453642 -0.890387
    outer loop
      vertex 59.2074 9.41599 -19.7729
      vertex 85.3006 7.72332 -17.8059
      vertex 85.3006 6.84224 -17.357
    endloop
  endfacet
  facet normal 0.0372201 -0.458222 -0.888058
    outer loop
      vertex 85.3006 7.72332 -17.8059
      vertex 59.2074 9.41599 -19.7729
      vertex 59.1924 9.42233 -19.7768
    endloop
  endfacet
  facet normal 0.305531 -0.432257 -0.848413
    outer loop
      vertex 85.3006 6.84224 -17.357
      vertex 85.3006 7.72332 -17.8059
      vertex 86.2528 7.81892 -17.5117
    endloop
  endfacet
  facet normal 0.80553 -0.269015 -0.52797
    outer loop
      vertex 87.0627 7.36999 -16.6306
      vertex 87.0627 8.00077 -16.952
      vertex 87.6512 7.84608 -15.9753
    endloop
  endfacet
  facet normal 0.805525 -0.52798 -0.269009
    outer loop
      vertex 87.0627 6.548 -15.4992
      vertex 87.6512 7.52468 -15.6539
      vertex 87.6512 7.31833 -15.2489
    endloop
  endfacet
  facet normal 0.949911 -0.278441 -0.141915
    outer loop
      vertex 87.9606 8.22391 -14.9547
      vertex 87.6512 7.31833 -15.2489
      vertex 87.9606 8.29501 -15.0942
    endloop
  endfacet
  facet normal 0.805525 -0.52798 -0.269012
    outer loop
      vertex 87.0627 6.548 -15.4992
      vertex 87.0627 6.8694 -16.13
      vertex 87.6512 7.52468 -15.6539
    endloop
  endfacet
  facet normal 0.58307 -0.127047 -0.802427
    outer loop
      vertex 86.2528 7.81892 -17.5117
      vertex 86.2528 8.7 -17.6512
      vertex 87.0627 8.7 -17.0627
    endloop
  endfacet
  facet normal 0.305589 0.432298 -0.848371
    outer loop
      vertex 86.2528 10.9759 -17.1067
      vertex 86.2528 10.1811 -17.5117
      vertex 85.3006 11.1578 -17.357
    endloop
  endfacet
  facet normal 0.583071 0.368853 -0.723862
    outer loop
      vertex 87.0627 9.99923 -16.952
      vertex 86.2528 10.1811 -17.5117
      vertex 86.2528 10.9759 -17.1067
    endloop
  endfacet
  facet normal 0.805531 0.418999 -0.418999
    outer loop
      vertex 87.6512 10.4753 -15.6539
      vertex 87.0627 10.63 -16.6306
      vertex 87.0627 11.1306 -16.13
    endloop
  endfacet
  facet normal 0.805531 0.418999 -0.418999
    outer loop
      vertex 87.0627 10.63 -16.6306
      vertex 87.6512 10.4753 -15.6539
      vertex 87.6512 10.1539 -15.9753
    endloop
  endfacet
  facet normal 0.805532 0.269018 -0.527966
    outer loop
      vertex 87.6512 10.1539 -15.9753
      vertex 87.0627 9.99923 -16.952
      vertex 87.0627 10.63 -16.6306
    endloop
  endfacet
  facet normal 0.805514 -0.092695 -0.585283
    outer loop
      vertex 87.6512 8.25107 -16.1817
      vertex 87.0627 8.00077 -16.952
      vertex 87.6512 8.7 -16.2528
    endloop
  endfacet
  facet normal 0.949914 0.278437 0.141903
    outer loop
      vertex 87.6512 10.4753 -4.34608
      vertex 87.9606 9.70499 -4.90576
      vertex 87.6512 10.6817 -4.75107
    endloop
  endfacet
  facet normal 0.949914 -0.0488865 0.308663
    outer loop
      vertex 87.6512 8.25107 -3.81833
      vertex 87.9606 8.54531 -4.72391
      vertex 87.9606 8.7 -4.69941
    endloop
  endfacet
  facet normal 0.583055 -0.368832 0.723885
    outer loop
      vertex 86.2528 7.02409 -2.89331
      vertex 87.0627 8.00077 -3.04801
      vertex 86.2528 7.81892 -2.48833
    endloop
  endfacet
  facet normal 0.805524 -0.585268 0.0926928
    outer loop
      vertex 87.0627 6.548 -4.50077
      vertex 87.6512 7.24723 -5.2
      vertex 87.6512 7.31833 -4.75107
    endloop
  endfacet
  facet normal 0.949914 -0.308664 0.0488851
    outer loop
      vertex 87.6512 7.31833 -4.75107
      vertex 87.6512 7.24723 -5.2
      vertex 87.9606 8.19941 -5.2
    endloop
  endfacet
  facet normal 0.305563 -0.940449 0.148952
    outer loop
      vertex 85.3006 5.69409 -4.22332
      vertex 85.3006 5.5394 -5.2
      vertex 86.2528 5.98833 -4.31892
    endloop
  endfacet
  facet normal 0.305562 -0.848391 0.432279
    outer loop
      vertex 85.3006 5.69409 -4.22332
      vertex 86.2528 5.98833 -4.31892
      vertex 85.3006 6.14302 -3.34225
    endloop
  endfacet
  facet normal 0.583063 -0.723874 -0.368841
    outer loop
      vertex 86.2528 5.98833 -15.6811
      vertex 86.2528 6.39331 -16.4759
      vertex 87.0627 6.548 -15.4992
    endloop
  endfacet
  facet normal 0.583053 -0.802432 -0.12709
    outer loop
      vertex 87.0627 6.43726 -14.8
      vertex 86.2528 5.98833 -15.6811
      vertex 87.0627 6.548 -15.4992
    endloop
  endfacet
  facet normal 0.30556 -0.673293 0.673283
    outer loop
      vertex 85.3006 6.14302 -3.34225
      vertex 86.2528 7.02409 -2.89331
      vertex 85.3006 6.84224 -2.64302
    endloop
  endfacet
  facet normal 0.305554 -0.673289 0.673289
    outer loop
      vertex 86.2528 7.02409 -2.89331
      vertex 85.3006 6.14302 -3.34225
      vertex 86.2528 6.39331 -3.52409
    endloop
  endfacet
  facet normal 0.583059 0.723879 0.368837
    outer loop
      vertex 87.0627 11.1306 -3.86999
      vertex 87.0627 11.452 -4.50077
      vertex 86.2528 11.6067 -3.52409
    endloop
  endfacet
  facet normal 0.58306 0.368842 0.723876
    outer loop
      vertex 86.2528 10.1811 -2.48833
      vertex 87.0627 9.99923 -3.04801
      vertex 86.2528 10.9759 -2.89331
    endloop
  endfacet
  facet normal 0.305563 0.148949 0.94045
    outer loop
      vertex 85.3006 9.3 -2.0394
      vertex 86.2528 10.1811 -2.48833
      vertex 85.3006 10.2767 -2.19409
    endloop
  endfacet
  facet normal 0.949916 -0.0488855 -0.308657
    outer loop
      vertex 87.9606 8.54531 -15.2761
      vertex 87.6512 8.25107 -16.1817
      vertex 87.9606 8.7 -15.3006
    endloop
  endfacet
  facet normal 0.949913 -0.141905 -0.278439
    outer loop
      vertex 87.6512 7.84608 -15.9753
      vertex 87.6512 8.25107 -16.1817
      vertex 87.9606 8.40576 -15.205
    endloop
  endfacet
  facet normal 0.805531 0.527972 -0.269008
    outer loop
      vertex 87.6512 10.4753 -15.6539
      vertex 87.0627 11.1306 -16.13
      vertex 87.0627 11.452 -15.4992
    endloop
  endfacet
  facet normal 0.949913 0.278434 -0.141912
    outer loop
      vertex 87.9606 9.70499 -15.0942
      vertex 87.6512 10.6817 -15.2489
      vertex 87.9606 9.77609 -14.9547
    endloop
  endfacet
  facet normal 0 0.891018 -0.453969
    outer loop
      vertex 59.0475 14.2967 -18.5319
      vertex 56.9525 14.7877 -17.5682
      vertex 59.0475 14.7877 -17.5682
    endloop
  endfacet
  facet normal 0 0.891018 -0.453969
    outer loop
      vertex 56.9525 14.7877 -17.5682
      vertex 59.0475 14.2967 -18.5319
      vertex 56.9525 14.2967 -18.5319
    endloop
  endfacet
  facet normal -0.305566 0.148964 -0.940446
    outer loop
      vertex 56.9525 12.5682 -19.7877
      vertex 56.9525 11.5 -19.9569
      vertex 55.911 11.5 -19.6185
    endloop
  endfacet
  facet normal -0.308964 0.000101843 -0.951074
    outer loop
      vertex 55.9651 10.8313 -19.6361
      vertex 56.9525 10.5 -19.9569
      vertex 56.1266 10.5 -19.6886
    endloop
  endfacet
  facet normal -0.308995 0 -0.951064
    outer loop
      vertex 56.9525 10.5 -19.9569
      vertex 55.9651 10.8313 -19.6361
      vertex 56.9525 11.5 -19.9569
    endloop
  endfacet
  facet normal -0.309364 -0 -0.950944
    outer loop
      vertex 55.911 11.5 -19.6185
      vertex 55.9651 10.8313 -19.6361
      vertex 55.911 10.8657 -19.6185
    endloop
  endfacet
  facet normal -0.309014 3.13536e-05 -0.951058
    outer loop
      vertex 55.9651 10.8313 -19.6361
      vertex 55.911 11.5 -19.6185
      vertex 56.9525 11.5 -19.9569
    endloop
  endfacet
  facet normal -0.305557 0.673279 0.673298
    outer loop
      vertex 56.9525 14.2967 -1.46808
      vertex 55.911 13.333 -0.977062
      vertex 56.9525 13.5319 -0.703302
    endloop
  endfacet
  facet normal -0.30558 0.673292 0.673275
    outer loop
      vertex 55.911 13.333 -0.977062
      vertex 56.9525 14.2967 -1.46808
      vertex 55.911 14.0229 -1.66698
    endloop
  endfacet
  facet normal -0.583022 0.127129 0.802449
    outer loop
      vertex 55.911 11.5 -0.381477
      vertex 55.1478 12.1589 -1.04037
      vertex 55.4662 11.5 -0.704648
    endloop
  endfacet
  facet normal -0.583045 0.127091 0.802438
    outer loop
      vertex 55.911 12.4637 -0.534109
      vertex 55.1478 12.1589 -1.04037
      vertex 55.911 11.5 -0.381477
    endloop
  endfacet
  facet normal -0.583017 0.126948 0.802481
    outer loop
      vertex 55.1478 12.1589 -1.04037
      vertex 55.911 12.4637 -0.534109
      vertex 55.0896 12.2793 -1.1017
    endloop
  endfacet
  facet normal -0 0.453982 0.891011
    outer loop
      vertex 56.9525 13.5319 -0.703302
      vertex 59.0475 12.5682 -0.212284
      vertex 59.0475 13.5319 -0.703302
    endloop
  endfacet
  facet normal 0 0.453982 0.891011
    outer loop
      vertex 59.0475 12.5682 -0.212284
      vertex 56.9525 13.5319 -0.703302
      vertex 56.9525 12.5682 -0.212284
    endloop
  endfacet
  facet normal -0.583031 0.368826 -0.723908
    outer loop
      vertex 55.0896 12.3425 -18.8661
      vertex 55.911 12.4637 -19.4659
      vertex 55.0896 12.2793 -18.8983
    endloop
  endfacet
  facet normal -0.583021 0.368894 -0.723881
    outer loop
      vertex 55.911 12.4637 -19.4659
      vertex 55.0896 12.3425 -18.8661
      vertex 55.911 13.333 -19.0229
    endloop
  endfacet
  facet normal -0.805471 0.268755 -0.528192
    outer loop
      vertex 54.9297 12.8775 -18.396
      vertex 55.0251 12.9547 -18.5022
      vertex 54.9442 12.8335 -18.4405
    endloop
  endfacet
  facet normal -0.583031 0.723908 -0.368826
    outer loop
      vertex 55.911 14.4659 -17.4637
      vertex 55.0896 13.8661 -17.3425
      vertex 55.0896 13.8983 -17.2793
    endloop
  endfacet
  facet normal -0.583021 0.723881 -0.368894
    outer loop
      vertex 55.0896 13.8661 -17.3425
      vertex 55.911 14.4659 -17.4637
      vertex 55.911 14.0229 -18.333
    endloop
  endfacet
  facet normal 0.805524 -0.585269 0.0926916
    outer loop
      vertex 87.0627 6.548 -4.50077
      vertex 87.0627 6.43726 -5.2
      vertex 87.6512 7.24723 -5.2
    endloop
  endfacet
  facet normal 0.583059 -0.368837 -0.723879
    outer loop
      vertex 87.0627 7.36999 -16.6306
      vertex 86.2528 7.02409 -17.1067
      vertex 87.0627 8.00077 -16.952
    endloop
  endfacet
  facet normal 0.583057 -0.574481 -0.57447
    outer loop
      vertex 87.0627 6.8694 -16.13
      vertex 86.2528 7.02409 -17.1067
      vertex 87.0627 7.36999 -16.6306
    endloop
  endfacet
  facet normal 0.583054 -0.574486 -0.574468
    outer loop
      vertex 86.2528 7.02409 -17.1067
      vertex 87.0627 6.8694 -16.13
      vertex 86.2528 6.39331 -16.4759
    endloop
  endfacet
  facet normal 0.58307 0.127044 -0.802427
    outer loop
      vertex 87.0627 9.3 -17.0627
      vertex 86.2528 9.3 -17.6512
      vertex 86.2528 10.1811 -17.5117
    endloop
  endfacet
  facet normal 0.583066 0.127038 -0.802431
    outer loop
      vertex 87.0627 9.3 -17.0627
      vertex 86.2528 10.1811 -17.5117
      vertex 87.0627 9.99923 -16.952
    endloop
  endfacet
  facet normal 0.949909 -0.22104 -0.22094
    outer loop
      vertex 87.9606 8.29501 -15.0942
      vertex 87.6512 7.84608 -15.9753
      vertex 87.9606 8.40576 -15.205
    endloop
  endfacet
  facet normal 0.949916 -0.220975 -0.220975
    outer loop
      vertex 87.6512 7.84608 -15.9753
      vertex 87.9606 8.29501 -15.0942
      vertex 87.6512 7.52468 -15.6539
    endloop
  endfacet
  facet normal 0.805514 0.092695 -0.585283
    outer loop
      vertex 87.6512 9.3 -16.2528
      vertex 87.0627 9.99923 -16.952
      vertex 87.6512 9.74893 -16.1817
    endloop
  endfacet
  facet normal 0.805511 0.527968 0.269075
    outer loop
      vertex 87.6512 10.4753 -4.34608
      vertex 87.6512 10.6817 -4.75107
      vertex 87.0627 11.452 -4.50077
    endloop
  endfacet
  facet normal 0.80552 0.0926936 0.585273
    outer loop
      vertex 87.6512 9.3 -3.74723
      vertex 87.6512 9.74893 -3.81833
      vertex 87.0627 9.99923 -3.04801
    endloop
  endfacet
  facet normal 0.80553 0.52797 0.269015
    outer loop
      vertex 87.6512 10.4753 -4.34608
      vertex 87.0627 11.452 -4.50077
      vertex 87.0627 11.1306 -3.86999
    endloop
  endfacet
  facet normal 0.805521 0.269028 0.527977
    outer loop
      vertex 87.6512 9.74893 -3.81833
      vertex 87.6512 10.1539 -4.02468
      vertex 87.0627 9.99923 -3.04801
    endloop
  endfacet
  facet normal 0.805525 -0.527978 0.269015
    outer loop
      vertex 87.0627 6.548 -4.50077
      vertex 87.6512 7.31833 -4.75107
      vertex 87.6512 7.52468 -4.34608
    endloop
  endfacet
  facet normal 0.949915 -0.141869 0.278451
    outer loop
      vertex 87.6512 8.25107 -3.81833
      vertex 87.9606 8.40576 -4.79501
      vertex 87.9606 8.54531 -4.72391
    endloop
  endfacet
  facet normal 0.583053 -0.723883 0.368839
    outer loop
      vertex 86.2528 6.39331 -3.52409
      vertex 87.0627 6.548 -4.50077
      vertex 87.0627 6.8694 -3.86999
    endloop
  endfacet
  facet normal 0.583053 -0.574478 0.574478
    outer loop
      vertex 86.2528 7.02409 -2.89331
      vertex 87.0627 6.8694 -3.86999
      vertex 87.0627 7.36999 -3.3694
    endloop
  endfacet
  facet normal 0.583053 -0.574478 0.574478
    outer loop
      vertex 87.0627 6.8694 -3.86999
      vertex 86.2528 7.02409 -2.89331
      vertex 86.2528 6.39331 -3.52409
    endloop
  endfacet
  facet normal 0.305562 -0.94045 -0.14895
    outer loop
      vertex 85.3006 5.5394 -14.8
      vertex 86.2528 5.98833 -15.6811
      vertex 86.2528 5.84878 -14.8
    endloop
  endfacet
  facet normal 0.309009 0 0.951059
    outer loop
      vertex 85.3006 9.3 -2.0394
      vertex 86.2528 8.7 -2.34878
      vertex 86.2528 9.3 -2.34878
    endloop
  endfacet
  facet normal 0.309009 0 0.951059
    outer loop
      vertex 86.2528 8.7 -2.34878
      vertex 85.3006 9.3 -2.0394
      vertex 85.3006 8.7 -2.0394
    endloop
  endfacet
  facet normal 0.583057 0.574467 0.574485
    outer loop
      vertex 86.2528 10.9759 -2.89331
      vertex 87.0627 11.1306 -3.86999
      vertex 86.2528 11.6067 -3.52409
    endloop
  endfacet
  facet normal 0.583054 0.574472 0.574483
    outer loop
      vertex 87.0627 11.1306 -3.86999
      vertex 86.2528 10.9759 -2.89331
      vertex 87.0627 10.63 -3.3694
    endloop
  endfacet
  facet normal 0.305591 0.673295 0.673266
    outer loop
      vertex 86.2528 10.9759 -2.89331
      vertex 85.3006 11.857 -3.34225
      vertex 85.3006 11.1578 -2.64302
    endloop
  endfacet
  facet normal 0.30556 0.673277 0.673299
    outer loop
      vertex 85.3006 11.857 -3.34225
      vertex 86.2528 10.9759 -2.89331
      vertex 86.2528 11.6067 -3.52409
    endloop
  endfacet
  facet normal 0.805512 0.52797 -0.269069
    outer loop
      vertex 87.6512 10.6817 -15.2489
      vertex 87.6512 10.4753 -15.6539
      vertex 87.0627 11.452 -15.4992
    endloop
  endfacet
  facet normal 0.805514 0.585281 -0.092701
    outer loop
      vertex 87.6512 10.6817 -15.2489
      vertex 87.0627 11.452 -15.4992
      vertex 87.6512 10.7528 -14.8
    endloop
  endfacet
  facet normal -0.30553 0.432299 0.848392
    outer loop
      vertex 56.9525 12.5682 -0.212284
      vertex 55.911 13.333 -0.977062
      vertex 55.911 12.4637 -0.534109
    endloop
  endfacet
  facet normal -0.305555 0.43227 0.848398
    outer loop
      vertex 56.9525 13.5319 -0.703302
      vertex 55.911 13.333 -0.977062
      vertex 56.9525 12.5682 -0.212284
    endloop
  endfacet
  facet normal -0.582926 0.802492 -0.127293
    outer loop
      vertex 55.911 14.6185 -16.5
      vertex 55.1478 13.9596 -17.1589
      vertex 55.4662 14.2954 -16.5
    endloop
  endfacet
  facet normal -0.805566 0.527937 0.268971
    outer loop
      vertex 55.0251 13.5022 -2.04531
      vertex 55.0251 13.6896 -2.41314
      vertex 54.9442 13.4405 -2.1665
    endloop
  endfacet
  facet normal -0.583067 0.127063 -0.802426
    outer loop
      vertex 55.1478 12.1589 -18.9596
      vertex 55.911 12.4637 -19.4659
      vertex 55.911 11.5 -19.6185
    endloop
  endfacet
  facet normal -0.583009 0.126769 -0.802515
    outer loop
      vertex 55.911 12.4637 -19.4659
      vertex 55.1478 12.1589 -18.9596
      vertex 55.0896 12.2793 -18.8983
    endloop
  endfacet
  facet normal -0.305509 0.432339 -0.848379
    outer loop
      vertex 55.911 13.333 -19.0229
      vertex 56.9525 12.5682 -19.7877
      vertex 55.911 12.4637 -19.4659
    endloop
  endfacet
  facet normal -0.305575 -0.148952 0.940445
    outer loop
      vertex 56.9525 10.5 -0.0430908
      vertex 56.1266 10.5 -0.311447
      vertex 56.9525 9.65283 -0.177269
    endloop
  endfacet
  facet normal 0.949914 -0.308666 -0.0488837
    outer loop
      vertex 87.9606 8.19941 -14.8
      vertex 87.6512 7.31833 -15.2489
      vertex 87.9606 8.22391 -14.9547
    endloop
  endfacet
  facet normal 0.949914 -0.308664 -0.0488884
    outer loop
      vertex 87.6512 7.24723 -14.8
      vertex 87.6512 7.31833 -15.2489
      vertex 87.9606 8.19941 -14.8
    endloop
  endfacet
  facet normal 0.805502 -0.0926636 -0.585304
    outer loop
      vertex 87.0627 8.00077 -16.952
      vertex 87.0627 8.7 -17.0627
      vertex 87.6512 8.7 -16.2528
    endloop
  endfacet
  facet normal 0.583064 -0.127039 -0.802432
    outer loop
      vertex 87.0627 8.00077 -16.952
      vertex 86.2528 7.81892 -17.5117
      vertex 87.0627 8.7 -17.0627
    endloop
  endfacet
  facet normal 0.949917 0.308654 0.0488851
    outer loop
      vertex 87.9606 9.77609 -5.04531
      vertex 87.9606 9.80059 -5.2
      vertex 87.6512 10.6817 -4.75107
    endloop
  endfacet
  facet normal 0.805511 -0.269075 -0.527968
    outer loop
      vertex 87.6512 7.84608 -15.9753
      vertex 87.0627 8.00077 -16.952
      vertex 87.6512 8.25107 -16.1817
    endloop
  endfacet
  facet normal 0.949914 -0.141876 0.27845
    outer loop
      vertex 87.6512 7.84608 -4.02468
      vertex 87.9606 8.40576 -4.79501
      vertex 87.6512 8.25107 -3.81833
    endloop
  endfacet
  facet normal 0.808982 0 -0.587833
    outer loop
      vertex 87.6512 8.7 -16.2528
      vertex 87.0627 9.3 -17.0627
      vertex 87.6512 9.3 -16.2528
    endloop
  endfacet
  facet normal 0.808982 0 -0.587833
    outer loop
      vertex 87.0627 9.3 -17.0627
      vertex 87.6512 8.7 -16.2528
      vertex 87.0627 8.7 -17.0627
    endloop
  endfacet
  facet normal 0.805523 -0.0926999 0.585269
    outer loop
      vertex 87.0627 8.00077 -3.04801
      vertex 87.6512 8.7 -3.74723
      vertex 87.0627 8.7 -2.93726
    endloop
  endfacet
  facet normal 0.80552 -0.0926936 0.585273
    outer loop
      vertex 87.0627 8.00077 -3.04801
      vertex 87.6512 8.25107 -3.81833
      vertex 87.6512 8.7 -3.74723
    endloop
  endfacet
  facet normal 0.583053 0.368834 0.723886
    outer loop
      vertex 87.0627 9.99923 -3.04801
      vertex 87.0627 10.63 -3.3694
      vertex 86.2528 10.9759 -2.89331
    endloop
  endfacet
  facet normal 0.949915 -0.278451 0.141869
    outer loop
      vertex 87.6512 7.31833 -4.75107
      vertex 87.9606 8.22391 -5.04531
      vertex 87.9606 8.29501 -4.90576
    endloop
  endfacet
  facet normal 0.949914 -0.308663 0.0488865
    outer loop
      vertex 87.6512 7.31833 -4.75107
      vertex 87.9606 8.19941 -5.2
      vertex 87.9606 8.22391 -5.04531
    endloop
  endfacet
  facet normal 0.951054 0.309024 0
    outer loop
      vertex 87.9606 9.80059 -5.2
      vertex 87.6512 10.7528 -14.8
      vertex 87.6512 10.7528 -5.2
    endloop
  endfacet
  facet normal 0.951054 0.309024 0
    outer loop
      vertex 87.6512 10.7528 -14.8
      vertex 87.9606 9.80059 -5.2
      vertex 87.9606 9.80059 -14.8
    endloop
  endfacet
  facet normal 0.805523 -0.269013 0.527982
    outer loop
      vertex 87.0627 7.36999 -3.3694
      vertex 87.6512 7.84608 -4.02468
      vertex 87.0627 8.00077 -3.04801
    endloop
  endfacet
  facet normal 0.949914 -0.27845 0.141876
    outer loop
      vertex 87.6512 7.31833 -4.75107
      vertex 87.9606 8.29501 -4.90576
      vertex 87.6512 7.52468 -4.34608
    endloop
  endfacet
  facet normal 1 0 0
    outer loop
      vertex 87.9606 9.3 -4.69941
      vertex 87.9606 9.80059 -5.2
      vertex 87.9606 9.77609 -5.04531
    endloop
  endfacet
  facet normal 1 0 0
    outer loop
      vertex 87.9606 9.80059 -5.2
      vertex 87.9606 8.19941 -5.2
      vertex 87.9606 9.80059 -14.8
    endloop
  endfacet
  facet normal 1 0 0
    outer loop
      vertex 87.9606 9.3 -4.69941
      vertex 87.9606 9.77609 -5.04531
      vertex 87.9606 9.70499 -4.90576
    endloop
  endfacet
  facet normal 1 0 0
    outer loop
      vertex 87.9606 8.19941 -14.8
      vertex 87.9606 9.80059 -14.8
      vertex 87.9606 8.19941 -5.2
    endloop
  endfacet
  facet normal 1 0 0
    outer loop
      vertex 87.9606 9.3 -4.69941
      vertex 87.9606 9.70499 -4.90576
      vertex 87.9606 9.59424 -4.79501
    endloop
  endfacet
  facet normal 1 0 -0
    outer loop
      vertex 87.9606 9.3 -15.3006
      vertex 87.9606 9.80059 -14.8
      vertex 87.9606 8.19941 -14.8
    endloop
  endfacet
  facet normal 1 0 0
    outer loop
      vertex 87.9606 9.3 -4.69941
      vertex 87.9606 9.59424 -4.79501
      vertex 87.9606 9.45469 -4.72391
    endloop
  endfacet
  facet normal 1 0 0
    outer loop
      vertex 87.9606 9.80059 -14.8
      vertex 87.9606 9.3 -15.3006
      vertex 87.9606 9.77609 -14.9547
    endloop
  endfacet
  facet normal 1 0 0
    outer loop
      vertex 87.9606 9.80059 -5.2
      vertex 87.9606 9.3 -4.69941
      vertex 87.9606 8.19941 -5.2
    endloop
  endfacet
  facet normal 1 0 0
    outer loop
      vertex 87.9606 9.77609 -14.9547
      vertex 87.9606 9.3 -15.3006
      vertex 87.9606 9.70499 -15.0942
    endloop
  endfacet
  facet normal 1 0 0
    outer loop
      vertex 87.9606 8.19941 -5.2
      vertex 87.9606 9.3 -4.69941
      vertex 87.9606 8.7 -4.69941
    endloop
  endfacet
  facet normal 1 0 0
    outer loop
      vertex 87.9606 9.70499 -15.0942
      vertex 87.9606 9.3 -15.3006
      vertex 87.9606 9.59424 -15.205
    endloop
  endfacet
  facet normal 1 0 0
    outer loop
      vertex 87.9606 8.19941 -5.2
      vertex 87.9606 8.7 -4.69941
      vertex 87.9606 8.54531 -4.72391
    endloop
  endfacet
  facet normal 1 0 0
    outer loop
      vertex 87.9606 9.59424 -15.205
      vertex 87.9606 9.3 -15.3006
      vertex 87.9606 9.45469 -15.2761
    endloop
  endfacet
  facet normal 1 0 0
    outer loop
      vertex 87.9606 8.19941 -5.2
      vertex 87.9606 8.54531 -4.72391
      vertex 87.9606 8.40576 -4.79501
    endloop
  endfacet
  facet normal 1 0 0
    outer loop
      vertex 87.9606 9.3 -15.3006
      vertex 87.9606 8.19941 -14.8
      vertex 87.9606 8.7 -15.3006
    endloop
  endfacet
  facet normal 1 0 0
    outer loop
      vertex 87.9606 8.19941 -5.2
      vertex 87.9606 8.40576 -4.79501
      vertex 87.9606 8.29501 -4.90576
    endloop
  endfacet
  facet normal 1 0 0
    outer loop
      vertex 87.9606 8.7 -15.3006
      vertex 87.9606 8.19941 -14.8
      vertex 87.9606 8.54531 -15.2761
    endloop
  endfacet
  facet normal 1 0 0
    outer loop
      vertex 87.9606 8.19941 -5.2
      vertex 87.9606 8.29501 -4.90576
      vertex 87.9606 8.22391 -5.04531
    endloop
  endfacet
  facet normal 1 0 0
    outer loop
      vertex 87.9606 8.54531 -15.2761
      vertex 87.9606 8.19941 -14.8
      vertex 87.9606 8.40576 -15.205
    endloop
  endfacet
  facet normal 1 0 0
    outer loop
      vertex 87.9606 8.40576 -15.205
      vertex 87.9606 8.19941 -14.8
      vertex 87.9606 8.29501 -15.0942
    endloop
  endfacet
  facet normal 1 0 0
    outer loop
      vertex 87.9606 8.29501 -15.0942
      vertex 87.9606 8.19941 -14.8
      vertex 87.9606 8.22391 -14.9547
    endloop
  endfacet
  facet normal 0.305563 -0.848396 -0.432267
    outer loop
      vertex 85.3006 5.69409 -15.7767
      vertex 85.3006 6.14302 -16.6578
      vertex 86.2528 5.98833 -15.6811
    endloop
  endfacet
  facet normal 0.305581 -0.848382 -0.432282
    outer loop
      vertex 86.2528 5.98833 -15.6811
      vertex 85.3006 6.14302 -16.6578
      vertex 86.2528 6.39331 -16.4759
    endloop
  endfacet
  facet normal 0.58782 -0.808992 0
    outer loop
      vertex 86.2528 5.84878 -14.8
      vertex 87.0627 6.43726 -5.2
      vertex 86.2528 5.84878 -5.2
    endloop
  endfacet
  facet normal 0.58782 -0.808992 0
    outer loop
      vertex 87.0627 6.43726 -5.2
      vertex 86.2528 5.84878 -14.8
      vertex 87.0627 6.43726 -14.8
    endloop
  endfacet
  facet normal 0.583053 -0.802432 -0.12709
    outer loop
      vertex 86.2528 5.84878 -14.8
      vertex 86.2528 5.98833 -15.6811
      vertex 87.0627 6.43726 -14.8
    endloop
  endfacet
  facet normal -0.583014 0.574505 0.57449
    outer loop
      vertex 55.0251 13.5022 -2.04531
      vertex 55.911 13.333 -0.977062
      vertex 55.911 14.0229 -1.66698
    endloop
  endfacet
  facet normal -0.583011 0.57451 0.574489
    outer loop
      vertex 55.911 13.333 -0.977062
      vertex 55.0251 13.5022 -2.04531
      vertex 55.0251 12.9547 -1.49779
    endloop
  endfacet
  facet normal -0.305566 0.940447 0.148959
    outer loop
      vertex 56.9525 14.9569 -3.5
      vertex 55.911 14.6185 -3.5
      vertex 56.9525 14.7877 -2.43176
    endloop
  endfacet
  facet normal -0.582925 0.802492 0.127295
    outer loop
      vertex 55.911 14.6185 -3.5
      vertex 55.4662 14.2954 -3.5
      vertex 55.1478 13.9596 -2.84111
    endloop
  endfacet
  facet normal -0.805585 0.268977 -0.527906
    outer loop
      vertex 55.0251 12.9547 -18.5022
      vertex 55.0251 12.5869 -18.6896
      vertex 54.9442 12.8335 -18.4405
    endloop
  endfacet
  facet normal -0.805519 0.41901 -0.41901
    outer loop
      vertex 55.0251 12.9547 -18.5022
      vertex 54.9297 13.396 -17.8775
      vertex 55.0251 13.5022 -17.9547
    endloop
  endfacet
  facet normal -0.805519 0.41901 -0.41901
    outer loop
      vertex 54.9297 13.396 -17.8775
      vertex 55.0251 12.9547 -18.5022
      vertex 54.9297 12.8775 -18.396
    endloop
  endfacet
  facet normal 0.949916 0.0488842 -0.308658
    outer loop
      vertex 87.9606 9.3 -15.3006
      vertex 87.6512 9.3 -16.2528
      vertex 87.6512 9.74893 -16.1817
    endloop
  endfacet
  facet normal 0.951053 0 -0.309027
    outer loop
      vertex 87.9606 8.7 -15.3006
      vertex 87.6512 9.3 -16.2528
      vertex 87.9606 9.3 -15.3006
    endloop
  endfacet
  facet normal 0.951053 0 -0.309027
    outer loop
      vertex 87.6512 9.3 -16.2528
      vertex 87.9606 8.7 -15.3006
      vertex 87.6512 8.7 -16.2528
    endloop
  endfacet
  facet normal 0.949916 -0.0488842 -0.308658
    outer loop
      vertex 87.6512 8.25107 -16.1817
      vertex 87.6512 8.7 -16.2528
      vertex 87.9606 8.7 -15.3006
    endloop
  endfacet
  facet normal 0.949914 0.0488851 0.308664
    outer loop
      vertex 87.6512 9.3 -3.74723
      vertex 87.9606 9.3 -4.69941
      vertex 87.6512 9.74893 -3.81833
    endloop
  endfacet
  facet normal 0.805528 0.418997 0.419006
    outer loop
      vertex 87.0627 10.63 -3.3694
      vertex 87.6512 10.4753 -4.34608
      vertex 87.0627 11.1306 -3.86999
    endloop
  endfacet
  facet normal 0.805526 0.419003 0.419003
    outer loop
      vertex 87.6512 10.4753 -4.34608
      vertex 87.0627 10.63 -3.3694
      vertex 87.6512 10.1539 -4.02468
    endloop
  endfacet
  facet normal 0.949917 0.308655 0.0488837
    outer loop
      vertex 87.6512 10.6817 -4.75107
      vertex 87.9606 9.80059 -5.2
      vertex 87.6512 10.7528 -5.2
    endloop
  endfacet
  facet normal 0.805524 -0.419006 0.419006
    outer loop
      vertex 87.0627 7.36999 -3.3694
      vertex 87.6512 7.52468 -4.34608
      vertex 87.6512 7.84608 -4.02468
    endloop
  endfacet
  facet normal 0.805524 -0.419006 0.419006
    outer loop
      vertex 87.6512 7.52468 -4.34608
      vertex 87.0627 7.36999 -3.3694
      vertex 87.0627 6.8694 -3.86999
    endloop
  endfacet
  facet normal -0.805585 0.527906 -0.268977
    outer loop
      vertex 55.0251 13.6896 -17.5869
      vertex 55.0251 13.5022 -17.9547
      vertex 54.9442 13.4405 -17.8335
    endloop
  endfacet
  facet normal 0.949916 0.0488855 -0.308657
    outer loop
      vertex 87.9606 9.3 -15.3006
      vertex 87.6512 9.74893 -16.1817
      vertex 87.9606 9.45469 -15.2761
    endloop
  endfacet
  facet normal 0.949916 0.141867 -0.278447
    outer loop
      vertex 87.9606 9.45469 -15.2761
      vertex 87.6512 9.74893 -16.1817
      vertex 87.9606 9.59424 -15.205
    endloop
  endfacet
  facet normal 0.949914 -0.220978 0.220978
    outer loop
      vertex 87.6512 7.84608 -4.02468
      vertex 87.9606 8.29501 -4.90576
      vertex 87.9606 8.40576 -4.79501
    endloop
  endfacet
  facet normal 0.949914 -0.220978 0.220978
    outer loop
      vertex 87.9606 8.29501 -4.90576
      vertex 87.6512 7.84608 -4.02468
      vertex 87.6512 7.52468 -4.34608
    endloop
  endfacet
  facet normal -0.00488851 0.15643 0.987677
    outer loop
      vertex -8.93861 8.83127 -0.363915
      vertex 55.0614 9 -0.0738707
      vertex 55.0614 10.8313 -0.363915
    endloop
  endfacet
  facet normal -0.00488851 0.156432 0.987677
    outer loop
      vertex 55.0614 9 -0.0738707
      vertex -8.93861 8.83127 -0.363915
      vertex -8.93861 7 -0.0738707
    endloop
  endfacet
  facet normal 0 0.987692 -0.156408
    outer loop
      vertex 55.9651 14.6361 -15.8313
      vertex 55.0614 14.9261 -14
      vertex 56.8577 14.9261 -14
    endloop
  endfacet
  facet normal 0 0.987692 -0.156408
    outer loop
      vertex 55.0614 14.9261 -14
      vertex 55.9651 14.6361 -15.8313
      vertex 55.0614 14.6361 -15.8313
    endloop
  endfacet
  facet normal -0.805536 0.585251 -0.0927
    outer loop
      vertex -13.346 9.72394 -14
      vertex -12.2426 11.035 -15.311
      vertex -13.346 9.59062 -14.8417
    endloop
  endfacet
  facet normal -0.805538 0.527963 0.269005
    outer loop
      vertex -12.2426 10.4324 -3.50624
      vertex -13.346 9.59062 -5.15826
      vertex -13.346 9.20372 -4.39891
    endloop
  endfacet
  facet normal -0.0220891 -0.706852 0.707017
    outer loop
      vertex 55.0251 -12.5869 -1.31037
      vertex 55.0614 -12.4833 -1.20566
      vertex -8.93861 -10.4833 -1.20566
    endloop
  endfacet
  facet normal -0.0203039 -0.70719 0.706732
    outer loop
      vertex 55.0614 -12.4833 -1.20566
      vertex 55.0251 -12.5869 -1.31037
      vertex 55.0614 -12.5296 -1.25199
    endloop
  endfacet
  facet normal -0.022094 -0.706994 0.706875
    outer loop
      vertex -8.93861 -10.4833 -1.20566
      vertex 54.9442 -12.8335 -1.55954
      vertex 55.0251 -12.5869 -1.31037
    endloop
  endfacet
  facet normal -0.0220938 -0.706989 0.70688
    outer loop
      vertex -8.93861 -10.4833 -1.20566
      vertex 54.9297 -12.8775 -1.604
      vertex 54.9442 -12.8335 -1.55954
    endloop
  endfacet
  facet normal -0.0220908 -0.706921 0.706948
    outer loop
      vertex -8.93861 -10.4833 -1.20566
      vertex 54.9297 -13.396 -2.12248
      vertex 54.9297 -12.8775 -1.604
    endloop
  endfacet
  facet normal -0.0220925 -0.706948 0.706921
    outer loop
      vertex -8.93861 -11.7943 -2.51671
      vertex 54.9297 -13.396 -2.12248
      vertex -8.93861 -10.4833 -1.20566
    endloop
  endfacet
  facet normal -0.0220881 -0.706719 0.707149
    outer loop
      vertex 54.9297 -13.396 -2.12248
      vertex -8.93861 -11.7943 -2.51671
      vertex 54.9442 -13.4405 -2.1665
    endloop
  endfacet
  facet normal -0.0220945 -0.707032 0.706837
    outer loop
      vertex 54.9442 -13.4405 -2.1665
      vertex -8.93861 -11.7943 -2.51671
      vertex 55.0251 -13.6896 -2.41314
    endloop
  endfacet
  facet normal -0.0220922 -0.706949 0.706919
    outer loop
      vertex 55.0614 -13.7943 -2.51671
      vertex 55.0251 -13.6896 -2.41314
      vertex -8.93861 -11.7943 -2.51671
    endloop
  endfacet
  facet normal -0.0233195 -0.707143 0.706686
    outer loop
      vertex 55.0251 -13.6896 -2.41314
      vertex 55.0614 -13.7943 -2.51671
      vertex 55.0614 -13.748 -2.47038
    endloop
  endfacet
  facet normal -0.582998 0.723909 0.368876
    outer loop
      vertex -10.7239 11.325 -2.85768
      vertex -10.7239 12.0844 -4.34798
      vertex -12.2426 10.4324 -3.50624
    endloop
  endfacet
  facet normal 0 1 -0
    outer loop
      vertex 56.8577 14.9261 -14
      vertex 55.0614 14.9261 -6
      vertex 56.8577 14.9261 -6
    endloop
  endfacet
  facet normal 0 1 0
    outer loop
      vertex 55.0614 14.9261 -6
      vertex 56.8577 14.9261 -14
      vertex 55.0614 14.9261 -14
    endloop
  endfacet
  facet normal -0.949918 0.308653 0.0488863
    outer loop
      vertex -13.346 9.59062 -5.15826
      vertex -13.346 9.72394 -6
      vertex -13.9261 7.89267 -5.70996
    endloop
  endfacet
  facet normal 0 -1 0
    outer loop
      vertex 55.0614 -14.9261 -14
      vertex 56.8577 -14.9261 -6
      vertex 55.0614 -14.9261 -6
    endloop
  endfacet
  facet normal 0 -1 -0
    outer loop
      vertex 56.8577 -14.9261 -6
      vertex 55.0614 -14.9261 -14
      vertex 56.8577 -14.9261 -14
    endloop
  endfacet
  facet normal -0.309029 0 -0.951053
    outer loop
      vertex -10.7239 -7 -19.346
      vertex -8.93861 -2.03589 -19.9261
      vertex -8.93861 -7 -19.9261
    endloop
  endfacet
  facet normal -0.309029 0 -0.951053
    outer loop
      vertex -8.93861 -2.03589 -19.9261
      vertex -10.7239 -7 -19.346
      vertex -10.7239 -1.41954 -19.346
    endloop
  endfacet
  facet normal -0.309029 -0 -0.951053
    outer loop
      vertex -10.7239 7 -19.346
      vertex -8.93861 2.03589 -19.9261
      vertex -10.7239 1.41954 -19.346
    endloop
  endfacet
  facet normal -0.309029 0 -0.951053
    outer loop
      vertex -8.93861 2.03589 -19.9261
      vertex -10.7239 7 -19.346
      vertex -8.93861 7 -19.9261
    endloop
  endfacet
  facet normal -0.949918 -0.141871 0.27844
    outer loop
      vertex -13.346 -7.84175 -3.40938
      vertex -13.9261 -7.29005 -5.10733
      vertex -13.346 -8.60109 -3.79628
    endloop
  endfacet
  facet normal -0.587785 -0.809017 0
    outer loop
      vertex -12.2426 -11.2426 -14
      vertex -10.7239 -12.346 -6
      vertex -12.2426 -11.2426 -6
    endloop
  endfacet
  facet normal -0.587785 -0.809017 -0
    outer loop
      vertex -10.7239 -12.346 -6
      vertex -12.2426 -11.2426 -14
      vertex -10.7239 -12.346 -14
    endloop
  endfacet
  facet normal -0.583018 -0.127097 0.802456
    outer loop
      vertex -12.2426 -7 -1.75736
      vertex -12.2426 -8.31105 -1.96501
      vertex -10.7239 -8.65202 -0.915615
    endloop
  endfacet
  facet normal -0.582998 -0.723909 0.368876
    outer loop
      vertex -12.2426 -10.4324 -3.50624
      vertex -10.7239 -12.0844 -4.34798
      vertex -10.7239 -11.325 -2.85768
    endloop
  endfacet
  facet normal -0.583018 0.802461 0.127067
    outer loop
      vertex -10.7239 12.0844 -4.34798
      vertex -12.2426 11.2426 -6
      vertex -12.2426 11.035 -4.68895
    endloop
  endfacet
  facet normal -0.805538 -0.527963 0.269005
    outer loop
      vertex -13.346 -9.20372 -4.39891
      vertex -13.346 -9.59062 -5.15826
      vertex -12.2426 -10.4324 -3.50624
    endloop
  endfacet
  facet normal -0.0308507 -0.987222 0.156337
    outer loop
      vertex -8.93861 -12.9261 -6
      vertex 55.0614 -14.6361 -4.16873
      vertex -8.93861 -12.6361 -4.16873
    endloop
  endfacet
  facet normal -0.0308507 -0.987222 0.156337
    outer loop
      vertex 55.0614 -14.6361 -4.16873
      vertex -8.93861 -12.9261 -6
      vertex 55.0614 -14.9261 -6
    endloop
  endfacet
  facet normal -0.305575 -0.148922 -0.94045
    outer loop
      vertex -10.7239 -7 -19.346
      vertex -8.93861 -8.83127 -19.6361
      vertex -10.7239 -8.65202 -19.0844
    endloop
  endfacet
  facet normal -0.305575 0.94045 0.148922
    outer loop
      vertex -8.93861 12.6361 -4.16873
      vertex -10.7239 12.346 -6
      vertex -10.7239 12.0844 -4.34798
    endloop
  endfacet
  facet normal -0.949918 0.27844 0.14187
    outer loop
      vertex -13.346 9.20372 -4.39891
      vertex -13.9261 7.89267 -5.70996
      vertex -13.9261 7.75935 -5.4483
    endloop
  endfacet
  facet normal 0 0 -1
    outer loop
      vertex 55.0614 -9 -19.9261
      vertex 58.9386 9 -19.9261
      vertex 58.9386 -9 -19.9261
    endloop
  endfacet
  facet normal 0 0 -1
    outer loop
      vertex 55.0614 -9 -19.9261
      vertex 55.0614 9 -19.9261
      vertex 58.9386 9 -19.9261
    endloop
  endfacet
  facet normal 0 0 -1
    outer loop
      vertex 55.0614 -9 -19.9261
      vertex 14 -2.03589 -19.9261
      vertex 55.0614 9 -19.9261
    endloop
  endfacet
  facet normal 0 0 -1
    outer loop
      vertex 6.67398 -7.48789 -19.9261
      vertex 14 -2.03589 -19.9261
      vertex 55.0614 -9 -19.9261
    endloop
  endfacet
  facet normal -0 0 -1
    outer loop
      vertex 14 -2.03589 -19.9261
      vertex 6.67398 -7.48789 -19.9261
      vertex 3.52626 -2.03589 -19.9261
    endloop
  endfacet
  facet normal 0 0 -1
    outer loop
      vertex 14 2.03589 -19.9261
      vertex 55.0614 9 -19.9261
      vertex 14 -2.03589 -19.9261
    endloop
  endfacet
  facet normal 0 0 -1
    outer loop
      vertex 14 2.03589 -19.9261
      vertex 6.67398 7.48789 -19.9261
      vertex 55.0614 9 -19.9261
    endloop
  endfacet
  facet normal 0 -0 -1
    outer loop
      vertex 6.67398 7.48789 -19.9261
      vertex 14 2.03589 -19.9261
      vertex 3.52626 2.03589 -19.9261
    endloop
  endfacet
  facet normal 0 0 -1
    outer loop
      vertex -8.93861 -2.03589 -19.9261
      vertex -6.43742 -7.07816 -19.9261
      vertex -8.93861 -7 -19.9261
    endloop
  endfacet
  facet normal 0 0 -1
    outer loop
      vertex -6.43742 -7.07816 -19.9261
      vertex -8.93861 -2.03589 -19.9261
      vertex -3.52626 -2.03589 -19.9261
    endloop
  endfacet
  facet normal 0 0 -1
    outer loop
      vertex -8.93861 2.03589 -19.9261
      vertex -6.43742 7.07816 -19.9261
      vertex -3.52626 2.03589 -19.9261
    endloop
  endfacet
  facet normal 0 0 -1
    outer loop
      vertex -6.43742 7.07816 -19.9261
      vertex -8.93861 2.03589 -19.9261
      vertex -8.93861 7 -19.9261
    endloop
  endfacet
  facet normal 0 -0 -1
    outer loop
      vertex 0 -4.07178 -19.9261
      vertex 1.88591 -7.33827 -19.9261
      vertex -1.81906 -7.22249 -19.9261
    endloop
  endfacet
  facet normal 0 0 -1
    outer loop
      vertex 1.88591 7.33827 -19.9261
      vertex 0 4.07178 -19.9261
      vertex -1.81906 7.22249 -19.9261
    endloop
  endfacet
  facet normal 0 0 -1
    outer loop
      vertex 3.5 -2.02073 -19.9261
      vertex 1.9 0 -19.9261
      vertex 3.5 2.02073 -19.9261
    endloop
  endfacet
  facet normal 0 0 -1
    outer loop
      vertex 3.5 -2.02073 -19.9261
      vertex 1.88375 -0.247999 -19.9261
      vertex 1.9 0 -19.9261
    endloop
  endfacet
  facet normal 0 0 -1
    outer loop
      vertex 3.5 -2.02073 -19.9261
      vertex 1.83526 -0.491755 -19.9261
      vertex 1.88375 -0.247999 -19.9261
    endloop
  endfacet
  facet normal 0 0 -1
    outer loop
      vertex 3.5 -2.02073 -19.9261
      vertex 1.75537 -0.727098 -19.9261
      vertex 1.83526 -0.491755 -19.9261
    endloop
  endfacet
  facet normal 0 0 -1
    outer loop
      vertex 3.5 -2.02073 -19.9261
      vertex 1.64545 -0.95 -19.9261
      vertex 1.75537 -0.727098 -19.9261
    endloop
  endfacet
  facet normal 0 0 -1
    outer loop
      vertex 3.5 -2.02073 -19.9261
      vertex 1.50737 -1.15665 -19.9261
      vertex 1.64545 -0.95 -19.9261
    endloop
  endfacet
  facet normal 0 0 -1
    outer loop
      vertex 3.5 -2.02073 -19.9261
      vertex 1.3435 -1.3435 -19.9261
      vertex 1.50737 -1.15665 -19.9261
    endloop
  endfacet
  facet normal 0 0 -1
    outer loop
      vertex 3.5 -2.02073 -19.9261
      vertex 1.15665 -1.50737 -19.9261
      vertex 1.3435 -1.3435 -19.9261
    endloop
  endfacet
  facet normal 0 0 -1
    outer loop
      vertex 3.5 -2.02073 -19.9261
      vertex 0.95 -1.64545 -19.9261
      vertex 1.15665 -1.50737 -19.9261
    endloop
  endfacet
  facet normal 0 0 -1
    outer loop
      vertex 0 -4.04145 -19.9261
      vertex 0.95 -1.64545 -19.9261
      vertex 3.5 -2.02073 -19.9261
    endloop
  endfacet
  facet normal 0 0 -1
    outer loop
      vertex 0.95 -1.64545 -19.9261
      vertex 0 -4.04145 -19.9261
      vertex 0.727098 -1.75537 -19.9261
    endloop
  endfacet
  facet normal 0 0 -1
    outer loop
      vertex 0.727098 -1.75537 -19.9261
      vertex 0 -4.04145 -19.9261
      vertex 0.491755 -1.83526 -19.9261
    endloop
  endfacet
  facet normal 0 0 -1
    outer loop
      vertex 0.491755 -1.83526 -19.9261
      vertex 0 -4.04145 -19.9261
      vertex 0.247999 -1.88375 -19.9261
    endloop
  endfacet
  facet normal 0 0 -1
    outer loop
      vertex 0 -4.04145 -19.9261
      vertex 0 -1.9 -19.9261
      vertex 0.247999 -1.88375 -19.9261
    endloop
  endfacet
  facet normal 0 0 -1
    outer loop
      vertex 0 -4.04145 -19.9261
      vertex -0.247999 -1.88375 -19.9261
      vertex 0 -1.9 -19.9261
    endloop
  endfacet
  facet normal 0 0 -1
    outer loop
      vertex 0 -4.04145 -19.9261
      vertex -0.491755 -1.83526 -19.9261
      vertex -0.247999 -1.88375 -19.9261
    endloop
  endfacet
  facet normal 0 0 -1
    outer loop
      vertex 0 -4.04145 -19.9261
      vertex -0.727098 -1.75537 -19.9261
      vertex -0.491755 -1.83526 -19.9261
    endloop
  endfacet
  facet normal 0 0 -1
    outer loop
      vertex 0 -4.04145 -19.9261
      vertex -0.95 -1.64545 -19.9261
      vertex -0.727098 -1.75537 -19.9261
    endloop
  endfacet
  facet normal 0 0 -1
    outer loop
      vertex -3.5 -2.02073 -19.9261
      vertex -0.95 -1.64545 -19.9261
      vertex 0 -4.04145 -19.9261
    endloop
  endfacet
  facet normal -0 0 -1
    outer loop
      vertex -0.95 -1.64545 -19.9261
      vertex -3.5 -2.02073 -19.9261
      vertex -1.15665 -1.50737 -19.9261
    endloop
  endfacet
  facet normal -0 0 -1
    outer loop
      vertex -1.15665 -1.50737 -19.9261
      vertex -3.5 -2.02073 -19.9261
      vertex -1.3435 -1.3435 -19.9261
    endloop
  endfacet
  facet normal -0 0 -1
    outer loop
      vertex -1.3435 -1.3435 -19.9261
      vertex -3.5 -2.02073 -19.9261
      vertex -1.50737 -1.15665 -19.9261
    endloop
  endfacet
  facet normal -0 0 -1
    outer loop
      vertex -1.88375 -0.247999 -19.9261
      vertex -3.5 -2.02073 -19.9261
      vertex -1.9 0 -19.9261
    endloop
  endfacet
  facet normal -0 0 -1
    outer loop
      vertex -1.83526 -0.491755 -19.9261
      vertex -3.5 -2.02073 -19.9261
      vertex -1.88375 -0.247999 -19.9261
    endloop
  endfacet
  facet normal -0 0 -1
    outer loop
      vertex -1.75537 -0.727098 -19.9261
      vertex -3.5 -2.02073 -19.9261
      vertex -1.83526 -0.491755 -19.9261
    endloop
  endfacet
  facet normal -0 0 -1
    outer loop
      vertex -1.64545 -0.95 -19.9261
      vertex -3.5 -2.02073 -19.9261
      vertex -1.75537 -0.727098 -19.9261
    endloop
  endfacet
  facet normal -0 0 -1
    outer loop
      vertex -1.50737 -1.15665 -19.9261
      vertex -3.5 -2.02073 -19.9261
      vertex -1.64545 -0.95 -19.9261
    endloop
  endfacet
  facet normal 0 0 -1
    outer loop
      vertex 1.88375 0.247999 -19.9261
      vertex 3.5 2.02073 -19.9261
      vertex 1.9 0 -19.9261
    endloop
  endfacet
  facet normal 0 0 -1
    outer loop
      vertex 1.83526 0.491755 -19.9261
      vertex 3.5 2.02073 -19.9261
      vertex 1.88375 0.247999 -19.9261
    endloop
  endfacet
  facet normal 0 0 -1
    outer loop
      vertex 1.75537 0.727098 -19.9261
      vertex 3.5 2.02073 -19.9261
      vertex 1.83526 0.491755 -19.9261
    endloop
  endfacet
  facet normal 0 0 -1
    outer loop
      vertex 1.64545 0.95 -19.9261
      vertex 3.5 2.02073 -19.9261
      vertex 1.75537 0.727098 -19.9261
    endloop
  endfacet
  facet normal 0 0 -1
    outer loop
      vertex 1.50737 1.15665 -19.9261
      vertex 3.5 2.02073 -19.9261
      vertex 1.64545 0.95 -19.9261
    endloop
  endfacet
  facet normal 0 0 -1
    outer loop
      vertex 1.3435 1.3435 -19.9261
      vertex 3.5 2.02073 -19.9261
      vertex 1.50737 1.15665 -19.9261
    endloop
  endfacet
  facet normal 0 0 -1
    outer loop
      vertex 1.15665 1.50737 -19.9261
      vertex 3.5 2.02073 -19.9261
      vertex 1.3435 1.3435 -19.9261
    endloop
  endfacet
  facet normal 0 0 -1
    outer loop
      vertex 0.95 1.64545 -19.9261
      vertex 3.5 2.02073 -19.9261
      vertex 1.15665 1.50737 -19.9261
    endloop
  endfacet
  facet normal 0 0 -1
    outer loop
      vertex 0 4.04145 -19.9261
      vertex 0.95 1.64545 -19.9261
      vertex 0.727098 1.75537 -19.9261
    endloop
  endfacet
  facet normal 0 0 -1
    outer loop
      vertex 0 4.04145 -19.9261
      vertex 0.727098 1.75537 -19.9261
      vertex 0.491755 1.83526 -19.9261
    endloop
  endfacet
  facet normal 0 0 -1
    outer loop
      vertex 0 4.04145 -19.9261
      vertex 0.491755 1.83526 -19.9261
      vertex 0.247999 1.88375 -19.9261
    endloop
  endfacet
  facet normal 0 0 -1
    outer loop
      vertex 0 4.04145 -19.9261
      vertex 0.247999 1.88375 -19.9261
      vertex 0 1.9 -19.9261
    endloop
  endfacet
  facet normal 0 0 -1
    outer loop
      vertex 0.95 1.64545 -19.9261
      vertex 0 4.04145 -19.9261
      vertex 3.5 2.02073 -19.9261
    endloop
  endfacet
  facet normal 0 0 -1
    outer loop
      vertex -0.247999 1.88375 -19.9261
      vertex 0 4.04145 -19.9261
      vertex 0 1.9 -19.9261
    endloop
  endfacet
  facet normal 0 0 -1
    outer loop
      vertex -0.491755 1.83526 -19.9261
      vertex 0 4.04145 -19.9261
      vertex -0.247999 1.88375 -19.9261
    endloop
  endfacet
  facet normal 0 0 -1
    outer loop
      vertex -0.727098 1.75537 -19.9261
      vertex 0 4.04145 -19.9261
      vertex -0.491755 1.83526 -19.9261
    endloop
  endfacet
  facet normal 0 0 -1
    outer loop
      vertex -0.95 1.64545 -19.9261
      vertex 0 4.04145 -19.9261
      vertex -0.727098 1.75537 -19.9261
    endloop
  endfacet
  facet normal 0 0 -1
    outer loop
      vertex -3.5 2.02073 -19.9261
      vertex -0.95 1.64545 -19.9261
      vertex -1.15665 1.50737 -19.9261
    endloop
  endfacet
  facet normal 0 0 -1
    outer loop
      vertex -3.5 2.02073 -19.9261
      vertex -1.15665 1.50737 -19.9261
      vertex -1.3435 1.3435 -19.9261
    endloop
  endfacet
  facet normal 0 0 -1
    outer loop
      vertex -3.5 2.02073 -19.9261
      vertex -1.3435 1.3435 -19.9261
      vertex -1.50737 1.15665 -19.9261
    endloop
  endfacet
  facet normal 0 0 -1
    outer loop
      vertex -3.5 2.02073 -19.9261
      vertex -1.50737 1.15665 -19.9261
      vertex -1.64545 0.95 -19.9261
    endloop
  endfacet
  facet normal 0 0 -1
    outer loop
      vertex -3.5 2.02073 -19.9261
      vertex -1.9 0 -19.9261
      vertex -3.5 -2.02073 -19.9261
    endloop
  endfacet
  facet normal 0 0 -1
    outer loop
      vertex -1.9 0 -19.9261
      vertex -3.5 2.02073 -19.9261
      vertex -1.88375 0.247999 -19.9261
    endloop
  endfacet
  facet normal 0 0 -1
    outer loop
      vertex -1.88375 0.247999 -19.9261
      vertex -3.5 2.02073 -19.9261
      vertex -1.83526 0.491755 -19.9261
    endloop
  endfacet
  facet normal 0 0 -1
    outer loop
      vertex -1.83526 0.491755 -19.9261
      vertex -3.5 2.02073 -19.9261
      vertex -1.75537 0.727098 -19.9261
    endloop
  endfacet
  facet normal 0 0 -1
    outer loop
      vertex -1.75537 0.727098 -19.9261
      vertex -3.5 2.02073 -19.9261
      vertex -1.64545 0.95 -19.9261
    endloop
  endfacet
  facet normal 0 0 -1
    outer loop
      vertex -0.95 1.64545 -19.9261
      vertex -3.5 2.02073 -19.9261
      vertex 0 4.04145 -19.9261
    endloop
  endfacet
  facet normal -0.305577 -0.148952 0.940445
    outer loop
      vertex -8.93861 -7 -0.0738707
      vertex -10.7239 -7 -0.653961
      vertex -8.93861 -8.83127 -0.363915
    endloop
  endfacet
  facet normal -0.305577 0.848376 0.432297
    outer loop
      vertex -8.93861 11.7943 -2.51671
      vertex -8.93861 12.6361 -4.16873
      vertex -10.7239 11.325 -2.85768
    endloop
  endfacet
  facet normal 0 0.707336 0.706878
    outer loop
      vertex 55.0896 12.4833 -1.20566
      vertex 55.0614 12.5296 -1.25199
      vertex 55.0614 12.4833 -1.20566
    endloop
  endfacet
  facet normal 0 0.707336 0.706878
    outer loop
      vertex 55.0614 13.748 -2.47038
      vertex 55.0896 13.7943 -2.51671
      vertex 55.0614 13.7943 -2.51671
    endloop
  endfacet
  facet normal -0.583018 0.127097 0.802456
    outer loop
      vertex -10.7239 8.65202 -0.915615
      vertex -12.2426 8.31105 -1.96501
      vertex -12.2426 7 -1.75736
    endloop
  endfacet
  facet normal -0.305577 -0.848376 0.432297
    outer loop
      vertex -10.7239 -11.325 -2.85768
      vertex -8.93861 -12.6361 -4.16873
      vertex -8.93861 -11.7943 -2.51671
    endloop
  endfacet
  facet normal -0.305577 0.148952 0.940445
    outer loop
      vertex -8.93861 8.83127 -0.363915
      vertex -10.7239 8.65202 -0.915615
      vertex -10.7239 7 -0.653961
    endloop
  endfacet
  facet normal -0.309024 0 0.951054
    outer loop
      vertex -10.7239 7 -0.653961
      vertex -8.93861 -7 -0.0738707
      vertex -8.93861 7 -0.0738707
    endloop
  endfacet
  facet normal -0.309024 0 0.951054
    outer loop
      vertex -8.93861 -7 -0.0738707
      vertex -10.7239 7 -0.653961
      vertex -10.7239 -7 -0.653961
    endloop
  endfacet
  facet normal -0.949918 0.14187 0.27844
    outer loop
      vertex -13.346 8.60109 -3.79628
      vertex -13.9261 7.29004 -5.10733
      vertex -13.346 7.84174 -3.40938
    endloop
  endfacet
  facet normal -0.809017 0 -0.587785
    outer loop
      vertex -12.2426 0.247182 -18.2426
      vertex -13.346 7 -16.7239
      vertex -12.2426 7 -18.2426
    endloop
  endfacet
  facet normal -0.808875 6.7055e-05 -0.58798
    outer loop
      vertex -12.4117 0 -18.01
      vertex -13.346 7 -16.7239
      vertex -12.2426 0.247182 -18.2426
    endloop
  endfacet
  facet normal -0.809017 0 -0.587785
    outer loop
      vertex -13.346 -7 -16.7239
      vertex -12.2426 -0.247182 -18.2426
      vertex -12.2426 -7 -18.2426
    endloop
  endfacet
  facet normal -0.808875 -6.7055e-05 -0.58798
    outer loop
      vertex -12.2426 -0.247182 -18.2426
      vertex -13.346 -7 -16.7239
      vertex -12.4117 0 -18.01
    endloop
  endfacet
  facet normal -0.809049 0 -0.587741
    outer loop
      vertex -12.4117 0 -18.01
      vertex -13.346 -7 -16.7239
      vertex -13.346 7 -16.7239
    endloop
  endfacet
  facet normal 0 0.890248 -0.455476
    outer loop
      vertex 55.911 14.6185 -15.8657
      vertex 55.0614 14.6361 -15.8313
      vertex 55.9651 14.6361 -15.8313
    endloop
  endfacet
  facet normal 7.88456e-05 0.891036 -0.453932
    outer loop
      vertex 55.4662 14.2954 -16.5
      vertex 55.0614 14.6361 -15.8313
      vertex 55.911 14.6185 -15.8657
    endloop
  endfacet
  facet normal -0.0001156 0.890989 -0.454025
    outer loop
      vertex 55.1478 13.9596 -17.1589
      vertex 55.0614 14.6361 -15.8313
      vertex 55.4662 14.2954 -16.5
    endloop
  endfacet
  facet normal 0.000698426 0.89101 -0.453983
    outer loop
      vertex 55.0896 13.8983 -17.2793
      vertex 55.0614 14.6361 -15.8313
      vertex 55.1478 13.9596 -17.1589
    endloop
  endfacet
  facet normal -0.00199977 0.891016 -0.453967
    outer loop
      vertex 55.0614 13.7943 -17.4833
      vertex 55.0896 13.8983 -17.2793
      vertex 55.0896 13.8661 -17.3425
    endloop
  endfacet
  facet normal 0 0.890856 -0.454286
    outer loop
      vertex 55.0614 13.7943 -17.4833
      vertex 55.0896 13.8661 -17.3425
      vertex 55.0896 13.7943 -17.4833
    endloop
  endfacet
  facet normal -0.00154535 0.890992 -0.454017
    outer loop
      vertex 55.0896 13.8983 -17.2793
      vertex 55.0614 13.7943 -17.4833
      vertex 55.0614 14.6361 -15.8313
    endloop
  endfacet
  facet normal 0.305573 -0.148897 -0.940455
    outer loop
      vertex 59.2074 -9.41599 -19.7729
      vertex 58.9386 -9 -19.9261
      vertex 60.1906 -9 -19.5193
    endloop
  endfacet
  facet normal 0.306954 -0.147897 -0.940163
    outer loop
      vertex 59.1924 -9.42233 -19.7768
      vertex 58.9386 -9 -19.9261
      vertex 59.2074 -9.41599 -19.7729
    endloop
  endfacet
  facet normal 0.305243 -0.149058 -0.940536
    outer loop
      vertex 59.0475 -9.54112 -19.805
      vertex 58.9386 -9 -19.9261
      vertex 59.1924 -9.42233 -19.7768
    endloop
  endfacet
  facet normal 0.305645 -0.148951 -0.940422
    outer loop
      vertex 58.9386 -9 -19.9261
      vertex 59.0475 -9.54112 -19.805
      vertex 58.9386 -9.65283 -19.8227
    endloop
  endfacet
  facet normal -0.949923 -0.141934 -0.278389
    outer loop
      vertex -13.9261 -7.29005 -14.8927
      vertex -13.346 -8.60109 -16.2037
      vertex -13.9261 -7.5517 -14.7593
    endloop
  endfacet
  facet normal -0.805541 -0.418979 -0.418999
    outer loop
      vertex -12.2426 -9.49376 -17.4324
      vertex -13.346 -9.20372 -15.6011
      vertex -13.346 -8.60109 -16.2037
    endloop
  endfacet
  facet normal -0.80554 -0.418981 -0.418999
    outer loop
      vertex -13.346 -9.20372 -15.6011
      vertex -12.2426 -9.49376 -17.4324
      vertex -12.2426 -10.4324 -16.4938
    endloop
  endfacet
  facet normal -0.305586 -0.673295 0.673269
    outer loop
      vertex -10.7239 -10.1423 -1.67496
      vertex -8.93861 -11.7943 -2.51671
      vertex -8.93861 -10.4833 -1.20566
    endloop
  endfacet
  facet normal -0.305576 -0.67329 0.673278
    outer loop
      vertex -8.93861 -11.7943 -2.51671
      vertex -10.7239 -10.1423 -1.67496
      vertex -10.7239 -11.325 -2.85768
    endloop
  endfacet
  facet normal -0.949918 -0.308653 0.0488863
    outer loop
      vertex -13.9261 -7.89267 -5.70996
      vertex -13.346 -9.72394 -6
      vertex -13.346 -9.59062 -5.15826
    endloop
  endfacet
  facet normal -0.949918 -0.27844 0.14187
    outer loop
      vertex -13.346 -9.20372 -4.39891
      vertex -13.9261 -7.89267 -5.70996
      vertex -13.346 -9.59062 -5.15826
    endloop
  endfacet
  facet normal -0.0308507 -0.987222 -0.156334
    outer loop
      vertex -8.93861 -12.6361 -15.8313
      vertex 55.0614 -14.9261 -14
      vertex -8.93861 -12.9261 -14
    endloop
  endfacet
  facet normal -0.0308507 -0.987222 -0.156334
    outer loop
      vertex 55.0614 -14.9261 -14
      vertex -8.93861 -12.6361 -15.8313
      vertex 55.0614 -14.6361 -15.8313
    endloop
  endfacet
  facet normal -0.949918 -0.0488864 0.308653
    outer loop
      vertex -13.9261 -7 -5.06139
      vertex -13.9261 -7.29005 -5.10733
      vertex -13.346 -7 -3.27606
    endloop
  endfacet
  facet normal 0 -0.890248 -0.455476
    outer loop
      vertex 55.0614 -14.6361 -15.8313
      vertex 55.911 -14.6185 -15.8657
      vertex 55.9651 -14.6361 -15.8313
    endloop
  endfacet
  facet normal 7.88456e-05 -0.891036 -0.453932
    outer loop
      vertex 55.0614 -14.6361 -15.8313
      vertex 55.4662 -14.2954 -16.5
      vertex 55.911 -14.6185 -15.8657
    endloop
  endfacet
  facet normal -0.0001156 -0.890989 -0.454025
    outer loop
      vertex 55.0614 -14.6361 -15.8313
      vertex 55.1478 -13.9596 -17.1589
      vertex 55.4662 -14.2954 -16.5
    endloop
  endfacet
  facet normal 0.000698426 -0.89101 -0.453983
    outer loop
      vertex 55.0614 -14.6361 -15.8313
      vertex 55.0896 -13.8983 -17.2793
      vertex 55.1478 -13.9596 -17.1589
    endloop
  endfacet
  facet normal -0.00154535 -0.890992 -0.454017
    outer loop
      vertex 55.0614 -13.7943 -17.4833
      vertex 55.0896 -13.8983 -17.2793
      vertex 55.0614 -14.6361 -15.8313
    endloop
  endfacet
  facet normal -0.00199977 -0.891016 -0.453967
    outer loop
      vertex 55.0896 -13.8983 -17.2793
      vertex 55.0614 -13.7943 -17.4833
      vertex 55.0896 -13.8661 -17.3425
    endloop
  endfacet
  facet normal 0 -0.890856 -0.454286
    outer loop
      vertex 55.0896 -13.8661 -17.3425
      vertex 55.0614 -13.7943 -17.4833
      vertex 55.0896 -13.7943 -17.4833
    endloop
  endfacet
  facet normal 0 -0.707107 -0.707107
    outer loop
      vertex 55.0614 -12.4833 -18.7943
      vertex 55.0896 -12.4833 -18.7943
      vertex 55.0614 -12.5296 -18.748
    endloop
  endfacet
  facet normal 0 -0.707107 -0.707107
    outer loop
      vertex 55.0614 -13.7943 -17.4833
      vertex 55.0614 -13.748 -17.5296
      vertex 55.0896 -13.7943 -17.4833
    endloop
  endfacet
  facet normal -0.305574 0.848376 0.4323
    outer loop
      vertex -8.93861 12.6361 -4.16873
      vertex -10.7239 12.0844 -4.34798
      vertex -10.7239 11.325 -2.85768
    endloop
  endfacet
  facet normal -0.305582 0.940446 0.148929
    outer loop
      vertex -8.93861 12.9261 -6
      vertex -10.7239 12.346 -6
      vertex -8.93861 12.6361 -4.16873
    endloop
  endfacet
  facet normal 0 -0.987692 0.156411
    outer loop
      vertex 55.0614 -14.9261 -6
      vertex 55.9651 -14.6361 -4.16873
      vertex 55.0614 -14.6361 -4.16873
    endloop
  endfacet
  facet normal 0 -0.987692 0.156411
    outer loop
      vertex 55.9651 -14.6361 -4.16873
      vertex 55.0614 -14.9261 -6
      vertex 56.8577 -14.9261 -6
    endloop
  endfacet
  facet normal 0.00334274 -0.454413 0.890785
    outer loop
      vertex 55.0614 -12.4833 -1.20566
      vertex 55.0896 -12.3425 -1.13394
      vertex 55.0896 -12.2793 -1.1017
    endloop
  endfacet
  facet normal 0 -0.454696 0.890647
    outer loop
      vertex 55.0614 -10.8313 -0.363915
      vertex 55.911 -10.8657 -0.381477
      vertex 55.9651 -10.8313 -0.363915
    endloop
  endfacet
  facet normal 3.61646e-05 -0.453987 0.891008
    outer loop
      vertex 55.0614 -10.8313 -0.363915
      vertex 55.4662 -11.5 -0.704648
      vertex 55.911 -10.8657 -0.381477
    endloop
  endfacet
  facet normal 2.16832e-05 -0.453994 0.891005
    outer loop
      vertex 55.0614 -10.8313 -0.363915
      vertex 55.1478 -12.1589 -1.04037
      vertex 55.4662 -11.5 -0.704648
    endloop
  endfacet
  facet normal 0.000238575 -0.453983 0.89101
    outer loop
      vertex 55.0614 -10.8313 -0.363915
      vertex 55.0896 -12.2793 -1.1017
      vertex 55.1478 -12.1589 -1.04037
    endloop
  endfacet
  facet normal -0.000496125 -0.453994 0.891004
    outer loop
      vertex 55.0614 -12.4833 -1.20566
      vertex 55.0896 -12.2793 -1.1017
      vertex 55.0614 -10.8313 -0.363915
    endloop
  endfacet
  facet normal 0 -0.453884 0.891061
    outer loop
      vertex 55.0896 -12.3425 -1.13394
      vertex 55.0614 -12.4833 -1.20566
      vertex 55.0896 -12.4833 -1.20566
    endloop
  endfacet
  facet normal 0.951046 -0 0.30905
    outer loop
      vertex 63.4761 -6.71407 -3.67642
      vertex 63.4761 6.71407 -3.67642
      vertex 63.346 6.78348 -3.27606
    endloop
  endfacet
  facet normal 0.951074 0 0.308964
    outer loop
      vertex 63.5552 6.67189 -3.91966
      vertex 63.9261 -6.65104 -5.06139
      vertex 63.9261 6.65104 -5.06139
    endloop
  endfacet
  facet normal 0.95098 0 0.309252
    outer loop
      vertex 63.4761 6.71407 -3.67642
      vertex 63.4761 -6.71407 -3.67642
      vertex 63.5552 6.67189 -3.91966
    endloop
  endfacet
  facet normal 0.951074 0 0.308964
    outer loop
      vertex 63.5552 6.67189 -3.91966
      vertex 63.5552 -6.67189 -3.91966
      vertex 63.9261 -6.65104 -5.06139
    endloop
  endfacet
  facet normal 0.95098 0 0.309252
    outer loop
      vertex 63.5552 6.67189 -3.91966
      vertex 63.4761 -6.71407 -3.67642
      vertex 63.5552 -6.67189 -3.91966
    endloop
  endfacet
  facet normal 0.951046 0 0.30905
    outer loop
      vertex 63.4761 -6.71407 -3.67642
      vertex 63.346 6.78348 -3.27606
      vertex 63.346 -6.78348 -3.27606
    endloop
  endfacet
  facet normal 0.588146 0 0.808755
    outer loop
      vertex 62.1493 7.51896 -1.68951
      vertex 62.2426 -7.46247 -1.75736
      vertex 62.2426 7.46247 -1.75736
    endloop
  endfacet
  facet normal 0.588146 0 0.808755
    outer loop
      vertex 62.1493 7.51896 -1.68951
      vertex 62.1493 -7.51896 -1.68951
      vertex 62.2426 -7.46247 -1.75736
    endloop
  endfacet
  facet normal 0.587761 0 0.809034
    outer loop
      vertex 60.9893 8.34783 -0.846773
      vertex 62.1493 -7.51896 -1.68951
      vertex 62.1493 7.51896 -1.68951
    endloop
  endfacet
  facet normal 0.587761 0 0.809034
    outer loop
      vertex 60.9893 8.34783 -0.846773
      vertex 60.9893 -8.34783 -0.846773
      vertex 62.1493 -7.51896 -1.68951
    endloop
  endfacet
  facet normal 0.587761 0 0.809035
    outer loop
      vertex 60.7239 8.70419 -0.653961
      vertex 60.9893 -8.34783 -0.846773
      vertex 60.9893 8.34783 -0.846773
    endloop
  endfacet
  facet normal 0.587761 0 0.809035
    outer loop
      vertex 60.9893 -8.34783 -0.846773
      vertex 60.7239 8.70419 -0.653961
      vertex 60.7239 -8.70419 -0.653961
    endloop
  endfacet
  facet normal 0.305565 -0.148933 0.940451
    outer loop
      vertex 58.9386 -9 -0.0738707
      vertex 59.2074 -9.41599 -0.227085
      vertex 60.1906 -9 -0.480662
    endloop
  endfacet
  facet normal 0.30535 -0.149089 0.940497
    outer loop
      vertex 58.9386 -9 -0.0738707
      vertex 59.1924 -9.42233 -0.22322
      vertex 59.2074 -9.41599 -0.227085
    endloop
  endfacet
  facet normal 0.305526 -0.14897 0.940458
    outer loop
      vertex 58.9386 -9 -0.0738707
      vertex 59.0475 -9.54112 -0.194963
      vertex 59.1924 -9.42233 -0.22322
    endloop
  endfacet
  facet normal 0.305596 -0.148951 0.940438
    outer loop
      vertex 59.0475 -9.54112 -0.194963
      vertex 58.9386 -9 -0.0738707
      vertex 58.9386 -9.65283 -0.177269
    endloop
  endfacet
  facet normal -0.305577 -0.148952 0.940445
    outer loop
      vertex -10.7239 -7 -0.653961
      vertex -10.7239 -8.65202 -0.915615
      vertex -8.93861 -8.83127 -0.363915
    endloop
  endfacet
  facet normal 0.305565 0.148933 0.940451
    outer loop
      vertex 59.2074 9.41599 -0.227085
      vertex 58.9386 9 -0.0738707
      vertex 60.1906 9 -0.480662
    endloop
  endfacet
  facet normal 0.30535 0.149089 0.940497
    outer loop
      vertex 59.1924 9.42233 -0.22322
      vertex 58.9386 9 -0.0738707
      vertex 59.2074 9.41599 -0.227085
    endloop
  endfacet
  facet normal 0.305526 0.14897 0.940458
    outer loop
      vertex 59.0475 9.54112 -0.194963
      vertex 58.9386 9 -0.0738707
      vertex 59.1924 9.42233 -0.22322
    endloop
  endfacet
  facet normal 0.305596 0.148951 0.940438
    outer loop
      vertex 58.9386 9 -0.0738707
      vertex 59.0475 9.54112 -0.194963
      vertex 58.9386 9.65283 -0.177269
    endloop
  endfacet
  facet normal -0.305582 0.432272 0.848387
    outer loop
      vertex -8.93861 10.4833 -1.20566
      vertex -10.7239 10.1423 -1.67496
      vertex -8.93861 8.83127 -0.363915
    endloop
  endfacet
  facet normal -0.805534 0.269011 0.527965
    outer loop
      vertex -12.2426 9.49376 -2.56763
      vertex -13.346 7.84174 -3.40938
      vertex -12.2426 8.31105 -1.96501
    endloop
  endfacet
  facet normal -0.305586 0.673295 0.673269
    outer loop
      vertex -8.93861 11.7943 -2.51671
      vertex -10.7239 10.1423 -1.67496
      vertex -8.93861 10.4833 -1.20566
    endloop
  endfacet
  facet normal -0.305576 0.67329 0.673278
    outer loop
      vertex -10.7239 10.1423 -1.67496
      vertex -8.93861 11.7943 -2.51671
      vertex -10.7239 11.325 -2.85768
    endloop
  endfacet
  facet normal -0.583001 0.574509 0.574499
    outer loop
      vertex -12.2426 10.4324 -3.50624
      vertex -10.7239 10.1423 -1.67496
      vertex -10.7239 11.325 -2.85768
    endloop
  endfacet
  facet normal -0.583014 0.574488 0.574507
    outer loop
      vertex -10.7239 10.1423 -1.67496
      vertex -12.2426 10.4324 -3.50624
      vertex -12.2426 9.49376 -2.56763
    endloop
  endfacet
  facet normal -0 0.156435 0.987688
    outer loop
      vertex 56.9525 9.65283 -0.177269
      vertex 58.9386 9 -0.0738707
      vertex 58.9386 9.65283 -0.177269
    endloop
  endfacet
  facet normal -0 0.156421 0.987691
    outer loop
      vertex 55.0614 10.8313 -0.363915
      vertex 56.1266 10.5 -0.311447
      vertex 55.9651 10.8313 -0.363915
    endloop
  endfacet
  facet normal 3.55855e-06 0.156432 0.987689
    outer loop
      vertex 55.0614 9 -0.0738707
      vertex 56.1266 10.5 -0.311447
      vertex 55.0614 10.8313 -0.363915
    endloop
  endfacet
  facet normal 0 0.156435 0.987688
    outer loop
      vertex 56.9525 9.65283 -0.177269
      vertex 55.0614 9 -0.0738707
      vertex 58.9386 9 -0.0738707
    endloop
  endfacet
  facet normal 2.37123e-07 0.156434 0.987688
    outer loop
      vertex 56.1266 10.5 -0.311447
      vertex 55.0614 9 -0.0738707
      vertex 56.9525 9.65283 -0.177269
    endloop
  endfacet
  facet normal -0.951055 -0.309022 0
    outer loop
      vertex -13.346 -9.72394 -14
      vertex -13.9261 -7.93861 -6
      vertex -13.9261 -7.93861 -14
    endloop
  endfacet
  facet normal -0.951055 -0.309022 0
    outer loop
      vertex -13.9261 -7.93861 -6
      vertex -13.346 -9.72394 -14
      vertex -13.346 -9.72394 -6
    endloop
  endfacet
  facet normal -0.951055 0 0.309022
    outer loop
      vertex -13.9261 -7 -5.06139
      vertex -13.346 7 -3.27606
      vertex -13.9261 7 -5.06139
    endloop
  endfacet
  facet normal -0.951055 0 0.309022
    outer loop
      vertex -13.346 7 -3.27606
      vertex -13.9261 -7 -5.06139
      vertex -13.346 -7 -3.27606
    endloop
  endfacet
  facet normal 0 0.707107 -0.707107
    outer loop
      vertex 55.0896 13.7943 -17.4833
      vertex 55.0614 13.748 -17.5296
      vertex 55.0614 13.7943 -17.4833
    endloop
  endfacet
  facet normal 0 0.707107 -0.707107
    outer loop
      vertex 55.0614 12.5296 -18.748
      vertex 55.0896 12.4833 -18.7943
      vertex 55.0614 12.4833 -18.7943
    endloop
  endfacet
  facet normal -0.949917 0.278451 -0.141853
    outer loop
      vertex -13.9261 7.89267 -14.29
      vertex -13.346 9.20372 -15.6011
      vertex -13.9261 7.75935 -14.5517
    endloop
  endfacet
  facet normal -0.805534 0.0926961 0.585254
    outer loop
      vertex -12.2426 8.31105 -1.96501
      vertex -13.346 7.84174 -3.40938
      vertex -13.346 7 -3.27606
    endloop
  endfacet
  facet normal 0 -0.454286 -0.890856
    outer loop
      vertex 55.0614 -12.4833 -18.7943
      vertex 55.0896 -12.3425 -18.8661
      vertex 55.0896 -12.4833 -18.7943
    endloop
  endfacet
  facet normal -0.00199977 -0.453967 -0.891016
    outer loop
      vertex 55.0896 -12.3425 -18.8661
      vertex 55.0614 -12.4833 -18.7943
      vertex 55.0896 -12.2793 -18.8983
    endloop
  endfacet
  facet normal 0 -0.455476 -0.890248
    outer loop
      vertex 55.911 -10.8657 -19.6185
      vertex 55.0614 -10.8313 -19.6361
      vertex 55.9651 -10.8313 -19.6361
    endloop
  endfacet
  facet normal 7.88456e-05 -0.453932 -0.891036
    outer loop
      vertex 55.4662 -11.5 -19.2954
      vertex 55.0614 -10.8313 -19.6361
      vertex 55.911 -10.8657 -19.6185
    endloop
  endfacet
  facet normal -0.0001156 -0.454025 -0.890989
    outer loop
      vertex 55.1478 -12.1589 -18.9596
      vertex 55.0614 -10.8313 -19.6361
      vertex 55.4662 -11.5 -19.2954
    endloop
  endfacet
  facet normal 0.000698426 -0.453983 -0.89101
    outer loop
      vertex 55.0896 -12.2793 -18.8983
      vertex 55.0614 -10.8313 -19.6361
      vertex 55.1478 -12.1589 -18.9596
    endloop
  endfacet
  facet normal -0.00154535 -0.454017 -0.890992
    outer loop
      vertex 55.0614 -10.8313 -19.6361
      vertex 55.0896 -12.2793 -18.8983
      vertex 55.0614 -12.4833 -18.7943
    endloop
  endfacet
  facet normal 0.588429 0 -0.808549
    outer loop
      vertex 62.1493 -7.51896 -18.3105
      vertex 62.2426 7.46247 -18.2426
      vertex 62.2426 -7.46247 -18.2426
    endloop
  endfacet
  facet normal 0.588429 0 -0.808549
    outer loop
      vertex 62.1493 -7.51896 -18.3105
      vertex 62.1493 7.51896 -18.3105
      vertex 62.2426 7.46247 -18.2426
    endloop
  endfacet
  facet normal 0.587744 0 -0.809047
    outer loop
      vertex 60.9893 -8.34783 -19.1532
      vertex 62.1493 7.51896 -18.3105
      vertex 62.1493 -7.51896 -18.3105
    endloop
  endfacet
  facet normal 0.587744 0 -0.809047
    outer loop
      vertex 60.9893 -8.34783 -19.1532
      vertex 60.9893 8.34783 -19.1532
      vertex 62.1493 7.51896 -18.3105
    endloop
  endfacet
  facet normal 0.587737 0 -0.809052
    outer loop
      vertex 60.7239 -8.70419 -19.346
      vertex 60.9893 8.34783 -19.1532
      vertex 60.9893 -8.34783 -19.1532
    endloop
  endfacet
  facet normal 0.587737 0 -0.809052
    outer loop
      vertex 60.9893 8.34783 -19.1532
      vertex 60.7239 -8.70419 -19.346
      vertex 60.7239 8.70419 -19.346
    endloop
  endfacet
  facet normal -0.949918 -0.308652 -0.0488885
    outer loop
      vertex -13.9261 -7.89267 -14.29
      vertex -13.346 -9.59062 -14.8417
      vertex -13.346 -9.72394 -14
    endloop
  endfacet
  facet normal -0.805533 -0.269011 0.527968
    outer loop
      vertex -13.346 -7.84175 -3.40938
      vertex -13.346 -8.60109 -3.79628
      vertex -12.2426 -9.49376 -2.56763
    endloop
  endfacet
  facet normal -0.80901 -0.587795 0
    outer loop
      vertex -12.2426 -11.2426 -14
      vertex -13.346 -9.72394 -6
      vertex -13.346 -9.72394 -14
    endloop
  endfacet
  facet normal -0.80901 -0.587795 0
    outer loop
      vertex -13.346 -9.72394 -6
      vertex -12.2426 -11.2426 -14
      vertex -12.2426 -11.2426 -6
    endloop
  endfacet
  facet normal -0.80901 0.587795 0
    outer loop
      vertex -13.346 9.72394 -14
      vertex -12.2426 11.2426 -6
      vertex -12.2426 11.2426 -14
    endloop
  endfacet
  facet normal -0.80901 0.587795 0
    outer loop
      vertex -12.2426 11.2426 -6
      vertex -13.346 9.72394 -14
      vertex -13.346 9.72394 -6
    endloop
  endfacet
  facet normal -0.0312347 0.999512 0
    outer loop
      vertex 55.0614 14.9261 -14
      vertex -8.93861 12.9261 -6
      vertex 55.0614 14.9261 -6
    endloop
  endfacet
  facet normal -0.0312347 0.999512 0
    outer loop
      vertex -8.93861 12.9261 -6
      vertex 55.0614 14.9261 -14
      vertex -8.93861 12.9261 -14
    endloop
  endfacet
  facet normal -0.949916 0.141873 -0.278447
    outer loop
      vertex -13.346 8.60109 -16.2037
      vertex -13.346 7.84174 -16.5906
      vertex -13.9261 7.29004 -14.8927
    endloop
  endfacet
  facet normal -0.949918 0.22097 0.22097
    outer loop
      vertex -13.9261 7.75935 -5.4483
      vertex -13.346 8.60109 -3.79628
      vertex -13.346 9.20372 -4.39891
    endloop
  endfacet
  facet normal -0.949918 0.22097 0.22097
    outer loop
      vertex -13.346 8.60109 -3.79628
      vertex -13.9261 7.75935 -5.4483
      vertex -13.9261 7.5517 -5.24065
    endloop
  endfacet
  facet normal -0.583015 0.368853 0.723906
    outer loop
      vertex -10.7239 10.1423 -1.67496
      vertex -12.2426 9.49376 -2.56763
      vertex -10.7239 8.65202 -0.915615
    endloop
  endfacet
  facet normal -0.587785 0 0.809017
    outer loop
      vertex -12.2426 7 -1.75736
      vertex -10.7239 -7 -0.653961
      vertex -10.7239 7 -0.653961
    endloop
  endfacet
  facet normal -0.587785 0 0.809017
    outer loop
      vertex -10.7239 -7 -0.653961
      vertex -12.2426 7 -1.75736
      vertex -12.2426 -7 -1.75736
    endloop
  endfacet
  facet normal -0.305582 -0.940447 -0.148927
    outer loop
      vertex -10.7239 -12.346 -14
      vertex -8.93861 -12.6361 -15.8313
      vertex -8.93861 -12.9261 -14
    endloop
  endfacet
  facet normal 0.309011 -7.33097e-05 0.951058
    outer loop
      vertex 58.9386 9 -0.0738707
      vertex 60.7239 8.70419 -0.653961
      vertex 60.1906 9 -0.480662
    endloop
  endfacet
  facet normal 0.309022 0 0.951055
    outer loop
      vertex 60.7239 8.70419 -0.653961
      vertex 58.9386 9 -0.0738707
      vertex 60.7239 -8.70419 -0.653961
    endloop
  endfacet
  facet normal 0.309022 -0 0.951055
    outer loop
      vertex 58.9386 -9 -0.0738707
      vertex 60.7239 -8.70419 -0.653961
      vertex 58.9386 9 -0.0738707
    endloop
  endfacet
  facet normal 0.309011 7.33097e-05 0.951058
    outer loop
      vertex 60.7239 -8.70419 -0.653961
      vertex 58.9386 -9 -0.0738707
      vertex 60.1906 -9 -0.480662
    endloop
  endfacet
  facet normal -0 0 1
    outer loop
      vertex 55.0614 9 -0.0738707
      vertex 58.9386 -9 -0.0738707
      vertex 58.9386 9 -0.0738707
    endloop
  endfacet
  facet normal 0 0 1
    outer loop
      vertex 55.0614 9 -0.0738707
      vertex 55.0614 -9 -0.0738707
      vertex 58.9386 -9 -0.0738707
    endloop
  endfacet
  facet normal 0 0 1
    outer loop
      vertex 55.0614 9 -0.0738707
      vertex 4.5 0 -0.0738707
      vertex 55.0614 -9 -0.0738707
    endloop
  endfacet
  facet normal 0 0 1
    outer loop
      vertex 55.0614 9 -0.0738707
      vertex 4.4615 0.587367 -0.0738707
      vertex 4.5 0 -0.0738707
    endloop
  endfacet
  facet normal 0 0 1
    outer loop
      vertex 55.0614 9 -0.0738707
      vertex 4.34667 1.16469 -0.0738707
      vertex 4.4615 0.587367 -0.0738707
    endloop
  endfacet
  facet normal 0 0 1
    outer loop
      vertex 55.0614 9 -0.0738707
      vertex 4.15746 1.72207 -0.0738707
      vertex 4.34667 1.16469 -0.0738707
    endloop
  endfacet
  facet normal 0 0 1
    outer loop
      vertex 55.0614 9 -0.0738707
      vertex 3.89711 2.25 -0.0738707
      vertex 4.15746 1.72207 -0.0738707
    endloop
  endfacet
  facet normal 0 0 1
    outer loop
      vertex 55.0614 9 -0.0738707
      vertex 3.57009 2.73943 -0.0738707
      vertex 3.89711 2.25 -0.0738707
    endloop
  endfacet
  facet normal 0 0 1
    outer loop
      vertex 55.0614 9 -0.0738707
      vertex 3.18198 3.18198 -0.0738707
      vertex 3.57009 2.73943 -0.0738707
    endloop
  endfacet
  facet normal 0 0 1
    outer loop
      vertex 55.0614 9 -0.0738707
      vertex 2.73943 3.57009 -0.0738707
      vertex 3.18198 3.18198 -0.0738707
    endloop
  endfacet
  facet normal 0 0 1
    outer loop
      vertex 55.0614 9 -0.0738707
      vertex 2.25 3.89711 -0.0738707
      vertex 2.73943 3.57009 -0.0738707
    endloop
  endfacet
  facet normal 0 0 1
    outer loop
      vertex 55.0614 9 -0.0738707
      vertex 1.72207 4.15746 -0.0738707
      vertex 2.25 3.89711 -0.0738707
    endloop
  endfacet
  facet normal 0 0 1
    outer loop
      vertex 55.0614 9 -0.0738707
      vertex 1.16469 4.34667 -0.0738707
      vertex 1.72207 4.15746 -0.0738707
    endloop
  endfacet
  facet normal 0 0 1
    outer loop
      vertex 55.0614 9 -0.0738707
      vertex 0.587367 4.4615 -0.0738707
      vertex 1.16469 4.34667 -0.0738707
    endloop
  endfacet
  facet normal -0 0 1
    outer loop
      vertex -8.93861 7 -0.0738707
      vertex 0.587367 4.4615 -0.0738707
      vertex 55.0614 9 -0.0738707
    endloop
  endfacet
  facet normal 0 0 1
    outer loop
      vertex 0.587367 4.4615 -0.0738707
      vertex -8.93861 7 -0.0738707
      vertex 0 4.5 -0.0738707
    endloop
  endfacet
  facet normal 0 0 1
    outer loop
      vertex -4.4615 0.587367 -0.0738707
      vertex -8.93861 7 -0.0738707
      vertex -4.5 0 -0.0738707
    endloop
  endfacet
  facet normal 0 0 1
    outer loop
      vertex -4.34667 1.16469 -0.0738707
      vertex -8.93861 7 -0.0738707
      vertex -4.4615 0.587367 -0.0738707
    endloop
  endfacet
  facet normal 0 0 1
    outer loop
      vertex -4.15746 1.72207 -0.0738707
      vertex -8.93861 7 -0.0738707
      vertex -4.34667 1.16469 -0.0738707
    endloop
  endfacet
  facet normal 0 0 1
    outer loop
      vertex -3.89711 2.25 -0.0738707
      vertex -8.93861 7 -0.0738707
      vertex -4.15746 1.72207 -0.0738707
    endloop
  endfacet
  facet normal 0 0 1
    outer loop
      vertex -3.57009 2.73943 -0.0738707
      vertex -8.93861 7 -0.0738707
      vertex -3.89711 2.25 -0.0738707
    endloop
  endfacet
  facet normal 0 0 1
    outer loop
      vertex -3.18198 3.18198 -0.0738707
      vertex -8.93861 7 -0.0738707
      vertex -3.57009 2.73943 -0.0738707
    endloop
  endfacet
  facet normal 0 0 1
    outer loop
      vertex -2.73943 3.57009 -0.0738707
      vertex -8.93861 7 -0.0738707
      vertex -3.18198 3.18198 -0.0738707
    endloop
  endfacet
  facet normal 0 0 1
    outer loop
      vertex -2.25 3.89711 -0.0738707
      vertex -8.93861 7 -0.0738707
      vertex -2.73943 3.57009 -0.0738707
    endloop
  endfacet
  facet normal 0 0 1
    outer loop
      vertex -1.72207 4.15746 -0.0738707
      vertex -8.93861 7 -0.0738707
      vertex -2.25 3.89711 -0.0738707
    endloop
  endfacet
  facet normal 0 0 1
    outer loop
      vertex -1.16469 4.34667 -0.0738707
      vertex -8.93861 7 -0.0738707
      vertex -1.72207 4.15746 -0.0738707
    endloop
  endfacet
  facet normal 0 0 1
    outer loop
      vertex -0.587367 4.4615 -0.0738707
      vertex -8.93861 7 -0.0738707
      vertex -1.16469 4.34667 -0.0738707
    endloop
  endfacet
  facet normal 0 0 1
    outer loop
      vertex 0 4.5 -0.0738707
      vertex -8.93861 7 -0.0738707
      vertex -0.587367 4.4615 -0.0738707
    endloop
  endfacet
  facet normal -0 0 1
    outer loop
      vertex 4.4615 -0.587367 -0.0738707
      vertex 55.0614 -9 -0.0738707
      vertex 4.5 0 -0.0738707
    endloop
  endfacet
  facet normal -0 0 1
    outer loop
      vertex 4.34667 -1.16469 -0.0738707
      vertex 55.0614 -9 -0.0738707
      vertex 4.4615 -0.587367 -0.0738707
    endloop
  endfacet
  facet normal -0 0 1
    outer loop
      vertex 4.15746 -1.72207 -0.0738707
      vertex 55.0614 -9 -0.0738707
      vertex 4.34667 -1.16469 -0.0738707
    endloop
  endfacet
  facet normal -0 0 1
    outer loop
      vertex 3.89711 -2.25 -0.0738707
      vertex 55.0614 -9 -0.0738707
      vertex 4.15746 -1.72207 -0.0738707
    endloop
  endfacet
  facet normal -0 0 1
    outer loop
      vertex 3.57009 -2.73943 -0.0738707
      vertex 55.0614 -9 -0.0738707
      vertex 3.89711 -2.25 -0.0738707
    endloop
  endfacet
  facet normal -0 0 1
    outer loop
      vertex 3.18198 -3.18198 -0.0738707
      vertex 55.0614 -9 -0.0738707
      vertex 3.57009 -2.73943 -0.0738707
    endloop
  endfacet
  facet normal -0 0 1
    outer loop
      vertex 2.73943 -3.57009 -0.0738707
      vertex 55.0614 -9 -0.0738707
      vertex 3.18198 -3.18198 -0.0738707
    endloop
  endfacet
  facet normal -0 0 1
    outer loop
      vertex 2.25 -3.89711 -0.0738707
      vertex 55.0614 -9 -0.0738707
      vertex 2.73943 -3.57009 -0.0738707
    endloop
  endfacet
  facet normal -0 0 1
    outer loop
      vertex 1.72207 -4.15746 -0.0738707
      vertex 55.0614 -9 -0.0738707
      vertex 2.25 -3.89711 -0.0738707
    endloop
  endfacet
  facet normal -0 0 1
    outer loop
      vertex 1.16469 -4.34667 -0.0738707
      vertex 55.0614 -9 -0.0738707
      vertex 1.72207 -4.15746 -0.0738707
    endloop
  endfacet
  facet normal -0 0 1
    outer loop
      vertex 0.587367 -4.4615 -0.0738707
      vertex 55.0614 -9 -0.0738707
      vertex 1.16469 -4.34667 -0.0738707
    endloop
  endfacet
  facet normal 0 0 1
    outer loop
      vertex -8.93861 -7 -0.0738707
      vertex 0.587367 -4.4615 -0.0738707
      vertex 0 -4.5 -0.0738707
    endloop
  endfacet
  facet normal 0 0 1
    outer loop
      vertex -8.93861 -7 -0.0738707
      vertex 0 -4.5 -0.0738707
      vertex -0.587367 -4.4615 -0.0738707
    endloop
  endfacet
  facet normal 0 0 1
    outer loop
      vertex -8.93861 -7 -0.0738707
      vertex -4.5 0 -0.0738707
      vertex -8.93861 7 -0.0738707
    endloop
  endfacet
  facet normal 0 0 1
    outer loop
      vertex -4.5 0 -0.0738707
      vertex -8.93861 -7 -0.0738707
      vertex -4.4615 -0.587367 -0.0738707
    endloop
  endfacet
  facet normal 0 0 1
    outer loop
      vertex -4.4615 -0.587367 -0.0738707
      vertex -8.93861 -7 -0.0738707
      vertex -4.34667 -1.16469 -0.0738707
    endloop
  endfacet
  facet normal 0 0 1
    outer loop
      vertex -4.34667 -1.16469 -0.0738707
      vertex -8.93861 -7 -0.0738707
      vertex -4.15746 -1.72207 -0.0738707
    endloop
  endfacet
  facet normal 0 0 1
    outer loop
      vertex 0.587367 -4.4615 -0.0738707
      vertex -8.93861 -7 -0.0738707
      vertex 55.0614 -9 -0.0738707
    endloop
  endfacet
  facet normal 0 0 1
    outer loop
      vertex -1.16469 -4.34667 -0.0738707
      vertex -8.93861 -7 -0.0738707
      vertex -0.587367 -4.4615 -0.0738707
    endloop
  endfacet
  facet normal 0 0 1
    outer loop
      vertex -1.72207 -4.15746 -0.0738707
      vertex -8.93861 -7 -0.0738707
      vertex -1.16469 -4.34667 -0.0738707
    endloop
  endfacet
  facet normal 0 0 1
    outer loop
      vertex -2.25 -3.89711 -0.0738707
      vertex -8.93861 -7 -0.0738707
      vertex -1.72207 -4.15746 -0.0738707
    endloop
  endfacet
  facet normal 0 0 1
    outer loop
      vertex -2.73943 -3.57009 -0.0738707
      vertex -8.93861 -7 -0.0738707
      vertex -2.25 -3.89711 -0.0738707
    endloop
  endfacet
  facet normal 0 0 1
    outer loop
      vertex -3.18198 -3.18198 -0.0738707
      vertex -8.93861 -7 -0.0738707
      vertex -2.73943 -3.57009 -0.0738707
    endloop
  endfacet
  facet normal 0 0 1
    outer loop
      vertex -3.57009 -2.73943 -0.0738707
      vertex -8.93861 -7 -0.0738707
      vertex -3.18198 -3.18198 -0.0738707
    endloop
  endfacet
  facet normal 0 0 1
    outer loop
      vertex -3.89711 -2.25 -0.0738707
      vertex -8.93861 -7 -0.0738707
      vertex -3.57009 -2.73943 -0.0738707
    endloop
  endfacet
  facet normal 0 0 1
    outer loop
      vertex -4.15746 -1.72207 -0.0738707
      vertex -8.93861 -7 -0.0738707
      vertex -3.89711 -2.25 -0.0738707
    endloop
  endfacet
  facet normal 0 -0.156435 0.987688
    outer loop
      vertex 58.9386 -9 -0.0738707
      vertex 56.9525 -9.65283 -0.177269
      vertex 58.9386 -9.65283 -0.177269
    endloop
  endfacet
  facet normal 0 -0.156435 0.987688
    outer loop
      vertex 55.0614 -9 -0.0738707
      vertex 56.9525 -9.65283 -0.177269
      vertex 58.9386 -9 -0.0738707
    endloop
  endfacet
  facet normal 2.37123e-07 -0.156434 0.987688
    outer loop
      vertex 55.0614 -9 -0.0738707
      vertex 56.1266 -10.5 -0.311447
      vertex 56.9525 -9.65283 -0.177269
    endloop
  endfacet
  facet normal 3.55855e-06 -0.156432 0.987689
    outer loop
      vertex 55.0614 -10.8313 -0.363915
      vertex 56.1266 -10.5 -0.311447
      vertex 55.0614 -9 -0.0738707
    endloop
  endfacet
  facet normal 0 -0.156421 0.987691
    outer loop
      vertex 56.1266 -10.5 -0.311447
      vertex 55.0614 -10.8313 -0.363915
      vertex 55.9651 -10.8313 -0.363915
    endloop
  endfacet
  facet normal -0.583018 -0.127096 0.802456
    outer loop
      vertex -10.7239 -7 -0.653961
      vertex -12.2426 -7 -1.75736
      vertex -10.7239 -8.65202 -0.915615
    endloop
  endfacet
  facet normal 0 0.890804 0.454388
    outer loop
      vertex 55.0896 13.8661 -2.65747
      vertex 55.0614 13.7943 -2.51671
      vertex 55.0896 13.7943 -2.51671
    endloop
  endfacet
  facet normal -0.00550975 0.891237 0.453505
    outer loop
      vertex 55.0896 13.8983 -2.72075
      vertex 55.0614 13.7943 -2.51671
      vertex 55.0896 13.8661 -2.65747
    endloop
  endfacet
  facet normal -0.000941123 0.890994 0.454013
    outer loop
      vertex 55.0896 13.8983 -2.72075
      vertex 55.0614 14.6361 -4.16873
      vertex 55.0614 13.7943 -2.51671
    endloop
  endfacet
  facet normal 0.000410954 0.891005 0.453993
    outer loop
      vertex 55.1478 13.9596 -2.84111
      vertex 55.0614 14.6361 -4.16873
      vertex 55.0896 13.8983 -2.72075
    endloop
  endfacet
  facet normal -0.000140642 0.890991 0.454021
    outer loop
      vertex 55.4662 14.2954 -3.5
      vertex 55.0614 14.6361 -4.16873
      vertex 55.1478 13.9596 -2.84111
    endloop
  endfacet
  facet normal 4.13507e-05 0.891035 0.453934
    outer loop
      vertex 55.911 14.6185 -4.13426
      vertex 55.0614 14.6361 -4.16873
      vertex 55.4662 14.2954 -3.5
    endloop
  endfacet
  facet normal -0 0.890623 0.454742
    outer loop
      vertex 55.0614 14.6361 -4.16873
      vertex 55.911 14.6185 -4.13426
      vertex 55.9651 14.6361 -4.16873
    endloop
  endfacet
  facet normal -0.583014 -0.574488 0.574507
    outer loop
      vertex -12.2426 -10.4324 -3.50624
      vertex -10.7239 -10.1423 -1.67496
      vertex -12.2426 -9.49376 -2.56763
    endloop
  endfacet
  facet normal -0.583001 -0.574509 0.574499
    outer loop
      vertex -10.7239 -10.1423 -1.67496
      vertex -12.2426 -10.4324 -3.50624
      vertex -10.7239 -11.325 -2.85768
    endloop
  endfacet
  facet normal -0.949918 -0.0488858 0.308653
    outer loop
      vertex -13.346 -7 -3.27606
      vertex -13.9261 -7.29005 -5.10733
      vertex -13.346 -7.84175 -3.40938
    endloop
  endfacet
  facet normal -0.949918 0.14187 0.27844
    outer loop
      vertex -13.346 8.60109 -3.79628
      vertex -13.9261 7.5517 -5.24065
      vertex -13.9261 7.29004 -5.10733
    endloop
  endfacet
  facet normal -0.805536 -0.585251 0.0926957
    outer loop
      vertex -13.346 -9.59062 -5.15826
      vertex -13.346 -9.72394 -6
      vertex -12.2426 -11.035 -4.68895
    endloop
  endfacet
  facet normal -0.805537 -0.527966 0.269003
    outer loop
      vertex -12.2426 -10.4324 -3.50624
      vertex -13.346 -9.59062 -5.15826
      vertex -12.2426 -11.035 -4.68895
    endloop
  endfacet
  facet normal -0.0278327 -0.890647 -0.453842
    outer loop
      vertex -8.93861 -11.7943 -17.4833
      vertex 55.0614 -14.6361 -15.8313
      vertex -8.93861 -12.6361 -15.8313
    endloop
  endfacet
  facet normal -0.0278327 -0.890647 -0.453842
    outer loop
      vertex 55.0614 -14.6361 -15.8313
      vertex -8.93861 -11.7943 -17.4833
      vertex 55.0614 -13.7943 -17.4833
    endloop
  endfacet
  facet normal -0.305582 -0.940446 0.148929
    outer loop
      vertex -10.7239 -12.346 -6
      vertex -8.93861 -12.9261 -6
      vertex -8.93861 -12.6361 -4.16873
    endloop
  endfacet
  facet normal -0.805534 0.0926952 0.585255
    outer loop
      vertex -12.2426 8.31105 -1.96501
      vertex -13.346 7 -3.27606
      vertex -12.2426 7 -1.75736
    endloop
  endfacet
  facet normal -0.805539 -0.269001 -0.527963
    outer loop
      vertex -13.346 -7.84175 -16.5906
      vertex -12.2426 -8.31105 -18.035
      vertex -12.2426 -9.49376 -17.4324
    endloop
  endfacet
  facet normal 0.305573 0.148897 -0.940455
    outer loop
      vertex 58.9386 9 -19.9261
      vertex 59.2074 9.41599 -19.7729
      vertex 60.1906 9 -19.5193
    endloop
  endfacet
  facet normal 0.306954 0.147897 -0.940163
    outer loop
      vertex 58.9386 9 -19.9261
      vertex 59.1924 9.42233 -19.7768
      vertex 59.2074 9.41599 -19.7729
    endloop
  endfacet
  facet normal 0.305243 0.149058 -0.940536
    outer loop
      vertex 58.9386 9 -19.9261
      vertex 59.0475 9.54112 -19.805
      vertex 59.1924 9.42233 -19.7768
    endloop
  endfacet
  facet normal 0.305645 0.148951 -0.940422
    outer loop
      vertex 59.0475 9.54112 -19.805
      vertex 58.9386 9 -19.9261
      vertex 58.9386 9.65283 -19.8227
    endloop
  endfacet
  facet normal 0 0.156437 -0.987688
    outer loop
      vertex 58.9386 9 -19.9261
      vertex 56.9525 9.65283 -19.8227
      vertex 58.9386 9.65283 -19.8227
    endloop
  endfacet
  facet normal 0 0.156437 -0.987688
    outer loop
      vertex 55.0614 9 -19.9261
      vertex 56.9525 9.65283 -19.8227
      vertex 58.9386 9 -19.9261
    endloop
  endfacet
  facet normal 2.43897e-05 0.156368 -0.987699
    outer loop
      vertex 55.0614 9 -19.9261
      vertex 56.1266 10.5 -19.6886
      vertex 56.9525 9.65283 -19.8227
    endloop
  endfacet
  facet normal -3.35442e-05 0.156408 -0.987692
    outer loop
      vertex 55.0614 10.8313 -19.6361
      vertex 56.1266 10.5 -19.6886
      vertex 55.0614 9 -19.9261
    endloop
  endfacet
  facet normal 0 0.156514 -0.987676
    outer loop
      vertex 56.1266 10.5 -19.6886
      vertex 55.0614 10.8313 -19.6361
      vertex 55.9651 10.8313 -19.6361
    endloop
  endfacet
  facet normal -0.949918 0.27844 0.14187
    outer loop
      vertex -13.346 9.59062 -5.15826
      vertex -13.9261 7.89267 -5.70996
      vertex -13.346 9.20372 -4.39891
    endloop
  endfacet
  facet normal -0.0312347 -0.999512 0
    outer loop
      vertex -8.93861 -12.9261 -14
      vertex 55.0614 -14.9261 -6
      vertex -8.93861 -12.9261 -6
    endloop
  endfacet
  facet normal -0.0312347 -0.999512 -0
    outer loop
      vertex 55.0614 -14.9261 -6
      vertex -8.93861 -12.9261 -14
      vertex 55.0614 -14.9261 -14
    endloop
  endfacet
  facet normal -0.309029 -0.951053 0
    outer loop
      vertex -10.7239 -12.346 -14
      vertex -8.93861 -12.9261 -6
      vertex -10.7239 -12.346 -6
    endloop
  endfacet
  facet normal -0.309029 -0.951053 -0
    outer loop
      vertex -8.93861 -12.9261 -6
      vertex -10.7239 -12.346 -14
      vertex -8.93861 -12.9261 -14
    endloop
  endfacet
  facet normal -0.949915 0.0488806 -0.308663
    outer loop
      vertex -13.346 7.84174 -16.5906
      vertex -13.346 7 -16.7239
      vertex -13.9261 7.29004 -14.8927
    endloop
  endfacet
  facet normal -0.0308507 0.987222 -0.156334
    outer loop
      vertex 55.0614 14.6361 -15.8313
      vertex -8.93861 12.9261 -14
      vertex 55.0614 14.9261 -14
    endloop
  endfacet
  facet normal -0.0308507 0.987222 -0.156334
    outer loop
      vertex -8.93861 12.9261 -14
      vertex 55.0614 14.6361 -15.8313
      vertex -8.93861 12.6361 -15.8313
    endloop
  endfacet
  facet normal -0.00199977 0.453967 -0.891016
    outer loop
      vertex 55.0614 12.4833 -18.7943
      vertex 55.0896 12.3425 -18.8661
      vertex 55.0896 12.2793 -18.8983
    endloop
  endfacet
  facet normal 0 0.455476 -0.890248
    outer loop
      vertex 55.0614 10.8313 -19.6361
      vertex 55.911 10.8657 -19.6185
      vertex 55.9651 10.8313 -19.6361
    endloop
  endfacet
  facet normal 7.88456e-05 0.453932 -0.891036
    outer loop
      vertex 55.0614 10.8313 -19.6361
      vertex 55.4662 11.5 -19.2954
      vertex 55.911 10.8657 -19.6185
    endloop
  endfacet
  facet normal -0.0001156 0.454025 -0.890989
    outer loop
      vertex 55.0614 10.8313 -19.6361
      vertex 55.1478 12.1589 -18.9596
      vertex 55.4662 11.5 -19.2954
    endloop
  endfacet
  facet normal 0.000698426 0.453983 -0.89101
    outer loop
      vertex 55.0614 10.8313 -19.6361
      vertex 55.0896 12.2793 -18.8983
      vertex 55.1478 12.1589 -18.9596
    endloop
  endfacet
  facet normal -0.00154535 0.454017 -0.890992
    outer loop
      vertex 55.0614 12.4833 -18.7943
      vertex 55.0896 12.2793 -18.8983
      vertex 55.0614 10.8313 -19.6361
    endloop
  endfacet
  facet normal 0 0.454286 -0.890856
    outer loop
      vertex 55.0896 12.3425 -18.8661
      vertex 55.0614 12.4833 -18.7943
      vertex 55.0896 12.4833 -18.7943
    endloop
  endfacet
  facet normal -0 -0.987692 -0.156408
    outer loop
      vertex 55.9651 -14.6361 -15.8313
      vertex 55.0614 -14.9261 -14
      vertex 55.0614 -14.6361 -15.8313
    endloop
  endfacet
  facet normal 0 -0.987692 -0.156408
    outer loop
      vertex 55.0614 -14.9261 -14
      vertex 55.9651 -14.6361 -15.8313
      vertex 56.8577 -14.9261 -14
    endloop
  endfacet
  facet normal 0 -0.156437 -0.987688
    outer loop
      vertex 56.9525 -9.65283 -19.8227
      vertex 58.9386 -9 -19.9261
      vertex 58.9386 -9.65283 -19.8227
    endloop
  endfacet
  facet normal 0 -0.156514 -0.987676
    outer loop
      vertex 55.0614 -10.8313 -19.6361
      vertex 56.1266 -10.5 -19.6886
      vertex 55.9651 -10.8313 -19.6361
    endloop
  endfacet
  facet normal -3.35442e-05 -0.156408 -0.987692
    outer loop
      vertex 55.0614 -9 -19.9261
      vertex 56.1266 -10.5 -19.6886
      vertex 55.0614 -10.8313 -19.6361
    endloop
  endfacet
  facet normal 0 -0.156437 -0.987688
    outer loop
      vertex 56.9525 -9.65283 -19.8227
      vertex 55.0614 -9 -19.9261
      vertex 58.9386 -9 -19.9261
    endloop
  endfacet
  facet normal 2.43897e-05 -0.156368 -0.987699
    outer loop
      vertex 56.1266 -10.5 -19.6886
      vertex 55.0614 -9 -19.9261
      vertex 56.9525 -9.65283 -19.8227
    endloop
  endfacet
  facet normal -0.80554 0.269001 -0.527962
    outer loop
      vertex -12.2426 9.49376 -17.4324
      vertex -12.2426 8.31105 -18.035
      vertex -13.346 7.84174 -16.5906
    endloop
  endfacet
  facet normal -0.58302 0.802459 0.127071
    outer loop
      vertex -10.7239 12.346 -6
      vertex -12.2426 11.2426 -6
      vertex -10.7239 12.0844 -4.34798
    endloop
  endfacet
  facet normal -0.949918 -0.27844 0.14187
    outer loop
      vertex -13.9261 -7.75935 -5.4483
      vertex -13.9261 -7.89267 -5.70996
      vertex -13.346 -9.20372 -4.39891
    endloop
  endfacet
  facet normal -0.805528 0.585266 0.0926747
    outer loop
      vertex -12.2426 11.2426 -6
      vertex -13.346 9.72394 -6
      vertex -12.2426 11.035 -4.68895
    endloop
  endfacet
  facet normal -0.805536 0.585251 0.0926957
    outer loop
      vertex -12.2426 11.035 -4.68895
      vertex -13.346 9.72394 -6
      vertex -13.346 9.59062 -5.15826
    endloop
  endfacet
  facet normal -0.583018 0.368848 0.723906
    outer loop
      vertex -10.7239 8.65202 -0.915615
      vertex -12.2426 9.49376 -2.56763
      vertex -12.2426 8.31105 -1.96501
    endloop
  endfacet
  facet normal -0.305575 0.432279 0.848386
    outer loop
      vertex -8.93861 8.83127 -0.363915
      vertex -10.7239 10.1423 -1.67496
      vertex -10.7239 8.65202 -0.915615
    endloop
  endfacet
  facet normal -0.305582 -0.432272 0.848387
    outer loop
      vertex -8.93861 -8.83127 -0.363915
      vertex -10.7239 -10.1423 -1.67496
      vertex -8.93861 -10.4833 -1.20566
    endloop
  endfacet
  facet normal 0.809051 0 0.587738
    outer loop
      vertex 63.0283 6.86741 -2.83873
      vertex 63.346 -6.78348 -3.27606
      vertex 63.346 6.78348 -3.27606
    endloop
  endfacet
  facet normal 0.809019 -0 0.587783
    outer loop
      vertex 63.0283 -6.86741 -2.83873
      vertex 63.0283 6.86741 -2.83873
      vertex 62.8792 6.97535 -2.63351
    endloop
  endfacet
  facet normal 0.809039 -0 0.587755
    outer loop
      vertex 62.8792 -6.97535 -2.63351
      vertex 62.8792 6.97535 -2.63351
      vertex 62.305 7.39106 -1.84313
    endloop
  endfacet
  facet normal 0.808638 -0 0.588306
    outer loop
      vertex 62.305 -7.39107 -1.84313
      vertex 62.305 7.39106 -1.84313
      vertex 62.2426 7.46247 -1.75736
    endloop
  endfacet
  facet normal 0.809051 0 0.587738
    outer loop
      vertex 63.0283 6.86741 -2.83873
      vertex 63.0283 -6.86741 -2.83873
      vertex 63.346 -6.78348 -3.27606
    endloop
  endfacet
  facet normal 0.809019 0 0.587783
    outer loop
      vertex 62.8792 6.97535 -2.63351
      vertex 62.8792 -6.97535 -2.63351
      vertex 63.0283 -6.86741 -2.83873
    endloop
  endfacet
  facet normal 0.809039 0 0.587755
    outer loop
      vertex 62.305 7.39106 -1.84313
      vertex 62.305 -7.39107 -1.84313
      vertex 62.8792 -6.97535 -2.63351
    endloop
  endfacet
  facet normal 0.808638 0 0.588306
    outer loop
      vertex 62.305 -7.39107 -1.84313
      vertex 62.2426 7.46247 -1.75736
      vertex 62.2426 -7.46247 -1.75736
    endloop
  endfacet
  facet normal -0.0203039 0.70719 0.706732
    outer loop
      vertex 55.0251 12.5869 -1.31037
      vertex 55.0614 12.4833 -1.20566
      vertex 55.0614 12.5296 -1.25199
    endloop
  endfacet
  facet normal -0.0220891 0.706852 0.707017
    outer loop
      vertex 55.0614 12.4833 -1.20566
      vertex 55.0251 12.5869 -1.31037
      vertex -8.93861 10.4833 -1.20566
    endloop
  endfacet
  facet normal -0.022094 0.706994 0.706875
    outer loop
      vertex 54.9442 12.8335 -1.55954
      vertex -8.93861 10.4833 -1.20566
      vertex 55.0251 12.5869 -1.31037
    endloop
  endfacet
  facet normal -0.0220938 0.706989 0.70688
    outer loop
      vertex 54.9297 12.8775 -1.604
      vertex -8.93861 10.4833 -1.20566
      vertex 54.9442 12.8335 -1.55954
    endloop
  endfacet
  facet normal -0.0220908 0.706921 0.706948
    outer loop
      vertex 54.9297 13.396 -2.12248
      vertex -8.93861 10.4833 -1.20566
      vertex 54.9297 12.8775 -1.604
    endloop
  endfacet
  facet normal -0.0220881 0.706719 0.707149
    outer loop
      vertex -8.93861 11.7943 -2.51671
      vertex 54.9297 13.396 -2.12248
      vertex 54.9442 13.4405 -2.1665
    endloop
  endfacet
  facet normal -0.0220945 0.707032 0.706837
    outer loop
      vertex -8.93861 11.7943 -2.51671
      vertex 54.9442 13.4405 -2.1665
      vertex 55.0251 13.6896 -2.41314
    endloop
  endfacet
  facet normal -0.0233195 0.707143 0.706686
    outer loop
      vertex 55.0614 13.7943 -2.51671
      vertex 55.0251 13.6896 -2.41314
      vertex 55.0614 13.748 -2.47038
    endloop
  endfacet
  facet normal -0.0220922 0.706949 0.706919
    outer loop
      vertex 55.0251 13.6896 -2.41314
      vertex 55.0614 13.7943 -2.51671
      vertex -8.93861 11.7943 -2.51671
    endloop
  endfacet
  facet normal -0.0220925 0.706948 0.706921
    outer loop
      vertex 54.9297 13.396 -2.12248
      vertex -8.93861 11.7943 -2.51671
      vertex -8.93861 10.4833 -1.20566
    endloop
  endfacet
  facet normal -0 0.987692 0.156411
    outer loop
      vertex 55.0614 14.9261 -6
      vertex 55.9651 14.6361 -4.16873
      vertex 56.8577 14.9261 -6
    endloop
  endfacet
  facet normal 0 0.987692 0.156411
    outer loop
      vertex 55.9651 14.6361 -4.16873
      vertex 55.0614 14.9261 -6
      vertex 55.0614 14.6361 -4.16873
    endloop
  endfacet
  facet normal -0.0308507 0.987222 0.156337
    outer loop
      vertex 55.0614 14.9261 -6
      vertex -8.93861 12.6361 -4.16873
      vertex 55.0614 14.6361 -4.16873
    endloop
  endfacet
  facet normal -0.0308507 0.987222 0.156337
    outer loop
      vertex -8.93861 12.6361 -4.16873
      vertex 55.0614 14.9261 -6
      vertex -8.93861 12.9261 -6
    endloop
  endfacet
  facet normal 0 -0.890804 0.454388
    outer loop
      vertex 55.0614 -13.7943 -2.51671
      vertex 55.0896 -13.8661 -2.65747
      vertex 55.0896 -13.7943 -2.51671
    endloop
  endfacet
  facet normal -0.00550975 -0.891237 0.453505
    outer loop
      vertex 55.0614 -13.7943 -2.51671
      vertex 55.0896 -13.8983 -2.72075
      vertex 55.0896 -13.8661 -2.65747
    endloop
  endfacet
  facet normal -0.000941123 -0.890994 0.454013
    outer loop
      vertex 55.0614 -14.6361 -4.16873
      vertex 55.0896 -13.8983 -2.72075
      vertex 55.0614 -13.7943 -2.51671
    endloop
  endfacet
  facet normal 0.000410954 -0.891005 0.453993
    outer loop
      vertex 55.0614 -14.6361 -4.16873
      vertex 55.1478 -13.9596 -2.84111
      vertex 55.0896 -13.8983 -2.72075
    endloop
  endfacet
  facet normal -0.000140642 -0.890991 0.454021
    outer loop
      vertex 55.0614 -14.6361 -4.16873
      vertex 55.4662 -14.2954 -3.5
      vertex 55.1478 -13.9596 -2.84111
    endloop
  endfacet
  facet normal 4.13507e-05 -0.891035 0.453934
    outer loop
      vertex 55.0614 -14.6361 -4.16873
      vertex 55.911 -14.6185 -4.13426
      vertex 55.4662 -14.2954 -3.5
    endloop
  endfacet
  facet normal 0 -0.890623 0.454742
    outer loop
      vertex 55.911 -14.6185 -4.13426
      vertex 55.0614 -14.6361 -4.16873
      vertex 55.9651 -14.6361 -4.16873
    endloop
  endfacet
  facet normal -0.0278328 -0.89065 0.453838
    outer loop
      vertex -8.93861 -12.6361 -4.16873
      vertex 55.0614 -13.7943 -2.51671
      vertex -8.93861 -11.7943 -2.51671
    endloop
  endfacet
  facet normal -0.0278328 -0.89065 0.453838
    outer loop
      vertex 55.0614 -13.7943 -2.51671
      vertex -8.93861 -12.6361 -4.16873
      vertex 55.0614 -14.6361 -4.16873
    endloop
  endfacet
  facet normal -0.0141859 0.453949 0.890915
    outer loop
      vertex -8.93861 10.4833 -1.20566
      vertex 55.0614 10.8313 -0.363915
      vertex 55.0614 12.4833 -1.20566
    endloop
  endfacet
  facet normal -0.0141859 0.453942 0.890918
    outer loop
      vertex 55.0614 10.8313 -0.363915
      vertex -8.93861 10.4833 -1.20566
      vertex -8.93861 8.83127 -0.363915
    endloop
  endfacet
  facet normal -0 0.453884 0.891061
    outer loop
      vertex 55.0614 12.4833 -1.20566
      vertex 55.0896 12.3425 -1.13394
      vertex 55.0896 12.4833 -1.20566
    endloop
  endfacet
  facet normal 0.00334274 0.454413 0.890785
    outer loop
      vertex 55.0896 12.3425 -1.13394
      vertex 55.0614 12.4833 -1.20566
      vertex 55.0896 12.2793 -1.1017
    endloop
  endfacet
  facet normal 0 0.454696 0.890647
    outer loop
      vertex 55.911 10.8657 -0.381477
      vertex 55.0614 10.8313 -0.363915
      vertex 55.9651 10.8313 -0.363915
    endloop
  endfacet
  facet normal 3.61646e-05 0.453987 0.891008
    outer loop
      vertex 55.4662 11.5 -0.704648
      vertex 55.0614 10.8313 -0.363915
      vertex 55.911 10.8657 -0.381477
    endloop
  endfacet
  facet normal 2.16832e-05 0.453994 0.891005
    outer loop
      vertex 55.1478 12.1589 -1.04037
      vertex 55.0614 10.8313 -0.363915
      vertex 55.4662 11.5 -0.704648
    endloop
  endfacet
  facet normal 0.000238575 0.453983 0.89101
    outer loop
      vertex 55.0896 12.2793 -1.1017
      vertex 55.0614 10.8313 -0.363915
      vertex 55.1478 12.1589 -1.04037
    endloop
  endfacet
  facet normal -0.000496125 0.453994 0.891004
    outer loop
      vertex 55.0614 10.8313 -0.363915
      vertex 55.0896 12.2793 -1.1017
      vertex 55.0614 12.4833 -1.20566
    endloop
  endfacet
  facet normal -0.305577 0.148952 0.940445
    outer loop
      vertex -8.93861 8.83127 -0.363915
      vertex -10.7239 7 -0.653961
      vertex -8.93861 7 -0.0738707
    endloop
  endfacet
  facet normal -0.805533 -0.418996 0.418996
    outer loop
      vertex -13.346 -9.20372 -4.39891
      vertex -12.2426 -9.49376 -2.56763
      vertex -13.346 -8.60109 -3.79628
    endloop
  endfacet
  facet normal -0.805537 -0.418987 0.419
    outer loop
      vertex -12.2426 -9.49376 -2.56763
      vertex -13.346 -9.20372 -4.39891
      vertex -12.2426 -10.4324 -3.50624
    endloop
  endfacet
  facet normal -0.949918 0.0488881 0.308653
    outer loop
      vertex -13.346 7 -3.27606
      vertex -13.9261 7.29004 -5.10733
      vertex -13.9261 7 -5.06139
    endloop
  endfacet
  facet normal -0.949918 0.0488863 0.308653
    outer loop
      vertex -13.346 7.84174 -3.40938
      vertex -13.9261 7.29004 -5.10733
      vertex -13.346 7 -3.27606
    endloop
  endfacet
  facet normal -0.949918 0.308653 0.0488881
    outer loop
      vertex -13.346 9.72394 -6
      vertex -13.9261 7.93861 -6
      vertex -13.9261 7.89267 -5.70996
    endloop
  endfacet
  facet normal -0.949918 -0.308653 0.0488881
    outer loop
      vertex -13.9261 -7.93861 -6
      vertex -13.346 -9.72394 -6
      vertex -13.9261 -7.89267 -5.70996
    endloop
  endfacet
  facet normal -0.805538 -0.0926806 -0.585251
    outer loop
      vertex -13.346 -7 -16.7239
      vertex -12.2426 -8.31105 -18.035
      vertex -13.346 -7.84175 -16.5906
    endloop
  endfacet
  facet normal -0.809017 0 0.587785
    outer loop
      vertex -13.346 -7 -3.27606
      vertex -12.2426 7 -1.75736
      vertex -13.346 7 -3.27606
    endloop
  endfacet
  facet normal -0.809017 0 0.587785
    outer loop
      vertex -12.2426 7 -1.75736
      vertex -13.346 -7 -3.27606
      vertex -12.2426 -7 -1.75736
    endloop
  endfacet
  facet normal -0.583018 0.127096 0.802456
    outer loop
      vertex -10.7239 8.65202 -0.915615
      vertex -12.2426 7 -1.75736
      vertex -10.7239 7 -0.653961
    endloop
  endfacet
  facet normal -0.0220907 0.706905 -0.706964
    outer loop
      vertex 5.34801 10.9297 -18.7943
      vertex -6.54849 11.3423 -18.01
      vertex 6.78913 11.7591 -18.01
    endloop
  endfacet
  facet normal -0.0220894 0.706918 -0.70695
    outer loop
      vertex -6.54849 11.3423 -18.01
      vertex 5.34801 10.9297 -18.7943
      vertex -5.15845 10.6014 -18.7943
    endloop
  endfacet
  facet normal -0.022092 0.706934 -0.706934
    outer loop
      vertex 7.30794 10.991 -18.7943
      vertex 54.9297 13.396 -17.8775
      vertex 54.9297 12.8775 -18.396
    endloop
  endfacet
  facet normal -0.0221098 0.707305 -0.706562
    outer loop
      vertex 7.30794 10.991 -18.7943
      vertex 54.9297 12.8775 -18.396
      vertex 54.9442 12.8335 -18.4405
    endloop
  endfacet
  facet normal -0.0220908 0.706894 -0.706974
    outer loop
      vertex 7.30794 10.991 -18.7943
      vertex 54.9442 12.8335 -18.4405
      vertex 55.0251 12.5869 -18.6896
    endloop
  endfacet
  facet normal -0.0214226 0.706945 -0.706945
    outer loop
      vertex 55.0614 12.4833 -18.7943
      vertex 55.0251 12.5869 -18.6896
      vertex 55.0614 12.5296 -18.748
    endloop
  endfacet
  facet normal -0.0220881 0.706818 -0.70705
    outer loop
      vertex 55.0251 12.5869 -18.6896
      vertex 55.0614 12.4833 -18.7943
      vertex 7.30794 10.991 -18.7943
    endloop
  endfacet
  facet normal -0.0220916 0.706928 -0.70694
    outer loop
      vertex 54.9297 13.396 -17.8775
      vertex 7.30794 10.991 -18.7943
      vertex 6.78913 11.7591 -18.01
    endloop
  endfacet
  facet normal -0.0214226 0.706945 -0.706945
    outer loop
      vertex 55.0251 13.6896 -17.5869
      vertex 55.0614 13.7943 -17.4833
      vertex 55.0614 13.748 -17.5296
    endloop
  endfacet
  facet normal -0.0220978 0.707052 -0.706816
    outer loop
      vertex 55.0614 13.7943 -17.4833
      vertex 55.0251 13.6896 -17.5869
      vertex 6.78913 11.7591 -18.01
    endloop
  endfacet
  facet normal -0.022094 0.706975 -0.706894
    outer loop
      vertex 6.78913 11.7591 -18.01
      vertex 55.0251 13.6896 -17.5869
      vertex 54.9442 13.4405 -17.8335
    endloop
  endfacet
  facet normal -0.022078 0.706558 -0.707311
    outer loop
      vertex 6.78913 11.7591 -18.01
      vertex 54.9442 13.4405 -17.8335
      vertex 54.9297 13.396 -17.8775
    endloop
  endfacet
  facet normal -0.0220919 0.70694 -0.706929
    outer loop
      vertex 55.0614 13.7943 -17.4833
      vertex 6.78913 11.7591 -18.01
      vertex -8.93861 11.7943 -17.4833
    endloop
  endfacet
  facet normal -0.0220918 0.70694 -0.706928
    outer loop
      vertex -6.54849 11.3423 -18.01
      vertex -8.93861 11.7943 -17.4833
      vertex 6.78913 11.7591 -18.01
    endloop
  endfacet
  facet normal -0.022104 0.70691 -0.706958
    outer loop
      vertex -7.04891 10.5423 -18.7943
      vertex -8.93861 11.7943 -17.4833
      vertex -6.54849 11.3423 -18.01
    endloop
  endfacet
  facet normal -0.0220718 0.706935 -0.706935
    outer loop
      vertex -8.93861 11.7943 -17.4833
      vertex -7.04891 10.5423 -18.7943
      vertex -8.93861 10.4833 -18.7943
    endloop
  endfacet
  facet normal -0.58302 -0.802459 0.127071
    outer loop
      vertex -12.2426 -11.2426 -6
      vertex -10.7239 -12.346 -6
      vertex -10.7239 -12.0844 -4.34798
    endloop
  endfacet
  facet normal -0.305575 -0.94045 0.148922
    outer loop
      vertex -10.7239 -12.0844 -4.34798
      vertex -10.7239 -12.346 -6
      vertex -8.93861 -12.6361 -4.16873
    endloop
  endfacet
  facet normal -0.305584 -0.848372 -0.4323
    outer loop
      vertex -10.7239 -11.325 -17.1423
      vertex -8.93861 -11.7943 -17.4833
      vertex -8.93861 -12.6361 -15.8313
    endloop
  endfacet
  facet normal -0.305579 -0.940448 -0.148923
    outer loop
      vertex -10.7239 -12.0844 -15.652
      vertex -8.93861 -12.6361 -15.8313
      vertex -10.7239 -12.346 -14
    endloop
  endfacet
  facet normal -0.582986 0.574512 -0.574512
    outer loop
      vertex -10.7239 10.1423 -18.325
      vertex -12.2426 10.4324 -16.4938
      vertex -10.7239 11.325 -17.1423
    endloop
  endfacet
  facet normal -0.582997 0.574494 -0.574518
    outer loop
      vertex -12.2426 10.4324 -16.4938
      vertex -10.7239 10.1423 -18.325
      vertex -12.2426 9.49376 -17.4324
    endloop
  endfacet
  facet normal -0.305583 0.432294 -0.848375
    outer loop
      vertex -8.93861 10.4833 -18.7943
      vertex -8.93861 8.83127 -19.6361
      vertex -10.7239 10.1423 -18.325
    endloop
  endfacet
  facet normal -0.0141867 0.453967 -0.890905
    outer loop
      vertex 7.30794 10.991 -18.7943
      vertex 55.0614 10.8313 -19.6361
      vertex 7.38831 9.34149 -19.6361
    endloop
  endfacet
  facet normal -0.0141867 0.453972 -0.890903
    outer loop
      vertex 55.0614 10.8313 -19.6361
      vertex 7.30794 10.991 -18.7943
      vertex 55.0614 12.4833 -18.7943
    endloop
  endfacet
  facet normal -0.0141863 0.453966 -0.890906
    outer loop
      vertex -8.93861 10.4833 -18.7943
      vertex -7.12643 8.8879 -19.6361
      vertex -8.93861 8.83127 -19.6361
    endloop
  endfacet
  facet normal -0.014174 0.453977 -0.890901
    outer loop
      vertex -7.12643 8.8879 -19.6361
      vertex -8.93861 10.4833 -18.7943
      vertex -7.04891 10.5423 -18.7943
    endloop
  endfacet
  facet normal -0.0141889 0.453918 -0.89093
    outer loop
      vertex -3.96493 9.62826 -19.3092
      vertex 4.0254 9.80835 -19.3447
      vertex 3.32501 9.21451 -19.6361
    endloop
  endfacet
  facet normal -0.0141861 0.453954 -0.890912
    outer loop
      vertex -3.96493 9.62826 -19.3092
      vertex 3.32501 9.21451 -19.6361
      vertex -3.20715 9.01038 -19.6361
    endloop
  endfacet
  facet normal -0.0141902 0.453981 -0.890898
    outer loop
      vertex -5.15845 10.6014 -18.7943
      vertex 4.0254 9.80835 -19.3447
      vertex -3.96493 9.62826 -19.3092
    endloop
  endfacet
  facet normal -0.0141867 0.454011 -0.890883
    outer loop
      vertex 4.0254 9.80835 -19.3447
      vertex -5.15845 10.6014 -18.7943
      vertex 5.34801 10.9297 -18.7943
    endloop
  endfacet
  facet normal 0.309017 6.461e-05 -0.951056
    outer loop
      vertex 58.9386 -9 -19.9261
      vertex 60.7239 -8.70419 -19.346
      vertex 60.1906 -9 -19.5193
    endloop
  endfacet
  facet normal 0.309027 0 -0.951053
    outer loop
      vertex 60.7239 -8.70419 -19.346
      vertex 58.9386 -9 -19.9261
      vertex 60.7239 8.70419 -19.346
    endloop
  endfacet
  facet normal 0.309027 0 -0.951053
    outer loop
      vertex 58.9386 9 -19.9261
      vertex 60.7239 8.70419 -19.346
      vertex 58.9386 -9 -19.9261
    endloop
  endfacet
  facet normal 0.309017 -6.461e-05 -0.951056
    outer loop
      vertex 60.7239 8.70419 -19.346
      vertex 58.9386 9 -19.9261
      vertex 60.1906 9 -19.5193
    endloop
  endfacet
  facet normal -0.951055 0.309022 0
    outer loop
      vertex -13.9261 7.93861 -14
      vertex -13.346 9.72394 -6
      vertex -13.346 9.72394 -14
    endloop
  endfacet
  facet normal -0.951055 0.309022 0
    outer loop
      vertex -13.346 9.72394 -6
      vertex -13.9261 7.93861 -14
      vertex -13.9261 7.93861 -6
    endloop
  endfacet
  facet normal -0.949917 0.308653 -0.0488949
    outer loop
      vertex -13.346 9.72394 -14
      vertex -13.9261 7.89267 -14.29
      vertex -13.9261 7.93861 -14
    endloop
  endfacet
  facet normal -0.58302 0.802459 -0.127071
    outer loop
      vertex -12.2426 11.2426 -14
      vertex -10.7239 12.0844 -15.652
      vertex -12.2426 11.035 -15.311
    endloop
  endfacet
  facet normal -0.305582 0.940447 -0.148927
    outer loop
      vertex -8.93861 12.9261 -14
      vertex -8.93861 12.6361 -15.8313
      vertex -10.7239 12.346 -14
    endloop
  endfacet
  facet normal -0.58302 0.802459 -0.127072
    outer loop
      vertex -10.7239 12.346 -14
      vertex -10.7239 12.0844 -15.652
      vertex -12.2426 11.2426 -14
    endloop
  endfacet
  facet normal -0.805537 0.527966 0.269003
    outer loop
      vertex -12.2426 11.035 -4.68895
      vertex -13.346 9.59062 -5.15826
      vertex -12.2426 10.4324 -3.50624
    endloop
  endfacet
  facet normal -0.583021 0.72391 0.368838
    outer loop
      vertex -10.7239 12.0844 -4.34798
      vertex -12.2426 11.035 -4.68895
      vertex -12.2426 10.4324 -3.50624
    endloop
  endfacet
  facet normal -0.805537 0.418987 0.419
    outer loop
      vertex -13.346 9.20372 -4.39891
      vertex -12.2426 9.49376 -2.56763
      vertex -12.2426 10.4324 -3.50624
    endloop
  endfacet
  facet normal -0.805533 0.418996 0.418996
    outer loop
      vertex -12.2426 9.49376 -2.56763
      vertex -13.346 9.20372 -4.39891
      vertex -13.346 8.60109 -3.79628
    endloop
  endfacet
  facet normal -0.805533 0.269008 0.527969
    outer loop
      vertex -12.2426 9.49376 -2.56763
      vertex -13.346 8.60109 -3.79628
      vertex -13.346 7.84174 -3.40938
    endloop
  endfacet
  facet normal 0.808992 0 -0.58782
    outer loop
      vertex 62.8792 -6.97535 -17.3665
      vertex 62.8792 6.97535 -17.3665
      vertex 63.0283 6.86741 -17.1613
    endloop
  endfacet
  facet normal 0.809096 0 -0.587677
    outer loop
      vertex 63.346 -6.78348 -16.7239
      vertex 63.0283 6.86741 -17.1613
      vertex 63.346 6.78348 -16.7239
    endloop
  endfacet
  facet normal 0.809096 0 -0.587677
    outer loop
      vertex 63.0283 -6.86741 -17.1613
      vertex 63.0283 6.86741 -17.1613
      vertex 63.346 -6.78348 -16.7239
    endloop
  endfacet
  facet normal 0.808992 0 -0.58782
    outer loop
      vertex 62.8792 -6.97535 -17.3665
      vertex 63.0283 6.86741 -17.1613
      vertex 63.0283 -6.86741 -17.1613
    endloop
  endfacet
  facet normal 0.809046 0 -0.587746
    outer loop
      vertex 62.8792 6.97535 -17.3665
      vertex 62.8792 -6.97535 -17.3665
      vertex 62.305 7.39106 -18.1569
    endloop
  endfacet
  facet normal 0.809046 0 -0.587746
    outer loop
      vertex 62.305 -7.39107 -18.1569
      vertex 62.305 7.39106 -18.1569
      vertex 62.8792 -6.97535 -17.3665
    endloop
  endfacet
  facet normal 0.80841 0 -0.58862
    outer loop
      vertex 62.305 7.39106 -18.1569
      vertex 62.305 -7.39107 -18.1569
      vertex 62.2426 7.46247 -18.2426
    endloop
  endfacet
  facet normal 0.80841 0 -0.58862
    outer loop
      vertex 62.2426 7.46247 -18.2426
      vertex 62.305 -7.39107 -18.1569
      vertex 62.2426 -7.46247 -18.2426
    endloop
  endfacet
  facet normal 0.951071 0 -0.308971
    outer loop
      vertex 63.9261 -6.65104 -14.9386
      vertex 63.5552 6.67189 -16.0803
      vertex 63.9261 6.65104 -14.9386
    endloop
  endfacet
  facet normal 0.951071 0 -0.308971
    outer loop
      vertex 63.5552 -6.67189 -16.0803
      vertex 63.5552 6.67189 -16.0803
      vertex 63.9261 -6.65104 -14.9386
    endloop
  endfacet
  facet normal 0.951002 0 -0.309183
    outer loop
      vertex 63.5552 6.67189 -16.0803
      vertex 63.5552 -6.67189 -16.0803
      vertex 63.4761 6.71406 -16.3236
    endloop
  endfacet
  facet normal 0.951002 0 -0.309183
    outer loop
      vertex 63.4761 -6.71407 -16.3236
      vertex 63.4761 6.71406 -16.3236
      vertex 63.5552 -6.67189 -16.0803
    endloop
  endfacet
  facet normal 0.951032 0 -0.309091
    outer loop
      vertex 63.4761 6.71406 -16.3236
      vertex 63.4761 -6.71407 -16.3236
      vertex 63.346 6.78348 -16.7239
    endloop
  endfacet
  facet normal 0.951032 0 -0.309091
    outer loop
      vertex 63.346 6.78348 -16.7239
      vertex 63.4761 -6.71407 -16.3236
      vertex 63.346 -6.78348 -16.7239
    endloop
  endfacet
  facet normal -0.00488851 -0.156432 0.987677
    outer loop
      vertex -8.93861 -8.83127 -0.363915
      vertex 55.0614 -9 -0.0738707
      vertex -8.93861 -7 -0.0738707
    endloop
  endfacet
  facet normal -0.00488851 -0.15643 0.987677
    outer loop
      vertex 55.0614 -9 -0.0738707
      vertex -8.93861 -8.83127 -0.363915
      vertex 55.0614 -10.8313 -0.363915
    endloop
  endfacet
  facet normal -0.0278328 0.89065 0.453838
    outer loop
      vertex 55.0614 14.6361 -4.16873
      vertex -8.93861 11.7943 -2.51671
      vertex 55.0614 13.7943 -2.51671
    endloop
  endfacet
  facet normal -0.0278328 0.89065 0.453838
    outer loop
      vertex -8.93861 11.7943 -2.51671
      vertex 55.0614 14.6361 -4.16873
      vertex -8.93861 12.6361 -4.16873
    endloop
  endfacet
  facet normal -0.583015 -0.368853 0.723906
    outer loop
      vertex -10.7239 -8.65202 -0.915615
      vertex -12.2426 -9.49376 -2.56763
      vertex -10.7239 -10.1423 -1.67496
    endloop
  endfacet
  facet normal -0.305575 -0.432279 0.848386
    outer loop
      vertex -10.7239 -8.65202 -0.915615
      vertex -10.7239 -10.1423 -1.67496
      vertex -8.93861 -8.83127 -0.363915
    endloop
  endfacet
  facet normal -0.805534 -0.0926952 0.585255
    outer loop
      vertex -12.2426 -7 -1.75736
      vertex -13.346 -7 -3.27606
      vertex -12.2426 -8.31105 -1.96501
    endloop
  endfacet
  facet normal -0.805534 -0.0926951 0.585255
    outer loop
      vertex -13.346 -7 -3.27606
      vertex -13.346 -7.84175 -3.40938
      vertex -12.2426 -8.31105 -1.96501
    endloop
  endfacet
  facet normal -0.949918 0.0488464 -0.308658
    outer loop
      vertex -13.9261 7.29004 -14.8927
      vertex -13.346 7 -16.7239
      vertex -13.9261 7 -14.9386
    endloop
  endfacet
  facet normal -0.305574 0.432304 -0.848373
    outer loop
      vertex -10.7239 10.1423 -18.325
      vertex -8.93861 8.83127 -19.6361
      vertex -10.7239 8.65202 -19.0844
    endloop
  endfacet
  facet normal -0.949918 -0.22097 0.22097
    outer loop
      vertex -13.9261 -7.75935 -5.4483
      vertex -13.346 -8.60109 -3.79628
      vertex -13.9261 -7.5517 -5.24065
    endloop
  endfacet
  facet normal -0.949918 -0.22097 0.22097
    outer loop
      vertex -13.346 -8.60109 -3.79628
      vertex -13.9261 -7.75935 -5.4483
      vertex -13.346 -9.20372 -4.39891
    endloop
  endfacet
  facet normal -0.949918 -0.141874 0.278437
    outer loop
      vertex -13.9261 -7.29005 -5.10733
      vertex -13.9261 -7.5517 -5.24065
      vertex -13.346 -8.60109 -3.79628
    endloop
  endfacet
  facet normal -0.58302 -0.802459 -0.127072
    outer loop
      vertex -12.2426 -11.2426 -14
      vertex -10.7239 -12.0844 -15.652
      vertex -10.7239 -12.346 -14
    endloop
  endfacet
  facet normal -0.305574 -0.848376 0.4323
    outer loop
      vertex -10.7239 -11.325 -2.85768
      vertex -10.7239 -12.0844 -4.34798
      vertex -8.93861 -12.6361 -4.16873
    endloop
  endfacet
  facet normal -0.00488779 -0.156407 -0.987681
    outer loop
      vertex 7.38831 -9.34149 -19.6361
      vertex 55.0614 -9 -19.9261
      vertex 55.0614 -10.8313 -19.6361
    endloop
  endfacet
  facet normal -0.00488778 -0.156408 -0.98768
    outer loop
      vertex 55.0614 -9 -19.9261
      vertex 7.38831 -9.34149 -19.6361
      vertex 6.67398 -7.48789 -19.9261
    endloop
  endfacet
  facet normal -0.00488859 -0.156409 -0.98768
    outer loop
      vertex -8.93861 -7 -19.9261
      vertex -7.12643 -8.88791 -19.6361
      vertex -8.93861 -8.83127 -19.6361
    endloop
  endfacet
  facet normal -0.00488762 -0.156408 -0.98768
    outer loop
      vertex -7.12643 -8.88791 -19.6361
      vertex -8.93861 -7 -19.9261
      vertex -6.43742 -7.07816 -19.9261
    endloop
  endfacet
  facet normal -0.00488779 -0.156409 -0.98768
    outer loop
      vertex -3.20715 -9.01038 -19.6361
      vertex 1.88591 -7.33827 -19.9261
      vertex 3.32501 -9.21451 -19.6361
    endloop
  endfacet
  facet normal -0.00488778 -0.156409 -0.98768
    outer loop
      vertex 1.88591 -7.33827 -19.9261
      vertex -3.20715 -9.01038 -19.6361
      vertex -1.81906 -7.22249 -19.9261
    endloop
  endfacet
  facet normal -0.949921 -0.220938 -0.220991
    outer loop
      vertex -13.346 -8.60109 -16.2037
      vertex -13.9261 -7.75935 -14.5517
      vertex -13.9261 -7.5517 -14.7593
    endloop
  endfacet
  facet normal -0.949918 -0.220965 -0.220976
    outer loop
      vertex -13.9261 -7.75935 -14.5517
      vertex -13.346 -8.60109 -16.2037
      vertex -13.346 -9.20372 -15.6011
    endloop
  endfacet
  facet normal -0.949918 0.278443 -0.141862
    outer loop
      vertex -13.346 9.59062 -14.8417
      vertex -13.346 9.20372 -15.6011
      vertex -13.9261 7.89267 -14.29
    endloop
  endfacet
  facet normal -0.0141867 -0.453972 -0.890903
    outer loop
      vertex 7.30794 -10.991 -18.7943
      vertex 55.0614 -10.8313 -19.6361
      vertex 55.0614 -12.4833 -18.7943
    endloop
  endfacet
  facet normal -0.0141867 -0.453967 -0.890905
    outer loop
      vertex 55.0614 -10.8313 -19.6361
      vertex 7.30794 -10.991 -18.7943
      vertex 7.38831 -9.34149 -19.6361
    endloop
  endfacet
  facet normal -0.0141741 -0.453979 -0.8909
    outer loop
      vertex -8.93861 -10.4833 -18.7943
      vertex -7.12643 -8.88791 -19.6361
      vertex -7.04891 -10.5423 -18.7943
    endloop
  endfacet
  facet normal -0.0141888 -0.453966 -0.890906
    outer loop
      vertex -7.12643 -8.88791 -19.6361
      vertex -8.93861 -10.4833 -18.7943
      vertex -8.93861 -8.83127 -19.6361
    endloop
  endfacet
  facet normal -0.0141889 -0.453918 -0.89093
    outer loop
      vertex -3.96493 -9.62826 -19.3092
      vertex 3.32501 -9.21451 -19.6361
      vertex 4.0254 -9.80835 -19.3447
    endloop
  endfacet
  facet normal -0.0141867 -0.454011 -0.890883
    outer loop
      vertex -5.15845 -10.6014 -18.7943
      vertex 4.0254 -9.80835 -19.3447
      vertex 5.34801 -10.9297 -18.7943
    endloop
  endfacet
  facet normal -0.0141861 -0.453954 -0.890912
    outer loop
      vertex 3.32501 -9.21451 -19.6361
      vertex -3.96493 -9.62826 -19.3092
      vertex -3.20715 -9.01038 -19.6361
    endloop
  endfacet
  facet normal -0.0141902 -0.453981 -0.890898
    outer loop
      vertex 4.0254 -9.80835 -19.3447
      vertex -5.15845 -10.6014 -18.7943
      vertex -3.96493 -9.62826 -19.3092
    endloop
  endfacet
  facet normal -0.305583 -0.432294 -0.848375
    outer loop
      vertex -10.7239 -10.1423 -18.325
      vertex -8.93861 -8.83127 -19.6361
      vertex -8.93861 -10.4833 -18.7943
    endloop
  endfacet
  facet normal -0.305584 0.848372 -0.4323
    outer loop
      vertex -8.93861 12.6361 -15.8313
      vertex -8.93861 11.7943 -17.4833
      vertex -10.7239 11.325 -17.1423
    endloop
  endfacet
  facet normal -0.805528 -0.585266 0.0926747
    outer loop
      vertex -13.346 -9.72394 -6
      vertex -12.2426 -11.2426 -6
      vertex -12.2426 -11.035 -4.68895
    endloop
  endfacet
  facet normal -0.583021 -0.72391 0.368838
    outer loop
      vertex -12.2426 -10.4324 -3.50624
      vertex -12.2426 -11.035 -4.68895
      vertex -10.7239 -12.0844 -4.34798
    endloop
  endfacet
  facet normal -0.583018 -0.802461 0.127067
    outer loop
      vertex -12.2426 -11.035 -4.68895
      vertex -12.2426 -11.2426 -6
      vertex -10.7239 -12.0844 -4.34798
    endloop
  endfacet
  facet normal -0.305585 -0.848373 -0.432298
    outer loop
      vertex -10.7239 -12.0844 -15.652
      vertex -10.7239 -11.325 -17.1423
      vertex -8.93861 -12.6361 -15.8313
    endloop
  endfacet
  facet normal -0.949923 0.14193 -0.278392
    outer loop
      vertex -13.9261 7.5517 -14.7593
      vertex -13.346 8.60109 -16.2037
      vertex -13.9261 7.29004 -14.8927
    endloop
  endfacet
  facet normal -0.949917 -0.278451 -0.141853
    outer loop
      vertex -13.9261 -7.75935 -14.5517
      vertex -13.346 -9.20372 -15.6011
      vertex -13.9261 -7.89267 -14.29
    endloop
  endfacet
  facet normal -0.0278327 0.890647 -0.453842
    outer loop
      vertex 55.0614 13.7943 -17.4833
      vertex -8.93861 12.6361 -15.8313
      vertex 55.0614 14.6361 -15.8313
    endloop
  endfacet
  facet normal -0.0278327 0.890647 -0.453842
    outer loop
      vertex -8.93861 12.6361 -15.8313
      vertex 55.0614 13.7943 -17.4833
      vertex -8.93861 11.7943 -17.4833
    endloop
  endfacet
  facet normal -0.805528 0.585266 -0.0926782
    outer loop
      vertex -12.2426 11.2426 -14
      vertex -12.2426 11.035 -15.311
      vertex -13.346 9.72394 -14
    endloop
  endfacet
  facet normal -0.582988 0.723915 -0.368879
    outer loop
      vertex -10.7239 12.0844 -15.652
      vertex -10.7239 11.325 -17.1423
      vertex -12.2426 10.4324 -16.4938
    endloop
  endfacet
  facet normal -0.309029 0.951053 0
    outer loop
      vertex -8.93861 12.9261 -14
      vertex -10.7239 12.346 -6
      vertex -8.93861 12.9261 -6
    endloop
  endfacet
  facet normal -0.309029 0.951053 0
    outer loop
      vertex -10.7239 12.346 -6
      vertex -8.93861 12.9261 -14
      vertex -10.7239 12.346 -14
    endloop
  endfacet
  facet normal -0.0141859 -0.453942 0.890918
    outer loop
      vertex -8.93861 -10.4833 -1.20566
      vertex 55.0614 -10.8313 -0.363915
      vertex -8.93861 -8.83127 -0.363915
    endloop
  endfacet
  facet normal -0.0141859 -0.453949 0.890915
    outer loop
      vertex 55.0614 -10.8313 -0.363915
      vertex -8.93861 -10.4833 -1.20566
      vertex 55.0614 -12.4833 -1.20566
    endloop
  endfacet
  facet normal 0 -0.707336 0.706878
    outer loop
      vertex 55.0614 -13.7943 -2.51671
      vertex 55.0896 -13.7943 -2.51671
      vertex 55.0614 -13.748 -2.47038
    endloop
  endfacet
  facet normal 0 -0.707336 0.706878
    outer loop
      vertex 55.0614 -12.4833 -1.20566
      vertex 55.0614 -12.5296 -1.25199
      vertex 55.0896 -12.4833 -1.20566
    endloop
  endfacet
  facet normal -0.805534 -0.269012 0.527966
    outer loop
      vertex -12.2426 -8.31105 -1.96501
      vertex -13.346 -7.84175 -3.40938
      vertex -12.2426 -9.49376 -2.56763
    endloop
  endfacet
  facet normal -0.583018 -0.368848 0.723906
    outer loop
      vertex -12.2426 -8.31105 -1.96501
      vertex -12.2426 -9.49376 -2.56763
      vertex -10.7239 -8.65202 -0.915615
    endloop
  endfacet
  facet normal -1 0 0
    outer loop
      vertex -13.9261 7 -14.9386
      vertex -13.9261 7.93861 -14
      vertex -13.9261 7.89267 -14.29
    endloop
  endfacet
  facet normal -1 -0 0
    outer loop
      vertex -13.9261 7.93861 -14
      vertex -13.9261 7 -14.9386
      vertex -13.9261 7.93861 -6
    endloop
  endfacet
  facet normal -1 0 0
    outer loop
      vertex -13.9261 7 -14.9386
      vertex -13.9261 7.89267 -14.29
      vertex -13.9261 7.75935 -14.5517
    endloop
  endfacet
  facet normal -1 0 0
    outer loop
      vertex -13.9261 7 -5.06139
      vertex -13.9261 7.93861 -6
      vertex -13.9261 7 -14.9386
    endloop
  endfacet
  facet normal -1 0 0
    outer loop
      vertex -13.9261 7 -14.9386
      vertex -13.9261 7.75935 -14.5517
      vertex -13.9261 7.5517 -14.7593
    endloop
  endfacet
  facet normal -1 0 0
    outer loop
      vertex -13.9261 7.93861 -6
      vertex -13.9261 7 -5.06139
      vertex -13.9261 7.89267 -5.70996
    endloop
  endfacet
  facet normal -1 0 0
    outer loop
      vertex -13.9261 7 -14.9386
      vertex -13.9261 7.5517 -14.7593
      vertex -13.9261 7.29004 -14.8927
    endloop
  endfacet
  facet normal -1 0 0
    outer loop
      vertex -13.9261 7.89267 -5.70996
      vertex -13.9261 7 -5.06139
      vertex -13.9261 7.75935 -5.4483
    endloop
  endfacet
  facet normal -1 0 0
    outer loop
      vertex -13.9261 7.75935 -5.4483
      vertex -13.9261 7 -5.06139
      vertex -13.9261 7.5517 -5.24065
    endloop
  endfacet
  facet normal -1 0 0
    outer loop
      vertex -13.9261 7.5517 -5.24065
      vertex -13.9261 7 -5.06139
      vertex -13.9261 7.29004 -5.10733
    endloop
  endfacet
  facet normal -1 0 0
    outer loop
      vertex -13.9261 -7 -14.9386
      vertex -13.9261 7 -5.06139
      vertex -13.9261 7 -14.9386
    endloop
  endfacet
  facet normal -1 0 0
    outer loop
      vertex -13.9261 -7 -14.9386
      vertex -13.9261 -7 -5.06139
      vertex -13.9261 7 -5.06139
    endloop
  endfacet
  facet normal -1 0 0
    outer loop
      vertex -13.9261 -7.93861 -14
      vertex -13.9261 -7 -14.9386
      vertex -13.9261 -7.29005 -14.8927
    endloop
  endfacet
  facet normal -1 0 0
    outer loop
      vertex -13.9261 -7 -14.9386
      vertex -13.9261 -7.93861 -14
      vertex -13.9261 -7 -5.06139
    endloop
  endfacet
  facet normal -1 0 0
    outer loop
      vertex -13.9261 -7.93861 -14
      vertex -13.9261 -7.29005 -14.8927
      vertex -13.9261 -7.5517 -14.7593
    endloop
  endfacet
  facet normal -1 0 0
    outer loop
      vertex -13.9261 -7.93861 -6
      vertex -13.9261 -7 -5.06139
      vertex -13.9261 -7.93861 -14
    endloop
  endfacet
  facet normal -1 0 0
    outer loop
      vertex -13.9261 -7.93861 -14
      vertex -13.9261 -7.5517 -14.7593
      vertex -13.9261 -7.75935 -14.5517
    endloop
  endfacet
  facet normal -1 0 0
    outer loop
      vertex -13.9261 -7 -5.06139
      vertex -13.9261 -7.93861 -6
      vertex -13.9261 -7.29005 -5.10733
    endloop
  endfacet
  facet normal -1 0 0
    outer loop
      vertex -13.9261 -7.93861 -14
      vertex -13.9261 -7.75935 -14.5517
      vertex -13.9261 -7.89267 -14.29
    endloop
  endfacet
  facet normal -1 0 0
    outer loop
      vertex -13.9261 -7.29005 -5.10733
      vertex -13.9261 -7.93861 -6
      vertex -13.9261 -7.5517 -5.24065
    endloop
  endfacet
  facet normal -1 0 0
    outer loop
      vertex -13.9261 -7.5517 -5.24065
      vertex -13.9261 -7.93861 -6
      vertex -13.9261 -7.75935 -5.4483
    endloop
  endfacet
  facet normal -1 0 0
    outer loop
      vertex -13.9261 -7.75935 -5.4483
      vertex -13.9261 -7.93861 -6
      vertex -13.9261 -7.89267 -5.70996
    endloop
  endfacet
  facet normal -0.582997 -0.574494 -0.574518
    outer loop
      vertex -10.7239 -10.1423 -18.325
      vertex -12.2426 -10.4324 -16.4938
      vertex -12.2426 -9.49376 -17.4324
    endloop
  endfacet
  facet normal -0.582986 -0.574512 -0.574512
    outer loop
      vertex -12.2426 -10.4324 -16.4938
      vertex -10.7239 -10.1423 -18.325
      vertex -10.7239 -11.325 -17.1423
    endloop
  endfacet
  facet normal -0.582988 -0.723915 -0.368879
    outer loop
      vertex -12.2426 -10.4324 -16.4938
      vertex -10.7239 -11.325 -17.1423
      vertex -10.7239 -12.0844 -15.652
    endloop
  endfacet
  facet normal -0.949918 -0.278443 -0.141862
    outer loop
      vertex -13.9261 -7.89267 -14.29
      vertex -13.346 -9.20372 -15.6011
      vertex -13.346 -9.59062 -14.8417
    endloop
  endfacet
  facet normal -0.949917 -0.308653 -0.0488949
    outer loop
      vertex -13.9261 -7.93861 -14
      vertex -13.9261 -7.89267 -14.29
      vertex -13.346 -9.72394 -14
    endloop
  endfacet
  facet normal -0.305586 0.673282 -0.673282
    outer loop
      vertex -8.93861 11.7943 -17.4833
      vertex -10.7239 10.1423 -18.325
      vertex -10.7239 11.325 -17.1423
    endloop
  endfacet
  facet normal -0.305586 0.673282 -0.673282
    outer loop
      vertex -10.7239 10.1423 -18.325
      vertex -8.93861 11.7943 -17.4833
      vertex -8.93861 10.4833 -18.7943
    endloop
  endfacet
  facet normal -0.305582 -0.148929 -0.940446
    outer loop
      vertex -10.7239 -7 -19.346
      vertex -8.93861 -7 -19.9261
      vertex -8.93861 -8.83127 -19.6361
    endloop
  endfacet
  facet normal -0.0220894 -0.706918 -0.70695
    outer loop
      vertex 5.34801 -10.9297 -18.7943
      vertex -6.54849 -11.3423 -18.01
      vertex -5.15845 -10.6014 -18.7943
    endloop
  endfacet
  facet normal -0.0220907 -0.706905 -0.706964
    outer loop
      vertex -6.54849 -11.3423 -18.01
      vertex 5.34801 -10.9297 -18.7943
      vertex 6.78913 -11.7591 -18.01
    endloop
  endfacet
  facet normal -0.0220919 -0.70694 -0.706929
    outer loop
      vertex 6.78913 -11.7591 -18.01
      vertex 55.0614 -13.7943 -17.4833
      vertex -8.93861 -11.7943 -17.4833
    endloop
  endfacet
  facet normal -0.0220913 -0.706929 -0.70694
    outer loop
      vertex 7.30794 -10.991 -18.7943
      vertex 55.0614 -13.7943 -17.4833
      vertex 6.78913 -11.7591 -18.01
    endloop
  endfacet
  facet normal -0.0214226 -0.706945 -0.706945
    outer loop
      vertex 55.0614 -13.7943 -17.4833
      vertex 55.0251 -13.6896 -17.5869
      vertex 55.0614 -13.748 -17.5296
    endloop
  endfacet
  facet normal -0.022102 -0.707052 -0.706816
    outer loop
      vertex 55.0614 -13.7943 -17.4833
      vertex 7.30794 -10.991 -18.7943
      vertex 55.0251 -13.6896 -17.5869
    endloop
  endfacet
  facet normal -0.0220918 -0.70694 -0.706928
    outer loop
      vertex 6.78913 -11.7591 -18.01
      vertex -8.93861 -11.7943 -17.4833
      vertex -6.54849 -11.3423 -18.01
    endloop
  endfacet
  facet normal -0.0220718 -0.706935 -0.706935
    outer loop
      vertex -7.04891 -10.5423 -18.7943
      vertex -8.93861 -11.7943 -17.4833
      vertex -8.93861 -10.4833 -18.7943
    endloop
  endfacet
  facet normal -0.022104 -0.70691 -0.706958
    outer loop
      vertex -8.93861 -11.7943 -17.4833
      vertex -7.04891 -10.5423 -18.7943
      vertex -6.54849 -11.3423 -18.01
    endloop
  endfacet
  facet normal -0.0220956 -0.706975 -0.706893
    outer loop
      vertex 55.0251 -13.6896 -17.5869
      vertex 7.30794 -10.991 -18.7943
      vertex 54.9442 -13.4405 -17.8335
    endloop
  endfacet
  facet normal -0.0220656 -0.706556 -0.707313
    outer loop
      vertex 54.9442 -13.4405 -17.8335
      vertex 7.30794 -10.991 -18.7943
      vertex 54.9297 -13.396 -17.8775
    endloop
  endfacet
  facet normal -0.022092 -0.706934 -0.706934
    outer loop
      vertex 54.9297 -13.396 -17.8775
      vertex 7.30794 -10.991 -18.7943
      vertex 54.9297 -12.8775 -18.396
    endloop
  endfacet
  facet normal -0.0221098 -0.707305 -0.706562
    outer loop
      vertex 54.9297 -12.8775 -18.396
      vertex 7.30794 -10.991 -18.7943
      vertex 54.9442 -12.8335 -18.4405
    endloop
  endfacet
  facet normal -0.0220908 -0.706894 -0.706974
    outer loop
      vertex 54.9442 -12.8335 -18.4405
      vertex 7.30794 -10.991 -18.7943
      vertex 55.0251 -12.5869 -18.6896
    endloop
  endfacet
  facet normal -0.0220881 -0.706818 -0.70705
    outer loop
      vertex 55.0614 -12.4833 -18.7943
      vertex 55.0251 -12.5869 -18.6896
      vertex 7.30794 -10.991 -18.7943
    endloop
  endfacet
  facet normal -0.0214226 -0.706945 -0.706945
    outer loop
      vertex 55.0251 -12.5869 -18.6896
      vertex 55.0614 -12.4833 -18.7943
      vertex 55.0614 -12.5296 -18.748
    endloop
  endfacet
  facet normal -0.305586 -0.673282 -0.673282
    outer loop
      vertex -10.7239 -10.1423 -18.325
      vertex -8.93861 -11.7943 -17.4833
      vertex -10.7239 -11.325 -17.1423
    endloop
  endfacet
  facet normal -0.305586 -0.673282 -0.673282
    outer loop
      vertex -8.93861 -11.7943 -17.4833
      vertex -10.7239 -10.1423 -18.325
      vertex -8.93861 -10.4833 -18.7943
    endloop
  endfacet
  facet normal -0.583027 -0.723917 -0.368813
    outer loop
      vertex -12.2426 -11.035 -15.311
      vertex -12.2426 -10.4324 -16.4938
      vertex -10.7239 -12.0844 -15.652
    endloop
  endfacet
  facet normal -0.805539 -0.527969 -0.26899
    outer loop
      vertex -13.346 -9.20372 -15.6011
      vertex -12.2426 -10.4324 -16.4938
      vertex -13.346 -9.59062 -14.8417
    endloop
  endfacet
  facet normal -0.805539 0.527969 -0.26899
    outer loop
      vertex -13.346 9.59062 -14.8417
      vertex -12.2426 10.4324 -16.4938
      vertex -13.346 9.20372 -15.6011
    endloop
  endfacet
  facet normal -0.949918 0.308652 -0.0488885
    outer loop
      vertex -13.346 9.72394 -14
      vertex -13.346 9.59062 -14.8417
      vertex -13.9261 7.89267 -14.29
    endloop
  endfacet
  facet normal -0.805537 0.527974 -0.268986
    outer loop
      vertex -12.2426 11.035 -15.311
      vertex -12.2426 10.4324 -16.4938
      vertex -13.346 9.59062 -14.8417
    endloop
  endfacet
  facet normal -0.583027 0.723917 -0.368813
    outer loop
      vertex -10.7239 12.0844 -15.652
      vertex -12.2426 10.4324 -16.4938
      vertex -12.2426 11.035 -15.311
    endloop
  endfacet
  facet normal -0.587785 0.809017 0
    outer loop
      vertex -10.7239 12.346 -14
      vertex -12.2426 11.2426 -6
      vertex -10.7239 12.346 -6
    endloop
  endfacet
  facet normal -0.587785 0.809017 0
    outer loop
      vertex -12.2426 11.2426 -6
      vertex -10.7239 12.346 -14
      vertex -12.2426 11.2426 -14
    endloop
  endfacet
  facet normal -0.305579 0.940448 -0.148923
    outer loop
      vertex -10.7239 12.346 -14
      vertex -8.93861 12.6361 -15.8313
      vertex -10.7239 12.0844 -15.652
    endloop
  endfacet
  facet normal -0.305585 0.848373 -0.432298
    outer loop
      vertex -8.93861 12.6361 -15.8313
      vertex -10.7239 11.325 -17.1423
      vertex -10.7239 12.0844 -15.652
    endloop
  endfacet
  facet normal -0.805536 -0.585251 -0.0927
    outer loop
      vertex -13.346 -9.59062 -14.8417
      vertex -12.2426 -11.035 -15.311
      vertex -13.346 -9.72394 -14
    endloop
  endfacet
  facet normal -0.805537 -0.527974 -0.268986
    outer loop
      vertex -13.346 -9.59062 -14.8417
      vertex -12.2426 -10.4324 -16.4938
      vertex -12.2426 -11.035 -15.311
    endloop
  endfacet
  facet normal -0.949915 -0.141874 -0.278446
    outer loop
      vertex -13.9261 -7.29005 -14.8927
      vertex -13.346 -7.84175 -16.5906
      vertex -13.346 -8.60109 -16.2037
    endloop
  endfacet
  facet normal -0.805541 -0.269006 -0.527957
    outer loop
      vertex -13.346 -7.84175 -16.5906
      vertex -12.2426 -9.49376 -17.4324
      vertex -13.346 -8.60109 -16.2037
    endloop
  endfacet
  facet normal -0.305582 0.148929 -0.940446
    outer loop
      vertex -8.93861 8.83127 -19.6361
      vertex -8.93861 7 -19.9261
      vertex -10.7239 7 -19.346
    endloop
  endfacet
  facet normal -0.583018 0.127067 -0.802461
    outer loop
      vertex -12.2426 8.31105 -18.035
      vertex -10.7239 8.65202 -19.0844
      vertex -12.2426 7 -18.2426
    endloop
  endfacet
  facet normal -0.949915 -0.04888 -0.308663
    outer loop
      vertex -13.9261 -7.29005 -14.8927
      vertex -13.346 -7 -16.7239
      vertex -13.346 -7.84175 -16.5906
    endloop
  endfacet
  facet normal -0.949918 -0.0488447 -0.308658
    outer loop
      vertex -13.9261 -7 -14.9386
      vertex -13.346 -7 -16.7239
      vertex -13.9261 -7.29005 -14.8927
    endloop
  endfacet
  facet normal -0.582995 0.368881 -0.723908
    outer loop
      vertex -10.7239 10.1423 -18.325
      vertex -10.7239 8.65202 -19.0844
      vertex -12.2426 9.49376 -17.4324
    endloop
  endfacet
  facet normal -0.583021 0.368838 -0.72391
    outer loop
      vertex -12.2426 9.49376 -17.4324
      vertex -10.7239 8.65202 -19.0844
      vertex -12.2426 8.31105 -18.035
    endloop
  endfacet
  facet normal -0.805541 0.269003 -0.527959
    outer loop
      vertex -13.346 8.60109 -16.2037
      vertex -12.2426 9.49376 -17.4324
      vertex -13.346 7.84174 -16.5906
    endloop
  endfacet
  facet normal 1 -0 0
    outer loop
      vertex 63.9261 -6.65104 -5.06139
      vertex 63.9261 6.65104 -14.9386
      vertex 63.9261 6.65104 -5.06139
    endloop
  endfacet
  facet normal 1 0 0
    outer loop
      vertex 63.9261 6.65104 -14.9386
      vertex 63.9261 -6.65104 -5.06139
      vertex 63.9261 -6.65104 -14.9386
    endloop
  endfacet
  facet normal -0.58302 -0.802459 -0.127071
    outer loop
      vertex -12.2426 -11.035 -15.311
      vertex -10.7239 -12.0844 -15.652
      vertex -12.2426 -11.2426 -14
    endloop
  endfacet
  facet normal -0.805528 -0.585266 -0.0926782
    outer loop
      vertex -13.346 -9.72394 -14
      vertex -12.2426 -11.035 -15.311
      vertex -12.2426 -11.2426 -14
    endloop
  endfacet
  facet normal -0.587785 0 -0.809017
    outer loop
      vertex -12.2426 -7 -18.2426
      vertex -10.7239 -1.41954 -19.346
      vertex -10.7239 -7 -19.346
    endloop
  endfacet
  facet normal -0.587785 0 -0.809017
    outer loop
      vertex -10.7239 -1.41954 -19.346
      vertex -12.2426 -7 -18.2426
      vertex -12.2426 -0.247182 -18.2426
    endloop
  endfacet
  facet normal -0.587785 -0 -0.809017
    outer loop
      vertex -12.2426 7 -18.2426
      vertex -10.7239 1.41954 -19.346
      vertex -12.2426 0.247182 -18.2426
    endloop
  endfacet
  facet normal -0.587785 0 -0.809017
    outer loop
      vertex -10.7239 1.41954 -19.346
      vertex -12.2426 7 -18.2426
      vertex -10.7239 7 -19.346
    endloop
  endfacet
  facet normal -0.951053 0 -0.309027
    outer loop
      vertex -13.346 -7 -16.7239
      vertex -13.9261 7 -14.9386
      vertex -13.346 7 -16.7239
    endloop
  endfacet
  facet normal -0.951053 -0 -0.309027
    outer loop
      vertex -13.9261 7 -14.9386
      vertex -13.346 -7 -16.7239
      vertex -13.9261 -7 -14.9386
    endloop
  endfacet
  facet normal -0.00488779 0.156407 -0.987681
    outer loop
      vertex 55.0614 9 -19.9261
      vertex 7.38831 9.34149 -19.6361
      vertex 55.0614 10.8313 -19.6361
    endloop
  endfacet
  facet normal -0.00488778 0.156408 -0.98768
    outer loop
      vertex 7.38831 9.34149 -19.6361
      vertex 55.0614 9 -19.9261
      vertex 6.67398 7.48789 -19.9261
    endloop
  endfacet
  facet normal -0.00488764 0.156409 -0.98768
    outer loop
      vertex -8.93861 7 -19.9261
      vertex -7.12643 8.8879 -19.6361
      vertex -6.43742 7.07816 -19.9261
    endloop
  endfacet
  facet normal -0.00488773 0.156409 -0.98768
    outer loop
      vertex -7.12643 8.8879 -19.6361
      vertex -8.93861 7 -19.9261
      vertex -8.93861 8.83127 -19.6361
    endloop
  endfacet
  facet normal -0.00488778 0.156409 -0.98768
    outer loop
      vertex -3.20715 9.01038 -19.6361
      vertex 1.88591 7.33827 -19.9261
      vertex -1.81906 7.22249 -19.9261
    endloop
  endfacet
  facet normal -0.00488779 0.156409 -0.98768
    outer loop
      vertex 1.88591 7.33827 -19.9261
      vertex -3.20715 9.01038 -19.6361
      vertex 3.32501 9.21451 -19.6361
    endloop
  endfacet
  facet normal -0.805535 0.0926731 -0.585256
    outer loop
      vertex -12.2426 8.31105 -18.035
      vertex -12.2426 7 -18.2426
      vertex -13.346 7 -16.7239
    endloop
  endfacet
  facet normal -0.805539 0.0926816 -0.58525
    outer loop
      vertex -13.346 7.84174 -16.5906
      vertex -12.2426 8.31105 -18.035
      vertex -13.346 7 -16.7239
    endloop
  endfacet
  facet normal -0.949918 0.220965 -0.220976
    outer loop
      vertex -13.346 8.60109 -16.2037
      vertex -13.9261 7.75935 -14.5517
      vertex -13.346 9.20372 -15.6011
    endloop
  endfacet
  facet normal -0.949921 0.220938 -0.220991
    outer loop
      vertex -13.9261 7.75935 -14.5517
      vertex -13.346 8.60109 -16.2037
      vertex -13.9261 7.5517 -14.7593
    endloop
  endfacet
  facet normal -0.305574 -0.432304 -0.848373
    outer loop
      vertex -10.7239 -8.65202 -19.0844
      vertex -8.93861 -8.83127 -19.6361
      vertex -10.7239 -10.1423 -18.325
    endloop
  endfacet
  facet normal -0.582995 -0.368881 -0.723908
    outer loop
      vertex -12.2426 -9.49376 -17.4324
      vertex -10.7239 -8.65202 -19.0844
      vertex -10.7239 -10.1423 -18.325
    endloop
  endfacet
  facet normal -0.58302 -0.127071 -0.802459
    outer loop
      vertex -12.2426 -7 -18.2426
      vertex -10.7239 -7 -19.346
      vertex -10.7239 -8.65202 -19.0844
    endloop
  endfacet
  facet normal -0.805535 -0.0926731 -0.585256
    outer loop
      vertex -13.346 -7 -16.7239
      vertex -12.2426 -7 -18.2426
      vertex -12.2426 -8.31105 -18.035
    endloop
  endfacet
  facet normal -0.305575 0.148922 -0.94045
    outer loop
      vertex -10.7239 8.65202 -19.0844
      vertex -8.93861 8.83127 -19.6361
      vertex -10.7239 7 -19.346
    endloop
  endfacet
  facet normal -0.58302 0.127071 -0.802459
    outer loop
      vertex -10.7239 8.65202 -19.0844
      vertex -10.7239 7 -19.346
      vertex -12.2426 7 -18.2426
    endloop
  endfacet
  facet normal -0.80554 0.418981 -0.418999
    outer loop
      vertex -12.2426 9.49376 -17.4324
      vertex -13.346 9.20372 -15.6011
      vertex -12.2426 10.4324 -16.4938
    endloop
  endfacet
  facet normal -0.805541 0.418979 -0.418999
    outer loop
      vertex -13.346 9.20372 -15.6011
      vertex -12.2426 9.49376 -17.4324
      vertex -13.346 8.60109 -16.2037
    endloop
  endfacet
  facet normal -0.583018 -0.127067 -0.802461
    outer loop
      vertex -12.2426 -7 -18.2426
      vertex -10.7239 -8.65202 -19.0844
      vertex -12.2426 -8.31105 -18.035
    endloop
  endfacet
  facet normal -0.583021 -0.368838 -0.72391
    outer loop
      vertex -12.2426 -8.31105 -18.035
      vertex -10.7239 -8.65202 -19.0844
      vertex -12.2426 -9.49376 -17.4324
    endloop
  endfacet
  facet normal 1 0 0
    outer loop
      vertex 3.5 0 -18.01
      vertex 3.5 2.02073 -19.9261
      vertex 3.5 2.02073 -19.9119
    endloop
  endfacet
  facet normal 1 0 0
    outer loop
      vertex 3.5 -2.02073 -19.9261
      vertex 3.5 0 -18.01
      vertex 3.5 -2.02073 -19.9119
    endloop
  endfacet
  facet normal 1 0 0
    outer loop
      vertex 3.5 0 -18.01
      vertex 3.5 -2.02073 -19.9261
      vertex 3.5 2.02073 -19.9261
    endloop
  endfacet
  facet normal 0 0.685359 -0.728206
    outer loop
      vertex 3.52626 -2.03589 -19.9261
      vertex 14 0 -18.01
      vertex 14 -2.03589 -19.9261
    endloop
  endfacet
  facet normal 0.00189976 0.68537 -0.728192
    outer loop
      vertex 3.5 0 -18.01
      vertex 3.52626 -2.03589 -19.9261
      vertex 3.5 -2.02073 -19.9119
    endloop
  endfacet
  facet normal 0 0.685359 -0.728206
    outer loop
      vertex 3.52626 -2.03589 -19.9261
      vertex 3.5 0 -18.01
      vertex 14 0 -18.01
    endloop
  endfacet
  facet normal -1 0 -0
    outer loop
      vertex 14 0 -18.01
      vertex 14 2.03589 -19.9261
      vertex 14 -2.03589 -19.9261
    endloop
  endfacet
  facet normal 0 -0.685359 -0.728206
    outer loop
      vertex 14 0 -18.01
      vertex 3.52626 2.03589 -19.9261
      vertex 14 2.03589 -19.9261
    endloop
  endfacet
  facet normal 0 -0.685359 -0.728206
    outer loop
      vertex 3.5 0 -18.01
      vertex 3.52626 2.03589 -19.9261
      vertex 14 0 -18.01
    endloop
  endfacet
  facet normal 0.00189976 -0.68537 -0.728192
    outer loop
      vertex 3.52626 2.03589 -19.9261
      vertex 3.5 0 -18.01
      vertex 3.5 2.02073 -19.9119
    endloop
  endfacet
  facet normal 0.499999 0.866026 1.15551e-16
    outer loop
      vertex 3.5 2.02073 -19.9119
      vertex 0 4.04145 -19.9119
      vertex 1.75 3.03109 -18.01
    endloop
  endfacet
  facet normal 0.499999 0.866026 -0
    outer loop
      vertex 3.5 2.02073 -19.9261
      vertex 0 4.04145 -19.9119
      vertex 3.5 2.02073 -19.9119
    endloop
  endfacet
  facet normal 0.499999 0.866026 0
    outer loop
      vertex 0 4.04145 -19.9119
      vertex 3.5 2.02073 -19.9261
      vertex 0 4.04145 -19.9261
    endloop
  endfacet
  facet normal -0.593483 0.342723 -0.72823
    outer loop
      vertex 7.38831 9.34149 -19.6361
      vertex 6.78913 11.7591 -18.01
      vertex 7.30794 10.991 -18.7943
    endloop
  endfacet
  facet normal -0.593568 0.342672 -0.728185
    outer loop
      vertex 6.67398 7.48789 -19.9261
      vertex 6.78913 11.7591 -18.01
      vertex 7.38831 9.34149 -19.6361
    endloop
  endfacet
  facet normal -0.593538 0.34268 -0.728205
    outer loop
      vertex 1.75 3.03109 -18.01
      vertex 6.67398 7.48789 -19.9261
      vertex 3.52626 2.03589 -19.9261
    endloop
  endfacet
  facet normal -0.592575 0.344373 -0.728191
    outer loop
      vertex 1.75 3.03109 -18.01
      vertex 3.52626 2.03589 -19.9261
      vertex 3.5 2.02073 -19.9119
    endloop
  endfacet
  facet normal -0.593538 0.34268 -0.728205
    outer loop
      vertex 6.67398 7.48789 -19.9261
      vertex 1.75 3.03109 -18.01
      vertex 6.78913 11.7591 -18.01
    endloop
  endfacet
  facet normal 0.593527 -0.342684 -0.728213
    outer loop
      vertex 1.75 3.03109 -18.01
      vertex 3.32501 9.21451 -19.6361
      vertex 4.0254 9.80835 -19.3447
    endloop
  endfacet
  facet normal 0.593523 -0.342684 -0.728216
    outer loop
      vertex 3.32501 9.21451 -19.6361
      vertex 1.75 3.03109 -18.01
      vertex 1.88591 7.33827 -19.9261
    endloop
  endfacet
  facet normal 0.594564 -0.340927 -0.728191
    outer loop
      vertex 0 4.07178 -19.9261
      vertex 1.75 3.03109 -18.01
      vertex 0 4.04145 -19.9119
    endloop
  endfacet
  facet normal 0.593538 -0.34268 -0.728206
    outer loop
      vertex 1.75 3.03109 -18.01
      vertex 0 4.07178 -19.9261
      vertex 1.88591 7.33827 -19.9261
    endloop
  endfacet
  facet normal 0.593533 -0.342677 -0.728211
    outer loop
      vertex 1.75 3.03109 -18.01
      vertex 5.34801 10.9297 -18.7943
      vertex 6.78913 11.7591 -18.01
    endloop
  endfacet
  facet normal 0.593571 -0.342691 -0.728173
    outer loop
      vertex 5.34801 10.9297 -18.7943
      vertex 1.75 3.03109 -18.01
      vertex 4.0254 9.80835 -19.3447
    endloop
  endfacet
  facet normal -0.499999 0.866026 1.15551e-16
    outer loop
      vertex 0 4.04145 -19.9119
      vertex -3.5 2.02073 -19.9119
      vertex -1.75 3.03109 -18.01
    endloop
  endfacet
  facet normal -0.499999 0.866026 0
    outer loop
      vertex 0 4.04145 -19.9261
      vertex -3.5 2.02073 -19.9119
      vertex 0 4.04145 -19.9119
    endloop
  endfacet
  facet normal -0.499999 0.866026 0
    outer loop
      vertex -3.5 2.02073 -19.9119
      vertex 0 4.04145 -19.9261
      vertex -3.5 2.02073 -19.9261
    endloop
  endfacet
  facet normal -0.594564 -0.340927 -0.728191
    outer loop
      vertex -1.75 3.03109 -18.01
      vertex 0 4.07178 -19.9261
      vertex 0 4.04145 -19.9119
    endloop
  endfacet
  facet normal -0.593538 -0.342679 -0.728206
    outer loop
      vertex -1.75 3.03109 -18.01
      vertex -1.81906 7.22249 -19.9261
      vertex 0 4.07178 -19.9261
    endloop
  endfacet
  facet normal -0.593523 -0.342683 -0.728216
    outer loop
      vertex -1.75 3.03109 -18.01
      vertex -3.20715 9.01038 -19.6361
      vertex -1.81906 7.22249 -19.9261
    endloop
  endfacet
  facet normal -0.593554 -0.342684 -0.728191
    outer loop
      vertex -3.20715 9.01038 -19.6361
      vertex -1.75 3.03109 -18.01
      vertex -3.96493 9.62826 -19.3092
    endloop
  endfacet
  facet normal -0.593558 -0.342685 -0.728187
    outer loop
      vertex -1.75 3.03109 -18.01
      vertex -5.15845 10.6014 -18.7943
      vertex -3.96493 9.62826 -19.3092
    endloop
  endfacet
  facet normal -0.593528 -0.342674 -0.728216
    outer loop
      vertex -5.15845 10.6014 -18.7943
      vertex -1.75 3.03109 -18.01
      vertex -6.54849 11.3423 -18.01
    endloop
  endfacet
  facet normal 0.592575 0.344373 -0.728191
    outer loop
      vertex -3.52626 2.03589 -19.9261
      vertex -1.75 3.03109 -18.01
      vertex -3.5 2.02073 -19.9119
    endloop
  endfacet
  facet normal 0.593538 0.34268 -0.728205
    outer loop
      vertex -6.43742 7.07816 -19.9261
      vertex -1.75 3.03109 -18.01
      vertex -3.52626 2.03589 -19.9261
    endloop
  endfacet
  facet normal 0.593539 0.34268 -0.728205
    outer loop
      vertex -6.43742 7.07816 -19.9261
      vertex -6.54849 11.3423 -18.01
      vertex -1.75 3.03109 -18.01
    endloop
  endfacet
  facet normal 0.593568 0.342672 -0.728185
    outer loop
      vertex -7.12643 8.8879 -19.6361
      vertex -6.54849 11.3423 -18.01
      vertex -6.43742 7.07816 -19.9261
    endloop
  endfacet
  facet normal 0.593444 0.342746 -0.728251
    outer loop
      vertex -6.54849 11.3423 -18.01
      vertex -7.12643 8.8879 -19.6361
      vertex -7.04891 10.5423 -18.7943
    endloop
  endfacet
  facet normal -1 0 0
    outer loop
      vertex -3.5 2.02073 -19.9261
      vertex -3.5 0 -18.01
      vertex -3.5 2.02073 -19.9119
    endloop
  endfacet
  facet normal -1 0 0
    outer loop
      vertex -3.5 -2.02073 -19.9261
      vertex -3.5 0 -18.01
      vertex -3.5 2.02073 -19.9261
    endloop
  endfacet
  facet normal -1 0 0
    outer loop
      vertex -3.5 -2.02073 -19.9119
      vertex -3.5 0 -18.01
      vertex -3.5 -2.02073 -19.9261
    endloop
  endfacet
  facet normal -0.00189976 -0.68537 -0.728192
    outer loop
      vertex -3.5 0 -18.01
      vertex -3.52626 2.03589 -19.9261
      vertex -3.5 2.02073 -19.9119
    endloop
  endfacet
  facet normal 0 -0.685359 -0.728206
    outer loop
      vertex -3.5 0 -18.01
      vertex -8.93861 2.03589 -19.9261
      vertex -3.52626 2.03589 -19.9261
    endloop
  endfacet
  facet normal -3.28875e-06 -0.685363 -0.728201
    outer loop
      vertex -3.5 0 -18.01
      vertex -10.7239 1.41954 -19.346
      vertex -8.93861 2.03589 -19.9261
    endloop
  endfacet
  facet normal 0 -0.685354 -0.72821
    outer loop
      vertex -12.4117 0 -18.01
      vertex -10.7239 1.41954 -19.346
      vertex -3.5 0 -18.01
    endloop
  endfacet
  facet normal -0.000206178 -0.685224 -0.728332
    outer loop
      vertex -10.7239 1.41954 -19.346
      vertex -12.4117 0 -18.01
      vertex -12.2426 0.247182 -18.2426
    endloop
  endfacet
  facet normal -0.00189976 0.68537 -0.728192
    outer loop
      vertex -3.52626 -2.03589 -19.9261
      vertex -3.5 0 -18.01
      vertex -3.5 -2.02073 -19.9119
    endloop
  endfacet
  facet normal 0 0.685359 -0.728206
    outer loop
      vertex -8.93861 -2.03589 -19.9261
      vertex -3.5 0 -18.01
      vertex -3.52626 -2.03589 -19.9261
    endloop
  endfacet
  facet normal -3.28875e-06 0.685363 -0.728201
    outer loop
      vertex -10.7239 -1.41954 -19.346
      vertex -3.5 0 -18.01
      vertex -8.93861 -2.03589 -19.9261
    endloop
  endfacet
  facet normal -0.000206178 0.685224 -0.728332
    outer loop
      vertex -12.4117 0 -18.01
      vertex -10.7239 -1.41954 -19.346
      vertex -12.2426 -0.247182 -18.2426
    endloop
  endfacet
  facet normal 0 0.685354 -0.72821
    outer loop
      vertex -10.7239 -1.41954 -19.346
      vertex -12.4117 0 -18.01
      vertex -3.5 0 -18.01
    endloop
  endfacet
  facet normal -0.499999 -0.866026 1.15551e-16
    outer loop
      vertex -3.5 -2.02073 -19.9119
      vertex 0 -4.04145 -19.9119
      vertex -1.75 -3.03109 -18.01
    endloop
  endfacet
  facet normal -0.499999 -0.866026 0
    outer loop
      vertex -3.5 -2.02073 -19.9261
      vertex 0 -4.04145 -19.9119
      vertex -3.5 -2.02073 -19.9119
    endloop
  endfacet
  facet normal -0.499999 -0.866026 -0
    outer loop
      vertex 0 -4.04145 -19.9119
      vertex -3.5 -2.02073 -19.9261
      vertex 0 -4.04145 -19.9261
    endloop
  endfacet
  facet normal 0.592575 -0.344373 -0.728191
    outer loop
      vertex -1.75 -3.03109 -18.01
      vertex -3.52626 -2.03589 -19.9261
      vertex -3.5 -2.02073 -19.9119
    endloop
  endfacet
  facet normal 0.593538 -0.34268 -0.728205
    outer loop
      vertex -1.75 -3.03109 -18.01
      vertex -6.43742 -7.07816 -19.9261
      vertex -3.52626 -2.03589 -19.9261
    endloop
  endfacet
  facet normal 0.593539 -0.34268 -0.728205
    outer loop
      vertex -6.54849 -11.3423 -18.01
      vertex -6.43742 -7.07816 -19.9261
      vertex -1.75 -3.03109 -18.01
    endloop
  endfacet
  facet normal 0.593441 -0.342748 -0.728252
    outer loop
      vertex -7.12643 -8.88791 -19.6361
      vertex -6.54849 -11.3423 -18.01
      vertex -7.04891 -10.5423 -18.7943
    endloop
  endfacet
  facet normal 0.593571 -0.342671 -0.728182
    outer loop
      vertex -6.54849 -11.3423 -18.01
      vertex -7.12643 -8.88791 -19.6361
      vertex -6.43742 -7.07816 -19.9261
    endloop
  endfacet
  facet normal -0.594564 0.340927 -0.728191
    outer loop
      vertex 0 -4.07178 -19.9261
      vertex -1.75 -3.03109 -18.01
      vertex 0 -4.04145 -19.9119
    endloop
  endfacet
  facet normal -0.593538 0.342679 -0.728206
    outer loop
      vertex -1.81906 -7.22249 -19.9261
      vertex -1.75 -3.03109 -18.01
      vertex 0 -4.07178 -19.9261
    endloop
  endfacet
  facet normal -0.593523 0.342683 -0.728216
    outer loop
      vertex -3.20715 -9.01038 -19.6361
      vertex -1.75 -3.03109 -18.01
      vertex -1.81906 -7.22249 -19.9261
    endloop
  endfacet
  facet normal -0.593554 0.342684 -0.728191
    outer loop
      vertex -1.75 -3.03109 -18.01
      vertex -3.20715 -9.01038 -19.6361
      vertex -3.96493 -9.62826 -19.3092
    endloop
  endfacet
  facet normal -0.593558 0.342685 -0.728187
    outer loop
      vertex -5.15845 -10.6014 -18.7943
      vertex -1.75 -3.03109 -18.01
      vertex -3.96493 -9.62826 -19.3092
    endloop
  endfacet
  facet normal -0.593528 0.342674 -0.728216
    outer loop
      vertex -1.75 -3.03109 -18.01
      vertex -5.15845 -10.6014 -18.7943
      vertex -6.54849 -11.3423 -18.01
    endloop
  endfacet
  facet normal 0.499999 -0.866026 1.15551e-16
    outer loop
      vertex 0 -4.04145 -19.9119
      vertex 3.5 -2.02073 -19.9119
      vertex 1.75 -3.03109 -18.01
    endloop
  endfacet
  facet normal 0.499999 -0.866026 0
    outer loop
      vertex 0 -4.04145 -19.9261
      vertex 3.5 -2.02073 -19.9119
      vertex 0 -4.04145 -19.9119
    endloop
  endfacet
  facet normal 0.499999 -0.866026 0
    outer loop
      vertex 3.5 -2.02073 -19.9119
      vertex 0 -4.04145 -19.9261
      vertex 3.5 -2.02073 -19.9261
    endloop
  endfacet
  facet normal 0.593523 0.342684 -0.728216
    outer loop
      vertex 1.75 -3.03109 -18.01
      vertex 3.32501 -9.21451 -19.6361
      vertex 1.88591 -7.33827 -19.9261
    endloop
  endfacet
  facet normal 0.593527 0.342684 -0.728213
    outer loop
      vertex 3.32501 -9.21451 -19.6361
      vertex 1.75 -3.03109 -18.01
      vertex 4.0254 -9.80835 -19.3447
    endloop
  endfacet
  facet normal 0.593538 0.34268 -0.728206
    outer loop
      vertex 0 -4.07178 -19.9261
      vertex 1.75 -3.03109 -18.01
      vertex 1.88591 -7.33827 -19.9261
    endloop
  endfacet
  facet normal 0.594564 0.340927 -0.728191
    outer loop
      vertex 1.75 -3.03109 -18.01
      vertex 0 -4.07178 -19.9261
      vertex 0 -4.04145 -19.9119
    endloop
  endfacet
  facet normal 0.593571 0.342691 -0.728173
    outer loop
      vertex 1.75 -3.03109 -18.01
      vertex 5.34801 -10.9297 -18.7943
      vertex 4.0254 -9.80835 -19.3447
    endloop
  endfacet
  facet normal 0.593533 0.342677 -0.728211
    outer loop
      vertex 5.34801 -10.9297 -18.7943
      vertex 1.75 -3.03109 -18.01
      vertex 6.78913 -11.7591 -18.01
    endloop
  endfacet
  facet normal -0.593483 -0.342723 -0.72823
    outer loop
      vertex 6.78913 -11.7591 -18.01
      vertex 7.38831 -9.34149 -19.6361
      vertex 7.30794 -10.991 -18.7943
    endloop
  endfacet
  facet normal -0.593568 -0.342672 -0.728185
    outer loop
      vertex 6.78913 -11.7591 -18.01
      vertex 6.67398 -7.48789 -19.9261
      vertex 7.38831 -9.34149 -19.6361
    endloop
  endfacet
  facet normal -0.593538 -0.34268 -0.728205
    outer loop
      vertex 1.75 -3.03109 -18.01
      vertex 6.67398 -7.48789 -19.9261
      vertex 6.78913 -11.7591 -18.01
    endloop
  endfacet
  facet normal -0.593538 -0.34268 -0.728205
    outer loop
      vertex 6.67398 -7.48789 -19.9261
      vertex 1.75 -3.03109 -18.01
      vertex 3.52626 -2.03589 -19.9261
    endloop
  endfacet
  facet normal -0.592575 -0.344373 -0.728191
    outer loop
      vertex 3.52626 -2.03589 -19.9261
      vertex 1.75 -3.03109 -18.01
      vertex 3.5 -2.02073 -19.9119
    endloop
  endfacet
  facet normal 0.321446 -0.946928 0
    outer loop
      vertex -0.727098 1.75537 -19.9261
      vertex -0.491755 1.83526 -15
      vertex -0.727098 1.75537 -15
    endloop
  endfacet
  facet normal 0.321446 -0.946928 0
    outer loop
      vertex -0.491755 1.83526 -15
      vertex -0.727098 1.75537 -19.9261
      vertex -0.491755 1.83526 -19.9261
    endloop
  endfacet
  facet normal 0.831468 0.555573 0
    outer loop
      vertex -1.50737 -1.15665 -15
      vertex -1.64545 -0.95 -19.9261
      vertex -1.64545 -0.95 -15
    endloop
  endfacet
  facet normal 0.831468 0.555573 0
    outer loop
      vertex -1.64545 -0.95 -19.9261
      vertex -1.50737 -1.15665 -15
      vertex -1.50737 -1.15665 -19.9261
    endloop
  endfacet
  facet normal -0.896878 -0.442279 0
    outer loop
      vertex 1.75537 0.727098 -19.9261
      vertex 1.64545 0.95 -15
      vertex 1.64545 0.95 -19.9261
    endloop
  endfacet
  facet normal -0.896878 -0.442279 0
    outer loop
      vertex 1.64545 0.95 -15
      vertex 1.75537 0.727098 -19.9261
      vertex 1.75537 0.727098 -15
    endloop
  endfacet
  facet normal 0.99786 -0.0653842 0
    outer loop
      vertex -1.9 0 -15
      vertex -1.88375 0.247999 -19.9261
      vertex -1.88375 0.247999 -15
    endloop
  endfacet
  facet normal 0.99786 -0.0653842 0
    outer loop
      vertex -1.88375 0.247999 -19.9261
      vertex -1.9 0 -15
      vertex -1.9 0 -19.9261
    endloop
  endfacet
  facet normal 0.0653842 -0.99786 0
    outer loop
      vertex -0.247999 1.88375 -19.9261
      vertex 0 1.9 -15
      vertex -0.247999 1.88375 -15
    endloop
  endfacet
  facet normal 0.0653842 -0.99786 0
    outer loop
      vertex 0 1.9 -15
      vertex -0.247999 1.88375 -19.9261
      vertex 0 1.9 -19.9261
    endloop
  endfacet
  facet normal 0.659362 -0.751826 0
    outer loop
      vertex -1.3435 1.3435 -19.9261
      vertex -1.15665 1.50737 -15
      vertex -1.3435 1.3435 -15
    endloop
  endfacet
  facet normal 0.659362 -0.751826 0
    outer loop
      vertex -1.15665 1.50737 -15
      vertex -1.3435 1.3435 -19.9261
      vertex -1.15665 1.50737 -19.9261
    endloop
  endfacet
  facet normal -0.195105 0.980782 0
    outer loop
      vertex 0.491755 -1.83526 -19.9261
      vertex 0.247999 -1.88375 -15
      vertex 0.491755 -1.83526 -15
    endloop
  endfacet
  facet normal -0.195105 0.980782 0
    outer loop
      vertex 0.247999 -1.88375 -15
      vertex 0.491755 -1.83526 -19.9261
      vertex 0.247999 -1.88375 -19.9261
    endloop
  endfacet
  facet normal -0.980782 -0.195105 0
    outer loop
      vertex 1.88375 0.247999 -19.9261
      vertex 1.83526 0.491755 -15
      vertex 1.83526 0.491755 -19.9261
    endloop
  endfacet
  facet normal -0.980782 -0.195105 0
    outer loop
      vertex 1.83526 0.491755 -15
      vertex 1.88375 0.247999 -19.9261
      vertex 1.88375 0.247999 -15
    endloop
  endfacet
  facet normal -0.980782 0.195105 0
    outer loop
      vertex 1.83526 -0.491755 -19.9261
      vertex 1.88375 -0.247999 -15
      vertex 1.88375 -0.247999 -19.9261
    endloop
  endfacet
  facet normal -0.980782 0.195105 0
    outer loop
      vertex 1.88375 -0.247999 -15
      vertex 1.83526 -0.491755 -19.9261
      vertex 1.83526 -0.491755 -15
    endloop
  endfacet
  facet normal 0.99786 0.0653842 0
    outer loop
      vertex -1.88375 -0.247999 -15
      vertex -1.9 0 -19.9261
      vertex -1.9 0 -15
    endloop
  endfacet
  facet normal 0.99786 0.0653842 0
    outer loop
      vertex -1.9 0 -19.9261
      vertex -1.88375 -0.247999 -15
      vertex -1.88375 -0.247999 -19.9261
    endloop
  endfacet
  facet normal -0.659362 0.751826 0
    outer loop
      vertex 1.3435 -1.3435 -19.9261
      vertex 1.15665 -1.50737 -15
      vertex 1.3435 -1.3435 -15
    endloop
  endfacet
  facet normal -0.659362 0.751826 0
    outer loop
      vertex 1.15665 -1.50737 -15
      vertex 1.3435 -1.3435 -19.9261
      vertex 1.15665 -1.50737 -19.9261
    endloop
  endfacet
  facet normal 0.0653842 0.99786 -0
    outer loop
      vertex 0 -1.9 -19.9261
      vertex -0.247999 -1.88375 -15
      vertex 0 -1.9 -15
    endloop
  endfacet
  facet normal 0.0653842 0.99786 0
    outer loop
      vertex -0.247999 -1.88375 -15
      vertex 0 -1.9 -19.9261
      vertex -0.247999 -1.88375 -19.9261
    endloop
  endfacet
  facet normal 0.195105 0.980782 -0
    outer loop
      vertex -0.247999 -1.88375 -19.9261
      vertex -0.491755 -1.83526 -15
      vertex -0.247999 -1.88375 -15
    endloop
  endfacet
  facet normal 0.195105 0.980782 0
    outer loop
      vertex -0.491755 -1.83526 -15
      vertex -0.247999 -1.88375 -19.9261
      vertex -0.491755 -1.83526 -19.9261
    endloop
  endfacet
  facet normal -0.946928 -0.321446 0
    outer loop
      vertex 1.83526 0.491755 -19.9261
      vertex 1.75537 0.727098 -15
      vertex 1.75537 0.727098 -19.9261
    endloop
  endfacet
  facet normal -0.946928 -0.321446 0
    outer loop
      vertex 1.75537 0.727098 -15
      vertex 1.83526 0.491755 -19.9261
      vertex 1.83526 0.491755 -15
    endloop
  endfacet
  facet normal -0.831468 0.555573 0
    outer loop
      vertex 1.50737 -1.15665 -19.9261
      vertex 1.64545 -0.95 -15
      vertex 1.64545 -0.95 -19.9261
    endloop
  endfacet
  facet normal -0.831468 0.555573 0
    outer loop
      vertex 1.64545 -0.95 -15
      vertex 1.50737 -1.15665 -19.9261
      vertex 1.50737 -1.15665 -15
    endloop
  endfacet
  facet normal -0.751826 0.659362 0
    outer loop
      vertex 1.3435 -1.3435 -19.9261
      vertex 1.50737 -1.15665 -15
      vertex 1.50737 -1.15665 -19.9261
    endloop
  endfacet
  facet normal -0.751826 0.659362 0
    outer loop
      vertex 1.50737 -1.15665 -15
      vertex 1.3435 -1.3435 -19.9261
      vertex 1.3435 -1.3435 -15
    endloop
  endfacet
  facet normal -0.0653842 0.99786 0
    outer loop
      vertex 0.247999 -1.88375 -19.9261
      vertex 0 -1.9 -15
      vertex 0.247999 -1.88375 -15
    endloop
  endfacet
  facet normal -0.0653842 0.99786 0
    outer loop
      vertex 0 -1.9 -15
      vertex 0.247999 -1.88375 -19.9261
      vertex 0 -1.9 -19.9261
    endloop
  endfacet
  facet normal -0.195105 -0.980782 0
    outer loop
      vertex 0.247999 1.88375 -19.9261
      vertex 0.491755 1.83526 -15
      vertex 0.247999 1.88375 -15
    endloop
  endfacet
  facet normal -0.195105 -0.980782 -0
    outer loop
      vertex 0.491755 1.83526 -15
      vertex 0.247999 1.88375 -19.9261
      vertex 0.491755 1.83526 -19.9261
    endloop
  endfacet
  facet normal -0.99786 -0.0653842 0
    outer loop
      vertex 1.9 0 -19.9261
      vertex 1.88375 0.247999 -15
      vertex 1.88375 0.247999 -19.9261
    endloop
  endfacet
  facet normal -0.99786 -0.0653842 0
    outer loop
      vertex 1.88375 0.247999 -15
      vertex 1.9 0 -19.9261
      vertex 1.9 0 -15
    endloop
  endfacet
  facet normal -0.555573 -0.831468 0
    outer loop
      vertex 0.95 1.64545 -19.9261
      vertex 1.15665 1.50737 -15
      vertex 0.95 1.64545 -15
    endloop
  endfacet
  facet normal -0.555573 -0.831468 -0
    outer loop
      vertex 1.15665 1.50737 -15
      vertex 0.95 1.64545 -19.9261
      vertex 1.15665 1.50737 -19.9261
    endloop
  endfacet
  facet normal -0.99786 0.0653842 0
    outer loop
      vertex 1.88375 -0.247999 -19.9261
      vertex 1.9 0 -15
      vertex 1.9 0 -19.9261
    endloop
  endfacet
  facet normal -0.99786 0.0653842 0
    outer loop
      vertex 1.9 0 -15
      vertex 1.88375 -0.247999 -19.9261
      vertex 1.88375 -0.247999 -15
    endloop
  endfacet
  facet normal 0.751826 0.659362 0
    outer loop
      vertex -1.3435 -1.3435 -15
      vertex -1.50737 -1.15665 -19.9261
      vertex -1.50737 -1.15665 -15
    endloop
  endfacet
  facet normal 0.751826 0.659362 0
    outer loop
      vertex -1.50737 -1.15665 -19.9261
      vertex -1.3435 -1.3435 -15
      vertex -1.3435 -1.3435 -19.9261
    endloop
  endfacet
  facet normal 0.831468 -0.555573 0
    outer loop
      vertex -1.64545 0.95 -15
      vertex -1.50737 1.15665 -19.9261
      vertex -1.50737 1.15665 -15
    endloop
  endfacet
  facet normal 0.831468 -0.555573 0
    outer loop
      vertex -1.50737 1.15665 -19.9261
      vertex -1.64545 0.95 -15
      vertex -1.64545 0.95 -19.9261
    endloop
  endfacet
  facet normal -0.946928 0.321446 0
    outer loop
      vertex 1.75537 -0.727098 -19.9261
      vertex 1.83526 -0.491755 -15
      vertex 1.83526 -0.491755 -19.9261
    endloop
  endfacet
  facet normal -0.946928 0.321446 0
    outer loop
      vertex 1.83526 -0.491755 -15
      vertex 1.75537 -0.727098 -19.9261
      vertex 1.75537 -0.727098 -15
    endloop
  endfacet
  facet normal -0.442279 -0.896878 0
    outer loop
      vertex 0.727098 1.75537 -19.9261
      vertex 0.95 1.64545 -15
      vertex 0.727098 1.75537 -15
    endloop
  endfacet
  facet normal -0.442279 -0.896878 -0
    outer loop
      vertex 0.95 1.64545 -15
      vertex 0.727098 1.75537 -19.9261
      vertex 0.95 1.64545 -19.9261
    endloop
  endfacet
  facet normal 0.555573 -0.831468 0
    outer loop
      vertex -1.15665 1.50737 -19.9261
      vertex -0.95 1.64545 -15
      vertex -1.15665 1.50737 -15
    endloop
  endfacet
  facet normal 0.555573 -0.831468 0
    outer loop
      vertex -0.95 1.64545 -15
      vertex -1.15665 1.50737 -19.9261
      vertex -0.95 1.64545 -19.9261
    endloop
  endfacet
  facet normal -0.321446 -0.946928 0
    outer loop
      vertex 0.491755 1.83526 -19.9261
      vertex 0.727098 1.75537 -15
      vertex 0.491755 1.83526 -15
    endloop
  endfacet
  facet normal -0.321446 -0.946928 -0
    outer loop
      vertex 0.727098 1.75537 -15
      vertex 0.491755 1.83526 -19.9261
      vertex 0.727098 1.75537 -19.9261
    endloop
  endfacet
  facet normal -0.896878 0.442279 0
    outer loop
      vertex 1.64545 -0.95 -19.9261
      vertex 1.75537 -0.727098 -15
      vertex 1.75537 -0.727098 -19.9261
    endloop
  endfacet
  facet normal -0.896878 0.442279 0
    outer loop
      vertex 1.75537 -0.727098 -15
      vertex 1.64545 -0.95 -19.9261
      vertex 1.64545 -0.95 -15
    endloop
  endfacet
  facet normal 0.896878 0.442279 0
    outer loop
      vertex -1.64545 -0.95 -15
      vertex -1.75537 -0.727098 -19.9261
      vertex -1.75537 -0.727098 -15
    endloop
  endfacet
  facet normal 0.896878 0.442279 0
    outer loop
      vertex -1.75537 -0.727098 -19.9261
      vertex -1.64545 -0.95 -15
      vertex -1.64545 -0.95 -19.9261
    endloop
  endfacet
  facet normal -0.831468 -0.555573 0
    outer loop
      vertex 1.64545 0.95 -19.9261
      vertex 1.50737 1.15665 -15
      vertex 1.50737 1.15665 -19.9261
    endloop
  endfacet
  facet normal -0.831468 -0.555573 0
    outer loop
      vertex 1.50737 1.15665 -15
      vertex 1.64545 0.95 -19.9261
      vertex 1.64545 0.95 -15
    endloop
  endfacet
  facet normal -0.442279 0.896878 0
    outer loop
      vertex 0.95 -1.64545 -19.9261
      vertex 0.727098 -1.75537 -15
      vertex 0.95 -1.64545 -15
    endloop
  endfacet
  facet normal -0.442279 0.896878 0
    outer loop
      vertex 0.727098 -1.75537 -15
      vertex 0.95 -1.64545 -19.9261
      vertex 0.727098 -1.75537 -19.9261
    endloop
  endfacet
  facet normal 0.896878 -0.442279 0
    outer loop
      vertex -1.75537 0.727098 -15
      vertex -1.64545 0.95 -19.9261
      vertex -1.64545 0.95 -15
    endloop
  endfacet
  facet normal 0.896878 -0.442279 0
    outer loop
      vertex -1.64545 0.95 -19.9261
      vertex -1.75537 0.727098 -15
      vertex -1.75537 0.727098 -19.9261
    endloop
  endfacet
  facet normal 0.946928 0.321446 0
    outer loop
      vertex -1.75537 -0.727098 -15
      vertex -1.83526 -0.491755 -19.9261
      vertex -1.83526 -0.491755 -15
    endloop
  endfacet
  facet normal 0.946928 0.321446 0
    outer loop
      vertex -1.83526 -0.491755 -19.9261
      vertex -1.75537 -0.727098 -15
      vertex -1.75537 -0.727098 -19.9261
    endloop
  endfacet
  facet normal 0.442279 -0.896878 0
    outer loop
      vertex -0.95 1.64545 -19.9261
      vertex -0.727098 1.75537 -15
      vertex -0.95 1.64545 -15
    endloop
  endfacet
  facet normal 0.442279 -0.896878 0
    outer loop
      vertex -0.727098 1.75537 -15
      vertex -0.95 1.64545 -19.9261
      vertex -0.727098 1.75537 -19.9261
    endloop
  endfacet
  facet normal 0.442279 0.896878 -0
    outer loop
      vertex -0.727098 -1.75537 -19.9261
      vertex -0.95 -1.64545 -15
      vertex -0.727098 -1.75537 -15
    endloop
  endfacet
  facet normal 0.442279 0.896878 0
    outer loop
      vertex -0.95 -1.64545 -15
      vertex -0.727098 -1.75537 -19.9261
      vertex -0.95 -1.64545 -19.9261
    endloop
  endfacet
  facet normal 0.195105 -0.980782 0
    outer loop
      vertex -0.491755 1.83526 -19.9261
      vertex -0.247999 1.88375 -15
      vertex -0.491755 1.83526 -15
    endloop
  endfacet
  facet normal 0.195105 -0.980782 0
    outer loop
      vertex -0.247999 1.88375 -15
      vertex -0.491755 1.83526 -19.9261
      vertex -0.247999 1.88375 -19.9261
    endloop
  endfacet
  facet normal 0.946928 -0.321446 0
    outer loop
      vertex -1.83526 0.491755 -15
      vertex -1.75537 0.727098 -19.9261
      vertex -1.75537 0.727098 -15
    endloop
  endfacet
  facet normal 0.946928 -0.321446 0
    outer loop
      vertex -1.75537 0.727098 -19.9261
      vertex -1.83526 0.491755 -15
      vertex -1.83526 0.491755 -19.9261
    endloop
  endfacet
  facet normal 0.321446 0.946928 -0
    outer loop
      vertex -0.491755 -1.83526 -19.9261
      vertex -0.727098 -1.75537 -15
      vertex -0.491755 -1.83526 -15
    endloop
  endfacet
  facet normal 0.321446 0.946928 0
    outer loop
      vertex -0.727098 -1.75537 -15
      vertex -0.491755 -1.83526 -19.9261
      vertex -0.727098 -1.75537 -19.9261
    endloop
  endfacet
  facet normal -0.0653842 -0.99786 0
    outer loop
      vertex 0 1.9 -19.9261
      vertex 0.247999 1.88375 -15
      vertex 0 1.9 -15
    endloop
  endfacet
  facet normal -0.0653842 -0.99786 -0
    outer loop
      vertex 0.247999 1.88375 -15
      vertex 0 1.9 -19.9261
      vertex 0.247999 1.88375 -19.9261
    endloop
  endfacet
  facet normal -0.751826 -0.659362 0
    outer loop
      vertex 1.50737 1.15665 -19.9261
      vertex 1.3435 1.3435 -15
      vertex 1.3435 1.3435 -19.9261
    endloop
  endfacet
  facet normal -0.751826 -0.659362 0
    outer loop
      vertex 1.3435 1.3435 -15
      vertex 1.50737 1.15665 -19.9261
      vertex 1.50737 1.15665 -15
    endloop
  endfacet
  facet normal -0.321446 0.946928 0
    outer loop
      vertex 0.727098 -1.75537 -19.9261
      vertex 0.491755 -1.83526 -15
      vertex 0.727098 -1.75537 -15
    endloop
  endfacet
  facet normal -0.321446 0.946928 0
    outer loop
      vertex 0.491755 -1.83526 -15
      vertex 0.727098 -1.75537 -19.9261
      vertex 0.491755 -1.83526 -19.9261
    endloop
  endfacet
  facet normal 0.980782 0.195105 0
    outer loop
      vertex -1.83526 -0.491755 -15
      vertex -1.88375 -0.247999 -19.9261
      vertex -1.88375 -0.247999 -15
    endloop
  endfacet
  facet normal 0.980782 0.195105 0
    outer loop
      vertex -1.88375 -0.247999 -19.9261
      vertex -1.83526 -0.491755 -15
      vertex -1.83526 -0.491755 -19.9261
    endloop
  endfacet
  facet normal 0.555573 0.831468 -0
    outer loop
      vertex -0.95 -1.64545 -19.9261
      vertex -1.15665 -1.50737 -15
      vertex -0.95 -1.64545 -15
    endloop
  endfacet
  facet normal 0.555573 0.831468 0
    outer loop
      vertex -1.15665 -1.50737 -15
      vertex -0.95 -1.64545 -19.9261
      vertex -1.15665 -1.50737 -19.9261
    endloop
  endfacet
  facet normal 0.751826 -0.659362 0
    outer loop
      vertex -1.50737 1.15665 -15
      vertex -1.3435 1.3435 -19.9261
      vertex -1.3435 1.3435 -15
    endloop
  endfacet
  facet normal 0.751826 -0.659362 0
    outer loop
      vertex -1.3435 1.3435 -19.9261
      vertex -1.50737 1.15665 -15
      vertex -1.50737 1.15665 -19.9261
    endloop
  endfacet
  facet normal 0.659362 0.751826 -0
    outer loop
      vertex -1.15665 -1.50737 -19.9261
      vertex -1.3435 -1.3435 -15
      vertex -1.15665 -1.50737 -15
    endloop
  endfacet
  facet normal 0.659362 0.751826 0
    outer loop
      vertex -1.3435 -1.3435 -15
      vertex -1.15665 -1.50737 -19.9261
      vertex -1.3435 -1.3435 -19.9261
    endloop
  endfacet
  facet normal -0.555573 0.831468 0
    outer loop
      vertex 1.15665 -1.50737 -19.9261
      vertex 0.95 -1.64545 -15
      vertex 1.15665 -1.50737 -15
    endloop
  endfacet
  facet normal -0.555573 0.831468 0
    outer loop
      vertex 0.95 -1.64545 -15
      vertex 1.15665 -1.50737 -19.9261
      vertex 0.95 -1.64545 -19.9261
    endloop
  endfacet
  facet normal -0.659362 -0.751826 0
    outer loop
      vertex 1.15665 1.50737 -19.9261
      vertex 1.3435 1.3435 -15
      vertex 1.15665 1.50737 -15
    endloop
  endfacet
  facet normal -0.659362 -0.751826 -0
    outer loop
      vertex 1.3435 1.3435 -15
      vertex 1.15665 1.50737 -19.9261
      vertex 1.3435 1.3435 -19.9261
    endloop
  endfacet
  facet normal 0.980782 -0.195105 0
    outer loop
      vertex -1.88375 0.247999 -15
      vertex -1.83526 0.491755 -19.9261
      vertex -1.83526 0.491755 -15
    endloop
  endfacet
  facet normal 0.980782 -0.195105 0
    outer loop
      vertex -1.83526 0.491755 -19.9261
      vertex -1.88375 0.247999 -15
      vertex -1.88375 0.247999 -19.9261
    endloop
  endfacet
  facet normal 0.980787 0.195079 0
    outer loop
      vertex -4.34667 -1.16469 -0.0738707
      vertex -4.4615 -0.587367 -15
      vertex -4.4615 -0.587367 -0.0738707
    endloop
  endfacet
  facet normal 0.980787 0.195079 0
    outer loop
      vertex -4.4615 -0.587367 -15
      vertex -4.34667 -1.16469 -0.0738707
      vertex -4.34667 -1.16469 -15
    endloop
  endfacet
  facet normal 0.831475 -0.555562 0
    outer loop
      vertex -3.89711 2.25 -0.0738707
      vertex -3.57009 2.73943 -15
      vertex -3.57009 2.73943 -0.0738707
    endloop
  endfacet
  facet normal 0.831475 -0.555562 0
    outer loop
      vertex -3.57009 2.73943 -15
      vertex -3.89711 2.25 -0.0738707
      vertex -3.89711 2.25 -15
    endloop
  endfacet
  facet normal -0.980787 -0.195079 0
    outer loop
      vertex 4.4615 0.587367 -15
      vertex 4.34667 1.16469 -0.0738707
      vertex 4.34667 1.16469 -15
    endloop
  endfacet
  facet normal -0.980787 -0.195079 0
    outer loop
      vertex 4.34667 1.16469 -0.0738707
      vertex 4.4615 0.587367 -15
      vertex 4.4615 0.587367 -0.0738707
    endloop
  endfacet
  facet normal -0.997859 0.0654064 0
    outer loop
      vertex 4.4615 -0.587367 -15
      vertex 4.5 0 -0.0738707
      vertex 4.5 0 -15
    endloop
  endfacet
  facet normal -0.997859 0.0654064 0
    outer loop
      vertex 4.5 0 -0.0738707
      vertex 4.4615 -0.587367 -15
      vertex 4.4615 -0.587367 -0.0738707
    endloop
  endfacet
  facet normal -0.751836 0.65935 0
    outer loop
      vertex 3.18198 -3.18198 -15
      vertex 3.57009 -2.73943 -0.0738707
      vertex 3.57009 -2.73943 -15
    endloop
  endfacet
  facet normal -0.751836 0.65935 0
    outer loop
      vertex 3.57009 -2.73943 -0.0738707
      vertex 3.18198 -3.18198 -15
      vertex 3.18198 -3.18198 -0.0738707
    endloop
  endfacet
  facet normal 0.751836 -0.65935 0
    outer loop
      vertex -3.57009 2.73943 -0.0738707
      vertex -3.18198 3.18198 -15
      vertex -3.18198 3.18198 -0.0738707
    endloop
  endfacet
  facet normal 0.751836 -0.65935 0
    outer loop
      vertex -3.18198 3.18198 -15
      vertex -3.57009 2.73943 -0.0738707
      vertex -3.57009 2.73943 -15
    endloop
  endfacet
  facet normal -0.195079 -0.980787 0
    outer loop
      vertex 0.587367 4.4615 -15
      vertex 1.16469 4.34667 -0.0738707
      vertex 0.587367 4.4615 -0.0738707
    endloop
  endfacet
  facet normal -0.195079 -0.980787 -0
    outer loop
      vertex 1.16469 4.34667 -0.0738707
      vertex 0.587367 4.4615 -15
      vertex 1.16469 4.34667 -15
    endloop
  endfacet
  facet normal -0.751836 -0.65935 0
    outer loop
      vertex 3.57009 2.73943 -15
      vertex 3.18198 3.18198 -0.0738707
      vertex 3.18198 3.18198 -15
    endloop
  endfacet
  facet normal -0.751836 -0.65935 0
    outer loop
      vertex 3.18198 3.18198 -0.0738707
      vertex 3.57009 2.73943 -15
      vertex 3.57009 2.73943 -0.0738707
    endloop
  endfacet
  facet normal 0.831475 0.555562 0
    outer loop
      vertex -3.57009 -2.73943 -0.0738707
      vertex -3.89711 -2.25 -15
      vertex -3.89711 -2.25 -0.0738707
    endloop
  endfacet
  facet normal 0.831475 0.555562 0
    outer loop
      vertex -3.89711 -2.25 -15
      vertex -3.57009 -2.73943 -0.0738707
      vertex -3.57009 -2.73943 -15
    endloop
  endfacet
  facet normal 0.555562 0.831475 -0
    outer loop
      vertex -2.25 -3.89711 -15
      vertex -2.73943 -3.57009 -0.0738707
      vertex -2.25 -3.89711 -0.0738707
    endloop
  endfacet
  facet normal 0.555562 0.831475 0
    outer loop
      vertex -2.73943 -3.57009 -0.0738707
      vertex -2.25 -3.89711 -15
      vertex -2.73943 -3.57009 -15
    endloop
  endfacet
  facet normal -0.442294 0.89687 0
    outer loop
      vertex 2.25 -3.89711 -15
      vertex 1.72207 -4.15746 -0.0738707
      vertex 2.25 -3.89711 -0.0738707
    endloop
  endfacet
  facet normal -0.442294 0.89687 0
    outer loop
      vertex 1.72207 -4.15746 -0.0738707
      vertex 2.25 -3.89711 -15
      vertex 1.72207 -4.15746 -15
    endloop
  endfacet
  facet normal 0.946928 -0.321447 0
    outer loop
      vertex -4.34667 1.16469 -0.0738707
      vertex -4.15746 1.72207 -15
      vertex -4.15746 1.72207 -0.0738707
    endloop
  endfacet
  facet normal 0.946928 -0.321447 0
    outer loop
      vertex -4.15746 1.72207 -15
      vertex -4.34667 1.16469 -0.0738707
      vertex -4.34667 1.16469 -15
    endloop
  endfacet
  facet normal 0.442294 0.89687 -0
    outer loop
      vertex -1.72207 -4.15746 -15
      vertex -2.25 -3.89711 -0.0738707
      vertex -1.72207 -4.15746 -0.0738707
    endloop
  endfacet
  facet normal 0.442294 0.89687 0
    outer loop
      vertex -2.25 -3.89711 -0.0738707
      vertex -1.72207 -4.15746 -15
      vertex -2.25 -3.89711 -15
    endloop
  endfacet
  facet normal 0.321447 0.946928 -0
    outer loop
      vertex -1.16469 -4.34667 -15
      vertex -1.72207 -4.15746 -0.0738707
      vertex -1.16469 -4.34667 -0.0738707
    endloop
  endfacet
  facet normal 0.321447 0.946928 0
    outer loop
      vertex -1.72207 -4.15746 -0.0738707
      vertex -1.16469 -4.34667 -15
      vertex -1.72207 -4.15746 -15
    endloop
  endfacet
  facet normal 0.997859 0.0654064 0
    outer loop
      vertex -4.4615 -0.587367 -0.0738707
      vertex -4.5 0 -15
      vertex -4.5 0 -0.0738707
    endloop
  endfacet
  facet normal 0.997859 0.0654064 0
    outer loop
      vertex -4.5 0 -15
      vertex -4.4615 -0.587367 -0.0738707
      vertex -4.4615 -0.587367 -15
    endloop
  endfacet
  facet normal -0.65935 -0.751836 0
    outer loop
      vertex 2.73943 3.57009 -15
      vertex 3.18198 3.18198 -0.0738707
      vertex 2.73943 3.57009 -0.0738707
    endloop
  endfacet
  facet normal -0.65935 -0.751836 -0
    outer loop
      vertex 3.18198 3.18198 -0.0738707
      vertex 2.73943 3.57009 -15
      vertex 3.18198 3.18198 -15
    endloop
  endfacet
  facet normal -0.997859 -0.0654064 0
    outer loop
      vertex 4.5 0 -15
      vertex 4.4615 0.587367 -0.0738707
      vertex 4.4615 0.587367 -15
    endloop
  endfacet
  facet normal -0.997859 -0.0654064 0
    outer loop
      vertex 4.4615 0.587367 -0.0738707
      vertex 4.5 0 -15
      vertex 4.5 0 -0.0738707
    endloop
  endfacet
  facet normal 0.946928 0.321447 0
    outer loop
      vertex -4.15746 -1.72207 -0.0738707
      vertex -4.34667 -1.16469 -15
      vertex -4.34667 -1.16469 -0.0738707
    endloop
  endfacet
  facet normal 0.946928 0.321447 0
    outer loop
      vertex -4.34667 -1.16469 -15
      vertex -4.15746 -1.72207 -0.0738707
      vertex -4.15746 -1.72207 -15
    endloop
  endfacet
  facet normal -0.89687 0.442294 0
    outer loop
      vertex 3.89711 -2.25 -15
      vertex 4.15746 -1.72207 -0.0738707
      vertex 4.15746 -1.72207 -15
    endloop
  endfacet
  facet normal -0.89687 0.442294 0
    outer loop
      vertex 4.15746 -1.72207 -0.0738707
      vertex 3.89711 -2.25 -15
      vertex 3.89711 -2.25 -0.0738707
    endloop
  endfacet
  facet normal 0.89687 -0.442294 0
    outer loop
      vertex -4.15746 1.72207 -0.0738707
      vertex -3.89711 2.25 -15
      vertex -3.89711 2.25 -0.0738707
    endloop
  endfacet
  facet normal 0.89687 -0.442294 0
    outer loop
      vertex -3.89711 2.25 -15
      vertex -4.15746 1.72207 -0.0738707
      vertex -4.15746 1.72207 -15
    endloop
  endfacet
  facet normal 0.0654064 0.997859 -0
    outer loop
      vertex 0 -4.5 -15
      vertex -0.587367 -4.4615 -0.0738707
      vertex 0 -4.5 -0.0738707
    endloop
  endfacet
  facet normal 0.0654064 0.997859 0
    outer loop
      vertex -0.587367 -4.4615 -0.0738707
      vertex 0 -4.5 -15
      vertex -0.587367 -4.4615 -15
    endloop
  endfacet
  facet normal -0.321447 -0.946928 0
    outer loop
      vertex 1.16469 4.34667 -15
      vertex 1.72207 4.15746 -0.0738707
      vertex 1.16469 4.34667 -0.0738707
    endloop
  endfacet
  facet normal -0.321447 -0.946928 -0
    outer loop
      vertex 1.72207 4.15746 -0.0738707
      vertex 1.16469 4.34667 -15
      vertex 1.72207 4.15746 -15
    endloop
  endfacet
  facet normal -0.89687 -0.442294 0
    outer loop
      vertex 4.15746 1.72207 -15
      vertex 3.89711 2.25 -0.0738707
      vertex 3.89711 2.25 -15
    endloop
  endfacet
  facet normal -0.89687 -0.442294 0
    outer loop
      vertex 3.89711 2.25 -0.0738707
      vertex 4.15746 1.72207 -15
      vertex 4.15746 1.72207 -0.0738707
    endloop
  endfacet
  facet normal -0.831475 -0.555562 0
    outer loop
      vertex 3.89711 2.25 -15
      vertex 3.57009 2.73943 -0.0738707
      vertex 3.57009 2.73943 -15
    endloop
  endfacet
  facet normal -0.831475 -0.555562 0
    outer loop
      vertex 3.57009 2.73943 -0.0738707
      vertex 3.89711 2.25 -15
      vertex 3.89711 2.25 -0.0738707
    endloop
  endfacet
  facet normal -0.946928 -0.321447 0
    outer loop
      vertex 4.34667 1.16469 -15
      vertex 4.15746 1.72207 -0.0738707
      vertex 4.15746 1.72207 -15
    endloop
  endfacet
  facet normal -0.946928 -0.321447 0
    outer loop
      vertex 4.15746 1.72207 -0.0738707
      vertex 4.34667 1.16469 -15
      vertex 4.34667 1.16469 -0.0738707
    endloop
  endfacet
  facet normal -0.555562 -0.831475 0
    outer loop
      vertex 2.25 3.89711 -15
      vertex 2.73943 3.57009 -0.0738707
      vertex 2.25 3.89711 -0.0738707
    endloop
  endfacet
  facet normal -0.555562 -0.831475 -0
    outer loop
      vertex 2.73943 3.57009 -0.0738707
      vertex 2.25 3.89711 -15
      vertex 2.73943 3.57009 -15
    endloop
  endfacet
  facet normal 0.195079 -0.980787 0
    outer loop
      vertex -1.16469 4.34667 -15
      vertex -0.587367 4.4615 -0.0738707
      vertex -1.16469 4.34667 -0.0738707
    endloop
  endfacet
  facet normal 0.195079 -0.980787 0
    outer loop
      vertex -0.587367 4.4615 -0.0738707
      vertex -1.16469 4.34667 -15
      vertex -0.587367 4.4615 -15
    endloop
  endfacet
  facet normal -0.321447 0.946928 0
    outer loop
      vertex 1.72207 -4.15746 -15
      vertex 1.16469 -4.34667 -0.0738707
      vertex 1.72207 -4.15746 -0.0738707
    endloop
  endfacet
  facet normal -0.321447 0.946928 0
    outer loop
      vertex 1.16469 -4.34667 -0.0738707
      vertex 1.72207 -4.15746 -15
      vertex 1.16469 -4.34667 -15
    endloop
  endfacet
  facet normal -0.442294 -0.89687 0
    outer loop
      vertex 1.72207 4.15746 -15
      vertex 2.25 3.89711 -0.0738707
      vertex 1.72207 4.15746 -0.0738707
    endloop
  endfacet
  facet normal -0.442294 -0.89687 -0
    outer loop
      vertex 2.25 3.89711 -0.0738707
      vertex 1.72207 4.15746 -15
      vertex 2.25 3.89711 -15
    endloop
  endfacet
  facet normal -0.0654064 0.997859 0
    outer loop
      vertex 0.587367 -4.4615 -15
      vertex 0 -4.5 -0.0738707
      vertex 0.587367 -4.4615 -0.0738707
    endloop
  endfacet
  facet normal -0.0654064 0.997859 0
    outer loop
      vertex 0 -4.5 -0.0738707
      vertex 0.587367 -4.4615 -15
      vertex 0 -4.5 -15
    endloop
  endfacet
  facet normal 0.0654064 -0.997859 0
    outer loop
      vertex -0.587367 4.4615 -15
      vertex 0 4.5 -0.0738707
      vertex -0.587367 4.4615 -0.0738707
    endloop
  endfacet
  facet normal 0.0654064 -0.997859 0
    outer loop
      vertex 0 4.5 -0.0738707
      vertex -0.587367 4.4615 -15
      vertex 0 4.5 -15
    endloop
  endfacet
  facet normal -0.980787 0.195079 0
    outer loop
      vertex 4.34667 -1.16469 -15
      vertex 4.4615 -0.587367 -0.0738707
      vertex 4.4615 -0.587367 -15
    endloop
  endfacet
  facet normal -0.980787 0.195079 0
    outer loop
      vertex 4.4615 -0.587367 -0.0738707
      vertex 4.34667 -1.16469 -15
      vertex 4.34667 -1.16469 -0.0738707
    endloop
  endfacet
  facet normal -0.195079 0.980787 0
    outer loop
      vertex 1.16469 -4.34667 -15
      vertex 0.587367 -4.4615 -0.0738707
      vertex 1.16469 -4.34667 -0.0738707
    endloop
  endfacet
  facet normal -0.195079 0.980787 0
    outer loop
      vertex 0.587367 -4.4615 -0.0738707
      vertex 1.16469 -4.34667 -15
      vertex 0.587367 -4.4615 -15
    endloop
  endfacet
  facet normal 0.442294 -0.89687 0
    outer loop
      vertex -2.25 3.89711 -15
      vertex -1.72207 4.15746 -0.0738707
      vertex -2.25 3.89711 -0.0738707
    endloop
  endfacet
  facet normal 0.442294 -0.89687 0
    outer loop
      vertex -1.72207 4.15746 -0.0738707
      vertex -2.25 3.89711 -15
      vertex -1.72207 4.15746 -15
    endloop
  endfacet
  facet normal -0.65935 0.751836 0
    outer loop
      vertex 3.18198 -3.18198 -15
      vertex 2.73943 -3.57009 -0.0738707
      vertex 3.18198 -3.18198 -0.0738707
    endloop
  endfacet
  facet normal -0.65935 0.751836 0
    outer loop
      vertex 2.73943 -3.57009 -0.0738707
      vertex 3.18198 -3.18198 -15
      vertex 2.73943 -3.57009 -15
    endloop
  endfacet
  facet normal 0.321447 -0.946928 0
    outer loop
      vertex -1.72207 4.15746 -15
      vertex -1.16469 4.34667 -0.0738707
      vertex -1.72207 4.15746 -0.0738707
    endloop
  endfacet
  facet normal 0.321447 -0.946928 0
    outer loop
      vertex -1.16469 4.34667 -0.0738707
      vertex -1.72207 4.15746 -15
      vertex -1.16469 4.34667 -15
    endloop
  endfacet
  facet normal 0.89687 0.442294 0
    outer loop
      vertex -3.89711 -2.25 -0.0738707
      vertex -4.15746 -1.72207 -15
      vertex -4.15746 -1.72207 -0.0738707
    endloop
  endfacet
  facet normal 0.89687 0.442294 0
    outer loop
      vertex -4.15746 -1.72207 -15
      vertex -3.89711 -2.25 -0.0738707
      vertex -3.89711 -2.25 -15
    endloop
  endfacet
  facet normal -0.831475 0.555562 0
    outer loop
      vertex 3.57009 -2.73943 -15
      vertex 3.89711 -2.25 -0.0738707
      vertex 3.89711 -2.25 -15
    endloop
  endfacet
  facet normal -0.831475 0.555562 0
    outer loop
      vertex 3.89711 -2.25 -0.0738707
      vertex 3.57009 -2.73943 -15
      vertex 3.57009 -2.73943 -0.0738707
    endloop
  endfacet
  facet normal -0.0654064 -0.997859 0
    outer loop
      vertex 0 4.5 -15
      vertex 0.587367 4.4615 -0.0738707
      vertex 0 4.5 -0.0738707
    endloop
  endfacet
  facet normal -0.0654064 -0.997859 -0
    outer loop
      vertex 0.587367 4.4615 -0.0738707
      vertex 0 4.5 -15
      vertex 0.587367 4.4615 -15
    endloop
  endfacet
  facet normal -0.946928 0.321447 0
    outer loop
      vertex 4.15746 -1.72207 -15
      vertex 4.34667 -1.16469 -0.0738707
      vertex 4.34667 -1.16469 -15
    endloop
  endfacet
  facet normal -0.946928 0.321447 0
    outer loop
      vertex 4.34667 -1.16469 -0.0738707
      vertex 4.15746 -1.72207 -15
      vertex 4.15746 -1.72207 -0.0738707
    endloop
  endfacet
  facet normal 0.980787 -0.195079 0
    outer loop
      vertex -4.4615 0.587367 -0.0738707
      vertex -4.34667 1.16469 -15
      vertex -4.34667 1.16469 -0.0738707
    endloop
  endfacet
  facet normal 0.980787 -0.195079 0
    outer loop
      vertex -4.34667 1.16469 -15
      vertex -4.4615 0.587367 -0.0738707
      vertex -4.4615 0.587367 -15
    endloop
  endfacet
  facet normal 0.65935 -0.751836 0
    outer loop
      vertex -3.18198 3.18198 -15
      vertex -2.73943 3.57009 -0.0738707
      vertex -3.18198 3.18198 -0.0738707
    endloop
  endfacet
  facet normal 0.65935 -0.751836 0
    outer loop
      vertex -2.73943 3.57009 -0.0738707
      vertex -3.18198 3.18198 -15
      vertex -2.73943 3.57009 -15
    endloop
  endfacet
  facet normal 0.555562 -0.831475 0
    outer loop
      vertex -2.73943 3.57009 -15
      vertex -2.25 3.89711 -0.0738707
      vertex -2.73943 3.57009 -0.0738707
    endloop
  endfacet
  facet normal 0.555562 -0.831475 0
    outer loop
      vertex -2.25 3.89711 -0.0738707
      vertex -2.73943 3.57009 -15
      vertex -2.25 3.89711 -15
    endloop
  endfacet
  facet normal 0.751836 0.65935 0
    outer loop
      vertex -3.18198 -3.18198 -0.0738707
      vertex -3.57009 -2.73943 -15
      vertex -3.57009 -2.73943 -0.0738707
    endloop
  endfacet
  facet normal 0.751836 0.65935 0
    outer loop
      vertex -3.57009 -2.73943 -15
      vertex -3.18198 -3.18198 -0.0738707
      vertex -3.18198 -3.18198 -15
    endloop
  endfacet
  facet normal 0.997859 -0.0654064 0
    outer loop
      vertex -4.5 0 -0.0738707
      vertex -4.4615 0.587367 -15
      vertex -4.4615 0.587367 -0.0738707
    endloop
  endfacet
  facet normal 0.997859 -0.0654064 0
    outer loop
      vertex -4.4615 0.587367 -15
      vertex -4.5 0 -0.0738707
      vertex -4.5 0 -15
    endloop
  endfacet
  facet normal 0 0 1
    outer loop
      vertex 1.9 0 -15
      vertex 4.5 0 -15
      vertex 4.4615 0.587367 -15
    endloop
  endfacet
  facet normal 0 0 1
    outer loop
      vertex 1.88375 0.247999 -15
      vertex 4.4615 0.587367 -15
      vertex 4.34667 1.16469 -15
    endloop
  endfacet
  facet normal 0 0 1
    outer loop
      vertex 4.5 0 -15
      vertex 1.9 0 -15
      vertex 4.4615 -0.587367 -15
    endloop
  endfacet
  facet normal 0 0 1
    outer loop
      vertex 1.83526 0.491755 -15
      vertex 4.34667 1.16469 -15
      vertex 4.15746 1.72207 -15
    endloop
  endfacet
  facet normal -0 0 1
    outer loop
      vertex 1.88375 -0.247999 -15
      vertex 4.4615 -0.587367 -15
      vertex 1.9 0 -15
    endloop
  endfacet
  facet normal 0 0 1
    outer loop
      vertex 1.75537 0.727098 -15
      vertex 4.15746 1.72207 -15
      vertex 3.89711 2.25 -15
    endloop
  endfacet
  facet normal 0 0 1
    outer loop
      vertex 4.4615 -0.587367 -15
      vertex 1.88375 -0.247999 -15
      vertex 4.34667 -1.16469 -15
    endloop
  endfacet
  facet normal 0 0 1
    outer loop
      vertex 1.64545 0.95 -15
      vertex 3.89711 2.25 -15
      vertex 3.57009 2.73943 -15
    endloop
  endfacet
  facet normal -0 0 1
    outer loop
      vertex 1.83526 -0.491755 -15
      vertex 4.34667 -1.16469 -15
      vertex 1.88375 -0.247999 -15
    endloop
  endfacet
  facet normal 0 0 1
    outer loop
      vertex 1.50737 1.15665 -15
      vertex 3.57009 2.73943 -15
      vertex 3.18198 3.18198 -15
    endloop
  endfacet
  facet normal 0 0 1
    outer loop
      vertex 4.34667 -1.16469 -15
      vertex 1.83526 -0.491755 -15
      vertex 4.15746 -1.72207 -15
    endloop
  endfacet
  facet normal 0 0 1
    outer loop
      vertex 1.3435 1.3435 -15
      vertex 3.18198 3.18198 -15
      vertex 2.73943 3.57009 -15
    endloop
  endfacet
  facet normal -0 0 1
    outer loop
      vertex 1.75537 -0.727098 -15
      vertex 4.15746 -1.72207 -15
      vertex 1.83526 -0.491755 -15
    endloop
  endfacet
  facet normal 0 0 1
    outer loop
      vertex 1.15665 1.50737 -15
      vertex 2.73943 3.57009 -15
      vertex 2.25 3.89711 -15
    endloop
  endfacet
  facet normal 0 0 1
    outer loop
      vertex 4.15746 -1.72207 -15
      vertex 1.75537 -0.727098 -15
      vertex 3.89711 -2.25 -15
    endloop
  endfacet
  facet normal -0 0 1
    outer loop
      vertex 1.64545 -0.95 -15
      vertex 3.89711 -2.25 -15
      vertex 1.75537 -0.727098 -15
    endloop
  endfacet
  facet normal 0 0 1
    outer loop
      vertex 4.4615 0.587367 -15
      vertex 1.88375 0.247999 -15
      vertex 1.9 0 -15
    endloop
  endfacet
  facet normal 0 0 1
    outer loop
      vertex 4.34667 1.16469 -15
      vertex 1.83526 0.491755 -15
      vertex 1.88375 0.247999 -15
    endloop
  endfacet
  facet normal 0 0 1
    outer loop
      vertex 4.15746 1.72207 -15
      vertex 1.75537 0.727098 -15
      vertex 1.83526 0.491755 -15
    endloop
  endfacet
  facet normal 0 0 1
    outer loop
      vertex 0.95 1.64545 -15
      vertex 2.25 3.89711 -15
      vertex 1.72207 4.15746 -15
    endloop
  endfacet
  facet normal 0 0 1
    outer loop
      vertex 3.89711 2.25 -15
      vertex 1.64545 0.95 -15
      vertex 1.75537 0.727098 -15
    endloop
  endfacet
  facet normal 0 0 1
    outer loop
      vertex 3.57009 2.73943 -15
      vertex 1.50737 1.15665 -15
      vertex 1.64545 0.95 -15
    endloop
  endfacet
  facet normal 0 0 1
    outer loop
      vertex 3.18198 3.18198 -15
      vertex 1.3435 1.3435 -15
      vertex 1.50737 1.15665 -15
    endloop
  endfacet
  facet normal 0 0 1
    outer loop
      vertex 0.727098 1.75537 -15
      vertex 1.72207 4.15746 -15
      vertex 1.16469 4.34667 -15
    endloop
  endfacet
  facet normal 0 0 1
    outer loop
      vertex 2.73943 3.57009 -15
      vertex 1.15665 1.50737 -15
      vertex 1.3435 1.3435 -15
    endloop
  endfacet
  facet normal 0 0 1
    outer loop
      vertex 2.25 3.89711 -15
      vertex 0.95 1.64545 -15
      vertex 1.15665 1.50737 -15
    endloop
  endfacet
  facet normal 0 0 1
    outer loop
      vertex 1.72207 4.15746 -15
      vertex 0.727098 1.75537 -15
      vertex 0.95 1.64545 -15
    endloop
  endfacet
  facet normal 0 0 1
    outer loop
      vertex 0.491755 1.83526 -15
      vertex 1.16469 4.34667 -15
      vertex 0.587367 4.4615 -15
    endloop
  endfacet
  facet normal 0 0 1
    outer loop
      vertex 1.16469 4.34667 -15
      vertex 0.491755 1.83526 -15
      vertex 0.727098 1.75537 -15
    endloop
  endfacet
  facet normal 0 0 1
    outer loop
      vertex 0.587367 4.4615 -15
      vertex 0.247999 1.88375 -15
      vertex 0.491755 1.83526 -15
    endloop
  endfacet
  facet normal 0 0 1
    outer loop
      vertex 0 4.5 -15
      vertex 0.247999 1.88375 -15
      vertex 0.587367 4.4615 -15
    endloop
  endfacet
  facet normal 0 0 1
    outer loop
      vertex 0 4.5 -15
      vertex 0 1.9 -15
      vertex 0.247999 1.88375 -15
    endloop
  endfacet
  facet normal 0 0 1
    outer loop
      vertex 0 4.5 -15
      vertex -0.247999 1.88375 -15
      vertex 0 1.9 -15
    endloop
  endfacet
  facet normal -0 0 1
    outer loop
      vertex -0.587367 4.4615 -15
      vertex -0.247999 1.88375 -15
      vertex 0 4.5 -15
    endloop
  endfacet
  facet normal 0 0 1
    outer loop
      vertex -0.247999 1.88375 -15
      vertex -0.587367 4.4615 -15
      vertex -0.491755 1.83526 -15
    endloop
  endfacet
  facet normal -0 0 1
    outer loop
      vertex -1.16469 4.34667 -15
      vertex -0.491755 1.83526 -15
      vertex -0.587367 4.4615 -15
    endloop
  endfacet
  facet normal 0 0 1
    outer loop
      vertex -0.491755 1.83526 -15
      vertex -1.16469 4.34667 -15
      vertex -0.727098 1.75537 -15
    endloop
  endfacet
  facet normal -0 0 1
    outer loop
      vertex -1.72207 4.15746 -15
      vertex -0.727098 1.75537 -15
      vertex -1.16469 4.34667 -15
    endloop
  endfacet
  facet normal 0 0 1
    outer loop
      vertex -0.727098 1.75537 -15
      vertex -1.72207 4.15746 -15
      vertex -0.95 1.64545 -15
    endloop
  endfacet
  facet normal -0 0 1
    outer loop
      vertex -2.25 3.89711 -15
      vertex -0.95 1.64545 -15
      vertex -1.72207 4.15746 -15
    endloop
  endfacet
  facet normal 0 0 1
    outer loop
      vertex -0.95 1.64545 -15
      vertex -2.25 3.89711 -15
      vertex -1.15665 1.50737 -15
    endloop
  endfacet
  facet normal -0 0 1
    outer loop
      vertex -2.73943 3.57009 -15
      vertex -1.15665 1.50737 -15
      vertex -2.25 3.89711 -15
    endloop
  endfacet
  facet normal 0 0 1
    outer loop
      vertex -1.15665 1.50737 -15
      vertex -2.73943 3.57009 -15
      vertex -1.3435 1.3435 -15
    endloop
  endfacet
  facet normal -0 0 1
    outer loop
      vertex -3.18198 3.18198 -15
      vertex -1.3435 1.3435 -15
      vertex -2.73943 3.57009 -15
    endloop
  endfacet
  facet normal 0 0 1
    outer loop
      vertex -1.3435 1.3435 -15
      vertex -3.18198 3.18198 -15
      vertex -1.50737 1.15665 -15
    endloop
  endfacet
  facet normal -0 0 1
    outer loop
      vertex -3.57009 2.73943 -15
      vertex -1.50737 1.15665 -15
      vertex -3.18198 3.18198 -15
    endloop
  endfacet
  facet normal 0 0 1
    outer loop
      vertex -1.50737 1.15665 -15
      vertex -3.57009 2.73943 -15
      vertex -1.64545 0.95 -15
    endloop
  endfacet
  facet normal -0 0 1
    outer loop
      vertex -3.89711 2.25 -15
      vertex -1.64545 0.95 -15
      vertex -3.57009 2.73943 -15
    endloop
  endfacet
  facet normal 0 0 1
    outer loop
      vertex 3.89711 -2.25 -15
      vertex 1.64545 -0.95 -15
      vertex 3.57009 -2.73943 -15
    endloop
  endfacet
  facet normal -0 0 1
    outer loop
      vertex 1.50737 -1.15665 -15
      vertex 3.57009 -2.73943 -15
      vertex 1.64545 -0.95 -15
    endloop
  endfacet
  facet normal 0 0 1
    outer loop
      vertex 3.57009 -2.73943 -15
      vertex 1.50737 -1.15665 -15
      vertex 3.18198 -3.18198 -15
    endloop
  endfacet
  facet normal -0 0 1
    outer loop
      vertex 1.3435 -1.3435 -15
      vertex 3.18198 -3.18198 -15
      vertex 1.50737 -1.15665 -15
    endloop
  endfacet
  facet normal 0 0 1
    outer loop
      vertex 3.18198 -3.18198 -15
      vertex 1.3435 -1.3435 -15
      vertex 2.73943 -3.57009 -15
    endloop
  endfacet
  facet normal -0 0 1
    outer loop
      vertex 1.15665 -1.50737 -15
      vertex 2.73943 -3.57009 -15
      vertex 1.3435 -1.3435 -15
    endloop
  endfacet
  facet normal 0 0 1
    outer loop
      vertex 2.73943 -3.57009 -15
      vertex 1.15665 -1.50737 -15
      vertex 2.25 -3.89711 -15
    endloop
  endfacet
  facet normal -0 0 1
    outer loop
      vertex 0.95 -1.64545 -15
      vertex 2.25 -3.89711 -15
      vertex 1.15665 -1.50737 -15
    endloop
  endfacet
  facet normal 0 0 1
    outer loop
      vertex 2.25 -3.89711 -15
      vertex 0.95 -1.64545 -15
      vertex 1.72207 -4.15746 -15
    endloop
  endfacet
  facet normal -0 0 1
    outer loop
      vertex 0.727098 -1.75537 -15
      vertex 1.72207 -4.15746 -15
      vertex 0.95 -1.64545 -15
    endloop
  endfacet
  facet normal 0 0 1
    outer loop
      vertex 1.72207 -4.15746 -15
      vertex 0.727098 -1.75537 -15
      vertex 1.16469 -4.34667 -15
    endloop
  endfacet
  facet normal -0 0 1
    outer loop
      vertex 0.491755 -1.83526 -15
      vertex 1.16469 -4.34667 -15
      vertex 0.727098 -1.75537 -15
    endloop
  endfacet
  facet normal 0 0 1
    outer loop
      vertex 1.16469 -4.34667 -15
      vertex 0.491755 -1.83526 -15
      vertex 0.587367 -4.4615 -15
    endloop
  endfacet
  facet normal -0 0 1
    outer loop
      vertex 0.247999 -1.88375 -15
      vertex 0.587367 -4.4615 -15
      vertex 0.491755 -1.83526 -15
    endloop
  endfacet
  facet normal -0 0 1
    outer loop
      vertex 0 -1.9 -15
      vertex 0.587367 -4.4615 -15
      vertex 0.247999 -1.88375 -15
    endloop
  endfacet
  facet normal 0 0 1
    outer loop
      vertex 0 -1.9 -15
      vertex 0 -4.5 -15
      vertex 0.587367 -4.4615 -15
    endloop
  endfacet
  facet normal 0 0 1
    outer loop
      vertex -0.247999 -1.88375 -15
      vertex 0 -4.5 -15
      vertex 0 -1.9 -15
    endloop
  endfacet
  facet normal 0 0 1
    outer loop
      vertex -0.587367 -4.4615 -15
      vertex -0.247999 -1.88375 -15
      vertex -0.491755 -1.83526 -15
    endloop
  endfacet
  facet normal 0 0 1
    outer loop
      vertex -0.247999 -1.88375 -15
      vertex -0.587367 -4.4615 -15
      vertex 0 -4.5 -15
    endloop
  endfacet
  facet normal 0 0 1
    outer loop
      vertex -1.16469 -4.34667 -15
      vertex -0.491755 -1.83526 -15
      vertex -0.727098 -1.75537 -15
    endloop
  endfacet
  facet normal 0 0 1
    outer loop
      vertex -1.72207 -4.15746 -15
      vertex -0.727098 -1.75537 -15
      vertex -0.95 -1.64545 -15
    endloop
  endfacet
  facet normal 0 0 1
    outer loop
      vertex -2.25 -3.89711 -15
      vertex -0.95 -1.64545 -15
      vertex -1.15665 -1.50737 -15
    endloop
  endfacet
  facet normal 0 0 1
    outer loop
      vertex -0.491755 -1.83526 -15
      vertex -1.16469 -4.34667 -15
      vertex -0.587367 -4.4615 -15
    endloop
  endfacet
  facet normal 0 0 1
    outer loop
      vertex -2.73943 -3.57009 -15
      vertex -1.15665 -1.50737 -15
      vertex -1.3435 -1.3435 -15
    endloop
  endfacet
  facet normal 0 0 1
    outer loop
      vertex -3.18198 -3.18198 -15
      vertex -1.3435 -1.3435 -15
      vertex -1.50737 -1.15665 -15
    endloop
  endfacet
  facet normal 0 0 1
    outer loop
      vertex -3.57009 -2.73943 -15
      vertex -1.50737 -1.15665 -15
      vertex -1.64545 -0.95 -15
    endloop
  endfacet
  facet normal 0 0 1
    outer loop
      vertex -0.727098 -1.75537 -15
      vertex -1.72207 -4.15746 -15
      vertex -1.16469 -4.34667 -15
    endloop
  endfacet
  facet normal 0 0 1
    outer loop
      vertex -3.89711 -2.25 -15
      vertex -1.64545 -0.95 -15
      vertex -1.75537 -0.727098 -15
    endloop
  endfacet
  facet normal 0 0 1
    outer loop
      vertex -4.15746 -1.72207 -15
      vertex -1.75537 -0.727098 -15
      vertex -1.83526 -0.491755 -15
    endloop
  endfacet
  facet normal 0 0 1
    outer loop
      vertex -4.34667 -1.16469 -15
      vertex -1.83526 -0.491755 -15
      vertex -1.88375 -0.247999 -15
    endloop
  endfacet
  facet normal 0 0 1
    outer loop
      vertex -4.4615 -0.587367 -15
      vertex -1.88375 -0.247999 -15
      vertex -1.9 0 -15
    endloop
  endfacet
  facet normal 0 0 1
    outer loop
      vertex -1.64545 0.95 -15
      vertex -3.89711 2.25 -15
      vertex -1.75537 0.727098 -15
    endloop
  endfacet
  facet normal 0 0 1
    outer loop
      vertex -0.95 -1.64545 -15
      vertex -2.25 -3.89711 -15
      vertex -1.72207 -4.15746 -15
    endloop
  endfacet
  facet normal -0 0 1
    outer loop
      vertex -4.15746 1.72207 -15
      vertex -1.75537 0.727098 -15
      vertex -3.89711 2.25 -15
    endloop
  endfacet
  facet normal 0 0 1
    outer loop
      vertex -1.15665 -1.50737 -15
      vertex -2.73943 -3.57009 -15
      vertex -2.25 -3.89711 -15
    endloop
  endfacet
  facet normal 0 0 1
    outer loop
      vertex -1.75537 0.727098 -15
      vertex -4.15746 1.72207 -15
      vertex -1.83526 0.491755 -15
    endloop
  endfacet
  facet normal 0 0 1
    outer loop
      vertex -1.3435 -1.3435 -15
      vertex -3.18198 -3.18198 -15
      vertex -2.73943 -3.57009 -15
    endloop
  endfacet
  facet normal -0 0 1
    outer loop
      vertex -4.34667 1.16469 -15
      vertex -1.83526 0.491755 -15
      vertex -4.15746 1.72207 -15
    endloop
  endfacet
  facet normal 0 0 1
    outer loop
      vertex -1.50737 -1.15665 -15
      vertex -3.57009 -2.73943 -15
      vertex -3.18198 -3.18198 -15
    endloop
  endfacet
  facet normal 0 0 1
    outer loop
      vertex -1.83526 0.491755 -15
      vertex -4.34667 1.16469 -15
      vertex -1.88375 0.247999 -15
    endloop
  endfacet
  facet normal 0 0 1
    outer loop
      vertex -1.64545 -0.95 -15
      vertex -3.89711 -2.25 -15
      vertex -3.57009 -2.73943 -15
    endloop
  endfacet
  facet normal -0 0 1
    outer loop
      vertex -4.4615 0.587367 -15
      vertex -1.88375 0.247999 -15
      vertex -4.34667 1.16469 -15
    endloop
  endfacet
  facet normal 0 0 1
    outer loop
      vertex -1.75537 -0.727098 -15
      vertex -4.15746 -1.72207 -15
      vertex -3.89711 -2.25 -15
    endloop
  endfacet
  facet normal 0 0 1
    outer loop
      vertex -1.88375 0.247999 -15
      vertex -4.4615 0.587367 -15
      vertex -1.9 0 -15
    endloop
  endfacet
  facet normal 0 0 1
    outer loop
      vertex -1.83526 -0.491755 -15
      vertex -4.34667 -1.16469 -15
      vertex -4.15746 -1.72207 -15
    endloop
  endfacet
  facet normal 0 0 1
    outer loop
      vertex -4.5 0 -15
      vertex -1.9 0 -15
      vertex -4.4615 0.587367 -15
    endloop
  endfacet
  facet normal 0 0 1
    outer loop
      vertex -1.88375 -0.247999 -15
      vertex -4.4615 -0.587367 -15
      vertex -4.34667 -1.16469 -15
    endloop
  endfacet
  facet normal 0 0 1
    outer loop
      vertex -1.9 0 -15
      vertex -4.5 0 -15
      vertex -4.4615 -0.587367 -15
    endloop
  endfacet
  facet normal -0.555562 0.831475 0
    outer loop
      vertex 2.73943 -3.57009 -15
      vertex 2.25 -3.89711 -0.0738707
      vertex 2.73943 -3.57009 -0.0738707
    endloop
  endfacet
  facet normal -0.555562 0.831475 0
    outer loop
      vertex 2.25 -3.89711 -0.0738707
      vertex 2.73943 -3.57009 -15
      vertex 2.25 -3.89711 -15
    endloop
  endfacet
  facet normal 0.65935 0.751836 -0
    outer loop
      vertex -2.73943 -3.57009 -15
      vertex -3.18198 -3.18198 -0.0738707
      vertex -2.73943 -3.57009 -0.0738707
    endloop
  endfacet
  facet normal 0.65935 0.751836 0
    outer loop
      vertex -3.18198 -3.18198 -0.0738707
      vertex -2.73943 -3.57009 -15
      vertex -3.18198 -3.18198 -15
    endloop
  endfacet
  facet normal 0.195079 0.980787 -0
    outer loop
      vertex -0.587367 -4.4615 -15
      vertex -1.16469 -4.34667 -0.0738707
      vertex -0.587367 -4.4615 -0.0738707
    endloop
  endfacet
  facet normal 0.195079 0.980787 0
    outer loop
      vertex -1.16469 -4.34667 -0.0738707
      vertex -0.587367 -4.4615 -15
      vertex -1.16469 -4.34667 -15
    endloop
  endfacet
endsolid OpenSCAD_Model
