solid OpenSCAD_Model
  facet normal -0.98077 -0.195165 0
    outer loop
      vertex -40.3145 -79.7781 0
      vertex -40.3579 -79.56 0.4
      vertex -40.3579 -79.56 0
    endloop
  endfacet
  facet normal -0.98077 -0.195165 0
    outer loop
      vertex -40.3579 -79.56 0.4
      vertex -40.3145 -79.7781 0
      vertex -40.3145 -79.7781 0.4
    endloop
  endfacet
  facet normal -0.98077 -0.195165 0
    outer loop
      vertex -40.3145 -79.7781 2.01
      vertex -40.3579 -79.56 3
      vertex -40.3579 -79.56 2.01
    endloop
  endfacet
  facet normal -0.98077 -0.195165 0
    outer loop
      vertex -40.3579 -79.56 3
      vertex -40.3145 -79.7781 2.01
      vertex -40.3145 -79.7781 3
    endloop
  endfacet
  facet normal -0.997872 -0.0652057 0
    outer loop
      vertex -40.3 -80 0
      vertex -40.3145 -79.7781 0.4
      vertex -40.3145 -79.7781 0
    endloop
  endfacet
  facet normal -0.997872 -0.0652057 0
    outer loop
      vertex -40.3145 -79.7781 0.4
      vertex -40.3 -80 0
      vertex -40.3 -80 0.4
    endloop
  endfacet
  facet normal -0.997872 -0.0652057 0
    outer loop
      vertex -40.3 -80 2.01
      vertex -40.3145 -79.7781 3
      vertex -40.3145 -79.7781 2.01
    endloop
  endfacet
  facet normal -0.997872 -0.0652057 0
    outer loop
      vertex -40.3145 -79.7781 3
      vertex -40.3 -80 2.01
      vertex -40.3 -80 3
    endloop
  endfacet
  facet normal -0.0652057 0.997872 0
    outer loop
      vertex -41.7781 -81.6855 2.01
      vertex -42 -81.7 3
      vertex -41.7781 -81.6855 3
    endloop
  endfacet
  facet normal -0.0652057 0.997872 0
    outer loop
      vertex -42 -81.7 3
      vertex -41.7781 -81.6855 2.01
      vertex -42 -81.7 2.01
    endloop
  endfacet
  facet normal -0.0652057 0.997872 0
    outer loop
      vertex -41.7781 -81.6855 0
      vertex -42 -81.7 0.4
      vertex -41.7781 -81.6855 0.4
    endloop
  endfacet
  facet normal -0.0652057 0.997872 0
    outer loop
      vertex -42 -81.7 0.4
      vertex -41.7781 -81.6855 0
      vertex -42 -81.7 0
    endloop
  endfacet
  facet normal 0.659268 -0.751908 0
    outer loop
      vertex -43.2021 -78.7979 0
      vertex -43.0349 -78.6513 0.4
      vertex -43.2021 -78.7979 0.4
    endloop
  endfacet
  facet normal 0.659268 -0.751908 0
    outer loop
      vertex -43.0349 -78.6513 0.4
      vertex -43.2021 -78.7979 0
      vertex -43.0349 -78.6513 0
    endloop
  endfacet
  facet normal 0.659268 -0.751908 0
    outer loop
      vertex -43.2021 -78.7979 2.01
      vertex -43.0349 -78.6513 3
      vertex -43.2021 -78.7979 3
    endloop
  endfacet
  facet normal 0.659268 -0.751908 0
    outer loop
      vertex -43.0349 -78.6513 3
      vertex -43.2021 -78.7979 2.01
      vertex -43.0349 -78.6513 2.01
    endloop
  endfacet
  facet normal 0.831566 0.555426 0
    outer loop
      vertex -43.3487 -81.0349 0.4
      vertex -43.4722 -80.85 0
      vertex -43.4722 -80.85 0.4
    endloop
  endfacet
  facet normal 0.831566 0.555426 0
    outer loop
      vertex -43.4722 -80.85 0
      vertex -43.3487 -81.0349 0.4
      vertex -43.3487 -81.0349 0
    endloop
  endfacet
  facet normal 0.831566 0.555426 0
    outer loop
      vertex -43.3487 -81.0349 3
      vertex -43.4722 -80.85 2.01
      vertex -43.4722 -80.85 3
    endloop
  endfacet
  facet normal 0.831566 0.555426 0
    outer loop
      vertex -43.4722 -80.85 2.01
      vertex -43.3487 -81.0349 3
      vertex -43.3487 -81.0349 2.01
    endloop
  endfacet
  facet normal 0.195165 0.98077 -0
    outer loop
      vertex -42.2219 -81.6855 2.01
      vertex -42.44 -81.6421 3
      vertex -42.2219 -81.6855 3
    endloop
  endfacet
  facet normal 0.195165 0.98077 0
    outer loop
      vertex -42.44 -81.6421 3
      vertex -42.2219 -81.6855 2.01
      vertex -42.44 -81.6421 2.01
    endloop
  endfacet
  facet normal 0.195165 0.98077 -0
    outer loop
      vertex -42.2219 -81.6855 0
      vertex -42.44 -81.6421 0.4
      vertex -42.2219 -81.6855 0.4
    endloop
  endfacet
  facet normal 0.195165 0.98077 0
    outer loop
      vertex -42.44 -81.6421 0.4
      vertex -42.2219 -81.6855 0
      vertex -42.44 -81.6421 0
    endloop
  endfacet
  facet normal -0.659268 -0.751908 0
    outer loop
      vertex -40.9651 -78.6513 0
      vertex -40.7979 -78.7979 0.4
      vertex -40.9651 -78.6513 0.4
    endloop
  endfacet
  facet normal -0.659268 -0.751908 -0
    outer loop
      vertex -40.7979 -78.7979 0.4
      vertex -40.9651 -78.6513 0
      vertex -40.7979 -78.7979 0
    endloop
  endfacet
  facet normal -0.659268 -0.751908 0
    outer loop
      vertex -40.9651 -78.6513 2.01
      vertex -40.7979 -78.7979 3
      vertex -40.9651 -78.6513 3
    endloop
  endfacet
  facet normal -0.659268 -0.751908 -0
    outer loop
      vertex -40.7979 -78.7979 3
      vertex -40.9651 -78.6513 2.01
      vertex -40.7979 -78.7979 2.01
    endloop
  endfacet
  facet normal -0.946915 0.321484 0
    outer loop
      vertex -40.4294 -80.6506 2.01
      vertex -40.3579 -80.44 3
      vertex -40.3579 -80.44 2.01
    endloop
  endfacet
  facet normal -0.946915 0.321484 0
    outer loop
      vertex -40.3579 -80.44 3
      vertex -40.4294 -80.6506 2.01
      vertex -40.4294 -80.6506 3
    endloop
  endfacet
  facet normal -0.946915 0.321484 0
    outer loop
      vertex -40.4294 -80.6506 0
      vertex -40.3579 -80.44 0.4
      vertex -40.3579 -80.44 0
    endloop
  endfacet
  facet normal -0.946915 0.321484 0
    outer loop
      vertex -40.3579 -80.44 0.4
      vertex -40.4294 -80.6506 0
      vertex -40.4294 -80.6506 0.4
    endloop
  endfacet
  facet normal -0.751908 0.659268 0
    outer loop
      vertex -40.7979 -81.2021 0
      vertex -40.6513 -81.0349 0.4
      vertex -40.6513 -81.0349 0
    endloop
  endfacet
  facet normal -0.751908 0.659268 0
    outer loop
      vertex -40.6513 -81.0349 0.4
      vertex -40.7979 -81.2021 0
      vertex -40.7979 -81.2021 0.4
    endloop
  endfacet
  facet normal -0.751908 0.659268 0
    outer loop
      vertex -40.7979 -81.2021 2.01
      vertex -40.6513 -81.0349 3
      vertex -40.6513 -81.0349 2.01
    endloop
  endfacet
  facet normal -0.751908 0.659268 0
    outer loop
      vertex -40.6513 -81.0349 3
      vertex -40.7979 -81.2021 2.01
      vertex -40.7979 -81.2021 3
    endloop
  endfacet
  facet normal -0.751908 -0.659268 0
    outer loop
      vertex -40.6513 -78.9651 2.01
      vertex -40.7979 -78.7979 3
      vertex -40.7979 -78.7979 2.01
    endloop
  endfacet
  facet normal -0.751908 -0.659268 0
    outer loop
      vertex -40.7979 -78.7979 3
      vertex -40.6513 -78.9651 2.01
      vertex -40.6513 -78.9651 3
    endloop
  endfacet
  facet normal -0.751908 -0.659268 0
    outer loop
      vertex -40.6513 -78.9651 0
      vertex -40.7979 -78.7979 0.4
      vertex -40.7979 -78.7979 0
    endloop
  endfacet
  facet normal -0.751908 -0.659268 0
    outer loop
      vertex -40.7979 -78.7979 0.4
      vertex -40.6513 -78.9651 0
      vertex -40.6513 -78.9651 0.4
    endloop
  endfacet
  facet normal 0.946915 0.321484 0
    outer loop
      vertex -43.5706 -80.6506 0.4
      vertex -43.6421 -80.44 0
      vertex -43.6421 -80.44 0.4
    endloop
  endfacet
  facet normal 0.946915 0.321484 0
    outer loop
      vertex -43.6421 -80.44 0
      vertex -43.5706 -80.6506 0.4
      vertex -43.5706 -80.6506 0
    endloop
  endfacet
  facet normal 0.946915 0.321484 0
    outer loop
      vertex -43.5706 -80.6506 3
      vertex -43.6421 -80.44 2.01
      vertex -43.6421 -80.44 3
    endloop
  endfacet
  facet normal 0.946915 0.321484 0
    outer loop
      vertex -43.6421 -80.44 2.01
      vertex -43.5706 -80.6506 3
      vertex -43.5706 -80.6506 2.01
    endloop
  endfacet
  facet normal -0.321484 0.946915 0
    outer loop
      vertex -41.3494 -81.5706 0
      vertex -41.56 -81.6421 0.4
      vertex -41.3494 -81.5706 0.4
    endloop
  endfacet
  facet normal -0.321484 0.946915 0
    outer loop
      vertex -41.56 -81.6421 0.4
      vertex -41.3494 -81.5706 0
      vertex -41.56 -81.6421 0
    endloop
  endfacet
  facet normal -0.321484 0.946915 0
    outer loop
      vertex -41.3494 -81.5706 2.01
      vertex -41.56 -81.6421 3
      vertex -41.3494 -81.5706 3
    endloop
  endfacet
  facet normal -0.321484 0.946915 0
    outer loop
      vertex -41.56 -81.6421 3
      vertex -41.3494 -81.5706 2.01
      vertex -41.56 -81.6421 2.01
    endloop
  endfacet
  facet normal 0.0652057 0.997872 -0
    outer loop
      vertex -42 -81.7 2.01
      vertex -42.2219 -81.6855 3
      vertex -42 -81.7 3
    endloop
  endfacet
  facet normal 0.0652057 0.997872 0
    outer loop
      vertex -42.2219 -81.6855 3
      vertex -42 -81.7 2.01
      vertex -42.2219 -81.6855 2.01
    endloop
  endfacet
  facet normal 0.0652057 0.997872 -0
    outer loop
      vertex -42 -81.7 0
      vertex -42.2219 -81.6855 0.4
      vertex -42 -81.7 0.4
    endloop
  endfacet
  facet normal 0.0652057 0.997872 0
    outer loop
      vertex -42.2219 -81.6855 0.4
      vertex -42 -81.7 0
      vertex -42.2219 -81.6855 0
    endloop
  endfacet
  facet normal 0.321484 -0.946915 0
    outer loop
      vertex -42.6506 -78.4294 2.01
      vertex -42.44 -78.3579 3
      vertex -42.6506 -78.4294 3
    endloop
  endfacet
  facet normal 0.321484 -0.946915 0
    outer loop
      vertex -42.44 -78.3579 3
      vertex -42.6506 -78.4294 2.01
      vertex -42.44 -78.3579 2.01
    endloop
  endfacet
  facet normal 0.321484 -0.946915 0
    outer loop
      vertex -42.6506 -78.4294 0
      vertex -42.44 -78.3579 0.4
      vertex -42.6506 -78.4294 0.4
    endloop
  endfacet
  facet normal 0.321484 -0.946915 0
    outer loop
      vertex -42.44 -78.3579 0.4
      vertex -42.6506 -78.4294 0
      vertex -42.44 -78.3579 0
    endloop
  endfacet
  facet normal -0.946915 -0.321484 0
    outer loop
      vertex -40.3579 -79.56 2.01
      vertex -40.4294 -79.3494 3
      vertex -40.4294 -79.3494 2.01
    endloop
  endfacet
  facet normal -0.946915 -0.321484 0
    outer loop
      vertex -40.4294 -79.3494 3
      vertex -40.3579 -79.56 2.01
      vertex -40.3579 -79.56 3
    endloop
  endfacet
  facet normal -0.946915 -0.321484 0
    outer loop
      vertex -40.3579 -79.56 0
      vertex -40.4294 -79.3494 0.4
      vertex -40.4294 -79.3494 0
    endloop
  endfacet
  facet normal -0.946915 -0.321484 0
    outer loop
      vertex -40.4294 -79.3494 0.4
      vertex -40.3579 -79.56 0
      vertex -40.3579 -79.56 0.4
    endloop
  endfacet
  facet normal 0.751908 -0.659268 0
    outer loop
      vertex -43.3487 -78.9651 0.4
      vertex -43.2021 -78.7979 0
      vertex -43.2021 -78.7979 0.4
    endloop
  endfacet
  facet normal 0.751908 -0.659268 0
    outer loop
      vertex -43.2021 -78.7979 0
      vertex -43.3487 -78.9651 0.4
      vertex -43.3487 -78.9651 0
    endloop
  endfacet
  facet normal 0.751908 -0.659268 0
    outer loop
      vertex -43.3487 -78.9651 3
      vertex -43.2021 -78.7979 2.01
      vertex -43.2021 -78.7979 3
    endloop
  endfacet
  facet normal 0.751908 -0.659268 0
    outer loop
      vertex -43.2021 -78.7979 2.01
      vertex -43.3487 -78.9651 3
      vertex -43.3487 -78.9651 2.01
    endloop
  endfacet
  facet normal 0.44253 0.896754 -0
    outer loop
      vertex -42.6506 -81.5706 0
      vertex -42.85 -81.4722 0.4
      vertex -42.6506 -81.5706 0.4
    endloop
  endfacet
  facet normal 0.44253 0.896754 0
    outer loop
      vertex -42.85 -81.4722 0.4
      vertex -42.6506 -81.5706 0
      vertex -42.85 -81.4722 0
    endloop
  endfacet
  facet normal 0.44253 0.896754 -0
    outer loop
      vertex -42.6506 -81.5706 2.01
      vertex -42.85 -81.4722 3
      vertex -42.6506 -81.5706 3
    endloop
  endfacet
  facet normal 0.44253 0.896754 0
    outer loop
      vertex -42.85 -81.4722 3
      vertex -42.6506 -81.5706 2.01
      vertex -42.85 -81.4722 2.01
    endloop
  endfacet
  facet normal 0.0652057 -0.997872 0
    outer loop
      vertex -42.2219 -78.3145 0
      vertex -42 -78.3 0.4
      vertex -42.2219 -78.3145 0.4
    endloop
  endfacet
  facet normal 0.0652057 -0.997872 0
    outer loop
      vertex -42 -78.3 0.4
      vertex -42.2219 -78.3145 0
      vertex -42 -78.3 0
    endloop
  endfacet
  facet normal 0.0652057 -0.997872 0
    outer loop
      vertex -42.2219 -78.3145 2.01
      vertex -42 -78.3 3
      vertex -42.2219 -78.3145 3
    endloop
  endfacet
  facet normal 0.0652057 -0.997872 0
    outer loop
      vertex -42 -78.3 3
      vertex -42.2219 -78.3145 2.01
      vertex -42 -78.3 2.01
    endloop
  endfacet
  facet normal -0.896754 0.44253 0
    outer loop
      vertex -40.5278 -80.85 2.01
      vertex -40.4294 -80.6506 3
      vertex -40.4294 -80.6506 2.01
    endloop
  endfacet
  facet normal -0.896754 0.44253 0
    outer loop
      vertex -40.4294 -80.6506 3
      vertex -40.5278 -80.85 2.01
      vertex -40.5278 -80.85 3
    endloop
  endfacet
  facet normal -0.896754 0.44253 0
    outer loop
      vertex -40.5278 -80.85 0
      vertex -40.4294 -80.6506 0.4
      vertex -40.4294 -80.6506 0
    endloop
  endfacet
  facet normal -0.896754 0.44253 0
    outer loop
      vertex -40.4294 -80.6506 0.4
      vertex -40.5278 -80.85 0
      vertex -40.5278 -80.85 0.4
    endloop
  endfacet
  facet normal -0.555426 0.831566 0
    outer loop
      vertex -40.9651 -81.3487 0
      vertex -41.15 -81.4722 0.4
      vertex -40.9651 -81.3487 0.4
    endloop
  endfacet
  facet normal -0.555426 0.831566 0
    outer loop
      vertex -41.15 -81.4722 0.4
      vertex -40.9651 -81.3487 0
      vertex -41.15 -81.4722 0
    endloop
  endfacet
  facet normal -0.555426 0.831566 0
    outer loop
      vertex -40.9651 -81.3487 2.01
      vertex -41.15 -81.4722 3
      vertex -40.9651 -81.3487 3
    endloop
  endfacet
  facet normal -0.555426 0.831566 0
    outer loop
      vertex -41.15 -81.4722 3
      vertex -40.9651 -81.3487 2.01
      vertex -41.15 -81.4722 2.01
    endloop
  endfacet
  facet normal 0.98077 0.195165 0
    outer loop
      vertex -43.6421 -80.44 3
      vertex -43.6855 -80.2219 2.01
      vertex -43.6855 -80.2219 3
    endloop
  endfacet
  facet normal 0.98077 0.195165 0
    outer loop
      vertex -43.6855 -80.2219 2.01
      vertex -43.6421 -80.44 3
      vertex -43.6421 -80.44 2.01
    endloop
  endfacet
  facet normal 0.98077 0.195165 0
    outer loop
      vertex -43.6421 -80.44 0.4
      vertex -43.6855 -80.2219 0
      vertex -43.6855 -80.2219 0.4
    endloop
  endfacet
  facet normal 0.98077 0.195165 0
    outer loop
      vertex -43.6855 -80.2219 0
      vertex -43.6421 -80.44 0.4
      vertex -43.6421 -80.44 0
    endloop
  endfacet
  facet normal -0.195165 -0.98077 0
    outer loop
      vertex -41.7781 -78.3145 2.01
      vertex -41.56 -78.3579 3
      vertex -41.7781 -78.3145 3
    endloop
  endfacet
  facet normal -0.195165 -0.98077 -0
    outer loop
      vertex -41.56 -78.3579 3
      vertex -41.7781 -78.3145 2.01
      vertex -41.56 -78.3579 2.01
    endloop
  endfacet
  facet normal -0.195165 -0.98077 0
    outer loop
      vertex -41.7781 -78.3145 0
      vertex -41.56 -78.3579 0.4
      vertex -41.7781 -78.3145 0.4
    endloop
  endfacet
  facet normal -0.195165 -0.98077 -0
    outer loop
      vertex -41.56 -78.3579 0.4
      vertex -41.7781 -78.3145 0
      vertex -41.56 -78.3579 0
    endloop
  endfacet
  facet normal -0.831566 -0.555426 0
    outer loop
      vertex -40.5278 -79.15 0
      vertex -40.6513 -78.9651 0.4
      vertex -40.6513 -78.9651 0
    endloop
  endfacet
  facet normal -0.831566 -0.555426 0
    outer loop
      vertex -40.6513 -78.9651 0.4
      vertex -40.5278 -79.15 0
      vertex -40.5278 -79.15 0.4
    endloop
  endfacet
  facet normal -0.831566 -0.555426 0
    outer loop
      vertex -40.5278 -79.15 2.01
      vertex -40.6513 -78.9651 3
      vertex -40.6513 -78.9651 2.01
    endloop
  endfacet
  facet normal -0.831566 -0.555426 0
    outer loop
      vertex -40.6513 -78.9651 3
      vertex -40.5278 -79.15 2.01
      vertex -40.5278 -79.15 3
    endloop
  endfacet
  facet normal -0.997872 0.0652057 0
    outer loop
      vertex -40.3145 -80.2219 0
      vertex -40.3 -80 0.4
      vertex -40.3 -80 0
    endloop
  endfacet
  facet normal -0.997872 0.0652057 0
    outer loop
      vertex -40.3 -80 0.4
      vertex -40.3145 -80.2219 0
      vertex -40.3145 -80.2219 0.4
    endloop
  endfacet
  facet normal -0.997872 0.0652057 0
    outer loop
      vertex -40.3145 -80.2219 2.01
      vertex -40.3 -80 3
      vertex -40.3 -80 2.01
    endloop
  endfacet
  facet normal -0.997872 0.0652057 0
    outer loop
      vertex -40.3 -80 3
      vertex -40.3145 -80.2219 2.01
      vertex -40.3145 -80.2219 3
    endloop
  endfacet
  facet normal -0.321484 -0.946915 0
    outer loop
      vertex -41.56 -78.3579 2.01
      vertex -41.3494 -78.4294 3
      vertex -41.56 -78.3579 3
    endloop
  endfacet
  facet normal -0.321484 -0.946915 -0
    outer loop
      vertex -41.3494 -78.4294 3
      vertex -41.56 -78.3579 2.01
      vertex -41.3494 -78.4294 2.01
    endloop
  endfacet
  facet normal -0.321484 -0.946915 0
    outer loop
      vertex -41.56 -78.3579 0
      vertex -41.3494 -78.4294 0.4
      vertex -41.56 -78.3579 0.4
    endloop
  endfacet
  facet normal -0.321484 -0.946915 -0
    outer loop
      vertex -41.3494 -78.4294 0.4
      vertex -41.56 -78.3579 0
      vertex -41.3494 -78.4294 0
    endloop
  endfacet
  facet normal -0.555426 -0.831566 0
    outer loop
      vertex -41.15 -78.5278 0
      vertex -40.9651 -78.6513 0.4
      vertex -41.15 -78.5278 0.4
    endloop
  endfacet
  facet normal -0.555426 -0.831566 -0
    outer loop
      vertex -40.9651 -78.6513 0.4
      vertex -41.15 -78.5278 0
      vertex -40.9651 -78.6513 0
    endloop
  endfacet
  facet normal -0.555426 -0.831566 0
    outer loop
      vertex -41.15 -78.5278 2.01
      vertex -40.9651 -78.6513 3
      vertex -41.15 -78.5278 3
    endloop
  endfacet
  facet normal -0.555426 -0.831566 -0
    outer loop
      vertex -40.9651 -78.6513 3
      vertex -41.15 -78.5278 2.01
      vertex -40.9651 -78.6513 2.01
    endloop
  endfacet
  facet normal 0.195165 -0.98077 0
    outer loop
      vertex -42.44 -78.3579 0
      vertex -42.2219 -78.3145 0.4
      vertex -42.44 -78.3579 0.4
    endloop
  endfacet
  facet normal 0.195165 -0.98077 0
    outer loop
      vertex -42.2219 -78.3145 0.4
      vertex -42.44 -78.3579 0
      vertex -42.2219 -78.3145 0
    endloop
  endfacet
  facet normal 0.195165 -0.98077 0
    outer loop
      vertex -42.44 -78.3579 2.01
      vertex -42.2219 -78.3145 3
      vertex -42.44 -78.3579 3
    endloop
  endfacet
  facet normal 0.195165 -0.98077 0
    outer loop
      vertex -42.2219 -78.3145 3
      vertex -42.44 -78.3579 2.01
      vertex -42.2219 -78.3145 2.01
    endloop
  endfacet
  facet normal -0.659268 0.751908 0
    outer loop
      vertex -40.7979 -81.2021 0
      vertex -40.9651 -81.3487 0.4
      vertex -40.7979 -81.2021 0.4
    endloop
  endfacet
  facet normal -0.659268 0.751908 0
    outer loop
      vertex -40.9651 -81.3487 0.4
      vertex -40.7979 -81.2021 0
      vertex -40.9651 -81.3487 0
    endloop
  endfacet
  facet normal -0.659268 0.751908 0
    outer loop
      vertex -40.7979 -81.2021 2.01
      vertex -40.9651 -81.3487 3
      vertex -40.7979 -81.2021 3
    endloop
  endfacet
  facet normal -0.659268 0.751908 0
    outer loop
      vertex -40.9651 -81.3487 3
      vertex -40.7979 -81.2021 2.01
      vertex -40.9651 -81.3487 2.01
    endloop
  endfacet
  facet normal 0.896754 -0.44253 0
    outer loop
      vertex -43.5706 -79.3494 0.4
      vertex -43.4722 -79.15 0
      vertex -43.4722 -79.15 0.4
    endloop
  endfacet
  facet normal 0.896754 -0.44253 0
    outer loop
      vertex -43.4722 -79.15 0
      vertex -43.5706 -79.3494 0.4
      vertex -43.5706 -79.3494 0
    endloop
  endfacet
  facet normal 0.896754 -0.44253 0
    outer loop
      vertex -43.5706 -79.3494 3
      vertex -43.4722 -79.15 2.01
      vertex -43.4722 -79.15 3
    endloop
  endfacet
  facet normal 0.896754 -0.44253 0
    outer loop
      vertex -43.4722 -79.15 2.01
      vertex -43.5706 -79.3494 3
      vertex -43.5706 -79.3494 2.01
    endloop
  endfacet
  facet normal -0.98077 0.195165 0
    outer loop
      vertex -40.3579 -80.44 0
      vertex -40.3145 -80.2219 0.4
      vertex -40.3145 -80.2219 0
    endloop
  endfacet
  facet normal -0.98077 0.195165 0
    outer loop
      vertex -40.3145 -80.2219 0.4
      vertex -40.3579 -80.44 0
      vertex -40.3579 -80.44 0.4
    endloop
  endfacet
  facet normal -0.98077 0.195165 0
    outer loop
      vertex -40.3579 -80.44 2.01
      vertex -40.3145 -80.2219 3
      vertex -40.3145 -80.2219 2.01
    endloop
  endfacet
  facet normal -0.98077 0.195165 0
    outer loop
      vertex -40.3145 -80.2219 3
      vertex -40.3579 -80.44 2.01
      vertex -40.3579 -80.44 3
    endloop
  endfacet
  facet normal -0.195165 0.98077 0
    outer loop
      vertex -41.56 -81.6421 2.01
      vertex -41.7781 -81.6855 3
      vertex -41.56 -81.6421 3
    endloop
  endfacet
  facet normal -0.195165 0.98077 0
    outer loop
      vertex -41.7781 -81.6855 3
      vertex -41.56 -81.6421 2.01
      vertex -41.7781 -81.6855 2.01
    endloop
  endfacet
  facet normal -0.195165 0.98077 0
    outer loop
      vertex -41.56 -81.6421 0
      vertex -41.7781 -81.6855 0.4
      vertex -41.56 -81.6421 0.4
    endloop
  endfacet
  facet normal -0.195165 0.98077 0
    outer loop
      vertex -41.7781 -81.6855 0.4
      vertex -41.56 -81.6421 0
      vertex -41.7781 -81.6855 0
    endloop
  endfacet
  facet normal 0.659268 0.751908 -0
    outer loop
      vertex -43.0349 -81.3487 0
      vertex -43.2021 -81.2021 0.4
      vertex -43.0349 -81.3487 0.4
    endloop
  endfacet
  facet normal 0.659268 0.751908 0
    outer loop
      vertex -43.2021 -81.2021 0.4
      vertex -43.0349 -81.3487 0
      vertex -43.2021 -81.2021 0
    endloop
  endfacet
  facet normal 0.659268 0.751908 -0
    outer loop
      vertex -43.0349 -81.3487 2.01
      vertex -43.2021 -81.2021 3
      vertex -43.0349 -81.3487 3
    endloop
  endfacet
  facet normal 0.659268 0.751908 0
    outer loop
      vertex -43.2021 -81.2021 3
      vertex -43.0349 -81.3487 2.01
      vertex -43.2021 -81.2021 2.01
    endloop
  endfacet
  facet normal 0.751908 0.659268 0
    outer loop
      vertex -43.2021 -81.2021 0.4
      vertex -43.3487 -81.0349 0
      vertex -43.3487 -81.0349 0.4
    endloop
  endfacet
  facet normal 0.751908 0.659268 0
    outer loop
      vertex -43.3487 -81.0349 0
      vertex -43.2021 -81.2021 0.4
      vertex -43.2021 -81.2021 0
    endloop
  endfacet
  facet normal 0.751908 0.659268 0
    outer loop
      vertex -43.2021 -81.2021 3
      vertex -43.3487 -81.0349 2.01
      vertex -43.3487 -81.0349 3
    endloop
  endfacet
  facet normal 0.751908 0.659268 0
    outer loop
      vertex -43.3487 -81.0349 2.01
      vertex -43.2021 -81.2021 3
      vertex -43.2021 -81.2021 2.01
    endloop
  endfacet
  facet normal -0.0652057 -0.997872 0
    outer loop
      vertex -42 -78.3 2.01
      vertex -41.7781 -78.3145 3
      vertex -42 -78.3 3
    endloop
  endfacet
  facet normal -0.0652057 -0.997872 -0
    outer loop
      vertex -41.7781 -78.3145 3
      vertex -42 -78.3 2.01
      vertex -41.7781 -78.3145 2.01
    endloop
  endfacet
  facet normal -0.0652057 -0.997872 0
    outer loop
      vertex -42 -78.3 0
      vertex -41.7781 -78.3145 0.4
      vertex -42 -78.3 0.4
    endloop
  endfacet
  facet normal -0.0652057 -0.997872 -0
    outer loop
      vertex -41.7781 -78.3145 0.4
      vertex -42 -78.3 0
      vertex -41.7781 -78.3145 0
    endloop
  endfacet
  facet normal -0.44253 -0.896754 0
    outer loop
      vertex -41.3494 -78.4294 2.01
      vertex -41.15 -78.5278 3
      vertex -41.3494 -78.4294 3
    endloop
  endfacet
  facet normal -0.44253 -0.896754 -0
    outer loop
      vertex -41.15 -78.5278 3
      vertex -41.3494 -78.4294 2.01
      vertex -41.15 -78.5278 2.01
    endloop
  endfacet
  facet normal -0.44253 -0.896754 0
    outer loop
      vertex -41.3494 -78.4294 0
      vertex -41.15 -78.5278 0.4
      vertex -41.3494 -78.4294 0.4
    endloop
  endfacet
  facet normal -0.44253 -0.896754 -0
    outer loop
      vertex -41.15 -78.5278 0.4
      vertex -41.3494 -78.4294 0
      vertex -41.15 -78.5278 0
    endloop
  endfacet
  facet normal -0.831566 0.555426 0
    outer loop
      vertex -40.6513 -81.0349 0
      vertex -40.5278 -80.85 0.4
      vertex -40.5278 -80.85 0
    endloop
  endfacet
  facet normal -0.831566 0.555426 0
    outer loop
      vertex -40.5278 -80.85 0.4
      vertex -40.6513 -81.0349 0
      vertex -40.6513 -81.0349 0.4
    endloop
  endfacet
  facet normal -0.831566 0.555426 0
    outer loop
      vertex -40.6513 -81.0349 2.01
      vertex -40.5278 -80.85 3
      vertex -40.5278 -80.85 2.01
    endloop
  endfacet
  facet normal -0.831566 0.555426 0
    outer loop
      vertex -40.5278 -80.85 3
      vertex -40.6513 -81.0349 2.01
      vertex -40.6513 -81.0349 3
    endloop
  endfacet
  facet normal 0.997872 0.0652057 0
    outer loop
      vertex -43.6855 -80.2219 3
      vertex -43.7 -80 2.01
      vertex -43.7 -80 3
    endloop
  endfacet
  facet normal 0.997872 0.0652057 0
    outer loop
      vertex -43.7 -80 2.01
      vertex -43.6855 -80.2219 3
      vertex -43.6855 -80.2219 2.01
    endloop
  endfacet
  facet normal 0.997872 0.0652057 0
    outer loop
      vertex -43.6855 -80.2219 0.4
      vertex -43.7 -80 0
      vertex -43.7 -80 0.4
    endloop
  endfacet
  facet normal 0.997872 0.0652057 0
    outer loop
      vertex -43.7 -80 0
      vertex -43.6855 -80.2219 0.4
      vertex -43.6855 -80.2219 0
    endloop
  endfacet
  facet normal -0.44253 0.896754 0
    outer loop
      vertex -41.15 -81.4722 0
      vertex -41.3494 -81.5706 0.4
      vertex -41.15 -81.4722 0.4
    endloop
  endfacet
  facet normal -0.44253 0.896754 0
    outer loop
      vertex -41.3494 -81.5706 0.4
      vertex -41.15 -81.4722 0
      vertex -41.3494 -81.5706 0
    endloop
  endfacet
  facet normal -0.44253 0.896754 0
    outer loop
      vertex -41.15 -81.4722 2.01
      vertex -41.3494 -81.5706 3
      vertex -41.15 -81.4722 3
    endloop
  endfacet
  facet normal -0.44253 0.896754 0
    outer loop
      vertex -41.3494 -81.5706 3
      vertex -41.15 -81.4722 2.01
      vertex -41.3494 -81.5706 2.01
    endloop
  endfacet
  facet normal 0.98077 -0.195165 0
    outer loop
      vertex -43.6855 -79.7781 0.4
      vertex -43.6421 -79.56 0
      vertex -43.6421 -79.56 0.4
    endloop
  endfacet
  facet normal 0.98077 -0.195165 0
    outer loop
      vertex -43.6421 -79.56 0
      vertex -43.6855 -79.7781 0.4
      vertex -43.6855 -79.7781 0
    endloop
  endfacet
  facet normal 0.98077 -0.195165 0
    outer loop
      vertex -43.6855 -79.7781 3
      vertex -43.6421 -79.56 2.01
      vertex -43.6421 -79.56 3
    endloop
  endfacet
  facet normal 0.98077 -0.195165 0
    outer loop
      vertex -43.6421 -79.56 2.01
      vertex -43.6855 -79.7781 3
      vertex -43.6855 -79.7781 2.01
    endloop
  endfacet
  facet normal 0.896754 0.44253 0
    outer loop
      vertex -43.4722 -80.85 0.4
      vertex -43.5706 -80.6506 0
      vertex -43.5706 -80.6506 0.4
    endloop
  endfacet
  facet normal 0.896754 0.44253 0
    outer loop
      vertex -43.5706 -80.6506 0
      vertex -43.4722 -80.85 0.4
      vertex -43.4722 -80.85 0
    endloop
  endfacet
  facet normal 0.896754 0.44253 0
    outer loop
      vertex -43.4722 -80.85 3
      vertex -43.5706 -80.6506 2.01
      vertex -43.5706 -80.6506 3
    endloop
  endfacet
  facet normal 0.896754 0.44253 0
    outer loop
      vertex -43.5706 -80.6506 2.01
      vertex -43.4722 -80.85 3
      vertex -43.4722 -80.85 2.01
    endloop
  endfacet
  facet normal 0.946915 -0.321484 0
    outer loop
      vertex -43.6421 -79.56 0.4
      vertex -43.5706 -79.3494 0
      vertex -43.5706 -79.3494 0.4
    endloop
  endfacet
  facet normal 0.946915 -0.321484 0
    outer loop
      vertex -43.5706 -79.3494 0
      vertex -43.6421 -79.56 0.4
      vertex -43.6421 -79.56 0
    endloop
  endfacet
  facet normal 0.946915 -0.321484 0
    outer loop
      vertex -43.6421 -79.56 3
      vertex -43.5706 -79.3494 2.01
      vertex -43.5706 -79.3494 3
    endloop
  endfacet
  facet normal 0.946915 -0.321484 0
    outer loop
      vertex -43.5706 -79.3494 2.01
      vertex -43.6421 -79.56 3
      vertex -43.6421 -79.56 2.01
    endloop
  endfacet
  facet normal -0.896754 -0.44253 0
    outer loop
      vertex -40.4294 -79.3494 0
      vertex -40.5278 -79.15 0.4
      vertex -40.5278 -79.15 0
    endloop
  endfacet
  facet normal -0.896754 -0.44253 0
    outer loop
      vertex -40.5278 -79.15 0.4
      vertex -40.4294 -79.3494 0
      vertex -40.4294 -79.3494 0.4
    endloop
  endfacet
  facet normal -0.896754 -0.44253 0
    outer loop
      vertex -40.4294 -79.3494 2.01
      vertex -40.5278 -79.15 3
      vertex -40.5278 -79.15 2.01
    endloop
  endfacet
  facet normal -0.896754 -0.44253 0
    outer loop
      vertex -40.5278 -79.15 3
      vertex -40.4294 -79.3494 2.01
      vertex -40.4294 -79.3494 3
    endloop
  endfacet
  facet normal 0.997872 -0.0652057 0
    outer loop
      vertex -43.7 -80 0.4
      vertex -43.6855 -79.7781 0
      vertex -43.6855 -79.7781 0.4
    endloop
  endfacet
  facet normal 0.997872 -0.0652057 0
    outer loop
      vertex -43.6855 -79.7781 0
      vertex -43.7 -80 0.4
      vertex -43.7 -80 0
    endloop
  endfacet
  facet normal 0.997872 -0.0652057 0
    outer loop
      vertex -43.7 -80 3
      vertex -43.6855 -79.7781 2.01
      vertex -43.6855 -79.7781 3
    endloop
  endfacet
  facet normal 0.997872 -0.0652057 0
    outer loop
      vertex -43.6855 -79.7781 2.01
      vertex -43.7 -80 3
      vertex -43.7 -80 2.01
    endloop
  endfacet
  facet normal 0.321484 0.946915 -0
    outer loop
      vertex -42.44 -81.6421 0
      vertex -42.6506 -81.5706 0.4
      vertex -42.44 -81.6421 0.4
    endloop
  endfacet
  facet normal 0.321484 0.946915 0
    outer loop
      vertex -42.6506 -81.5706 0.4
      vertex -42.44 -81.6421 0
      vertex -42.6506 -81.5706 0
    endloop
  endfacet
  facet normal 0.321484 0.946915 -0
    outer loop
      vertex -42.44 -81.6421 2.01
      vertex -42.6506 -81.5706 3
      vertex -42.44 -81.6421 3
    endloop
  endfacet
  facet normal 0.321484 0.946915 0
    outer loop
      vertex -42.6506 -81.5706 3
      vertex -42.44 -81.6421 2.01
      vertex -42.6506 -81.5706 2.01
    endloop
  endfacet
  facet normal 0.44253 -0.896754 0
    outer loop
      vertex -42.85 -78.5278 2.01
      vertex -42.6506 -78.4294 3
      vertex -42.85 -78.5278 3
    endloop
  endfacet
  facet normal 0.44253 -0.896754 0
    outer loop
      vertex -42.6506 -78.4294 3
      vertex -42.85 -78.5278 2.01
      vertex -42.6506 -78.4294 2.01
    endloop
  endfacet
  facet normal 0.44253 -0.896754 0
    outer loop
      vertex -42.85 -78.5278 0
      vertex -42.6506 -78.4294 0.4
      vertex -42.85 -78.5278 0.4
    endloop
  endfacet
  facet normal 0.44253 -0.896754 0
    outer loop
      vertex -42.6506 -78.4294 0.4
      vertex -42.85 -78.5278 0
      vertex -42.6506 -78.4294 0
    endloop
  endfacet
  facet normal 0.555426 -0.831566 0
    outer loop
      vertex -43.0349 -78.6513 2.01
      vertex -42.85 -78.5278 3
      vertex -43.0349 -78.6513 3
    endloop
  endfacet
  facet normal 0.555426 -0.831566 0
    outer loop
      vertex -42.85 -78.5278 3
      vertex -43.0349 -78.6513 2.01
      vertex -42.85 -78.5278 2.01
    endloop
  endfacet
  facet normal 0.555426 -0.831566 0
    outer loop
      vertex -43.0349 -78.6513 0
      vertex -42.85 -78.5278 0.4
      vertex -43.0349 -78.6513 0.4
    endloop
  endfacet
  facet normal 0.555426 -0.831566 0
    outer loop
      vertex -42.85 -78.5278 0.4
      vertex -43.0349 -78.6513 0
      vertex -42.85 -78.5278 0
    endloop
  endfacet
  facet normal 0.831566 -0.555426 0
    outer loop
      vertex -43.4722 -79.15 3
      vertex -43.3487 -78.9651 2.01
      vertex -43.3487 -78.9651 3
    endloop
  endfacet
  facet normal 0.831566 -0.555426 0
    outer loop
      vertex -43.3487 -78.9651 2.01
      vertex -43.4722 -79.15 3
      vertex -43.4722 -79.15 2.01
    endloop
  endfacet
  facet normal 0.831566 -0.555426 0
    outer loop
      vertex -43.4722 -79.15 0.4
      vertex -43.3487 -78.9651 0
      vertex -43.3487 -78.9651 0.4
    endloop
  endfacet
  facet normal 0.831566 -0.555426 0
    outer loop
      vertex -43.3487 -78.9651 0
      vertex -43.4722 -79.15 0.4
      vertex -43.4722 -79.15 0
    endloop
  endfacet
  facet normal 0.555426 0.831566 -0
    outer loop
      vertex -42.85 -81.4722 2.01
      vertex -43.0349 -81.3487 3
      vertex -42.85 -81.4722 3
    endloop
  endfacet
  facet normal 0.555426 0.831566 0
    outer loop
      vertex -43.0349 -81.3487 3
      vertex -42.85 -81.4722 2.01
      vertex -43.0349 -81.3487 2.01
    endloop
  endfacet
  facet normal 0.555426 0.831566 -0
    outer loop
      vertex -42.85 -81.4722 0
      vertex -43.0349 -81.3487 0.4
      vertex -42.85 -81.4722 0.4
    endloop
  endfacet
  facet normal 0.555426 0.831566 0
    outer loop
      vertex -43.0349 -81.3487 0.4
      vertex -42.85 -81.4722 0
      vertex -43.0349 -81.3487 0
    endloop
  endfacet
  facet normal 0.235452 0.693514 0.680883
    outer loop
      vertex -42.44 -81.6421 0.4
      vertex -42.6506 -81.5706 0.4
      vertex -43.2246 -82.9564 2.01
    endloop
  endfacet
  facet normal 0.142939 -0.71832 0.68087
    outer loop
      vertex -42.2219 -78.3145 0.4
      vertex -42.4177 -76.8274 2.01
      vertex -42.44 -78.3579 0.4
    endloop
  endfacet
  facet normal 0.406986 0.608905 0.68088
    outer loop
      vertex -43.6 -82.7713 2.01
      vertex -43.0349 -81.3487 0.4
      vertex -43.948 -82.5387 2.01
    endloop
  endfacet
  facet normal -0.730818 -0.0479397 0.680887
    outer loop
      vertex -38.8 -80 2.01
      vertex -38.8274 -79.5823 2.01
      vertex -40.3 -80 0.4
    endloop
  endfacet
  facet normal -0.730849 -0.0477571 0.680867
    outer loop
      vertex -40.3 -80 0.4
      vertex -38.8274 -79.5823 2.01
      vertex -40.3145 -79.7781 0.4
    endloop
  endfacet
  facet normal -0.323891 0.656882 0.680882
    outer loop
      vertex -40.7754 -82.9564 2.01
      vertex -40.4 -82.7713 2.01
      vertex -41.3494 -81.5706 0.4
    endloop
  endfacet
  facet normal -0.608905 0.406986 0.68088
    outer loop
      vertex -39.4613 -81.948 2.01
      vertex -39.2287 -81.6 2.01
      vertex -40.6513 -81.0349 0.4
    endloop
  endfacet
  facet normal -0.0477571 -0.730849 0.680867
    outer loop
      vertex -41.7781 -78.3145 0.4
      vertex -41.5823 -76.8274 2.01
      vertex -42 -78.3 0.4
    endloop
  endfacet
  facet normal 0.693514 -0.235452 0.680883
    outer loop
      vertex -43.6421 -79.56 0.4
      vertex -43.5706 -79.3494 0.4
      vertex -44.9564 -78.7754 2.01
    endloop
  endfacet
  facet normal -0.718335 0.142792 0.680886
    outer loop
      vertex -38.909 -80.8282 2.01
      vertex -38.8274 -80.4177 2.01
      vertex -40.3579 -80.44 0.4
    endloop
  endfacet
  facet normal -0.142792 0.718335 0.680886
    outer loop
      vertex -41.1718 -83.091 2.01
      vertex -41.56 -81.6421 0.4
      vertex -41.5823 -83.1726 2.01
    endloop
  endfacet
  facet normal -0.235482 0.6935 0.680886
    outer loop
      vertex -41.1718 -83.091 2.01
      vertex -40.7754 -82.9564 2.01
      vertex -41.56 -81.6421 0.4
    endloop
  endfacet
  facet normal -0.0477571 0.730849 0.680867
    outer loop
      vertex -41.5823 -83.1726 2.01
      vertex -41.7781 -81.6855 0.4
      vertex -42 -81.7 0.4
    endloop
  endfacet
  facet normal -0.550634 0.48292 0.680875
    outer loop
      vertex -39.7373 -82.2627 2.01
      vertex -39.4613 -81.948 2.01
      vertex -40.6513 -81.0349 0.4
    endloop
  endfacet
  facet normal 0.142792 -0.718335 0.680886
    outer loop
      vertex -42.44 -78.3579 0.4
      vertex -42.4177 -76.8274 2.01
      vertex -42.8282 -76.909 2.01
    endloop
  endfacet
  facet normal -0.406779 -0.609016 0.680905
    outer loop
      vertex -40.9651 -78.6513 0.4
      vertex -40.4 -77.2287 2.01
      vertex -41.15 -78.5278 0.4
    endloop
  endfacet
  facet normal -0.6935 -0.235482 0.680886
    outer loop
      vertex -38.909 -79.1718 2.01
      vertex -39.0436 -78.7754 2.01
      vertex -40.3579 -79.56 0.4
    endloop
  endfacet
  facet normal -0.693514 0.235452 0.680883
    outer loop
      vertex -39.0436 -81.2246 2.01
      vertex -40.3579 -80.44 0.4
      vertex -40.4294 -80.6506 0.4
    endloop
  endfacet
  facet normal 0.324096 0.656755 0.680908
    outer loop
      vertex -42.6506 -81.5706 0.4
      vertex -42.85 -81.4722 0.4
      vertex -43.6 -82.7713 2.01
    endloop
  endfacet
  facet normal 0.550634 -0.48292 0.680875
    outer loop
      vertex -43.3487 -78.9651 0.4
      vertex -44.2627 -77.7373 2.01
      vertex -44.5387 -78.052 2.01
    endloop
  endfacet
  facet normal 0.608905 -0.406986 0.68088
    outer loop
      vertex -43.3487 -78.9651 0.4
      vertex -44.5387 -78.052 2.01
      vertex -44.7713 -78.4 2.01
    endloop
  endfacet
  facet normal 0.235482 0.6935 0.680886
    outer loop
      vertex -42.8282 -83.091 2.01
      vertex -42.44 -81.6421 0.4
      vertex -43.2246 -82.9564 2.01
    endloop
  endfacet
  facet normal 0.323891 0.656882 0.680882
    outer loop
      vertex -43.2246 -82.9564 2.01
      vertex -42.6506 -81.5706 0.4
      vertex -43.6 -82.7713 2.01
    endloop
  endfacet
  facet normal 0.730818 -0.0479397 0.680887
    outer loop
      vertex -43.7 -80 0.4
      vertex -45.1726 -79.5823 2.01
      vertex -45.2 -80 2.01
    endloop
  endfacet
  facet normal 0.48292 0.550634 0.680875
    outer loop
      vertex -43.948 -82.5387 2.01
      vertex -43.0349 -81.3487 0.4
      vertex -44.2627 -82.2627 2.01
    endloop
  endfacet
  facet normal -0.0479397 0.730818 0.680887
    outer loop
      vertex -41.5823 -83.1726 2.01
      vertex -42 -81.7 0.4
      vertex -42 -83.2 2.01
    endloop
  endfacet
  facet normal -0.235452 0.693514 0.680883
    outer loop
      vertex -40.7754 -82.9564 2.01
      vertex -41.3494 -81.5706 0.4
      vertex -41.56 -81.6421 0.4
    endloop
  endfacet
  facet normal -0.656882 -0.323891 0.680882
    outer loop
      vertex -39.0436 -78.7754 2.01
      vertex -39.2287 -78.4 2.01
      vertex -40.4294 -79.3494 0.4
    endloop
  endfacet
  facet normal 0.550704 0.482854 0.680865
    outer loop
      vertex -43.2021 -81.2021 0.4
      vertex -43.3487 -81.0349 0.4
      vertex -44.2627 -82.2627 2.01
    endloop
  endfacet
  facet normal 0.656882 0.323891 0.680882
    outer loop
      vertex -44.7713 -81.6 2.01
      vertex -43.5706 -80.6506 0.4
      vertex -44.9564 -81.2246 2.01
    endloop
  endfacet
  facet normal -0.730849 0.0477571 0.680867
    outer loop
      vertex -38.8274 -80.4177 2.01
      vertex -40.3 -80 0.4
      vertex -40.3145 -80.2219 0.4
    endloop
  endfacet
  facet normal -0.6935 0.235482 0.680886
    outer loop
      vertex -39.0436 -81.2246 2.01
      vertex -38.909 -80.8282 2.01
      vertex -40.3579 -80.44 0.4
    endloop
  endfacet
  facet normal -0.730818 0.0479397 0.680887
    outer loop
      vertex -38.8274 -80.4177 2.01
      vertex -38.8 -80 2.01
      vertex -40.3 -80 0.4
    endloop
  endfacet
  facet normal -0.71832 0.142939 0.68087
    outer loop
      vertex -38.8274 -80.4177 2.01
      vertex -40.3145 -80.2219 0.4
      vertex -40.3579 -80.44 0.4
    endloop
  endfacet
  facet normal 0.718335 0.142792 0.680886
    outer loop
      vertex -45.091 -80.8282 2.01
      vertex -43.6421 -80.44 0.4
      vertex -45.1726 -80.4177 2.01
    endloop
  endfacet
  facet normal 0.730818 0.0479397 0.680887
    outer loop
      vertex -45.1726 -80.4177 2.01
      vertex -43.7 -80 0.4
      vertex -45.2 -80 2.01
    endloop
  endfacet
  facet normal 0.0479397 0.730818 0.680887
    outer loop
      vertex -42 -83.2 2.01
      vertex -42 -81.7 0.4
      vertex -42.4177 -83.1726 2.01
    endloop
  endfacet
  facet normal 0.482854 -0.550704 0.680865
    outer loop
      vertex -43.2021 -78.7979 0.4
      vertex -43.0349 -78.6513 0.4
      vertex -44.2627 -77.7373 2.01
    endloop
  endfacet
  facet normal -0.324096 -0.656755 0.680908
    outer loop
      vertex -41.15 -78.5278 0.4
      vertex -40.4 -77.2287 2.01
      vertex -41.3494 -78.4294 0.4
    endloop
  endfacet
  facet normal -0.406986 0.608905 0.68088
    outer loop
      vertex -40.4 -82.7713 2.01
      vertex -40.052 -82.5387 2.01
      vertex -40.9651 -81.3487 0.4
    endloop
  endfacet
  facet normal -0.609016 0.406779 0.680905
    outer loop
      vertex -39.2287 -81.6 2.01
      vertex -40.5278 -80.85 0.4
      vertex -40.6513 -81.0349 0.4
    endloop
  endfacet
  facet normal -0.482854 0.550704 0.680865
    outer loop
      vertex -39.7373 -82.2627 2.01
      vertex -40.7979 -81.2021 0.4
      vertex -40.9651 -81.3487 0.4
    endloop
  endfacet
  facet normal 0.71832 0.142939 0.68087
    outer loop
      vertex -43.6421 -80.44 0.4
      vertex -43.6855 -80.2219 0.4
      vertex -45.1726 -80.4177 2.01
    endloop
  endfacet
  facet normal 0.656755 0.324096 0.680908
    outer loop
      vertex -43.4722 -80.85 0.4
      vertex -43.5706 -80.6506 0.4
      vertex -44.7713 -81.6 2.01
    endloop
  endfacet
  facet normal 0.656755 -0.324096 0.680908
    outer loop
      vertex -43.5706 -79.3494 0.4
      vertex -43.4722 -79.15 0.4
      vertex -44.7713 -78.4 2.01
    endloop
  endfacet
  facet normal 0 0 -1
    outer loop
      vertex -40.3 -80 2.01
      vertex -38.8 -80 2.01
      vertex -38.8274 -80.4177 2.01
    endloop
  endfacet
  facet normal 0 0 -1
    outer loop
      vertex -40.3145 -80.2219 2.01
      vertex -38.8274 -80.4177 2.01
      vertex -38.909 -80.8282 2.01
    endloop
  endfacet
  facet normal 0 0 -1
    outer loop
      vertex -38.8 -80 2.01
      vertex -40.3 -80 2.01
      vertex -38.8274 -79.5823 2.01
    endloop
  endfacet
  facet normal 0 0 -1
    outer loop
      vertex -40.3579 -80.44 2.01
      vertex -38.909 -80.8282 2.01
      vertex -39.0436 -81.2246 2.01
    endloop
  endfacet
  facet normal 0 0 -1
    outer loop
      vertex -40.3145 -79.7781 2.01
      vertex -38.8274 -79.5823 2.01
      vertex -40.3 -80 2.01
    endloop
  endfacet
  facet normal 0 0 -1
    outer loop
      vertex -40.4294 -80.6506 2.01
      vertex -39.0436 -81.2246 2.01
      vertex -39.2287 -81.6 2.01
    endloop
  endfacet
  facet normal -0 0 -1
    outer loop
      vertex -38.8274 -79.5823 2.01
      vertex -40.3145 -79.7781 2.01
      vertex -38.909 -79.1718 2.01
    endloop
  endfacet
  facet normal 0 0 -1
    outer loop
      vertex -40.5278 -80.85 2.01
      vertex -39.2287 -81.6 2.01
      vertex -39.4613 -81.948 2.01
    endloop
  endfacet
  facet normal 0 0 -1
    outer loop
      vertex -40.3579 -79.56 2.01
      vertex -38.909 -79.1718 2.01
      vertex -40.3145 -79.7781 2.01
    endloop
  endfacet
  facet normal 0 0 -1
    outer loop
      vertex -40.6513 -81.0349 2.01
      vertex -39.4613 -81.948 2.01
      vertex -39.7373 -82.2627 2.01
    endloop
  endfacet
  facet normal -0 0 -1
    outer loop
      vertex -38.909 -79.1718 2.01
      vertex -40.3579 -79.56 2.01
      vertex -39.0436 -78.7754 2.01
    endloop
  endfacet
  facet normal 0 0 -1
    outer loop
      vertex -40.7979 -81.2021 2.01
      vertex -39.7373 -82.2627 2.01
      vertex -40.052 -82.5387 2.01
    endloop
  endfacet
  facet normal 0 0 -1
    outer loop
      vertex -40.4294 -79.3494 2.01
      vertex -39.0436 -78.7754 2.01
      vertex -40.3579 -79.56 2.01
    endloop
  endfacet
  facet normal -0 0 -1
    outer loop
      vertex -39.0436 -78.7754 2.01
      vertex -40.4294 -79.3494 2.01
      vertex -39.2287 -78.4 2.01
    endloop
  endfacet
  facet normal 0 0 -1
    outer loop
      vertex -38.8274 -80.4177 2.01
      vertex -40.3145 -80.2219 2.01
      vertex -40.3 -80 2.01
    endloop
  endfacet
  facet normal 0 0 -1
    outer loop
      vertex -38.909 -80.8282 2.01
      vertex -40.3579 -80.44 2.01
      vertex -40.3145 -80.2219 2.01
    endloop
  endfacet
  facet normal 0 0 -1
    outer loop
      vertex -40.9651 -81.3487 2.01
      vertex -40.052 -82.5387 2.01
      vertex -40.4 -82.7713 2.01
    endloop
  endfacet
  facet normal 0 0 -1
    outer loop
      vertex -39.0436 -81.2246 2.01
      vertex -40.4294 -80.6506 2.01
      vertex -40.3579 -80.44 2.01
    endloop
  endfacet
  facet normal 0 0 -1
    outer loop
      vertex -39.2287 -81.6 2.01
      vertex -40.5278 -80.85 2.01
      vertex -40.4294 -80.6506 2.01
    endloop
  endfacet
  facet normal 0 0 -1
    outer loop
      vertex -39.4613 -81.948 2.01
      vertex -40.6513 -81.0349 2.01
      vertex -40.5278 -80.85 2.01
    endloop
  endfacet
  facet normal 0 0 -1
    outer loop
      vertex -41.15 -81.4722 2.01
      vertex -40.4 -82.7713 2.01
      vertex -40.7754 -82.9564 2.01
    endloop
  endfacet
  facet normal 0 0 -1
    outer loop
      vertex -39.7373 -82.2627 2.01
      vertex -40.7979 -81.2021 2.01
      vertex -40.6513 -81.0349 2.01
    endloop
  endfacet
  facet normal 0 0 -1
    outer loop
      vertex -40.052 -82.5387 2.01
      vertex -40.9651 -81.3487 2.01
      vertex -40.7979 -81.2021 2.01
    endloop
  endfacet
  facet normal 0 0 -1
    outer loop
      vertex -40.4 -82.7713 2.01
      vertex -41.15 -81.4722 2.01
      vertex -40.9651 -81.3487 2.01
    endloop
  endfacet
  facet normal 0 0 -1
    outer loop
      vertex -41.3494 -81.5706 2.01
      vertex -40.7754 -82.9564 2.01
      vertex -41.1718 -83.091 2.01
    endloop
  endfacet
  facet normal 0 0 -1
    outer loop
      vertex -40.7754 -82.9564 2.01
      vertex -41.3494 -81.5706 2.01
      vertex -41.15 -81.4722 2.01
    endloop
  endfacet
  facet normal 0 0 -1
    outer loop
      vertex -41.1718 -83.091 2.01
      vertex -41.56 -81.6421 2.01
      vertex -41.3494 -81.5706 2.01
    endloop
  endfacet
  facet normal 0 0 -1
    outer loop
      vertex -41.5823 -83.1726 2.01
      vertex -41.56 -81.6421 2.01
      vertex -41.1718 -83.091 2.01
    endloop
  endfacet
  facet normal 0 0 -1
    outer loop
      vertex -41.5823 -83.1726 2.01
      vertex -41.7781 -81.6855 2.01
      vertex -41.56 -81.6421 2.01
    endloop
  endfacet
  facet normal 0 0 -1
    outer loop
      vertex -42 -83.2 2.01
      vertex -41.7781 -81.6855 2.01
      vertex -41.5823 -83.1726 2.01
    endloop
  endfacet
  facet normal 0 0 -1
    outer loop
      vertex -42 -83.2 2.01
      vertex -42 -81.7 2.01
      vertex -41.7781 -81.6855 2.01
    endloop
  endfacet
  facet normal 0 0 -1
    outer loop
      vertex -42 -83.2 2.01
      vertex -42.2219 -81.6855 2.01
      vertex -42 -81.7 2.01
    endloop
  endfacet
  facet normal 0 0 -1
    outer loop
      vertex -42.4177 -83.1726 2.01
      vertex -42.2219 -81.6855 2.01
      vertex -42 -83.2 2.01
    endloop
  endfacet
  facet normal 0 0 -1
    outer loop
      vertex -42.4177 -83.1726 2.01
      vertex -42.44 -81.6421 2.01
      vertex -42.2219 -81.6855 2.01
    endloop
  endfacet
  facet normal 0 0 -1
    outer loop
      vertex -42.8282 -83.091 2.01
      vertex -42.44 -81.6421 2.01
      vertex -42.4177 -83.1726 2.01
    endloop
  endfacet
  facet normal -0 0 -1
    outer loop
      vertex -42.44 -81.6421 2.01
      vertex -42.8282 -83.091 2.01
      vertex -42.6506 -81.5706 2.01
    endloop
  endfacet
  facet normal 0 0 -1
    outer loop
      vertex -43.2246 -82.9564 2.01
      vertex -42.6506 -81.5706 2.01
      vertex -42.8282 -83.091 2.01
    endloop
  endfacet
  facet normal -0 0 -1
    outer loop
      vertex -42.6506 -81.5706 2.01
      vertex -43.2246 -82.9564 2.01
      vertex -42.85 -81.4722 2.01
    endloop
  endfacet
  facet normal 0 0 -1
    outer loop
      vertex -43.6 -82.7713 2.01
      vertex -42.85 -81.4722 2.01
      vertex -43.2246 -82.9564 2.01
    endloop
  endfacet
  facet normal -0 0 -1
    outer loop
      vertex -42.85 -81.4722 2.01
      vertex -43.6 -82.7713 2.01
      vertex -43.0349 -81.3487 2.01
    endloop
  endfacet
  facet normal 0 0 -1
    outer loop
      vertex -43.948 -82.5387 2.01
      vertex -43.0349 -81.3487 2.01
      vertex -43.6 -82.7713 2.01
    endloop
  endfacet
  facet normal -0 0 -1
    outer loop
      vertex -43.0349 -81.3487 2.01
      vertex -43.948 -82.5387 2.01
      vertex -43.2021 -81.2021 2.01
    endloop
  endfacet
  facet normal 0 0 -1
    outer loop
      vertex -44.2627 -82.2627 2.01
      vertex -43.2021 -81.2021 2.01
      vertex -43.948 -82.5387 2.01
    endloop
  endfacet
  facet normal -0 0 -1
    outer loop
      vertex -43.2021 -81.2021 2.01
      vertex -44.2627 -82.2627 2.01
      vertex -43.3487 -81.0349 2.01
    endloop
  endfacet
  facet normal 0 0 -1
    outer loop
      vertex -44.5387 -81.948 2.01
      vertex -43.3487 -81.0349 2.01
      vertex -44.2627 -82.2627 2.01
    endloop
  endfacet
  facet normal -0 0 -1
    outer loop
      vertex -43.3487 -81.0349 2.01
      vertex -44.5387 -81.948 2.01
      vertex -43.4722 -80.85 2.01
    endloop
  endfacet
  facet normal 0 0 -1
    outer loop
      vertex -44.7713 -81.6 2.01
      vertex -43.4722 -80.85 2.01
      vertex -44.5387 -81.948 2.01
    endloop
  endfacet
  facet normal -0 0 -1
    outer loop
      vertex -43.4722 -80.85 2.01
      vertex -44.7713 -81.6 2.01
      vertex -43.5706 -80.6506 2.01
    endloop
  endfacet
  facet normal 0 0 -1
    outer loop
      vertex -40.5278 -79.15 2.01
      vertex -39.2287 -78.4 2.01
      vertex -40.4294 -79.3494 2.01
    endloop
  endfacet
  facet normal -0 0 -1
    outer loop
      vertex -39.2287 -78.4 2.01
      vertex -40.5278 -79.15 2.01
      vertex -39.4613 -78.052 2.01
    endloop
  endfacet
  facet normal 0 0 -1
    outer loop
      vertex -40.6513 -78.9651 2.01
      vertex -39.4613 -78.052 2.01
      vertex -40.5278 -79.15 2.01
    endloop
  endfacet
  facet normal -0 0 -1
    outer loop
      vertex -39.4613 -78.052 2.01
      vertex -40.6513 -78.9651 2.01
      vertex -39.7373 -77.7373 2.01
    endloop
  endfacet
  facet normal 0 0 -1
    outer loop
      vertex -40.7979 -78.7979 2.01
      vertex -39.7373 -77.7373 2.01
      vertex -40.6513 -78.9651 2.01
    endloop
  endfacet
  facet normal -0 0 -1
    outer loop
      vertex -39.7373 -77.7373 2.01
      vertex -40.7979 -78.7979 2.01
      vertex -40.052 -77.4613 2.01
    endloop
  endfacet
  facet normal 0 0 -1
    outer loop
      vertex -40.9651 -78.6513 2.01
      vertex -40.052 -77.4613 2.01
      vertex -40.7979 -78.7979 2.01
    endloop
  endfacet
  facet normal -0 0 -1
    outer loop
      vertex -40.052 -77.4613 2.01
      vertex -40.9651 -78.6513 2.01
      vertex -40.4 -77.2287 2.01
    endloop
  endfacet
  facet normal 0 0 -1
    outer loop
      vertex -41.15 -78.5278 2.01
      vertex -40.4 -77.2287 2.01
      vertex -40.9651 -78.6513 2.01
    endloop
  endfacet
  facet normal -0 0 -1
    outer loop
      vertex -40.4 -77.2287 2.01
      vertex -41.15 -78.5278 2.01
      vertex -40.7754 -77.0436 2.01
    endloop
  endfacet
  facet normal 0 0 -1
    outer loop
      vertex -41.3494 -78.4294 2.01
      vertex -40.7754 -77.0436 2.01
      vertex -41.15 -78.5278 2.01
    endloop
  endfacet
  facet normal -0 0 -1
    outer loop
      vertex -40.7754 -77.0436 2.01
      vertex -41.3494 -78.4294 2.01
      vertex -41.1718 -76.909 2.01
    endloop
  endfacet
  facet normal 0 0 -1
    outer loop
      vertex -41.56 -78.3579 2.01
      vertex -41.1718 -76.909 2.01
      vertex -41.3494 -78.4294 2.01
    endloop
  endfacet
  facet normal 0 0 -1
    outer loop
      vertex -41.56 -78.3579 2.01
      vertex -41.5823 -76.8274 2.01
      vertex -41.1718 -76.909 2.01
    endloop
  endfacet
  facet normal 0 0 -1
    outer loop
      vertex -41.7781 -78.3145 2.01
      vertex -41.5823 -76.8274 2.01
      vertex -41.56 -78.3579 2.01
    endloop
  endfacet
  facet normal 0 0 -1
    outer loop
      vertex -42 -78.3 2.01
      vertex -41.5823 -76.8274 2.01
      vertex -41.7781 -78.3145 2.01
    endloop
  endfacet
  facet normal 0 0 -1
    outer loop
      vertex -42 -78.3 2.01
      vertex -42 -76.8 2.01
      vertex -41.5823 -76.8274 2.01
    endloop
  endfacet
  facet normal 0 0 -1
    outer loop
      vertex -42.2219 -78.3145 2.01
      vertex -42 -76.8 2.01
      vertex -42 -78.3 2.01
    endloop
  endfacet
  facet normal 0 0 -1
    outer loop
      vertex -42.2219 -78.3145 2.01
      vertex -42.4177 -76.8274 2.01
      vertex -42 -76.8 2.01
    endloop
  endfacet
  facet normal 0 0 -1
    outer loop
      vertex -42.44 -78.3579 2.01
      vertex -42.4177 -76.8274 2.01
      vertex -42.2219 -78.3145 2.01
    endloop
  endfacet
  facet normal 0 0 -1
    outer loop
      vertex -42.8282 -76.909 2.01
      vertex -42.44 -78.3579 2.01
      vertex -42.6506 -78.4294 2.01
    endloop
  endfacet
  facet normal 0 0 -1
    outer loop
      vertex -42.44 -78.3579 2.01
      vertex -42.8282 -76.909 2.01
      vertex -42.4177 -76.8274 2.01
    endloop
  endfacet
  facet normal 0 0 -1
    outer loop
      vertex -43.2246 -77.0436 2.01
      vertex -42.6506 -78.4294 2.01
      vertex -42.85 -78.5278 2.01
    endloop
  endfacet
  facet normal 0 0 -1
    outer loop
      vertex -43.6 -77.2287 2.01
      vertex -42.85 -78.5278 2.01
      vertex -43.0349 -78.6513 2.01
    endloop
  endfacet
  facet normal 0 0 -1
    outer loop
      vertex -43.948 -77.4613 2.01
      vertex -43.0349 -78.6513 2.01
      vertex -43.2021 -78.7979 2.01
    endloop
  endfacet
  facet normal 0 0 -1
    outer loop
      vertex -42.6506 -78.4294 2.01
      vertex -43.2246 -77.0436 2.01
      vertex -42.8282 -76.909 2.01
    endloop
  endfacet
  facet normal 0 0 -1
    outer loop
      vertex -44.2627 -77.7373 2.01
      vertex -43.2021 -78.7979 2.01
      vertex -43.3487 -78.9651 2.01
    endloop
  endfacet
  facet normal 0 0 -1
    outer loop
      vertex -44.5387 -78.052 2.01
      vertex -43.3487 -78.9651 2.01
      vertex -43.4722 -79.15 2.01
    endloop
  endfacet
  facet normal 0 0 -1
    outer loop
      vertex -44.7713 -78.4 2.01
      vertex -43.4722 -79.15 2.01
      vertex -43.5706 -79.3494 2.01
    endloop
  endfacet
  facet normal 0 0 -1
    outer loop
      vertex -42.85 -78.5278 2.01
      vertex -43.6 -77.2287 2.01
      vertex -43.2246 -77.0436 2.01
    endloop
  endfacet
  facet normal 0 0 -1
    outer loop
      vertex -44.9564 -78.7754 2.01
      vertex -43.5706 -79.3494 2.01
      vertex -43.6421 -79.56 2.01
    endloop
  endfacet
  facet normal 0 0 -1
    outer loop
      vertex -45.091 -79.1718 2.01
      vertex -43.6421 -79.56 2.01
      vertex -43.6855 -79.7781 2.01
    endloop
  endfacet
  facet normal 0 0 -1
    outer loop
      vertex -45.1726 -79.5823 2.01
      vertex -43.6855 -79.7781 2.01
      vertex -43.7 -80 2.01
    endloop
  endfacet
  facet normal 0 0 -1
    outer loop
      vertex -44.9564 -81.2246 2.01
      vertex -43.5706 -80.6506 2.01
      vertex -44.7713 -81.6 2.01
    endloop
  endfacet
  facet normal 0 0 -1
    outer loop
      vertex -43.0349 -78.6513 2.01
      vertex -43.948 -77.4613 2.01
      vertex -43.6 -77.2287 2.01
    endloop
  endfacet
  facet normal -0 0 -1
    outer loop
      vertex -43.5706 -80.6506 2.01
      vertex -44.9564 -81.2246 2.01
      vertex -43.6421 -80.44 2.01
    endloop
  endfacet
  facet normal 0 0 -1
    outer loop
      vertex -43.2021 -78.7979 2.01
      vertex -44.2627 -77.7373 2.01
      vertex -43.948 -77.4613 2.01
    endloop
  endfacet
  facet normal 0 0 -1
    outer loop
      vertex -45.091 -80.8282 2.01
      vertex -43.6421 -80.44 2.01
      vertex -44.9564 -81.2246 2.01
    endloop
  endfacet
  facet normal 0 0 -1
    outer loop
      vertex -43.3487 -78.9651 2.01
      vertex -44.5387 -78.052 2.01
      vertex -44.2627 -77.7373 2.01
    endloop
  endfacet
  facet normal -0 0 -1
    outer loop
      vertex -43.6421 -80.44 2.01
      vertex -45.091 -80.8282 2.01
      vertex -43.6855 -80.2219 2.01
    endloop
  endfacet
  facet normal 0 0 -1
    outer loop
      vertex -43.4722 -79.15 2.01
      vertex -44.7713 -78.4 2.01
      vertex -44.5387 -78.052 2.01
    endloop
  endfacet
  facet normal 0 0 -1
    outer loop
      vertex -45.1726 -80.4177 2.01
      vertex -43.6855 -80.2219 2.01
      vertex -45.091 -80.8282 2.01
    endloop
  endfacet
  facet normal 0 0 -1
    outer loop
      vertex -43.5706 -79.3494 2.01
      vertex -44.9564 -78.7754 2.01
      vertex -44.7713 -78.4 2.01
    endloop
  endfacet
  facet normal -0 0 -1
    outer loop
      vertex -43.6855 -80.2219 2.01
      vertex -45.1726 -80.4177 2.01
      vertex -43.7 -80 2.01
    endloop
  endfacet
  facet normal 0 0 -1
    outer loop
      vertex -43.6421 -79.56 2.01
      vertex -45.091 -79.1718 2.01
      vertex -44.9564 -78.7754 2.01
    endloop
  endfacet
  facet normal 0 0 -1
    outer loop
      vertex -45.2 -80 2.01
      vertex -43.7 -80 2.01
      vertex -45.1726 -80.4177 2.01
    endloop
  endfacet
  facet normal 0 0 -1
    outer loop
      vertex -43.6855 -79.7781 2.01
      vertex -45.1726 -79.5823 2.01
      vertex -45.091 -79.1718 2.01
    endloop
  endfacet
  facet normal 0 0 -1
    outer loop
      vertex -43.7 -80 2.01
      vertex -45.2 -80 2.01
      vertex -45.1726 -79.5823 2.01
    endloop
  endfacet
  facet normal 0.608905 0.406986 0.68088
    outer loop
      vertex -44.5387 -81.948 2.01
      vertex -43.3487 -81.0349 0.4
      vertex -44.7713 -81.6 2.01
    endloop
  endfacet
  facet normal 0.48292 -0.550634 0.680875
    outer loop
      vertex -43.0349 -78.6513 0.4
      vertex -43.948 -77.4613 2.01
      vertex -44.2627 -77.7373 2.01
    endloop
  endfacet
  facet normal -0.323891 -0.656882 0.680882
    outer loop
      vertex -40.4 -77.2287 2.01
      vertex -40.7754 -77.0436 2.01
      vertex -41.3494 -78.4294 0.4
    endloop
  endfacet
  facet normal 0.550634 0.48292 0.680875
    outer loop
      vertex -44.2627 -82.2627 2.01
      vertex -43.3487 -81.0349 0.4
      vertex -44.5387 -81.948 2.01
    endloop
  endfacet
  facet normal -0.550704 0.482854 0.680865
    outer loop
      vertex -39.7373 -82.2627 2.01
      vertex -40.6513 -81.0349 0.4
      vertex -40.7979 -81.2021 0.4
    endloop
  endfacet
  facet normal -0.656755 0.324096 0.680908
    outer loop
      vertex -39.2287 -81.6 2.01
      vertex -40.4294 -80.6506 0.4
      vertex -40.5278 -80.85 0.4
    endloop
  endfacet
  facet normal -0.142939 0.71832 0.68087
    outer loop
      vertex -41.5823 -83.1726 2.01
      vertex -41.56 -81.6421 0.4
      vertex -41.7781 -81.6855 0.4
    endloop
  endfacet
  facet normal 0.609016 -0.406779 0.680905
    outer loop
      vertex -43.4722 -79.15 0.4
      vertex -43.3487 -78.9651 0.4
      vertex -44.7713 -78.4 2.01
    endloop
  endfacet
  facet normal -0.324096 0.656755 0.680908
    outer loop
      vertex -40.4 -82.7713 2.01
      vertex -41.15 -81.4722 0.4
      vertex -41.3494 -81.5706 0.4
    endloop
  endfacet
  facet normal 0.406779 0.609016 0.680905
    outer loop
      vertex -42.85 -81.4722 0.4
      vertex -43.0349 -81.3487 0.4
      vertex -43.6 -82.7713 2.01
    endloop
  endfacet
  facet normal 0.0477571 0.730849 0.680867
    outer loop
      vertex -42 -81.7 0.4
      vertex -42.2219 -81.6855 0.4
      vertex -42.4177 -83.1726 2.01
    endloop
  endfacet
  facet normal 0.142939 0.71832 0.68087
    outer loop
      vertex -42.4177 -83.1726 2.01
      vertex -42.2219 -81.6855 0.4
      vertex -42.44 -81.6421 0.4
    endloop
  endfacet
  facet normal 0.482854 0.550704 0.680865
    outer loop
      vertex -43.0349 -81.3487 0.4
      vertex -43.2021 -81.2021 0.4
      vertex -44.2627 -82.2627 2.01
    endloop
  endfacet
  facet normal 0.142792 0.718335 0.680886
    outer loop
      vertex -42.4177 -83.1726 2.01
      vertex -42.44 -81.6421 0.4
      vertex -42.8282 -83.091 2.01
    endloop
  endfacet
  facet normal 0.406986 -0.608905 0.68088
    outer loop
      vertex -43.0349 -78.6513 0.4
      vertex -43.6 -77.2287 2.01
      vertex -43.948 -77.4613 2.01
    endloop
  endfacet
  facet normal 0.6935 -0.235482 0.680886
    outer loop
      vertex -43.6421 -79.56 0.4
      vertex -44.9564 -78.7754 2.01
      vertex -45.091 -79.1718 2.01
    endloop
  endfacet
  facet normal -0.406986 -0.608905 0.68088
    outer loop
      vertex -40.052 -77.4613 2.01
      vertex -40.4 -77.2287 2.01
      vertex -40.9651 -78.6513 0.4
    endloop
  endfacet
  facet normal -0.48292 -0.550634 0.680875
    outer loop
      vertex -39.7373 -77.7373 2.01
      vertex -40.052 -77.4613 2.01
      vertex -40.9651 -78.6513 0.4
    endloop
  endfacet
  facet normal -0.550634 -0.48292 0.680875
    outer loop
      vertex -39.4613 -78.052 2.01
      vertex -39.7373 -77.7373 2.01
      vertex -40.6513 -78.9651 0.4
    endloop
  endfacet
  facet normal -0.656755 -0.324096 0.680908
    outer loop
      vertex -40.4294 -79.3494 0.4
      vertex -39.2287 -78.4 2.01
      vertex -40.5278 -79.15 0.4
    endloop
  endfacet
  facet normal -0.48292 0.550634 0.680875
    outer loop
      vertex -40.052 -82.5387 2.01
      vertex -39.7373 -82.2627 2.01
      vertex -40.9651 -81.3487 0.4
    endloop
  endfacet
  facet normal -0.656882 0.323891 0.680882
    outer loop
      vertex -39.2287 -81.6 2.01
      vertex -39.0436 -81.2246 2.01
      vertex -40.4294 -80.6506 0.4
    endloop
  endfacet
  facet normal -0.235452 -0.693514 0.680883
    outer loop
      vertex -41.3494 -78.4294 0.4
      vertex -40.7754 -77.0436 2.01
      vertex -41.56 -78.3579 0.4
    endloop
  endfacet
  facet normal -0.142792 -0.718335 0.680886
    outer loop
      vertex -41.56 -78.3579 0.4
      vertex -41.1718 -76.909 2.01
      vertex -41.5823 -76.8274 2.01
    endloop
  endfacet
  facet normal 0.235452 -0.693514 0.680883
    outer loop
      vertex -42.6506 -78.4294 0.4
      vertex -42.44 -78.3579 0.4
      vertex -43.2246 -77.0436 2.01
    endloop
  endfacet
  facet normal 0.550704 -0.482854 0.680865
    outer loop
      vertex -43.3487 -78.9651 0.4
      vertex -43.2021 -78.7979 0.4
      vertex -44.2627 -77.7373 2.01
    endloop
  endfacet
  facet normal 0.609016 0.406779 0.680905
    outer loop
      vertex -43.3487 -81.0349 0.4
      vertex -43.4722 -80.85 0.4
      vertex -44.7713 -81.6 2.01
    endloop
  endfacet
  facet normal 0.6935 0.235482 0.680886
    outer loop
      vertex -44.9564 -81.2246 2.01
      vertex -43.6421 -80.44 0.4
      vertex -45.091 -80.8282 2.01
    endloop
  endfacet
  facet normal 0.693514 0.235452 0.680883
    outer loop
      vertex -43.5706 -80.6506 0.4
      vertex -43.6421 -80.44 0.4
      vertex -44.9564 -81.2246 2.01
    endloop
  endfacet
  facet normal -0.235482 -0.6935 0.680886
    outer loop
      vertex -40.7754 -77.0436 2.01
      vertex -41.1718 -76.909 2.01
      vertex -41.56 -78.3579 0.4
    endloop
  endfacet
  facet normal 0.730849 -0.0477571 0.680867
    outer loop
      vertex -43.7 -80 0.4
      vertex -43.6855 -79.7781 0.4
      vertex -45.1726 -79.5823 2.01
    endloop
  endfacet
  facet normal 0.656882 -0.323891 0.680882
    outer loop
      vertex -43.5706 -79.3494 0.4
      vertex -44.7713 -78.4 2.01
      vertex -44.9564 -78.7754 2.01
    endloop
  endfacet
  facet normal 0.730849 0.0477571 0.680867
    outer loop
      vertex -43.6855 -80.2219 0.4
      vertex -43.7 -80 0.4
      vertex -45.1726 -80.4177 2.01
    endloop
  endfacet
  facet normal -0.482854 -0.550704 0.680865
    outer loop
      vertex -40.7979 -78.7979 0.4
      vertex -39.7373 -77.7373 2.01
      vertex -40.9651 -78.6513 0.4
    endloop
  endfacet
  facet normal 0.718335 -0.142792 0.680886
    outer loop
      vertex -43.6421 -79.56 0.4
      vertex -45.091 -79.1718 2.01
      vertex -45.1726 -79.5823 2.01
    endloop
  endfacet
  facet normal -0.550704 -0.482854 0.680865
    outer loop
      vertex -40.6513 -78.9651 0.4
      vertex -39.7373 -77.7373 2.01
      vertex -40.7979 -78.7979 0.4
    endloop
  endfacet
  facet normal -0.406779 0.609016 0.680905
    outer loop
      vertex -40.4 -82.7713 2.01
      vertex -40.9651 -81.3487 0.4
      vertex -41.15 -81.4722 0.4
    endloop
  endfacet
  facet normal -0.608905 -0.406986 0.68088
    outer loop
      vertex -39.2287 -78.4 2.01
      vertex -39.4613 -78.052 2.01
      vertex -40.6513 -78.9651 0.4
    endloop
  endfacet
  facet normal -0.0479397 -0.730818 0.680887
    outer loop
      vertex -41.5823 -76.8274 2.01
      vertex -42 -76.8 2.01
      vertex -42 -78.3 0.4
    endloop
  endfacet
  facet normal 0.323891 -0.656882 0.680882
    outer loop
      vertex -42.6506 -78.4294 0.4
      vertex -43.2246 -77.0436 2.01
      vertex -43.6 -77.2287 2.01
    endloop
  endfacet
  facet normal 0.235482 -0.6935 0.680886
    outer loop
      vertex -42.44 -78.3579 0.4
      vertex -42.8282 -76.909 2.01
      vertex -43.2246 -77.0436 2.01
    endloop
  endfacet
  facet normal 0.324096 -0.656755 0.680908
    outer loop
      vertex -42.85 -78.5278 0.4
      vertex -42.6506 -78.4294 0.4
      vertex -43.6 -77.2287 2.01
    endloop
  endfacet
  facet normal 0.406779 -0.609016 0.680905
    outer loop
      vertex -43.0349 -78.6513 0.4
      vertex -42.85 -78.5278 0.4
      vertex -43.6 -77.2287 2.01
    endloop
  endfacet
  facet normal -0.609016 -0.406779 0.680905
    outer loop
      vertex -40.5278 -79.15 0.4
      vertex -39.2287 -78.4 2.01
      vertex -40.6513 -78.9651 0.4
    endloop
  endfacet
  facet normal -0.718335 -0.142792 0.680886
    outer loop
      vertex -38.8274 -79.5823 2.01
      vertex -38.909 -79.1718 2.01
      vertex -40.3579 -79.56 0.4
    endloop
  endfacet
  facet normal -0.71832 -0.142939 0.68087
    outer loop
      vertex -40.3145 -79.7781 0.4
      vertex -38.8274 -79.5823 2.01
      vertex -40.3579 -79.56 0.4
    endloop
  endfacet
  facet normal 0.71832 -0.142939 0.68087
    outer loop
      vertex -43.6855 -79.7781 0.4
      vertex -43.6421 -79.56 0.4
      vertex -45.1726 -79.5823 2.01
    endloop
  endfacet
  facet normal -0.142939 -0.71832 0.68087
    outer loop
      vertex -41.56 -78.3579 0.4
      vertex -41.5823 -76.8274 2.01
      vertex -41.7781 -78.3145 0.4
    endloop
  endfacet
  facet normal 0.0479397 -0.730818 0.680887
    outer loop
      vertex -42 -78.3 0.4
      vertex -42 -76.8 2.01
      vertex -42.4177 -76.8274 2.01
    endloop
  endfacet
  facet normal 0.0477571 -0.730849 0.680867
    outer loop
      vertex -42.2219 -78.3145 0.4
      vertex -42 -78.3 0.4
      vertex -42.4177 -76.8274 2.01
    endloop
  endfacet
  facet normal -0.693514 -0.235452 0.680883
    outer loop
      vertex -40.3579 -79.56 0.4
      vertex -39.0436 -78.7754 2.01
      vertex -40.4294 -79.3494 0.4
    endloop
  endfacet
  facet normal -0.98077 -0.195167 0
    outer loop
      vertex -40.3145 0.221894 0
      vertex -40.3579 0.439992 0.4
      vertex -40.3579 0.439992 0
    endloop
  endfacet
  facet normal -0.98077 -0.195167 0
    outer loop
      vertex -40.3579 0.439992 0.4
      vertex -40.3145 0.221894 0
      vertex -40.3145 0.221894 0.4
    endloop
  endfacet
  facet normal -0.98077 -0.195167 0
    outer loop
      vertex -40.3145 0.221894 2.01
      vertex -40.3579 0.439992 3
      vertex -40.3579 0.439992 2.01
    endloop
  endfacet
  facet normal -0.98077 -0.195167 0
    outer loop
      vertex -40.3579 0.439992 3
      vertex -40.3145 0.221894 2.01
      vertex -40.3145 0.221894 3
    endloop
  endfacet
  facet normal -0.997872 -0.0652074 0
    outer loop
      vertex -40.3 0 0
      vertex -40.3145 0.221894 0.4
      vertex -40.3145 0.221894 0
    endloop
  endfacet
  facet normal -0.997872 -0.0652074 0
    outer loop
      vertex -40.3145 0.221894 0.4
      vertex -40.3 0 0
      vertex -40.3 0 0.4
    endloop
  endfacet
  facet normal -0.997872 -0.0652074 0
    outer loop
      vertex -40.3 0 2.01
      vertex -40.3145 0.221894 3
      vertex -40.3145 0.221894 2.01
    endloop
  endfacet
  facet normal -0.997872 -0.0652074 0
    outer loop
      vertex -40.3145 0.221894 3
      vertex -40.3 0 2.01
      vertex -40.3 0 3
    endloop
  endfacet
  facet normal -0.0653848 0.99786 0
    outer loop
      vertex -41.7781 -1.68546 2.01
      vertex -42 -1.7 3
      vertex -41.7781 -1.68546 3
    endloop
  endfacet
  facet normal -0.0653848 0.99786 0
    outer loop
      vertex -42 -1.7 3
      vertex -41.7781 -1.68546 2.01
      vertex -42 -1.7 2.01
    endloop
  endfacet
  facet normal -0.0653848 0.99786 0
    outer loop
      vertex -41.7781 -1.68546 0
      vertex -42 -1.7 0.4
      vertex -41.7781 -1.68546 0.4
    endloop
  endfacet
  facet normal -0.0653848 0.99786 0
    outer loop
      vertex -42 -1.7 0.4
      vertex -41.7781 -1.68546 0
      vertex -42 -1.7 0
    endloop
  endfacet
  facet normal 0.659319 -0.751863 0
    outer loop
      vertex -43.2021 1.20208 0
      vertex -43.0349 1.3487 0.4
      vertex -43.2021 1.20208 0.4
    endloop
  endfacet
  facet normal 0.659319 -0.751863 0
    outer loop
      vertex -43.0349 1.3487 0.4
      vertex -43.2021 1.20208 0
      vertex -43.0349 1.3487 0
    endloop
  endfacet
  facet normal 0.659319 -0.751863 0
    outer loop
      vertex -43.2021 1.20208 2.01
      vertex -43.0349 1.3487 3
      vertex -43.2021 1.20208 3
    endloop
  endfacet
  facet normal 0.659319 -0.751863 0
    outer loop
      vertex -43.0349 1.3487 3
      vertex -43.2021 1.20208 2.01
      vertex -43.0349 1.3487 2.01
    endloop
  endfacet
  facet normal 0.831553 0.555445 0
    outer loop
      vertex -43.3487 -1.03489 0.4
      vertex -43.4722 -0.849999 0
      vertex -43.4722 -0.849999 0.4
    endloop
  endfacet
  facet normal 0.831553 0.555445 0
    outer loop
      vertex -43.4722 -0.849999 0
      vertex -43.3487 -1.03489 0.4
      vertex -43.3487 -1.03489 0
    endloop
  endfacet
  facet normal 0.831553 0.555445 0
    outer loop
      vertex -43.3487 -1.03489 3
      vertex -43.4722 -0.849999 2.01
      vertex -43.4722 -0.849999 3
    endloop
  endfacet
  facet normal 0.831553 0.555445 0
    outer loop
      vertex -43.4722 -0.849999 2.01
      vertex -43.3487 -1.03489 3
      vertex -43.3487 -1.03489 2.01
    endloop
  endfacet
  facet normal 0.195122 0.980779 -0
    outer loop
      vertex -42.2219 -1.68546 2.01
      vertex -42.44 -1.64207 3
      vertex -42.2219 -1.68546 3
    endloop
  endfacet
  facet normal 0.195122 0.980779 0
    outer loop
      vertex -42.44 -1.64207 3
      vertex -42.2219 -1.68546 2.01
      vertex -42.44 -1.64207 2.01
    endloop
  endfacet
  facet normal 0.195122 0.980779 -0
    outer loop
      vertex -42.2219 -1.68546 0
      vertex -42.44 -1.64207 0.4
      vertex -42.2219 -1.68546 0.4
    endloop
  endfacet
  facet normal 0.195122 0.980779 0
    outer loop
      vertex -42.44 -1.64207 0.4
      vertex -42.2219 -1.68546 0
      vertex -42.44 -1.64207 0
    endloop
  endfacet
  facet normal -0.659319 -0.751863 0
    outer loop
      vertex -40.9651 1.3487 0
      vertex -40.7979 1.20208 0.4
      vertex -40.9651 1.3487 0.4
    endloop
  endfacet
  facet normal -0.659319 -0.751863 -0
    outer loop
      vertex -40.7979 1.20208 0.4
      vertex -40.9651 1.3487 0
      vertex -40.7979 1.20208 0
    endloop
  endfacet
  facet normal -0.659319 -0.751863 0
    outer loop
      vertex -40.9651 1.3487 2.01
      vertex -40.7979 1.20208 3
      vertex -40.9651 1.3487 3
    endloop
  endfacet
  facet normal -0.659319 -0.751863 -0
    outer loop
      vertex -40.7979 1.20208 3
      vertex -40.9651 1.3487 2.01
      vertex -40.7979 1.20208 2.01
    endloop
  endfacet
  facet normal -0.946901 0.321526 0
    outer loop
      vertex -40.4294 -0.650561 2.01
      vertex -40.3579 -0.439992 3
      vertex -40.3579 -0.439992 2.01
    endloop
  endfacet
  facet normal -0.946901 0.321526 0
    outer loop
      vertex -40.3579 -0.439992 3
      vertex -40.4294 -0.650561 2.01
      vertex -40.4294 -0.650561 3
    endloop
  endfacet
  facet normal -0.946901 0.321526 0
    outer loop
      vertex -40.4294 -0.650561 0
      vertex -40.3579 -0.439992 0.4
      vertex -40.3579 -0.439992 0
    endloop
  endfacet
  facet normal -0.946901 0.321526 0
    outer loop
      vertex -40.3579 -0.439992 0.4
      vertex -40.4294 -0.650561 0
      vertex -40.4294 -0.650561 0.4
    endloop
  endfacet
  facet normal -0.751888 0.659291 0
    outer loop
      vertex -40.7979 -1.20208 0
      vertex -40.6513 -1.03489 0.4
      vertex -40.6513 -1.03489 0
    endloop
  endfacet
  facet normal -0.751888 0.659291 0
    outer loop
      vertex -40.6513 -1.03489 0.4
      vertex -40.7979 -1.20208 0
      vertex -40.7979 -1.20208 0.4
    endloop
  endfacet
  facet normal -0.751888 0.659291 0
    outer loop
      vertex -40.7979 -1.20208 2.01
      vertex -40.6513 -1.03489 3
      vertex -40.6513 -1.03489 2.01
    endloop
  endfacet
  facet normal -0.751888 0.659291 0
    outer loop
      vertex -40.6513 -1.03489 3
      vertex -40.7979 -1.20208 2.01
      vertex -40.7979 -1.20208 3
    endloop
  endfacet
  facet normal -0.751888 -0.659291 0
    outer loop
      vertex -40.6513 1.03489 2.01
      vertex -40.7979 1.20208 3
      vertex -40.7979 1.20208 2.01
    endloop
  endfacet
  facet normal -0.751888 -0.659291 0
    outer loop
      vertex -40.7979 1.20208 3
      vertex -40.6513 1.03489 2.01
      vertex -40.6513 1.03489 3
    endloop
  endfacet
  facet normal -0.751888 -0.659291 0
    outer loop
      vertex -40.6513 1.03489 0
      vertex -40.7979 1.20208 0.4
      vertex -40.7979 1.20208 0
    endloop
  endfacet
  facet normal -0.751888 -0.659291 0
    outer loop
      vertex -40.7979 1.20208 0.4
      vertex -40.6513 1.03489 0
      vertex -40.6513 1.03489 0.4
    endloop
  endfacet
  facet normal 0.946901 0.321526 0
    outer loop
      vertex -43.5706 -0.650561 0.4
      vertex -43.6421 -0.439992 0
      vertex -43.6421 -0.439992 0.4
    endloop
  endfacet
  facet normal 0.946901 0.321526 0
    outer loop
      vertex -43.6421 -0.439992 0
      vertex -43.5706 -0.650561 0.4
      vertex -43.5706 -0.650561 0
    endloop
  endfacet
  facet normal 0.946901 0.321526 0
    outer loop
      vertex -43.5706 -0.650561 3
      vertex -43.6421 -0.439992 2.01
      vertex -43.6421 -0.439992 3
    endloop
  endfacet
  facet normal 0.946901 0.321526 0
    outer loop
      vertex -43.6421 -0.439992 2.01
      vertex -43.5706 -0.650561 3
      vertex -43.5706 -0.650561 2.01
    endloop
  endfacet
  facet normal -0.321403 0.946943 0
    outer loop
      vertex -41.3494 -1.57059 2.01
      vertex -41.56 -1.64207 3
      vertex -41.3494 -1.57059 3
    endloop
  endfacet
  facet normal -0.321403 0.946943 0
    outer loop
      vertex -41.56 -1.64207 3
      vertex -41.3494 -1.57059 2.01
      vertex -41.56 -1.64207 2.01
    endloop
  endfacet
  facet normal -0.321403 0.946943 0
    outer loop
      vertex -41.3494 -1.57059 0
      vertex -41.56 -1.64207 0.4
      vertex -41.3494 -1.57059 0.4
    endloop
  endfacet
  facet normal -0.321403 0.946943 0
    outer loop
      vertex -41.56 -1.64207 0.4
      vertex -41.3494 -1.57059 0
      vertex -41.56 -1.64207 0
    endloop
  endfacet
  facet normal 0.0653848 0.99786 -0
    outer loop
      vertex -42 -1.7 2.01
      vertex -42.2219 -1.68546 3
      vertex -42 -1.7 3
    endloop
  endfacet
  facet normal 0.0653848 0.99786 0
    outer loop
      vertex -42.2219 -1.68546 3
      vertex -42 -1.7 2.01
      vertex -42.2219 -1.68546 2.01
    endloop
  endfacet
  facet normal 0.0653848 0.99786 -0
    outer loop
      vertex -42 -1.7 0
      vertex -42.2219 -1.68546 0.4
      vertex -42 -1.7 0.4
    endloop
  endfacet
  facet normal 0.0653848 0.99786 0
    outer loop
      vertex -42.2219 -1.68546 0.4
      vertex -42 -1.7 0
      vertex -42.2219 -1.68546 0
    endloop
  endfacet
  facet normal 0.321403 -0.946943 0
    outer loop
      vertex -42.6506 1.57059 2.01
      vertex -42.44 1.64207 3
      vertex -42.6506 1.57059 3
    endloop
  endfacet
  facet normal 0.321403 -0.946943 0
    outer loop
      vertex -42.44 1.64207 3
      vertex -42.6506 1.57059 2.01
      vertex -42.44 1.64207 2.01
    endloop
  endfacet
  facet normal 0.321403 -0.946943 0
    outer loop
      vertex -42.6506 1.57059 0
      vertex -42.44 1.64207 0.4
      vertex -42.6506 1.57059 0.4
    endloop
  endfacet
  facet normal 0.321403 -0.946943 0
    outer loop
      vertex -42.44 1.64207 0.4
      vertex -42.6506 1.57059 0
      vertex -42.44 1.64207 0
    endloop
  endfacet
  facet normal -0.946901 -0.321526 0
    outer loop
      vertex -40.3579 0.439992 0
      vertex -40.4294 0.650561 0.4
      vertex -40.4294 0.650561 0
    endloop
  endfacet
  facet normal -0.946901 -0.321526 0
    outer loop
      vertex -40.4294 0.650561 0.4
      vertex -40.3579 0.439992 0
      vertex -40.3579 0.439992 0.4
    endloop
  endfacet
  facet normal -0.946901 -0.321526 0
    outer loop
      vertex -40.3579 0.439992 2.01
      vertex -40.4294 0.650561 3
      vertex -40.4294 0.650561 2.01
    endloop
  endfacet
  facet normal -0.946901 -0.321526 0
    outer loop
      vertex -40.4294 0.650561 3
      vertex -40.3579 0.439992 2.01
      vertex -40.3579 0.439992 3
    endloop
  endfacet
  facet normal 0.751888 -0.659291 0
    outer loop
      vertex -43.3487 1.03489 3
      vertex -43.2021 1.20208 2.01
      vertex -43.2021 1.20208 3
    endloop
  endfacet
  facet normal 0.751888 -0.659291 0
    outer loop
      vertex -43.2021 1.20208 2.01
      vertex -43.3487 1.03489 3
      vertex -43.3487 1.03489 2.01
    endloop
  endfacet
  facet normal 0.751888 -0.659291 0
    outer loop
      vertex -43.3487 1.03489 0.4
      vertex -43.2021 1.20208 0
      vertex -43.2021 1.20208 0.4
    endloop
  endfacet
  facet normal 0.751888 -0.659291 0
    outer loop
      vertex -43.2021 1.20208 0
      vertex -43.3487 1.03489 0.4
      vertex -43.3487 1.03489 0
    endloop
  endfacet
  facet normal 0.442349 0.896843 -0
    outer loop
      vertex -42.6506 -1.57059 0
      vertex -42.85 -1.47224 0.4
      vertex -42.6506 -1.57059 0.4
    endloop
  endfacet
  facet normal 0.442349 0.896843 0
    outer loop
      vertex -42.85 -1.47224 0.4
      vertex -42.6506 -1.57059 0
      vertex -42.85 -1.47224 0
    endloop
  endfacet
  facet normal 0.442349 0.896843 -0
    outer loop
      vertex -42.6506 -1.57059 2.01
      vertex -42.85 -1.47224 3
      vertex -42.6506 -1.57059 3
    endloop
  endfacet
  facet normal 0.442349 0.896843 0
    outer loop
      vertex -42.85 -1.47224 3
      vertex -42.6506 -1.57059 2.01
      vertex -42.85 -1.47224 2.01
    endloop
  endfacet
  facet normal 0.0653848 -0.99786 0
    outer loop
      vertex -42.2219 1.68546 0
      vertex -42 1.7 0.4
      vertex -42.2219 1.68546 0.4
    endloop
  endfacet
  facet normal 0.0653848 -0.99786 0
    outer loop
      vertex -42 1.7 0.4
      vertex -42.2219 1.68546 0
      vertex -42 1.7 0
    endloop
  endfacet
  facet normal 0.0653848 -0.99786 0
    outer loop
      vertex -42.2219 1.68546 2.01
      vertex -42 1.7 3
      vertex -42.2219 1.68546 3
    endloop
  endfacet
  facet normal 0.0653848 -0.99786 0
    outer loop
      vertex -42 1.7 3
      vertex -42.2219 1.68546 2.01
      vertex -42 1.7 2.01
    endloop
  endfacet
  facet normal -0.896787 0.442463 0
    outer loop
      vertex -40.5278 -0.849999 2.01
      vertex -40.4294 -0.650561 3
      vertex -40.4294 -0.650561 2.01
    endloop
  endfacet
  facet normal -0.896787 0.442463 0
    outer loop
      vertex -40.4294 -0.650561 3
      vertex -40.5278 -0.849999 2.01
      vertex -40.5278 -0.849999 3
    endloop
  endfacet
  facet normal -0.896787 0.442463 0
    outer loop
      vertex -40.5278 -0.849999 0
      vertex -40.4294 -0.650561 0.4
      vertex -40.4294 -0.650561 0
    endloop
  endfacet
  facet normal -0.896787 0.442463 0
    outer loop
      vertex -40.4294 -0.650561 0.4
      vertex -40.5278 -0.849999 0
      vertex -40.5278 -0.849999 0.4
    endloop
  endfacet
  facet normal -0.555551 0.831483 0
    outer loop
      vertex -40.9651 -1.3487 0
      vertex -41.15 -1.47224 0.4
      vertex -40.9651 -1.3487 0.4
    endloop
  endfacet
  facet normal -0.555551 0.831483 0
    outer loop
      vertex -41.15 -1.47224 0.4
      vertex -40.9651 -1.3487 0
      vertex -41.15 -1.47224 0
    endloop
  endfacet
  facet normal -0.555551 0.831483 0
    outer loop
      vertex -40.9651 -1.3487 2.01
      vertex -41.15 -1.47224 3
      vertex -40.9651 -1.3487 3
    endloop
  endfacet
  facet normal -0.555551 0.831483 0
    outer loop
      vertex -41.15 -1.47224 3
      vertex -40.9651 -1.3487 2.01
      vertex -41.15 -1.47224 2.01
    endloop
  endfacet
  facet normal 0.98077 0.195167 0
    outer loop
      vertex -43.6421 -0.439992 3
      vertex -43.6855 -0.221894 2.01
      vertex -43.6855 -0.221894 3
    endloop
  endfacet
  facet normal 0.98077 0.195167 0
    outer loop
      vertex -43.6855 -0.221894 2.01
      vertex -43.6421 -0.439992 3
      vertex -43.6421 -0.439992 2.01
    endloop
  endfacet
  facet normal 0.98077 0.195167 0
    outer loop
      vertex -43.6421 -0.439992 0.4
      vertex -43.6855 -0.221894 0
      vertex -43.6855 -0.221894 0.4
    endloop
  endfacet
  facet normal 0.98077 0.195167 0
    outer loop
      vertex -43.6855 -0.221894 0
      vertex -43.6421 -0.439992 0.4
      vertex -43.6421 -0.439992 0
    endloop
  endfacet
  facet normal -0.195122 -0.980779 0
    outer loop
      vertex -41.7781 1.68546 2.01
      vertex -41.56 1.64207 3
      vertex -41.7781 1.68546 3
    endloop
  endfacet
  facet normal -0.195122 -0.980779 -0
    outer loop
      vertex -41.56 1.64207 3
      vertex -41.7781 1.68546 2.01
      vertex -41.56 1.64207 2.01
    endloop
  endfacet
  facet normal -0.195122 -0.980779 0
    outer loop
      vertex -41.7781 1.68546 0
      vertex -41.56 1.64207 0.4
      vertex -41.7781 1.68546 0.4
    endloop
  endfacet
  facet normal -0.195122 -0.980779 -0
    outer loop
      vertex -41.56 1.64207 0.4
      vertex -41.7781 1.68546 0
      vertex -41.56 1.64207 0
    endloop
  endfacet
  facet normal -0.831553 -0.555445 0
    outer loop
      vertex -40.5278 0.849999 0
      vertex -40.6513 1.03489 0.4
      vertex -40.6513 1.03489 0
    endloop
  endfacet
  facet normal -0.831553 -0.555445 0
    outer loop
      vertex -40.6513 1.03489 0.4
      vertex -40.5278 0.849999 0
      vertex -40.5278 0.849999 0.4
    endloop
  endfacet
  facet normal -0.831553 -0.555445 0
    outer loop
      vertex -40.5278 0.849999 2.01
      vertex -40.6513 1.03489 3
      vertex -40.6513 1.03489 2.01
    endloop
  endfacet
  facet normal -0.831553 -0.555445 0
    outer loop
      vertex -40.6513 1.03489 3
      vertex -40.5278 0.849999 2.01
      vertex -40.5278 0.849999 3
    endloop
  endfacet
  facet normal -0.997872 0.0652074 0
    outer loop
      vertex -40.3145 -0.221894 2.01
      vertex -40.3 0 3
      vertex -40.3 0 2.01
    endloop
  endfacet
  facet normal -0.997872 0.0652074 0
    outer loop
      vertex -40.3 0 3
      vertex -40.3145 -0.221894 2.01
      vertex -40.3145 -0.221894 3
    endloop
  endfacet
  facet normal -0.997872 0.0652074 0
    outer loop
      vertex -40.3145 -0.221894 0
      vertex -40.3 0 0.4
      vertex -40.3 0 0
    endloop
  endfacet
  facet normal -0.997872 0.0652074 0
    outer loop
      vertex -40.3 0 0.4
      vertex -40.3145 -0.221894 0
      vertex -40.3145 -0.221894 0.4
    endloop
  endfacet
  facet normal -0.321403 -0.946943 0
    outer loop
      vertex -41.56 1.64207 2.01
      vertex -41.3494 1.57059 3
      vertex -41.56 1.64207 3
    endloop
  endfacet
  facet normal -0.321403 -0.946943 -0
    outer loop
      vertex -41.3494 1.57059 3
      vertex -41.56 1.64207 2.01
      vertex -41.3494 1.57059 2.01
    endloop
  endfacet
  facet normal -0.321403 -0.946943 0
    outer loop
      vertex -41.56 1.64207 0
      vertex -41.3494 1.57059 0.4
      vertex -41.56 1.64207 0.4
    endloop
  endfacet
  facet normal -0.321403 -0.946943 -0
    outer loop
      vertex -41.3494 1.57059 0.4
      vertex -41.56 1.64207 0
      vertex -41.3494 1.57059 0
    endloop
  endfacet
  facet normal -0.555551 -0.831483 0
    outer loop
      vertex -41.15 1.47224 0
      vertex -40.9651 1.3487 0.4
      vertex -41.15 1.47224 0.4
    endloop
  endfacet
  facet normal -0.555551 -0.831483 -0
    outer loop
      vertex -40.9651 1.3487 0.4
      vertex -41.15 1.47224 0
      vertex -40.9651 1.3487 0
    endloop
  endfacet
  facet normal -0.555551 -0.831483 0
    outer loop
      vertex -41.15 1.47224 2.01
      vertex -40.9651 1.3487 3
      vertex -41.15 1.47224 3
    endloop
  endfacet
  facet normal -0.555551 -0.831483 -0
    outer loop
      vertex -40.9651 1.3487 3
      vertex -41.15 1.47224 2.01
      vertex -40.9651 1.3487 2.01
    endloop
  endfacet
  facet normal 0.195122 -0.980779 0
    outer loop
      vertex -42.44 1.64207 0
      vertex -42.2219 1.68546 0.4
      vertex -42.44 1.64207 0.4
    endloop
  endfacet
  facet normal 0.195122 -0.980779 0
    outer loop
      vertex -42.2219 1.68546 0.4
      vertex -42.44 1.64207 0
      vertex -42.2219 1.68546 0
    endloop
  endfacet
  facet normal 0.195122 -0.980779 0
    outer loop
      vertex -42.44 1.64207 2.01
      vertex -42.2219 1.68546 3
      vertex -42.44 1.64207 3
    endloop
  endfacet
  facet normal 0.195122 -0.980779 0
    outer loop
      vertex -42.2219 1.68546 3
      vertex -42.44 1.64207 2.01
      vertex -42.2219 1.68546 2.01
    endloop
  endfacet
  facet normal -0.659319 0.751863 0
    outer loop
      vertex -40.7979 -1.20208 0
      vertex -40.9651 -1.3487 0.4
      vertex -40.7979 -1.20208 0.4
    endloop
  endfacet
  facet normal -0.659319 0.751863 0
    outer loop
      vertex -40.9651 -1.3487 0.4
      vertex -40.7979 -1.20208 0
      vertex -40.9651 -1.3487 0
    endloop
  endfacet
  facet normal -0.659319 0.751863 0
    outer loop
      vertex -40.7979 -1.20208 2.01
      vertex -40.9651 -1.3487 3
      vertex -40.7979 -1.20208 3
    endloop
  endfacet
  facet normal -0.659319 0.751863 0
    outer loop
      vertex -40.9651 -1.3487 3
      vertex -40.7979 -1.20208 2.01
      vertex -40.9651 -1.3487 2.01
    endloop
  endfacet
  facet normal 0.896787 -0.442463 0
    outer loop
      vertex -43.5706 0.650561 3
      vertex -43.4722 0.849999 2.01
      vertex -43.4722 0.849999 3
    endloop
  endfacet
  facet normal 0.896787 -0.442463 0
    outer loop
      vertex -43.4722 0.849999 2.01
      vertex -43.5706 0.650561 3
      vertex -43.5706 0.650561 2.01
    endloop
  endfacet
  facet normal 0.896787 -0.442463 0
    outer loop
      vertex -43.5706 0.650561 0.4
      vertex -43.4722 0.849999 0
      vertex -43.4722 0.849999 0.4
    endloop
  endfacet
  facet normal 0.896787 -0.442463 0
    outer loop
      vertex -43.4722 0.849999 0
      vertex -43.5706 0.650561 0.4
      vertex -43.5706 0.650561 0
    endloop
  endfacet
  facet normal -0.98077 0.195167 0
    outer loop
      vertex -40.3579 -0.439992 0
      vertex -40.3145 -0.221894 0.4
      vertex -40.3145 -0.221894 0
    endloop
  endfacet
  facet normal -0.98077 0.195167 0
    outer loop
      vertex -40.3145 -0.221894 0.4
      vertex -40.3579 -0.439992 0
      vertex -40.3579 -0.439992 0.4
    endloop
  endfacet
  facet normal -0.98077 0.195167 0
    outer loop
      vertex -40.3579 -0.439992 2.01
      vertex -40.3145 -0.221894 3
      vertex -40.3145 -0.221894 2.01
    endloop
  endfacet
  facet normal -0.98077 0.195167 0
    outer loop
      vertex -40.3145 -0.221894 3
      vertex -40.3579 -0.439992 2.01
      vertex -40.3579 -0.439992 3
    endloop
  endfacet
  facet normal -0.195122 0.980779 0
    outer loop
      vertex -41.56 -1.64207 2.01
      vertex -41.7781 -1.68546 3
      vertex -41.56 -1.64207 3
    endloop
  endfacet
  facet normal -0.195122 0.980779 0
    outer loop
      vertex -41.7781 -1.68546 3
      vertex -41.56 -1.64207 2.01
      vertex -41.7781 -1.68546 2.01
    endloop
  endfacet
  facet normal -0.195122 0.980779 0
    outer loop
      vertex -41.56 -1.64207 0
      vertex -41.7781 -1.68546 0.4
      vertex -41.56 -1.64207 0.4
    endloop
  endfacet
  facet normal -0.195122 0.980779 0
    outer loop
      vertex -41.7781 -1.68546 0.4
      vertex -41.56 -1.64207 0
      vertex -41.7781 -1.68546 0
    endloop
  endfacet
  facet normal 0.659319 0.751863 -0
    outer loop
      vertex -43.0349 -1.3487 0
      vertex -43.2021 -1.20208 0.4
      vertex -43.0349 -1.3487 0.4
    endloop
  endfacet
  facet normal 0.659319 0.751863 0
    outer loop
      vertex -43.2021 -1.20208 0.4
      vertex -43.0349 -1.3487 0
      vertex -43.2021 -1.20208 0
    endloop
  endfacet
  facet normal 0.659319 0.751863 -0
    outer loop
      vertex -43.0349 -1.3487 2.01
      vertex -43.2021 -1.20208 3
      vertex -43.0349 -1.3487 3
    endloop
  endfacet
  facet normal 0.659319 0.751863 0
    outer loop
      vertex -43.2021 -1.20208 3
      vertex -43.0349 -1.3487 2.01
      vertex -43.2021 -1.20208 2.01
    endloop
  endfacet
  facet normal 0.751888 0.659291 0
    outer loop
      vertex -43.2021 -1.20208 0.4
      vertex -43.3487 -1.03489 0
      vertex -43.3487 -1.03489 0.4
    endloop
  endfacet
  facet normal 0.751888 0.659291 0
    outer loop
      vertex -43.3487 -1.03489 0
      vertex -43.2021 -1.20208 0.4
      vertex -43.2021 -1.20208 0
    endloop
  endfacet
  facet normal 0.751888 0.659291 0
    outer loop
      vertex -43.2021 -1.20208 3
      vertex -43.3487 -1.03489 2.01
      vertex -43.3487 -1.03489 3
    endloop
  endfacet
  facet normal 0.751888 0.659291 0
    outer loop
      vertex -43.3487 -1.03489 2.01
      vertex -43.2021 -1.20208 3
      vertex -43.2021 -1.20208 2.01
    endloop
  endfacet
  facet normal -0.0653848 -0.99786 0
    outer loop
      vertex -42 1.7 2.01
      vertex -41.7781 1.68546 3
      vertex -42 1.7 3
    endloop
  endfacet
  facet normal -0.0653848 -0.99786 -0
    outer loop
      vertex -41.7781 1.68546 3
      vertex -42 1.7 2.01
      vertex -41.7781 1.68546 2.01
    endloop
  endfacet
  facet normal -0.0653848 -0.99786 0
    outer loop
      vertex -42 1.7 0
      vertex -41.7781 1.68546 0.4
      vertex -42 1.7 0.4
    endloop
  endfacet
  facet normal -0.0653848 -0.99786 -0
    outer loop
      vertex -41.7781 1.68546 0.4
      vertex -42 1.7 0
      vertex -41.7781 1.68546 0
    endloop
  endfacet
  facet normal -0.442349 -0.896843 0
    outer loop
      vertex -41.3494 1.57059 2.01
      vertex -41.15 1.47224 3
      vertex -41.3494 1.57059 3
    endloop
  endfacet
  facet normal -0.442349 -0.896843 -0
    outer loop
      vertex -41.15 1.47224 3
      vertex -41.3494 1.57059 2.01
      vertex -41.15 1.47224 2.01
    endloop
  endfacet
  facet normal -0.442349 -0.896843 0
    outer loop
      vertex -41.3494 1.57059 0
      vertex -41.15 1.47224 0.4
      vertex -41.3494 1.57059 0.4
    endloop
  endfacet
  facet normal -0.442349 -0.896843 -0
    outer loop
      vertex -41.15 1.47224 0.4
      vertex -41.3494 1.57059 0
      vertex -41.15 1.47224 0
    endloop
  endfacet
  facet normal -0.831553 0.555445 0
    outer loop
      vertex -40.6513 -1.03489 0
      vertex -40.5278 -0.849999 0.4
      vertex -40.5278 -0.849999 0
    endloop
  endfacet
  facet normal -0.831553 0.555445 0
    outer loop
      vertex -40.5278 -0.849999 0.4
      vertex -40.6513 -1.03489 0
      vertex -40.6513 -1.03489 0.4
    endloop
  endfacet
  facet normal -0.831553 0.555445 0
    outer loop
      vertex -40.6513 -1.03489 2.01
      vertex -40.5278 -0.849999 3
      vertex -40.5278 -0.849999 2.01
    endloop
  endfacet
  facet normal -0.831553 0.555445 0
    outer loop
      vertex -40.5278 -0.849999 3
      vertex -40.6513 -1.03489 2.01
      vertex -40.6513 -1.03489 3
    endloop
  endfacet
  facet normal 0.997872 0.0652074 0
    outer loop
      vertex -43.6855 -0.221894 3
      vertex -43.7 0 2.01
      vertex -43.7 0 3
    endloop
  endfacet
  facet normal 0.997872 0.0652074 0
    outer loop
      vertex -43.7 0 2.01
      vertex -43.6855 -0.221894 3
      vertex -43.6855 -0.221894 2.01
    endloop
  endfacet
  facet normal 0.997872 0.0652074 0
    outer loop
      vertex -43.6855 -0.221894 0.4
      vertex -43.7 0 0
      vertex -43.7 0 0.4
    endloop
  endfacet
  facet normal 0.997872 0.0652074 0
    outer loop
      vertex -43.7 0 0
      vertex -43.6855 -0.221894 0.4
      vertex -43.6855 -0.221894 0
    endloop
  endfacet
  facet normal -0.442349 0.896843 0
    outer loop
      vertex -41.15 -1.47224 0
      vertex -41.3494 -1.57059 0.4
      vertex -41.15 -1.47224 0.4
    endloop
  endfacet
  facet normal -0.442349 0.896843 0
    outer loop
      vertex -41.3494 -1.57059 0.4
      vertex -41.15 -1.47224 0
      vertex -41.3494 -1.57059 0
    endloop
  endfacet
  facet normal -0.442349 0.896843 0
    outer loop
      vertex -41.15 -1.47224 2.01
      vertex -41.3494 -1.57059 3
      vertex -41.15 -1.47224 3
    endloop
  endfacet
  facet normal -0.442349 0.896843 0
    outer loop
      vertex -41.3494 -1.57059 3
      vertex -41.15 -1.47224 2.01
      vertex -41.3494 -1.57059 2.01
    endloop
  endfacet
  facet normal 0.98077 -0.195167 0
    outer loop
      vertex -43.6855 0.221894 3
      vertex -43.6421 0.439992 2.01
      vertex -43.6421 0.439992 3
    endloop
  endfacet
  facet normal 0.98077 -0.195167 0
    outer loop
      vertex -43.6421 0.439992 2.01
      vertex -43.6855 0.221894 3
      vertex -43.6855 0.221894 2.01
    endloop
  endfacet
  facet normal 0.98077 -0.195167 0
    outer loop
      vertex -43.6855 0.221894 0.4
      vertex -43.6421 0.439992 0
      vertex -43.6421 0.439992 0.4
    endloop
  endfacet
  facet normal 0.98077 -0.195167 0
    outer loop
      vertex -43.6421 0.439992 0
      vertex -43.6855 0.221894 0.4
      vertex -43.6855 0.221894 0
    endloop
  endfacet
  facet normal 0.896787 0.442463 0
    outer loop
      vertex -43.4722 -0.849999 0.4
      vertex -43.5706 -0.650561 0
      vertex -43.5706 -0.650561 0.4
    endloop
  endfacet
  facet normal 0.896787 0.442463 0
    outer loop
      vertex -43.5706 -0.650561 0
      vertex -43.4722 -0.849999 0.4
      vertex -43.4722 -0.849999 0
    endloop
  endfacet
  facet normal 0.896787 0.442463 0
    outer loop
      vertex -43.4722 -0.849999 3
      vertex -43.5706 -0.650561 2.01
      vertex -43.5706 -0.650561 3
    endloop
  endfacet
  facet normal 0.896787 0.442463 0
    outer loop
      vertex -43.5706 -0.650561 2.01
      vertex -43.4722 -0.849999 3
      vertex -43.4722 -0.849999 2.01
    endloop
  endfacet
  facet normal 0.946901 -0.321526 0
    outer loop
      vertex -43.6421 0.439992 3
      vertex -43.5706 0.650561 2.01
      vertex -43.5706 0.650561 3
    endloop
  endfacet
  facet normal 0.946901 -0.321526 0
    outer loop
      vertex -43.5706 0.650561 2.01
      vertex -43.6421 0.439992 3
      vertex -43.6421 0.439992 2.01
    endloop
  endfacet
  facet normal 0.946901 -0.321526 0
    outer loop
      vertex -43.6421 0.439992 0.4
      vertex -43.5706 0.650561 0
      vertex -43.5706 0.650561 0.4
    endloop
  endfacet
  facet normal 0.946901 -0.321526 0
    outer loop
      vertex -43.5706 0.650561 0
      vertex -43.6421 0.439992 0.4
      vertex -43.6421 0.439992 0
    endloop
  endfacet
  facet normal 0.555551 -0.831483 0
    outer loop
      vertex -43.0349 1.3487 2.01
      vertex -42.85 1.47224 3
      vertex -43.0349 1.3487 3
    endloop
  endfacet
  facet normal 0.555551 -0.831483 0
    outer loop
      vertex -42.85 1.47224 3
      vertex -43.0349 1.3487 2.01
      vertex -42.85 1.47224 2.01
    endloop
  endfacet
  facet normal 0.555551 -0.831483 0
    outer loop
      vertex -43.0349 1.3487 0
      vertex -42.85 1.47224 0.4
      vertex -43.0349 1.3487 0.4
    endloop
  endfacet
  facet normal 0.555551 -0.831483 0
    outer loop
      vertex -42.85 1.47224 0.4
      vertex -43.0349 1.3487 0
      vertex -42.85 1.47224 0
    endloop
  endfacet
  facet normal -0.896787 -0.442463 0
    outer loop
      vertex -40.4294 0.650561 0
      vertex -40.5278 0.849999 0.4
      vertex -40.5278 0.849999 0
    endloop
  endfacet
  facet normal -0.896787 -0.442463 0
    outer loop
      vertex -40.5278 0.849999 0.4
      vertex -40.4294 0.650561 0
      vertex -40.4294 0.650561 0.4
    endloop
  endfacet
  facet normal -0.896787 -0.442463 0
    outer loop
      vertex -40.4294 0.650561 2.01
      vertex -40.5278 0.849999 3
      vertex -40.5278 0.849999 2.01
    endloop
  endfacet
  facet normal -0.896787 -0.442463 0
    outer loop
      vertex -40.5278 0.849999 3
      vertex -40.4294 0.650561 2.01
      vertex -40.4294 0.650561 3
    endloop
  endfacet
  facet normal 0.997872 -0.0652074 0
    outer loop
      vertex -43.7 0 3
      vertex -43.6855 0.221894 2.01
      vertex -43.6855 0.221894 3
    endloop
  endfacet
  facet normal 0.997872 -0.0652074 0
    outer loop
      vertex -43.6855 0.221894 2.01
      vertex -43.7 0 3
      vertex -43.7 0 2.01
    endloop
  endfacet
  facet normal 0.997872 -0.0652074 0
    outer loop
      vertex -43.7 0 0.4
      vertex -43.6855 0.221894 0
      vertex -43.6855 0.221894 0.4
    endloop
  endfacet
  facet normal 0.997872 -0.0652074 0
    outer loop
      vertex -43.6855 0.221894 0
      vertex -43.7 0 0.4
      vertex -43.7 0 0
    endloop
  endfacet
  facet normal 0.321403 0.946943 -0
    outer loop
      vertex -42.44 -1.64207 2.01
      vertex -42.6506 -1.57059 3
      vertex -42.44 -1.64207 3
    endloop
  endfacet
  facet normal 0.321403 0.946943 0
    outer loop
      vertex -42.6506 -1.57059 3
      vertex -42.44 -1.64207 2.01
      vertex -42.6506 -1.57059 2.01
    endloop
  endfacet
  facet normal 0.321403 0.946943 -0
    outer loop
      vertex -42.44 -1.64207 0
      vertex -42.6506 -1.57059 0.4
      vertex -42.44 -1.64207 0.4
    endloop
  endfacet
  facet normal 0.321403 0.946943 0
    outer loop
      vertex -42.6506 -1.57059 0.4
      vertex -42.44 -1.64207 0
      vertex -42.6506 -1.57059 0
    endloop
  endfacet
  facet normal 0.442349 -0.896843 0
    outer loop
      vertex -42.85 1.47224 2.01
      vertex -42.6506 1.57059 3
      vertex -42.85 1.47224 3
    endloop
  endfacet
  facet normal 0.442349 -0.896843 0
    outer loop
      vertex -42.6506 1.57059 3
      vertex -42.85 1.47224 2.01
      vertex -42.6506 1.57059 2.01
    endloop
  endfacet
  facet normal 0.442349 -0.896843 0
    outer loop
      vertex -42.85 1.47224 0
      vertex -42.6506 1.57059 0.4
      vertex -42.85 1.47224 0.4
    endloop
  endfacet
  facet normal 0.442349 -0.896843 0
    outer loop
      vertex -42.6506 1.57059 0.4
      vertex -42.85 1.47224 0
      vertex -42.6506 1.57059 0
    endloop
  endfacet
  facet normal 0.831553 -0.555445 0
    outer loop
      vertex -43.4722 0.849999 3
      vertex -43.3487 1.03489 2.01
      vertex -43.3487 1.03489 3
    endloop
  endfacet
  facet normal 0.831553 -0.555445 0
    outer loop
      vertex -43.3487 1.03489 2.01
      vertex -43.4722 0.849999 3
      vertex -43.4722 0.849999 2.01
    endloop
  endfacet
  facet normal 0.831553 -0.555445 0
    outer loop
      vertex -43.4722 0.849999 0.4
      vertex -43.3487 1.03489 0
      vertex -43.3487 1.03489 0.4
    endloop
  endfacet
  facet normal 0.831553 -0.555445 0
    outer loop
      vertex -43.3487 1.03489 0
      vertex -43.4722 0.849999 0.4
      vertex -43.4722 0.849999 0
    endloop
  endfacet
  facet normal 0.555551 0.831483 -0
    outer loop
      vertex -42.85 -1.47224 0
      vertex -43.0349 -1.3487 0.4
      vertex -42.85 -1.47224 0.4
    endloop
  endfacet
  facet normal 0.555551 0.831483 0
    outer loop
      vertex -43.0349 -1.3487 0.4
      vertex -42.85 -1.47224 0
      vertex -43.0349 -1.3487 0
    endloop
  endfacet
  facet normal 0.555551 0.831483 -0
    outer loop
      vertex -42.85 -1.47224 2.01
      vertex -43.0349 -1.3487 3
      vertex -42.85 -1.47224 3
    endloop
  endfacet
  facet normal 0.555551 0.831483 0
    outer loop
      vertex -43.0349 -1.3487 3
      vertex -42.85 -1.47224 2.01
      vertex -43.0349 -1.3487 2.01
    endloop
  endfacet
  facet normal 0.235392 0.693531 0.680885
    outer loop
      vertex -42.44 -1.64207 0.4
      vertex -42.6506 -1.57059 0.4
      vertex -43.2246 -2.95641 2.01
    endloop
  endfacet
  facet normal 0.142905 -0.718312 0.680886
    outer loop
      vertex -42.2219 1.68546 0.4
      vertex -42.4177 3.17262 2.01
      vertex -42.44 1.64207 0.4
    endloop
  endfacet
  facet normal 0.406924 0.608942 0.680883
    outer loop
      vertex -43.6 -2.77128 2.01
      vertex -43.0349 -1.3487 0.4
      vertex -43.948 -2.53873 2.01
    endloop
  endfacet
  facet normal -0.730818 -0.0479415 0.680886
    outer loop
      vertex -38.8 0 2.01
      vertex -38.8274 0.417684 2.01
      vertex -40.3 0 0.4
    endloop
  endfacet
  facet normal -0.730849 -0.0477584 0.680867
    outer loop
      vertex -40.3 0 0.4
      vertex -38.8274 0.417684 2.01
      vertex -40.3145 0.221894 0.4
    endloop
  endfacet
  facet normal -0.323932 0.656859 0.680885
    outer loop
      vertex -40.7754 -2.95641 2.01
      vertex -40.4 -2.77128 2.01
      vertex -41.3494 -1.57059 0.4
    endloop
  endfacet
  facet normal -0.608922 0.406951 0.680885
    outer loop
      vertex -39.4613 -1.94804 2.01
      vertex -39.2287 -1.6 2.01
      vertex -40.6513 -1.03489 0.4
    endloop
  endfacet
  facet normal -0.0478871 -0.730822 0.680886
    outer loop
      vertex -41.7781 1.68546 0.4
      vertex -41.5823 3.17262 2.01
      vertex -42 1.7 0.4
    endloop
  endfacet
  facet normal 0.6935 -0.235482 0.680886
    outer loop
      vertex -43.6421 0.439992 0.4
      vertex -43.5706 0.650561 0.4
      vertex -44.9564 1.22459 2.01
    endloop
  endfacet
  facet normal -0.718336 0.14278 0.680887
    outer loop
      vertex -38.909 -0.82822 2.01
      vertex -38.8274 -0.417684 2.01
      vertex -40.3579 -0.439992 0.4
    endloop
  endfacet
  facet normal -0.142893 0.718314 0.680887
    outer loop
      vertex -41.1718 -3.09096 2.01
      vertex -41.56 -1.64207 0.4
      vertex -41.5823 -3.17262 2.01
    endloop
  endfacet
  facet normal -0.235404 0.693526 0.680886
    outer loop
      vertex -41.1718 -3.09096 2.01
      vertex -40.7754 -2.95641 2.01
      vertex -41.56 -1.64207 0.4
    endloop
  endfacet
  facet normal -0.0478871 0.730822 0.680886
    outer loop
      vertex -41.5823 -3.17262 2.01
      vertex -41.7781 -1.68546 0.4
      vertex -42 -1.7 0.4
    endloop
  endfacet
  facet normal -0.550628 0.482915 0.680883
    outer loop
      vertex -39.7373 -2.26274 2.01
      vertex -39.4613 -1.94804 2.01
      vertex -40.6513 -1.03489 0.4
    endloop
  endfacet
  facet normal 0.142893 -0.718314 0.680887
    outer loop
      vertex -42.44 1.64207 0.4
      vertex -42.4177 3.17262 2.01
      vertex -42.8282 3.09096 2.01
    endloop
  endfacet
  facet normal -0.406878 -0.608967 0.680889
    outer loop
      vertex -40.9651 1.3487 0.4
      vertex -40.4 2.77128 2.01
      vertex -41.15 1.47224 0.4
    endloop
  endfacet
  facet normal -0.693493 -0.235498 0.680888
    outer loop
      vertex -38.909 0.82822 2.01
      vertex -39.0436 1.22459 2.01
      vertex -40.3579 0.439992 0.4
    endloop
  endfacet
  facet normal -0.6935 0.235482 0.680886
    outer loop
      vertex -39.0436 -1.22459 2.01
      vertex -40.3579 -0.439992 0.4
      vertex -40.4294 -0.650561 0.4
    endloop
  endfacet
  facet normal 0.32397 0.656835 0.68089
    outer loop
      vertex -42.6506 -1.57059 0.4
      vertex -42.85 -1.47224 0.4
      vertex -43.6 -2.77128 2.01
    endloop
  endfacet
  facet normal 0.550628 -0.482915 0.680883
    outer loop
      vertex -43.3487 1.03489 0.4
      vertex -44.2627 2.26274 2.01
      vertex -44.5387 1.94804 2.01
    endloop
  endfacet
  facet normal 0.608922 -0.406951 0.680885
    outer loop
      vertex -43.3487 1.03489 0.4
      vertex -44.5387 1.94804 2.01
      vertex -44.7713 1.6 2.01
    endloop
  endfacet
  facet normal 0.235404 0.693526 0.680886
    outer loop
      vertex -42.8282 -3.09096 2.01
      vertex -42.44 -1.64207 0.4
      vertex -43.2246 -2.95641 2.01
    endloop
  endfacet
  facet normal 0.323932 0.656859 0.680885
    outer loop
      vertex -43.2246 -2.95641 2.01
      vertex -42.6506 -1.57059 0.4
      vertex -43.6 -2.77128 2.01
    endloop
  endfacet
  facet normal 0.730818 -0.0479415 0.680886
    outer loop
      vertex -43.7 0 0.4
      vertex -45.1726 0.417684 2.01
      vertex -45.2 0 2.01
    endloop
  endfacet
  facet normal 0.482907 0.550638 0.680881
    outer loop
      vertex -43.948 -2.53873 2.01
      vertex -43.0349 -1.3487 0.4
      vertex -44.2627 -2.26274 2.01
    endloop
  endfacet
  facet normal -0.0479048 0.730819 0.680888
    outer loop
      vertex -41.5823 -3.17262 2.01
      vertex -42 -1.7 0.4
      vertex -42 -3.2 2.01
    endloop
  endfacet
  facet normal -0.235392 0.693531 0.680885
    outer loop
      vertex -40.7754 -2.95641 2.01
      vertex -41.3494 -1.57059 0.4
      vertex -41.56 -1.64207 0.4
    endloop
  endfacet
  facet normal -0.656882 -0.323883 0.680886
    outer loop
      vertex -39.0436 1.22459 2.01
      vertex -39.2287 1.6 2.01
      vertex -40.4294 0.650561 0.4
    endloop
  endfacet
  facet normal 0.550683 0.482864 0.680875
    outer loop
      vertex -43.2021 -1.20208 0.4
      vertex -43.3487 -1.03489 0.4
      vertex -44.2627 -2.26274 2.01
    endloop
  endfacet
  facet normal 0.656882 0.323883 0.680886
    outer loop
      vertex -44.7713 -1.6 2.01
      vertex -43.5706 -0.650561 0.4
      vertex -44.9564 -1.22459 2.01
    endloop
  endfacet
  facet normal -0.730849 0.0477584 0.680867
    outer loop
      vertex -38.8274 -0.417684 2.01
      vertex -40.3 0 0.4
      vertex -40.3145 -0.221894 0.4
    endloop
  endfacet
  facet normal -0.693493 0.235498 0.680888
    outer loop
      vertex -39.0436 -1.22459 2.01
      vertex -38.909 -0.82822 2.01
      vertex -40.3579 -0.439992 0.4
    endloop
  endfacet
  facet normal -0.730818 0.0479415 0.680886
    outer loop
      vertex -38.8274 -0.417684 2.01
      vertex -38.8 0 2.01
      vertex -40.3 0 0.4
    endloop
  endfacet
  facet normal -0.71832 0.142941 0.68087
    outer loop
      vertex -38.8274 -0.417684 2.01
      vertex -40.3145 -0.221894 0.4
      vertex -40.3579 -0.439992 0.4
    endloop
  endfacet
  facet normal 0.718336 0.14278 0.680887
    outer loop
      vertex -45.091 -0.82822 2.01
      vertex -43.6421 -0.439992 0.4
      vertex -45.1726 -0.417684 2.01
    endloop
  endfacet
  facet normal 0.730818 0.0479415 0.680886
    outer loop
      vertex -45.1726 -0.417684 2.01
      vertex -43.7 0 0.4
      vertex -45.2 0 2.01
    endloop
  endfacet
  facet normal 0.0479048 0.730819 0.680888
    outer loop
      vertex -42 -3.2 2.01
      vertex -42 -1.7 0.4
      vertex -42.4177 -3.17262 2.01
    endloop
  endfacet
  facet normal 0.482884 -0.550663 0.680877
    outer loop
      vertex -43.2021 1.20208 0.4
      vertex -43.0349 1.3487 0.4
      vertex -44.2627 2.26274 2.01
    endloop
  endfacet
  facet normal -0.32397 -0.656835 0.68089
    outer loop
      vertex -41.15 1.47224 0.4
      vertex -40.4 2.77128 2.01
      vertex -41.3494 1.57059 0.4
    endloop
  endfacet
  facet normal -0.406924 0.608942 0.680883
    outer loop
      vertex -40.4 -2.77128 2.01
      vertex -40.052 -2.53873 2.01
      vertex -40.9651 -1.3487 0.4
    endloop
  endfacet
  facet normal -0.609007 0.406793 0.680904
    outer loop
      vertex -39.2287 -1.6 2.01
      vertex -40.5278 -0.849999 0.4
      vertex -40.6513 -1.03489 0.4
    endloop
  endfacet
  facet normal -0.482884 0.550663 0.680877
    outer loop
      vertex -39.7373 -2.26274 2.01
      vertex -40.7979 -1.20208 0.4
      vertex -40.9651 -1.3487 0.4
    endloop
  endfacet
  facet normal 0.71832 0.142941 0.68087
    outer loop
      vertex -43.6421 -0.439992 0.4
      vertex -43.6855 -0.221894 0.4
      vertex -45.1726 -0.417684 2.01
    endloop
  endfacet
  facet normal 0.656781 0.324047 0.680906
    outer loop
      vertex -43.4722 -0.849999 0.4
      vertex -43.5706 -0.650561 0.4
      vertex -44.7713 -1.6 2.01
    endloop
  endfacet
  facet normal 0.656781 -0.324047 0.680906
    outer loop
      vertex -43.5706 0.650561 0.4
      vertex -43.4722 0.849999 0.4
      vertex -44.7713 1.6 2.01
    endloop
  endfacet
  facet normal 0 0 -1
    outer loop
      vertex -40.3 0 2.01
      vertex -38.8 0 2.01
      vertex -38.8274 -0.417684 2.01
    endloop
  endfacet
  facet normal 0 0 -1
    outer loop
      vertex -40.3145 -0.221894 2.01
      vertex -38.8274 -0.417684 2.01
      vertex -38.909 -0.82822 2.01
    endloop
  endfacet
  facet normal 0 0 -1
    outer loop
      vertex -38.8 0 2.01
      vertex -40.3 0 2.01
      vertex -38.8274 0.417684 2.01
    endloop
  endfacet
  facet normal 0 0 -1
    outer loop
      vertex -40.3579 -0.439992 2.01
      vertex -38.909 -0.82822 2.01
      vertex -39.0436 -1.22459 2.01
    endloop
  endfacet
  facet normal 0 0 -1
    outer loop
      vertex -40.3145 0.221894 2.01
      vertex -38.8274 0.417684 2.01
      vertex -40.3 0 2.01
    endloop
  endfacet
  facet normal 0 0 -1
    outer loop
      vertex -40.4294 -0.650561 2.01
      vertex -39.0436 -1.22459 2.01
      vertex -39.2287 -1.6 2.01
    endloop
  endfacet
  facet normal -0 0 -1
    outer loop
      vertex -38.8274 0.417684 2.01
      vertex -40.3145 0.221894 2.01
      vertex -38.909 0.82822 2.01
    endloop
  endfacet
  facet normal 0 0 -1
    outer loop
      vertex -40.5278 -0.849999 2.01
      vertex -39.2287 -1.6 2.01
      vertex -39.4613 -1.94804 2.01
    endloop
  endfacet
  facet normal 0 0 -1
    outer loop
      vertex -40.3579 0.439992 2.01
      vertex -38.909 0.82822 2.01
      vertex -40.3145 0.221894 2.01
    endloop
  endfacet
  facet normal 0 0 -1
    outer loop
      vertex -40.6513 -1.03489 2.01
      vertex -39.4613 -1.94804 2.01
      vertex -39.7373 -2.26274 2.01
    endloop
  endfacet
  facet normal -0 0 -1
    outer loop
      vertex -38.909 0.82822 2.01
      vertex -40.3579 0.439992 2.01
      vertex -39.0436 1.22459 2.01
    endloop
  endfacet
  facet normal 0 0 -1
    outer loop
      vertex -40.7979 -1.20208 2.01
      vertex -39.7373 -2.26274 2.01
      vertex -40.052 -2.53873 2.01
    endloop
  endfacet
  facet normal 0 0 -1
    outer loop
      vertex -40.4294 0.650561 2.01
      vertex -39.0436 1.22459 2.01
      vertex -40.3579 0.439992 2.01
    endloop
  endfacet
  facet normal -0 0 -1
    outer loop
      vertex -39.0436 1.22459 2.01
      vertex -40.4294 0.650561 2.01
      vertex -39.2287 1.6 2.01
    endloop
  endfacet
  facet normal 0 0 -1
    outer loop
      vertex -38.8274 -0.417684 2.01
      vertex -40.3145 -0.221894 2.01
      vertex -40.3 0 2.01
    endloop
  endfacet
  facet normal 0 0 -1
    outer loop
      vertex -38.909 -0.82822 2.01
      vertex -40.3579 -0.439992 2.01
      vertex -40.3145 -0.221894 2.01
    endloop
  endfacet
  facet normal 0 0 -1
    outer loop
      vertex -40.9651 -1.3487 2.01
      vertex -40.052 -2.53873 2.01
      vertex -40.4 -2.77128 2.01
    endloop
  endfacet
  facet normal 0 0 -1
    outer loop
      vertex -39.0436 -1.22459 2.01
      vertex -40.4294 -0.650561 2.01
      vertex -40.3579 -0.439992 2.01
    endloop
  endfacet
  facet normal 0 0 -1
    outer loop
      vertex -39.2287 -1.6 2.01
      vertex -40.5278 -0.849999 2.01
      vertex -40.4294 -0.650561 2.01
    endloop
  endfacet
  facet normal 0 0 -1
    outer loop
      vertex -39.4613 -1.94804 2.01
      vertex -40.6513 -1.03489 2.01
      vertex -40.5278 -0.849999 2.01
    endloop
  endfacet
  facet normal 0 0 -1
    outer loop
      vertex -41.15 -1.47224 2.01
      vertex -40.4 -2.77128 2.01
      vertex -40.7754 -2.95641 2.01
    endloop
  endfacet
  facet normal 0 0 -1
    outer loop
      vertex -39.7373 -2.26274 2.01
      vertex -40.7979 -1.20208 2.01
      vertex -40.6513 -1.03489 2.01
    endloop
  endfacet
  facet normal 0 0 -1
    outer loop
      vertex -40.052 -2.53873 2.01
      vertex -40.9651 -1.3487 2.01
      vertex -40.7979 -1.20208 2.01
    endloop
  endfacet
  facet normal 0 0 -1
    outer loop
      vertex -40.4 -2.77128 2.01
      vertex -41.15 -1.47224 2.01
      vertex -40.9651 -1.3487 2.01
    endloop
  endfacet
  facet normal 0 0 -1
    outer loop
      vertex -41.3494 -1.57059 2.01
      vertex -40.7754 -2.95641 2.01
      vertex -41.1718 -3.09096 2.01
    endloop
  endfacet
  facet normal 0 0 -1
    outer loop
      vertex -40.7754 -2.95641 2.01
      vertex -41.3494 -1.57059 2.01
      vertex -41.15 -1.47224 2.01
    endloop
  endfacet
  facet normal 0 0 -1
    outer loop
      vertex -41.1718 -3.09096 2.01
      vertex -41.56 -1.64207 2.01
      vertex -41.3494 -1.57059 2.01
    endloop
  endfacet
  facet normal 0 0 -1
    outer loop
      vertex -41.5823 -3.17262 2.01
      vertex -41.56 -1.64207 2.01
      vertex -41.1718 -3.09096 2.01
    endloop
  endfacet
  facet normal 0 0 -1
    outer loop
      vertex -41.5823 -3.17262 2.01
      vertex -41.7781 -1.68546 2.01
      vertex -41.56 -1.64207 2.01
    endloop
  endfacet
  facet normal 0 0 -1
    outer loop
      vertex -42 -3.2 2.01
      vertex -41.7781 -1.68546 2.01
      vertex -41.5823 -3.17262 2.01
    endloop
  endfacet
  facet normal 0 0 -1
    outer loop
      vertex -42 -3.2 2.01
      vertex -42 -1.7 2.01
      vertex -41.7781 -1.68546 2.01
    endloop
  endfacet
  facet normal 0 0 -1
    outer loop
      vertex -42 -3.2 2.01
      vertex -42.2219 -1.68546 2.01
      vertex -42 -1.7 2.01
    endloop
  endfacet
  facet normal 0 0 -1
    outer loop
      vertex -42.4177 -3.17262 2.01
      vertex -42.2219 -1.68546 2.01
      vertex -42 -3.2 2.01
    endloop
  endfacet
  facet normal 0 0 -1
    outer loop
      vertex -42.4177 -3.17262 2.01
      vertex -42.44 -1.64207 2.01
      vertex -42.2219 -1.68546 2.01
    endloop
  endfacet
  facet normal 0 0 -1
    outer loop
      vertex -42.8282 -3.09096 2.01
      vertex -42.44 -1.64207 2.01
      vertex -42.4177 -3.17262 2.01
    endloop
  endfacet
  facet normal -0 0 -1
    outer loop
      vertex -42.44 -1.64207 2.01
      vertex -42.8282 -3.09096 2.01
      vertex -42.6506 -1.57059 2.01
    endloop
  endfacet
  facet normal 0 0 -1
    outer loop
      vertex -43.2246 -2.95641 2.01
      vertex -42.6506 -1.57059 2.01
      vertex -42.8282 -3.09096 2.01
    endloop
  endfacet
  facet normal -0 0 -1
    outer loop
      vertex -42.6506 -1.57059 2.01
      vertex -43.2246 -2.95641 2.01
      vertex -42.85 -1.47224 2.01
    endloop
  endfacet
  facet normal 0 0 -1
    outer loop
      vertex -43.6 -2.77128 2.01
      vertex -42.85 -1.47224 2.01
      vertex -43.2246 -2.95641 2.01
    endloop
  endfacet
  facet normal -0 0 -1
    outer loop
      vertex -42.85 -1.47224 2.01
      vertex -43.6 -2.77128 2.01
      vertex -43.0349 -1.3487 2.01
    endloop
  endfacet
  facet normal 0 0 -1
    outer loop
      vertex -43.948 -2.53873 2.01
      vertex -43.0349 -1.3487 2.01
      vertex -43.6 -2.77128 2.01
    endloop
  endfacet
  facet normal -0 0 -1
    outer loop
      vertex -43.0349 -1.3487 2.01
      vertex -43.948 -2.53873 2.01
      vertex -43.2021 -1.20208 2.01
    endloop
  endfacet
  facet normal 0 0 -1
    outer loop
      vertex -44.2627 -2.26274 2.01
      vertex -43.2021 -1.20208 2.01
      vertex -43.948 -2.53873 2.01
    endloop
  endfacet
  facet normal -0 0 -1
    outer loop
      vertex -43.2021 -1.20208 2.01
      vertex -44.2627 -2.26274 2.01
      vertex -43.3487 -1.03489 2.01
    endloop
  endfacet
  facet normal 0 0 -1
    outer loop
      vertex -44.5387 -1.94804 2.01
      vertex -43.3487 -1.03489 2.01
      vertex -44.2627 -2.26274 2.01
    endloop
  endfacet
  facet normal -0 0 -1
    outer loop
      vertex -43.3487 -1.03489 2.01
      vertex -44.5387 -1.94804 2.01
      vertex -43.4722 -0.849999 2.01
    endloop
  endfacet
  facet normal 0 0 -1
    outer loop
      vertex -44.7713 -1.6 2.01
      vertex -43.4722 -0.849999 2.01
      vertex -44.5387 -1.94804 2.01
    endloop
  endfacet
  facet normal -0 0 -1
    outer loop
      vertex -43.4722 -0.849999 2.01
      vertex -44.7713 -1.6 2.01
      vertex -43.5706 -0.650561 2.01
    endloop
  endfacet
  facet normal 0 0 -1
    outer loop
      vertex -40.5278 0.849999 2.01
      vertex -39.2287 1.6 2.01
      vertex -40.4294 0.650561 2.01
    endloop
  endfacet
  facet normal -0 0 -1
    outer loop
      vertex -39.2287 1.6 2.01
      vertex -40.5278 0.849999 2.01
      vertex -39.4613 1.94804 2.01
    endloop
  endfacet
  facet normal 0 0 -1
    outer loop
      vertex -40.6513 1.03489 2.01
      vertex -39.4613 1.94804 2.01
      vertex -40.5278 0.849999 2.01
    endloop
  endfacet
  facet normal -0 0 -1
    outer loop
      vertex -39.4613 1.94804 2.01
      vertex -40.6513 1.03489 2.01
      vertex -39.7373 2.26274 2.01
    endloop
  endfacet
  facet normal 0 0 -1
    outer loop
      vertex -40.7979 1.20208 2.01
      vertex -39.7373 2.26274 2.01
      vertex -40.6513 1.03489 2.01
    endloop
  endfacet
  facet normal -0 0 -1
    outer loop
      vertex -39.7373 2.26274 2.01
      vertex -40.7979 1.20208 2.01
      vertex -40.052 2.53873 2.01
    endloop
  endfacet
  facet normal 0 0 -1
    outer loop
      vertex -40.9651 1.3487 2.01
      vertex -40.052 2.53873 2.01
      vertex -40.7979 1.20208 2.01
    endloop
  endfacet
  facet normal -0 0 -1
    outer loop
      vertex -40.052 2.53873 2.01
      vertex -40.9651 1.3487 2.01
      vertex -40.4 2.77128 2.01
    endloop
  endfacet
  facet normal 0 0 -1
    outer loop
      vertex -41.15 1.47224 2.01
      vertex -40.4 2.77128 2.01
      vertex -40.9651 1.3487 2.01
    endloop
  endfacet
  facet normal -0 0 -1
    outer loop
      vertex -40.4 2.77128 2.01
      vertex -41.15 1.47224 2.01
      vertex -40.7754 2.95641 2.01
    endloop
  endfacet
  facet normal 0 0 -1
    outer loop
      vertex -41.3494 1.57059 2.01
      vertex -40.7754 2.95641 2.01
      vertex -41.15 1.47224 2.01
    endloop
  endfacet
  facet normal -0 0 -1
    outer loop
      vertex -40.7754 2.95641 2.01
      vertex -41.3494 1.57059 2.01
      vertex -41.1718 3.09096 2.01
    endloop
  endfacet
  facet normal 0 0 -1
    outer loop
      vertex -41.56 1.64207 2.01
      vertex -41.1718 3.09096 2.01
      vertex -41.3494 1.57059 2.01
    endloop
  endfacet
  facet normal 0 0 -1
    outer loop
      vertex -41.56 1.64207 2.01
      vertex -41.5823 3.17262 2.01
      vertex -41.1718 3.09096 2.01
    endloop
  endfacet
  facet normal 0 0 -1
    outer loop
      vertex -41.7781 1.68546 2.01
      vertex -41.5823 3.17262 2.01
      vertex -41.56 1.64207 2.01
    endloop
  endfacet
  facet normal 0 0 -1
    outer loop
      vertex -42 1.7 2.01
      vertex -41.5823 3.17262 2.01
      vertex -41.7781 1.68546 2.01
    endloop
  endfacet
  facet normal 0 0 -1
    outer loop
      vertex -42 1.7 2.01
      vertex -42 3.2 2.01
      vertex -41.5823 3.17262 2.01
    endloop
  endfacet
  facet normal 0 0 -1
    outer loop
      vertex -42.2219 1.68546 2.01
      vertex -42 3.2 2.01
      vertex -42 1.7 2.01
    endloop
  endfacet
  facet normal 0 0 -1
    outer loop
      vertex -42.2219 1.68546 2.01
      vertex -42.4177 3.17262 2.01
      vertex -42 3.2 2.01
    endloop
  endfacet
  facet normal 0 0 -1
    outer loop
      vertex -42.44 1.64207 2.01
      vertex -42.4177 3.17262 2.01
      vertex -42.2219 1.68546 2.01
    endloop
  endfacet
  facet normal 0 0 -1
    outer loop
      vertex -42.8282 3.09096 2.01
      vertex -42.44 1.64207 2.01
      vertex -42.6506 1.57059 2.01
    endloop
  endfacet
  facet normal 0 0 -1
    outer loop
      vertex -42.44 1.64207 2.01
      vertex -42.8282 3.09096 2.01
      vertex -42.4177 3.17262 2.01
    endloop
  endfacet
  facet normal 0 0 -1
    outer loop
      vertex -43.2246 2.95641 2.01
      vertex -42.6506 1.57059 2.01
      vertex -42.85 1.47224 2.01
    endloop
  endfacet
  facet normal 0 0 -1
    outer loop
      vertex -43.6 2.77128 2.01
      vertex -42.85 1.47224 2.01
      vertex -43.0349 1.3487 2.01
    endloop
  endfacet
  facet normal 0 0 -1
    outer loop
      vertex -43.948 2.53873 2.01
      vertex -43.0349 1.3487 2.01
      vertex -43.2021 1.20208 2.01
    endloop
  endfacet
  facet normal 0 0 -1
    outer loop
      vertex -42.6506 1.57059 2.01
      vertex -43.2246 2.95641 2.01
      vertex -42.8282 3.09096 2.01
    endloop
  endfacet
  facet normal 0 0 -1
    outer loop
      vertex -44.2627 2.26274 2.01
      vertex -43.2021 1.20208 2.01
      vertex -43.3487 1.03489 2.01
    endloop
  endfacet
  facet normal 0 0 -1
    outer loop
      vertex -44.5387 1.94804 2.01
      vertex -43.3487 1.03489 2.01
      vertex -43.4722 0.849999 2.01
    endloop
  endfacet
  facet normal 0 0 -1
    outer loop
      vertex -44.7713 1.6 2.01
      vertex -43.4722 0.849999 2.01
      vertex -43.5706 0.650561 2.01
    endloop
  endfacet
  facet normal 0 0 -1
    outer loop
      vertex -42.85 1.47224 2.01
      vertex -43.6 2.77128 2.01
      vertex -43.2246 2.95641 2.01
    endloop
  endfacet
  facet normal 0 0 -1
    outer loop
      vertex -44.9564 1.22459 2.01
      vertex -43.5706 0.650561 2.01
      vertex -43.6421 0.439992 2.01
    endloop
  endfacet
  facet normal 0 0 -1
    outer loop
      vertex -45.091 0.82822 2.01
      vertex -43.6421 0.439992 2.01
      vertex -43.6855 0.221894 2.01
    endloop
  endfacet
  facet normal 0 0 -1
    outer loop
      vertex -45.1726 0.417684 2.01
      vertex -43.6855 0.221894 2.01
      vertex -43.7 0 2.01
    endloop
  endfacet
  facet normal 0 0 -1
    outer loop
      vertex -44.9564 -1.22459 2.01
      vertex -43.5706 -0.650561 2.01
      vertex -44.7713 -1.6 2.01
    endloop
  endfacet
  facet normal 0 0 -1
    outer loop
      vertex -43.0349 1.3487 2.01
      vertex -43.948 2.53873 2.01
      vertex -43.6 2.77128 2.01
    endloop
  endfacet
  facet normal -0 0 -1
    outer loop
      vertex -43.5706 -0.650561 2.01
      vertex -44.9564 -1.22459 2.01
      vertex -43.6421 -0.439992 2.01
    endloop
  endfacet
  facet normal 0 0 -1
    outer loop
      vertex -43.2021 1.20208 2.01
      vertex -44.2627 2.26274 2.01
      vertex -43.948 2.53873 2.01
    endloop
  endfacet
  facet normal 0 0 -1
    outer loop
      vertex -45.091 -0.82822 2.01
      vertex -43.6421 -0.439992 2.01
      vertex -44.9564 -1.22459 2.01
    endloop
  endfacet
  facet normal 0 0 -1
    outer loop
      vertex -43.3487 1.03489 2.01
      vertex -44.5387 1.94804 2.01
      vertex -44.2627 2.26274 2.01
    endloop
  endfacet
  facet normal -0 0 -1
    outer loop
      vertex -43.6421 -0.439992 2.01
      vertex -45.091 -0.82822 2.01
      vertex -43.6855 -0.221894 2.01
    endloop
  endfacet
  facet normal 0 0 -1
    outer loop
      vertex -43.4722 0.849999 2.01
      vertex -44.7713 1.6 2.01
      vertex -44.5387 1.94804 2.01
    endloop
  endfacet
  facet normal 0 0 -1
    outer loop
      vertex -45.1726 -0.417684 2.01
      vertex -43.6855 -0.221894 2.01
      vertex -45.091 -0.82822 2.01
    endloop
  endfacet
  facet normal 0 0 -1
    outer loop
      vertex -43.5706 0.650561 2.01
      vertex -44.9564 1.22459 2.01
      vertex -44.7713 1.6 2.01
    endloop
  endfacet
  facet normal -0 0 -1
    outer loop
      vertex -43.6855 -0.221894 2.01
      vertex -45.1726 -0.417684 2.01
      vertex -43.7 0 2.01
    endloop
  endfacet
  facet normal 0 0 -1
    outer loop
      vertex -43.6421 0.439992 2.01
      vertex -45.091 0.82822 2.01
      vertex -44.9564 1.22459 2.01
    endloop
  endfacet
  facet normal 0 0 -1
    outer loop
      vertex -45.2 0 2.01
      vertex -43.7 0 2.01
      vertex -45.1726 -0.417684 2.01
    endloop
  endfacet
  facet normal 0 0 -1
    outer loop
      vertex -43.6855 0.221894 2.01
      vertex -45.1726 0.417684 2.01
      vertex -45.091 0.82822 2.01
    endloop
  endfacet
  facet normal 0 0 -1
    outer loop
      vertex -43.7 0 2.01
      vertex -45.2 0 2.01
      vertex -45.1726 0.417684 2.01
    endloop
  endfacet
  facet normal 0.608922 0.406951 0.680885
    outer loop
      vertex -44.5387 -1.94804 2.01
      vertex -43.3487 -1.03489 0.4
      vertex -44.7713 -1.6 2.01
    endloop
  endfacet
  facet normal 0.482907 -0.550638 0.680881
    outer loop
      vertex -43.0349 1.3487 0.4
      vertex -43.948 2.53873 2.01
      vertex -44.2627 2.26274 2.01
    endloop
  endfacet
  facet normal -0.323932 -0.656859 0.680885
    outer loop
      vertex -40.4 2.77128 2.01
      vertex -40.7754 2.95641 2.01
      vertex -41.3494 1.57059 0.4
    endloop
  endfacet
  facet normal 0.550628 0.482915 0.680883
    outer loop
      vertex -44.2627 -2.26274 2.01
      vertex -43.3487 -1.03489 0.4
      vertex -44.5387 -1.94804 2.01
    endloop
  endfacet
  facet normal -0.550683 0.482864 0.680875
    outer loop
      vertex -39.7373 -2.26274 2.01
      vertex -40.6513 -1.03489 0.4
      vertex -40.7979 -1.20208 0.4
    endloop
  endfacet
  facet normal -0.656781 0.324047 0.680906
    outer loop
      vertex -39.2287 -1.6 2.01
      vertex -40.4294 -0.650561 0.4
      vertex -40.5278 -0.849999 0.4
    endloop
  endfacet
  facet normal -0.142905 0.718312 0.680886
    outer loop
      vertex -41.5823 -3.17262 2.01
      vertex -41.56 -1.64207 0.4
      vertex -41.7781 -1.68546 0.4
    endloop
  endfacet
  facet normal 0.609007 -0.406793 0.680904
    outer loop
      vertex -43.4722 0.849999 0.4
      vertex -43.3487 1.03489 0.4
      vertex -44.7713 1.6 2.01
    endloop
  endfacet
  facet normal -0.32397 0.656835 0.68089
    outer loop
      vertex -40.4 -2.77128 2.01
      vertex -41.15 -1.47224 0.4
      vertex -41.3494 -1.57059 0.4
    endloop
  endfacet
  facet normal 0.406878 0.608967 0.680889
    outer loop
      vertex -42.85 -1.47224 0.4
      vertex -43.0349 -1.3487 0.4
      vertex -43.6 -2.77128 2.01
    endloop
  endfacet
  facet normal 0.0478871 0.730822 0.680886
    outer loop
      vertex -42 -1.7 0.4
      vertex -42.2219 -1.68546 0.4
      vertex -42.4177 -3.17262 2.01
    endloop
  endfacet
  facet normal 0.142905 0.718312 0.680886
    outer loop
      vertex -42.4177 -3.17262 2.01
      vertex -42.2219 -1.68546 0.4
      vertex -42.44 -1.64207 0.4
    endloop
  endfacet
  facet normal 0.482884 0.550663 0.680877
    outer loop
      vertex -43.0349 -1.3487 0.4
      vertex -43.2021 -1.20208 0.4
      vertex -44.2627 -2.26274 2.01
    endloop
  endfacet
  facet normal 0.142893 0.718314 0.680887
    outer loop
      vertex -42.4177 -3.17262 2.01
      vertex -42.44 -1.64207 0.4
      vertex -42.8282 -3.09096 2.01
    endloop
  endfacet
  facet normal 0.406924 -0.608942 0.680883
    outer loop
      vertex -43.0349 1.3487 0.4
      vertex -43.6 2.77128 2.01
      vertex -43.948 2.53873 2.01
    endloop
  endfacet
  facet normal 0.693493 -0.235498 0.680888
    outer loop
      vertex -43.6421 0.439992 0.4
      vertex -44.9564 1.22459 2.01
      vertex -45.091 0.82822 2.01
    endloop
  endfacet
  facet normal -0.406924 -0.608942 0.680883
    outer loop
      vertex -40.052 2.53873 2.01
      vertex -40.4 2.77128 2.01
      vertex -40.9651 1.3487 0.4
    endloop
  endfacet
  facet normal -0.482907 -0.550638 0.680881
    outer loop
      vertex -39.7373 2.26274 2.01
      vertex -40.052 2.53873 2.01
      vertex -40.9651 1.3487 0.4
    endloop
  endfacet
  facet normal -0.550628 -0.482915 0.680883
    outer loop
      vertex -39.4613 1.94804 2.01
      vertex -39.7373 2.26274 2.01
      vertex -40.6513 1.03489 0.4
    endloop
  endfacet
  facet normal -0.656781 -0.324047 0.680906
    outer loop
      vertex -40.4294 0.650561 0.4
      vertex -39.2287 1.6 2.01
      vertex -40.5278 0.849999 0.4
    endloop
  endfacet
  facet normal -0.482907 0.550638 0.680881
    outer loop
      vertex -40.052 -2.53873 2.01
      vertex -39.7373 -2.26274 2.01
      vertex -40.9651 -1.3487 0.4
    endloop
  endfacet
  facet normal -0.656882 0.323883 0.680886
    outer loop
      vertex -39.2287 -1.6 2.01
      vertex -39.0436 -1.22459 2.01
      vertex -40.4294 -0.650561 0.4
    endloop
  endfacet
  facet normal -0.235392 -0.693531 0.680885
    outer loop
      vertex -41.3494 1.57059 0.4
      vertex -40.7754 2.95641 2.01
      vertex -41.56 1.64207 0.4
    endloop
  endfacet
  facet normal -0.142893 -0.718314 0.680887
    outer loop
      vertex -41.56 1.64207 0.4
      vertex -41.1718 3.09096 2.01
      vertex -41.5823 3.17262 2.01
    endloop
  endfacet
  facet normal 0.235392 -0.693531 0.680885
    outer loop
      vertex -42.6506 1.57059 0.4
      vertex -42.44 1.64207 0.4
      vertex -43.2246 2.95641 2.01
    endloop
  endfacet
  facet normal 0.550683 -0.482864 0.680875
    outer loop
      vertex -43.3487 1.03489 0.4
      vertex -43.2021 1.20208 0.4
      vertex -44.2627 2.26274 2.01
    endloop
  endfacet
  facet normal 0.609007 0.406793 0.680904
    outer loop
      vertex -43.3487 -1.03489 0.4
      vertex -43.4722 -0.849999 0.4
      vertex -44.7713 -1.6 2.01
    endloop
  endfacet
  facet normal 0.693493 0.235498 0.680888
    outer loop
      vertex -44.9564 -1.22459 2.01
      vertex -43.6421 -0.439992 0.4
      vertex -45.091 -0.82822 2.01
    endloop
  endfacet
  facet normal 0.6935 0.235482 0.680886
    outer loop
      vertex -43.5706 -0.650561 0.4
      vertex -43.6421 -0.439992 0.4
      vertex -44.9564 -1.22459 2.01
    endloop
  endfacet
  facet normal -0.235404 -0.693526 0.680886
    outer loop
      vertex -40.7754 2.95641 2.01
      vertex -41.1718 3.09096 2.01
      vertex -41.56 1.64207 0.4
    endloop
  endfacet
  facet normal 0.730849 -0.0477584 0.680867
    outer loop
      vertex -43.7 0 0.4
      vertex -43.6855 0.221894 0.4
      vertex -45.1726 0.417684 2.01
    endloop
  endfacet
  facet normal 0.656882 -0.323883 0.680886
    outer loop
      vertex -43.5706 0.650561 0.4
      vertex -44.7713 1.6 2.01
      vertex -44.9564 1.22459 2.01
    endloop
  endfacet
  facet normal 0.730849 0.0477584 0.680867
    outer loop
      vertex -43.6855 -0.221894 0.4
      vertex -43.7 0 0.4
      vertex -45.1726 -0.417684 2.01
    endloop
  endfacet
  facet normal -0.482884 -0.550663 0.680877
    outer loop
      vertex -40.7979 1.20208 0.4
      vertex -39.7373 2.26274 2.01
      vertex -40.9651 1.3487 0.4
    endloop
  endfacet
  facet normal 0.718336 -0.14278 0.680887
    outer loop
      vertex -43.6421 0.439992 0.4
      vertex -45.091 0.82822 2.01
      vertex -45.1726 0.417684 2.01
    endloop
  endfacet
  facet normal -0.550683 -0.482864 0.680875
    outer loop
      vertex -40.6513 1.03489 0.4
      vertex -39.7373 2.26274 2.01
      vertex -40.7979 1.20208 0.4
    endloop
  endfacet
  facet normal -0.406878 0.608967 0.680889
    outer loop
      vertex -40.4 -2.77128 2.01
      vertex -40.9651 -1.3487 0.4
      vertex -41.15 -1.47224 0.4
    endloop
  endfacet
  facet normal -0.608922 -0.406951 0.680885
    outer loop
      vertex -39.2287 1.6 2.01
      vertex -39.4613 1.94804 2.01
      vertex -40.6513 1.03489 0.4
    endloop
  endfacet
  facet normal -0.0479048 -0.730819 0.680888
    outer loop
      vertex -41.5823 3.17262 2.01
      vertex -42 3.2 2.01
      vertex -42 1.7 0.4
    endloop
  endfacet
  facet normal 0.323932 -0.656859 0.680885
    outer loop
      vertex -42.6506 1.57059 0.4
      vertex -43.2246 2.95641 2.01
      vertex -43.6 2.77128 2.01
    endloop
  endfacet
  facet normal 0.235404 -0.693526 0.680886
    outer loop
      vertex -42.44 1.64207 0.4
      vertex -42.8282 3.09096 2.01
      vertex -43.2246 2.95641 2.01
    endloop
  endfacet
  facet normal 0.32397 -0.656835 0.68089
    outer loop
      vertex -42.85 1.47224 0.4
      vertex -42.6506 1.57059 0.4
      vertex -43.6 2.77128 2.01
    endloop
  endfacet
  facet normal 0.406878 -0.608967 0.680889
    outer loop
      vertex -43.0349 1.3487 0.4
      vertex -42.85 1.47224 0.4
      vertex -43.6 2.77128 2.01
    endloop
  endfacet
  facet normal -0.609007 -0.406793 0.680904
    outer loop
      vertex -40.5278 0.849999 0.4
      vertex -39.2287 1.6 2.01
      vertex -40.6513 1.03489 0.4
    endloop
  endfacet
  facet normal -0.718336 -0.14278 0.680887
    outer loop
      vertex -38.8274 0.417684 2.01
      vertex -38.909 0.82822 2.01
      vertex -40.3579 0.439992 0.4
    endloop
  endfacet
  facet normal -0.71832 -0.142941 0.68087
    outer loop
      vertex -40.3145 0.221894 0.4
      vertex -38.8274 0.417684 2.01
      vertex -40.3579 0.439992 0.4
    endloop
  endfacet
  facet normal 0.71832 -0.142941 0.68087
    outer loop
      vertex -43.6855 0.221894 0.4
      vertex -43.6421 0.439992 0.4
      vertex -45.1726 0.417684 2.01
    endloop
  endfacet
  facet normal -0.142905 -0.718312 0.680886
    outer loop
      vertex -41.56 1.64207 0.4
      vertex -41.5823 3.17262 2.01
      vertex -41.7781 1.68546 0.4
    endloop
  endfacet
  facet normal 0.0479048 -0.730819 0.680888
    outer loop
      vertex -42 1.7 0.4
      vertex -42 3.2 2.01
      vertex -42.4177 3.17262 2.01
    endloop
  endfacet
  facet normal 0.0478871 -0.730822 0.680886
    outer loop
      vertex -42.2219 1.68546 0.4
      vertex -42 1.7 0.4
      vertex -42.4177 3.17262 2.01
    endloop
  endfacet
  facet normal -0.6935 -0.235482 0.680886
    outer loop
      vertex -40.3579 0.439992 0.4
      vertex -39.0436 1.22459 2.01
      vertex -40.4294 0.650561 0.4
    endloop
  endfacet
  facet normal -0.98077 -0.195165 0
    outer loop
      vertex -40.3145 80.2219 0
      vertex -40.3579 80.44 0.4
      vertex -40.3579 80.44 0
    endloop
  endfacet
  facet normal -0.98077 -0.195165 0
    outer loop
      vertex -40.3579 80.44 0.4
      vertex -40.3145 80.2219 0
      vertex -40.3145 80.2219 0.4
    endloop
  endfacet
  facet normal -0.98077 -0.195165 0
    outer loop
      vertex -40.3145 80.2219 2.01
      vertex -40.3579 80.44 3
      vertex -40.3579 80.44 2.01
    endloop
  endfacet
  facet normal -0.98077 -0.195165 0
    outer loop
      vertex -40.3579 80.44 3
      vertex -40.3145 80.2219 2.01
      vertex -40.3145 80.2219 3
    endloop
  endfacet
  facet normal -0.997872 -0.0652057 0
    outer loop
      vertex -40.3 80 0
      vertex -40.3145 80.2219 0.4
      vertex -40.3145 80.2219 0
    endloop
  endfacet
  facet normal -0.997872 -0.0652057 0
    outer loop
      vertex -40.3145 80.2219 0.4
      vertex -40.3 80 0
      vertex -40.3 80 0.4
    endloop
  endfacet
  facet normal -0.997872 -0.0652057 0
    outer loop
      vertex -40.3 80 2.01
      vertex -40.3145 80.2219 3
      vertex -40.3145 80.2219 2.01
    endloop
  endfacet
  facet normal -0.997872 -0.0652057 0
    outer loop
      vertex -40.3145 80.2219 3
      vertex -40.3 80 2.01
      vertex -40.3 80 3
    endloop
  endfacet
  facet normal -0.0652057 0.997872 0
    outer loop
      vertex -41.7781 78.3145 0
      vertex -42 78.3 0.4
      vertex -41.7781 78.3145 0.4
    endloop
  endfacet
  facet normal -0.0652057 0.997872 0
    outer loop
      vertex -42 78.3 0.4
      vertex -41.7781 78.3145 0
      vertex -42 78.3 0
    endloop
  endfacet
  facet normal -0.0652057 0.997872 0
    outer loop
      vertex -41.7781 78.3145 2.01
      vertex -42 78.3 3
      vertex -41.7781 78.3145 3
    endloop
  endfacet
  facet normal -0.0652057 0.997872 0
    outer loop
      vertex -42 78.3 3
      vertex -41.7781 78.3145 2.01
      vertex -42 78.3 2.01
    endloop
  endfacet
  facet normal 0.659268 -0.751908 0
    outer loop
      vertex -43.2021 81.2021 0
      vertex -43.0349 81.3487 0.4
      vertex -43.2021 81.2021 0.4
    endloop
  endfacet
  facet normal 0.659268 -0.751908 0
    outer loop
      vertex -43.0349 81.3487 0.4
      vertex -43.2021 81.2021 0
      vertex -43.0349 81.3487 0
    endloop
  endfacet
  facet normal 0.659268 -0.751908 0
    outer loop
      vertex -43.2021 81.2021 2.01
      vertex -43.0349 81.3487 3
      vertex -43.2021 81.2021 3
    endloop
  endfacet
  facet normal 0.659268 -0.751908 0
    outer loop
      vertex -43.0349 81.3487 3
      vertex -43.2021 81.2021 2.01
      vertex -43.0349 81.3487 2.01
    endloop
  endfacet
  facet normal 0.831566 0.555426 0
    outer loop
      vertex -43.3487 78.9651 0.4
      vertex -43.4722 79.15 0
      vertex -43.4722 79.15 0.4
    endloop
  endfacet
  facet normal 0.831566 0.555426 0
    outer loop
      vertex -43.4722 79.15 0
      vertex -43.3487 78.9651 0.4
      vertex -43.3487 78.9651 0
    endloop
  endfacet
  facet normal 0.831566 0.555426 0
    outer loop
      vertex -43.3487 78.9651 3
      vertex -43.4722 79.15 2.01
      vertex -43.4722 79.15 3
    endloop
  endfacet
  facet normal 0.831566 0.555426 0
    outer loop
      vertex -43.4722 79.15 2.01
      vertex -43.3487 78.9651 3
      vertex -43.3487 78.9651 2.01
    endloop
  endfacet
  facet normal 0.195165 0.98077 -0
    outer loop
      vertex -42.2219 78.3145 2.01
      vertex -42.44 78.3579 3
      vertex -42.2219 78.3145 3
    endloop
  endfacet
  facet normal 0.195165 0.98077 0
    outer loop
      vertex -42.44 78.3579 3
      vertex -42.2219 78.3145 2.01
      vertex -42.44 78.3579 2.01
    endloop
  endfacet
  facet normal 0.195165 0.98077 -0
    outer loop
      vertex -42.2219 78.3145 0
      vertex -42.44 78.3579 0.4
      vertex -42.2219 78.3145 0.4
    endloop
  endfacet
  facet normal 0.195165 0.98077 0
    outer loop
      vertex -42.44 78.3579 0.4
      vertex -42.2219 78.3145 0
      vertex -42.44 78.3579 0
    endloop
  endfacet
  facet normal -0.659268 -0.751908 0
    outer loop
      vertex -40.9651 81.3487 0
      vertex -40.7979 81.2021 0.4
      vertex -40.9651 81.3487 0.4
    endloop
  endfacet
  facet normal -0.659268 -0.751908 -0
    outer loop
      vertex -40.7979 81.2021 0.4
      vertex -40.9651 81.3487 0
      vertex -40.7979 81.2021 0
    endloop
  endfacet
  facet normal -0.659268 -0.751908 0
    outer loop
      vertex -40.9651 81.3487 2.01
      vertex -40.7979 81.2021 3
      vertex -40.9651 81.3487 3
    endloop
  endfacet
  facet normal -0.659268 -0.751908 -0
    outer loop
      vertex -40.7979 81.2021 3
      vertex -40.9651 81.3487 2.01
      vertex -40.7979 81.2021 2.01
    endloop
  endfacet
  facet normal -0.946915 0.321484 0
    outer loop
      vertex -40.4294 79.3494 2.01
      vertex -40.3579 79.56 3
      vertex -40.3579 79.56 2.01
    endloop
  endfacet
  facet normal -0.946915 0.321484 0
    outer loop
      vertex -40.3579 79.56 3
      vertex -40.4294 79.3494 2.01
      vertex -40.4294 79.3494 3
    endloop
  endfacet
  facet normal -0.946915 0.321484 0
    outer loop
      vertex -40.4294 79.3494 0
      vertex -40.3579 79.56 0.4
      vertex -40.3579 79.56 0
    endloop
  endfacet
  facet normal -0.946915 0.321484 0
    outer loop
      vertex -40.3579 79.56 0.4
      vertex -40.4294 79.3494 0
      vertex -40.4294 79.3494 0.4
    endloop
  endfacet
  facet normal -0.751908 0.659268 0
    outer loop
      vertex -40.7979 78.7979 0
      vertex -40.6513 78.9651 0.4
      vertex -40.6513 78.9651 0
    endloop
  endfacet
  facet normal -0.751908 0.659268 0
    outer loop
      vertex -40.6513 78.9651 0.4
      vertex -40.7979 78.7979 0
      vertex -40.7979 78.7979 0.4
    endloop
  endfacet
  facet normal -0.751908 0.659268 0
    outer loop
      vertex -40.7979 78.7979 2.01
      vertex -40.6513 78.9651 3
      vertex -40.6513 78.9651 2.01
    endloop
  endfacet
  facet normal -0.751908 0.659268 0
    outer loop
      vertex -40.6513 78.9651 3
      vertex -40.7979 78.7979 2.01
      vertex -40.7979 78.7979 3
    endloop
  endfacet
  facet normal -0.751908 -0.659268 0
    outer loop
      vertex -40.6513 81.0349 0
      vertex -40.7979 81.2021 0.4
      vertex -40.7979 81.2021 0
    endloop
  endfacet
  facet normal -0.751908 -0.659268 0
    outer loop
      vertex -40.7979 81.2021 0.4
      vertex -40.6513 81.0349 0
      vertex -40.6513 81.0349 0.4
    endloop
  endfacet
  facet normal -0.751908 -0.659268 0
    outer loop
      vertex -40.6513 81.0349 2.01
      vertex -40.7979 81.2021 3
      vertex -40.7979 81.2021 2.01
    endloop
  endfacet
  facet normal -0.751908 -0.659268 0
    outer loop
      vertex -40.7979 81.2021 3
      vertex -40.6513 81.0349 2.01
      vertex -40.6513 81.0349 3
    endloop
  endfacet
  facet normal 0.946915 0.321484 0
    outer loop
      vertex -43.5706 79.3494 3
      vertex -43.6421 79.56 2.01
      vertex -43.6421 79.56 3
    endloop
  endfacet
  facet normal 0.946915 0.321484 0
    outer loop
      vertex -43.6421 79.56 2.01
      vertex -43.5706 79.3494 3
      vertex -43.5706 79.3494 2.01
    endloop
  endfacet
  facet normal 0.946915 0.321484 0
    outer loop
      vertex -43.5706 79.3494 0.4
      vertex -43.6421 79.56 0
      vertex -43.6421 79.56 0.4
    endloop
  endfacet
  facet normal 0.946915 0.321484 0
    outer loop
      vertex -43.6421 79.56 0
      vertex -43.5706 79.3494 0.4
      vertex -43.5706 79.3494 0
    endloop
  endfacet
  facet normal -0.321484 0.946915 0
    outer loop
      vertex -41.3494 78.4294 2.01
      vertex -41.56 78.3579 3
      vertex -41.3494 78.4294 3
    endloop
  endfacet
  facet normal -0.321484 0.946915 0
    outer loop
      vertex -41.56 78.3579 3
      vertex -41.3494 78.4294 2.01
      vertex -41.56 78.3579 2.01
    endloop
  endfacet
  facet normal -0.321484 0.946915 0
    outer loop
      vertex -41.3494 78.4294 0
      vertex -41.56 78.3579 0.4
      vertex -41.3494 78.4294 0.4
    endloop
  endfacet
  facet normal -0.321484 0.946915 0
    outer loop
      vertex -41.56 78.3579 0.4
      vertex -41.3494 78.4294 0
      vertex -41.56 78.3579 0
    endloop
  endfacet
  facet normal 0.0652057 0.997872 -0
    outer loop
      vertex -42 78.3 0
      vertex -42.2219 78.3145 0.4
      vertex -42 78.3 0.4
    endloop
  endfacet
  facet normal 0.0652057 0.997872 0
    outer loop
      vertex -42.2219 78.3145 0.4
      vertex -42 78.3 0
      vertex -42.2219 78.3145 0
    endloop
  endfacet
  facet normal 0.0652057 0.997872 -0
    outer loop
      vertex -42 78.3 2.01
      vertex -42.2219 78.3145 3
      vertex -42 78.3 3
    endloop
  endfacet
  facet normal 0.0652057 0.997872 0
    outer loop
      vertex -42.2219 78.3145 3
      vertex -42 78.3 2.01
      vertex -42.2219 78.3145 2.01
    endloop
  endfacet
  facet normal 0.321484 -0.946915 0
    outer loop
      vertex -42.6506 81.5706 2.01
      vertex -42.44 81.6421 3
      vertex -42.6506 81.5706 3
    endloop
  endfacet
  facet normal 0.321484 -0.946915 0
    outer loop
      vertex -42.44 81.6421 3
      vertex -42.6506 81.5706 2.01
      vertex -42.44 81.6421 2.01
    endloop
  endfacet
  facet normal 0.321484 -0.946915 0
    outer loop
      vertex -42.6506 81.5706 0
      vertex -42.44 81.6421 0.4
      vertex -42.6506 81.5706 0.4
    endloop
  endfacet
  facet normal 0.321484 -0.946915 0
    outer loop
      vertex -42.44 81.6421 0.4
      vertex -42.6506 81.5706 0
      vertex -42.44 81.6421 0
    endloop
  endfacet
  facet normal -0.946915 -0.321484 0
    outer loop
      vertex -40.3579 80.44 0
      vertex -40.4294 80.6506 0.4
      vertex -40.4294 80.6506 0
    endloop
  endfacet
  facet normal -0.946915 -0.321484 0
    outer loop
      vertex -40.4294 80.6506 0.4
      vertex -40.3579 80.44 0
      vertex -40.3579 80.44 0.4
    endloop
  endfacet
  facet normal -0.946915 -0.321484 0
    outer loop
      vertex -40.3579 80.44 2.01
      vertex -40.4294 80.6506 3
      vertex -40.4294 80.6506 2.01
    endloop
  endfacet
  facet normal -0.946915 -0.321484 0
    outer loop
      vertex -40.4294 80.6506 3
      vertex -40.3579 80.44 2.01
      vertex -40.3579 80.44 3
    endloop
  endfacet
  facet normal 0.751908 -0.659268 0
    outer loop
      vertex -43.3487 81.0349 3
      vertex -43.2021 81.2021 2.01
      vertex -43.2021 81.2021 3
    endloop
  endfacet
  facet normal 0.751908 -0.659268 0
    outer loop
      vertex -43.2021 81.2021 2.01
      vertex -43.3487 81.0349 3
      vertex -43.3487 81.0349 2.01
    endloop
  endfacet
  facet normal 0.751908 -0.659268 0
    outer loop
      vertex -43.3487 81.0349 0.4
      vertex -43.2021 81.2021 0
      vertex -43.2021 81.2021 0.4
    endloop
  endfacet
  facet normal 0.751908 -0.659268 0
    outer loop
      vertex -43.2021 81.2021 0
      vertex -43.3487 81.0349 0.4
      vertex -43.3487 81.0349 0
    endloop
  endfacet
  facet normal 0.44253 0.896754 -0
    outer loop
      vertex -42.6506 78.4294 0
      vertex -42.85 78.5278 0.4
      vertex -42.6506 78.4294 0.4
    endloop
  endfacet
  facet normal 0.44253 0.896754 0
    outer loop
      vertex -42.85 78.5278 0.4
      vertex -42.6506 78.4294 0
      vertex -42.85 78.5278 0
    endloop
  endfacet
  facet normal 0.44253 0.896754 -0
    outer loop
      vertex -42.6506 78.4294 2.01
      vertex -42.85 78.5278 3
      vertex -42.6506 78.4294 3
    endloop
  endfacet
  facet normal 0.44253 0.896754 0
    outer loop
      vertex -42.85 78.5278 3
      vertex -42.6506 78.4294 2.01
      vertex -42.85 78.5278 2.01
    endloop
  endfacet
  facet normal 0.0652057 -0.997872 0
    outer loop
      vertex -42.2219 81.6855 0
      vertex -42 81.7 0.4
      vertex -42.2219 81.6855 0.4
    endloop
  endfacet
  facet normal 0.0652057 -0.997872 0
    outer loop
      vertex -42 81.7 0.4
      vertex -42.2219 81.6855 0
      vertex -42 81.7 0
    endloop
  endfacet
  facet normal 0.0652057 -0.997872 0
    outer loop
      vertex -42.2219 81.6855 2.01
      vertex -42 81.7 3
      vertex -42.2219 81.6855 3
    endloop
  endfacet
  facet normal 0.0652057 -0.997872 0
    outer loop
      vertex -42 81.7 3
      vertex -42.2219 81.6855 2.01
      vertex -42 81.7 2.01
    endloop
  endfacet
  facet normal -0.896754 0.44253 0
    outer loop
      vertex -40.5278 79.15 2.01
      vertex -40.4294 79.3494 3
      vertex -40.4294 79.3494 2.01
    endloop
  endfacet
  facet normal -0.896754 0.44253 0
    outer loop
      vertex -40.4294 79.3494 3
      vertex -40.5278 79.15 2.01
      vertex -40.5278 79.15 3
    endloop
  endfacet
  facet normal -0.896754 0.44253 0
    outer loop
      vertex -40.5278 79.15 0
      vertex -40.4294 79.3494 0.4
      vertex -40.4294 79.3494 0
    endloop
  endfacet
  facet normal -0.896754 0.44253 0
    outer loop
      vertex -40.4294 79.3494 0.4
      vertex -40.5278 79.15 0
      vertex -40.5278 79.15 0.4
    endloop
  endfacet
  facet normal -0.555426 0.831566 0
    outer loop
      vertex -40.9651 78.6513 2.01
      vertex -41.15 78.5278 3
      vertex -40.9651 78.6513 3
    endloop
  endfacet
  facet normal -0.555426 0.831566 0
    outer loop
      vertex -41.15 78.5278 3
      vertex -40.9651 78.6513 2.01
      vertex -41.15 78.5278 2.01
    endloop
  endfacet
  facet normal -0.555426 0.831566 0
    outer loop
      vertex -40.9651 78.6513 0
      vertex -41.15 78.5278 0.4
      vertex -40.9651 78.6513 0.4
    endloop
  endfacet
  facet normal -0.555426 0.831566 0
    outer loop
      vertex -41.15 78.5278 0.4
      vertex -40.9651 78.6513 0
      vertex -41.15 78.5278 0
    endloop
  endfacet
  facet normal 0.98077 0.195165 0
    outer loop
      vertex -43.6421 79.56 3
      vertex -43.6855 79.7781 2.01
      vertex -43.6855 79.7781 3
    endloop
  endfacet
  facet normal 0.98077 0.195165 0
    outer loop
      vertex -43.6855 79.7781 2.01
      vertex -43.6421 79.56 3
      vertex -43.6421 79.56 2.01
    endloop
  endfacet
  facet normal 0.98077 0.195165 0
    outer loop
      vertex -43.6421 79.56 0.4
      vertex -43.6855 79.7781 0
      vertex -43.6855 79.7781 0.4
    endloop
  endfacet
  facet normal 0.98077 0.195165 0
    outer loop
      vertex -43.6855 79.7781 0
      vertex -43.6421 79.56 0.4
      vertex -43.6421 79.56 0
    endloop
  endfacet
  facet normal 0.751908 0.659268 0
    outer loop
      vertex -43.2021 78.7979 3
      vertex -43.3487 78.9651 2.01
      vertex -43.3487 78.9651 3
    endloop
  endfacet
  facet normal 0.751908 0.659268 0
    outer loop
      vertex -43.3487 78.9651 2.01
      vertex -43.2021 78.7979 3
      vertex -43.2021 78.7979 2.01
    endloop
  endfacet
  facet normal 0.751908 0.659268 0
    outer loop
      vertex -43.2021 78.7979 0.4
      vertex -43.3487 78.9651 0
      vertex -43.3487 78.9651 0.4
    endloop
  endfacet
  facet normal 0.751908 0.659268 0
    outer loop
      vertex -43.3487 78.9651 0
      vertex -43.2021 78.7979 0.4
      vertex -43.2021 78.7979 0
    endloop
  endfacet
  facet normal -0.195165 -0.98077 0
    outer loop
      vertex -41.7781 81.6855 2.01
      vertex -41.56 81.6421 3
      vertex -41.7781 81.6855 3
    endloop
  endfacet
  facet normal -0.195165 -0.98077 -0
    outer loop
      vertex -41.56 81.6421 3
      vertex -41.7781 81.6855 2.01
      vertex -41.56 81.6421 2.01
    endloop
  endfacet
  facet normal -0.195165 -0.98077 0
    outer loop
      vertex -41.7781 81.6855 0
      vertex -41.56 81.6421 0.4
      vertex -41.7781 81.6855 0.4
    endloop
  endfacet
  facet normal -0.195165 -0.98077 -0
    outer loop
      vertex -41.56 81.6421 0.4
      vertex -41.7781 81.6855 0
      vertex -41.56 81.6421 0
    endloop
  endfacet
  facet normal -0.831566 -0.555426 0
    outer loop
      vertex -40.5278 80.85 2.01
      vertex -40.6513 81.0349 3
      vertex -40.6513 81.0349 2.01
    endloop
  endfacet
  facet normal -0.831566 -0.555426 0
    outer loop
      vertex -40.6513 81.0349 3
      vertex -40.5278 80.85 2.01
      vertex -40.5278 80.85 3
    endloop
  endfacet
  facet normal -0.831566 -0.555426 0
    outer loop
      vertex -40.5278 80.85 0
      vertex -40.6513 81.0349 0.4
      vertex -40.6513 81.0349 0
    endloop
  endfacet
  facet normal -0.831566 -0.555426 0
    outer loop
      vertex -40.6513 81.0349 0.4
      vertex -40.5278 80.85 0
      vertex -40.5278 80.85 0.4
    endloop
  endfacet
  facet normal -0.997872 0.0652057 0
    outer loop
      vertex -40.3145 79.7781 2.01
      vertex -40.3 80 3
      vertex -40.3 80 2.01
    endloop
  endfacet
  facet normal -0.997872 0.0652057 0
    outer loop
      vertex -40.3 80 3
      vertex -40.3145 79.7781 2.01
      vertex -40.3145 79.7781 3
    endloop
  endfacet
  facet normal -0.997872 0.0652057 0
    outer loop
      vertex -40.3145 79.7781 0
      vertex -40.3 80 0.4
      vertex -40.3 80 0
    endloop
  endfacet
  facet normal -0.997872 0.0652057 0
    outer loop
      vertex -40.3 80 0.4
      vertex -40.3145 79.7781 0
      vertex -40.3145 79.7781 0.4
    endloop
  endfacet
  facet normal -0.321484 -0.946915 0
    outer loop
      vertex -41.56 81.6421 2.01
      vertex -41.3494 81.5706 3
      vertex -41.56 81.6421 3
    endloop
  endfacet
  facet normal -0.321484 -0.946915 -0
    outer loop
      vertex -41.3494 81.5706 3
      vertex -41.56 81.6421 2.01
      vertex -41.3494 81.5706 2.01
    endloop
  endfacet
  facet normal -0.321484 -0.946915 0
    outer loop
      vertex -41.56 81.6421 0
      vertex -41.3494 81.5706 0.4
      vertex -41.56 81.6421 0.4
    endloop
  endfacet
  facet normal -0.321484 -0.946915 -0
    outer loop
      vertex -41.3494 81.5706 0.4
      vertex -41.56 81.6421 0
      vertex -41.3494 81.5706 0
    endloop
  endfacet
  facet normal -0.555426 -0.831566 0
    outer loop
      vertex -41.15 81.4722 0
      vertex -40.9651 81.3487 0.4
      vertex -41.15 81.4722 0.4
    endloop
  endfacet
  facet normal -0.555426 -0.831566 -0
    outer loop
      vertex -40.9651 81.3487 0.4
      vertex -41.15 81.4722 0
      vertex -40.9651 81.3487 0
    endloop
  endfacet
  facet normal -0.555426 -0.831566 0
    outer loop
      vertex -41.15 81.4722 2.01
      vertex -40.9651 81.3487 3
      vertex -41.15 81.4722 3
    endloop
  endfacet
  facet normal -0.555426 -0.831566 -0
    outer loop
      vertex -40.9651 81.3487 3
      vertex -41.15 81.4722 2.01
      vertex -40.9651 81.3487 2.01
    endloop
  endfacet
  facet normal 0.195165 -0.98077 0
    outer loop
      vertex -42.44 81.6421 0
      vertex -42.2219 81.6855 0.4
      vertex -42.44 81.6421 0.4
    endloop
  endfacet
  facet normal 0.195165 -0.98077 0
    outer loop
      vertex -42.2219 81.6855 0.4
      vertex -42.44 81.6421 0
      vertex -42.2219 81.6855 0
    endloop
  endfacet
  facet normal 0.195165 -0.98077 0
    outer loop
      vertex -42.44 81.6421 2.01
      vertex -42.2219 81.6855 3
      vertex -42.44 81.6421 3
    endloop
  endfacet
  facet normal 0.195165 -0.98077 0
    outer loop
      vertex -42.2219 81.6855 3
      vertex -42.44 81.6421 2.01
      vertex -42.2219 81.6855 2.01
    endloop
  endfacet
  facet normal -0.659268 0.751908 0
    outer loop
      vertex -40.7979 78.7979 0
      vertex -40.9651 78.6513 0.4
      vertex -40.7979 78.7979 0.4
    endloop
  endfacet
  facet normal -0.659268 0.751908 0
    outer loop
      vertex -40.9651 78.6513 0.4
      vertex -40.7979 78.7979 0
      vertex -40.9651 78.6513 0
    endloop
  endfacet
  facet normal -0.659268 0.751908 0
    outer loop
      vertex -40.7979 78.7979 2.01
      vertex -40.9651 78.6513 3
      vertex -40.7979 78.7979 3
    endloop
  endfacet
  facet normal -0.659268 0.751908 0
    outer loop
      vertex -40.9651 78.6513 3
      vertex -40.7979 78.7979 2.01
      vertex -40.9651 78.6513 2.01
    endloop
  endfacet
  facet normal 0.896754 -0.44253 0
    outer loop
      vertex -43.5706 80.6506 3
      vertex -43.4722 80.85 2.01
      vertex -43.4722 80.85 3
    endloop
  endfacet
  facet normal 0.896754 -0.44253 0
    outer loop
      vertex -43.4722 80.85 2.01
      vertex -43.5706 80.6506 3
      vertex -43.5706 80.6506 2.01
    endloop
  endfacet
  facet normal 0.896754 -0.44253 0
    outer loop
      vertex -43.5706 80.6506 0.4
      vertex -43.4722 80.85 0
      vertex -43.4722 80.85 0.4
    endloop
  endfacet
  facet normal 0.896754 -0.44253 0
    outer loop
      vertex -43.4722 80.85 0
      vertex -43.5706 80.6506 0.4
      vertex -43.5706 80.6506 0
    endloop
  endfacet
  facet normal -0.98077 0.195165 0
    outer loop
      vertex -40.3579 79.56 2.01
      vertex -40.3145 79.7781 3
      vertex -40.3145 79.7781 2.01
    endloop
  endfacet
  facet normal -0.98077 0.195165 0
    outer loop
      vertex -40.3145 79.7781 3
      vertex -40.3579 79.56 2.01
      vertex -40.3579 79.56 3
    endloop
  endfacet
  facet normal -0.98077 0.195165 0
    outer loop
      vertex -40.3579 79.56 0
      vertex -40.3145 79.7781 0.4
      vertex -40.3145 79.7781 0
    endloop
  endfacet
  facet normal -0.98077 0.195165 0
    outer loop
      vertex -40.3145 79.7781 0.4
      vertex -40.3579 79.56 0
      vertex -40.3579 79.56 0.4
    endloop
  endfacet
  facet normal -0.195165 0.98077 0
    outer loop
      vertex -41.56 78.3579 2.01
      vertex -41.7781 78.3145 3
      vertex -41.56 78.3579 3
    endloop
  endfacet
  facet normal -0.195165 0.98077 0
    outer loop
      vertex -41.7781 78.3145 3
      vertex -41.56 78.3579 2.01
      vertex -41.7781 78.3145 2.01
    endloop
  endfacet
  facet normal -0.195165 0.98077 0
    outer loop
      vertex -41.56 78.3579 0
      vertex -41.7781 78.3145 0.4
      vertex -41.56 78.3579 0.4
    endloop
  endfacet
  facet normal -0.195165 0.98077 0
    outer loop
      vertex -41.7781 78.3145 0.4
      vertex -41.56 78.3579 0
      vertex -41.7781 78.3145 0
    endloop
  endfacet
  facet normal 0.659268 0.751908 -0
    outer loop
      vertex -43.0349 78.6513 0
      vertex -43.2021 78.7979 0.4
      vertex -43.0349 78.6513 0.4
    endloop
  endfacet
  facet normal 0.659268 0.751908 0
    outer loop
      vertex -43.2021 78.7979 0.4
      vertex -43.0349 78.6513 0
      vertex -43.2021 78.7979 0
    endloop
  endfacet
  facet normal 0.659268 0.751908 -0
    outer loop
      vertex -43.0349 78.6513 2.01
      vertex -43.2021 78.7979 3
      vertex -43.0349 78.6513 3
    endloop
  endfacet
  facet normal 0.659268 0.751908 0
    outer loop
      vertex -43.2021 78.7979 3
      vertex -43.0349 78.6513 2.01
      vertex -43.2021 78.7979 2.01
    endloop
  endfacet
  facet normal -0.0652057 -0.997872 0
    outer loop
      vertex -42 81.7 0
      vertex -41.7781 81.6855 0.4
      vertex -42 81.7 0.4
    endloop
  endfacet
  facet normal -0.0652057 -0.997872 -0
    outer loop
      vertex -41.7781 81.6855 0.4
      vertex -42 81.7 0
      vertex -41.7781 81.6855 0
    endloop
  endfacet
  facet normal -0.0652057 -0.997872 0
    outer loop
      vertex -42 81.7 2.01
      vertex -41.7781 81.6855 3
      vertex -42 81.7 3
    endloop
  endfacet
  facet normal -0.0652057 -0.997872 -0
    outer loop
      vertex -41.7781 81.6855 3
      vertex -42 81.7 2.01
      vertex -41.7781 81.6855 2.01
    endloop
  endfacet
  facet normal -0.44253 -0.896754 0
    outer loop
      vertex -41.3494 81.5706 2.01
      vertex -41.15 81.4722 3
      vertex -41.3494 81.5706 3
    endloop
  endfacet
  facet normal -0.44253 -0.896754 -0
    outer loop
      vertex -41.15 81.4722 3
      vertex -41.3494 81.5706 2.01
      vertex -41.15 81.4722 2.01
    endloop
  endfacet
  facet normal -0.44253 -0.896754 0
    outer loop
      vertex -41.3494 81.5706 0
      vertex -41.15 81.4722 0.4
      vertex -41.3494 81.5706 0.4
    endloop
  endfacet
  facet normal -0.44253 -0.896754 -0
    outer loop
      vertex -41.15 81.4722 0.4
      vertex -41.3494 81.5706 0
      vertex -41.15 81.4722 0
    endloop
  endfacet
  facet normal -0.831566 0.555426 0
    outer loop
      vertex -40.6513 78.9651 0
      vertex -40.5278 79.15 0.4
      vertex -40.5278 79.15 0
    endloop
  endfacet
  facet normal -0.831566 0.555426 0
    outer loop
      vertex -40.5278 79.15 0.4
      vertex -40.6513 78.9651 0
      vertex -40.6513 78.9651 0.4
    endloop
  endfacet
  facet normal -0.831566 0.555426 0
    outer loop
      vertex -40.6513 78.9651 2.01
      vertex -40.5278 79.15 3
      vertex -40.5278 79.15 2.01
    endloop
  endfacet
  facet normal -0.831566 0.555426 0
    outer loop
      vertex -40.5278 79.15 3
      vertex -40.6513 78.9651 2.01
      vertex -40.6513 78.9651 3
    endloop
  endfacet
  facet normal 0.997872 0.0652057 0
    outer loop
      vertex -43.6855 79.7781 3
      vertex -43.7 80 2.01
      vertex -43.7 80 3
    endloop
  endfacet
  facet normal 0.997872 0.0652057 0
    outer loop
      vertex -43.7 80 2.01
      vertex -43.6855 79.7781 3
      vertex -43.6855 79.7781 2.01
    endloop
  endfacet
  facet normal 0.997872 0.0652057 0
    outer loop
      vertex -43.6855 79.7781 0.4
      vertex -43.7 80 0
      vertex -43.7 80 0.4
    endloop
  endfacet
  facet normal 0.997872 0.0652057 0
    outer loop
      vertex -43.7 80 0
      vertex -43.6855 79.7781 0.4
      vertex -43.6855 79.7781 0
    endloop
  endfacet
  facet normal -0.44253 0.896754 0
    outer loop
      vertex -41.15 78.5278 0
      vertex -41.3494 78.4294 0.4
      vertex -41.15 78.5278 0.4
    endloop
  endfacet
  facet normal -0.44253 0.896754 0
    outer loop
      vertex -41.3494 78.4294 0.4
      vertex -41.15 78.5278 0
      vertex -41.3494 78.4294 0
    endloop
  endfacet
  facet normal -0.44253 0.896754 0
    outer loop
      vertex -41.15 78.5278 2.01
      vertex -41.3494 78.4294 3
      vertex -41.15 78.5278 3
    endloop
  endfacet
  facet normal -0.44253 0.896754 0
    outer loop
      vertex -41.3494 78.4294 3
      vertex -41.15 78.5278 2.01
      vertex -41.3494 78.4294 2.01
    endloop
  endfacet
  facet normal 0.98077 -0.195165 0
    outer loop
      vertex -43.6855 80.2219 3
      vertex -43.6421 80.44 2.01
      vertex -43.6421 80.44 3
    endloop
  endfacet
  facet normal 0.98077 -0.195165 0
    outer loop
      vertex -43.6421 80.44 2.01
      vertex -43.6855 80.2219 3
      vertex -43.6855 80.2219 2.01
    endloop
  endfacet
  facet normal 0.98077 -0.195165 0
    outer loop
      vertex -43.6855 80.2219 0.4
      vertex -43.6421 80.44 0
      vertex -43.6421 80.44 0.4
    endloop
  endfacet
  facet normal 0.98077 -0.195165 0
    outer loop
      vertex -43.6421 80.44 0
      vertex -43.6855 80.2219 0.4
      vertex -43.6855 80.2219 0
    endloop
  endfacet
  facet normal 0.896754 0.44253 0
    outer loop
      vertex -43.4722 79.15 0.4
      vertex -43.5706 79.3494 0
      vertex -43.5706 79.3494 0.4
    endloop
  endfacet
  facet normal 0.896754 0.44253 0
    outer loop
      vertex -43.5706 79.3494 0
      vertex -43.4722 79.15 0.4
      vertex -43.4722 79.15 0
    endloop
  endfacet
  facet normal 0.896754 0.44253 0
    outer loop
      vertex -43.4722 79.15 3
      vertex -43.5706 79.3494 2.01
      vertex -43.5706 79.3494 3
    endloop
  endfacet
  facet normal 0.896754 0.44253 0
    outer loop
      vertex -43.5706 79.3494 2.01
      vertex -43.4722 79.15 3
      vertex -43.4722 79.15 2.01
    endloop
  endfacet
  facet normal 0.946915 -0.321484 0
    outer loop
      vertex -43.6421 80.44 3
      vertex -43.5706 80.6506 2.01
      vertex -43.5706 80.6506 3
    endloop
  endfacet
  facet normal 0.946915 -0.321484 0
    outer loop
      vertex -43.5706 80.6506 2.01
      vertex -43.6421 80.44 3
      vertex -43.6421 80.44 2.01
    endloop
  endfacet
  facet normal 0.946915 -0.321484 0
    outer loop
      vertex -43.6421 80.44 0.4
      vertex -43.5706 80.6506 0
      vertex -43.5706 80.6506 0.4
    endloop
  endfacet
  facet normal 0.946915 -0.321484 0
    outer loop
      vertex -43.5706 80.6506 0
      vertex -43.6421 80.44 0.4
      vertex -43.6421 80.44 0
    endloop
  endfacet
  facet normal 0.555426 -0.831566 0
    outer loop
      vertex -43.0349 81.3487 2.01
      vertex -42.85 81.4722 3
      vertex -43.0349 81.3487 3
    endloop
  endfacet
  facet normal 0.555426 -0.831566 0
    outer loop
      vertex -42.85 81.4722 3
      vertex -43.0349 81.3487 2.01
      vertex -42.85 81.4722 2.01
    endloop
  endfacet
  facet normal 0.555426 -0.831566 0
    outer loop
      vertex -43.0349 81.3487 0
      vertex -42.85 81.4722 0.4
      vertex -43.0349 81.3487 0.4
    endloop
  endfacet
  facet normal 0.555426 -0.831566 0
    outer loop
      vertex -42.85 81.4722 0.4
      vertex -43.0349 81.3487 0
      vertex -42.85 81.4722 0
    endloop
  endfacet
  facet normal -0.896754 -0.44253 0
    outer loop
      vertex -40.4294 80.6506 2.01
      vertex -40.5278 80.85 3
      vertex -40.5278 80.85 2.01
    endloop
  endfacet
  facet normal -0.896754 -0.44253 0
    outer loop
      vertex -40.5278 80.85 3
      vertex -40.4294 80.6506 2.01
      vertex -40.4294 80.6506 3
    endloop
  endfacet
  facet normal -0.896754 -0.44253 0
    outer loop
      vertex -40.4294 80.6506 0
      vertex -40.5278 80.85 0.4
      vertex -40.5278 80.85 0
    endloop
  endfacet
  facet normal -0.896754 -0.44253 0
    outer loop
      vertex -40.5278 80.85 0.4
      vertex -40.4294 80.6506 0
      vertex -40.4294 80.6506 0.4
    endloop
  endfacet
  facet normal 0.997872 -0.0652057 0
    outer loop
      vertex -43.7 80 3
      vertex -43.6855 80.2219 2.01
      vertex -43.6855 80.2219 3
    endloop
  endfacet
  facet normal 0.997872 -0.0652057 0
    outer loop
      vertex -43.6855 80.2219 2.01
      vertex -43.7 80 3
      vertex -43.7 80 2.01
    endloop
  endfacet
  facet normal 0.997872 -0.0652057 0
    outer loop
      vertex -43.7 80 0.4
      vertex -43.6855 80.2219 0
      vertex -43.6855 80.2219 0.4
    endloop
  endfacet
  facet normal 0.997872 -0.0652057 0
    outer loop
      vertex -43.6855 80.2219 0
      vertex -43.7 80 0.4
      vertex -43.7 80 0
    endloop
  endfacet
  facet normal 0.321484 0.946915 -0
    outer loop
      vertex -42.44 78.3579 2.01
      vertex -42.6506 78.4294 3
      vertex -42.44 78.3579 3
    endloop
  endfacet
  facet normal 0.321484 0.946915 0
    outer loop
      vertex -42.6506 78.4294 3
      vertex -42.44 78.3579 2.01
      vertex -42.6506 78.4294 2.01
    endloop
  endfacet
  facet normal 0.321484 0.946915 -0
    outer loop
      vertex -42.44 78.3579 0
      vertex -42.6506 78.4294 0.4
      vertex -42.44 78.3579 0.4
    endloop
  endfacet
  facet normal 0.321484 0.946915 0
    outer loop
      vertex -42.6506 78.4294 0.4
      vertex -42.44 78.3579 0
      vertex -42.6506 78.4294 0
    endloop
  endfacet
  facet normal 0.44253 -0.896754 0
    outer loop
      vertex -42.85 81.4722 2.01
      vertex -42.6506 81.5706 3
      vertex -42.85 81.4722 3
    endloop
  endfacet
  facet normal 0.44253 -0.896754 0
    outer loop
      vertex -42.6506 81.5706 3
      vertex -42.85 81.4722 2.01
      vertex -42.6506 81.5706 2.01
    endloop
  endfacet
  facet normal 0.44253 -0.896754 0
    outer loop
      vertex -42.85 81.4722 0
      vertex -42.6506 81.5706 0.4
      vertex -42.85 81.4722 0.4
    endloop
  endfacet
  facet normal 0.44253 -0.896754 0
    outer loop
      vertex -42.6506 81.5706 0.4
      vertex -42.85 81.4722 0
      vertex -42.6506 81.5706 0
    endloop
  endfacet
  facet normal 0.831566 -0.555426 0
    outer loop
      vertex -43.4722 80.85 3
      vertex -43.3487 81.0349 2.01
      vertex -43.3487 81.0349 3
    endloop
  endfacet
  facet normal 0.831566 -0.555426 0
    outer loop
      vertex -43.3487 81.0349 2.01
      vertex -43.4722 80.85 3
      vertex -43.4722 80.85 2.01
    endloop
  endfacet
  facet normal 0.831566 -0.555426 0
    outer loop
      vertex -43.4722 80.85 0.4
      vertex -43.3487 81.0349 0
      vertex -43.3487 81.0349 0.4
    endloop
  endfacet
  facet normal 0.831566 -0.555426 0
    outer loop
      vertex -43.3487 81.0349 0
      vertex -43.4722 80.85 0.4
      vertex -43.4722 80.85 0
    endloop
  endfacet
  facet normal 0.555426 0.831566 -0
    outer loop
      vertex -42.85 78.5278 0
      vertex -43.0349 78.6513 0.4
      vertex -42.85 78.5278 0.4
    endloop
  endfacet
  facet normal 0.555426 0.831566 0
    outer loop
      vertex -43.0349 78.6513 0.4
      vertex -42.85 78.5278 0
      vertex -43.0349 78.6513 0
    endloop
  endfacet
  facet normal 0.555426 0.831566 -0
    outer loop
      vertex -42.85 78.5278 2.01
      vertex -43.0349 78.6513 3
      vertex -42.85 78.5278 3
    endloop
  endfacet
  facet normal 0.555426 0.831566 0
    outer loop
      vertex -43.0349 78.6513 3
      vertex -42.85 78.5278 2.01
      vertex -43.0349 78.6513 2.01
    endloop
  endfacet
  facet normal 0.235452 0.693514 0.680883
    outer loop
      vertex -42.44 78.3579 0.4
      vertex -42.6506 78.4294 0.4
      vertex -43.2246 77.0436 2.01
    endloop
  endfacet
  facet normal 0.142939 -0.71832 0.68087
    outer loop
      vertex -42.2219 81.6855 0.4
      vertex -42.4177 83.1726 2.01
      vertex -42.44 81.6421 0.4
    endloop
  endfacet
  facet normal 0.406986 0.608905 0.68088
    outer loop
      vertex -43.6 77.2287 2.01
      vertex -43.0349 78.6513 0.4
      vertex -43.948 77.4613 2.01
    endloop
  endfacet
  facet normal -0.730818 -0.0479397 0.680887
    outer loop
      vertex -38.8 80 2.01
      vertex -38.8274 80.4177 2.01
      vertex -40.3 80 0.4
    endloop
  endfacet
  facet normal -0.730849 -0.0477571 0.680867
    outer loop
      vertex -40.3 80 0.4
      vertex -38.8274 80.4177 2.01
      vertex -40.3145 80.2219 0.4
    endloop
  endfacet
  facet normal -0.323891 0.656882 0.680882
    outer loop
      vertex -40.7754 77.0436 2.01
      vertex -40.4 77.2287 2.01
      vertex -41.3494 78.4294 0.4
    endloop
  endfacet
  facet normal -0.608905 0.406986 0.68088
    outer loop
      vertex -39.4613 78.052 2.01
      vertex -39.2287 78.4 2.01
      vertex -40.6513 78.9651 0.4
    endloop
  endfacet
  facet normal -0.0477571 -0.730849 0.680867
    outer loop
      vertex -41.7781 81.6855 0.4
      vertex -41.5823 83.1726 2.01
      vertex -42 81.7 0.4
    endloop
  endfacet
  facet normal 0.693514 -0.235452 0.680883
    outer loop
      vertex -43.6421 80.44 0.4
      vertex -43.5706 80.6506 0.4
      vertex -44.9564 81.2246 2.01
    endloop
  endfacet
  facet normal -0.718335 0.142792 0.680886
    outer loop
      vertex -38.909 79.1718 2.01
      vertex -38.8274 79.5823 2.01
      vertex -40.3579 79.56 0.4
    endloop
  endfacet
  facet normal -0.142792 0.718335 0.680886
    outer loop
      vertex -41.1718 76.909 2.01
      vertex -41.56 78.3579 0.4
      vertex -41.5823 76.8274 2.01
    endloop
  endfacet
  facet normal -0.235482 0.6935 0.680886
    outer loop
      vertex -41.1718 76.909 2.01
      vertex -40.7754 77.0436 2.01
      vertex -41.56 78.3579 0.4
    endloop
  endfacet
  facet normal -0.0477571 0.730849 0.680867
    outer loop
      vertex -41.5823 76.8274 2.01
      vertex -41.7781 78.3145 0.4
      vertex -42 78.3 0.4
    endloop
  endfacet
  facet normal -0.550634 0.48292 0.680875
    outer loop
      vertex -39.7373 77.7373 2.01
      vertex -39.4613 78.052 2.01
      vertex -40.6513 78.9651 0.4
    endloop
  endfacet
  facet normal 0.142792 -0.718335 0.680886
    outer loop
      vertex -42.44 81.6421 0.4
      vertex -42.4177 83.1726 2.01
      vertex -42.8282 83.091 2.01
    endloop
  endfacet
  facet normal -0.406779 -0.609016 0.680905
    outer loop
      vertex -40.9651 81.3487 0.4
      vertex -40.4 82.7713 2.01
      vertex -41.15 81.4722 0.4
    endloop
  endfacet
  facet normal -0.6935 -0.235482 0.680886
    outer loop
      vertex -38.909 80.8282 2.01
      vertex -39.0436 81.2246 2.01
      vertex -40.3579 80.44 0.4
    endloop
  endfacet
  facet normal -0.693514 0.235452 0.680883
    outer loop
      vertex -39.0436 78.7754 2.01
      vertex -40.3579 79.56 0.4
      vertex -40.4294 79.3494 0.4
    endloop
  endfacet
  facet normal 0.324096 0.656755 0.680908
    outer loop
      vertex -42.6506 78.4294 0.4
      vertex -42.85 78.5278 0.4
      vertex -43.6 77.2287 2.01
    endloop
  endfacet
  facet normal 0.550634 -0.48292 0.680875
    outer loop
      vertex -43.3487 81.0349 0.4
      vertex -44.2627 82.2627 2.01
      vertex -44.5387 81.948 2.01
    endloop
  endfacet
  facet normal 0.608905 -0.406986 0.68088
    outer loop
      vertex -43.3487 81.0349 0.4
      vertex -44.5387 81.948 2.01
      vertex -44.7713 81.6 2.01
    endloop
  endfacet
  facet normal 0.235482 0.6935 0.680886
    outer loop
      vertex -42.8282 76.909 2.01
      vertex -42.44 78.3579 0.4
      vertex -43.2246 77.0436 2.01
    endloop
  endfacet
  facet normal 0.323891 0.656882 0.680882
    outer loop
      vertex -43.2246 77.0436 2.01
      vertex -42.6506 78.4294 0.4
      vertex -43.6 77.2287 2.01
    endloop
  endfacet
  facet normal 0.730818 -0.0479397 0.680887
    outer loop
      vertex -43.7 80 0.4
      vertex -45.1726 80.4177 2.01
      vertex -45.2 80 2.01
    endloop
  endfacet
  facet normal 0.48292 0.550634 0.680875
    outer loop
      vertex -43.948 77.4613 2.01
      vertex -43.0349 78.6513 0.4
      vertex -44.2627 77.7373 2.01
    endloop
  endfacet
  facet normal -0.0479397 0.730818 0.680887
    outer loop
      vertex -41.5823 76.8274 2.01
      vertex -42 78.3 0.4
      vertex -42 76.8 2.01
    endloop
  endfacet
  facet normal -0.235452 0.693514 0.680883
    outer loop
      vertex -40.7754 77.0436 2.01
      vertex -41.3494 78.4294 0.4
      vertex -41.56 78.3579 0.4
    endloop
  endfacet
  facet normal -0.656882 -0.323891 0.680882
    outer loop
      vertex -39.0436 81.2246 2.01
      vertex -39.2287 81.6 2.01
      vertex -40.4294 80.6506 0.4
    endloop
  endfacet
  facet normal 0.550704 0.482854 0.680865
    outer loop
      vertex -43.2021 78.7979 0.4
      vertex -43.3487 78.9651 0.4
      vertex -44.2627 77.7373 2.01
    endloop
  endfacet
  facet normal 0.656882 0.323891 0.680882
    outer loop
      vertex -44.7713 78.4 2.01
      vertex -43.5706 79.3494 0.4
      vertex -44.9564 78.7754 2.01
    endloop
  endfacet
  facet normal -0.730849 0.0477571 0.680867
    outer loop
      vertex -38.8274 79.5823 2.01
      vertex -40.3 80 0.4
      vertex -40.3145 79.7781 0.4
    endloop
  endfacet
  facet normal -0.6935 0.235482 0.680886
    outer loop
      vertex -39.0436 78.7754 2.01
      vertex -38.909 79.1718 2.01
      vertex -40.3579 79.56 0.4
    endloop
  endfacet
  facet normal -0.730818 0.0479397 0.680887
    outer loop
      vertex -38.8274 79.5823 2.01
      vertex -38.8 80 2.01
      vertex -40.3 80 0.4
    endloop
  endfacet
  facet normal -0.71832 0.142939 0.68087
    outer loop
      vertex -38.8274 79.5823 2.01
      vertex -40.3145 79.7781 0.4
      vertex -40.3579 79.56 0.4
    endloop
  endfacet
  facet normal 0.718335 0.142792 0.680886
    outer loop
      vertex -45.091 79.1718 2.01
      vertex -43.6421 79.56 0.4
      vertex -45.1726 79.5823 2.01
    endloop
  endfacet
  facet normal 0.730818 0.0479397 0.680887
    outer loop
      vertex -45.1726 79.5823 2.01
      vertex -43.7 80 0.4
      vertex -45.2 80 2.01
    endloop
  endfacet
  facet normal 0.0479397 0.730818 0.680887
    outer loop
      vertex -42 76.8 2.01
      vertex -42 78.3 0.4
      vertex -42.4177 76.8274 2.01
    endloop
  endfacet
  facet normal 0.482854 -0.550704 0.680865
    outer loop
      vertex -43.2021 81.2021 0.4
      vertex -43.0349 81.3487 0.4
      vertex -44.2627 82.2627 2.01
    endloop
  endfacet
  facet normal -0.324096 -0.656755 0.680908
    outer loop
      vertex -41.15 81.4722 0.4
      vertex -40.4 82.7713 2.01
      vertex -41.3494 81.5706 0.4
    endloop
  endfacet
  facet normal -0.406986 0.608905 0.68088
    outer loop
      vertex -40.4 77.2287 2.01
      vertex -40.052 77.4613 2.01
      vertex -40.9651 78.6513 0.4
    endloop
  endfacet
  facet normal -0.609016 0.406779 0.680905
    outer loop
      vertex -39.2287 78.4 2.01
      vertex -40.5278 79.15 0.4
      vertex -40.6513 78.9651 0.4
    endloop
  endfacet
  facet normal -0.482854 0.550704 0.680865
    outer loop
      vertex -39.7373 77.7373 2.01
      vertex -40.7979 78.7979 0.4
      vertex -40.9651 78.6513 0.4
    endloop
  endfacet
  facet normal 0.71832 0.142939 0.68087
    outer loop
      vertex -43.6421 79.56 0.4
      vertex -43.6855 79.7781 0.4
      vertex -45.1726 79.5823 2.01
    endloop
  endfacet
  facet normal 0.656755 0.324096 0.680908
    outer loop
      vertex -43.4722 79.15 0.4
      vertex -43.5706 79.3494 0.4
      vertex -44.7713 78.4 2.01
    endloop
  endfacet
  facet normal 0.656755 -0.324096 0.680908
    outer loop
      vertex -43.5706 80.6506 0.4
      vertex -43.4722 80.85 0.4
      vertex -44.7713 81.6 2.01
    endloop
  endfacet
  facet normal 0 0 -1
    outer loop
      vertex -40.3 80 2.01
      vertex -38.8 80 2.01
      vertex -38.8274 79.5823 2.01
    endloop
  endfacet
  facet normal 0 0 -1
    outer loop
      vertex -40.3145 79.7781 2.01
      vertex -38.8274 79.5823 2.01
      vertex -38.909 79.1718 2.01
    endloop
  endfacet
  facet normal 0 0 -1
    outer loop
      vertex -38.8 80 2.01
      vertex -40.3 80 2.01
      vertex -38.8274 80.4177 2.01
    endloop
  endfacet
  facet normal 0 0 -1
    outer loop
      vertex -40.3579 79.56 2.01
      vertex -38.909 79.1718 2.01
      vertex -39.0436 78.7754 2.01
    endloop
  endfacet
  facet normal 0 0 -1
    outer loop
      vertex -40.3145 80.2219 2.01
      vertex -38.8274 80.4177 2.01
      vertex -40.3 80 2.01
    endloop
  endfacet
  facet normal 0 0 -1
    outer loop
      vertex -40.4294 79.3494 2.01
      vertex -39.0436 78.7754 2.01
      vertex -39.2287 78.4 2.01
    endloop
  endfacet
  facet normal -0 0 -1
    outer loop
      vertex -38.8274 80.4177 2.01
      vertex -40.3145 80.2219 2.01
      vertex -38.909 80.8282 2.01
    endloop
  endfacet
  facet normal 0 0 -1
    outer loop
      vertex -40.5278 79.15 2.01
      vertex -39.2287 78.4 2.01
      vertex -39.4613 78.052 2.01
    endloop
  endfacet
  facet normal 0 0 -1
    outer loop
      vertex -40.3579 80.44 2.01
      vertex -38.909 80.8282 2.01
      vertex -40.3145 80.2219 2.01
    endloop
  endfacet
  facet normal 0 0 -1
    outer loop
      vertex -40.6513 78.9651 2.01
      vertex -39.4613 78.052 2.01
      vertex -39.7373 77.7373 2.01
    endloop
  endfacet
  facet normal -0 0 -1
    outer loop
      vertex -38.909 80.8282 2.01
      vertex -40.3579 80.44 2.01
      vertex -39.0436 81.2246 2.01
    endloop
  endfacet
  facet normal 0 0 -1
    outer loop
      vertex -40.7979 78.7979 2.01
      vertex -39.7373 77.7373 2.01
      vertex -40.052 77.4613 2.01
    endloop
  endfacet
  facet normal 0 0 -1
    outer loop
      vertex -40.4294 80.6506 2.01
      vertex -39.0436 81.2246 2.01
      vertex -40.3579 80.44 2.01
    endloop
  endfacet
  facet normal -0 0 -1
    outer loop
      vertex -39.0436 81.2246 2.01
      vertex -40.4294 80.6506 2.01
      vertex -39.2287 81.6 2.01
    endloop
  endfacet
  facet normal 0 0 -1
    outer loop
      vertex -38.8274 79.5823 2.01
      vertex -40.3145 79.7781 2.01
      vertex -40.3 80 2.01
    endloop
  endfacet
  facet normal 0 0 -1
    outer loop
      vertex -38.909 79.1718 2.01
      vertex -40.3579 79.56 2.01
      vertex -40.3145 79.7781 2.01
    endloop
  endfacet
  facet normal 0 0 -1
    outer loop
      vertex -40.9651 78.6513 2.01
      vertex -40.052 77.4613 2.01
      vertex -40.4 77.2287 2.01
    endloop
  endfacet
  facet normal 0 0 -1
    outer loop
      vertex -39.0436 78.7754 2.01
      vertex -40.4294 79.3494 2.01
      vertex -40.3579 79.56 2.01
    endloop
  endfacet
  facet normal 0 0 -1
    outer loop
      vertex -39.2287 78.4 2.01
      vertex -40.5278 79.15 2.01
      vertex -40.4294 79.3494 2.01
    endloop
  endfacet
  facet normal 0 0 -1
    outer loop
      vertex -39.4613 78.052 2.01
      vertex -40.6513 78.9651 2.01
      vertex -40.5278 79.15 2.01
    endloop
  endfacet
  facet normal 0 0 -1
    outer loop
      vertex -41.15 78.5278 2.01
      vertex -40.4 77.2287 2.01
      vertex -40.7754 77.0436 2.01
    endloop
  endfacet
  facet normal 0 0 -1
    outer loop
      vertex -39.7373 77.7373 2.01
      vertex -40.7979 78.7979 2.01
      vertex -40.6513 78.9651 2.01
    endloop
  endfacet
  facet normal 0 0 -1
    outer loop
      vertex -40.052 77.4613 2.01
      vertex -40.9651 78.6513 2.01
      vertex -40.7979 78.7979 2.01
    endloop
  endfacet
  facet normal 0 0 -1
    outer loop
      vertex -40.4 77.2287 2.01
      vertex -41.15 78.5278 2.01
      vertex -40.9651 78.6513 2.01
    endloop
  endfacet
  facet normal 0 0 -1
    outer loop
      vertex -41.3494 78.4294 2.01
      vertex -40.7754 77.0436 2.01
      vertex -41.1718 76.909 2.01
    endloop
  endfacet
  facet normal 0 0 -1
    outer loop
      vertex -40.7754 77.0436 2.01
      vertex -41.3494 78.4294 2.01
      vertex -41.15 78.5278 2.01
    endloop
  endfacet
  facet normal 0 0 -1
    outer loop
      vertex -41.1718 76.909 2.01
      vertex -41.56 78.3579 2.01
      vertex -41.3494 78.4294 2.01
    endloop
  endfacet
  facet normal 0 0 -1
    outer loop
      vertex -41.5823 76.8274 2.01
      vertex -41.56 78.3579 2.01
      vertex -41.1718 76.909 2.01
    endloop
  endfacet
  facet normal 0 0 -1
    outer loop
      vertex -41.5823 76.8274 2.01
      vertex -41.7781 78.3145 2.01
      vertex -41.56 78.3579 2.01
    endloop
  endfacet
  facet normal 0 0 -1
    outer loop
      vertex -42 76.8 2.01
      vertex -41.7781 78.3145 2.01
      vertex -41.5823 76.8274 2.01
    endloop
  endfacet
  facet normal 0 0 -1
    outer loop
      vertex -42 76.8 2.01
      vertex -42 78.3 2.01
      vertex -41.7781 78.3145 2.01
    endloop
  endfacet
  facet normal 0 0 -1
    outer loop
      vertex -42 76.8 2.01
      vertex -42.2219 78.3145 2.01
      vertex -42 78.3 2.01
    endloop
  endfacet
  facet normal 0 0 -1
    outer loop
      vertex -42.4177 76.8274 2.01
      vertex -42.2219 78.3145 2.01
      vertex -42 76.8 2.01
    endloop
  endfacet
  facet normal 0 0 -1
    outer loop
      vertex -42.4177 76.8274 2.01
      vertex -42.44 78.3579 2.01
      vertex -42.2219 78.3145 2.01
    endloop
  endfacet
  facet normal 0 0 -1
    outer loop
      vertex -42.8282 76.909 2.01
      vertex -42.44 78.3579 2.01
      vertex -42.4177 76.8274 2.01
    endloop
  endfacet
  facet normal -0 0 -1
    outer loop
      vertex -42.44 78.3579 2.01
      vertex -42.8282 76.909 2.01
      vertex -42.6506 78.4294 2.01
    endloop
  endfacet
  facet normal 0 0 -1
    outer loop
      vertex -43.2246 77.0436 2.01
      vertex -42.6506 78.4294 2.01
      vertex -42.8282 76.909 2.01
    endloop
  endfacet
  facet normal -0 0 -1
    outer loop
      vertex -42.6506 78.4294 2.01
      vertex -43.2246 77.0436 2.01
      vertex -42.85 78.5278 2.01
    endloop
  endfacet
  facet normal 0 0 -1
    outer loop
      vertex -43.6 77.2287 2.01
      vertex -42.85 78.5278 2.01
      vertex -43.2246 77.0436 2.01
    endloop
  endfacet
  facet normal -0 0 -1
    outer loop
      vertex -42.85 78.5278 2.01
      vertex -43.6 77.2287 2.01
      vertex -43.0349 78.6513 2.01
    endloop
  endfacet
  facet normal 0 0 -1
    outer loop
      vertex -43.948 77.4613 2.01
      vertex -43.0349 78.6513 2.01
      vertex -43.6 77.2287 2.01
    endloop
  endfacet
  facet normal -0 0 -1
    outer loop
      vertex -43.0349 78.6513 2.01
      vertex -43.948 77.4613 2.01
      vertex -43.2021 78.7979 2.01
    endloop
  endfacet
  facet normal 0 0 -1
    outer loop
      vertex -44.2627 77.7373 2.01
      vertex -43.2021 78.7979 2.01
      vertex -43.948 77.4613 2.01
    endloop
  endfacet
  facet normal -0 0 -1
    outer loop
      vertex -43.2021 78.7979 2.01
      vertex -44.2627 77.7373 2.01
      vertex -43.3487 78.9651 2.01
    endloop
  endfacet
  facet normal 0 0 -1
    outer loop
      vertex -44.5387 78.052 2.01
      vertex -43.3487 78.9651 2.01
      vertex -44.2627 77.7373 2.01
    endloop
  endfacet
  facet normal -0 0 -1
    outer loop
      vertex -43.3487 78.9651 2.01
      vertex -44.5387 78.052 2.01
      vertex -43.4722 79.15 2.01
    endloop
  endfacet
  facet normal 0 0 -1
    outer loop
      vertex -44.7713 78.4 2.01
      vertex -43.4722 79.15 2.01
      vertex -44.5387 78.052 2.01
    endloop
  endfacet
  facet normal -0 0 -1
    outer loop
      vertex -43.4722 79.15 2.01
      vertex -44.7713 78.4 2.01
      vertex -43.5706 79.3494 2.01
    endloop
  endfacet
  facet normal 0 0 -1
    outer loop
      vertex -40.5278 80.85 2.01
      vertex -39.2287 81.6 2.01
      vertex -40.4294 80.6506 2.01
    endloop
  endfacet
  facet normal -0 0 -1
    outer loop
      vertex -39.2287 81.6 2.01
      vertex -40.5278 80.85 2.01
      vertex -39.4613 81.948 2.01
    endloop
  endfacet
  facet normal 0 0 -1
    outer loop
      vertex -40.6513 81.0349 2.01
      vertex -39.4613 81.948 2.01
      vertex -40.5278 80.85 2.01
    endloop
  endfacet
  facet normal -0 0 -1
    outer loop
      vertex -39.4613 81.948 2.01
      vertex -40.6513 81.0349 2.01
      vertex -39.7373 82.2627 2.01
    endloop
  endfacet
  facet normal 0 0 -1
    outer loop
      vertex -40.7979 81.2021 2.01
      vertex -39.7373 82.2627 2.01
      vertex -40.6513 81.0349 2.01
    endloop
  endfacet
  facet normal -0 0 -1
    outer loop
      vertex -39.7373 82.2627 2.01
      vertex -40.7979 81.2021 2.01
      vertex -40.052 82.5387 2.01
    endloop
  endfacet
  facet normal 0 0 -1
    outer loop
      vertex -40.9651 81.3487 2.01
      vertex -40.052 82.5387 2.01
      vertex -40.7979 81.2021 2.01
    endloop
  endfacet
  facet normal -0 0 -1
    outer loop
      vertex -40.052 82.5387 2.01
      vertex -40.9651 81.3487 2.01
      vertex -40.4 82.7713 2.01
    endloop
  endfacet
  facet normal 0 0 -1
    outer loop
      vertex -41.15 81.4722 2.01
      vertex -40.4 82.7713 2.01
      vertex -40.9651 81.3487 2.01
    endloop
  endfacet
  facet normal -0 0 -1
    outer loop
      vertex -40.4 82.7713 2.01
      vertex -41.15 81.4722 2.01
      vertex -40.7754 82.9564 2.01
    endloop
  endfacet
  facet normal 0 0 -1
    outer loop
      vertex -41.3494 81.5706 2.01
      vertex -40.7754 82.9564 2.01
      vertex -41.15 81.4722 2.01
    endloop
  endfacet
  facet normal -0 0 -1
    outer loop
      vertex -40.7754 82.9564 2.01
      vertex -41.3494 81.5706 2.01
      vertex -41.1718 83.091 2.01
    endloop
  endfacet
  facet normal 0 0 -1
    outer loop
      vertex -41.56 81.6421 2.01
      vertex -41.1718 83.091 2.01
      vertex -41.3494 81.5706 2.01
    endloop
  endfacet
  facet normal 0 0 -1
    outer loop
      vertex -41.56 81.6421 2.01
      vertex -41.5823 83.1726 2.01
      vertex -41.1718 83.091 2.01
    endloop
  endfacet
  facet normal 0 0 -1
    outer loop
      vertex -41.7781 81.6855 2.01
      vertex -41.5823 83.1726 2.01
      vertex -41.56 81.6421 2.01
    endloop
  endfacet
  facet normal 0 0 -1
    outer loop
      vertex -42 81.7 2.01
      vertex -41.5823 83.1726 2.01
      vertex -41.7781 81.6855 2.01
    endloop
  endfacet
  facet normal 0 0 -1
    outer loop
      vertex -42 81.7 2.01
      vertex -42 83.2 2.01
      vertex -41.5823 83.1726 2.01
    endloop
  endfacet
  facet normal 0 0 -1
    outer loop
      vertex -42.2219 81.6855 2.01
      vertex -42 83.2 2.01
      vertex -42 81.7 2.01
    endloop
  endfacet
  facet normal 0 0 -1
    outer loop
      vertex -42.2219 81.6855 2.01
      vertex -42.4177 83.1726 2.01
      vertex -42 83.2 2.01
    endloop
  endfacet
  facet normal 0 0 -1
    outer loop
      vertex -42.44 81.6421 2.01
      vertex -42.4177 83.1726 2.01
      vertex -42.2219 81.6855 2.01
    endloop
  endfacet
  facet normal 0 0 -1
    outer loop
      vertex -42.8282 83.091 2.01
      vertex -42.44 81.6421 2.01
      vertex -42.6506 81.5706 2.01
    endloop
  endfacet
  facet normal 0 0 -1
    outer loop
      vertex -42.44 81.6421 2.01
      vertex -42.8282 83.091 2.01
      vertex -42.4177 83.1726 2.01
    endloop
  endfacet
  facet normal 0 0 -1
    outer loop
      vertex -43.2246 82.9564 2.01
      vertex -42.6506 81.5706 2.01
      vertex -42.85 81.4722 2.01
    endloop
  endfacet
  facet normal 0 0 -1
    outer loop
      vertex -43.6 82.7713 2.01
      vertex -42.85 81.4722 2.01
      vertex -43.0349 81.3487 2.01
    endloop
  endfacet
  facet normal 0 0 -1
    outer loop
      vertex -43.948 82.5387 2.01
      vertex -43.0349 81.3487 2.01
      vertex -43.2021 81.2021 2.01
    endloop
  endfacet
  facet normal 0 0 -1
    outer loop
      vertex -42.6506 81.5706 2.01
      vertex -43.2246 82.9564 2.01
      vertex -42.8282 83.091 2.01
    endloop
  endfacet
  facet normal 0 0 -1
    outer loop
      vertex -44.2627 82.2627 2.01
      vertex -43.2021 81.2021 2.01
      vertex -43.3487 81.0349 2.01
    endloop
  endfacet
  facet normal 0 0 -1
    outer loop
      vertex -44.5387 81.948 2.01
      vertex -43.3487 81.0349 2.01
      vertex -43.4722 80.85 2.01
    endloop
  endfacet
  facet normal 0 0 -1
    outer loop
      vertex -44.7713 81.6 2.01
      vertex -43.4722 80.85 2.01
      vertex -43.5706 80.6506 2.01
    endloop
  endfacet
  facet normal 0 0 -1
    outer loop
      vertex -42.85 81.4722 2.01
      vertex -43.6 82.7713 2.01
      vertex -43.2246 82.9564 2.01
    endloop
  endfacet
  facet normal 0 0 -1
    outer loop
      vertex -44.9564 81.2246 2.01
      vertex -43.5706 80.6506 2.01
      vertex -43.6421 80.44 2.01
    endloop
  endfacet
  facet normal 0 0 -1
    outer loop
      vertex -45.091 80.8282 2.01
      vertex -43.6421 80.44 2.01
      vertex -43.6855 80.2219 2.01
    endloop
  endfacet
  facet normal 0 0 -1
    outer loop
      vertex -45.1726 80.4177 2.01
      vertex -43.6855 80.2219 2.01
      vertex -43.7 80 2.01
    endloop
  endfacet
  facet normal 0 0 -1
    outer loop
      vertex -44.9564 78.7754 2.01
      vertex -43.5706 79.3494 2.01
      vertex -44.7713 78.4 2.01
    endloop
  endfacet
  facet normal 0 0 -1
    outer loop
      vertex -43.0349 81.3487 2.01
      vertex -43.948 82.5387 2.01
      vertex -43.6 82.7713 2.01
    endloop
  endfacet
  facet normal -0 0 -1
    outer loop
      vertex -43.5706 79.3494 2.01
      vertex -44.9564 78.7754 2.01
      vertex -43.6421 79.56 2.01
    endloop
  endfacet
  facet normal 0 0 -1
    outer loop
      vertex -43.2021 81.2021 2.01
      vertex -44.2627 82.2627 2.01
      vertex -43.948 82.5387 2.01
    endloop
  endfacet
  facet normal 0 0 -1
    outer loop
      vertex -45.091 79.1718 2.01
      vertex -43.6421 79.56 2.01
      vertex -44.9564 78.7754 2.01
    endloop
  endfacet
  facet normal 0 0 -1
    outer loop
      vertex -43.3487 81.0349 2.01
      vertex -44.5387 81.948 2.01
      vertex -44.2627 82.2627 2.01
    endloop
  endfacet
  facet normal -0 0 -1
    outer loop
      vertex -43.6421 79.56 2.01
      vertex -45.091 79.1718 2.01
      vertex -43.6855 79.7781 2.01
    endloop
  endfacet
  facet normal 0 0 -1
    outer loop
      vertex -43.4722 80.85 2.01
      vertex -44.7713 81.6 2.01
      vertex -44.5387 81.948 2.01
    endloop
  endfacet
  facet normal 0 0 -1
    outer loop
      vertex -45.1726 79.5823 2.01
      vertex -43.6855 79.7781 2.01
      vertex -45.091 79.1718 2.01
    endloop
  endfacet
  facet normal 0 0 -1
    outer loop
      vertex -43.5706 80.6506 2.01
      vertex -44.9564 81.2246 2.01
      vertex -44.7713 81.6 2.01
    endloop
  endfacet
  facet normal -0 0 -1
    outer loop
      vertex -43.6855 79.7781 2.01
      vertex -45.1726 79.5823 2.01
      vertex -43.7 80 2.01
    endloop
  endfacet
  facet normal 0 0 -1
    outer loop
      vertex -43.6421 80.44 2.01
      vertex -45.091 80.8282 2.01
      vertex -44.9564 81.2246 2.01
    endloop
  endfacet
  facet normal 0 0 -1
    outer loop
      vertex -45.2 80 2.01
      vertex -43.7 80 2.01
      vertex -45.1726 79.5823 2.01
    endloop
  endfacet
  facet normal 0 0 -1
    outer loop
      vertex -43.6855 80.2219 2.01
      vertex -45.1726 80.4177 2.01
      vertex -45.091 80.8282 2.01
    endloop
  endfacet
  facet normal 0 0 -1
    outer loop
      vertex -43.7 80 2.01
      vertex -45.2 80 2.01
      vertex -45.1726 80.4177 2.01
    endloop
  endfacet
  facet normal 0.608905 0.406986 0.68088
    outer loop
      vertex -44.5387 78.052 2.01
      vertex -43.3487 78.9651 0.4
      vertex -44.7713 78.4 2.01
    endloop
  endfacet
  facet normal 0.48292 -0.550634 0.680875
    outer loop
      vertex -43.0349 81.3487 0.4
      vertex -43.948 82.5387 2.01
      vertex -44.2627 82.2627 2.01
    endloop
  endfacet
  facet normal -0.323891 -0.656882 0.680882
    outer loop
      vertex -40.4 82.7713 2.01
      vertex -40.7754 82.9564 2.01
      vertex -41.3494 81.5706 0.4
    endloop
  endfacet
  facet normal 0.550634 0.48292 0.680875
    outer loop
      vertex -44.2627 77.7373 2.01
      vertex -43.3487 78.9651 0.4
      vertex -44.5387 78.052 2.01
    endloop
  endfacet
  facet normal -0.550704 0.482854 0.680865
    outer loop
      vertex -39.7373 77.7373 2.01
      vertex -40.6513 78.9651 0.4
      vertex -40.7979 78.7979 0.4
    endloop
  endfacet
  facet normal -0.656755 0.324096 0.680908
    outer loop
      vertex -39.2287 78.4 2.01
      vertex -40.4294 79.3494 0.4
      vertex -40.5278 79.15 0.4
    endloop
  endfacet
  facet normal -0.142939 0.71832 0.68087
    outer loop
      vertex -41.5823 76.8274 2.01
      vertex -41.56 78.3579 0.4
      vertex -41.7781 78.3145 0.4
    endloop
  endfacet
  facet normal 0.609016 -0.406779 0.680905
    outer loop
      vertex -43.4722 80.85 0.4
      vertex -43.3487 81.0349 0.4
      vertex -44.7713 81.6 2.01
    endloop
  endfacet
  facet normal -0.324096 0.656755 0.680908
    outer loop
      vertex -40.4 77.2287 2.01
      vertex -41.15 78.5278 0.4
      vertex -41.3494 78.4294 0.4
    endloop
  endfacet
  facet normal 0.406779 0.609016 0.680905
    outer loop
      vertex -42.85 78.5278 0.4
      vertex -43.0349 78.6513 0.4
      vertex -43.6 77.2287 2.01
    endloop
  endfacet
  facet normal 0.0477571 0.730849 0.680867
    outer loop
      vertex -42 78.3 0.4
      vertex -42.2219 78.3145 0.4
      vertex -42.4177 76.8274 2.01
    endloop
  endfacet
  facet normal 0.142939 0.71832 0.68087
    outer loop
      vertex -42.4177 76.8274 2.01
      vertex -42.2219 78.3145 0.4
      vertex -42.44 78.3579 0.4
    endloop
  endfacet
  facet normal 0.482854 0.550704 0.680865
    outer loop
      vertex -43.0349 78.6513 0.4
      vertex -43.2021 78.7979 0.4
      vertex -44.2627 77.7373 2.01
    endloop
  endfacet
  facet normal 0.142792 0.718335 0.680886
    outer loop
      vertex -42.4177 76.8274 2.01
      vertex -42.44 78.3579 0.4
      vertex -42.8282 76.909 2.01
    endloop
  endfacet
  facet normal 0.406986 -0.608905 0.68088
    outer loop
      vertex -43.0349 81.3487 0.4
      vertex -43.6 82.7713 2.01
      vertex -43.948 82.5387 2.01
    endloop
  endfacet
  facet normal 0.6935 -0.235482 0.680886
    outer loop
      vertex -43.6421 80.44 0.4
      vertex -44.9564 81.2246 2.01
      vertex -45.091 80.8282 2.01
    endloop
  endfacet
  facet normal -0.406986 -0.608905 0.68088
    outer loop
      vertex -40.052 82.5387 2.01
      vertex -40.4 82.7713 2.01
      vertex -40.9651 81.3487 0.4
    endloop
  endfacet
  facet normal -0.48292 -0.550634 0.680875
    outer loop
      vertex -39.7373 82.2627 2.01
      vertex -40.052 82.5387 2.01
      vertex -40.9651 81.3487 0.4
    endloop
  endfacet
  facet normal -0.550634 -0.48292 0.680875
    outer loop
      vertex -39.4613 81.948 2.01
      vertex -39.7373 82.2627 2.01
      vertex -40.6513 81.0349 0.4
    endloop
  endfacet
  facet normal -0.656755 -0.324096 0.680908
    outer loop
      vertex -40.4294 80.6506 0.4
      vertex -39.2287 81.6 2.01
      vertex -40.5278 80.85 0.4
    endloop
  endfacet
  facet normal -0.48292 0.550634 0.680875
    outer loop
      vertex -40.052 77.4613 2.01
      vertex -39.7373 77.7373 2.01
      vertex -40.9651 78.6513 0.4
    endloop
  endfacet
  facet normal -0.656882 0.323891 0.680882
    outer loop
      vertex -39.2287 78.4 2.01
      vertex -39.0436 78.7754 2.01
      vertex -40.4294 79.3494 0.4
    endloop
  endfacet
  facet normal -0.235452 -0.693514 0.680883
    outer loop
      vertex -41.3494 81.5706 0.4
      vertex -40.7754 82.9564 2.01
      vertex -41.56 81.6421 0.4
    endloop
  endfacet
  facet normal -0.142792 -0.718335 0.680886
    outer loop
      vertex -41.56 81.6421 0.4
      vertex -41.1718 83.091 2.01
      vertex -41.5823 83.1726 2.01
    endloop
  endfacet
  facet normal 0.235452 -0.693514 0.680883
    outer loop
      vertex -42.6506 81.5706 0.4
      vertex -42.44 81.6421 0.4
      vertex -43.2246 82.9564 2.01
    endloop
  endfacet
  facet normal 0.550704 -0.482854 0.680865
    outer loop
      vertex -43.3487 81.0349 0.4
      vertex -43.2021 81.2021 0.4
      vertex -44.2627 82.2627 2.01
    endloop
  endfacet
  facet normal 0.609016 0.406779 0.680905
    outer loop
      vertex -43.3487 78.9651 0.4
      vertex -43.4722 79.15 0.4
      vertex -44.7713 78.4 2.01
    endloop
  endfacet
  facet normal 0.6935 0.235482 0.680886
    outer loop
      vertex -44.9564 78.7754 2.01
      vertex -43.6421 79.56 0.4
      vertex -45.091 79.1718 2.01
    endloop
  endfacet
  facet normal 0.693514 0.235452 0.680883
    outer loop
      vertex -43.5706 79.3494 0.4
      vertex -43.6421 79.56 0.4
      vertex -44.9564 78.7754 2.01
    endloop
  endfacet
  facet normal -0.235482 -0.6935 0.680886
    outer loop
      vertex -40.7754 82.9564 2.01
      vertex -41.1718 83.091 2.01
      vertex -41.56 81.6421 0.4
    endloop
  endfacet
  facet normal 0.730849 -0.0477571 0.680867
    outer loop
      vertex -43.7 80 0.4
      vertex -43.6855 80.2219 0.4
      vertex -45.1726 80.4177 2.01
    endloop
  endfacet
  facet normal 0.656882 -0.323891 0.680882
    outer loop
      vertex -43.5706 80.6506 0.4
      vertex -44.7713 81.6 2.01
      vertex -44.9564 81.2246 2.01
    endloop
  endfacet
  facet normal 0.730849 0.0477571 0.680867
    outer loop
      vertex -43.6855 79.7781 0.4
      vertex -43.7 80 0.4
      vertex -45.1726 79.5823 2.01
    endloop
  endfacet
  facet normal -0.482854 -0.550704 0.680865
    outer loop
      vertex -40.7979 81.2021 0.4
      vertex -39.7373 82.2627 2.01
      vertex -40.9651 81.3487 0.4
    endloop
  endfacet
  facet normal 0.718335 -0.142792 0.680886
    outer loop
      vertex -43.6421 80.44 0.4
      vertex -45.091 80.8282 2.01
      vertex -45.1726 80.4177 2.01
    endloop
  endfacet
  facet normal -0.550704 -0.482854 0.680865
    outer loop
      vertex -40.6513 81.0349 0.4
      vertex -39.7373 82.2627 2.01
      vertex -40.7979 81.2021 0.4
    endloop
  endfacet
  facet normal -0.406779 0.609016 0.680905
    outer loop
      vertex -40.4 77.2287 2.01
      vertex -40.9651 78.6513 0.4
      vertex -41.15 78.5278 0.4
    endloop
  endfacet
  facet normal -0.608905 -0.406986 0.68088
    outer loop
      vertex -39.2287 81.6 2.01
      vertex -39.4613 81.948 2.01
      vertex -40.6513 81.0349 0.4
    endloop
  endfacet
  facet normal -0.0479397 -0.730818 0.680887
    outer loop
      vertex -41.5823 83.1726 2.01
      vertex -42 83.2 2.01
      vertex -42 81.7 0.4
    endloop
  endfacet
  facet normal 0.323891 -0.656882 0.680882
    outer loop
      vertex -42.6506 81.5706 0.4
      vertex -43.2246 82.9564 2.01
      vertex -43.6 82.7713 2.01
    endloop
  endfacet
  facet normal 0.235482 -0.6935 0.680886
    outer loop
      vertex -42.44 81.6421 0.4
      vertex -42.8282 83.091 2.01
      vertex -43.2246 82.9564 2.01
    endloop
  endfacet
  facet normal 0.324096 -0.656755 0.680908
    outer loop
      vertex -42.85 81.4722 0.4
      vertex -42.6506 81.5706 0.4
      vertex -43.6 82.7713 2.01
    endloop
  endfacet
  facet normal 0.406779 -0.609016 0.680905
    outer loop
      vertex -43.0349 81.3487 0.4
      vertex -42.85 81.4722 0.4
      vertex -43.6 82.7713 2.01
    endloop
  endfacet
  facet normal -0.609016 -0.406779 0.680905
    outer loop
      vertex -40.5278 80.85 0.4
      vertex -39.2287 81.6 2.01
      vertex -40.6513 81.0349 0.4
    endloop
  endfacet
  facet normal -0.718335 -0.142792 0.680886
    outer loop
      vertex -38.8274 80.4177 2.01
      vertex -38.909 80.8282 2.01
      vertex -40.3579 80.44 0.4
    endloop
  endfacet
  facet normal -0.71832 -0.142939 0.68087
    outer loop
      vertex -40.3145 80.2219 0.4
      vertex -38.8274 80.4177 2.01
      vertex -40.3579 80.44 0.4
    endloop
  endfacet
  facet normal 0.71832 -0.142939 0.68087
    outer loop
      vertex -43.6855 80.2219 0.4
      vertex -43.6421 80.44 0.4
      vertex -45.1726 80.4177 2.01
    endloop
  endfacet
  facet normal -0.142939 -0.71832 0.68087
    outer loop
      vertex -41.56 81.6421 0.4
      vertex -41.5823 83.1726 2.01
      vertex -41.7781 81.6855 0.4
    endloop
  endfacet
  facet normal 0.0479397 -0.730818 0.680887
    outer loop
      vertex -42 81.7 0.4
      vertex -42 83.2 2.01
      vertex -42.4177 83.1726 2.01
    endloop
  endfacet
  facet normal 0.0477571 -0.730849 0.680867
    outer loop
      vertex -42.2219 81.6855 0.4
      vertex -42 81.7 0.4
      vertex -42.4177 83.1726 2.01
    endloop
  endfacet
  facet normal -0.693514 -0.235452 0.680883
    outer loop
      vertex -40.3579 80.44 0.4
      vertex -39.0436 81.2246 2.01
      vertex -40.4294 80.6506 0.4
    endloop
  endfacet
  facet normal -0.98077 -0.195165 0
    outer loop
      vertex 43.6855 -79.7781 2.01
      vertex 43.6421 -79.56 3
      vertex 43.6421 -79.56 2.01
    endloop
  endfacet
  facet normal -0.98077 -0.195165 0
    outer loop
      vertex 43.6421 -79.56 3
      vertex 43.6855 -79.7781 2.01
      vertex 43.6855 -79.7781 3
    endloop
  endfacet
  facet normal -0.98077 -0.195165 0
    outer loop
      vertex 43.6855 -79.7781 0
      vertex 43.6421 -79.56 0.4
      vertex 43.6421 -79.56 0
    endloop
  endfacet
  facet normal -0.98077 -0.195165 0
    outer loop
      vertex 43.6421 -79.56 0.4
      vertex 43.6855 -79.7781 0
      vertex 43.6855 -79.7781 0.4
    endloop
  endfacet
  facet normal -0.997872 -0.0652057 0
    outer loop
      vertex 43.7 -80 2.01
      vertex 43.6855 -79.7781 3
      vertex 43.6855 -79.7781 2.01
    endloop
  endfacet
  facet normal -0.997872 -0.0652057 0
    outer loop
      vertex 43.6855 -79.7781 3
      vertex 43.7 -80 2.01
      vertex 43.7 -80 3
    endloop
  endfacet
  facet normal -0.997872 -0.0652057 0
    outer loop
      vertex 43.7 -80 0
      vertex 43.6855 -79.7781 0.4
      vertex 43.6855 -79.7781 0
    endloop
  endfacet
  facet normal -0.997872 -0.0652057 0
    outer loop
      vertex 43.6855 -79.7781 0.4
      vertex 43.7 -80 0
      vertex 43.7 -80 0.4
    endloop
  endfacet
  facet normal -0.0652057 0.997872 0
    outer loop
      vertex 42.2219 -81.6855 0
      vertex 42 -81.7 0.4
      vertex 42.2219 -81.6855 0.4
    endloop
  endfacet
  facet normal -0.0652057 0.997872 0
    outer loop
      vertex 42 -81.7 0.4
      vertex 42.2219 -81.6855 0
      vertex 42 -81.7 0
    endloop
  endfacet
  facet normal -0.0652057 0.997872 0
    outer loop
      vertex 42.2219 -81.6855 2.01
      vertex 42 -81.7 3
      vertex 42.2219 -81.6855 3
    endloop
  endfacet
  facet normal -0.0652057 0.997872 0
    outer loop
      vertex 42 -81.7 3
      vertex 42.2219 -81.6855 2.01
      vertex 42 -81.7 2.01
    endloop
  endfacet
  facet normal 0.659268 -0.751908 0
    outer loop
      vertex 40.7979 -78.7979 0
      vertex 40.9651 -78.6513 0.4
      vertex 40.7979 -78.7979 0.4
    endloop
  endfacet
  facet normal 0.659268 -0.751908 0
    outer loop
      vertex 40.9651 -78.6513 0.4
      vertex 40.7979 -78.7979 0
      vertex 40.9651 -78.6513 0
    endloop
  endfacet
  facet normal 0.659268 -0.751908 0
    outer loop
      vertex 40.7979 -78.7979 2.01
      vertex 40.9651 -78.6513 3
      vertex 40.7979 -78.7979 3
    endloop
  endfacet
  facet normal 0.659268 -0.751908 0
    outer loop
      vertex 40.9651 -78.6513 3
      vertex 40.7979 -78.7979 2.01
      vertex 40.9651 -78.6513 2.01
    endloop
  endfacet
  facet normal 0.831566 0.555426 0
    outer loop
      vertex 40.6513 -81.0349 0.4
      vertex 40.5278 -80.85 0
      vertex 40.5278 -80.85 0.4
    endloop
  endfacet
  facet normal 0.831566 0.555426 0
    outer loop
      vertex 40.5278 -80.85 0
      vertex 40.6513 -81.0349 0.4
      vertex 40.6513 -81.0349 0
    endloop
  endfacet
  facet normal 0.831566 0.555426 0
    outer loop
      vertex 40.6513 -81.0349 3
      vertex 40.5278 -80.85 2.01
      vertex 40.5278 -80.85 3
    endloop
  endfacet
  facet normal 0.831566 0.555426 0
    outer loop
      vertex 40.5278 -80.85 2.01
      vertex 40.6513 -81.0349 3
      vertex 40.6513 -81.0349 2.01
    endloop
  endfacet
  facet normal 0.195165 0.98077 -0
    outer loop
      vertex 41.7781 -81.6855 0
      vertex 41.56 -81.6421 0.4
      vertex 41.7781 -81.6855 0.4
    endloop
  endfacet
  facet normal 0.195165 0.98077 0
    outer loop
      vertex 41.56 -81.6421 0.4
      vertex 41.7781 -81.6855 0
      vertex 41.56 -81.6421 0
    endloop
  endfacet
  facet normal 0.195165 0.98077 -0
    outer loop
      vertex 41.7781 -81.6855 2.01
      vertex 41.56 -81.6421 3
      vertex 41.7781 -81.6855 3
    endloop
  endfacet
  facet normal 0.195165 0.98077 0
    outer loop
      vertex 41.56 -81.6421 3
      vertex 41.7781 -81.6855 2.01
      vertex 41.56 -81.6421 2.01
    endloop
  endfacet
  facet normal -0.659268 -0.751908 0
    outer loop
      vertex 43.0349 -78.6513 0
      vertex 43.2021 -78.7979 0.4
      vertex 43.0349 -78.6513 0.4
    endloop
  endfacet
  facet normal -0.659268 -0.751908 -0
    outer loop
      vertex 43.2021 -78.7979 0.4
      vertex 43.0349 -78.6513 0
      vertex 43.2021 -78.7979 0
    endloop
  endfacet
  facet normal -0.659268 -0.751908 0
    outer loop
      vertex 43.0349 -78.6513 2.01
      vertex 43.2021 -78.7979 3
      vertex 43.0349 -78.6513 3
    endloop
  endfacet
  facet normal -0.659268 -0.751908 -0
    outer loop
      vertex 43.2021 -78.7979 3
      vertex 43.0349 -78.6513 2.01
      vertex 43.2021 -78.7979 2.01
    endloop
  endfacet
  facet normal -0.946915 0.321484 0
    outer loop
      vertex 43.5706 -80.6506 2.01
      vertex 43.6421 -80.44 3
      vertex 43.6421 -80.44 2.01
    endloop
  endfacet
  facet normal -0.946915 0.321484 0
    outer loop
      vertex 43.6421 -80.44 3
      vertex 43.5706 -80.6506 2.01
      vertex 43.5706 -80.6506 3
    endloop
  endfacet
  facet normal -0.946915 0.321484 0
    outer loop
      vertex 43.5706 -80.6506 0
      vertex 43.6421 -80.44 0.4
      vertex 43.6421 -80.44 0
    endloop
  endfacet
  facet normal -0.946915 0.321484 0
    outer loop
      vertex 43.6421 -80.44 0.4
      vertex 43.5706 -80.6506 0
      vertex 43.5706 -80.6506 0.4
    endloop
  endfacet
  facet normal -0.751908 0.659268 0
    outer loop
      vertex 43.2021 -81.2021 2.01
      vertex 43.3487 -81.0349 3
      vertex 43.3487 -81.0349 2.01
    endloop
  endfacet
  facet normal -0.751908 0.659268 0
    outer loop
      vertex 43.3487 -81.0349 3
      vertex 43.2021 -81.2021 2.01
      vertex 43.2021 -81.2021 3
    endloop
  endfacet
  facet normal -0.751908 0.659268 0
    outer loop
      vertex 43.2021 -81.2021 0
      vertex 43.3487 -81.0349 0.4
      vertex 43.3487 -81.0349 0
    endloop
  endfacet
  facet normal -0.751908 0.659268 0
    outer loop
      vertex 43.3487 -81.0349 0.4
      vertex 43.2021 -81.2021 0
      vertex 43.2021 -81.2021 0.4
    endloop
  endfacet
  facet normal -0.751908 -0.659268 0
    outer loop
      vertex 43.3487 -78.9651 0
      vertex 43.2021 -78.7979 0.4
      vertex 43.2021 -78.7979 0
    endloop
  endfacet
  facet normal -0.751908 -0.659268 0
    outer loop
      vertex 43.2021 -78.7979 0.4
      vertex 43.3487 -78.9651 0
      vertex 43.3487 -78.9651 0.4
    endloop
  endfacet
  facet normal -0.751908 -0.659268 0
    outer loop
      vertex 43.3487 -78.9651 2.01
      vertex 43.2021 -78.7979 3
      vertex 43.2021 -78.7979 2.01
    endloop
  endfacet
  facet normal -0.751908 -0.659268 0
    outer loop
      vertex 43.2021 -78.7979 3
      vertex 43.3487 -78.9651 2.01
      vertex 43.3487 -78.9651 3
    endloop
  endfacet
  facet normal 0.946915 0.321484 0
    outer loop
      vertex 40.4294 -80.6506 3
      vertex 40.3579 -80.44 2.01
      vertex 40.3579 -80.44 3
    endloop
  endfacet
  facet normal 0.946915 0.321484 0
    outer loop
      vertex 40.3579 -80.44 2.01
      vertex 40.4294 -80.6506 3
      vertex 40.4294 -80.6506 2.01
    endloop
  endfacet
  facet normal 0.946915 0.321484 0
    outer loop
      vertex 40.4294 -80.6506 0.4
      vertex 40.3579 -80.44 0
      vertex 40.3579 -80.44 0.4
    endloop
  endfacet
  facet normal 0.946915 0.321484 0
    outer loop
      vertex 40.3579 -80.44 0
      vertex 40.4294 -80.6506 0.4
      vertex 40.4294 -80.6506 0
    endloop
  endfacet
  facet normal -0.321484 0.946915 0
    outer loop
      vertex 42.6506 -81.5706 0
      vertex 42.44 -81.6421 0.4
      vertex 42.6506 -81.5706 0.4
    endloop
  endfacet
  facet normal -0.321484 0.946915 0
    outer loop
      vertex 42.44 -81.6421 0.4
      vertex 42.6506 -81.5706 0
      vertex 42.44 -81.6421 0
    endloop
  endfacet
  facet normal -0.321484 0.946915 0
    outer loop
      vertex 42.6506 -81.5706 2.01
      vertex 42.44 -81.6421 3
      vertex 42.6506 -81.5706 3
    endloop
  endfacet
  facet normal -0.321484 0.946915 0
    outer loop
      vertex 42.44 -81.6421 3
      vertex 42.6506 -81.5706 2.01
      vertex 42.44 -81.6421 2.01
    endloop
  endfacet
  facet normal 0.0652057 0.997872 -0
    outer loop
      vertex 42 -81.7 0
      vertex 41.7781 -81.6855 0.4
      vertex 42 -81.7 0.4
    endloop
  endfacet
  facet normal 0.0652057 0.997872 0
    outer loop
      vertex 41.7781 -81.6855 0.4
      vertex 42 -81.7 0
      vertex 41.7781 -81.6855 0
    endloop
  endfacet
  facet normal 0.0652057 0.997872 -0
    outer loop
      vertex 42 -81.7 2.01
      vertex 41.7781 -81.6855 3
      vertex 42 -81.7 3
    endloop
  endfacet
  facet normal 0.0652057 0.997872 0
    outer loop
      vertex 41.7781 -81.6855 3
      vertex 42 -81.7 2.01
      vertex 41.7781 -81.6855 2.01
    endloop
  endfacet
  facet normal 0.321484 -0.946915 0
    outer loop
      vertex 41.3494 -78.4294 2.01
      vertex 41.56 -78.3579 3
      vertex 41.3494 -78.4294 3
    endloop
  endfacet
  facet normal 0.321484 -0.946915 0
    outer loop
      vertex 41.56 -78.3579 3
      vertex 41.3494 -78.4294 2.01
      vertex 41.56 -78.3579 2.01
    endloop
  endfacet
  facet normal 0.321484 -0.946915 0
    outer loop
      vertex 41.3494 -78.4294 0
      vertex 41.56 -78.3579 0.4
      vertex 41.3494 -78.4294 0.4
    endloop
  endfacet
  facet normal 0.321484 -0.946915 0
    outer loop
      vertex 41.56 -78.3579 0.4
      vertex 41.3494 -78.4294 0
      vertex 41.56 -78.3579 0
    endloop
  endfacet
  facet normal -0.946915 -0.321484 0
    outer loop
      vertex 43.6421 -79.56 2.01
      vertex 43.5706 -79.3494 3
      vertex 43.5706 -79.3494 2.01
    endloop
  endfacet
  facet normal -0.946915 -0.321484 0
    outer loop
      vertex 43.5706 -79.3494 3
      vertex 43.6421 -79.56 2.01
      vertex 43.6421 -79.56 3
    endloop
  endfacet
  facet normal -0.946915 -0.321484 0
    outer loop
      vertex 43.6421 -79.56 0
      vertex 43.5706 -79.3494 0.4
      vertex 43.5706 -79.3494 0
    endloop
  endfacet
  facet normal -0.946915 -0.321484 0
    outer loop
      vertex 43.5706 -79.3494 0.4
      vertex 43.6421 -79.56 0
      vertex 43.6421 -79.56 0.4
    endloop
  endfacet
  facet normal 0.751908 -0.659268 0
    outer loop
      vertex 40.6513 -78.9651 0.4
      vertex 40.7979 -78.7979 0
      vertex 40.7979 -78.7979 0.4
    endloop
  endfacet
  facet normal 0.751908 -0.659268 0
    outer loop
      vertex 40.7979 -78.7979 0
      vertex 40.6513 -78.9651 0.4
      vertex 40.6513 -78.9651 0
    endloop
  endfacet
  facet normal 0.751908 -0.659268 0
    outer loop
      vertex 40.6513 -78.9651 3
      vertex 40.7979 -78.7979 2.01
      vertex 40.7979 -78.7979 3
    endloop
  endfacet
  facet normal 0.751908 -0.659268 0
    outer loop
      vertex 40.7979 -78.7979 2.01
      vertex 40.6513 -78.9651 3
      vertex 40.6513 -78.9651 2.01
    endloop
  endfacet
  facet normal 0.44253 0.896754 -0
    outer loop
      vertex 41.3494 -81.5706 0
      vertex 41.15 -81.4722 0.4
      vertex 41.3494 -81.5706 0.4
    endloop
  endfacet
  facet normal 0.44253 0.896754 0
    outer loop
      vertex 41.15 -81.4722 0.4
      vertex 41.3494 -81.5706 0
      vertex 41.15 -81.4722 0
    endloop
  endfacet
  facet normal 0.44253 0.896754 -0
    outer loop
      vertex 41.3494 -81.5706 2.01
      vertex 41.15 -81.4722 3
      vertex 41.3494 -81.5706 3
    endloop
  endfacet
  facet normal 0.44253 0.896754 0
    outer loop
      vertex 41.15 -81.4722 3
      vertex 41.3494 -81.5706 2.01
      vertex 41.15 -81.4722 2.01
    endloop
  endfacet
  facet normal 0.0652057 -0.997872 0
    outer loop
      vertex 41.7781 -78.3145 0
      vertex 42 -78.3 0.4
      vertex 41.7781 -78.3145 0.4
    endloop
  endfacet
  facet normal 0.0652057 -0.997872 0
    outer loop
      vertex 42 -78.3 0.4
      vertex 41.7781 -78.3145 0
      vertex 42 -78.3 0
    endloop
  endfacet
  facet normal 0.0652057 -0.997872 0
    outer loop
      vertex 41.7781 -78.3145 2.01
      vertex 42 -78.3 3
      vertex 41.7781 -78.3145 3
    endloop
  endfacet
  facet normal 0.0652057 -0.997872 0
    outer loop
      vertex 42 -78.3 3
      vertex 41.7781 -78.3145 2.01
      vertex 42 -78.3 2.01
    endloop
  endfacet
  facet normal -0.896754 0.44253 0
    outer loop
      vertex 43.4722 -80.85 2.01
      vertex 43.5706 -80.6506 3
      vertex 43.5706 -80.6506 2.01
    endloop
  endfacet
  facet normal -0.896754 0.44253 0
    outer loop
      vertex 43.5706 -80.6506 3
      vertex 43.4722 -80.85 2.01
      vertex 43.4722 -80.85 3
    endloop
  endfacet
  facet normal -0.896754 0.44253 0
    outer loop
      vertex 43.4722 -80.85 0
      vertex 43.5706 -80.6506 0.4
      vertex 43.5706 -80.6506 0
    endloop
  endfacet
  facet normal -0.896754 0.44253 0
    outer loop
      vertex 43.5706 -80.6506 0.4
      vertex 43.4722 -80.85 0
      vertex 43.4722 -80.85 0.4
    endloop
  endfacet
  facet normal -0.555426 0.831566 0
    outer loop
      vertex 43.0349 -81.3487 2.01
      vertex 42.85 -81.4722 3
      vertex 43.0349 -81.3487 3
    endloop
  endfacet
  facet normal -0.555426 0.831566 0
    outer loop
      vertex 42.85 -81.4722 3
      vertex 43.0349 -81.3487 2.01
      vertex 42.85 -81.4722 2.01
    endloop
  endfacet
  facet normal -0.555426 0.831566 0
    outer loop
      vertex 43.0349 -81.3487 0
      vertex 42.85 -81.4722 0.4
      vertex 43.0349 -81.3487 0.4
    endloop
  endfacet
  facet normal -0.555426 0.831566 0
    outer loop
      vertex 42.85 -81.4722 0.4
      vertex 43.0349 -81.3487 0
      vertex 42.85 -81.4722 0
    endloop
  endfacet
  facet normal 0.98077 0.195165 0
    outer loop
      vertex 40.3579 -80.44 3
      vertex 40.3145 -80.2219 2.01
      vertex 40.3145 -80.2219 3
    endloop
  endfacet
  facet normal 0.98077 0.195165 0
    outer loop
      vertex 40.3145 -80.2219 2.01
      vertex 40.3579 -80.44 3
      vertex 40.3579 -80.44 2.01
    endloop
  endfacet
  facet normal 0.98077 0.195165 0
    outer loop
      vertex 40.3579 -80.44 0.4
      vertex 40.3145 -80.2219 0
      vertex 40.3145 -80.2219 0.4
    endloop
  endfacet
  facet normal 0.98077 0.195165 0
    outer loop
      vertex 40.3145 -80.2219 0
      vertex 40.3579 -80.44 0.4
      vertex 40.3579 -80.44 0
    endloop
  endfacet
  facet normal 0.751908 0.659268 0
    outer loop
      vertex 40.7979 -81.2021 3
      vertex 40.6513 -81.0349 2.01
      vertex 40.6513 -81.0349 3
    endloop
  endfacet
  facet normal 0.751908 0.659268 0
    outer loop
      vertex 40.6513 -81.0349 2.01
      vertex 40.7979 -81.2021 3
      vertex 40.7979 -81.2021 2.01
    endloop
  endfacet
  facet normal 0.751908 0.659268 0
    outer loop
      vertex 40.7979 -81.2021 0.4
      vertex 40.6513 -81.0349 0
      vertex 40.6513 -81.0349 0.4
    endloop
  endfacet
  facet normal 0.751908 0.659268 0
    outer loop
      vertex 40.6513 -81.0349 0
      vertex 40.7979 -81.2021 0.4
      vertex 40.7979 -81.2021 0
    endloop
  endfacet
  facet normal -0.195165 -0.98077 0
    outer loop
      vertex 42.2219 -78.3145 2.01
      vertex 42.44 -78.3579 3
      vertex 42.2219 -78.3145 3
    endloop
  endfacet
  facet normal -0.195165 -0.98077 -0
    outer loop
      vertex 42.44 -78.3579 3
      vertex 42.2219 -78.3145 2.01
      vertex 42.44 -78.3579 2.01
    endloop
  endfacet
  facet normal -0.195165 -0.98077 0
    outer loop
      vertex 42.2219 -78.3145 0
      vertex 42.44 -78.3579 0.4
      vertex 42.2219 -78.3145 0.4
    endloop
  endfacet
  facet normal -0.195165 -0.98077 -0
    outer loop
      vertex 42.44 -78.3579 0.4
      vertex 42.2219 -78.3145 0
      vertex 42.44 -78.3579 0
    endloop
  endfacet
  facet normal -0.831566 -0.555426 0
    outer loop
      vertex 43.4722 -79.15 2.01
      vertex 43.3487 -78.9651 3
      vertex 43.3487 -78.9651 2.01
    endloop
  endfacet
  facet normal -0.831566 -0.555426 0
    outer loop
      vertex 43.3487 -78.9651 3
      vertex 43.4722 -79.15 2.01
      vertex 43.4722 -79.15 3
    endloop
  endfacet
  facet normal -0.831566 -0.555426 0
    outer loop
      vertex 43.4722 -79.15 0
      vertex 43.3487 -78.9651 0.4
      vertex 43.3487 -78.9651 0
    endloop
  endfacet
  facet normal -0.831566 -0.555426 0
    outer loop
      vertex 43.3487 -78.9651 0.4
      vertex 43.4722 -79.15 0
      vertex 43.4722 -79.15 0.4
    endloop
  endfacet
  facet normal -0.997872 0.0652057 0
    outer loop
      vertex 43.6855 -80.2219 2.01
      vertex 43.7 -80 3
      vertex 43.7 -80 2.01
    endloop
  endfacet
  facet normal -0.997872 0.0652057 0
    outer loop
      vertex 43.7 -80 3
      vertex 43.6855 -80.2219 2.01
      vertex 43.6855 -80.2219 3
    endloop
  endfacet
  facet normal -0.997872 0.0652057 0
    outer loop
      vertex 43.6855 -80.2219 0
      vertex 43.7 -80 0.4
      vertex 43.7 -80 0
    endloop
  endfacet
  facet normal -0.997872 0.0652057 0
    outer loop
      vertex 43.7 -80 0.4
      vertex 43.6855 -80.2219 0
      vertex 43.6855 -80.2219 0.4
    endloop
  endfacet
  facet normal -0.321484 -0.946915 0
    outer loop
      vertex 42.44 -78.3579 2.01
      vertex 42.6506 -78.4294 3
      vertex 42.44 -78.3579 3
    endloop
  endfacet
  facet normal -0.321484 -0.946915 -0
    outer loop
      vertex 42.6506 -78.4294 3
      vertex 42.44 -78.3579 2.01
      vertex 42.6506 -78.4294 2.01
    endloop
  endfacet
  facet normal -0.321484 -0.946915 0
    outer loop
      vertex 42.44 -78.3579 0
      vertex 42.6506 -78.4294 0.4
      vertex 42.44 -78.3579 0.4
    endloop
  endfacet
  facet normal -0.321484 -0.946915 -0
    outer loop
      vertex 42.6506 -78.4294 0.4
      vertex 42.44 -78.3579 0
      vertex 42.6506 -78.4294 0
    endloop
  endfacet
  facet normal -0.555426 -0.831566 0
    outer loop
      vertex 42.85 -78.5278 0
      vertex 43.0349 -78.6513 0.4
      vertex 42.85 -78.5278 0.4
    endloop
  endfacet
  facet normal -0.555426 -0.831566 -0
    outer loop
      vertex 43.0349 -78.6513 0.4
      vertex 42.85 -78.5278 0
      vertex 43.0349 -78.6513 0
    endloop
  endfacet
  facet normal -0.555426 -0.831566 0
    outer loop
      vertex 42.85 -78.5278 2.01
      vertex 43.0349 -78.6513 3
      vertex 42.85 -78.5278 3
    endloop
  endfacet
  facet normal -0.555426 -0.831566 -0
    outer loop
      vertex 43.0349 -78.6513 3
      vertex 42.85 -78.5278 2.01
      vertex 43.0349 -78.6513 2.01
    endloop
  endfacet
  facet normal 0.195165 -0.98077 0
    outer loop
      vertex 41.56 -78.3579 2.01
      vertex 41.7781 -78.3145 3
      vertex 41.56 -78.3579 3
    endloop
  endfacet
  facet normal 0.195165 -0.98077 0
    outer loop
      vertex 41.7781 -78.3145 3
      vertex 41.56 -78.3579 2.01
      vertex 41.7781 -78.3145 2.01
    endloop
  endfacet
  facet normal 0.195165 -0.98077 0
    outer loop
      vertex 41.56 -78.3579 0
      vertex 41.7781 -78.3145 0.4
      vertex 41.56 -78.3579 0.4
    endloop
  endfacet
  facet normal 0.195165 -0.98077 0
    outer loop
      vertex 41.7781 -78.3145 0.4
      vertex 41.56 -78.3579 0
      vertex 41.7781 -78.3145 0
    endloop
  endfacet
  facet normal -0.659268 0.751908 0
    outer loop
      vertex 43.2021 -81.2021 2.01
      vertex 43.0349 -81.3487 3
      vertex 43.2021 -81.2021 3
    endloop
  endfacet
  facet normal -0.659268 0.751908 0
    outer loop
      vertex 43.0349 -81.3487 3
      vertex 43.2021 -81.2021 2.01
      vertex 43.0349 -81.3487 2.01
    endloop
  endfacet
  facet normal -0.659268 0.751908 0
    outer loop
      vertex 43.2021 -81.2021 0
      vertex 43.0349 -81.3487 0.4
      vertex 43.2021 -81.2021 0.4
    endloop
  endfacet
  facet normal -0.659268 0.751908 0
    outer loop
      vertex 43.0349 -81.3487 0.4
      vertex 43.2021 -81.2021 0
      vertex 43.0349 -81.3487 0
    endloop
  endfacet
  facet normal 0.896754 -0.44253 0
    outer loop
      vertex 40.4294 -79.3494 0.4
      vertex 40.5278 -79.15 0
      vertex 40.5278 -79.15 0.4
    endloop
  endfacet
  facet normal 0.896754 -0.44253 0
    outer loop
      vertex 40.5278 -79.15 0
      vertex 40.4294 -79.3494 0.4
      vertex 40.4294 -79.3494 0
    endloop
  endfacet
  facet normal 0.896754 -0.44253 0
    outer loop
      vertex 40.4294 -79.3494 3
      vertex 40.5278 -79.15 2.01
      vertex 40.5278 -79.15 3
    endloop
  endfacet
  facet normal 0.896754 -0.44253 0
    outer loop
      vertex 40.5278 -79.15 2.01
      vertex 40.4294 -79.3494 3
      vertex 40.4294 -79.3494 2.01
    endloop
  endfacet
  facet normal -0.98077 0.195165 0
    outer loop
      vertex 43.6421 -80.44 2.01
      vertex 43.6855 -80.2219 3
      vertex 43.6855 -80.2219 2.01
    endloop
  endfacet
  facet normal -0.98077 0.195165 0
    outer loop
      vertex 43.6855 -80.2219 3
      vertex 43.6421 -80.44 2.01
      vertex 43.6421 -80.44 3
    endloop
  endfacet
  facet normal -0.98077 0.195165 0
    outer loop
      vertex 43.6421 -80.44 0
      vertex 43.6855 -80.2219 0.4
      vertex 43.6855 -80.2219 0
    endloop
  endfacet
  facet normal -0.98077 0.195165 0
    outer loop
      vertex 43.6855 -80.2219 0.4
      vertex 43.6421 -80.44 0
      vertex 43.6421 -80.44 0.4
    endloop
  endfacet
  facet normal -0.195165 0.98077 0
    outer loop
      vertex 42.44 -81.6421 0
      vertex 42.2219 -81.6855 0.4
      vertex 42.44 -81.6421 0.4
    endloop
  endfacet
  facet normal -0.195165 0.98077 0
    outer loop
      vertex 42.2219 -81.6855 0.4
      vertex 42.44 -81.6421 0
      vertex 42.2219 -81.6855 0
    endloop
  endfacet
  facet normal -0.195165 0.98077 0
    outer loop
      vertex 42.44 -81.6421 2.01
      vertex 42.2219 -81.6855 3
      vertex 42.44 -81.6421 3
    endloop
  endfacet
  facet normal -0.195165 0.98077 0
    outer loop
      vertex 42.2219 -81.6855 3
      vertex 42.44 -81.6421 2.01
      vertex 42.2219 -81.6855 2.01
    endloop
  endfacet
  facet normal 0.659268 0.751908 -0
    outer loop
      vertex 40.9651 -81.3487 0
      vertex 40.7979 -81.2021 0.4
      vertex 40.9651 -81.3487 0.4
    endloop
  endfacet
  facet normal 0.659268 0.751908 0
    outer loop
      vertex 40.7979 -81.2021 0.4
      vertex 40.9651 -81.3487 0
      vertex 40.7979 -81.2021 0
    endloop
  endfacet
  facet normal 0.659268 0.751908 -0
    outer loop
      vertex 40.9651 -81.3487 2.01
      vertex 40.7979 -81.2021 3
      vertex 40.9651 -81.3487 3
    endloop
  endfacet
  facet normal 0.659268 0.751908 0
    outer loop
      vertex 40.7979 -81.2021 3
      vertex 40.9651 -81.3487 2.01
      vertex 40.7979 -81.2021 2.01
    endloop
  endfacet
  facet normal -0.0652057 -0.997872 0
    outer loop
      vertex 42 -78.3 0
      vertex 42.2219 -78.3145 0.4
      vertex 42 -78.3 0.4
    endloop
  endfacet
  facet normal -0.0652057 -0.997872 -0
    outer loop
      vertex 42.2219 -78.3145 0.4
      vertex 42 -78.3 0
      vertex 42.2219 -78.3145 0
    endloop
  endfacet
  facet normal -0.0652057 -0.997872 0
    outer loop
      vertex 42 -78.3 2.01
      vertex 42.2219 -78.3145 3
      vertex 42 -78.3 3
    endloop
  endfacet
  facet normal -0.0652057 -0.997872 -0
    outer loop
      vertex 42.2219 -78.3145 3
      vertex 42 -78.3 2.01
      vertex 42.2219 -78.3145 2.01
    endloop
  endfacet
  facet normal -0.44253 -0.896754 0
    outer loop
      vertex 42.6506 -78.4294 2.01
      vertex 42.85 -78.5278 3
      vertex 42.6506 -78.4294 3
    endloop
  endfacet
  facet normal -0.44253 -0.896754 -0
    outer loop
      vertex 42.85 -78.5278 3
      vertex 42.6506 -78.4294 2.01
      vertex 42.85 -78.5278 2.01
    endloop
  endfacet
  facet normal -0.44253 -0.896754 0
    outer loop
      vertex 42.6506 -78.4294 0
      vertex 42.85 -78.5278 0.4
      vertex 42.6506 -78.4294 0.4
    endloop
  endfacet
  facet normal -0.44253 -0.896754 -0
    outer loop
      vertex 42.85 -78.5278 0.4
      vertex 42.6506 -78.4294 0
      vertex 42.85 -78.5278 0
    endloop
  endfacet
  facet normal -0.831566 0.555426 0
    outer loop
      vertex 43.3487 -81.0349 0
      vertex 43.4722 -80.85 0.4
      vertex 43.4722 -80.85 0
    endloop
  endfacet
  facet normal -0.831566 0.555426 0
    outer loop
      vertex 43.4722 -80.85 0.4
      vertex 43.3487 -81.0349 0
      vertex 43.3487 -81.0349 0.4
    endloop
  endfacet
  facet normal -0.831566 0.555426 0
    outer loop
      vertex 43.3487 -81.0349 2.01
      vertex 43.4722 -80.85 3
      vertex 43.4722 -80.85 2.01
    endloop
  endfacet
  facet normal -0.831566 0.555426 0
    outer loop
      vertex 43.4722 -80.85 3
      vertex 43.3487 -81.0349 2.01
      vertex 43.3487 -81.0349 3
    endloop
  endfacet
  facet normal 0.997872 0.0652057 0
    outer loop
      vertex 40.3145 -80.2219 3
      vertex 40.3 -80 2.01
      vertex 40.3 -80 3
    endloop
  endfacet
  facet normal 0.997872 0.0652057 0
    outer loop
      vertex 40.3 -80 2.01
      vertex 40.3145 -80.2219 3
      vertex 40.3145 -80.2219 2.01
    endloop
  endfacet
  facet normal 0.997872 0.0652057 0
    outer loop
      vertex 40.3145 -80.2219 0.4
      vertex 40.3 -80 0
      vertex 40.3 -80 0.4
    endloop
  endfacet
  facet normal 0.997872 0.0652057 0
    outer loop
      vertex 40.3 -80 0
      vertex 40.3145 -80.2219 0.4
      vertex 40.3145 -80.2219 0
    endloop
  endfacet
  facet normal -0.44253 0.896754 0
    outer loop
      vertex 42.85 -81.4722 0
      vertex 42.6506 -81.5706 0.4
      vertex 42.85 -81.4722 0.4
    endloop
  endfacet
  facet normal -0.44253 0.896754 0
    outer loop
      vertex 42.6506 -81.5706 0.4
      vertex 42.85 -81.4722 0
      vertex 42.6506 -81.5706 0
    endloop
  endfacet
  facet normal -0.44253 0.896754 0
    outer loop
      vertex 42.85 -81.4722 2.01
      vertex 42.6506 -81.5706 3
      vertex 42.85 -81.4722 3
    endloop
  endfacet
  facet normal -0.44253 0.896754 0
    outer loop
      vertex 42.6506 -81.5706 3
      vertex 42.85 -81.4722 2.01
      vertex 42.6506 -81.5706 2.01
    endloop
  endfacet
  facet normal 0.98077 -0.195165 0
    outer loop
      vertex 40.3145 -79.7781 3
      vertex 40.3579 -79.56 2.01
      vertex 40.3579 -79.56 3
    endloop
  endfacet
  facet normal 0.98077 -0.195165 0
    outer loop
      vertex 40.3579 -79.56 2.01
      vertex 40.3145 -79.7781 3
      vertex 40.3145 -79.7781 2.01
    endloop
  endfacet
  facet normal 0.98077 -0.195165 0
    outer loop
      vertex 40.3145 -79.7781 0.4
      vertex 40.3579 -79.56 0
      vertex 40.3579 -79.56 0.4
    endloop
  endfacet
  facet normal 0.98077 -0.195165 0
    outer loop
      vertex 40.3579 -79.56 0
      vertex 40.3145 -79.7781 0.4
      vertex 40.3145 -79.7781 0
    endloop
  endfacet
  facet normal 0.896754 0.44253 0
    outer loop
      vertex 40.5278 -80.85 0.4
      vertex 40.4294 -80.6506 0
      vertex 40.4294 -80.6506 0.4
    endloop
  endfacet
  facet normal 0.896754 0.44253 0
    outer loop
      vertex 40.4294 -80.6506 0
      vertex 40.5278 -80.85 0.4
      vertex 40.5278 -80.85 0
    endloop
  endfacet
  facet normal 0.896754 0.44253 0
    outer loop
      vertex 40.5278 -80.85 3
      vertex 40.4294 -80.6506 2.01
      vertex 40.4294 -80.6506 3
    endloop
  endfacet
  facet normal 0.896754 0.44253 0
    outer loop
      vertex 40.4294 -80.6506 2.01
      vertex 40.5278 -80.85 3
      vertex 40.5278 -80.85 2.01
    endloop
  endfacet
  facet normal 0.946915 -0.321484 0
    outer loop
      vertex 40.3579 -79.56 3
      vertex 40.4294 -79.3494 2.01
      vertex 40.4294 -79.3494 3
    endloop
  endfacet
  facet normal 0.946915 -0.321484 0
    outer loop
      vertex 40.4294 -79.3494 2.01
      vertex 40.3579 -79.56 3
      vertex 40.3579 -79.56 2.01
    endloop
  endfacet
  facet normal 0.946915 -0.321484 0
    outer loop
      vertex 40.3579 -79.56 0.4
      vertex 40.4294 -79.3494 0
      vertex 40.4294 -79.3494 0.4
    endloop
  endfacet
  facet normal 0.946915 -0.321484 0
    outer loop
      vertex 40.4294 -79.3494 0
      vertex 40.3579 -79.56 0.4
      vertex 40.3579 -79.56 0
    endloop
  endfacet
  facet normal -0.896754 -0.44253 0
    outer loop
      vertex 43.5706 -79.3494 2.01
      vertex 43.4722 -79.15 3
      vertex 43.4722 -79.15 2.01
    endloop
  endfacet
  facet normal -0.896754 -0.44253 0
    outer loop
      vertex 43.4722 -79.15 3
      vertex 43.5706 -79.3494 2.01
      vertex 43.5706 -79.3494 3
    endloop
  endfacet
  facet normal -0.896754 -0.44253 0
    outer loop
      vertex 43.5706 -79.3494 0
      vertex 43.4722 -79.15 0.4
      vertex 43.4722 -79.15 0
    endloop
  endfacet
  facet normal -0.896754 -0.44253 0
    outer loop
      vertex 43.4722 -79.15 0.4
      vertex 43.5706 -79.3494 0
      vertex 43.5706 -79.3494 0.4
    endloop
  endfacet
  facet normal 0.997872 -0.0652057 0
    outer loop
      vertex 40.3 -80 3
      vertex 40.3145 -79.7781 2.01
      vertex 40.3145 -79.7781 3
    endloop
  endfacet
  facet normal 0.997872 -0.0652057 0
    outer loop
      vertex 40.3145 -79.7781 2.01
      vertex 40.3 -80 3
      vertex 40.3 -80 2.01
    endloop
  endfacet
  facet normal 0.997872 -0.0652057 0
    outer loop
      vertex 40.3 -80 0.4
      vertex 40.3145 -79.7781 0
      vertex 40.3145 -79.7781 0.4
    endloop
  endfacet
  facet normal 0.997872 -0.0652057 0
    outer loop
      vertex 40.3145 -79.7781 0
      vertex 40.3 -80 0.4
      vertex 40.3 -80 0
    endloop
  endfacet
  facet normal 0.321484 0.946915 -0
    outer loop
      vertex 41.56 -81.6421 0
      vertex 41.3494 -81.5706 0.4
      vertex 41.56 -81.6421 0.4
    endloop
  endfacet
  facet normal 0.321484 0.946915 0
    outer loop
      vertex 41.3494 -81.5706 0.4
      vertex 41.56 -81.6421 0
      vertex 41.3494 -81.5706 0
    endloop
  endfacet
  facet normal 0.321484 0.946915 -0
    outer loop
      vertex 41.56 -81.6421 2.01
      vertex 41.3494 -81.5706 3
      vertex 41.56 -81.6421 3
    endloop
  endfacet
  facet normal 0.321484 0.946915 0
    outer loop
      vertex 41.3494 -81.5706 3
      vertex 41.56 -81.6421 2.01
      vertex 41.3494 -81.5706 2.01
    endloop
  endfacet
  facet normal 0.44253 -0.896754 0
    outer loop
      vertex 41.15 -78.5278 0
      vertex 41.3494 -78.4294 0.4
      vertex 41.15 -78.5278 0.4
    endloop
  endfacet
  facet normal 0.44253 -0.896754 0
    outer loop
      vertex 41.3494 -78.4294 0.4
      vertex 41.15 -78.5278 0
      vertex 41.3494 -78.4294 0
    endloop
  endfacet
  facet normal 0.44253 -0.896754 0
    outer loop
      vertex 41.15 -78.5278 2.01
      vertex 41.3494 -78.4294 3
      vertex 41.15 -78.5278 3
    endloop
  endfacet
  facet normal 0.44253 -0.896754 0
    outer loop
      vertex 41.3494 -78.4294 3
      vertex 41.15 -78.5278 2.01
      vertex 41.3494 -78.4294 2.01
    endloop
  endfacet
  facet normal 0.555426 -0.831566 0
    outer loop
      vertex 40.9651 -78.6513 0
      vertex 41.15 -78.5278 0.4
      vertex 40.9651 -78.6513 0.4
    endloop
  endfacet
  facet normal 0.555426 -0.831566 0
    outer loop
      vertex 41.15 -78.5278 0.4
      vertex 40.9651 -78.6513 0
      vertex 41.15 -78.5278 0
    endloop
  endfacet
  facet normal 0.555426 -0.831566 0
    outer loop
      vertex 40.9651 -78.6513 2.01
      vertex 41.15 -78.5278 3
      vertex 40.9651 -78.6513 3
    endloop
  endfacet
  facet normal 0.555426 -0.831566 0
    outer loop
      vertex 41.15 -78.5278 3
      vertex 40.9651 -78.6513 2.01
      vertex 41.15 -78.5278 2.01
    endloop
  endfacet
  facet normal 0.831566 -0.555426 0
    outer loop
      vertex 40.5278 -79.15 0.4
      vertex 40.6513 -78.9651 0
      vertex 40.6513 -78.9651 0.4
    endloop
  endfacet
  facet normal 0.831566 -0.555426 0
    outer loop
      vertex 40.6513 -78.9651 0
      vertex 40.5278 -79.15 0.4
      vertex 40.5278 -79.15 0
    endloop
  endfacet
  facet normal 0.831566 -0.555426 0
    outer loop
      vertex 40.5278 -79.15 3
      vertex 40.6513 -78.9651 2.01
      vertex 40.6513 -78.9651 3
    endloop
  endfacet
  facet normal 0.831566 -0.555426 0
    outer loop
      vertex 40.6513 -78.9651 2.01
      vertex 40.5278 -79.15 3
      vertex 40.5278 -79.15 2.01
    endloop
  endfacet
  facet normal 0.555426 0.831566 -0
    outer loop
      vertex 41.15 -81.4722 0
      vertex 40.9651 -81.3487 0.4
      vertex 41.15 -81.4722 0.4
    endloop
  endfacet
  facet normal 0.555426 0.831566 0
    outer loop
      vertex 40.9651 -81.3487 0.4
      vertex 41.15 -81.4722 0
      vertex 40.9651 -81.3487 0
    endloop
  endfacet
  facet normal 0.555426 0.831566 -0
    outer loop
      vertex 41.15 -81.4722 2.01
      vertex 40.9651 -81.3487 3
      vertex 41.15 -81.4722 3
    endloop
  endfacet
  facet normal 0.555426 0.831566 0
    outer loop
      vertex 40.9651 -81.3487 3
      vertex 41.15 -81.4722 2.01
      vertex 40.9651 -81.3487 2.01
    endloop
  endfacet
  facet normal 0.235452 0.693514 0.680883
    outer loop
      vertex 41.56 -81.6421 0.4
      vertex 41.3494 -81.5706 0.4
      vertex 40.7754 -82.9564 2.01
    endloop
  endfacet
  facet normal 0.142939 -0.71832 0.68087
    outer loop
      vertex 41.7781 -78.3145 0.4
      vertex 41.5823 -76.8274 2.01
      vertex 41.56 -78.3579 0.4
    endloop
  endfacet
  facet normal 0.406986 0.608905 0.68088
    outer loop
      vertex 40.4 -82.7713 2.01
      vertex 40.9651 -81.3487 0.4
      vertex 40.052 -82.5387 2.01
    endloop
  endfacet
  facet normal -0.730818 -0.0479397 0.680887
    outer loop
      vertex 45.2 -80 2.01
      vertex 45.1726 -79.5823 2.01
      vertex 43.7 -80 0.4
    endloop
  endfacet
  facet normal -0.730849 -0.0477571 0.680867
    outer loop
      vertex 43.7 -80 0.4
      vertex 45.1726 -79.5823 2.01
      vertex 43.6855 -79.7781 0.4
    endloop
  endfacet
  facet normal -0.323891 0.656882 0.680882
    outer loop
      vertex 43.2246 -82.9564 2.01
      vertex 43.6 -82.7713 2.01
      vertex 42.6506 -81.5706 0.4
    endloop
  endfacet
  facet normal -0.608905 0.406986 0.68088
    outer loop
      vertex 44.5387 -81.948 2.01
      vertex 44.7713 -81.6 2.01
      vertex 43.3487 -81.0349 0.4
    endloop
  endfacet
  facet normal -0.0477571 -0.730849 0.680867
    outer loop
      vertex 42.2219 -78.3145 0.4
      vertex 42.4177 -76.8274 2.01
      vertex 42 -78.3 0.4
    endloop
  endfacet
  facet normal 0.693514 -0.235452 0.680883
    outer loop
      vertex 40.3579 -79.56 0.4
      vertex 40.4294 -79.3494 0.4
      vertex 39.0436 -78.7754 2.01
    endloop
  endfacet
  facet normal -0.718335 0.142792 0.680886
    outer loop
      vertex 45.091 -80.8282 2.01
      vertex 45.1726 -80.4177 2.01
      vertex 43.6421 -80.44 0.4
    endloop
  endfacet
  facet normal -0.142792 0.718335 0.680886
    outer loop
      vertex 42.8282 -83.091 2.01
      vertex 42.44 -81.6421 0.4
      vertex 42.4177 -83.1726 2.01
    endloop
  endfacet
  facet normal -0.235482 0.6935 0.680886
    outer loop
      vertex 42.8282 -83.091 2.01
      vertex 43.2246 -82.9564 2.01
      vertex 42.44 -81.6421 0.4
    endloop
  endfacet
  facet normal -0.0477571 0.730849 0.680867
    outer loop
      vertex 42.4177 -83.1726 2.01
      vertex 42.2219 -81.6855 0.4
      vertex 42 -81.7 0.4
    endloop
  endfacet
  facet normal -0.550634 0.48292 0.680875
    outer loop
      vertex 44.2627 -82.2627 2.01
      vertex 44.5387 -81.948 2.01
      vertex 43.3487 -81.0349 0.4
    endloop
  endfacet
  facet normal 0.142792 -0.718335 0.680886
    outer loop
      vertex 41.56 -78.3579 0.4
      vertex 41.5823 -76.8274 2.01
      vertex 41.1718 -76.909 2.01
    endloop
  endfacet
  facet normal -0.406779 -0.609016 0.680905
    outer loop
      vertex 43.0349 -78.6513 0.4
      vertex 43.6 -77.2287 2.01
      vertex 42.85 -78.5278 0.4
    endloop
  endfacet
  facet normal -0.6935 -0.235482 0.680886
    outer loop
      vertex 45.091 -79.1718 2.01
      vertex 44.9564 -78.7754 2.01
      vertex 43.6421 -79.56 0.4
    endloop
  endfacet
  facet normal -0.693514 0.235452 0.680883
    outer loop
      vertex 44.9564 -81.2246 2.01
      vertex 43.6421 -80.44 0.4
      vertex 43.5706 -80.6506 0.4
    endloop
  endfacet
  facet normal 0.324096 0.656755 0.680908
    outer loop
      vertex 41.3494 -81.5706 0.4
      vertex 41.15 -81.4722 0.4
      vertex 40.4 -82.7713 2.01
    endloop
  endfacet
  facet normal 0.550634 -0.48292 0.680875
    outer loop
      vertex 40.6513 -78.9651 0.4
      vertex 39.7373 -77.7373 2.01
      vertex 39.4613 -78.052 2.01
    endloop
  endfacet
  facet normal 0.608905 -0.406986 0.68088
    outer loop
      vertex 40.6513 -78.9651 0.4
      vertex 39.4613 -78.052 2.01
      vertex 39.2287 -78.4 2.01
    endloop
  endfacet
  facet normal 0.235482 0.6935 0.680886
    outer loop
      vertex 41.1718 -83.091 2.01
      vertex 41.56 -81.6421 0.4
      vertex 40.7754 -82.9564 2.01
    endloop
  endfacet
  facet normal 0.323891 0.656882 0.680882
    outer loop
      vertex 40.7754 -82.9564 2.01
      vertex 41.3494 -81.5706 0.4
      vertex 40.4 -82.7713 2.01
    endloop
  endfacet
  facet normal 0.730818 -0.0479397 0.680887
    outer loop
      vertex 40.3 -80 0.4
      vertex 38.8274 -79.5823 2.01
      vertex 38.8 -80 2.01
    endloop
  endfacet
  facet normal 0.48292 0.550634 0.680875
    outer loop
      vertex 40.052 -82.5387 2.01
      vertex 40.9651 -81.3487 0.4
      vertex 39.7373 -82.2627 2.01
    endloop
  endfacet
  facet normal -0.0479397 0.730818 0.680887
    outer loop
      vertex 42.4177 -83.1726 2.01
      vertex 42 -81.7 0.4
      vertex 42 -83.2 2.01
    endloop
  endfacet
  facet normal -0.235452 0.693514 0.680883
    outer loop
      vertex 43.2246 -82.9564 2.01
      vertex 42.6506 -81.5706 0.4
      vertex 42.44 -81.6421 0.4
    endloop
  endfacet
  facet normal -0.656882 -0.323891 0.680882
    outer loop
      vertex 44.9564 -78.7754 2.01
      vertex 44.7713 -78.4 2.01
      vertex 43.5706 -79.3494 0.4
    endloop
  endfacet
  facet normal 0.550704 0.482854 0.680865
    outer loop
      vertex 40.7979 -81.2021 0.4
      vertex 40.6513 -81.0349 0.4
      vertex 39.7373 -82.2627 2.01
    endloop
  endfacet
  facet normal 0.656882 0.323891 0.680882
    outer loop
      vertex 39.2287 -81.6 2.01
      vertex 40.4294 -80.6506 0.4
      vertex 39.0436 -81.2246 2.01
    endloop
  endfacet
  facet normal -0.730849 0.0477571 0.680867
    outer loop
      vertex 45.1726 -80.4177 2.01
      vertex 43.7 -80 0.4
      vertex 43.6855 -80.2219 0.4
    endloop
  endfacet
  facet normal -0.6935 0.235482 0.680886
    outer loop
      vertex 44.9564 -81.2246 2.01
      vertex 45.091 -80.8282 2.01
      vertex 43.6421 -80.44 0.4
    endloop
  endfacet
  facet normal -0.730818 0.0479397 0.680887
    outer loop
      vertex 45.1726 -80.4177 2.01
      vertex 45.2 -80 2.01
      vertex 43.7 -80 0.4
    endloop
  endfacet
  facet normal -0.71832 0.142939 0.68087
    outer loop
      vertex 45.1726 -80.4177 2.01
      vertex 43.6855 -80.2219 0.4
      vertex 43.6421 -80.44 0.4
    endloop
  endfacet
  facet normal 0.718335 0.142792 0.680886
    outer loop
      vertex 38.909 -80.8282 2.01
      vertex 40.3579 -80.44 0.4
      vertex 38.8274 -80.4177 2.01
    endloop
  endfacet
  facet normal 0.730818 0.0479397 0.680887
    outer loop
      vertex 38.8274 -80.4177 2.01
      vertex 40.3 -80 0.4
      vertex 38.8 -80 2.01
    endloop
  endfacet
  facet normal 0.0479397 0.730818 0.680887
    outer loop
      vertex 42 -83.2 2.01
      vertex 42 -81.7 0.4
      vertex 41.5823 -83.1726 2.01
    endloop
  endfacet
  facet normal 0.482854 -0.550704 0.680865
    outer loop
      vertex 40.7979 -78.7979 0.4
      vertex 40.9651 -78.6513 0.4
      vertex 39.7373 -77.7373 2.01
    endloop
  endfacet
  facet normal -0.324096 -0.656755 0.680908
    outer loop
      vertex 42.85 -78.5278 0.4
      vertex 43.6 -77.2287 2.01
      vertex 42.6506 -78.4294 0.4
    endloop
  endfacet
  facet normal -0.406986 0.608905 0.68088
    outer loop
      vertex 43.6 -82.7713 2.01
      vertex 43.948 -82.5387 2.01
      vertex 43.0349 -81.3487 0.4
    endloop
  endfacet
  facet normal -0.609016 0.406779 0.680905
    outer loop
      vertex 44.7713 -81.6 2.01
      vertex 43.4722 -80.85 0.4
      vertex 43.3487 -81.0349 0.4
    endloop
  endfacet
  facet normal -0.482854 0.550704 0.680865
    outer loop
      vertex 44.2627 -82.2627 2.01
      vertex 43.2021 -81.2021 0.4
      vertex 43.0349 -81.3487 0.4
    endloop
  endfacet
  facet normal 0.71832 0.142939 0.68087
    outer loop
      vertex 40.3579 -80.44 0.4
      vertex 40.3145 -80.2219 0.4
      vertex 38.8274 -80.4177 2.01
    endloop
  endfacet
  facet normal 0.656755 0.324096 0.680908
    outer loop
      vertex 40.5278 -80.85 0.4
      vertex 40.4294 -80.6506 0.4
      vertex 39.2287 -81.6 2.01
    endloop
  endfacet
  facet normal 0.656755 -0.324096 0.680908
    outer loop
      vertex 40.4294 -79.3494 0.4
      vertex 40.5278 -79.15 0.4
      vertex 39.2287 -78.4 2.01
    endloop
  endfacet
  facet normal 0 0 -1
    outer loop
      vertex 43.7 -80 2.01
      vertex 45.2 -80 2.01
      vertex 45.1726 -80.4177 2.01
    endloop
  endfacet
  facet normal 0 0 -1
    outer loop
      vertex 43.6855 -80.2219 2.01
      vertex 45.1726 -80.4177 2.01
      vertex 45.091 -80.8282 2.01
    endloop
  endfacet
  facet normal 0 0 -1
    outer loop
      vertex 45.2 -80 2.01
      vertex 43.7 -80 2.01
      vertex 45.1726 -79.5823 2.01
    endloop
  endfacet
  facet normal 0 0 -1
    outer loop
      vertex 43.6421 -80.44 2.01
      vertex 45.091 -80.8282 2.01
      vertex 44.9564 -81.2246 2.01
    endloop
  endfacet
  facet normal 0 0 -1
    outer loop
      vertex 43.6855 -79.7781 2.01
      vertex 45.1726 -79.5823 2.01
      vertex 43.7 -80 2.01
    endloop
  endfacet
  facet normal 0 0 -1
    outer loop
      vertex 43.5706 -80.6506 2.01
      vertex 44.9564 -81.2246 2.01
      vertex 44.7713 -81.6 2.01
    endloop
  endfacet
  facet normal -0 0 -1
    outer loop
      vertex 45.1726 -79.5823 2.01
      vertex 43.6855 -79.7781 2.01
      vertex 45.091 -79.1718 2.01
    endloop
  endfacet
  facet normal 0 0 -1
    outer loop
      vertex 43.4722 -80.85 2.01
      vertex 44.7713 -81.6 2.01
      vertex 44.5387 -81.948 2.01
    endloop
  endfacet
  facet normal 0 0 -1
    outer loop
      vertex 43.6421 -79.56 2.01
      vertex 45.091 -79.1718 2.01
      vertex 43.6855 -79.7781 2.01
    endloop
  endfacet
  facet normal 0 0 -1
    outer loop
      vertex 43.3487 -81.0349 2.01
      vertex 44.5387 -81.948 2.01
      vertex 44.2627 -82.2627 2.01
    endloop
  endfacet
  facet normal -0 0 -1
    outer loop
      vertex 45.091 -79.1718 2.01
      vertex 43.6421 -79.56 2.01
      vertex 44.9564 -78.7754 2.01
    endloop
  endfacet
  facet normal 0 0 -1
    outer loop
      vertex 43.2021 -81.2021 2.01
      vertex 44.2627 -82.2627 2.01
      vertex 43.948 -82.5387 2.01
    endloop
  endfacet
  facet normal 0 0 -1
    outer loop
      vertex 43.5706 -79.3494 2.01
      vertex 44.9564 -78.7754 2.01
      vertex 43.6421 -79.56 2.01
    endloop
  endfacet
  facet normal -0 0 -1
    outer loop
      vertex 44.9564 -78.7754 2.01
      vertex 43.5706 -79.3494 2.01
      vertex 44.7713 -78.4 2.01
    endloop
  endfacet
  facet normal 0 0 -1
    outer loop
      vertex 45.1726 -80.4177 2.01
      vertex 43.6855 -80.2219 2.01
      vertex 43.7 -80 2.01
    endloop
  endfacet
  facet normal 0 0 -1
    outer loop
      vertex 45.091 -80.8282 2.01
      vertex 43.6421 -80.44 2.01
      vertex 43.6855 -80.2219 2.01
    endloop
  endfacet
  facet normal 0 0 -1
    outer loop
      vertex 43.0349 -81.3487 2.01
      vertex 43.948 -82.5387 2.01
      vertex 43.6 -82.7713 2.01
    endloop
  endfacet
  facet normal 0 0 -1
    outer loop
      vertex 44.9564 -81.2246 2.01
      vertex 43.5706 -80.6506 2.01
      vertex 43.6421 -80.44 2.01
    endloop
  endfacet
  facet normal 0 0 -1
    outer loop
      vertex 44.7713 -81.6 2.01
      vertex 43.4722 -80.85 2.01
      vertex 43.5706 -80.6506 2.01
    endloop
  endfacet
  facet normal 0 0 -1
    outer loop
      vertex 44.5387 -81.948 2.01
      vertex 43.3487 -81.0349 2.01
      vertex 43.4722 -80.85 2.01
    endloop
  endfacet
  facet normal 0 0 -1
    outer loop
      vertex 42.85 -81.4722 2.01
      vertex 43.6 -82.7713 2.01
      vertex 43.2246 -82.9564 2.01
    endloop
  endfacet
  facet normal 0 0 -1
    outer loop
      vertex 44.2627 -82.2627 2.01
      vertex 43.2021 -81.2021 2.01
      vertex 43.3487 -81.0349 2.01
    endloop
  endfacet
  facet normal 0 0 -1
    outer loop
      vertex 43.948 -82.5387 2.01
      vertex 43.0349 -81.3487 2.01
      vertex 43.2021 -81.2021 2.01
    endloop
  endfacet
  facet normal 0 0 -1
    outer loop
      vertex 43.6 -82.7713 2.01
      vertex 42.85 -81.4722 2.01
      vertex 43.0349 -81.3487 2.01
    endloop
  endfacet
  facet normal 0 0 -1
    outer loop
      vertex 42.6506 -81.5706 2.01
      vertex 43.2246 -82.9564 2.01
      vertex 42.8282 -83.091 2.01
    endloop
  endfacet
  facet normal 0 0 -1
    outer loop
      vertex 43.2246 -82.9564 2.01
      vertex 42.6506 -81.5706 2.01
      vertex 42.85 -81.4722 2.01
    endloop
  endfacet
  facet normal 0 0 -1
    outer loop
      vertex 42.8282 -83.091 2.01
      vertex 42.44 -81.6421 2.01
      vertex 42.6506 -81.5706 2.01
    endloop
  endfacet
  facet normal 0 0 -1
    outer loop
      vertex 42.4177 -83.1726 2.01
      vertex 42.44 -81.6421 2.01
      vertex 42.8282 -83.091 2.01
    endloop
  endfacet
  facet normal 0 0 -1
    outer loop
      vertex 42.4177 -83.1726 2.01
      vertex 42.2219 -81.6855 2.01
      vertex 42.44 -81.6421 2.01
    endloop
  endfacet
  facet normal 0 0 -1
    outer loop
      vertex 42 -83.2 2.01
      vertex 42.2219 -81.6855 2.01
      vertex 42.4177 -83.1726 2.01
    endloop
  endfacet
  facet normal 0 0 -1
    outer loop
      vertex 42 -83.2 2.01
      vertex 42 -81.7 2.01
      vertex 42.2219 -81.6855 2.01
    endloop
  endfacet
  facet normal 0 0 -1
    outer loop
      vertex 42 -83.2 2.01
      vertex 41.7781 -81.6855 2.01
      vertex 42 -81.7 2.01
    endloop
  endfacet
  facet normal 0 0 -1
    outer loop
      vertex 41.5823 -83.1726 2.01
      vertex 41.7781 -81.6855 2.01
      vertex 42 -83.2 2.01
    endloop
  endfacet
  facet normal 0 0 -1
    outer loop
      vertex 41.5823 -83.1726 2.01
      vertex 41.56 -81.6421 2.01
      vertex 41.7781 -81.6855 2.01
    endloop
  endfacet
  facet normal 0 0 -1
    outer loop
      vertex 41.1718 -83.091 2.01
      vertex 41.56 -81.6421 2.01
      vertex 41.5823 -83.1726 2.01
    endloop
  endfacet
  facet normal -0 0 -1
    outer loop
      vertex 41.56 -81.6421 2.01
      vertex 41.1718 -83.091 2.01
      vertex 41.3494 -81.5706 2.01
    endloop
  endfacet
  facet normal 0 0 -1
    outer loop
      vertex 40.7754 -82.9564 2.01
      vertex 41.3494 -81.5706 2.01
      vertex 41.1718 -83.091 2.01
    endloop
  endfacet
  facet normal -0 0 -1
    outer loop
      vertex 41.3494 -81.5706 2.01
      vertex 40.7754 -82.9564 2.01
      vertex 41.15 -81.4722 2.01
    endloop
  endfacet
  facet normal 0 0 -1
    outer loop
      vertex 40.4 -82.7713 2.01
      vertex 41.15 -81.4722 2.01
      vertex 40.7754 -82.9564 2.01
    endloop
  endfacet
  facet normal -0 0 -1
    outer loop
      vertex 41.15 -81.4722 2.01
      vertex 40.4 -82.7713 2.01
      vertex 40.9651 -81.3487 2.01
    endloop
  endfacet
  facet normal 0 0 -1
    outer loop
      vertex 40.052 -82.5387 2.01
      vertex 40.9651 -81.3487 2.01
      vertex 40.4 -82.7713 2.01
    endloop
  endfacet
  facet normal -0 0 -1
    outer loop
      vertex 40.9651 -81.3487 2.01
      vertex 40.052 -82.5387 2.01
      vertex 40.7979 -81.2021 2.01
    endloop
  endfacet
  facet normal 0 0 -1
    outer loop
      vertex 39.7373 -82.2627 2.01
      vertex 40.7979 -81.2021 2.01
      vertex 40.052 -82.5387 2.01
    endloop
  endfacet
  facet normal -0 0 -1
    outer loop
      vertex 40.7979 -81.2021 2.01
      vertex 39.7373 -82.2627 2.01
      vertex 40.6513 -81.0349 2.01
    endloop
  endfacet
  facet normal 0 0 -1
    outer loop
      vertex 39.4613 -81.948 2.01
      vertex 40.6513 -81.0349 2.01
      vertex 39.7373 -82.2627 2.01
    endloop
  endfacet
  facet normal -0 0 -1
    outer loop
      vertex 40.6513 -81.0349 2.01
      vertex 39.4613 -81.948 2.01
      vertex 40.5278 -80.85 2.01
    endloop
  endfacet
  facet normal 0 0 -1
    outer loop
      vertex 39.2287 -81.6 2.01
      vertex 40.5278 -80.85 2.01
      vertex 39.4613 -81.948 2.01
    endloop
  endfacet
  facet normal -0 0 -1
    outer loop
      vertex 40.5278 -80.85 2.01
      vertex 39.2287 -81.6 2.01
      vertex 40.4294 -80.6506 2.01
    endloop
  endfacet
  facet normal 0 0 -1
    outer loop
      vertex 43.4722 -79.15 2.01
      vertex 44.7713 -78.4 2.01
      vertex 43.5706 -79.3494 2.01
    endloop
  endfacet
  facet normal -0 0 -1
    outer loop
      vertex 44.7713 -78.4 2.01
      vertex 43.4722 -79.15 2.01
      vertex 44.5387 -78.052 2.01
    endloop
  endfacet
  facet normal 0 0 -1
    outer loop
      vertex 43.3487 -78.9651 2.01
      vertex 44.5387 -78.052 2.01
      vertex 43.4722 -79.15 2.01
    endloop
  endfacet
  facet normal -0 0 -1
    outer loop
      vertex 44.5387 -78.052 2.01
      vertex 43.3487 -78.9651 2.01
      vertex 44.2627 -77.7373 2.01
    endloop
  endfacet
  facet normal 0 0 -1
    outer loop
      vertex 43.2021 -78.7979 2.01
      vertex 44.2627 -77.7373 2.01
      vertex 43.3487 -78.9651 2.01
    endloop
  endfacet
  facet normal -0 0 -1
    outer loop
      vertex 44.2627 -77.7373 2.01
      vertex 43.2021 -78.7979 2.01
      vertex 43.948 -77.4613 2.01
    endloop
  endfacet
  facet normal 0 0 -1
    outer loop
      vertex 43.0349 -78.6513 2.01
      vertex 43.948 -77.4613 2.01
      vertex 43.2021 -78.7979 2.01
    endloop
  endfacet
  facet normal -0 0 -1
    outer loop
      vertex 43.948 -77.4613 2.01
      vertex 43.0349 -78.6513 2.01
      vertex 43.6 -77.2287 2.01
    endloop
  endfacet
  facet normal 0 0 -1
    outer loop
      vertex 42.85 -78.5278 2.01
      vertex 43.6 -77.2287 2.01
      vertex 43.0349 -78.6513 2.01
    endloop
  endfacet
  facet normal -0 0 -1
    outer loop
      vertex 43.6 -77.2287 2.01
      vertex 42.85 -78.5278 2.01
      vertex 43.2246 -77.0436 2.01
    endloop
  endfacet
  facet normal 0 0 -1
    outer loop
      vertex 42.6506 -78.4294 2.01
      vertex 43.2246 -77.0436 2.01
      vertex 42.85 -78.5278 2.01
    endloop
  endfacet
  facet normal -0 0 -1
    outer loop
      vertex 43.2246 -77.0436 2.01
      vertex 42.6506 -78.4294 2.01
      vertex 42.8282 -76.909 2.01
    endloop
  endfacet
  facet normal 0 0 -1
    outer loop
      vertex 42.44 -78.3579 2.01
      vertex 42.8282 -76.909 2.01
      vertex 42.6506 -78.4294 2.01
    endloop
  endfacet
  facet normal 0 0 -1
    outer loop
      vertex 42.44 -78.3579 2.01
      vertex 42.4177 -76.8274 2.01
      vertex 42.8282 -76.909 2.01
    endloop
  endfacet
  facet normal 0 0 -1
    outer loop
      vertex 42.2219 -78.3145 2.01
      vertex 42.4177 -76.8274 2.01
      vertex 42.44 -78.3579 2.01
    endloop
  endfacet
  facet normal 0 0 -1
    outer loop
      vertex 42 -78.3 2.01
      vertex 42.4177 -76.8274 2.01
      vertex 42.2219 -78.3145 2.01
    endloop
  endfacet
  facet normal 0 0 -1
    outer loop
      vertex 42 -78.3 2.01
      vertex 42 -76.8 2.01
      vertex 42.4177 -76.8274 2.01
    endloop
  endfacet
  facet normal 0 0 -1
    outer loop
      vertex 41.7781 -78.3145 2.01
      vertex 42 -76.8 2.01
      vertex 42 -78.3 2.01
    endloop
  endfacet
  facet normal 0 0 -1
    outer loop
      vertex 41.7781 -78.3145 2.01
      vertex 41.5823 -76.8274 2.01
      vertex 42 -76.8 2.01
    endloop
  endfacet
  facet normal 0 0 -1
    outer loop
      vertex 41.56 -78.3579 2.01
      vertex 41.5823 -76.8274 2.01
      vertex 41.7781 -78.3145 2.01
    endloop
  endfacet
  facet normal 0 0 -1
    outer loop
      vertex 41.1718 -76.909 2.01
      vertex 41.56 -78.3579 2.01
      vertex 41.3494 -78.4294 2.01
    endloop
  endfacet
  facet normal 0 0 -1
    outer loop
      vertex 41.56 -78.3579 2.01
      vertex 41.1718 -76.909 2.01
      vertex 41.5823 -76.8274 2.01
    endloop
  endfacet
  facet normal 0 0 -1
    outer loop
      vertex 40.7754 -77.0436 2.01
      vertex 41.3494 -78.4294 2.01
      vertex 41.15 -78.5278 2.01
    endloop
  endfacet
  facet normal 0 0 -1
    outer loop
      vertex 40.4 -77.2287 2.01
      vertex 41.15 -78.5278 2.01
      vertex 40.9651 -78.6513 2.01
    endloop
  endfacet
  facet normal 0 0 -1
    outer loop
      vertex 40.052 -77.4613 2.01
      vertex 40.9651 -78.6513 2.01
      vertex 40.7979 -78.7979 2.01
    endloop
  endfacet
  facet normal 0 0 -1
    outer loop
      vertex 41.3494 -78.4294 2.01
      vertex 40.7754 -77.0436 2.01
      vertex 41.1718 -76.909 2.01
    endloop
  endfacet
  facet normal 0 0 -1
    outer loop
      vertex 39.7373 -77.7373 2.01
      vertex 40.7979 -78.7979 2.01
      vertex 40.6513 -78.9651 2.01
    endloop
  endfacet
  facet normal 0 0 -1
    outer loop
      vertex 39.4613 -78.052 2.01
      vertex 40.6513 -78.9651 2.01
      vertex 40.5278 -79.15 2.01
    endloop
  endfacet
  facet normal 0 0 -1
    outer loop
      vertex 39.2287 -78.4 2.01
      vertex 40.5278 -79.15 2.01
      vertex 40.4294 -79.3494 2.01
    endloop
  endfacet
  facet normal 0 0 -1
    outer loop
      vertex 41.15 -78.5278 2.01
      vertex 40.4 -77.2287 2.01
      vertex 40.7754 -77.0436 2.01
    endloop
  endfacet
  facet normal 0 0 -1
    outer loop
      vertex 39.0436 -78.7754 2.01
      vertex 40.4294 -79.3494 2.01
      vertex 40.3579 -79.56 2.01
    endloop
  endfacet
  facet normal 0 0 -1
    outer loop
      vertex 38.909 -79.1718 2.01
      vertex 40.3579 -79.56 2.01
      vertex 40.3145 -79.7781 2.01
    endloop
  endfacet
  facet normal 0 0 -1
    outer loop
      vertex 38.8274 -79.5823 2.01
      vertex 40.3145 -79.7781 2.01
      vertex 40.3 -80 2.01
    endloop
  endfacet
  facet normal 0 0 -1
    outer loop
      vertex 39.0436 -81.2246 2.01
      vertex 40.4294 -80.6506 2.01
      vertex 39.2287 -81.6 2.01
    endloop
  endfacet
  facet normal 0 0 -1
    outer loop
      vertex 40.9651 -78.6513 2.01
      vertex 40.052 -77.4613 2.01
      vertex 40.4 -77.2287 2.01
    endloop
  endfacet
  facet normal -0 0 -1
    outer loop
      vertex 40.4294 -80.6506 2.01
      vertex 39.0436 -81.2246 2.01
      vertex 40.3579 -80.44 2.01
    endloop
  endfacet
  facet normal 0 0 -1
    outer loop
      vertex 40.7979 -78.7979 2.01
      vertex 39.7373 -77.7373 2.01
      vertex 40.052 -77.4613 2.01
    endloop
  endfacet
  facet normal 0 0 -1
    outer loop
      vertex 38.909 -80.8282 2.01
      vertex 40.3579 -80.44 2.01
      vertex 39.0436 -81.2246 2.01
    endloop
  endfacet
  facet normal 0 0 -1
    outer loop
      vertex 40.6513 -78.9651 2.01
      vertex 39.4613 -78.052 2.01
      vertex 39.7373 -77.7373 2.01
    endloop
  endfacet
  facet normal -0 0 -1
    outer loop
      vertex 40.3579 -80.44 2.01
      vertex 38.909 -80.8282 2.01
      vertex 40.3145 -80.2219 2.01
    endloop
  endfacet
  facet normal 0 0 -1
    outer loop
      vertex 40.5278 -79.15 2.01
      vertex 39.2287 -78.4 2.01
      vertex 39.4613 -78.052 2.01
    endloop
  endfacet
  facet normal 0 0 -1
    outer loop
      vertex 38.8274 -80.4177 2.01
      vertex 40.3145 -80.2219 2.01
      vertex 38.909 -80.8282 2.01
    endloop
  endfacet
  facet normal 0 0 -1
    outer loop
      vertex 40.4294 -79.3494 2.01
      vertex 39.0436 -78.7754 2.01
      vertex 39.2287 -78.4 2.01
    endloop
  endfacet
  facet normal -0 0 -1
    outer loop
      vertex 40.3145 -80.2219 2.01
      vertex 38.8274 -80.4177 2.01
      vertex 40.3 -80 2.01
    endloop
  endfacet
  facet normal 0 0 -1
    outer loop
      vertex 40.3579 -79.56 2.01
      vertex 38.909 -79.1718 2.01
      vertex 39.0436 -78.7754 2.01
    endloop
  endfacet
  facet normal 0 0 -1
    outer loop
      vertex 38.8 -80 2.01
      vertex 40.3 -80 2.01
      vertex 38.8274 -80.4177 2.01
    endloop
  endfacet
  facet normal 0 0 -1
    outer loop
      vertex 40.3145 -79.7781 2.01
      vertex 38.8274 -79.5823 2.01
      vertex 38.909 -79.1718 2.01
    endloop
  endfacet
  facet normal 0 0 -1
    outer loop
      vertex 40.3 -80 2.01
      vertex 38.8 -80 2.01
      vertex 38.8274 -79.5823 2.01
    endloop
  endfacet
  facet normal 0.608905 0.406986 0.68088
    outer loop
      vertex 39.4613 -81.948 2.01
      vertex 40.6513 -81.0349 0.4
      vertex 39.2287 -81.6 2.01
    endloop
  endfacet
  facet normal 0.48292 -0.550634 0.680875
    outer loop
      vertex 40.9651 -78.6513 0.4
      vertex 40.052 -77.4613 2.01
      vertex 39.7373 -77.7373 2.01
    endloop
  endfacet
  facet normal -0.323891 -0.656882 0.680882
    outer loop
      vertex 43.6 -77.2287 2.01
      vertex 43.2246 -77.0436 2.01
      vertex 42.6506 -78.4294 0.4
    endloop
  endfacet
  facet normal 0.550634 0.48292 0.680875
    outer loop
      vertex 39.7373 -82.2627 2.01
      vertex 40.6513 -81.0349 0.4
      vertex 39.4613 -81.948 2.01
    endloop
  endfacet
  facet normal -0.550704 0.482854 0.680865
    outer loop
      vertex 44.2627 -82.2627 2.01
      vertex 43.3487 -81.0349 0.4
      vertex 43.2021 -81.2021 0.4
    endloop
  endfacet
  facet normal -0.656755 0.324096 0.680908
    outer loop
      vertex 44.7713 -81.6 2.01
      vertex 43.5706 -80.6506 0.4
      vertex 43.4722 -80.85 0.4
    endloop
  endfacet
  facet normal -0.142939 0.71832 0.68087
    outer loop
      vertex 42.4177 -83.1726 2.01
      vertex 42.44 -81.6421 0.4
      vertex 42.2219 -81.6855 0.4
    endloop
  endfacet
  facet normal 0.609016 -0.406779 0.680905
    outer loop
      vertex 40.5278 -79.15 0.4
      vertex 40.6513 -78.9651 0.4
      vertex 39.2287 -78.4 2.01
    endloop
  endfacet
  facet normal -0.324096 0.656755 0.680908
    outer loop
      vertex 43.6 -82.7713 2.01
      vertex 42.85 -81.4722 0.4
      vertex 42.6506 -81.5706 0.4
    endloop
  endfacet
  facet normal 0.406779 0.609016 0.680905
    outer loop
      vertex 41.15 -81.4722 0.4
      vertex 40.9651 -81.3487 0.4
      vertex 40.4 -82.7713 2.01
    endloop
  endfacet
  facet normal 0.0477571 0.730849 0.680867
    outer loop
      vertex 42 -81.7 0.4
      vertex 41.7781 -81.6855 0.4
      vertex 41.5823 -83.1726 2.01
    endloop
  endfacet
  facet normal 0.142939 0.71832 0.68087
    outer loop
      vertex 41.5823 -83.1726 2.01
      vertex 41.7781 -81.6855 0.4
      vertex 41.56 -81.6421 0.4
    endloop
  endfacet
  facet normal 0.482854 0.550704 0.680865
    outer loop
      vertex 40.9651 -81.3487 0.4
      vertex 40.7979 -81.2021 0.4
      vertex 39.7373 -82.2627 2.01
    endloop
  endfacet
  facet normal 0.142792 0.718335 0.680886
    outer loop
      vertex 41.5823 -83.1726 2.01
      vertex 41.56 -81.6421 0.4
      vertex 41.1718 -83.091 2.01
    endloop
  endfacet
  facet normal 0.406986 -0.608905 0.68088
    outer loop
      vertex 40.9651 -78.6513 0.4
      vertex 40.4 -77.2287 2.01
      vertex 40.052 -77.4613 2.01
    endloop
  endfacet
  facet normal 0.6935 -0.235482 0.680886
    outer loop
      vertex 40.3579 -79.56 0.4
      vertex 39.0436 -78.7754 2.01
      vertex 38.909 -79.1718 2.01
    endloop
  endfacet
  facet normal -0.406986 -0.608905 0.68088
    outer loop
      vertex 43.948 -77.4613 2.01
      vertex 43.6 -77.2287 2.01
      vertex 43.0349 -78.6513 0.4
    endloop
  endfacet
  facet normal -0.48292 -0.550634 0.680875
    outer loop
      vertex 44.2627 -77.7373 2.01
      vertex 43.948 -77.4613 2.01
      vertex 43.0349 -78.6513 0.4
    endloop
  endfacet
  facet normal -0.550634 -0.48292 0.680875
    outer loop
      vertex 44.5387 -78.052 2.01
      vertex 44.2627 -77.7373 2.01
      vertex 43.3487 -78.9651 0.4
    endloop
  endfacet
  facet normal -0.656755 -0.324096 0.680908
    outer loop
      vertex 43.5706 -79.3494 0.4
      vertex 44.7713 -78.4 2.01
      vertex 43.4722 -79.15 0.4
    endloop
  endfacet
  facet normal -0.48292 0.550634 0.680875
    outer loop
      vertex 43.948 -82.5387 2.01
      vertex 44.2627 -82.2627 2.01
      vertex 43.0349 -81.3487 0.4
    endloop
  endfacet
  facet normal -0.656882 0.323891 0.680882
    outer loop
      vertex 44.7713 -81.6 2.01
      vertex 44.9564 -81.2246 2.01
      vertex 43.5706 -80.6506 0.4
    endloop
  endfacet
  facet normal -0.235452 -0.693514 0.680883
    outer loop
      vertex 42.6506 -78.4294 0.4
      vertex 43.2246 -77.0436 2.01
      vertex 42.44 -78.3579 0.4
    endloop
  endfacet
  facet normal -0.142792 -0.718335 0.680886
    outer loop
      vertex 42.44 -78.3579 0.4
      vertex 42.8282 -76.909 2.01
      vertex 42.4177 -76.8274 2.01
    endloop
  endfacet
  facet normal 0.235452 -0.693514 0.680883
    outer loop
      vertex 41.3494 -78.4294 0.4
      vertex 41.56 -78.3579 0.4
      vertex 40.7754 -77.0436 2.01
    endloop
  endfacet
  facet normal 0.550704 -0.482854 0.680865
    outer loop
      vertex 40.6513 -78.9651 0.4
      vertex 40.7979 -78.7979 0.4
      vertex 39.7373 -77.7373 2.01
    endloop
  endfacet
  facet normal 0.609016 0.406779 0.680905
    outer loop
      vertex 40.6513 -81.0349 0.4
      vertex 40.5278 -80.85 0.4
      vertex 39.2287 -81.6 2.01
    endloop
  endfacet
  facet normal 0.6935 0.235482 0.680886
    outer loop
      vertex 39.0436 -81.2246 2.01
      vertex 40.3579 -80.44 0.4
      vertex 38.909 -80.8282 2.01
    endloop
  endfacet
  facet normal 0.693514 0.235452 0.680883
    outer loop
      vertex 40.4294 -80.6506 0.4
      vertex 40.3579 -80.44 0.4
      vertex 39.0436 -81.2246 2.01
    endloop
  endfacet
  facet normal -0.235482 -0.6935 0.680886
    outer loop
      vertex 43.2246 -77.0436 2.01
      vertex 42.8282 -76.909 2.01
      vertex 42.44 -78.3579 0.4
    endloop
  endfacet
  facet normal 0.730849 -0.0477571 0.680867
    outer loop
      vertex 40.3 -80 0.4
      vertex 40.3145 -79.7781 0.4
      vertex 38.8274 -79.5823 2.01
    endloop
  endfacet
  facet normal 0.656882 -0.323891 0.680882
    outer loop
      vertex 40.4294 -79.3494 0.4
      vertex 39.2287 -78.4 2.01
      vertex 39.0436 -78.7754 2.01
    endloop
  endfacet
  facet normal 0.730849 0.0477571 0.680867
    outer loop
      vertex 40.3145 -80.2219 0.4
      vertex 40.3 -80 0.4
      vertex 38.8274 -80.4177 2.01
    endloop
  endfacet
  facet normal -0.482854 -0.550704 0.680865
    outer loop
      vertex 43.2021 -78.7979 0.4
      vertex 44.2627 -77.7373 2.01
      vertex 43.0349 -78.6513 0.4
    endloop
  endfacet
  facet normal 0.718335 -0.142792 0.680886
    outer loop
      vertex 40.3579 -79.56 0.4
      vertex 38.909 -79.1718 2.01
      vertex 38.8274 -79.5823 2.01
    endloop
  endfacet
  facet normal -0.550704 -0.482854 0.680865
    outer loop
      vertex 43.3487 -78.9651 0.4
      vertex 44.2627 -77.7373 2.01
      vertex 43.2021 -78.7979 0.4
    endloop
  endfacet
  facet normal -0.406779 0.609016 0.680905
    outer loop
      vertex 43.6 -82.7713 2.01
      vertex 43.0349 -81.3487 0.4
      vertex 42.85 -81.4722 0.4
    endloop
  endfacet
  facet normal -0.608905 -0.406986 0.68088
    outer loop
      vertex 44.7713 -78.4 2.01
      vertex 44.5387 -78.052 2.01
      vertex 43.3487 -78.9651 0.4
    endloop
  endfacet
  facet normal -0.0479397 -0.730818 0.680887
    outer loop
      vertex 42.4177 -76.8274 2.01
      vertex 42 -76.8 2.01
      vertex 42 -78.3 0.4
    endloop
  endfacet
  facet normal 0.323891 -0.656882 0.680882
    outer loop
      vertex 41.3494 -78.4294 0.4
      vertex 40.7754 -77.0436 2.01
      vertex 40.4 -77.2287 2.01
    endloop
  endfacet
  facet normal 0.235482 -0.6935 0.680886
    outer loop
      vertex 41.56 -78.3579 0.4
      vertex 41.1718 -76.909 2.01
      vertex 40.7754 -77.0436 2.01
    endloop
  endfacet
  facet normal 0.324096 -0.656755 0.680908
    outer loop
      vertex 41.15 -78.5278 0.4
      vertex 41.3494 -78.4294 0.4
      vertex 40.4 -77.2287 2.01
    endloop
  endfacet
  facet normal 0.406779 -0.609016 0.680905
    outer loop
      vertex 40.9651 -78.6513 0.4
      vertex 41.15 -78.5278 0.4
      vertex 40.4 -77.2287 2.01
    endloop
  endfacet
  facet normal -0.609016 -0.406779 0.680905
    outer loop
      vertex 43.4722 -79.15 0.4
      vertex 44.7713 -78.4 2.01
      vertex 43.3487 -78.9651 0.4
    endloop
  endfacet
  facet normal -0.718335 -0.142792 0.680886
    outer loop
      vertex 45.1726 -79.5823 2.01
      vertex 45.091 -79.1718 2.01
      vertex 43.6421 -79.56 0.4
    endloop
  endfacet
  facet normal -0.71832 -0.142939 0.68087
    outer loop
      vertex 43.6855 -79.7781 0.4
      vertex 45.1726 -79.5823 2.01
      vertex 43.6421 -79.56 0.4
    endloop
  endfacet
  facet normal 0.71832 -0.142939 0.68087
    outer loop
      vertex 40.3145 -79.7781 0.4
      vertex 40.3579 -79.56 0.4
      vertex 38.8274 -79.5823 2.01
    endloop
  endfacet
  facet normal -0.142939 -0.71832 0.68087
    outer loop
      vertex 42.44 -78.3579 0.4
      vertex 42.4177 -76.8274 2.01
      vertex 42.2219 -78.3145 0.4
    endloop
  endfacet
  facet normal 0.0479397 -0.730818 0.680887
    outer loop
      vertex 42 -78.3 0.4
      vertex 42 -76.8 2.01
      vertex 41.5823 -76.8274 2.01
    endloop
  endfacet
  facet normal 0.0477571 -0.730849 0.680867
    outer loop
      vertex 41.7781 -78.3145 0.4
      vertex 42 -78.3 0.4
      vertex 41.5823 -76.8274 2.01
    endloop
  endfacet
  facet normal -0.693514 -0.235452 0.680883
    outer loop
      vertex 43.6421 -79.56 0.4
      vertex 44.9564 -78.7754 2.01
      vertex 43.5706 -79.3494 0.4
    endloop
  endfacet
  facet normal -0.98077 -0.195167 0
    outer loop
      vertex 43.6855 0.221894 0
      vertex 43.6421 0.439992 0.4
      vertex 43.6421 0.439992 0
    endloop
  endfacet
  facet normal -0.98077 -0.195167 0
    outer loop
      vertex 43.6421 0.439992 0.4
      vertex 43.6855 0.221894 0
      vertex 43.6855 0.221894 0.4
    endloop
  endfacet
  facet normal -0.98077 -0.195167 0
    outer loop
      vertex 43.6855 0.221894 2.01
      vertex 43.6421 0.439992 3
      vertex 43.6421 0.439992 2.01
    endloop
  endfacet
  facet normal -0.98077 -0.195167 0
    outer loop
      vertex 43.6421 0.439992 3
      vertex 43.6855 0.221894 2.01
      vertex 43.6855 0.221894 3
    endloop
  endfacet
  facet normal -0.997872 -0.0652074 0
    outer loop
      vertex 43.7 0 0
      vertex 43.6855 0.221894 0.4
      vertex 43.6855 0.221894 0
    endloop
  endfacet
  facet normal -0.997872 -0.0652074 0
    outer loop
      vertex 43.6855 0.221894 0.4
      vertex 43.7 0 0
      vertex 43.7 0 0.4
    endloop
  endfacet
  facet normal -0.997872 -0.0652074 0
    outer loop
      vertex 43.7 0 2.01
      vertex 43.6855 0.221894 3
      vertex 43.6855 0.221894 2.01
    endloop
  endfacet
  facet normal -0.997872 -0.0652074 0
    outer loop
      vertex 43.6855 0.221894 3
      vertex 43.7 0 2.01
      vertex 43.7 0 3
    endloop
  endfacet
  facet normal -0.0653848 0.99786 0
    outer loop
      vertex 42.2219 -1.68546 2.01
      vertex 42 -1.7 3
      vertex 42.2219 -1.68546 3
    endloop
  endfacet
  facet normal -0.0653848 0.99786 0
    outer loop
      vertex 42 -1.7 3
      vertex 42.2219 -1.68546 2.01
      vertex 42 -1.7 2.01
    endloop
  endfacet
  facet normal -0.0653848 0.99786 0
    outer loop
      vertex 42.2219 -1.68546 0
      vertex 42 -1.7 0.4
      vertex 42.2219 -1.68546 0.4
    endloop
  endfacet
  facet normal -0.0653848 0.99786 0
    outer loop
      vertex 42 -1.7 0.4
      vertex 42.2219 -1.68546 0
      vertex 42 -1.7 0
    endloop
  endfacet
  facet normal 0.659319 -0.751863 0
    outer loop
      vertex 40.7979 1.20208 0
      vertex 40.9651 1.3487 0.4
      vertex 40.7979 1.20208 0.4
    endloop
  endfacet
  facet normal 0.659319 -0.751863 0
    outer loop
      vertex 40.9651 1.3487 0.4
      vertex 40.7979 1.20208 0
      vertex 40.9651 1.3487 0
    endloop
  endfacet
  facet normal 0.659319 -0.751863 0
    outer loop
      vertex 40.7979 1.20208 2.01
      vertex 40.9651 1.3487 3
      vertex 40.7979 1.20208 3
    endloop
  endfacet
  facet normal 0.659319 -0.751863 0
    outer loop
      vertex 40.9651 1.3487 3
      vertex 40.7979 1.20208 2.01
      vertex 40.9651 1.3487 2.01
    endloop
  endfacet
  facet normal 0.831553 0.555445 0
    outer loop
      vertex 40.6513 -1.03489 0.4
      vertex 40.5278 -0.849999 0
      vertex 40.5278 -0.849999 0.4
    endloop
  endfacet
  facet normal 0.831553 0.555445 0
    outer loop
      vertex 40.5278 -0.849999 0
      vertex 40.6513 -1.03489 0.4
      vertex 40.6513 -1.03489 0
    endloop
  endfacet
  facet normal 0.831553 0.555445 0
    outer loop
      vertex 40.6513 -1.03489 3
      vertex 40.5278 -0.849999 2.01
      vertex 40.5278 -0.849999 3
    endloop
  endfacet
  facet normal 0.831553 0.555445 0
    outer loop
      vertex 40.5278 -0.849999 2.01
      vertex 40.6513 -1.03489 3
      vertex 40.6513 -1.03489 2.01
    endloop
  endfacet
  facet normal 0.195122 0.980779 -0
    outer loop
      vertex 41.7781 -1.68546 2.01
      vertex 41.56 -1.64207 3
      vertex 41.7781 -1.68546 3
    endloop
  endfacet
  facet normal 0.195122 0.980779 0
    outer loop
      vertex 41.56 -1.64207 3
      vertex 41.7781 -1.68546 2.01
      vertex 41.56 -1.64207 2.01
    endloop
  endfacet
  facet normal 0.195122 0.980779 -0
    outer loop
      vertex 41.7781 -1.68546 0
      vertex 41.56 -1.64207 0.4
      vertex 41.7781 -1.68546 0.4
    endloop
  endfacet
  facet normal 0.195122 0.980779 0
    outer loop
      vertex 41.56 -1.64207 0.4
      vertex 41.7781 -1.68546 0
      vertex 41.56 -1.64207 0
    endloop
  endfacet
  facet normal -0.659319 -0.751863 0
    outer loop
      vertex 43.0349 1.3487 0
      vertex 43.2021 1.20208 0.4
      vertex 43.0349 1.3487 0.4
    endloop
  endfacet
  facet normal -0.659319 -0.751863 -0
    outer loop
      vertex 43.2021 1.20208 0.4
      vertex 43.0349 1.3487 0
      vertex 43.2021 1.20208 0
    endloop
  endfacet
  facet normal -0.659319 -0.751863 0
    outer loop
      vertex 43.0349 1.3487 2.01
      vertex 43.2021 1.20208 3
      vertex 43.0349 1.3487 3
    endloop
  endfacet
  facet normal -0.659319 -0.751863 -0
    outer loop
      vertex 43.2021 1.20208 3
      vertex 43.0349 1.3487 2.01
      vertex 43.2021 1.20208 2.01
    endloop
  endfacet
  facet normal -0.946901 0.321526 0
    outer loop
      vertex 43.5706 -0.650561 2.01
      vertex 43.6421 -0.439992 3
      vertex 43.6421 -0.439992 2.01
    endloop
  endfacet
  facet normal -0.946901 0.321526 0
    outer loop
      vertex 43.6421 -0.439992 3
      vertex 43.5706 -0.650561 2.01
      vertex 43.5706 -0.650561 3
    endloop
  endfacet
  facet normal -0.946901 0.321526 0
    outer loop
      vertex 43.5706 -0.650561 0
      vertex 43.6421 -0.439992 0.4
      vertex 43.6421 -0.439992 0
    endloop
  endfacet
  facet normal -0.946901 0.321526 0
    outer loop
      vertex 43.6421 -0.439992 0.4
      vertex 43.5706 -0.650561 0
      vertex 43.5706 -0.650561 0.4
    endloop
  endfacet
  facet normal -0.751888 0.659291 0
    outer loop
      vertex 43.2021 -1.20208 0
      vertex 43.3487 -1.03489 0.4
      vertex 43.3487 -1.03489 0
    endloop
  endfacet
  facet normal -0.751888 0.659291 0
    outer loop
      vertex 43.3487 -1.03489 0.4
      vertex 43.2021 -1.20208 0
      vertex 43.2021 -1.20208 0.4
    endloop
  endfacet
  facet normal -0.751888 0.659291 0
    outer loop
      vertex 43.2021 -1.20208 2.01
      vertex 43.3487 -1.03489 3
      vertex 43.3487 -1.03489 2.01
    endloop
  endfacet
  facet normal -0.751888 0.659291 0
    outer loop
      vertex 43.3487 -1.03489 3
      vertex 43.2021 -1.20208 2.01
      vertex 43.2021 -1.20208 3
    endloop
  endfacet
  facet normal -0.751888 -0.659291 0
    outer loop
      vertex 43.3487 1.03489 2.01
      vertex 43.2021 1.20208 3
      vertex 43.2021 1.20208 2.01
    endloop
  endfacet
  facet normal -0.751888 -0.659291 0
    outer loop
      vertex 43.2021 1.20208 3
      vertex 43.3487 1.03489 2.01
      vertex 43.3487 1.03489 3
    endloop
  endfacet
  facet normal -0.751888 -0.659291 0
    outer loop
      vertex 43.3487 1.03489 0
      vertex 43.2021 1.20208 0.4
      vertex 43.2021 1.20208 0
    endloop
  endfacet
  facet normal -0.751888 -0.659291 0
    outer loop
      vertex 43.2021 1.20208 0.4
      vertex 43.3487 1.03489 0
      vertex 43.3487 1.03489 0.4
    endloop
  endfacet
  facet normal 0.946901 0.321526 0
    outer loop
      vertex 40.4294 -0.650561 0.4
      vertex 40.3579 -0.439992 0
      vertex 40.3579 -0.439992 0.4
    endloop
  endfacet
  facet normal 0.946901 0.321526 0
    outer loop
      vertex 40.3579 -0.439992 0
      vertex 40.4294 -0.650561 0.4
      vertex 40.4294 -0.650561 0
    endloop
  endfacet
  facet normal 0.946901 0.321526 0
    outer loop
      vertex 40.4294 -0.650561 3
      vertex 40.3579 -0.439992 2.01
      vertex 40.3579 -0.439992 3
    endloop
  endfacet
  facet normal 0.946901 0.321526 0
    outer loop
      vertex 40.3579 -0.439992 2.01
      vertex 40.4294 -0.650561 3
      vertex 40.4294 -0.650561 2.01
    endloop
  endfacet
  facet normal -0.321403 0.946943 0
    outer loop
      vertex 42.6506 -1.57059 0
      vertex 42.44 -1.64207 0.4
      vertex 42.6506 -1.57059 0.4
    endloop
  endfacet
  facet normal -0.321403 0.946943 0
    outer loop
      vertex 42.44 -1.64207 0.4
      vertex 42.6506 -1.57059 0
      vertex 42.44 -1.64207 0
    endloop
  endfacet
  facet normal -0.321403 0.946943 0
    outer loop
      vertex 42.6506 -1.57059 2.01
      vertex 42.44 -1.64207 3
      vertex 42.6506 -1.57059 3
    endloop
  endfacet
  facet normal -0.321403 0.946943 0
    outer loop
      vertex 42.44 -1.64207 3
      vertex 42.6506 -1.57059 2.01
      vertex 42.44 -1.64207 2.01
    endloop
  endfacet
  facet normal 0.0653848 0.99786 -0
    outer loop
      vertex 42 -1.7 2.01
      vertex 41.7781 -1.68546 3
      vertex 42 -1.7 3
    endloop
  endfacet
  facet normal 0.0653848 0.99786 0
    outer loop
      vertex 41.7781 -1.68546 3
      vertex 42 -1.7 2.01
      vertex 41.7781 -1.68546 2.01
    endloop
  endfacet
  facet normal 0.0653848 0.99786 -0
    outer loop
      vertex 42 -1.7 0
      vertex 41.7781 -1.68546 0.4
      vertex 42 -1.7 0.4
    endloop
  endfacet
  facet normal 0.0653848 0.99786 0
    outer loop
      vertex 41.7781 -1.68546 0.4
      vertex 42 -1.7 0
      vertex 41.7781 -1.68546 0
    endloop
  endfacet
  facet normal 0.321403 -0.946943 0
    outer loop
      vertex 41.3494 1.57059 2.01
      vertex 41.56 1.64207 3
      vertex 41.3494 1.57059 3
    endloop
  endfacet
  facet normal 0.321403 -0.946943 0
    outer loop
      vertex 41.56 1.64207 3
      vertex 41.3494 1.57059 2.01
      vertex 41.56 1.64207 2.01
    endloop
  endfacet
  facet normal 0.321403 -0.946943 0
    outer loop
      vertex 41.3494 1.57059 0
      vertex 41.56 1.64207 0.4
      vertex 41.3494 1.57059 0.4
    endloop
  endfacet
  facet normal 0.321403 -0.946943 0
    outer loop
      vertex 41.56 1.64207 0.4
      vertex 41.3494 1.57059 0
      vertex 41.56 1.64207 0
    endloop
  endfacet
  facet normal -0.946901 -0.321526 0
    outer loop
      vertex 43.6421 0.439992 0
      vertex 43.5706 0.650561 0.4
      vertex 43.5706 0.650561 0
    endloop
  endfacet
  facet normal -0.946901 -0.321526 0
    outer loop
      vertex 43.5706 0.650561 0.4
      vertex 43.6421 0.439992 0
      vertex 43.6421 0.439992 0.4
    endloop
  endfacet
  facet normal -0.946901 -0.321526 0
    outer loop
      vertex 43.6421 0.439992 2.01
      vertex 43.5706 0.650561 3
      vertex 43.5706 0.650561 2.01
    endloop
  endfacet
  facet normal -0.946901 -0.321526 0
    outer loop
      vertex 43.5706 0.650561 3
      vertex 43.6421 0.439992 2.01
      vertex 43.6421 0.439992 3
    endloop
  endfacet
  facet normal 0.751888 -0.659291 0
    outer loop
      vertex 40.6513 1.03489 3
      vertex 40.7979 1.20208 2.01
      vertex 40.7979 1.20208 3
    endloop
  endfacet
  facet normal 0.751888 -0.659291 0
    outer loop
      vertex 40.7979 1.20208 2.01
      vertex 40.6513 1.03489 3
      vertex 40.6513 1.03489 2.01
    endloop
  endfacet
  facet normal 0.751888 -0.659291 0
    outer loop
      vertex 40.6513 1.03489 0.4
      vertex 40.7979 1.20208 0
      vertex 40.7979 1.20208 0.4
    endloop
  endfacet
  facet normal 0.751888 -0.659291 0
    outer loop
      vertex 40.7979 1.20208 0
      vertex 40.6513 1.03489 0.4
      vertex 40.6513 1.03489 0
    endloop
  endfacet
  facet normal 0.442349 0.896843 -0
    outer loop
      vertex 41.3494 -1.57059 0
      vertex 41.15 -1.47224 0.4
      vertex 41.3494 -1.57059 0.4
    endloop
  endfacet
  facet normal 0.442349 0.896843 0
    outer loop
      vertex 41.15 -1.47224 0.4
      vertex 41.3494 -1.57059 0
      vertex 41.15 -1.47224 0
    endloop
  endfacet
  facet normal 0.442349 0.896843 -0
    outer loop
      vertex 41.3494 -1.57059 2.01
      vertex 41.15 -1.47224 3
      vertex 41.3494 -1.57059 3
    endloop
  endfacet
  facet normal 0.442349 0.896843 0
    outer loop
      vertex 41.15 -1.47224 3
      vertex 41.3494 -1.57059 2.01
      vertex 41.15 -1.47224 2.01
    endloop
  endfacet
  facet normal 0.0653848 -0.99786 0
    outer loop
      vertex 41.7781 1.68546 0
      vertex 42 1.7 0.4
      vertex 41.7781 1.68546 0.4
    endloop
  endfacet
  facet normal 0.0653848 -0.99786 0
    outer loop
      vertex 42 1.7 0.4
      vertex 41.7781 1.68546 0
      vertex 42 1.7 0
    endloop
  endfacet
  facet normal 0.0653848 -0.99786 0
    outer loop
      vertex 41.7781 1.68546 2.01
      vertex 42 1.7 3
      vertex 41.7781 1.68546 3
    endloop
  endfacet
  facet normal 0.0653848 -0.99786 0
    outer loop
      vertex 42 1.7 3
      vertex 41.7781 1.68546 2.01
      vertex 42 1.7 2.01
    endloop
  endfacet
  facet normal -0.896787 0.442463 0
    outer loop
      vertex 43.4722 -0.849999 2.01
      vertex 43.5706 -0.650561 3
      vertex 43.5706 -0.650561 2.01
    endloop
  endfacet
  facet normal -0.896787 0.442463 0
    outer loop
      vertex 43.5706 -0.650561 3
      vertex 43.4722 -0.849999 2.01
      vertex 43.4722 -0.849999 3
    endloop
  endfacet
  facet normal -0.896787 0.442463 0
    outer loop
      vertex 43.4722 -0.849999 0
      vertex 43.5706 -0.650561 0.4
      vertex 43.5706 -0.650561 0
    endloop
  endfacet
  facet normal -0.896787 0.442463 0
    outer loop
      vertex 43.5706 -0.650561 0.4
      vertex 43.4722 -0.849999 0
      vertex 43.4722 -0.849999 0.4
    endloop
  endfacet
  facet normal -0.555551 0.831483 0
    outer loop
      vertex 43.0349 -1.3487 0
      vertex 42.85 -1.47224 0.4
      vertex 43.0349 -1.3487 0.4
    endloop
  endfacet
  facet normal -0.555551 0.831483 0
    outer loop
      vertex 42.85 -1.47224 0.4
      vertex 43.0349 -1.3487 0
      vertex 42.85 -1.47224 0
    endloop
  endfacet
  facet normal -0.555551 0.831483 0
    outer loop
      vertex 43.0349 -1.3487 2.01
      vertex 42.85 -1.47224 3
      vertex 43.0349 -1.3487 3
    endloop
  endfacet
  facet normal -0.555551 0.831483 0
    outer loop
      vertex 42.85 -1.47224 3
      vertex 43.0349 -1.3487 2.01
      vertex 42.85 -1.47224 2.01
    endloop
  endfacet
  facet normal 0.98077 0.195167 0
    outer loop
      vertex 40.3579 -0.439992 3
      vertex 40.3145 -0.221894 2.01
      vertex 40.3145 -0.221894 3
    endloop
  endfacet
  facet normal 0.98077 0.195167 0
    outer loop
      vertex 40.3145 -0.221894 2.01
      vertex 40.3579 -0.439992 3
      vertex 40.3579 -0.439992 2.01
    endloop
  endfacet
  facet normal 0.98077 0.195167 0
    outer loop
      vertex 40.3579 -0.439992 0.4
      vertex 40.3145 -0.221894 0
      vertex 40.3145 -0.221894 0.4
    endloop
  endfacet
  facet normal 0.98077 0.195167 0
    outer loop
      vertex 40.3145 -0.221894 0
      vertex 40.3579 -0.439992 0.4
      vertex 40.3579 -0.439992 0
    endloop
  endfacet
  facet normal -0.195122 -0.980779 0
    outer loop
      vertex 42.2219 1.68546 2.01
      vertex 42.44 1.64207 3
      vertex 42.2219 1.68546 3
    endloop
  endfacet
  facet normal -0.195122 -0.980779 -0
    outer loop
      vertex 42.44 1.64207 3
      vertex 42.2219 1.68546 2.01
      vertex 42.44 1.64207 2.01
    endloop
  endfacet
  facet normal -0.195122 -0.980779 0
    outer loop
      vertex 42.2219 1.68546 0
      vertex 42.44 1.64207 0.4
      vertex 42.2219 1.68546 0.4
    endloop
  endfacet
  facet normal -0.195122 -0.980779 -0
    outer loop
      vertex 42.44 1.64207 0.4
      vertex 42.2219 1.68546 0
      vertex 42.44 1.64207 0
    endloop
  endfacet
  facet normal -0.831553 -0.555445 0
    outer loop
      vertex 43.4722 0.849999 0
      vertex 43.3487 1.03489 0.4
      vertex 43.3487 1.03489 0
    endloop
  endfacet
  facet normal -0.831553 -0.555445 0
    outer loop
      vertex 43.3487 1.03489 0.4
      vertex 43.4722 0.849999 0
      vertex 43.4722 0.849999 0.4
    endloop
  endfacet
  facet normal -0.831553 -0.555445 0
    outer loop
      vertex 43.4722 0.849999 2.01
      vertex 43.3487 1.03489 3
      vertex 43.3487 1.03489 2.01
    endloop
  endfacet
  facet normal -0.831553 -0.555445 0
    outer loop
      vertex 43.3487 1.03489 3
      vertex 43.4722 0.849999 2.01
      vertex 43.4722 0.849999 3
    endloop
  endfacet
  facet normal -0.997872 0.0652074 0
    outer loop
      vertex 43.6855 -0.221894 0
      vertex 43.7 0 0.4
      vertex 43.7 0 0
    endloop
  endfacet
  facet normal -0.997872 0.0652074 0
    outer loop
      vertex 43.7 0 0.4
      vertex 43.6855 -0.221894 0
      vertex 43.6855 -0.221894 0.4
    endloop
  endfacet
  facet normal -0.997872 0.0652074 0
    outer loop
      vertex 43.6855 -0.221894 2.01
      vertex 43.7 0 3
      vertex 43.7 0 2.01
    endloop
  endfacet
  facet normal -0.997872 0.0652074 0
    outer loop
      vertex 43.7 0 3
      vertex 43.6855 -0.221894 2.01
      vertex 43.6855 -0.221894 3
    endloop
  endfacet
  facet normal -0.321403 -0.946943 0
    outer loop
      vertex 42.44 1.64207 2.01
      vertex 42.6506 1.57059 3
      vertex 42.44 1.64207 3
    endloop
  endfacet
  facet normal -0.321403 -0.946943 -0
    outer loop
      vertex 42.6506 1.57059 3
      vertex 42.44 1.64207 2.01
      vertex 42.6506 1.57059 2.01
    endloop
  endfacet
  facet normal -0.321403 -0.946943 0
    outer loop
      vertex 42.44 1.64207 0
      vertex 42.6506 1.57059 0.4
      vertex 42.44 1.64207 0.4
    endloop
  endfacet
  facet normal -0.321403 -0.946943 -0
    outer loop
      vertex 42.6506 1.57059 0.4
      vertex 42.44 1.64207 0
      vertex 42.6506 1.57059 0
    endloop
  endfacet
  facet normal -0.555551 -0.831483 0
    outer loop
      vertex 42.85 1.47224 0
      vertex 43.0349 1.3487 0.4
      vertex 42.85 1.47224 0.4
    endloop
  endfacet
  facet normal -0.555551 -0.831483 -0
    outer loop
      vertex 43.0349 1.3487 0.4
      vertex 42.85 1.47224 0
      vertex 43.0349 1.3487 0
    endloop
  endfacet
  facet normal -0.555551 -0.831483 0
    outer loop
      vertex 42.85 1.47224 2.01
      vertex 43.0349 1.3487 3
      vertex 42.85 1.47224 3
    endloop
  endfacet
  facet normal -0.555551 -0.831483 -0
    outer loop
      vertex 43.0349 1.3487 3
      vertex 42.85 1.47224 2.01
      vertex 43.0349 1.3487 2.01
    endloop
  endfacet
  facet normal 0.195122 -0.980779 0
    outer loop
      vertex 41.56 1.64207 0
      vertex 41.7781 1.68546 0.4
      vertex 41.56 1.64207 0.4
    endloop
  endfacet
  facet normal 0.195122 -0.980779 0
    outer loop
      vertex 41.7781 1.68546 0.4
      vertex 41.56 1.64207 0
      vertex 41.7781 1.68546 0
    endloop
  endfacet
  facet normal 0.195122 -0.980779 0
    outer loop
      vertex 41.56 1.64207 2.01
      vertex 41.7781 1.68546 3
      vertex 41.56 1.64207 3
    endloop
  endfacet
  facet normal 0.195122 -0.980779 0
    outer loop
      vertex 41.7781 1.68546 3
      vertex 41.56 1.64207 2.01
      vertex 41.7781 1.68546 2.01
    endloop
  endfacet
  facet normal -0.659319 0.751863 0
    outer loop
      vertex 43.2021 -1.20208 0
      vertex 43.0349 -1.3487 0.4
      vertex 43.2021 -1.20208 0.4
    endloop
  endfacet
  facet normal -0.659319 0.751863 0
    outer loop
      vertex 43.0349 -1.3487 0.4
      vertex 43.2021 -1.20208 0
      vertex 43.0349 -1.3487 0
    endloop
  endfacet
  facet normal -0.659319 0.751863 0
    outer loop
      vertex 43.2021 -1.20208 2.01
      vertex 43.0349 -1.3487 3
      vertex 43.2021 -1.20208 3
    endloop
  endfacet
  facet normal -0.659319 0.751863 0
    outer loop
      vertex 43.0349 -1.3487 3
      vertex 43.2021 -1.20208 2.01
      vertex 43.0349 -1.3487 2.01
    endloop
  endfacet
  facet normal 0.896787 -0.442463 0
    outer loop
      vertex 40.4294 0.650561 3
      vertex 40.5278 0.849999 2.01
      vertex 40.5278 0.849999 3
    endloop
  endfacet
  facet normal 0.896787 -0.442463 0
    outer loop
      vertex 40.5278 0.849999 2.01
      vertex 40.4294 0.650561 3
      vertex 40.4294 0.650561 2.01
    endloop
  endfacet
  facet normal 0.896787 -0.442463 0
    outer loop
      vertex 40.4294 0.650561 0.4
      vertex 40.5278 0.849999 0
      vertex 40.5278 0.849999 0.4
    endloop
  endfacet
  facet normal 0.896787 -0.442463 0
    outer loop
      vertex 40.5278 0.849999 0
      vertex 40.4294 0.650561 0.4
      vertex 40.4294 0.650561 0
    endloop
  endfacet
  facet normal -0.98077 0.195167 0
    outer loop
      vertex 43.6421 -0.439992 0
      vertex 43.6855 -0.221894 0.4
      vertex 43.6855 -0.221894 0
    endloop
  endfacet
  facet normal -0.98077 0.195167 0
    outer loop
      vertex 43.6855 -0.221894 0.4
      vertex 43.6421 -0.439992 0
      vertex 43.6421 -0.439992 0.4
    endloop
  endfacet
  facet normal -0.98077 0.195167 0
    outer loop
      vertex 43.6421 -0.439992 2.01
      vertex 43.6855 -0.221894 3
      vertex 43.6855 -0.221894 2.01
    endloop
  endfacet
  facet normal -0.98077 0.195167 0
    outer loop
      vertex 43.6855 -0.221894 3
      vertex 43.6421 -0.439992 2.01
      vertex 43.6421 -0.439992 3
    endloop
  endfacet
  facet normal -0.195122 0.980779 0
    outer loop
      vertex 42.44 -1.64207 2.01
      vertex 42.2219 -1.68546 3
      vertex 42.44 -1.64207 3
    endloop
  endfacet
  facet normal -0.195122 0.980779 0
    outer loop
      vertex 42.2219 -1.68546 3
      vertex 42.44 -1.64207 2.01
      vertex 42.2219 -1.68546 2.01
    endloop
  endfacet
  facet normal -0.195122 0.980779 0
    outer loop
      vertex 42.44 -1.64207 0
      vertex 42.2219 -1.68546 0.4
      vertex 42.44 -1.64207 0.4
    endloop
  endfacet
  facet normal -0.195122 0.980779 0
    outer loop
      vertex 42.2219 -1.68546 0.4
      vertex 42.44 -1.64207 0
      vertex 42.2219 -1.68546 0
    endloop
  endfacet
  facet normal 0.659319 0.751863 -0
    outer loop
      vertex 40.9651 -1.3487 0
      vertex 40.7979 -1.20208 0.4
      vertex 40.9651 -1.3487 0.4
    endloop
  endfacet
  facet normal 0.659319 0.751863 0
    outer loop
      vertex 40.7979 -1.20208 0.4
      vertex 40.9651 -1.3487 0
      vertex 40.7979 -1.20208 0
    endloop
  endfacet
  facet normal 0.659319 0.751863 -0
    outer loop
      vertex 40.9651 -1.3487 2.01
      vertex 40.7979 -1.20208 3
      vertex 40.9651 -1.3487 3
    endloop
  endfacet
  facet normal 0.659319 0.751863 0
    outer loop
      vertex 40.7979 -1.20208 3
      vertex 40.9651 -1.3487 2.01
      vertex 40.7979 -1.20208 2.01
    endloop
  endfacet
  facet normal 0.751888 0.659291 0
    outer loop
      vertex 40.7979 -1.20208 0.4
      vertex 40.6513 -1.03489 0
      vertex 40.6513 -1.03489 0.4
    endloop
  endfacet
  facet normal 0.751888 0.659291 0
    outer loop
      vertex 40.6513 -1.03489 0
      vertex 40.7979 -1.20208 0.4
      vertex 40.7979 -1.20208 0
    endloop
  endfacet
  facet normal 0.751888 0.659291 0
    outer loop
      vertex 40.7979 -1.20208 3
      vertex 40.6513 -1.03489 2.01
      vertex 40.6513 -1.03489 3
    endloop
  endfacet
  facet normal 0.751888 0.659291 0
    outer loop
      vertex 40.6513 -1.03489 2.01
      vertex 40.7979 -1.20208 3
      vertex 40.7979 -1.20208 2.01
    endloop
  endfacet
  facet normal -0.0653848 -0.99786 0
    outer loop
      vertex 42 1.7 2.01
      vertex 42.2219 1.68546 3
      vertex 42 1.7 3
    endloop
  endfacet
  facet normal -0.0653848 -0.99786 -0
    outer loop
      vertex 42.2219 1.68546 3
      vertex 42 1.7 2.01
      vertex 42.2219 1.68546 2.01
    endloop
  endfacet
  facet normal -0.0653848 -0.99786 0
    outer loop
      vertex 42 1.7 0
      vertex 42.2219 1.68546 0.4
      vertex 42 1.7 0.4
    endloop
  endfacet
  facet normal -0.0653848 -0.99786 -0
    outer loop
      vertex 42.2219 1.68546 0.4
      vertex 42 1.7 0
      vertex 42.2219 1.68546 0
    endloop
  endfacet
  facet normal -0.442349 -0.896843 0
    outer loop
      vertex 42.6506 1.57059 2.01
      vertex 42.85 1.47224 3
      vertex 42.6506 1.57059 3
    endloop
  endfacet
  facet normal -0.442349 -0.896843 -0
    outer loop
      vertex 42.85 1.47224 3
      vertex 42.6506 1.57059 2.01
      vertex 42.85 1.47224 2.01
    endloop
  endfacet
  facet normal -0.442349 -0.896843 0
    outer loop
      vertex 42.6506 1.57059 0
      vertex 42.85 1.47224 0.4
      vertex 42.6506 1.57059 0.4
    endloop
  endfacet
  facet normal -0.442349 -0.896843 -0
    outer loop
      vertex 42.85 1.47224 0.4
      vertex 42.6506 1.57059 0
      vertex 42.85 1.47224 0
    endloop
  endfacet
  facet normal -0.831553 0.555445 0
    outer loop
      vertex 43.3487 -1.03489 0
      vertex 43.4722 -0.849999 0.4
      vertex 43.4722 -0.849999 0
    endloop
  endfacet
  facet normal -0.831553 0.555445 0
    outer loop
      vertex 43.4722 -0.849999 0.4
      vertex 43.3487 -1.03489 0
      vertex 43.3487 -1.03489 0.4
    endloop
  endfacet
  facet normal -0.831553 0.555445 0
    outer loop
      vertex 43.3487 -1.03489 2.01
      vertex 43.4722 -0.849999 3
      vertex 43.4722 -0.849999 2.01
    endloop
  endfacet
  facet normal -0.831553 0.555445 0
    outer loop
      vertex 43.4722 -0.849999 3
      vertex 43.3487 -1.03489 2.01
      vertex 43.3487 -1.03489 3
    endloop
  endfacet
  facet normal 0.997872 0.0652074 0
    outer loop
      vertex 40.3145 -0.221894 3
      vertex 40.3 0 2.01
      vertex 40.3 0 3
    endloop
  endfacet
  facet normal 0.997872 0.0652074 0
    outer loop
      vertex 40.3 0 2.01
      vertex 40.3145 -0.221894 3
      vertex 40.3145 -0.221894 2.01
    endloop
  endfacet
  facet normal 0.997872 0.0652074 0
    outer loop
      vertex 40.3145 -0.221894 0.4
      vertex 40.3 0 0
      vertex 40.3 0 0.4
    endloop
  endfacet
  facet normal 0.997872 0.0652074 0
    outer loop
      vertex 40.3 0 0
      vertex 40.3145 -0.221894 0.4
      vertex 40.3145 -0.221894 0
    endloop
  endfacet
  facet normal -0.442349 0.896843 0
    outer loop
      vertex 42.85 -1.47224 0
      vertex 42.6506 -1.57059 0.4
      vertex 42.85 -1.47224 0.4
    endloop
  endfacet
  facet normal -0.442349 0.896843 0
    outer loop
      vertex 42.6506 -1.57059 0.4
      vertex 42.85 -1.47224 0
      vertex 42.6506 -1.57059 0
    endloop
  endfacet
  facet normal -0.442349 0.896843 0
    outer loop
      vertex 42.85 -1.47224 2.01
      vertex 42.6506 -1.57059 3
      vertex 42.85 -1.47224 3
    endloop
  endfacet
  facet normal -0.442349 0.896843 0
    outer loop
      vertex 42.6506 -1.57059 3
      vertex 42.85 -1.47224 2.01
      vertex 42.6506 -1.57059 2.01
    endloop
  endfacet
  facet normal 0.98077 -0.195167 0
    outer loop
      vertex 40.3145 0.221894 0.4
      vertex 40.3579 0.439992 0
      vertex 40.3579 0.439992 0.4
    endloop
  endfacet
  facet normal 0.98077 -0.195167 0
    outer loop
      vertex 40.3579 0.439992 0
      vertex 40.3145 0.221894 0.4
      vertex 40.3145 0.221894 0
    endloop
  endfacet
  facet normal 0.98077 -0.195167 0
    outer loop
      vertex 40.3145 0.221894 3
      vertex 40.3579 0.439992 2.01
      vertex 40.3579 0.439992 3
    endloop
  endfacet
  facet normal 0.98077 -0.195167 0
    outer loop
      vertex 40.3579 0.439992 2.01
      vertex 40.3145 0.221894 3
      vertex 40.3145 0.221894 2.01
    endloop
  endfacet
  facet normal 0.896787 0.442463 0
    outer loop
      vertex 40.5278 -0.849999 0.4
      vertex 40.4294 -0.650561 0
      vertex 40.4294 -0.650561 0.4
    endloop
  endfacet
  facet normal 0.896787 0.442463 0
    outer loop
      vertex 40.4294 -0.650561 0
      vertex 40.5278 -0.849999 0.4
      vertex 40.5278 -0.849999 0
    endloop
  endfacet
  facet normal 0.896787 0.442463 0
    outer loop
      vertex 40.5278 -0.849999 3
      vertex 40.4294 -0.650561 2.01
      vertex 40.4294 -0.650561 3
    endloop
  endfacet
  facet normal 0.896787 0.442463 0
    outer loop
      vertex 40.4294 -0.650561 2.01
      vertex 40.5278 -0.849999 3
      vertex 40.5278 -0.849999 2.01
    endloop
  endfacet
  facet normal 0.946901 -0.321526 0
    outer loop
      vertex 40.3579 0.439992 3
      vertex 40.4294 0.650561 2.01
      vertex 40.4294 0.650561 3
    endloop
  endfacet
  facet normal 0.946901 -0.321526 0
    outer loop
      vertex 40.4294 0.650561 2.01
      vertex 40.3579 0.439992 3
      vertex 40.3579 0.439992 2.01
    endloop
  endfacet
  facet normal 0.946901 -0.321526 0
    outer loop
      vertex 40.3579 0.439992 0.4
      vertex 40.4294 0.650561 0
      vertex 40.4294 0.650561 0.4
    endloop
  endfacet
  facet normal 0.946901 -0.321526 0
    outer loop
      vertex 40.4294 0.650561 0
      vertex 40.3579 0.439992 0.4
      vertex 40.3579 0.439992 0
    endloop
  endfacet
  facet normal 0.555551 -0.831483 0
    outer loop
      vertex 40.9651 1.3487 2.01
      vertex 41.15 1.47224 3
      vertex 40.9651 1.3487 3
    endloop
  endfacet
  facet normal 0.555551 -0.831483 0
    outer loop
      vertex 41.15 1.47224 3
      vertex 40.9651 1.3487 2.01
      vertex 41.15 1.47224 2.01
    endloop
  endfacet
  facet normal 0.555551 -0.831483 0
    outer loop
      vertex 40.9651 1.3487 0
      vertex 41.15 1.47224 0.4
      vertex 40.9651 1.3487 0.4
    endloop
  endfacet
  facet normal 0.555551 -0.831483 0
    outer loop
      vertex 41.15 1.47224 0.4
      vertex 40.9651 1.3487 0
      vertex 41.15 1.47224 0
    endloop
  endfacet
  facet normal -0.896787 -0.442463 0
    outer loop
      vertex 43.5706 0.650561 0
      vertex 43.4722 0.849999 0.4
      vertex 43.4722 0.849999 0
    endloop
  endfacet
  facet normal -0.896787 -0.442463 0
    outer loop
      vertex 43.4722 0.849999 0.4
      vertex 43.5706 0.650561 0
      vertex 43.5706 0.650561 0.4
    endloop
  endfacet
  facet normal -0.896787 -0.442463 0
    outer loop
      vertex 43.5706 0.650561 2.01
      vertex 43.4722 0.849999 3
      vertex 43.4722 0.849999 2.01
    endloop
  endfacet
  facet normal -0.896787 -0.442463 0
    outer loop
      vertex 43.4722 0.849999 3
      vertex 43.5706 0.650561 2.01
      vertex 43.5706 0.650561 3
    endloop
  endfacet
  facet normal 0.997872 -0.0652074 0
    outer loop
      vertex 40.3 0 0.4
      vertex 40.3145 0.221894 0
      vertex 40.3145 0.221894 0.4
    endloop
  endfacet
  facet normal 0.997872 -0.0652074 0
    outer loop
      vertex 40.3145 0.221894 0
      vertex 40.3 0 0.4
      vertex 40.3 0 0
    endloop
  endfacet
  facet normal 0.997872 -0.0652074 0
    outer loop
      vertex 40.3 0 3
      vertex 40.3145 0.221894 2.01
      vertex 40.3145 0.221894 3
    endloop
  endfacet
  facet normal 0.997872 -0.0652074 0
    outer loop
      vertex 40.3145 0.221894 2.01
      vertex 40.3 0 3
      vertex 40.3 0 2.01
    endloop
  endfacet
  facet normal 0.321403 0.946943 -0
    outer loop
      vertex 41.56 -1.64207 0
      vertex 41.3494 -1.57059 0.4
      vertex 41.56 -1.64207 0.4
    endloop
  endfacet
  facet normal 0.321403 0.946943 0
    outer loop
      vertex 41.3494 -1.57059 0.4
      vertex 41.56 -1.64207 0
      vertex 41.3494 -1.57059 0
    endloop
  endfacet
  facet normal 0.321403 0.946943 -0
    outer loop
      vertex 41.56 -1.64207 2.01
      vertex 41.3494 -1.57059 3
      vertex 41.56 -1.64207 3
    endloop
  endfacet
  facet normal 0.321403 0.946943 0
    outer loop
      vertex 41.3494 -1.57059 3
      vertex 41.56 -1.64207 2.01
      vertex 41.3494 -1.57059 2.01
    endloop
  endfacet
  facet normal 0.442349 -0.896843 0
    outer loop
      vertex 41.15 1.47224 2.01
      vertex 41.3494 1.57059 3
      vertex 41.15 1.47224 3
    endloop
  endfacet
  facet normal 0.442349 -0.896843 0
    outer loop
      vertex 41.3494 1.57059 3
      vertex 41.15 1.47224 2.01
      vertex 41.3494 1.57059 2.01
    endloop
  endfacet
  facet normal 0.442349 -0.896843 0
    outer loop
      vertex 41.15 1.47224 0
      vertex 41.3494 1.57059 0.4
      vertex 41.15 1.47224 0.4
    endloop
  endfacet
  facet normal 0.442349 -0.896843 0
    outer loop
      vertex 41.3494 1.57059 0.4
      vertex 41.15 1.47224 0
      vertex 41.3494 1.57059 0
    endloop
  endfacet
  facet normal 0.831553 -0.555445 0
    outer loop
      vertex 40.5278 0.849999 3
      vertex 40.6513 1.03489 2.01
      vertex 40.6513 1.03489 3
    endloop
  endfacet
  facet normal 0.831553 -0.555445 0
    outer loop
      vertex 40.6513 1.03489 2.01
      vertex 40.5278 0.849999 3
      vertex 40.5278 0.849999 2.01
    endloop
  endfacet
  facet normal 0.831553 -0.555445 0
    outer loop
      vertex 40.5278 0.849999 0.4
      vertex 40.6513 1.03489 0
      vertex 40.6513 1.03489 0.4
    endloop
  endfacet
  facet normal 0.831553 -0.555445 0
    outer loop
      vertex 40.6513 1.03489 0
      vertex 40.5278 0.849999 0.4
      vertex 40.5278 0.849999 0
    endloop
  endfacet
  facet normal 0.555551 0.831483 -0
    outer loop
      vertex 41.15 -1.47224 2.01
      vertex 40.9651 -1.3487 3
      vertex 41.15 -1.47224 3
    endloop
  endfacet
  facet normal 0.555551 0.831483 0
    outer loop
      vertex 40.9651 -1.3487 3
      vertex 41.15 -1.47224 2.01
      vertex 40.9651 -1.3487 2.01
    endloop
  endfacet
  facet normal 0.555551 0.831483 -0
    outer loop
      vertex 41.15 -1.47224 0
      vertex 40.9651 -1.3487 0.4
      vertex 41.15 -1.47224 0.4
    endloop
  endfacet
  facet normal 0.555551 0.831483 0
    outer loop
      vertex 40.9651 -1.3487 0.4
      vertex 41.15 -1.47224 0
      vertex 40.9651 -1.3487 0
    endloop
  endfacet
  facet normal 0.235392 0.693531 0.680885
    outer loop
      vertex 41.56 -1.64207 0.4
      vertex 41.3494 -1.57059 0.4
      vertex 40.7754 -2.95641 2.01
    endloop
  endfacet
  facet normal 0.142905 -0.718312 0.680886
    outer loop
      vertex 41.7781 1.68546 0.4
      vertex 41.5823 3.17262 2.01
      vertex 41.56 1.64207 0.4
    endloop
  endfacet
  facet normal 0.406924 0.608942 0.680883
    outer loop
      vertex 40.4 -2.77128 2.01
      vertex 40.9651 -1.3487 0.4
      vertex 40.052 -2.53873 2.01
    endloop
  endfacet
  facet normal -0.730818 -0.0479415 0.680886
    outer loop
      vertex 45.2 0 2.01
      vertex 45.1726 0.417684 2.01
      vertex 43.7 0 0.4
    endloop
  endfacet
  facet normal -0.730849 -0.0477584 0.680867
    outer loop
      vertex 43.7 0 0.4
      vertex 45.1726 0.417684 2.01
      vertex 43.6855 0.221894 0.4
    endloop
  endfacet
  facet normal -0.323932 0.656859 0.680885
    outer loop
      vertex 43.2246 -2.95641 2.01
      vertex 43.6 -2.77128 2.01
      vertex 42.6506 -1.57059 0.4
    endloop
  endfacet
  facet normal -0.608922 0.406951 0.680885
    outer loop
      vertex 44.5387 -1.94804 2.01
      vertex 44.7713 -1.6 2.01
      vertex 43.3487 -1.03489 0.4
    endloop
  endfacet
  facet normal -0.0478871 -0.730822 0.680886
    outer loop
      vertex 42.2219 1.68546 0.4
      vertex 42.4177 3.17262 2.01
      vertex 42 1.7 0.4
    endloop
  endfacet
  facet normal 0.6935 -0.235482 0.680886
    outer loop
      vertex 40.3579 0.439992 0.4
      vertex 40.4294 0.650561 0.4
      vertex 39.0436 1.22459 2.01
    endloop
  endfacet
  facet normal -0.718336 0.14278 0.680887
    outer loop
      vertex 45.091 -0.82822 2.01
      vertex 45.1726 -0.417684 2.01
      vertex 43.6421 -0.439992 0.4
    endloop
  endfacet
  facet normal -0.142893 0.718314 0.680887
    outer loop
      vertex 42.8282 -3.09096 2.01
      vertex 42.44 -1.64207 0.4
      vertex 42.4177 -3.17262 2.01
    endloop
  endfacet
  facet normal -0.235404 0.693526 0.680886
    outer loop
      vertex 42.8282 -3.09096 2.01
      vertex 43.2246 -2.95641 2.01
      vertex 42.44 -1.64207 0.4
    endloop
  endfacet
  facet normal -0.0478871 0.730822 0.680886
    outer loop
      vertex 42.4177 -3.17262 2.01
      vertex 42.2219 -1.68546 0.4
      vertex 42 -1.7 0.4
    endloop
  endfacet
  facet normal -0.550628 0.482915 0.680883
    outer loop
      vertex 44.2627 -2.26274 2.01
      vertex 44.5387 -1.94804 2.01
      vertex 43.3487 -1.03489 0.4
    endloop
  endfacet
  facet normal 0.142893 -0.718314 0.680887
    outer loop
      vertex 41.56 1.64207 0.4
      vertex 41.5823 3.17262 2.01
      vertex 41.1718 3.09096 2.01
    endloop
  endfacet
  facet normal -0.406878 -0.608967 0.680889
    outer loop
      vertex 43.0349 1.3487 0.4
      vertex 43.6 2.77128 2.01
      vertex 42.85 1.47224 0.4
    endloop
  endfacet
  facet normal -0.693493 -0.235498 0.680888
    outer loop
      vertex 45.091 0.82822 2.01
      vertex 44.9564 1.22459 2.01
      vertex 43.6421 0.439992 0.4
    endloop
  endfacet
  facet normal -0.6935 0.235482 0.680886
    outer loop
      vertex 44.9564 -1.22459 2.01
      vertex 43.6421 -0.439992 0.4
      vertex 43.5706 -0.650561 0.4
    endloop
  endfacet
  facet normal 0.32397 0.656835 0.68089
    outer loop
      vertex 41.3494 -1.57059 0.4
      vertex 41.15 -1.47224 0.4
      vertex 40.4 -2.77128 2.01
    endloop
  endfacet
  facet normal 0.550628 -0.482915 0.680883
    outer loop
      vertex 40.6513 1.03489 0.4
      vertex 39.7373 2.26274 2.01
      vertex 39.4613 1.94804 2.01
    endloop
  endfacet
  facet normal 0.608922 -0.406951 0.680885
    outer loop
      vertex 40.6513 1.03489 0.4
      vertex 39.4613 1.94804 2.01
      vertex 39.2287 1.6 2.01
    endloop
  endfacet
  facet normal 0.235404 0.693526 0.680886
    outer loop
      vertex 41.1718 -3.09096 2.01
      vertex 41.56 -1.64207 0.4
      vertex 40.7754 -2.95641 2.01
    endloop
  endfacet
  facet normal 0.323932 0.656859 0.680885
    outer loop
      vertex 40.7754 -2.95641 2.01
      vertex 41.3494 -1.57059 0.4
      vertex 40.4 -2.77128 2.01
    endloop
  endfacet
  facet normal 0.730818 -0.0479415 0.680886
    outer loop
      vertex 40.3 0 0.4
      vertex 38.8274 0.417684 2.01
      vertex 38.8 0 2.01
    endloop
  endfacet
  facet normal 0.482907 0.550638 0.680881
    outer loop
      vertex 40.052 -2.53873 2.01
      vertex 40.9651 -1.3487 0.4
      vertex 39.7373 -2.26274 2.01
    endloop
  endfacet
  facet normal -0.0479048 0.730819 0.680888
    outer loop
      vertex 42.4177 -3.17262 2.01
      vertex 42 -1.7 0.4
      vertex 42 -3.2 2.01
    endloop
  endfacet
  facet normal -0.235392 0.693531 0.680885
    outer loop
      vertex 43.2246 -2.95641 2.01
      vertex 42.6506 -1.57059 0.4
      vertex 42.44 -1.64207 0.4
    endloop
  endfacet
  facet normal -0.656882 -0.323883 0.680886
    outer loop
      vertex 44.9564 1.22459 2.01
      vertex 44.7713 1.6 2.01
      vertex 43.5706 0.650561 0.4
    endloop
  endfacet
  facet normal 0.550683 0.482864 0.680875
    outer loop
      vertex 40.7979 -1.20208 0.4
      vertex 40.6513 -1.03489 0.4
      vertex 39.7373 -2.26274 2.01
    endloop
  endfacet
  facet normal 0.656882 0.323883 0.680886
    outer loop
      vertex 39.2287 -1.6 2.01
      vertex 40.4294 -0.650561 0.4
      vertex 39.0436 -1.22459 2.01
    endloop
  endfacet
  facet normal -0.730849 0.0477584 0.680867
    outer loop
      vertex 45.1726 -0.417684 2.01
      vertex 43.7 0 0.4
      vertex 43.6855 -0.221894 0.4
    endloop
  endfacet
  facet normal -0.693493 0.235498 0.680888
    outer loop
      vertex 44.9564 -1.22459 2.01
      vertex 45.091 -0.82822 2.01
      vertex 43.6421 -0.439992 0.4
    endloop
  endfacet
  facet normal -0.730818 0.0479415 0.680886
    outer loop
      vertex 45.1726 -0.417684 2.01
      vertex 45.2 0 2.01
      vertex 43.7 0 0.4
    endloop
  endfacet
  facet normal -0.71832 0.142941 0.68087
    outer loop
      vertex 45.1726 -0.417684 2.01
      vertex 43.6855 -0.221894 0.4
      vertex 43.6421 -0.439992 0.4
    endloop
  endfacet
  facet normal 0.718336 0.14278 0.680887
    outer loop
      vertex 38.909 -0.82822 2.01
      vertex 40.3579 -0.439992 0.4
      vertex 38.8274 -0.417684 2.01
    endloop
  endfacet
  facet normal 0.730818 0.0479415 0.680886
    outer loop
      vertex 38.8274 -0.417684 2.01
      vertex 40.3 0 0.4
      vertex 38.8 0 2.01
    endloop
  endfacet
  facet normal 0.0479048 0.730819 0.680888
    outer loop
      vertex 42 -3.2 2.01
      vertex 42 -1.7 0.4
      vertex 41.5823 -3.17262 2.01
    endloop
  endfacet
  facet normal 0.482884 -0.550663 0.680877
    outer loop
      vertex 40.7979 1.20208 0.4
      vertex 40.9651 1.3487 0.4
      vertex 39.7373 2.26274 2.01
    endloop
  endfacet
  facet normal -0.32397 -0.656835 0.68089
    outer loop
      vertex 42.85 1.47224 0.4
      vertex 43.6 2.77128 2.01
      vertex 42.6506 1.57059 0.4
    endloop
  endfacet
  facet normal -0.406924 0.608942 0.680883
    outer loop
      vertex 43.6 -2.77128 2.01
      vertex 43.948 -2.53873 2.01
      vertex 43.0349 -1.3487 0.4
    endloop
  endfacet
  facet normal -0.609007 0.406793 0.680904
    outer loop
      vertex 44.7713 -1.6 2.01
      vertex 43.4722 -0.849999 0.4
      vertex 43.3487 -1.03489 0.4
    endloop
  endfacet
  facet normal -0.482884 0.550663 0.680877
    outer loop
      vertex 44.2627 -2.26274 2.01
      vertex 43.2021 -1.20208 0.4
      vertex 43.0349 -1.3487 0.4
    endloop
  endfacet
  facet normal 0.71832 0.142941 0.68087
    outer loop
      vertex 40.3579 -0.439992 0.4
      vertex 40.3145 -0.221894 0.4
      vertex 38.8274 -0.417684 2.01
    endloop
  endfacet
  facet normal 0.656781 0.324047 0.680906
    outer loop
      vertex 40.5278 -0.849999 0.4
      vertex 40.4294 -0.650561 0.4
      vertex 39.2287 -1.6 2.01
    endloop
  endfacet
  facet normal 0.656781 -0.324047 0.680906
    outer loop
      vertex 40.4294 0.650561 0.4
      vertex 40.5278 0.849999 0.4
      vertex 39.2287 1.6 2.01
    endloop
  endfacet
  facet normal 0 0 -1
    outer loop
      vertex 43.7 0 2.01
      vertex 45.2 0 2.01
      vertex 45.1726 -0.417684 2.01
    endloop
  endfacet
  facet normal 0 0 -1
    outer loop
      vertex 43.6855 -0.221894 2.01
      vertex 45.1726 -0.417684 2.01
      vertex 45.091 -0.82822 2.01
    endloop
  endfacet
  facet normal 0 0 -1
    outer loop
      vertex 45.2 0 2.01
      vertex 43.7 0 2.01
      vertex 45.1726 0.417684 2.01
    endloop
  endfacet
  facet normal 0 0 -1
    outer loop
      vertex 43.6421 -0.439992 2.01
      vertex 45.091 -0.82822 2.01
      vertex 44.9564 -1.22459 2.01
    endloop
  endfacet
  facet normal 0 0 -1
    outer loop
      vertex 43.6855 0.221894 2.01
      vertex 45.1726 0.417684 2.01
      vertex 43.7 0 2.01
    endloop
  endfacet
  facet normal 0 0 -1
    outer loop
      vertex 43.5706 -0.650561 2.01
      vertex 44.9564 -1.22459 2.01
      vertex 44.7713 -1.6 2.01
    endloop
  endfacet
  facet normal -0 0 -1
    outer loop
      vertex 45.1726 0.417684 2.01
      vertex 43.6855 0.221894 2.01
      vertex 45.091 0.82822 2.01
    endloop
  endfacet
  facet normal 0 0 -1
    outer loop
      vertex 43.4722 -0.849999 2.01
      vertex 44.7713 -1.6 2.01
      vertex 44.5387 -1.94804 2.01
    endloop
  endfacet
  facet normal 0 0 -1
    outer loop
      vertex 43.6421 0.439992 2.01
      vertex 45.091 0.82822 2.01
      vertex 43.6855 0.221894 2.01
    endloop
  endfacet
  facet normal 0 0 -1
    outer loop
      vertex 43.3487 -1.03489 2.01
      vertex 44.5387 -1.94804 2.01
      vertex 44.2627 -2.26274 2.01
    endloop
  endfacet
  facet normal -0 0 -1
    outer loop
      vertex 45.091 0.82822 2.01
      vertex 43.6421 0.439992 2.01
      vertex 44.9564 1.22459 2.01
    endloop
  endfacet
  facet normal 0 0 -1
    outer loop
      vertex 43.2021 -1.20208 2.01
      vertex 44.2627 -2.26274 2.01
      vertex 43.948 -2.53873 2.01
    endloop
  endfacet
  facet normal 0 0 -1
    outer loop
      vertex 43.5706 0.650561 2.01
      vertex 44.9564 1.22459 2.01
      vertex 43.6421 0.439992 2.01
    endloop
  endfacet
  facet normal -0 0 -1
    outer loop
      vertex 44.9564 1.22459 2.01
      vertex 43.5706 0.650561 2.01
      vertex 44.7713 1.6 2.01
    endloop
  endfacet
  facet normal 0 0 -1
    outer loop
      vertex 45.1726 -0.417684 2.01
      vertex 43.6855 -0.221894 2.01
      vertex 43.7 0 2.01
    endloop
  endfacet
  facet normal 0 0 -1
    outer loop
      vertex 45.091 -0.82822 2.01
      vertex 43.6421 -0.439992 2.01
      vertex 43.6855 -0.221894 2.01
    endloop
  endfacet
  facet normal 0 0 -1
    outer loop
      vertex 43.0349 -1.3487 2.01
      vertex 43.948 -2.53873 2.01
      vertex 43.6 -2.77128 2.01
    endloop
  endfacet
  facet normal 0 0 -1
    outer loop
      vertex 44.9564 -1.22459 2.01
      vertex 43.5706 -0.650561 2.01
      vertex 43.6421 -0.439992 2.01
    endloop
  endfacet
  facet normal 0 0 -1
    outer loop
      vertex 44.7713 -1.6 2.01
      vertex 43.4722 -0.849999 2.01
      vertex 43.5706 -0.650561 2.01
    endloop
  endfacet
  facet normal 0 0 -1
    outer loop
      vertex 44.5387 -1.94804 2.01
      vertex 43.3487 -1.03489 2.01
      vertex 43.4722 -0.849999 2.01
    endloop
  endfacet
  facet normal 0 0 -1
    outer loop
      vertex 42.85 -1.47224 2.01
      vertex 43.6 -2.77128 2.01
      vertex 43.2246 -2.95641 2.01
    endloop
  endfacet
  facet normal 0 0 -1
    outer loop
      vertex 44.2627 -2.26274 2.01
      vertex 43.2021 -1.20208 2.01
      vertex 43.3487 -1.03489 2.01
    endloop
  endfacet
  facet normal 0 0 -1
    outer loop
      vertex 43.948 -2.53873 2.01
      vertex 43.0349 -1.3487 2.01
      vertex 43.2021 -1.20208 2.01
    endloop
  endfacet
  facet normal 0 0 -1
    outer loop
      vertex 43.6 -2.77128 2.01
      vertex 42.85 -1.47224 2.01
      vertex 43.0349 -1.3487 2.01
    endloop
  endfacet
  facet normal 0 0 -1
    outer loop
      vertex 42.6506 -1.57059 2.01
      vertex 43.2246 -2.95641 2.01
      vertex 42.8282 -3.09096 2.01
    endloop
  endfacet
  facet normal 0 0 -1
    outer loop
      vertex 43.2246 -2.95641 2.01
      vertex 42.6506 -1.57059 2.01
      vertex 42.85 -1.47224 2.01
    endloop
  endfacet
  facet normal 0 0 -1
    outer loop
      vertex 42.8282 -3.09096 2.01
      vertex 42.44 -1.64207 2.01
      vertex 42.6506 -1.57059 2.01
    endloop
  endfacet
  facet normal 0 0 -1
    outer loop
      vertex 42.4177 -3.17262 2.01
      vertex 42.44 -1.64207 2.01
      vertex 42.8282 -3.09096 2.01
    endloop
  endfacet
  facet normal 0 0 -1
    outer loop
      vertex 42.4177 -3.17262 2.01
      vertex 42.2219 -1.68546 2.01
      vertex 42.44 -1.64207 2.01
    endloop
  endfacet
  facet normal 0 0 -1
    outer loop
      vertex 42 -3.2 2.01
      vertex 42.2219 -1.68546 2.01
      vertex 42.4177 -3.17262 2.01
    endloop
  endfacet
  facet normal 0 0 -1
    outer loop
      vertex 42 -3.2 2.01
      vertex 42 -1.7 2.01
      vertex 42.2219 -1.68546 2.01
    endloop
  endfacet
  facet normal 0 0 -1
    outer loop
      vertex 42 -3.2 2.01
      vertex 41.7781 -1.68546 2.01
      vertex 42 -1.7 2.01
    endloop
  endfacet
  facet normal 0 0 -1
    outer loop
      vertex 41.5823 -3.17262 2.01
      vertex 41.7781 -1.68546 2.01
      vertex 42 -3.2 2.01
    endloop
  endfacet
  facet normal 0 0 -1
    outer loop
      vertex 41.5823 -3.17262 2.01
      vertex 41.56 -1.64207 2.01
      vertex 41.7781 -1.68546 2.01
    endloop
  endfacet
  facet normal 0 0 -1
    outer loop
      vertex 41.1718 -3.09096 2.01
      vertex 41.56 -1.64207 2.01
      vertex 41.5823 -3.17262 2.01
    endloop
  endfacet
  facet normal -0 0 -1
    outer loop
      vertex 41.56 -1.64207 2.01
      vertex 41.1718 -3.09096 2.01
      vertex 41.3494 -1.57059 2.01
    endloop
  endfacet
  facet normal 0 0 -1
    outer loop
      vertex 40.7754 -2.95641 2.01
      vertex 41.3494 -1.57059 2.01
      vertex 41.1718 -3.09096 2.01
    endloop
  endfacet
  facet normal -0 0 -1
    outer loop
      vertex 41.3494 -1.57059 2.01
      vertex 40.7754 -2.95641 2.01
      vertex 41.15 -1.47224 2.01
    endloop
  endfacet
  facet normal 0 0 -1
    outer loop
      vertex 40.4 -2.77128 2.01
      vertex 41.15 -1.47224 2.01
      vertex 40.7754 -2.95641 2.01
    endloop
  endfacet
  facet normal -0 0 -1
    outer loop
      vertex 41.15 -1.47224 2.01
      vertex 40.4 -2.77128 2.01
      vertex 40.9651 -1.3487 2.01
    endloop
  endfacet
  facet normal 0 0 -1
    outer loop
      vertex 40.052 -2.53873 2.01
      vertex 40.9651 -1.3487 2.01
      vertex 40.4 -2.77128 2.01
    endloop
  endfacet
  facet normal -0 0 -1
    outer loop
      vertex 40.9651 -1.3487 2.01
      vertex 40.052 -2.53873 2.01
      vertex 40.7979 -1.20208 2.01
    endloop
  endfacet
  facet normal 0 0 -1
    outer loop
      vertex 39.7373 -2.26274 2.01
      vertex 40.7979 -1.20208 2.01
      vertex 40.052 -2.53873 2.01
    endloop
  endfacet
  facet normal -0 0 -1
    outer loop
      vertex 40.7979 -1.20208 2.01
      vertex 39.7373 -2.26274 2.01
      vertex 40.6513 -1.03489 2.01
    endloop
  endfacet
  facet normal 0 0 -1
    outer loop
      vertex 39.4613 -1.94804 2.01
      vertex 40.6513 -1.03489 2.01
      vertex 39.7373 -2.26274 2.01
    endloop
  endfacet
  facet normal -0 0 -1
    outer loop
      vertex 40.6513 -1.03489 2.01
      vertex 39.4613 -1.94804 2.01
      vertex 40.5278 -0.849999 2.01
    endloop
  endfacet
  facet normal 0 0 -1
    outer loop
      vertex 39.2287 -1.6 2.01
      vertex 40.5278 -0.849999 2.01
      vertex 39.4613 -1.94804 2.01
    endloop
  endfacet
  facet normal -0 0 -1
    outer loop
      vertex 40.5278 -0.849999 2.01
      vertex 39.2287 -1.6 2.01
      vertex 40.4294 -0.650561 2.01
    endloop
  endfacet
  facet normal 0 0 -1
    outer loop
      vertex 43.4722 0.849999 2.01
      vertex 44.7713 1.6 2.01
      vertex 43.5706 0.650561 2.01
    endloop
  endfacet
  facet normal -0 0 -1
    outer loop
      vertex 44.7713 1.6 2.01
      vertex 43.4722 0.849999 2.01
      vertex 44.5387 1.94804 2.01
    endloop
  endfacet
  facet normal 0 0 -1
    outer loop
      vertex 43.3487 1.03489 2.01
      vertex 44.5387 1.94804 2.01
      vertex 43.4722 0.849999 2.01
    endloop
  endfacet
  facet normal -0 0 -1
    outer loop
      vertex 44.5387 1.94804 2.01
      vertex 43.3487 1.03489 2.01
      vertex 44.2627 2.26274 2.01
    endloop
  endfacet
  facet normal 0 0 -1
    outer loop
      vertex 43.2021 1.20208 2.01
      vertex 44.2627 2.26274 2.01
      vertex 43.3487 1.03489 2.01
    endloop
  endfacet
  facet normal -0 0 -1
    outer loop
      vertex 44.2627 2.26274 2.01
      vertex 43.2021 1.20208 2.01
      vertex 43.948 2.53873 2.01
    endloop
  endfacet
  facet normal 0 0 -1
    outer loop
      vertex 43.0349 1.3487 2.01
      vertex 43.948 2.53873 2.01
      vertex 43.2021 1.20208 2.01
    endloop
  endfacet
  facet normal -0 0 -1
    outer loop
      vertex 43.948 2.53873 2.01
      vertex 43.0349 1.3487 2.01
      vertex 43.6 2.77128 2.01
    endloop
  endfacet
  facet normal 0 0 -1
    outer loop
      vertex 42.85 1.47224 2.01
      vertex 43.6 2.77128 2.01
      vertex 43.0349 1.3487 2.01
    endloop
  endfacet
  facet normal -0 0 -1
    outer loop
      vertex 43.6 2.77128 2.01
      vertex 42.85 1.47224 2.01
      vertex 43.2246 2.95641 2.01
    endloop
  endfacet
  facet normal 0 0 -1
    outer loop
      vertex 42.6506 1.57059 2.01
      vertex 43.2246 2.95641 2.01
      vertex 42.85 1.47224 2.01
    endloop
  endfacet
  facet normal -0 0 -1
    outer loop
      vertex 43.2246 2.95641 2.01
      vertex 42.6506 1.57059 2.01
      vertex 42.8282 3.09096 2.01
    endloop
  endfacet
  facet normal 0 0 -1
    outer loop
      vertex 42.44 1.64207 2.01
      vertex 42.8282 3.09096 2.01
      vertex 42.6506 1.57059 2.01
    endloop
  endfacet
  facet normal 0 0 -1
    outer loop
      vertex 42.44 1.64207 2.01
      vertex 42.4177 3.17262 2.01
      vertex 42.8282 3.09096 2.01
    endloop
  endfacet
  facet normal 0 0 -1
    outer loop
      vertex 42.2219 1.68546 2.01
      vertex 42.4177 3.17262 2.01
      vertex 42.44 1.64207 2.01
    endloop
  endfacet
  facet normal 0 0 -1
    outer loop
      vertex 42 1.7 2.01
      vertex 42.4177 3.17262 2.01
      vertex 42.2219 1.68546 2.01
    endloop
  endfacet
  facet normal 0 0 -1
    outer loop
      vertex 42 1.7 2.01
      vertex 42 3.2 2.01
      vertex 42.4177 3.17262 2.01
    endloop
  endfacet
  facet normal 0 0 -1
    outer loop
      vertex 41.7781 1.68546 2.01
      vertex 42 3.2 2.01
      vertex 42 1.7 2.01
    endloop
  endfacet
  facet normal 0 0 -1
    outer loop
      vertex 41.7781 1.68546 2.01
      vertex 41.5823 3.17262 2.01
      vertex 42 3.2 2.01
    endloop
  endfacet
  facet normal 0 0 -1
    outer loop
      vertex 41.56 1.64207 2.01
      vertex 41.5823 3.17262 2.01
      vertex 41.7781 1.68546 2.01
    endloop
  endfacet
  facet normal 0 0 -1
    outer loop
      vertex 41.1718 3.09096 2.01
      vertex 41.56 1.64207 2.01
      vertex 41.3494 1.57059 2.01
    endloop
  endfacet
  facet normal 0 0 -1
    outer loop
      vertex 41.56 1.64207 2.01
      vertex 41.1718 3.09096 2.01
      vertex 41.5823 3.17262 2.01
    endloop
  endfacet
  facet normal 0 0 -1
    outer loop
      vertex 40.7754 2.95641 2.01
      vertex 41.3494 1.57059 2.01
      vertex 41.15 1.47224 2.01
    endloop
  endfacet
  facet normal 0 0 -1
    outer loop
      vertex 40.4 2.77128 2.01
      vertex 41.15 1.47224 2.01
      vertex 40.9651 1.3487 2.01
    endloop
  endfacet
  facet normal 0 0 -1
    outer loop
      vertex 40.052 2.53873 2.01
      vertex 40.9651 1.3487 2.01
      vertex 40.7979 1.20208 2.01
    endloop
  endfacet
  facet normal 0 0 -1
    outer loop
      vertex 41.3494 1.57059 2.01
      vertex 40.7754 2.95641 2.01
      vertex 41.1718 3.09096 2.01
    endloop
  endfacet
  facet normal 0 0 -1
    outer loop
      vertex 39.7373 2.26274 2.01
      vertex 40.7979 1.20208 2.01
      vertex 40.6513 1.03489 2.01
    endloop
  endfacet
  facet normal 0 0 -1
    outer loop
      vertex 39.4613 1.94804 2.01
      vertex 40.6513 1.03489 2.01
      vertex 40.5278 0.849999 2.01
    endloop
  endfacet
  facet normal 0 0 -1
    outer loop
      vertex 39.2287 1.6 2.01
      vertex 40.5278 0.849999 2.01
      vertex 40.4294 0.650561 2.01
    endloop
  endfacet
  facet normal 0 0 -1
    outer loop
      vertex 41.15 1.47224 2.01
      vertex 40.4 2.77128 2.01
      vertex 40.7754 2.95641 2.01
    endloop
  endfacet
  facet normal 0 0 -1
    outer loop
      vertex 39.0436 1.22459 2.01
      vertex 40.4294 0.650561 2.01
      vertex 40.3579 0.439992 2.01
    endloop
  endfacet
  facet normal 0 0 -1
    outer loop
      vertex 38.909 0.82822 2.01
      vertex 40.3579 0.439992 2.01
      vertex 40.3145 0.221894 2.01
    endloop
  endfacet
  facet normal 0 0 -1
    outer loop
      vertex 38.8274 0.417684 2.01
      vertex 40.3145 0.221894 2.01
      vertex 40.3 0 2.01
    endloop
  endfacet
  facet normal 0 0 -1
    outer loop
      vertex 39.0436 -1.22459 2.01
      vertex 40.4294 -0.650561 2.01
      vertex 39.2287 -1.6 2.01
    endloop
  endfacet
  facet normal 0 0 -1
    outer loop
      vertex 40.9651 1.3487 2.01
      vertex 40.052 2.53873 2.01
      vertex 40.4 2.77128 2.01
    endloop
  endfacet
  facet normal -0 0 -1
    outer loop
      vertex 40.4294 -0.650561 2.01
      vertex 39.0436 -1.22459 2.01
      vertex 40.3579 -0.439992 2.01
    endloop
  endfacet
  facet normal 0 0 -1
    outer loop
      vertex 40.7979 1.20208 2.01
      vertex 39.7373 2.26274 2.01
      vertex 40.052 2.53873 2.01
    endloop
  endfacet
  facet normal 0 0 -1
    outer loop
      vertex 38.909 -0.82822 2.01
      vertex 40.3579 -0.439992 2.01
      vertex 39.0436 -1.22459 2.01
    endloop
  endfacet
  facet normal 0 0 -1
    outer loop
      vertex 40.6513 1.03489 2.01
      vertex 39.4613 1.94804 2.01
      vertex 39.7373 2.26274 2.01
    endloop
  endfacet
  facet normal -0 0 -1
    outer loop
      vertex 40.3579 -0.439992 2.01
      vertex 38.909 -0.82822 2.01
      vertex 40.3145 -0.221894 2.01
    endloop
  endfacet
  facet normal 0 0 -1
    outer loop
      vertex 40.5278 0.849999 2.01
      vertex 39.2287 1.6 2.01
      vertex 39.4613 1.94804 2.01
    endloop
  endfacet
  facet normal 0 0 -1
    outer loop
      vertex 38.8274 -0.417684 2.01
      vertex 40.3145 -0.221894 2.01
      vertex 38.909 -0.82822 2.01
    endloop
  endfacet
  facet normal 0 0 -1
    outer loop
      vertex 40.4294 0.650561 2.01
      vertex 39.0436 1.22459 2.01
      vertex 39.2287 1.6 2.01
    endloop
  endfacet
  facet normal -0 0 -1
    outer loop
      vertex 40.3145 -0.221894 2.01
      vertex 38.8274 -0.417684 2.01
      vertex 40.3 0 2.01
    endloop
  endfacet
  facet normal 0 0 -1
    outer loop
      vertex 40.3579 0.439992 2.01
      vertex 38.909 0.82822 2.01
      vertex 39.0436 1.22459 2.01
    endloop
  endfacet
  facet normal 0 0 -1
    outer loop
      vertex 38.8 0 2.01
      vertex 40.3 0 2.01
      vertex 38.8274 -0.417684 2.01
    endloop
  endfacet
  facet normal 0 0 -1
    outer loop
      vertex 40.3145 0.221894 2.01
      vertex 38.8274 0.417684 2.01
      vertex 38.909 0.82822 2.01
    endloop
  endfacet
  facet normal 0 0 -1
    outer loop
      vertex 40.3 0 2.01
      vertex 38.8 0 2.01
      vertex 38.8274 0.417684 2.01
    endloop
  endfacet
  facet normal 0.608922 0.406951 0.680885
    outer loop
      vertex 39.4613 -1.94804 2.01
      vertex 40.6513 -1.03489 0.4
      vertex 39.2287 -1.6 2.01
    endloop
  endfacet
  facet normal 0.482907 -0.550638 0.680881
    outer loop
      vertex 40.9651 1.3487 0.4
      vertex 40.052 2.53873 2.01
      vertex 39.7373 2.26274 2.01
    endloop
  endfacet
  facet normal -0.323932 -0.656859 0.680885
    outer loop
      vertex 43.6 2.77128 2.01
      vertex 43.2246 2.95641 2.01
      vertex 42.6506 1.57059 0.4
    endloop
  endfacet
  facet normal 0.550628 0.482915 0.680883
    outer loop
      vertex 39.7373 -2.26274 2.01
      vertex 40.6513 -1.03489 0.4
      vertex 39.4613 -1.94804 2.01
    endloop
  endfacet
  facet normal -0.550683 0.482864 0.680875
    outer loop
      vertex 44.2627 -2.26274 2.01
      vertex 43.3487 -1.03489 0.4
      vertex 43.2021 -1.20208 0.4
    endloop
  endfacet
  facet normal -0.656781 0.324047 0.680906
    outer loop
      vertex 44.7713 -1.6 2.01
      vertex 43.5706 -0.650561 0.4
      vertex 43.4722 -0.849999 0.4
    endloop
  endfacet
  facet normal -0.142905 0.718312 0.680886
    outer loop
      vertex 42.4177 -3.17262 2.01
      vertex 42.44 -1.64207 0.4
      vertex 42.2219 -1.68546 0.4
    endloop
  endfacet
  facet normal 0.609007 -0.406793 0.680904
    outer loop
      vertex 40.5278 0.849999 0.4
      vertex 40.6513 1.03489 0.4
      vertex 39.2287 1.6 2.01
    endloop
  endfacet
  facet normal -0.32397 0.656835 0.68089
    outer loop
      vertex 43.6 -2.77128 2.01
      vertex 42.85 -1.47224 0.4
      vertex 42.6506 -1.57059 0.4
    endloop
  endfacet
  facet normal 0.406878 0.608967 0.680889
    outer loop
      vertex 41.15 -1.47224 0.4
      vertex 40.9651 -1.3487 0.4
      vertex 40.4 -2.77128 2.01
    endloop
  endfacet
  facet normal 0.0478871 0.730822 0.680886
    outer loop
      vertex 42 -1.7 0.4
      vertex 41.7781 -1.68546 0.4
      vertex 41.5823 -3.17262 2.01
    endloop
  endfacet
  facet normal 0.142905 0.718312 0.680886
    outer loop
      vertex 41.5823 -3.17262 2.01
      vertex 41.7781 -1.68546 0.4
      vertex 41.56 -1.64207 0.4
    endloop
  endfacet
  facet normal 0.482884 0.550663 0.680877
    outer loop
      vertex 40.9651 -1.3487 0.4
      vertex 40.7979 -1.20208 0.4
      vertex 39.7373 -2.26274 2.01
    endloop
  endfacet
  facet normal 0.142893 0.718314 0.680887
    outer loop
      vertex 41.5823 -3.17262 2.01
      vertex 41.56 -1.64207 0.4
      vertex 41.1718 -3.09096 2.01
    endloop
  endfacet
  facet normal 0.406924 -0.608942 0.680883
    outer loop
      vertex 40.9651 1.3487 0.4
      vertex 40.4 2.77128 2.01
      vertex 40.052 2.53873 2.01
    endloop
  endfacet
  facet normal 0.693493 -0.235498 0.680888
    outer loop
      vertex 40.3579 0.439992 0.4
      vertex 39.0436 1.22459 2.01
      vertex 38.909 0.82822 2.01
    endloop
  endfacet
  facet normal -0.406924 -0.608942 0.680883
    outer loop
      vertex 43.948 2.53873 2.01
      vertex 43.6 2.77128 2.01
      vertex 43.0349 1.3487 0.4
    endloop
  endfacet
  facet normal -0.482907 -0.550638 0.680881
    outer loop
      vertex 44.2627 2.26274 2.01
      vertex 43.948 2.53873 2.01
      vertex 43.0349 1.3487 0.4
    endloop
  endfacet
  facet normal -0.550628 -0.482915 0.680883
    outer loop
      vertex 44.5387 1.94804 2.01
      vertex 44.2627 2.26274 2.01
      vertex 43.3487 1.03489 0.4
    endloop
  endfacet
  facet normal -0.656781 -0.324047 0.680906
    outer loop
      vertex 43.5706 0.650561 0.4
      vertex 44.7713 1.6 2.01
      vertex 43.4722 0.849999 0.4
    endloop
  endfacet
  facet normal -0.482907 0.550638 0.680881
    outer loop
      vertex 43.948 -2.53873 2.01
      vertex 44.2627 -2.26274 2.01
      vertex 43.0349 -1.3487 0.4
    endloop
  endfacet
  facet normal -0.656882 0.323883 0.680886
    outer loop
      vertex 44.7713 -1.6 2.01
      vertex 44.9564 -1.22459 2.01
      vertex 43.5706 -0.650561 0.4
    endloop
  endfacet
  facet normal -0.235392 -0.693531 0.680885
    outer loop
      vertex 42.6506 1.57059 0.4
      vertex 43.2246 2.95641 2.01
      vertex 42.44 1.64207 0.4
    endloop
  endfacet
  facet normal -0.142893 -0.718314 0.680887
    outer loop
      vertex 42.44 1.64207 0.4
      vertex 42.8282 3.09096 2.01
      vertex 42.4177 3.17262 2.01
    endloop
  endfacet
  facet normal 0.235392 -0.693531 0.680885
    outer loop
      vertex 41.3494 1.57059 0.4
      vertex 41.56 1.64207 0.4
      vertex 40.7754 2.95641 2.01
    endloop
  endfacet
  facet normal 0.550683 -0.482864 0.680875
    outer loop
      vertex 40.6513 1.03489 0.4
      vertex 40.7979 1.20208 0.4
      vertex 39.7373 2.26274 2.01
    endloop
  endfacet
  facet normal 0.609007 0.406793 0.680904
    outer loop
      vertex 40.6513 -1.03489 0.4
      vertex 40.5278 -0.849999 0.4
      vertex 39.2287 -1.6 2.01
    endloop
  endfacet
  facet normal 0.693493 0.235498 0.680888
    outer loop
      vertex 39.0436 -1.22459 2.01
      vertex 40.3579 -0.439992 0.4
      vertex 38.909 -0.82822 2.01
    endloop
  endfacet
  facet normal 0.6935 0.235482 0.680886
    outer loop
      vertex 40.4294 -0.650561 0.4
      vertex 40.3579 -0.439992 0.4
      vertex 39.0436 -1.22459 2.01
    endloop
  endfacet
  facet normal -0.235404 -0.693526 0.680886
    outer loop
      vertex 43.2246 2.95641 2.01
      vertex 42.8282 3.09096 2.01
      vertex 42.44 1.64207 0.4
    endloop
  endfacet
  facet normal 0.730849 -0.0477584 0.680867
    outer loop
      vertex 40.3 0 0.4
      vertex 40.3145 0.221894 0.4
      vertex 38.8274 0.417684 2.01
    endloop
  endfacet
  facet normal 0.656882 -0.323883 0.680886
    outer loop
      vertex 40.4294 0.650561 0.4
      vertex 39.2287 1.6 2.01
      vertex 39.0436 1.22459 2.01
    endloop
  endfacet
  facet normal 0.730849 0.0477584 0.680867
    outer loop
      vertex 40.3145 -0.221894 0.4
      vertex 40.3 0 0.4
      vertex 38.8274 -0.417684 2.01
    endloop
  endfacet
  facet normal -0.482884 -0.550663 0.680877
    outer loop
      vertex 43.2021 1.20208 0.4
      vertex 44.2627 2.26274 2.01
      vertex 43.0349 1.3487 0.4
    endloop
  endfacet
  facet normal 0.718336 -0.14278 0.680887
    outer loop
      vertex 40.3579 0.439992 0.4
      vertex 38.909 0.82822 2.01
      vertex 38.8274 0.417684 2.01
    endloop
  endfacet
  facet normal -0.550683 -0.482864 0.680875
    outer loop
      vertex 43.3487 1.03489 0.4
      vertex 44.2627 2.26274 2.01
      vertex 43.2021 1.20208 0.4
    endloop
  endfacet
  facet normal -0.406878 0.608967 0.680889
    outer loop
      vertex 43.6 -2.77128 2.01
      vertex 43.0349 -1.3487 0.4
      vertex 42.85 -1.47224 0.4
    endloop
  endfacet
  facet normal -0.608922 -0.406951 0.680885
    outer loop
      vertex 44.7713 1.6 2.01
      vertex 44.5387 1.94804 2.01
      vertex 43.3487 1.03489 0.4
    endloop
  endfacet
  facet normal -0.0479048 -0.730819 0.680888
    outer loop
      vertex 42.4177 3.17262 2.01
      vertex 42 3.2 2.01
      vertex 42 1.7 0.4
    endloop
  endfacet
  facet normal 0.323932 -0.656859 0.680885
    outer loop
      vertex 41.3494 1.57059 0.4
      vertex 40.7754 2.95641 2.01
      vertex 40.4 2.77128 2.01
    endloop
  endfacet
  facet normal 0.235404 -0.693526 0.680886
    outer loop
      vertex 41.56 1.64207 0.4
      vertex 41.1718 3.09096 2.01
      vertex 40.7754 2.95641 2.01
    endloop
  endfacet
  facet normal 0.32397 -0.656835 0.68089
    outer loop
      vertex 41.15 1.47224 0.4
      vertex 41.3494 1.57059 0.4
      vertex 40.4 2.77128 2.01
    endloop
  endfacet
  facet normal 0.406878 -0.608967 0.680889
    outer loop
      vertex 40.9651 1.3487 0.4
      vertex 41.15 1.47224 0.4
      vertex 40.4 2.77128 2.01
    endloop
  endfacet
  facet normal -0.609007 -0.406793 0.680904
    outer loop
      vertex 43.4722 0.849999 0.4
      vertex 44.7713 1.6 2.01
      vertex 43.3487 1.03489 0.4
    endloop
  endfacet
  facet normal -0.718336 -0.14278 0.680887
    outer loop
      vertex 45.1726 0.417684 2.01
      vertex 45.091 0.82822 2.01
      vertex 43.6421 0.439992 0.4
    endloop
  endfacet
  facet normal -0.71832 -0.142941 0.68087
    outer loop
      vertex 43.6855 0.221894 0.4
      vertex 45.1726 0.417684 2.01
      vertex 43.6421 0.439992 0.4
    endloop
  endfacet
  facet normal 0.71832 -0.142941 0.68087
    outer loop
      vertex 40.3145 0.221894 0.4
      vertex 40.3579 0.439992 0.4
      vertex 38.8274 0.417684 2.01
    endloop
  endfacet
  facet normal -0.142905 -0.718312 0.680886
    outer loop
      vertex 42.44 1.64207 0.4
      vertex 42.4177 3.17262 2.01
      vertex 42.2219 1.68546 0.4
    endloop
  endfacet
  facet normal 0.0479048 -0.730819 0.680888
    outer loop
      vertex 42 1.7 0.4
      vertex 42 3.2 2.01
      vertex 41.5823 3.17262 2.01
    endloop
  endfacet
  facet normal 0.0478871 -0.730822 0.680886
    outer loop
      vertex 41.7781 1.68546 0.4
      vertex 42 1.7 0.4
      vertex 41.5823 3.17262 2.01
    endloop
  endfacet
  facet normal -0.6935 -0.235482 0.680886
    outer loop
      vertex 43.6421 0.439992 0.4
      vertex 44.9564 1.22459 2.01
      vertex 43.5706 0.650561 0.4
    endloop
  endfacet
  facet normal -0.98077 -0.195165 0
    outer loop
      vertex 43.6855 80.2219 0
      vertex 43.6421 80.44 0.4
      vertex 43.6421 80.44 0
    endloop
  endfacet
  facet normal -0.98077 -0.195165 0
    outer loop
      vertex 43.6421 80.44 0.4
      vertex 43.6855 80.2219 0
      vertex 43.6855 80.2219 0.4
    endloop
  endfacet
  facet normal -0.98077 -0.195165 0
    outer loop
      vertex 43.6855 80.2219 2.01
      vertex 43.6421 80.44 3
      vertex 43.6421 80.44 2.01
    endloop
  endfacet
  facet normal -0.98077 -0.195165 0
    outer loop
      vertex 43.6421 80.44 3
      vertex 43.6855 80.2219 2.01
      vertex 43.6855 80.2219 3
    endloop
  endfacet
  facet normal -0.997872 -0.0652057 0
    outer loop
      vertex 43.7 80 0
      vertex 43.6855 80.2219 0.4
      vertex 43.6855 80.2219 0
    endloop
  endfacet
  facet normal -0.997872 -0.0652057 0
    outer loop
      vertex 43.6855 80.2219 0.4
      vertex 43.7 80 0
      vertex 43.7 80 0.4
    endloop
  endfacet
  facet normal -0.997872 -0.0652057 0
    outer loop
      vertex 43.7 80 2.01
      vertex 43.6855 80.2219 3
      vertex 43.6855 80.2219 2.01
    endloop
  endfacet
  facet normal -0.997872 -0.0652057 0
    outer loop
      vertex 43.6855 80.2219 3
      vertex 43.7 80 2.01
      vertex 43.7 80 3
    endloop
  endfacet
  facet normal -0.0652057 0.997872 0
    outer loop
      vertex 42.2219 78.3145 2.01
      vertex 42 78.3 3
      vertex 42.2219 78.3145 3
    endloop
  endfacet
  facet normal -0.0652057 0.997872 0
    outer loop
      vertex 42 78.3 3
      vertex 42.2219 78.3145 2.01
      vertex 42 78.3 2.01
    endloop
  endfacet
  facet normal -0.0652057 0.997872 0
    outer loop
      vertex 42.2219 78.3145 0
      vertex 42 78.3 0.4
      vertex 42.2219 78.3145 0.4
    endloop
  endfacet
  facet normal -0.0652057 0.997872 0
    outer loop
      vertex 42 78.3 0.4
      vertex 42.2219 78.3145 0
      vertex 42 78.3 0
    endloop
  endfacet
  facet normal 0.659268 -0.751908 0
    outer loop
      vertex 40.7979 81.2021 0
      vertex 40.9651 81.3487 0.4
      vertex 40.7979 81.2021 0.4
    endloop
  endfacet
  facet normal 0.659268 -0.751908 0
    outer loop
      vertex 40.9651 81.3487 0.4
      vertex 40.7979 81.2021 0
      vertex 40.9651 81.3487 0
    endloop
  endfacet
  facet normal 0.659268 -0.751908 0
    outer loop
      vertex 40.7979 81.2021 2.01
      vertex 40.9651 81.3487 3
      vertex 40.7979 81.2021 3
    endloop
  endfacet
  facet normal 0.659268 -0.751908 0
    outer loop
      vertex 40.9651 81.3487 3
      vertex 40.7979 81.2021 2.01
      vertex 40.9651 81.3487 2.01
    endloop
  endfacet
  facet normal 0.831566 0.555426 0
    outer loop
      vertex 40.6513 78.9651 0.4
      vertex 40.5278 79.15 0
      vertex 40.5278 79.15 0.4
    endloop
  endfacet
  facet normal 0.831566 0.555426 0
    outer loop
      vertex 40.5278 79.15 0
      vertex 40.6513 78.9651 0.4
      vertex 40.6513 78.9651 0
    endloop
  endfacet
  facet normal 0.831566 0.555426 0
    outer loop
      vertex 40.6513 78.9651 3
      vertex 40.5278 79.15 2.01
      vertex 40.5278 79.15 3
    endloop
  endfacet
  facet normal 0.831566 0.555426 0
    outer loop
      vertex 40.5278 79.15 2.01
      vertex 40.6513 78.9651 3
      vertex 40.6513 78.9651 2.01
    endloop
  endfacet
  facet normal 0.195165 0.98077 -0
    outer loop
      vertex 41.7781 78.3145 2.01
      vertex 41.56 78.3579 3
      vertex 41.7781 78.3145 3
    endloop
  endfacet
  facet normal 0.195165 0.98077 0
    outer loop
      vertex 41.56 78.3579 3
      vertex 41.7781 78.3145 2.01
      vertex 41.56 78.3579 2.01
    endloop
  endfacet
  facet normal 0.195165 0.98077 -0
    outer loop
      vertex 41.7781 78.3145 0
      vertex 41.56 78.3579 0.4
      vertex 41.7781 78.3145 0.4
    endloop
  endfacet
  facet normal 0.195165 0.98077 0
    outer loop
      vertex 41.56 78.3579 0.4
      vertex 41.7781 78.3145 0
      vertex 41.56 78.3579 0
    endloop
  endfacet
  facet normal -0.659268 -0.751908 0
    outer loop
      vertex 43.0349 81.3487 0
      vertex 43.2021 81.2021 0.4
      vertex 43.0349 81.3487 0.4
    endloop
  endfacet
  facet normal -0.659268 -0.751908 -0
    outer loop
      vertex 43.2021 81.2021 0.4
      vertex 43.0349 81.3487 0
      vertex 43.2021 81.2021 0
    endloop
  endfacet
  facet normal -0.659268 -0.751908 0
    outer loop
      vertex 43.0349 81.3487 2.01
      vertex 43.2021 81.2021 3
      vertex 43.0349 81.3487 3
    endloop
  endfacet
  facet normal -0.659268 -0.751908 -0
    outer loop
      vertex 43.2021 81.2021 3
      vertex 43.0349 81.3487 2.01
      vertex 43.2021 81.2021 2.01
    endloop
  endfacet
  facet normal -0.946915 0.321484 0
    outer loop
      vertex 43.5706 79.3494 2.01
      vertex 43.6421 79.56 3
      vertex 43.6421 79.56 2.01
    endloop
  endfacet
  facet normal -0.946915 0.321484 0
    outer loop
      vertex 43.6421 79.56 3
      vertex 43.5706 79.3494 2.01
      vertex 43.5706 79.3494 3
    endloop
  endfacet
  facet normal -0.946915 0.321484 0
    outer loop
      vertex 43.5706 79.3494 0
      vertex 43.6421 79.56 0.4
      vertex 43.6421 79.56 0
    endloop
  endfacet
  facet normal -0.946915 0.321484 0
    outer loop
      vertex 43.6421 79.56 0.4
      vertex 43.5706 79.3494 0
      vertex 43.5706 79.3494 0.4
    endloop
  endfacet
  facet normal -0.751908 0.659268 0
    outer loop
      vertex 43.2021 78.7979 0
      vertex 43.3487 78.9651 0.4
      vertex 43.3487 78.9651 0
    endloop
  endfacet
  facet normal -0.751908 0.659268 0
    outer loop
      vertex 43.3487 78.9651 0.4
      vertex 43.2021 78.7979 0
      vertex 43.2021 78.7979 0.4
    endloop
  endfacet
  facet normal -0.751908 0.659268 0
    outer loop
      vertex 43.2021 78.7979 2.01
      vertex 43.3487 78.9651 3
      vertex 43.3487 78.9651 2.01
    endloop
  endfacet
  facet normal -0.751908 0.659268 0
    outer loop
      vertex 43.3487 78.9651 3
      vertex 43.2021 78.7979 2.01
      vertex 43.2021 78.7979 3
    endloop
  endfacet
  facet normal -0.751908 -0.659268 0
    outer loop
      vertex 43.3487 81.0349 0
      vertex 43.2021 81.2021 0.4
      vertex 43.2021 81.2021 0
    endloop
  endfacet
  facet normal -0.751908 -0.659268 0
    outer loop
      vertex 43.2021 81.2021 0.4
      vertex 43.3487 81.0349 0
      vertex 43.3487 81.0349 0.4
    endloop
  endfacet
  facet normal -0.751908 -0.659268 0
    outer loop
      vertex 43.3487 81.0349 2.01
      vertex 43.2021 81.2021 3
      vertex 43.2021 81.2021 2.01
    endloop
  endfacet
  facet normal -0.751908 -0.659268 0
    outer loop
      vertex 43.2021 81.2021 3
      vertex 43.3487 81.0349 2.01
      vertex 43.3487 81.0349 3
    endloop
  endfacet
  facet normal 0.946915 0.321484 0
    outer loop
      vertex 40.4294 79.3494 3
      vertex 40.3579 79.56 2.01
      vertex 40.3579 79.56 3
    endloop
  endfacet
  facet normal 0.946915 0.321484 0
    outer loop
      vertex 40.3579 79.56 2.01
      vertex 40.4294 79.3494 3
      vertex 40.4294 79.3494 2.01
    endloop
  endfacet
  facet normal 0.946915 0.321484 0
    outer loop
      vertex 40.4294 79.3494 0.4
      vertex 40.3579 79.56 0
      vertex 40.3579 79.56 0.4
    endloop
  endfacet
  facet normal 0.946915 0.321484 0
    outer loop
      vertex 40.3579 79.56 0
      vertex 40.4294 79.3494 0.4
      vertex 40.4294 79.3494 0
    endloop
  endfacet
  facet normal -0.321484 0.946915 0
    outer loop
      vertex 42.6506 78.4294 2.01
      vertex 42.44 78.3579 3
      vertex 42.6506 78.4294 3
    endloop
  endfacet
  facet normal -0.321484 0.946915 0
    outer loop
      vertex 42.44 78.3579 3
      vertex 42.6506 78.4294 2.01
      vertex 42.44 78.3579 2.01
    endloop
  endfacet
  facet normal -0.321484 0.946915 0
    outer loop
      vertex 42.6506 78.4294 0
      vertex 42.44 78.3579 0.4
      vertex 42.6506 78.4294 0.4
    endloop
  endfacet
  facet normal -0.321484 0.946915 0
    outer loop
      vertex 42.44 78.3579 0.4
      vertex 42.6506 78.4294 0
      vertex 42.44 78.3579 0
    endloop
  endfacet
  facet normal 0.0652057 0.997872 -0
    outer loop
      vertex 42 78.3 2.01
      vertex 41.7781 78.3145 3
      vertex 42 78.3 3
    endloop
  endfacet
  facet normal 0.0652057 0.997872 0
    outer loop
      vertex 41.7781 78.3145 3
      vertex 42 78.3 2.01
      vertex 41.7781 78.3145 2.01
    endloop
  endfacet
  facet normal 0.0652057 0.997872 -0
    outer loop
      vertex 42 78.3 0
      vertex 41.7781 78.3145 0.4
      vertex 42 78.3 0.4
    endloop
  endfacet
  facet normal 0.0652057 0.997872 0
    outer loop
      vertex 41.7781 78.3145 0.4
      vertex 42 78.3 0
      vertex 41.7781 78.3145 0
    endloop
  endfacet
  facet normal 0.321484 -0.946915 0
    outer loop
      vertex 41.3494 81.5706 2.01
      vertex 41.56 81.6421 3
      vertex 41.3494 81.5706 3
    endloop
  endfacet
  facet normal 0.321484 -0.946915 0
    outer loop
      vertex 41.56 81.6421 3
      vertex 41.3494 81.5706 2.01
      vertex 41.56 81.6421 2.01
    endloop
  endfacet
  facet normal 0.321484 -0.946915 0
    outer loop
      vertex 41.3494 81.5706 0
      vertex 41.56 81.6421 0.4
      vertex 41.3494 81.5706 0.4
    endloop
  endfacet
  facet normal 0.321484 -0.946915 0
    outer loop
      vertex 41.56 81.6421 0.4
      vertex 41.3494 81.5706 0
      vertex 41.56 81.6421 0
    endloop
  endfacet
  facet normal -0.946915 -0.321484 0
    outer loop
      vertex 43.6421 80.44 0
      vertex 43.5706 80.6506 0.4
      vertex 43.5706 80.6506 0
    endloop
  endfacet
  facet normal -0.946915 -0.321484 0
    outer loop
      vertex 43.5706 80.6506 0.4
      vertex 43.6421 80.44 0
      vertex 43.6421 80.44 0.4
    endloop
  endfacet
  facet normal -0.946915 -0.321484 0
    outer loop
      vertex 43.6421 80.44 2.01
      vertex 43.5706 80.6506 3
      vertex 43.5706 80.6506 2.01
    endloop
  endfacet
  facet normal -0.946915 -0.321484 0
    outer loop
      vertex 43.5706 80.6506 3
      vertex 43.6421 80.44 2.01
      vertex 43.6421 80.44 3
    endloop
  endfacet
  facet normal 0.751908 -0.659268 0
    outer loop
      vertex 40.6513 81.0349 3
      vertex 40.7979 81.2021 2.01
      vertex 40.7979 81.2021 3
    endloop
  endfacet
  facet normal 0.751908 -0.659268 0
    outer loop
      vertex 40.7979 81.2021 2.01
      vertex 40.6513 81.0349 3
      vertex 40.6513 81.0349 2.01
    endloop
  endfacet
  facet normal 0.751908 -0.659268 0
    outer loop
      vertex 40.6513 81.0349 0.4
      vertex 40.7979 81.2021 0
      vertex 40.7979 81.2021 0.4
    endloop
  endfacet
  facet normal 0.751908 -0.659268 0
    outer loop
      vertex 40.7979 81.2021 0
      vertex 40.6513 81.0349 0.4
      vertex 40.6513 81.0349 0
    endloop
  endfacet
  facet normal 0.44253 0.896754 -0
    outer loop
      vertex 41.3494 78.4294 0
      vertex 41.15 78.5278 0.4
      vertex 41.3494 78.4294 0.4
    endloop
  endfacet
  facet normal 0.44253 0.896754 0
    outer loop
      vertex 41.15 78.5278 0.4
      vertex 41.3494 78.4294 0
      vertex 41.15 78.5278 0
    endloop
  endfacet
  facet normal 0.44253 0.896754 -0
    outer loop
      vertex 41.3494 78.4294 2.01
      vertex 41.15 78.5278 3
      vertex 41.3494 78.4294 3
    endloop
  endfacet
  facet normal 0.44253 0.896754 0
    outer loop
      vertex 41.15 78.5278 3
      vertex 41.3494 78.4294 2.01
      vertex 41.15 78.5278 2.01
    endloop
  endfacet
  facet normal 0.0652057 -0.997872 0
    outer loop
      vertex 41.7781 81.6855 0
      vertex 42 81.7 0.4
      vertex 41.7781 81.6855 0.4
    endloop
  endfacet
  facet normal 0.0652057 -0.997872 0
    outer loop
      vertex 42 81.7 0.4
      vertex 41.7781 81.6855 0
      vertex 42 81.7 0
    endloop
  endfacet
  facet normal 0.0652057 -0.997872 0
    outer loop
      vertex 41.7781 81.6855 2.01
      vertex 42 81.7 3
      vertex 41.7781 81.6855 3
    endloop
  endfacet
  facet normal 0.0652057 -0.997872 0
    outer loop
      vertex 42 81.7 3
      vertex 41.7781 81.6855 2.01
      vertex 42 81.7 2.01
    endloop
  endfacet
  facet normal -0.896754 0.44253 0
    outer loop
      vertex 43.4722 79.15 2.01
      vertex 43.5706 79.3494 3
      vertex 43.5706 79.3494 2.01
    endloop
  endfacet
  facet normal -0.896754 0.44253 0
    outer loop
      vertex 43.5706 79.3494 3
      vertex 43.4722 79.15 2.01
      vertex 43.4722 79.15 3
    endloop
  endfacet
  facet normal -0.896754 0.44253 0
    outer loop
      vertex 43.4722 79.15 0
      vertex 43.5706 79.3494 0.4
      vertex 43.5706 79.3494 0
    endloop
  endfacet
  facet normal -0.896754 0.44253 0
    outer loop
      vertex 43.5706 79.3494 0.4
      vertex 43.4722 79.15 0
      vertex 43.4722 79.15 0.4
    endloop
  endfacet
  facet normal -0.555426 0.831566 0
    outer loop
      vertex 43.0349 78.6513 0
      vertex 42.85 78.5278 0.4
      vertex 43.0349 78.6513 0.4
    endloop
  endfacet
  facet normal -0.555426 0.831566 0
    outer loop
      vertex 42.85 78.5278 0.4
      vertex 43.0349 78.6513 0
      vertex 42.85 78.5278 0
    endloop
  endfacet
  facet normal -0.555426 0.831566 0
    outer loop
      vertex 43.0349 78.6513 2.01
      vertex 42.85 78.5278 3
      vertex 43.0349 78.6513 3
    endloop
  endfacet
  facet normal -0.555426 0.831566 0
    outer loop
      vertex 42.85 78.5278 3
      vertex 43.0349 78.6513 2.01
      vertex 42.85 78.5278 2.01
    endloop
  endfacet
  facet normal 0.98077 0.195165 0
    outer loop
      vertex 40.3579 79.56 3
      vertex 40.3145 79.7781 2.01
      vertex 40.3145 79.7781 3
    endloop
  endfacet
  facet normal 0.98077 0.195165 0
    outer loop
      vertex 40.3145 79.7781 2.01
      vertex 40.3579 79.56 3
      vertex 40.3579 79.56 2.01
    endloop
  endfacet
  facet normal 0.98077 0.195165 0
    outer loop
      vertex 40.3579 79.56 0.4
      vertex 40.3145 79.7781 0
      vertex 40.3145 79.7781 0.4
    endloop
  endfacet
  facet normal 0.98077 0.195165 0
    outer loop
      vertex 40.3145 79.7781 0
      vertex 40.3579 79.56 0.4
      vertex 40.3579 79.56 0
    endloop
  endfacet
  facet normal -0.195165 -0.98077 0
    outer loop
      vertex 42.2219 81.6855 2.01
      vertex 42.44 81.6421 3
      vertex 42.2219 81.6855 3
    endloop
  endfacet
  facet normal -0.195165 -0.98077 -0
    outer loop
      vertex 42.44 81.6421 3
      vertex 42.2219 81.6855 2.01
      vertex 42.44 81.6421 2.01
    endloop
  endfacet
  facet normal -0.195165 -0.98077 0
    outer loop
      vertex 42.2219 81.6855 0
      vertex 42.44 81.6421 0.4
      vertex 42.2219 81.6855 0.4
    endloop
  endfacet
  facet normal -0.195165 -0.98077 -0
    outer loop
      vertex 42.44 81.6421 0.4
      vertex 42.2219 81.6855 0
      vertex 42.44 81.6421 0
    endloop
  endfacet
  facet normal -0.831566 -0.555426 0
    outer loop
      vertex 43.4722 80.85 0
      vertex 43.3487 81.0349 0.4
      vertex 43.3487 81.0349 0
    endloop
  endfacet
  facet normal -0.831566 -0.555426 0
    outer loop
      vertex 43.3487 81.0349 0.4
      vertex 43.4722 80.85 0
      vertex 43.4722 80.85 0.4
    endloop
  endfacet
  facet normal -0.831566 -0.555426 0
    outer loop
      vertex 43.4722 80.85 2.01
      vertex 43.3487 81.0349 3
      vertex 43.3487 81.0349 2.01
    endloop
  endfacet
  facet normal -0.831566 -0.555426 0
    outer loop
      vertex 43.3487 81.0349 3
      vertex 43.4722 80.85 2.01
      vertex 43.4722 80.85 3
    endloop
  endfacet
  facet normal -0.997872 0.0652057 0
    outer loop
      vertex 43.6855 79.7781 2.01
      vertex 43.7 80 3
      vertex 43.7 80 2.01
    endloop
  endfacet
  facet normal -0.997872 0.0652057 0
    outer loop
      vertex 43.7 80 3
      vertex 43.6855 79.7781 2.01
      vertex 43.6855 79.7781 3
    endloop
  endfacet
  facet normal -0.997872 0.0652057 0
    outer loop
      vertex 43.6855 79.7781 0
      vertex 43.7 80 0.4
      vertex 43.7 80 0
    endloop
  endfacet
  facet normal -0.997872 0.0652057 0
    outer loop
      vertex 43.7 80 0.4
      vertex 43.6855 79.7781 0
      vertex 43.6855 79.7781 0.4
    endloop
  endfacet
  facet normal -0.321484 -0.946915 0
    outer loop
      vertex 42.44 81.6421 2.01
      vertex 42.6506 81.5706 3
      vertex 42.44 81.6421 3
    endloop
  endfacet
  facet normal -0.321484 -0.946915 -0
    outer loop
      vertex 42.6506 81.5706 3
      vertex 42.44 81.6421 2.01
      vertex 42.6506 81.5706 2.01
    endloop
  endfacet
  facet normal -0.321484 -0.946915 0
    outer loop
      vertex 42.44 81.6421 0
      vertex 42.6506 81.5706 0.4
      vertex 42.44 81.6421 0.4
    endloop
  endfacet
  facet normal -0.321484 -0.946915 -0
    outer loop
      vertex 42.6506 81.5706 0.4
      vertex 42.44 81.6421 0
      vertex 42.6506 81.5706 0
    endloop
  endfacet
  facet normal -0.555426 -0.831566 0
    outer loop
      vertex 42.85 81.4722 0
      vertex 43.0349 81.3487 0.4
      vertex 42.85 81.4722 0.4
    endloop
  endfacet
  facet normal -0.555426 -0.831566 -0
    outer loop
      vertex 43.0349 81.3487 0.4
      vertex 42.85 81.4722 0
      vertex 43.0349 81.3487 0
    endloop
  endfacet
  facet normal -0.555426 -0.831566 0
    outer loop
      vertex 42.85 81.4722 2.01
      vertex 43.0349 81.3487 3
      vertex 42.85 81.4722 3
    endloop
  endfacet
  facet normal -0.555426 -0.831566 -0
    outer loop
      vertex 43.0349 81.3487 3
      vertex 42.85 81.4722 2.01
      vertex 43.0349 81.3487 2.01
    endloop
  endfacet
  facet normal 0.195165 -0.98077 0
    outer loop
      vertex 41.56 81.6421 0
      vertex 41.7781 81.6855 0.4
      vertex 41.56 81.6421 0.4
    endloop
  endfacet
  facet normal 0.195165 -0.98077 0
    outer loop
      vertex 41.7781 81.6855 0.4
      vertex 41.56 81.6421 0
      vertex 41.7781 81.6855 0
    endloop
  endfacet
  facet normal 0.195165 -0.98077 0
    outer loop
      vertex 41.56 81.6421 2.01
      vertex 41.7781 81.6855 3
      vertex 41.56 81.6421 3
    endloop
  endfacet
  facet normal 0.195165 -0.98077 0
    outer loop
      vertex 41.7781 81.6855 3
      vertex 41.56 81.6421 2.01
      vertex 41.7781 81.6855 2.01
    endloop
  endfacet
  facet normal -0.659268 0.751908 0
    outer loop
      vertex 43.2021 78.7979 0
      vertex 43.0349 78.6513 0.4
      vertex 43.2021 78.7979 0.4
    endloop
  endfacet
  facet normal -0.659268 0.751908 0
    outer loop
      vertex 43.0349 78.6513 0.4
      vertex 43.2021 78.7979 0
      vertex 43.0349 78.6513 0
    endloop
  endfacet
  facet normal -0.659268 0.751908 0
    outer loop
      vertex 43.2021 78.7979 2.01
      vertex 43.0349 78.6513 3
      vertex 43.2021 78.7979 3
    endloop
  endfacet
  facet normal -0.659268 0.751908 0
    outer loop
      vertex 43.0349 78.6513 3
      vertex 43.2021 78.7979 2.01
      vertex 43.0349 78.6513 2.01
    endloop
  endfacet
  facet normal 0.896754 -0.44253 0
    outer loop
      vertex 40.4294 80.6506 3
      vertex 40.5278 80.85 2.01
      vertex 40.5278 80.85 3
    endloop
  endfacet
  facet normal 0.896754 -0.44253 0
    outer loop
      vertex 40.5278 80.85 2.01
      vertex 40.4294 80.6506 3
      vertex 40.4294 80.6506 2.01
    endloop
  endfacet
  facet normal 0.896754 -0.44253 0
    outer loop
      vertex 40.4294 80.6506 0.4
      vertex 40.5278 80.85 0
      vertex 40.5278 80.85 0.4
    endloop
  endfacet
  facet normal 0.896754 -0.44253 0
    outer loop
      vertex 40.5278 80.85 0
      vertex 40.4294 80.6506 0.4
      vertex 40.4294 80.6506 0
    endloop
  endfacet
  facet normal -0.98077 0.195165 0
    outer loop
      vertex 43.6421 79.56 2.01
      vertex 43.6855 79.7781 3
      vertex 43.6855 79.7781 2.01
    endloop
  endfacet
  facet normal -0.98077 0.195165 0
    outer loop
      vertex 43.6855 79.7781 3
      vertex 43.6421 79.56 2.01
      vertex 43.6421 79.56 3
    endloop
  endfacet
  facet normal -0.98077 0.195165 0
    outer loop
      vertex 43.6421 79.56 0
      vertex 43.6855 79.7781 0.4
      vertex 43.6855 79.7781 0
    endloop
  endfacet
  facet normal -0.98077 0.195165 0
    outer loop
      vertex 43.6855 79.7781 0.4
      vertex 43.6421 79.56 0
      vertex 43.6421 79.56 0.4
    endloop
  endfacet
  facet normal -0.195165 0.98077 0
    outer loop
      vertex 42.44 78.3579 2.01
      vertex 42.2219 78.3145 3
      vertex 42.44 78.3579 3
    endloop
  endfacet
  facet normal -0.195165 0.98077 0
    outer loop
      vertex 42.2219 78.3145 3
      vertex 42.44 78.3579 2.01
      vertex 42.2219 78.3145 2.01
    endloop
  endfacet
  facet normal -0.195165 0.98077 0
    outer loop
      vertex 42.44 78.3579 0
      vertex 42.2219 78.3145 0.4
      vertex 42.44 78.3579 0.4
    endloop
  endfacet
  facet normal -0.195165 0.98077 0
    outer loop
      vertex 42.2219 78.3145 0.4
      vertex 42.44 78.3579 0
      vertex 42.2219 78.3145 0
    endloop
  endfacet
  facet normal 0.659268 0.751908 -0
    outer loop
      vertex 40.9651 78.6513 0
      vertex 40.7979 78.7979 0.4
      vertex 40.9651 78.6513 0.4
    endloop
  endfacet
  facet normal 0.659268 0.751908 0
    outer loop
      vertex 40.7979 78.7979 0.4
      vertex 40.9651 78.6513 0
      vertex 40.7979 78.7979 0
    endloop
  endfacet
  facet normal 0.659268 0.751908 -0
    outer loop
      vertex 40.9651 78.6513 2.01
      vertex 40.7979 78.7979 3
      vertex 40.9651 78.6513 3
    endloop
  endfacet
  facet normal 0.659268 0.751908 0
    outer loop
      vertex 40.7979 78.7979 3
      vertex 40.9651 78.6513 2.01
      vertex 40.7979 78.7979 2.01
    endloop
  endfacet
  facet normal 0.751908 0.659268 0
    outer loop
      vertex 40.7979 78.7979 0.4
      vertex 40.6513 78.9651 0
      vertex 40.6513 78.9651 0.4
    endloop
  endfacet
  facet normal 0.751908 0.659268 0
    outer loop
      vertex 40.6513 78.9651 0
      vertex 40.7979 78.7979 0.4
      vertex 40.7979 78.7979 0
    endloop
  endfacet
  facet normal 0.751908 0.659268 0
    outer loop
      vertex 40.7979 78.7979 3
      vertex 40.6513 78.9651 2.01
      vertex 40.6513 78.9651 3
    endloop
  endfacet
  facet normal 0.751908 0.659268 0
    outer loop
      vertex 40.6513 78.9651 2.01
      vertex 40.7979 78.7979 3
      vertex 40.7979 78.7979 2.01
    endloop
  endfacet
  facet normal -0.0652057 -0.997872 0
    outer loop
      vertex 42 81.7 0
      vertex 42.2219 81.6855 0.4
      vertex 42 81.7 0.4
    endloop
  endfacet
  facet normal -0.0652057 -0.997872 -0
    outer loop
      vertex 42.2219 81.6855 0.4
      vertex 42 81.7 0
      vertex 42.2219 81.6855 0
    endloop
  endfacet
  facet normal -0.0652057 -0.997872 0
    outer loop
      vertex 42 81.7 2.01
      vertex 42.2219 81.6855 3
      vertex 42 81.7 3
    endloop
  endfacet
  facet normal -0.0652057 -0.997872 -0
    outer loop
      vertex 42.2219 81.6855 3
      vertex 42 81.7 2.01
      vertex 42.2219 81.6855 2.01
    endloop
  endfacet
  facet normal -0.44253 -0.896754 0
    outer loop
      vertex 42.6506 81.5706 0
      vertex 42.85 81.4722 0.4
      vertex 42.6506 81.5706 0.4
    endloop
  endfacet
  facet normal -0.44253 -0.896754 -0
    outer loop
      vertex 42.85 81.4722 0.4
      vertex 42.6506 81.5706 0
      vertex 42.85 81.4722 0
    endloop
  endfacet
  facet normal -0.44253 -0.896754 0
    outer loop
      vertex 42.6506 81.5706 2.01
      vertex 42.85 81.4722 3
      vertex 42.6506 81.5706 3
    endloop
  endfacet
  facet normal -0.44253 -0.896754 -0
    outer loop
      vertex 42.85 81.4722 3
      vertex 42.6506 81.5706 2.01
      vertex 42.85 81.4722 2.01
    endloop
  endfacet
  facet normal -0.831566 0.555426 0
    outer loop
      vertex 43.3487 78.9651 0
      vertex 43.4722 79.15 0.4
      vertex 43.4722 79.15 0
    endloop
  endfacet
  facet normal -0.831566 0.555426 0
    outer loop
      vertex 43.4722 79.15 0.4
      vertex 43.3487 78.9651 0
      vertex 43.3487 78.9651 0.4
    endloop
  endfacet
  facet normal -0.831566 0.555426 0
    outer loop
      vertex 43.3487 78.9651 2.01
      vertex 43.4722 79.15 3
      vertex 43.4722 79.15 2.01
    endloop
  endfacet
  facet normal -0.831566 0.555426 0
    outer loop
      vertex 43.4722 79.15 3
      vertex 43.3487 78.9651 2.01
      vertex 43.3487 78.9651 3
    endloop
  endfacet
  facet normal 0.997872 0.0652057 0
    outer loop
      vertex 40.3145 79.7781 3
      vertex 40.3 80 2.01
      vertex 40.3 80 3
    endloop
  endfacet
  facet normal 0.997872 0.0652057 0
    outer loop
      vertex 40.3 80 2.01
      vertex 40.3145 79.7781 3
      vertex 40.3145 79.7781 2.01
    endloop
  endfacet
  facet normal 0.997872 0.0652057 0
    outer loop
      vertex 40.3145 79.7781 0.4
      vertex 40.3 80 0
      vertex 40.3 80 0.4
    endloop
  endfacet
  facet normal 0.997872 0.0652057 0
    outer loop
      vertex 40.3 80 0
      vertex 40.3145 79.7781 0.4
      vertex 40.3145 79.7781 0
    endloop
  endfacet
  facet normal -0.44253 0.896754 0
    outer loop
      vertex 42.85 78.5278 0
      vertex 42.6506 78.4294 0.4
      vertex 42.85 78.5278 0.4
    endloop
  endfacet
  facet normal -0.44253 0.896754 0
    outer loop
      vertex 42.6506 78.4294 0.4
      vertex 42.85 78.5278 0
      vertex 42.6506 78.4294 0
    endloop
  endfacet
  facet normal -0.44253 0.896754 0
    outer loop
      vertex 42.85 78.5278 2.01
      vertex 42.6506 78.4294 3
      vertex 42.85 78.5278 3
    endloop
  endfacet
  facet normal -0.44253 0.896754 0
    outer loop
      vertex 42.6506 78.4294 3
      vertex 42.85 78.5278 2.01
      vertex 42.6506 78.4294 2.01
    endloop
  endfacet
  facet normal 0.98077 -0.195165 0
    outer loop
      vertex 40.3145 80.2219 3
      vertex 40.3579 80.44 2.01
      vertex 40.3579 80.44 3
    endloop
  endfacet
  facet normal 0.98077 -0.195165 0
    outer loop
      vertex 40.3579 80.44 2.01
      vertex 40.3145 80.2219 3
      vertex 40.3145 80.2219 2.01
    endloop
  endfacet
  facet normal 0.98077 -0.195165 0
    outer loop
      vertex 40.3145 80.2219 0.4
      vertex 40.3579 80.44 0
      vertex 40.3579 80.44 0.4
    endloop
  endfacet
  facet normal 0.98077 -0.195165 0
    outer loop
      vertex 40.3579 80.44 0
      vertex 40.3145 80.2219 0.4
      vertex 40.3145 80.2219 0
    endloop
  endfacet
  facet normal 0.896754 0.44253 0
    outer loop
      vertex 40.5278 79.15 0.4
      vertex 40.4294 79.3494 0
      vertex 40.4294 79.3494 0.4
    endloop
  endfacet
  facet normal 0.896754 0.44253 0
    outer loop
      vertex 40.4294 79.3494 0
      vertex 40.5278 79.15 0.4
      vertex 40.5278 79.15 0
    endloop
  endfacet
  facet normal 0.896754 0.44253 0
    outer loop
      vertex 40.5278 79.15 3
      vertex 40.4294 79.3494 2.01
      vertex 40.4294 79.3494 3
    endloop
  endfacet
  facet normal 0.896754 0.44253 0
    outer loop
      vertex 40.4294 79.3494 2.01
      vertex 40.5278 79.15 3
      vertex 40.5278 79.15 2.01
    endloop
  endfacet
  facet normal 0.946915 -0.321484 0
    outer loop
      vertex 40.3579 80.44 3
      vertex 40.4294 80.6506 2.01
      vertex 40.4294 80.6506 3
    endloop
  endfacet
  facet normal 0.946915 -0.321484 0
    outer loop
      vertex 40.4294 80.6506 2.01
      vertex 40.3579 80.44 3
      vertex 40.3579 80.44 2.01
    endloop
  endfacet
  facet normal 0.946915 -0.321484 0
    outer loop
      vertex 40.3579 80.44 0.4
      vertex 40.4294 80.6506 0
      vertex 40.4294 80.6506 0.4
    endloop
  endfacet
  facet normal 0.946915 -0.321484 0
    outer loop
      vertex 40.4294 80.6506 0
      vertex 40.3579 80.44 0.4
      vertex 40.3579 80.44 0
    endloop
  endfacet
  facet normal 0.555426 -0.831566 0
    outer loop
      vertex 40.9651 81.3487 2.01
      vertex 41.15 81.4722 3
      vertex 40.9651 81.3487 3
    endloop
  endfacet
  facet normal 0.555426 -0.831566 0
    outer loop
      vertex 41.15 81.4722 3
      vertex 40.9651 81.3487 2.01
      vertex 41.15 81.4722 2.01
    endloop
  endfacet
  facet normal 0.555426 -0.831566 0
    outer loop
      vertex 40.9651 81.3487 0
      vertex 41.15 81.4722 0.4
      vertex 40.9651 81.3487 0.4
    endloop
  endfacet
  facet normal 0.555426 -0.831566 0
    outer loop
      vertex 41.15 81.4722 0.4
      vertex 40.9651 81.3487 0
      vertex 41.15 81.4722 0
    endloop
  endfacet
  facet normal -0.896754 -0.44253 0
    outer loop
      vertex 43.5706 80.6506 0
      vertex 43.4722 80.85 0.4
      vertex 43.4722 80.85 0
    endloop
  endfacet
  facet normal -0.896754 -0.44253 0
    outer loop
      vertex 43.4722 80.85 0.4
      vertex 43.5706 80.6506 0
      vertex 43.5706 80.6506 0.4
    endloop
  endfacet
  facet normal -0.896754 -0.44253 0
    outer loop
      vertex 43.5706 80.6506 2.01
      vertex 43.4722 80.85 3
      vertex 43.4722 80.85 2.01
    endloop
  endfacet
  facet normal -0.896754 -0.44253 0
    outer loop
      vertex 43.4722 80.85 3
      vertex 43.5706 80.6506 2.01
      vertex 43.5706 80.6506 3
    endloop
  endfacet
  facet normal 0.997872 -0.0652057 0
    outer loop
      vertex 40.3 80 3
      vertex 40.3145 80.2219 2.01
      vertex 40.3145 80.2219 3
    endloop
  endfacet
  facet normal 0.997872 -0.0652057 0
    outer loop
      vertex 40.3145 80.2219 2.01
      vertex 40.3 80 3
      vertex 40.3 80 2.01
    endloop
  endfacet
  facet normal 0.997872 -0.0652057 0
    outer loop
      vertex 40.3 80 0.4
      vertex 40.3145 80.2219 0
      vertex 40.3145 80.2219 0.4
    endloop
  endfacet
  facet normal 0.997872 -0.0652057 0
    outer loop
      vertex 40.3145 80.2219 0
      vertex 40.3 80 0.4
      vertex 40.3 80 0
    endloop
  endfacet
  facet normal 0.321484 0.946915 -0
    outer loop
      vertex 41.56 78.3579 2.01
      vertex 41.3494 78.4294 3
      vertex 41.56 78.3579 3
    endloop
  endfacet
  facet normal 0.321484 0.946915 0
    outer loop
      vertex 41.3494 78.4294 3
      vertex 41.56 78.3579 2.01
      vertex 41.3494 78.4294 2.01
    endloop
  endfacet
  facet normal 0.321484 0.946915 -0
    outer loop
      vertex 41.56 78.3579 0
      vertex 41.3494 78.4294 0.4
      vertex 41.56 78.3579 0.4
    endloop
  endfacet
  facet normal 0.321484 0.946915 0
    outer loop
      vertex 41.3494 78.4294 0.4
      vertex 41.56 78.3579 0
      vertex 41.3494 78.4294 0
    endloop
  endfacet
  facet normal 0.44253 -0.896754 0
    outer loop
      vertex 41.15 81.4722 2.01
      vertex 41.3494 81.5706 3
      vertex 41.15 81.4722 3
    endloop
  endfacet
  facet normal 0.44253 -0.896754 0
    outer loop
      vertex 41.3494 81.5706 3
      vertex 41.15 81.4722 2.01
      vertex 41.3494 81.5706 2.01
    endloop
  endfacet
  facet normal 0.44253 -0.896754 0
    outer loop
      vertex 41.15 81.4722 0
      vertex 41.3494 81.5706 0.4
      vertex 41.15 81.4722 0.4
    endloop
  endfacet
  facet normal 0.44253 -0.896754 0
    outer loop
      vertex 41.3494 81.5706 0.4
      vertex 41.15 81.4722 0
      vertex 41.3494 81.5706 0
    endloop
  endfacet
  facet normal 0.831566 -0.555426 0
    outer loop
      vertex 40.5278 80.85 3
      vertex 40.6513 81.0349 2.01
      vertex 40.6513 81.0349 3
    endloop
  endfacet
  facet normal 0.831566 -0.555426 0
    outer loop
      vertex 40.6513 81.0349 2.01
      vertex 40.5278 80.85 3
      vertex 40.5278 80.85 2.01
    endloop
  endfacet
  facet normal 0.831566 -0.555426 0
    outer loop
      vertex 40.5278 80.85 0.4
      vertex 40.6513 81.0349 0
      vertex 40.6513 81.0349 0.4
    endloop
  endfacet
  facet normal 0.831566 -0.555426 0
    outer loop
      vertex 40.6513 81.0349 0
      vertex 40.5278 80.85 0.4
      vertex 40.5278 80.85 0
    endloop
  endfacet
  facet normal 0.555426 0.831566 -0
    outer loop
      vertex 41.15 78.5278 0
      vertex 40.9651 78.6513 0.4
      vertex 41.15 78.5278 0.4
    endloop
  endfacet
  facet normal 0.555426 0.831566 0
    outer loop
      vertex 40.9651 78.6513 0.4
      vertex 41.15 78.5278 0
      vertex 40.9651 78.6513 0
    endloop
  endfacet
  facet normal 0.555426 0.831566 -0
    outer loop
      vertex 41.15 78.5278 2.01
      vertex 40.9651 78.6513 3
      vertex 41.15 78.5278 3
    endloop
  endfacet
  facet normal 0.555426 0.831566 0
    outer loop
      vertex 40.9651 78.6513 3
      vertex 41.15 78.5278 2.01
      vertex 40.9651 78.6513 2.01
    endloop
  endfacet
  facet normal 0.235452 0.693514 0.680883
    outer loop
      vertex 41.56 78.3579 0.4
      vertex 41.3494 78.4294 0.4
      vertex 40.7754 77.0436 2.01
    endloop
  endfacet
  facet normal 0.142939 -0.71832 0.68087
    outer loop
      vertex 41.7781 81.6855 0.4
      vertex 41.5823 83.1726 2.01
      vertex 41.56 81.6421 0.4
    endloop
  endfacet
  facet normal 0.406986 0.608905 0.68088
    outer loop
      vertex 40.4 77.2287 2.01
      vertex 40.9651 78.6513 0.4
      vertex 40.052 77.4613 2.01
    endloop
  endfacet
  facet normal -0.730818 -0.0479397 0.680887
    outer loop
      vertex 45.2 80 2.01
      vertex 45.1726 80.4177 2.01
      vertex 43.7 80 0.4
    endloop
  endfacet
  facet normal -0.730849 -0.0477571 0.680867
    outer loop
      vertex 43.7 80 0.4
      vertex 45.1726 80.4177 2.01
      vertex 43.6855 80.2219 0.4
    endloop
  endfacet
  facet normal -0.323891 0.656882 0.680882
    outer loop
      vertex 43.2246 77.0436 2.01
      vertex 43.6 77.2287 2.01
      vertex 42.6506 78.4294 0.4
    endloop
  endfacet
  facet normal -0.608905 0.406986 0.68088
    outer loop
      vertex 44.5387 78.052 2.01
      vertex 44.7713 78.4 2.01
      vertex 43.3487 78.9651 0.4
    endloop
  endfacet
  facet normal -0.0477571 -0.730849 0.680867
    outer loop
      vertex 42.2219 81.6855 0.4
      vertex 42.4177 83.1726 2.01
      vertex 42 81.7 0.4
    endloop
  endfacet
  facet normal 0.693514 -0.235452 0.680883
    outer loop
      vertex 40.3579 80.44 0.4
      vertex 40.4294 80.6506 0.4
      vertex 39.0436 81.2246 2.01
    endloop
  endfacet
  facet normal -0.718335 0.142792 0.680886
    outer loop
      vertex 45.091 79.1718 2.01
      vertex 45.1726 79.5823 2.01
      vertex 43.6421 79.56 0.4
    endloop
  endfacet
  facet normal -0.142792 0.718335 0.680886
    outer loop
      vertex 42.8282 76.909 2.01
      vertex 42.44 78.3579 0.4
      vertex 42.4177 76.8274 2.01
    endloop
  endfacet
  facet normal -0.235482 0.6935 0.680886
    outer loop
      vertex 42.8282 76.909 2.01
      vertex 43.2246 77.0436 2.01
      vertex 42.44 78.3579 0.4
    endloop
  endfacet
  facet normal -0.0477571 0.730849 0.680867
    outer loop
      vertex 42.4177 76.8274 2.01
      vertex 42.2219 78.3145 0.4
      vertex 42 78.3 0.4
    endloop
  endfacet
  facet normal -0.550634 0.48292 0.680875
    outer loop
      vertex 44.2627 77.7373 2.01
      vertex 44.5387 78.052 2.01
      vertex 43.3487 78.9651 0.4
    endloop
  endfacet
  facet normal 0.142792 -0.718335 0.680886
    outer loop
      vertex 41.56 81.6421 0.4
      vertex 41.5823 83.1726 2.01
      vertex 41.1718 83.091 2.01
    endloop
  endfacet
  facet normal -0.406779 -0.609016 0.680905
    outer loop
      vertex 43.0349 81.3487 0.4
      vertex 43.6 82.7713 2.01
      vertex 42.85 81.4722 0.4
    endloop
  endfacet
  facet normal -0.6935 -0.235482 0.680886
    outer loop
      vertex 45.091 80.8282 2.01
      vertex 44.9564 81.2246 2.01
      vertex 43.6421 80.44 0.4
    endloop
  endfacet
  facet normal -0.693514 0.235452 0.680883
    outer loop
      vertex 44.9564 78.7754 2.01
      vertex 43.6421 79.56 0.4
      vertex 43.5706 79.3494 0.4
    endloop
  endfacet
  facet normal 0.324096 0.656755 0.680908
    outer loop
      vertex 41.3494 78.4294 0.4
      vertex 41.15 78.5278 0.4
      vertex 40.4 77.2287 2.01
    endloop
  endfacet
  facet normal 0.550634 -0.48292 0.680875
    outer loop
      vertex 40.6513 81.0349 0.4
      vertex 39.7373 82.2627 2.01
      vertex 39.4613 81.948 2.01
    endloop
  endfacet
  facet normal 0.608905 -0.406986 0.68088
    outer loop
      vertex 40.6513 81.0349 0.4
      vertex 39.4613 81.948 2.01
      vertex 39.2287 81.6 2.01
    endloop
  endfacet
  facet normal 0.235482 0.6935 0.680886
    outer loop
      vertex 41.1718 76.909 2.01
      vertex 41.56 78.3579 0.4
      vertex 40.7754 77.0436 2.01
    endloop
  endfacet
  facet normal 0.323891 0.656882 0.680882
    outer loop
      vertex 40.7754 77.0436 2.01
      vertex 41.3494 78.4294 0.4
      vertex 40.4 77.2287 2.01
    endloop
  endfacet
  facet normal 0.730818 -0.0479397 0.680887
    outer loop
      vertex 40.3 80 0.4
      vertex 38.8274 80.4177 2.01
      vertex 38.8 80 2.01
    endloop
  endfacet
  facet normal 0.48292 0.550634 0.680875
    outer loop
      vertex 40.052 77.4613 2.01
      vertex 40.9651 78.6513 0.4
      vertex 39.7373 77.7373 2.01
    endloop
  endfacet
  facet normal -0.0479397 0.730818 0.680887
    outer loop
      vertex 42.4177 76.8274 2.01
      vertex 42 78.3 0.4
      vertex 42 76.8 2.01
    endloop
  endfacet
  facet normal -0.235452 0.693514 0.680883
    outer loop
      vertex 43.2246 77.0436 2.01
      vertex 42.6506 78.4294 0.4
      vertex 42.44 78.3579 0.4
    endloop
  endfacet
  facet normal -0.656882 -0.323891 0.680882
    outer loop
      vertex 44.9564 81.2246 2.01
      vertex 44.7713 81.6 2.01
      vertex 43.5706 80.6506 0.4
    endloop
  endfacet
  facet normal 0.550704 0.482854 0.680865
    outer loop
      vertex 40.7979 78.7979 0.4
      vertex 40.6513 78.9651 0.4
      vertex 39.7373 77.7373 2.01
    endloop
  endfacet
  facet normal 0.656882 0.323891 0.680882
    outer loop
      vertex 39.2287 78.4 2.01
      vertex 40.4294 79.3494 0.4
      vertex 39.0436 78.7754 2.01
    endloop
  endfacet
  facet normal -0.730849 0.0477571 0.680867
    outer loop
      vertex 45.1726 79.5823 2.01
      vertex 43.7 80 0.4
      vertex 43.6855 79.7781 0.4
    endloop
  endfacet
  facet normal -0.6935 0.235482 0.680886
    outer loop
      vertex 44.9564 78.7754 2.01
      vertex 45.091 79.1718 2.01
      vertex 43.6421 79.56 0.4
    endloop
  endfacet
  facet normal -0.730818 0.0479397 0.680887
    outer loop
      vertex 45.1726 79.5823 2.01
      vertex 45.2 80 2.01
      vertex 43.7 80 0.4
    endloop
  endfacet
  facet normal -0.71832 0.142939 0.68087
    outer loop
      vertex 45.1726 79.5823 2.01
      vertex 43.6855 79.7781 0.4
      vertex 43.6421 79.56 0.4
    endloop
  endfacet
  facet normal 0.718335 0.142792 0.680886
    outer loop
      vertex 38.909 79.1718 2.01
      vertex 40.3579 79.56 0.4
      vertex 38.8274 79.5823 2.01
    endloop
  endfacet
  facet normal 0.730818 0.0479397 0.680887
    outer loop
      vertex 38.8274 79.5823 2.01
      vertex 40.3 80 0.4
      vertex 38.8 80 2.01
    endloop
  endfacet
  facet normal 0.0479397 0.730818 0.680887
    outer loop
      vertex 42 76.8 2.01
      vertex 42 78.3 0.4
      vertex 41.5823 76.8274 2.01
    endloop
  endfacet
  facet normal 0.482854 -0.550704 0.680865
    outer loop
      vertex 40.7979 81.2021 0.4
      vertex 40.9651 81.3487 0.4
      vertex 39.7373 82.2627 2.01
    endloop
  endfacet
  facet normal -0.324096 -0.656755 0.680908
    outer loop
      vertex 42.85 81.4722 0.4
      vertex 43.6 82.7713 2.01
      vertex 42.6506 81.5706 0.4
    endloop
  endfacet
  facet normal -0.406986 0.608905 0.68088
    outer loop
      vertex 43.6 77.2287 2.01
      vertex 43.948 77.4613 2.01
      vertex 43.0349 78.6513 0.4
    endloop
  endfacet
  facet normal -0.609016 0.406779 0.680905
    outer loop
      vertex 44.7713 78.4 2.01
      vertex 43.4722 79.15 0.4
      vertex 43.3487 78.9651 0.4
    endloop
  endfacet
  facet normal -0.482854 0.550704 0.680865
    outer loop
      vertex 44.2627 77.7373 2.01
      vertex 43.2021 78.7979 0.4
      vertex 43.0349 78.6513 0.4
    endloop
  endfacet
  facet normal 0.71832 0.142939 0.68087
    outer loop
      vertex 40.3579 79.56 0.4
      vertex 40.3145 79.7781 0.4
      vertex 38.8274 79.5823 2.01
    endloop
  endfacet
  facet normal 0.656755 0.324096 0.680908
    outer loop
      vertex 40.5278 79.15 0.4
      vertex 40.4294 79.3494 0.4
      vertex 39.2287 78.4 2.01
    endloop
  endfacet
  facet normal 0.656755 -0.324096 0.680908
    outer loop
      vertex 40.4294 80.6506 0.4
      vertex 40.5278 80.85 0.4
      vertex 39.2287 81.6 2.01
    endloop
  endfacet
  facet normal 0 0 -1
    outer loop
      vertex 43.7 80 2.01
      vertex 45.2 80 2.01
      vertex 45.1726 79.5823 2.01
    endloop
  endfacet
  facet normal 0 0 -1
    outer loop
      vertex 43.6855 79.7781 2.01
      vertex 45.1726 79.5823 2.01
      vertex 45.091 79.1718 2.01
    endloop
  endfacet
  facet normal 0 0 -1
    outer loop
      vertex 45.2 80 2.01
      vertex 43.7 80 2.01
      vertex 45.1726 80.4177 2.01
    endloop
  endfacet
  facet normal 0 0 -1
    outer loop
      vertex 43.6421 79.56 2.01
      vertex 45.091 79.1718 2.01
      vertex 44.9564 78.7754 2.01
    endloop
  endfacet
  facet normal 0 0 -1
    outer loop
      vertex 43.6855 80.2219 2.01
      vertex 45.1726 80.4177 2.01
      vertex 43.7 80 2.01
    endloop
  endfacet
  facet normal 0 0 -1
    outer loop
      vertex 43.5706 79.3494 2.01
      vertex 44.9564 78.7754 2.01
      vertex 44.7713 78.4 2.01
    endloop
  endfacet
  facet normal -0 0 -1
    outer loop
      vertex 45.1726 80.4177 2.01
      vertex 43.6855 80.2219 2.01
      vertex 45.091 80.8282 2.01
    endloop
  endfacet
  facet normal 0 0 -1
    outer loop
      vertex 43.4722 79.15 2.01
      vertex 44.7713 78.4 2.01
      vertex 44.5387 78.052 2.01
    endloop
  endfacet
  facet normal 0 0 -1
    outer loop
      vertex 43.6421 80.44 2.01
      vertex 45.091 80.8282 2.01
      vertex 43.6855 80.2219 2.01
    endloop
  endfacet
  facet normal 0 0 -1
    outer loop
      vertex 43.3487 78.9651 2.01
      vertex 44.5387 78.052 2.01
      vertex 44.2627 77.7373 2.01
    endloop
  endfacet
  facet normal -0 0 -1
    outer loop
      vertex 45.091 80.8282 2.01
      vertex 43.6421 80.44 2.01
      vertex 44.9564 81.2246 2.01
    endloop
  endfacet
  facet normal 0 0 -1
    outer loop
      vertex 43.2021 78.7979 2.01
      vertex 44.2627 77.7373 2.01
      vertex 43.948 77.4613 2.01
    endloop
  endfacet
  facet normal 0 0 -1
    outer loop
      vertex 43.5706 80.6506 2.01
      vertex 44.9564 81.2246 2.01
      vertex 43.6421 80.44 2.01
    endloop
  endfacet
  facet normal -0 0 -1
    outer loop
      vertex 44.9564 81.2246 2.01
      vertex 43.5706 80.6506 2.01
      vertex 44.7713 81.6 2.01
    endloop
  endfacet
  facet normal 0 0 -1
    outer loop
      vertex 45.1726 79.5823 2.01
      vertex 43.6855 79.7781 2.01
      vertex 43.7 80 2.01
    endloop
  endfacet
  facet normal 0 0 -1
    outer loop
      vertex 45.091 79.1718 2.01
      vertex 43.6421 79.56 2.01
      vertex 43.6855 79.7781 2.01
    endloop
  endfacet
  facet normal 0 0 -1
    outer loop
      vertex 43.0349 78.6513 2.01
      vertex 43.948 77.4613 2.01
      vertex 43.6 77.2287 2.01
    endloop
  endfacet
  facet normal 0 0 -1
    outer loop
      vertex 44.9564 78.7754 2.01
      vertex 43.5706 79.3494 2.01
      vertex 43.6421 79.56 2.01
    endloop
  endfacet
  facet normal 0 0 -1
    outer loop
      vertex 44.7713 78.4 2.01
      vertex 43.4722 79.15 2.01
      vertex 43.5706 79.3494 2.01
    endloop
  endfacet
  facet normal 0 0 -1
    outer loop
      vertex 44.5387 78.052 2.01
      vertex 43.3487 78.9651 2.01
      vertex 43.4722 79.15 2.01
    endloop
  endfacet
  facet normal 0 0 -1
    outer loop
      vertex 42.85 78.5278 2.01
      vertex 43.6 77.2287 2.01
      vertex 43.2246 77.0436 2.01
    endloop
  endfacet
  facet normal 0 0 -1
    outer loop
      vertex 44.2627 77.7373 2.01
      vertex 43.2021 78.7979 2.01
      vertex 43.3487 78.9651 2.01
    endloop
  endfacet
  facet normal 0 0 -1
    outer loop
      vertex 43.948 77.4613 2.01
      vertex 43.0349 78.6513 2.01
      vertex 43.2021 78.7979 2.01
    endloop
  endfacet
  facet normal 0 0 -1
    outer loop
      vertex 43.6 77.2287 2.01
      vertex 42.85 78.5278 2.01
      vertex 43.0349 78.6513 2.01
    endloop
  endfacet
  facet normal 0 0 -1
    outer loop
      vertex 42.6506 78.4294 2.01
      vertex 43.2246 77.0436 2.01
      vertex 42.8282 76.909 2.01
    endloop
  endfacet
  facet normal 0 0 -1
    outer loop
      vertex 43.2246 77.0436 2.01
      vertex 42.6506 78.4294 2.01
      vertex 42.85 78.5278 2.01
    endloop
  endfacet
  facet normal 0 0 -1
    outer loop
      vertex 42.8282 76.909 2.01
      vertex 42.44 78.3579 2.01
      vertex 42.6506 78.4294 2.01
    endloop
  endfacet
  facet normal 0 0 -1
    outer loop
      vertex 42.4177 76.8274 2.01
      vertex 42.44 78.3579 2.01
      vertex 42.8282 76.909 2.01
    endloop
  endfacet
  facet normal 0 0 -1
    outer loop
      vertex 42.4177 76.8274 2.01
      vertex 42.2219 78.3145 2.01
      vertex 42.44 78.3579 2.01
    endloop
  endfacet
  facet normal 0 0 -1
    outer loop
      vertex 42 76.8 2.01
      vertex 42.2219 78.3145 2.01
      vertex 42.4177 76.8274 2.01
    endloop
  endfacet
  facet normal 0 0 -1
    outer loop
      vertex 42 76.8 2.01
      vertex 42 78.3 2.01
      vertex 42.2219 78.3145 2.01
    endloop
  endfacet
  facet normal 0 0 -1
    outer loop
      vertex 42 76.8 2.01
      vertex 41.7781 78.3145 2.01
      vertex 42 78.3 2.01
    endloop
  endfacet
  facet normal 0 0 -1
    outer loop
      vertex 41.5823 76.8274 2.01
      vertex 41.7781 78.3145 2.01
      vertex 42 76.8 2.01
    endloop
  endfacet
  facet normal 0 0 -1
    outer loop
      vertex 41.5823 76.8274 2.01
      vertex 41.56 78.3579 2.01
      vertex 41.7781 78.3145 2.01
    endloop
  endfacet
  facet normal 0 0 -1
    outer loop
      vertex 41.1718 76.909 2.01
      vertex 41.56 78.3579 2.01
      vertex 41.5823 76.8274 2.01
    endloop
  endfacet
  facet normal -0 0 -1
    outer loop
      vertex 41.56 78.3579 2.01
      vertex 41.1718 76.909 2.01
      vertex 41.3494 78.4294 2.01
    endloop
  endfacet
  facet normal 0 0 -1
    outer loop
      vertex 40.7754 77.0436 2.01
      vertex 41.3494 78.4294 2.01
      vertex 41.1718 76.909 2.01
    endloop
  endfacet
  facet normal -0 0 -1
    outer loop
      vertex 41.3494 78.4294 2.01
      vertex 40.7754 77.0436 2.01
      vertex 41.15 78.5278 2.01
    endloop
  endfacet
  facet normal 0 0 -1
    outer loop
      vertex 40.4 77.2287 2.01
      vertex 41.15 78.5278 2.01
      vertex 40.7754 77.0436 2.01
    endloop
  endfacet
  facet normal -0 0 -1
    outer loop
      vertex 41.15 78.5278 2.01
      vertex 40.4 77.2287 2.01
      vertex 40.9651 78.6513 2.01
    endloop
  endfacet
  facet normal 0 0 -1
    outer loop
      vertex 40.052 77.4613 2.01
      vertex 40.9651 78.6513 2.01
      vertex 40.4 77.2287 2.01
    endloop
  endfacet
  facet normal -0 0 -1
    outer loop
      vertex 40.9651 78.6513 2.01
      vertex 40.052 77.4613 2.01
      vertex 40.7979 78.7979 2.01
    endloop
  endfacet
  facet normal 0 0 -1
    outer loop
      vertex 39.7373 77.7373 2.01
      vertex 40.7979 78.7979 2.01
      vertex 40.052 77.4613 2.01
    endloop
  endfacet
  facet normal -0 0 -1
    outer loop
      vertex 40.7979 78.7979 2.01
      vertex 39.7373 77.7373 2.01
      vertex 40.6513 78.9651 2.01
    endloop
  endfacet
  facet normal 0 0 -1
    outer loop
      vertex 39.4613 78.052 2.01
      vertex 40.6513 78.9651 2.01
      vertex 39.7373 77.7373 2.01
    endloop
  endfacet
  facet normal -0 0 -1
    outer loop
      vertex 40.6513 78.9651 2.01
      vertex 39.4613 78.052 2.01
      vertex 40.5278 79.15 2.01
    endloop
  endfacet
  facet normal 0 0 -1
    outer loop
      vertex 39.2287 78.4 2.01
      vertex 40.5278 79.15 2.01
      vertex 39.4613 78.052 2.01
    endloop
  endfacet
  facet normal -0 0 -1
    outer loop
      vertex 40.5278 79.15 2.01
      vertex 39.2287 78.4 2.01
      vertex 40.4294 79.3494 2.01
    endloop
  endfacet
  facet normal 0 0 -1
    outer loop
      vertex 43.4722 80.85 2.01
      vertex 44.7713 81.6 2.01
      vertex 43.5706 80.6506 2.01
    endloop
  endfacet
  facet normal -0 0 -1
    outer loop
      vertex 44.7713 81.6 2.01
      vertex 43.4722 80.85 2.01
      vertex 44.5387 81.948 2.01
    endloop
  endfacet
  facet normal 0 0 -1
    outer loop
      vertex 43.3487 81.0349 2.01
      vertex 44.5387 81.948 2.01
      vertex 43.4722 80.85 2.01
    endloop
  endfacet
  facet normal -0 0 -1
    outer loop
      vertex 44.5387 81.948 2.01
      vertex 43.3487 81.0349 2.01
      vertex 44.2627 82.2627 2.01
    endloop
  endfacet
  facet normal 0 0 -1
    outer loop
      vertex 43.2021 81.2021 2.01
      vertex 44.2627 82.2627 2.01
      vertex 43.3487 81.0349 2.01
    endloop
  endfacet
  facet normal -0 0 -1
    outer loop
      vertex 44.2627 82.2627 2.01
      vertex 43.2021 81.2021 2.01
      vertex 43.948 82.5387 2.01
    endloop
  endfacet
  facet normal 0 0 -1
    outer loop
      vertex 43.0349 81.3487 2.01
      vertex 43.948 82.5387 2.01
      vertex 43.2021 81.2021 2.01
    endloop
  endfacet
  facet normal -0 0 -1
    outer loop
      vertex 43.948 82.5387 2.01
      vertex 43.0349 81.3487 2.01
      vertex 43.6 82.7713 2.01
    endloop
  endfacet
  facet normal 0 0 -1
    outer loop
      vertex 42.85 81.4722 2.01
      vertex 43.6 82.7713 2.01
      vertex 43.0349 81.3487 2.01
    endloop
  endfacet
  facet normal -0 0 -1
    outer loop
      vertex 43.6 82.7713 2.01
      vertex 42.85 81.4722 2.01
      vertex 43.2246 82.9564 2.01
    endloop
  endfacet
  facet normal 0 0 -1
    outer loop
      vertex 42.6506 81.5706 2.01
      vertex 43.2246 82.9564 2.01
      vertex 42.85 81.4722 2.01
    endloop
  endfacet
  facet normal -0 0 -1
    outer loop
      vertex 43.2246 82.9564 2.01
      vertex 42.6506 81.5706 2.01
      vertex 42.8282 83.091 2.01
    endloop
  endfacet
  facet normal 0 0 -1
    outer loop
      vertex 42.44 81.6421 2.01
      vertex 42.8282 83.091 2.01
      vertex 42.6506 81.5706 2.01
    endloop
  endfacet
  facet normal 0 0 -1
    outer loop
      vertex 42.44 81.6421 2.01
      vertex 42.4177 83.1726 2.01
      vertex 42.8282 83.091 2.01
    endloop
  endfacet
  facet normal 0 0 -1
    outer loop
      vertex 42.2219 81.6855 2.01
      vertex 42.4177 83.1726 2.01
      vertex 42.44 81.6421 2.01
    endloop
  endfacet
  facet normal 0 0 -1
    outer loop
      vertex 42 81.7 2.01
      vertex 42.4177 83.1726 2.01
      vertex 42.2219 81.6855 2.01
    endloop
  endfacet
  facet normal 0 0 -1
    outer loop
      vertex 42 81.7 2.01
      vertex 42 83.2 2.01
      vertex 42.4177 83.1726 2.01
    endloop
  endfacet
  facet normal 0 0 -1
    outer loop
      vertex 41.7781 81.6855 2.01
      vertex 42 83.2 2.01
      vertex 42 81.7 2.01
    endloop
  endfacet
  facet normal 0 0 -1
    outer loop
      vertex 41.7781 81.6855 2.01
      vertex 41.5823 83.1726 2.01
      vertex 42 83.2 2.01
    endloop
  endfacet
  facet normal 0 0 -1
    outer loop
      vertex 41.56 81.6421 2.01
      vertex 41.5823 83.1726 2.01
      vertex 41.7781 81.6855 2.01
    endloop
  endfacet
  facet normal 0 0 -1
    outer loop
      vertex 41.1718 83.091 2.01
      vertex 41.56 81.6421 2.01
      vertex 41.3494 81.5706 2.01
    endloop
  endfacet
  facet normal 0 0 -1
    outer loop
      vertex 41.56 81.6421 2.01
      vertex 41.1718 83.091 2.01
      vertex 41.5823 83.1726 2.01
    endloop
  endfacet
  facet normal 0 0 -1
    outer loop
      vertex 40.7754 82.9564 2.01
      vertex 41.3494 81.5706 2.01
      vertex 41.15 81.4722 2.01
    endloop
  endfacet
  facet normal 0 0 -1
    outer loop
      vertex 40.4 82.7713 2.01
      vertex 41.15 81.4722 2.01
      vertex 40.9651 81.3487 2.01
    endloop
  endfacet
  facet normal 0 0 -1
    outer loop
      vertex 40.052 82.5387 2.01
      vertex 40.9651 81.3487 2.01
      vertex 40.7979 81.2021 2.01
    endloop
  endfacet
  facet normal 0 0 -1
    outer loop
      vertex 41.3494 81.5706 2.01
      vertex 40.7754 82.9564 2.01
      vertex 41.1718 83.091 2.01
    endloop
  endfacet
  facet normal 0 0 -1
    outer loop
      vertex 39.7373 82.2627 2.01
      vertex 40.7979 81.2021 2.01
      vertex 40.6513 81.0349 2.01
    endloop
  endfacet
  facet normal 0 0 -1
    outer loop
      vertex 39.4613 81.948 2.01
      vertex 40.6513 81.0349 2.01
      vertex 40.5278 80.85 2.01
    endloop
  endfacet
  facet normal 0 0 -1
    outer loop
      vertex 39.2287 81.6 2.01
      vertex 40.5278 80.85 2.01
      vertex 40.4294 80.6506 2.01
    endloop
  endfacet
  facet normal 0 0 -1
    outer loop
      vertex 41.15 81.4722 2.01
      vertex 40.4 82.7713 2.01
      vertex 40.7754 82.9564 2.01
    endloop
  endfacet
  facet normal 0 0 -1
    outer loop
      vertex 39.0436 81.2246 2.01
      vertex 40.4294 80.6506 2.01
      vertex 40.3579 80.44 2.01
    endloop
  endfacet
  facet normal 0 0 -1
    outer loop
      vertex 38.909 80.8282 2.01
      vertex 40.3579 80.44 2.01
      vertex 40.3145 80.2219 2.01
    endloop
  endfacet
  facet normal 0 0 -1
    outer loop
      vertex 38.8274 80.4177 2.01
      vertex 40.3145 80.2219 2.01
      vertex 40.3 80 2.01
    endloop
  endfacet
  facet normal 0 0 -1
    outer loop
      vertex 39.0436 78.7754 2.01
      vertex 40.4294 79.3494 2.01
      vertex 39.2287 78.4 2.01
    endloop
  endfacet
  facet normal 0 0 -1
    outer loop
      vertex 40.9651 81.3487 2.01
      vertex 40.052 82.5387 2.01
      vertex 40.4 82.7713 2.01
    endloop
  endfacet
  facet normal -0 0 -1
    outer loop
      vertex 40.4294 79.3494 2.01
      vertex 39.0436 78.7754 2.01
      vertex 40.3579 79.56 2.01
    endloop
  endfacet
  facet normal 0 0 -1
    outer loop
      vertex 40.7979 81.2021 2.01
      vertex 39.7373 82.2627 2.01
      vertex 40.052 82.5387 2.01
    endloop
  endfacet
  facet normal 0 0 -1
    outer loop
      vertex 38.909 79.1718 2.01
      vertex 40.3579 79.56 2.01
      vertex 39.0436 78.7754 2.01
    endloop
  endfacet
  facet normal 0 0 -1
    outer loop
      vertex 40.6513 81.0349 2.01
      vertex 39.4613 81.948 2.01
      vertex 39.7373 82.2627 2.01
    endloop
  endfacet
  facet normal -0 0 -1
    outer loop
      vertex 40.3579 79.56 2.01
      vertex 38.909 79.1718 2.01
      vertex 40.3145 79.7781 2.01
    endloop
  endfacet
  facet normal 0 0 -1
    outer loop
      vertex 40.5278 80.85 2.01
      vertex 39.2287 81.6 2.01
      vertex 39.4613 81.948 2.01
    endloop
  endfacet
  facet normal 0 0 -1
    outer loop
      vertex 38.8274 79.5823 2.01
      vertex 40.3145 79.7781 2.01
      vertex 38.909 79.1718 2.01
    endloop
  endfacet
  facet normal 0 0 -1
    outer loop
      vertex 40.4294 80.6506 2.01
      vertex 39.0436 81.2246 2.01
      vertex 39.2287 81.6 2.01
    endloop
  endfacet
  facet normal -0 0 -1
    outer loop
      vertex 40.3145 79.7781 2.01
      vertex 38.8274 79.5823 2.01
      vertex 40.3 80 2.01
    endloop
  endfacet
  facet normal 0 0 -1
    outer loop
      vertex 40.3579 80.44 2.01
      vertex 38.909 80.8282 2.01
      vertex 39.0436 81.2246 2.01
    endloop
  endfacet
  facet normal 0 0 -1
    outer loop
      vertex 38.8 80 2.01
      vertex 40.3 80 2.01
      vertex 38.8274 79.5823 2.01
    endloop
  endfacet
  facet normal 0 0 -1
    outer loop
      vertex 40.3145 80.2219 2.01
      vertex 38.8274 80.4177 2.01
      vertex 38.909 80.8282 2.01
    endloop
  endfacet
  facet normal 0 0 -1
    outer loop
      vertex 40.3 80 2.01
      vertex 38.8 80 2.01
      vertex 38.8274 80.4177 2.01
    endloop
  endfacet
  facet normal 0.608905 0.406986 0.68088
    outer loop
      vertex 39.4613 78.052 2.01
      vertex 40.6513 78.9651 0.4
      vertex 39.2287 78.4 2.01
    endloop
  endfacet
  facet normal 0.48292 -0.550634 0.680875
    outer loop
      vertex 40.9651 81.3487 0.4
      vertex 40.052 82.5387 2.01
      vertex 39.7373 82.2627 2.01
    endloop
  endfacet
  facet normal -0.323891 -0.656882 0.680882
    outer loop
      vertex 43.6 82.7713 2.01
      vertex 43.2246 82.9564 2.01
      vertex 42.6506 81.5706 0.4
    endloop
  endfacet
  facet normal 0.550634 0.48292 0.680875
    outer loop
      vertex 39.7373 77.7373 2.01
      vertex 40.6513 78.9651 0.4
      vertex 39.4613 78.052 2.01
    endloop
  endfacet
  facet normal -0.550704 0.482854 0.680865
    outer loop
      vertex 44.2627 77.7373 2.01
      vertex 43.3487 78.9651 0.4
      vertex 43.2021 78.7979 0.4
    endloop
  endfacet
  facet normal -0.656755 0.324096 0.680908
    outer loop
      vertex 44.7713 78.4 2.01
      vertex 43.5706 79.3494 0.4
      vertex 43.4722 79.15 0.4
    endloop
  endfacet
  facet normal -0.142939 0.71832 0.68087
    outer loop
      vertex 42.4177 76.8274 2.01
      vertex 42.44 78.3579 0.4
      vertex 42.2219 78.3145 0.4
    endloop
  endfacet
  facet normal 0.609016 -0.406779 0.680905
    outer loop
      vertex 40.5278 80.85 0.4
      vertex 40.6513 81.0349 0.4
      vertex 39.2287 81.6 2.01
    endloop
  endfacet
  facet normal -0.324096 0.656755 0.680908
    outer loop
      vertex 43.6 77.2287 2.01
      vertex 42.85 78.5278 0.4
      vertex 42.6506 78.4294 0.4
    endloop
  endfacet
  facet normal 0.406779 0.609016 0.680905
    outer loop
      vertex 41.15 78.5278 0.4
      vertex 40.9651 78.6513 0.4
      vertex 40.4 77.2287 2.01
    endloop
  endfacet
  facet normal 0.0477571 0.730849 0.680867
    outer loop
      vertex 42 78.3 0.4
      vertex 41.7781 78.3145 0.4
      vertex 41.5823 76.8274 2.01
    endloop
  endfacet
  facet normal 0.142939 0.71832 0.68087
    outer loop
      vertex 41.5823 76.8274 2.01
      vertex 41.7781 78.3145 0.4
      vertex 41.56 78.3579 0.4
    endloop
  endfacet
  facet normal 0.482854 0.550704 0.680865
    outer loop
      vertex 40.9651 78.6513 0.4
      vertex 40.7979 78.7979 0.4
      vertex 39.7373 77.7373 2.01
    endloop
  endfacet
  facet normal 0.142792 0.718335 0.680886
    outer loop
      vertex 41.5823 76.8274 2.01
      vertex 41.56 78.3579 0.4
      vertex 41.1718 76.909 2.01
    endloop
  endfacet
  facet normal 0.406986 -0.608905 0.68088
    outer loop
      vertex 40.9651 81.3487 0.4
      vertex 40.4 82.7713 2.01
      vertex 40.052 82.5387 2.01
    endloop
  endfacet
  facet normal 0.6935 -0.235482 0.680886
    outer loop
      vertex 40.3579 80.44 0.4
      vertex 39.0436 81.2246 2.01
      vertex 38.909 80.8282 2.01
    endloop
  endfacet
  facet normal -0.406986 -0.608905 0.68088
    outer loop
      vertex 43.948 82.5387 2.01
      vertex 43.6 82.7713 2.01
      vertex 43.0349 81.3487 0.4
    endloop
  endfacet
  facet normal -0.48292 -0.550634 0.680875
    outer loop
      vertex 44.2627 82.2627 2.01
      vertex 43.948 82.5387 2.01
      vertex 43.0349 81.3487 0.4
    endloop
  endfacet
  facet normal -0.550634 -0.48292 0.680875
    outer loop
      vertex 44.5387 81.948 2.01
      vertex 44.2627 82.2627 2.01
      vertex 43.3487 81.0349 0.4
    endloop
  endfacet
  facet normal -0.656755 -0.324096 0.680908
    outer loop
      vertex 43.5706 80.6506 0.4
      vertex 44.7713 81.6 2.01
      vertex 43.4722 80.85 0.4
    endloop
  endfacet
  facet normal -0.48292 0.550634 0.680875
    outer loop
      vertex 43.948 77.4613 2.01
      vertex 44.2627 77.7373 2.01
      vertex 43.0349 78.6513 0.4
    endloop
  endfacet
  facet normal -0.656882 0.323891 0.680882
    outer loop
      vertex 44.7713 78.4 2.01
      vertex 44.9564 78.7754 2.01
      vertex 43.5706 79.3494 0.4
    endloop
  endfacet
  facet normal -0.235452 -0.693514 0.680883
    outer loop
      vertex 42.6506 81.5706 0.4
      vertex 43.2246 82.9564 2.01
      vertex 42.44 81.6421 0.4
    endloop
  endfacet
  facet normal -0.142792 -0.718335 0.680886
    outer loop
      vertex 42.44 81.6421 0.4
      vertex 42.8282 83.091 2.01
      vertex 42.4177 83.1726 2.01
    endloop
  endfacet
  facet normal 0.235452 -0.693514 0.680883
    outer loop
      vertex 41.3494 81.5706 0.4
      vertex 41.56 81.6421 0.4
      vertex 40.7754 82.9564 2.01
    endloop
  endfacet
  facet normal 0.550704 -0.482854 0.680865
    outer loop
      vertex 40.6513 81.0349 0.4
      vertex 40.7979 81.2021 0.4
      vertex 39.7373 82.2627 2.01
    endloop
  endfacet
  facet normal 0.609016 0.406779 0.680905
    outer loop
      vertex 40.6513 78.9651 0.4
      vertex 40.5278 79.15 0.4
      vertex 39.2287 78.4 2.01
    endloop
  endfacet
  facet normal 0.6935 0.235482 0.680886
    outer loop
      vertex 39.0436 78.7754 2.01
      vertex 40.3579 79.56 0.4
      vertex 38.909 79.1718 2.01
    endloop
  endfacet
  facet normal 0.693514 0.235452 0.680883
    outer loop
      vertex 40.4294 79.3494 0.4
      vertex 40.3579 79.56 0.4
      vertex 39.0436 78.7754 2.01
    endloop
  endfacet
  facet normal -0.235482 -0.6935 0.680886
    outer loop
      vertex 43.2246 82.9564 2.01
      vertex 42.8282 83.091 2.01
      vertex 42.44 81.6421 0.4
    endloop
  endfacet
  facet normal 0.730849 -0.0477571 0.680867
    outer loop
      vertex 40.3 80 0.4
      vertex 40.3145 80.2219 0.4
      vertex 38.8274 80.4177 2.01
    endloop
  endfacet
  facet normal 0.656882 -0.323891 0.680882
    outer loop
      vertex 40.4294 80.6506 0.4
      vertex 39.2287 81.6 2.01
      vertex 39.0436 81.2246 2.01
    endloop
  endfacet
  facet normal 0.730849 0.0477571 0.680867
    outer loop
      vertex 40.3145 79.7781 0.4
      vertex 40.3 80 0.4
      vertex 38.8274 79.5823 2.01
    endloop
  endfacet
  facet normal -0.482854 -0.550704 0.680865
    outer loop
      vertex 43.2021 81.2021 0.4
      vertex 44.2627 82.2627 2.01
      vertex 43.0349 81.3487 0.4
    endloop
  endfacet
  facet normal 0.718335 -0.142792 0.680886
    outer loop
      vertex 40.3579 80.44 0.4
      vertex 38.909 80.8282 2.01
      vertex 38.8274 80.4177 2.01
    endloop
  endfacet
  facet normal -0.550704 -0.482854 0.680865
    outer loop
      vertex 43.3487 81.0349 0.4
      vertex 44.2627 82.2627 2.01
      vertex 43.2021 81.2021 0.4
    endloop
  endfacet
  facet normal -0.406779 0.609016 0.680905
    outer loop
      vertex 43.6 77.2287 2.01
      vertex 43.0349 78.6513 0.4
      vertex 42.85 78.5278 0.4
    endloop
  endfacet
  facet normal -0.608905 -0.406986 0.68088
    outer loop
      vertex 44.7713 81.6 2.01
      vertex 44.5387 81.948 2.01
      vertex 43.3487 81.0349 0.4
    endloop
  endfacet
  facet normal -0.0479397 -0.730818 0.680887
    outer loop
      vertex 42.4177 83.1726 2.01
      vertex 42 83.2 2.01
      vertex 42 81.7 0.4
    endloop
  endfacet
  facet normal 0.323891 -0.656882 0.680882
    outer loop
      vertex 41.3494 81.5706 0.4
      vertex 40.7754 82.9564 2.01
      vertex 40.4 82.7713 2.01
    endloop
  endfacet
  facet normal 0.235482 -0.6935 0.680886
    outer loop
      vertex 41.56 81.6421 0.4
      vertex 41.1718 83.091 2.01
      vertex 40.7754 82.9564 2.01
    endloop
  endfacet
  facet normal 0.324096 -0.656755 0.680908
    outer loop
      vertex 41.15 81.4722 0.4
      vertex 41.3494 81.5706 0.4
      vertex 40.4 82.7713 2.01
    endloop
  endfacet
  facet normal 0.406779 -0.609016 0.680905
    outer loop
      vertex 40.9651 81.3487 0.4
      vertex 41.15 81.4722 0.4
      vertex 40.4 82.7713 2.01
    endloop
  endfacet
  facet normal -0.609016 -0.406779 0.680905
    outer loop
      vertex 43.4722 80.85 0.4
      vertex 44.7713 81.6 2.01
      vertex 43.3487 81.0349 0.4
    endloop
  endfacet
  facet normal -0.718335 -0.142792 0.680886
    outer loop
      vertex 45.1726 80.4177 2.01
      vertex 45.091 80.8282 2.01
      vertex 43.6421 80.44 0.4
    endloop
  endfacet
  facet normal -0.71832 -0.142939 0.68087
    outer loop
      vertex 43.6855 80.2219 0.4
      vertex 45.1726 80.4177 2.01
      vertex 43.6421 80.44 0.4
    endloop
  endfacet
  facet normal 0.71832 -0.142939 0.68087
    outer loop
      vertex 40.3145 80.2219 0.4
      vertex 40.3579 80.44 0.4
      vertex 38.8274 80.4177 2.01
    endloop
  endfacet
  facet normal -0.142939 -0.71832 0.68087
    outer loop
      vertex 42.44 81.6421 0.4
      vertex 42.4177 83.1726 2.01
      vertex 42.2219 81.6855 0.4
    endloop
  endfacet
  facet normal 0.0479397 -0.730818 0.680887
    outer loop
      vertex 42 81.7 0.4
      vertex 42 83.2 2.01
      vertex 41.5823 83.1726 2.01
    endloop
  endfacet
  facet normal 0.0477571 -0.730849 0.680867
    outer loop
      vertex 41.7781 81.6855 0.4
      vertex 42 81.7 0.4
      vertex 41.5823 83.1726 2.01
    endloop
  endfacet
  facet normal -0.693514 -0.235452 0.680883
    outer loop
      vertex 43.6421 80.44 0.4
      vertex 44.9564 81.2246 2.01
      vertex 43.5706 80.6506 0.4
    endloop
  endfacet
  facet normal -0.98077 -0.195165 0
    outer loop
      vertex -36.3145 -30.7781 0
      vertex -36.3579 -30.56 3
      vertex -36.3579 -30.56 0
    endloop
  endfacet
  facet normal -0.98077 -0.195165 0
    outer loop
      vertex -36.3579 -30.56 3
      vertex -36.3145 -30.7781 0
      vertex -36.3145 -30.7781 3
    endloop
  endfacet
  facet normal -0.997872 -0.0652057 0
    outer loop
      vertex -36.3 -31 0
      vertex -36.3145 -30.7781 3
      vertex -36.3145 -30.7781 0
    endloop
  endfacet
  facet normal -0.997872 -0.0652057 0
    outer loop
      vertex -36.3145 -30.7781 3
      vertex -36.3 -31 0
      vertex -36.3 -31 3
    endloop
  endfacet
  facet normal -0.0652057 0.997872 0
    outer loop
      vertex -37.7781 -32.6855 0
      vertex -38 -32.7 3
      vertex -37.7781 -32.6855 3
    endloop
  endfacet
  facet normal -0.0652057 0.997872 0
    outer loop
      vertex -38 -32.7 3
      vertex -37.7781 -32.6855 0
      vertex -38 -32.7 0
    endloop
  endfacet
  facet normal 0.659268 -0.751908 0
    outer loop
      vertex -39.2021 -29.7979 0
      vertex -39.0349 -29.6513 3
      vertex -39.2021 -29.7979 3
    endloop
  endfacet
  facet normal 0.659268 -0.751908 0
    outer loop
      vertex -39.0349 -29.6513 3
      vertex -39.2021 -29.7979 0
      vertex -39.0349 -29.6513 0
    endloop
  endfacet
  facet normal 0.831566 0.555426 0
    outer loop
      vertex -39.3487 -32.0349 3
      vertex -39.4722 -31.85 0
      vertex -39.4722 -31.85 3
    endloop
  endfacet
  facet normal 0.831566 0.555426 0
    outer loop
      vertex -39.4722 -31.85 0
      vertex -39.3487 -32.0349 3
      vertex -39.3487 -32.0349 0
    endloop
  endfacet
  facet normal 0.195165 0.98077 -0
    outer loop
      vertex -38.2219 -32.6855 0
      vertex -38.44 -32.6421 3
      vertex -38.2219 -32.6855 3
    endloop
  endfacet
  facet normal 0.195165 0.98077 0
    outer loop
      vertex -38.44 -32.6421 3
      vertex -38.2219 -32.6855 0
      vertex -38.44 -32.6421 0
    endloop
  endfacet
  facet normal -0.659268 -0.751908 0
    outer loop
      vertex -36.9651 -29.6513 0
      vertex -36.7979 -29.7979 3
      vertex -36.9651 -29.6513 3
    endloop
  endfacet
  facet normal -0.659268 -0.751908 -0
    outer loop
      vertex -36.7979 -29.7979 3
      vertex -36.9651 -29.6513 0
      vertex -36.7979 -29.7979 0
    endloop
  endfacet
  facet normal -0.946915 0.321484 0
    outer loop
      vertex -36.4294 -31.6506 0
      vertex -36.3579 -31.44 3
      vertex -36.3579 -31.44 0
    endloop
  endfacet
  facet normal -0.946915 0.321484 0
    outer loop
      vertex -36.3579 -31.44 3
      vertex -36.4294 -31.6506 0
      vertex -36.4294 -31.6506 3
    endloop
  endfacet
  facet normal -0.751908 0.659268 0
    outer loop
      vertex -36.7979 -32.2021 0
      vertex -36.6513 -32.0349 3
      vertex -36.6513 -32.0349 0
    endloop
  endfacet
  facet normal -0.751908 0.659268 0
    outer loop
      vertex -36.6513 -32.0349 3
      vertex -36.7979 -32.2021 0
      vertex -36.7979 -32.2021 3
    endloop
  endfacet
  facet normal -0.751908 -0.659268 0
    outer loop
      vertex -36.6513 -29.9651 0
      vertex -36.7979 -29.7979 3
      vertex -36.7979 -29.7979 0
    endloop
  endfacet
  facet normal -0.751908 -0.659268 0
    outer loop
      vertex -36.7979 -29.7979 3
      vertex -36.6513 -29.9651 0
      vertex -36.6513 -29.9651 3
    endloop
  endfacet
  facet normal 0.946915 0.321484 0
    outer loop
      vertex -39.5706 -31.6506 3
      vertex -39.6421 -31.44 0
      vertex -39.6421 -31.44 3
    endloop
  endfacet
  facet normal 0.946915 0.321484 0
    outer loop
      vertex -39.6421 -31.44 0
      vertex -39.5706 -31.6506 3
      vertex -39.5706 -31.6506 0
    endloop
  endfacet
  facet normal -0.321484 0.946915 0
    outer loop
      vertex -37.3494 -32.5706 0
      vertex -37.56 -32.6421 3
      vertex -37.3494 -32.5706 3
    endloop
  endfacet
  facet normal -0.321484 0.946915 0
    outer loop
      vertex -37.56 -32.6421 3
      vertex -37.3494 -32.5706 0
      vertex -37.56 -32.6421 0
    endloop
  endfacet
  facet normal 0.0652057 0.997872 -0
    outer loop
      vertex -38 -32.7 0
      vertex -38.2219 -32.6855 3
      vertex -38 -32.7 3
    endloop
  endfacet
  facet normal 0.0652057 0.997872 0
    outer loop
      vertex -38.2219 -32.6855 3
      vertex -38 -32.7 0
      vertex -38.2219 -32.6855 0
    endloop
  endfacet
  facet normal 0.321484 -0.946915 0
    outer loop
      vertex -38.6506 -29.4294 0
      vertex -38.44 -29.3579 3
      vertex -38.6506 -29.4294 3
    endloop
  endfacet
  facet normal 0.321484 -0.946915 0
    outer loop
      vertex -38.44 -29.3579 3
      vertex -38.6506 -29.4294 0
      vertex -38.44 -29.3579 0
    endloop
  endfacet
  facet normal -0.946915 -0.321484 0
    outer loop
      vertex -36.3579 -30.56 0
      vertex -36.4294 -30.3494 3
      vertex -36.4294 -30.3494 0
    endloop
  endfacet
  facet normal -0.946915 -0.321484 0
    outer loop
      vertex -36.4294 -30.3494 3
      vertex -36.3579 -30.56 0
      vertex -36.3579 -30.56 3
    endloop
  endfacet
  facet normal 0.751908 -0.659268 0
    outer loop
      vertex -39.3487 -29.9651 3
      vertex -39.2021 -29.7979 0
      vertex -39.2021 -29.7979 3
    endloop
  endfacet
  facet normal 0.751908 -0.659268 0
    outer loop
      vertex -39.2021 -29.7979 0
      vertex -39.3487 -29.9651 3
      vertex -39.3487 -29.9651 0
    endloop
  endfacet
  facet normal 0.44253 0.896754 -0
    outer loop
      vertex -38.6506 -32.5706 0
      vertex -38.85 -32.4722 3
      vertex -38.6506 -32.5706 3
    endloop
  endfacet
  facet normal 0.44253 0.896754 0
    outer loop
      vertex -38.85 -32.4722 3
      vertex -38.6506 -32.5706 0
      vertex -38.85 -32.4722 0
    endloop
  endfacet
  facet normal 0.0652057 -0.997872 0
    outer loop
      vertex -38.2219 -29.3145 0
      vertex -38 -29.3 3
      vertex -38.2219 -29.3145 3
    endloop
  endfacet
  facet normal 0.0652057 -0.997872 0
    outer loop
      vertex -38 -29.3 3
      vertex -38.2219 -29.3145 0
      vertex -38 -29.3 0
    endloop
  endfacet
  facet normal -0.896754 0.44253 0
    outer loop
      vertex -36.5278 -31.85 0
      vertex -36.4294 -31.6506 3
      vertex -36.4294 -31.6506 0
    endloop
  endfacet
  facet normal -0.896754 0.44253 0
    outer loop
      vertex -36.4294 -31.6506 3
      vertex -36.5278 -31.85 0
      vertex -36.5278 -31.85 3
    endloop
  endfacet
  facet normal -0.555426 0.831566 0
    outer loop
      vertex -36.9651 -32.3487 0
      vertex -37.15 -32.4722 3
      vertex -36.9651 -32.3487 3
    endloop
  endfacet
  facet normal -0.555426 0.831566 0
    outer loop
      vertex -37.15 -32.4722 3
      vertex -36.9651 -32.3487 0
      vertex -37.15 -32.4722 0
    endloop
  endfacet
  facet normal 0.98077 0.195165 0
    outer loop
      vertex -39.6421 -31.44 3
      vertex -39.6855 -31.2219 0
      vertex -39.6855 -31.2219 3
    endloop
  endfacet
  facet normal 0.98077 0.195165 0
    outer loop
      vertex -39.6855 -31.2219 0
      vertex -39.6421 -31.44 3
      vertex -39.6421 -31.44 0
    endloop
  endfacet
  facet normal -0.195165 -0.98077 0
    outer loop
      vertex -37.7781 -29.3145 0
      vertex -37.56 -29.3579 3
      vertex -37.7781 -29.3145 3
    endloop
  endfacet
  facet normal -0.195165 -0.98077 -0
    outer loop
      vertex -37.56 -29.3579 3
      vertex -37.7781 -29.3145 0
      vertex -37.56 -29.3579 0
    endloop
  endfacet
  facet normal -0.831566 -0.555426 0
    outer loop
      vertex -36.5278 -30.15 0
      vertex -36.6513 -29.9651 3
      vertex -36.6513 -29.9651 0
    endloop
  endfacet
  facet normal -0.831566 -0.555426 0
    outer loop
      vertex -36.6513 -29.9651 3
      vertex -36.5278 -30.15 0
      vertex -36.5278 -30.15 3
    endloop
  endfacet
  facet normal -0.997872 0.0652057 0
    outer loop
      vertex -36.3145 -31.2219 0
      vertex -36.3 -31 3
      vertex -36.3 -31 0
    endloop
  endfacet
  facet normal -0.997872 0.0652057 0
    outer loop
      vertex -36.3 -31 3
      vertex -36.3145 -31.2219 0
      vertex -36.3145 -31.2219 3
    endloop
  endfacet
  facet normal -0.321484 -0.946915 0
    outer loop
      vertex -37.56 -29.3579 0
      vertex -37.3494 -29.4294 3
      vertex -37.56 -29.3579 3
    endloop
  endfacet
  facet normal -0.321484 -0.946915 -0
    outer loop
      vertex -37.3494 -29.4294 3
      vertex -37.56 -29.3579 0
      vertex -37.3494 -29.4294 0
    endloop
  endfacet
  facet normal -0.555426 -0.831566 0
    outer loop
      vertex -37.15 -29.5278 0
      vertex -36.9651 -29.6513 3
      vertex -37.15 -29.5278 3
    endloop
  endfacet
  facet normal -0.555426 -0.831566 -0
    outer loop
      vertex -36.9651 -29.6513 3
      vertex -37.15 -29.5278 0
      vertex -36.9651 -29.6513 0
    endloop
  endfacet
  facet normal 0.195165 -0.98077 0
    outer loop
      vertex -38.44 -29.3579 0
      vertex -38.2219 -29.3145 3
      vertex -38.44 -29.3579 3
    endloop
  endfacet
  facet normal 0.195165 -0.98077 0
    outer loop
      vertex -38.2219 -29.3145 3
      vertex -38.44 -29.3579 0
      vertex -38.2219 -29.3145 0
    endloop
  endfacet
  facet normal -0.659268 0.751908 0
    outer loop
      vertex -36.7979 -32.2021 0
      vertex -36.9651 -32.3487 3
      vertex -36.7979 -32.2021 3
    endloop
  endfacet
  facet normal -0.659268 0.751908 0
    outer loop
      vertex -36.9651 -32.3487 3
      vertex -36.7979 -32.2021 0
      vertex -36.9651 -32.3487 0
    endloop
  endfacet
  facet normal 0.896754 -0.44253 0
    outer loop
      vertex -39.5706 -30.3494 3
      vertex -39.4722 -30.15 0
      vertex -39.4722 -30.15 3
    endloop
  endfacet
  facet normal 0.896754 -0.44253 0
    outer loop
      vertex -39.4722 -30.15 0
      vertex -39.5706 -30.3494 3
      vertex -39.5706 -30.3494 0
    endloop
  endfacet
  facet normal -0.98077 0.195165 0
    outer loop
      vertex -36.3579 -31.44 0
      vertex -36.3145 -31.2219 3
      vertex -36.3145 -31.2219 0
    endloop
  endfacet
  facet normal -0.98077 0.195165 0
    outer loop
      vertex -36.3145 -31.2219 3
      vertex -36.3579 -31.44 0
      vertex -36.3579 -31.44 3
    endloop
  endfacet
  facet normal -0.195165 0.98077 0
    outer loop
      vertex -37.56 -32.6421 0
      vertex -37.7781 -32.6855 3
      vertex -37.56 -32.6421 3
    endloop
  endfacet
  facet normal -0.195165 0.98077 0
    outer loop
      vertex -37.7781 -32.6855 3
      vertex -37.56 -32.6421 0
      vertex -37.7781 -32.6855 0
    endloop
  endfacet
  facet normal 0.659268 0.751908 -0
    outer loop
      vertex -39.0349 -32.3487 0
      vertex -39.2021 -32.2021 3
      vertex -39.0349 -32.3487 3
    endloop
  endfacet
  facet normal 0.659268 0.751908 0
    outer loop
      vertex -39.2021 -32.2021 3
      vertex -39.0349 -32.3487 0
      vertex -39.2021 -32.2021 0
    endloop
  endfacet
  facet normal 0.751908 0.659268 0
    outer loop
      vertex -39.2021 -32.2021 3
      vertex -39.3487 -32.0349 0
      vertex -39.3487 -32.0349 3
    endloop
  endfacet
  facet normal 0.751908 0.659268 0
    outer loop
      vertex -39.3487 -32.0349 0
      vertex -39.2021 -32.2021 3
      vertex -39.2021 -32.2021 0
    endloop
  endfacet
  facet normal -0.0652057 -0.997872 0
    outer loop
      vertex -38 -29.3 0
      vertex -37.7781 -29.3145 3
      vertex -38 -29.3 3
    endloop
  endfacet
  facet normal -0.0652057 -0.997872 -0
    outer loop
      vertex -37.7781 -29.3145 3
      vertex -38 -29.3 0
      vertex -37.7781 -29.3145 0
    endloop
  endfacet
  facet normal -0.44253 -0.896754 0
    outer loop
      vertex -37.3494 -29.4294 0
      vertex -37.15 -29.5278 3
      vertex -37.3494 -29.4294 3
    endloop
  endfacet
  facet normal -0.44253 -0.896754 -0
    outer loop
      vertex -37.15 -29.5278 3
      vertex -37.3494 -29.4294 0
      vertex -37.15 -29.5278 0
    endloop
  endfacet
  facet normal -0.831566 0.555426 0
    outer loop
      vertex -36.6513 -32.0349 0
      vertex -36.5278 -31.85 3
      vertex -36.5278 -31.85 0
    endloop
  endfacet
  facet normal -0.831566 0.555426 0
    outer loop
      vertex -36.5278 -31.85 3
      vertex -36.6513 -32.0349 0
      vertex -36.6513 -32.0349 3
    endloop
  endfacet
  facet normal 0.997872 0.0652057 0
    outer loop
      vertex -39.6855 -31.2219 3
      vertex -39.7 -31 0
      vertex -39.7 -31 3
    endloop
  endfacet
  facet normal 0.997872 0.0652057 0
    outer loop
      vertex -39.7 -31 0
      vertex -39.6855 -31.2219 3
      vertex -39.6855 -31.2219 0
    endloop
  endfacet
  facet normal -0.44253 0.896754 0
    outer loop
      vertex -37.15 -32.4722 0
      vertex -37.3494 -32.5706 3
      vertex -37.15 -32.4722 3
    endloop
  endfacet
  facet normal -0.44253 0.896754 0
    outer loop
      vertex -37.3494 -32.5706 3
      vertex -37.15 -32.4722 0
      vertex -37.3494 -32.5706 0
    endloop
  endfacet
  facet normal 0.98077 -0.195165 0
    outer loop
      vertex -39.6855 -30.7781 3
      vertex -39.6421 -30.56 0
      vertex -39.6421 -30.56 3
    endloop
  endfacet
  facet normal 0.98077 -0.195165 0
    outer loop
      vertex -39.6421 -30.56 0
      vertex -39.6855 -30.7781 3
      vertex -39.6855 -30.7781 0
    endloop
  endfacet
  facet normal 0.896754 0.44253 0
    outer loop
      vertex -39.4722 -31.85 3
      vertex -39.5706 -31.6506 0
      vertex -39.5706 -31.6506 3
    endloop
  endfacet
  facet normal 0.896754 0.44253 0
    outer loop
      vertex -39.5706 -31.6506 0
      vertex -39.4722 -31.85 3
      vertex -39.4722 -31.85 0
    endloop
  endfacet
  facet normal 0.946915 -0.321484 0
    outer loop
      vertex -39.6421 -30.56 3
      vertex -39.5706 -30.3494 0
      vertex -39.5706 -30.3494 3
    endloop
  endfacet
  facet normal 0.946915 -0.321484 0
    outer loop
      vertex -39.5706 -30.3494 0
      vertex -39.6421 -30.56 3
      vertex -39.6421 -30.56 0
    endloop
  endfacet
  facet normal -0.896754 -0.44253 0
    outer loop
      vertex -36.4294 -30.3494 0
      vertex -36.5278 -30.15 3
      vertex -36.5278 -30.15 0
    endloop
  endfacet
  facet normal -0.896754 -0.44253 0
    outer loop
      vertex -36.5278 -30.15 3
      vertex -36.4294 -30.3494 0
      vertex -36.4294 -30.3494 3
    endloop
  endfacet
  facet normal 0.997872 -0.0652057 0
    outer loop
      vertex -39.7 -31 3
      vertex -39.6855 -30.7781 0
      vertex -39.6855 -30.7781 3
    endloop
  endfacet
  facet normal 0.997872 -0.0652057 0
    outer loop
      vertex -39.6855 -30.7781 0
      vertex -39.7 -31 3
      vertex -39.7 -31 0
    endloop
  endfacet
  facet normal 0.321484 0.946915 -0
    outer loop
      vertex -38.44 -32.6421 0
      vertex -38.6506 -32.5706 3
      vertex -38.44 -32.6421 3
    endloop
  endfacet
  facet normal 0.321484 0.946915 0
    outer loop
      vertex -38.6506 -32.5706 3
      vertex -38.44 -32.6421 0
      vertex -38.6506 -32.5706 0
    endloop
  endfacet
  facet normal 0.44253 -0.896754 0
    outer loop
      vertex -38.85 -29.5278 0
      vertex -38.6506 -29.4294 3
      vertex -38.85 -29.5278 3
    endloop
  endfacet
  facet normal 0.44253 -0.896754 0
    outer loop
      vertex -38.6506 -29.4294 3
      vertex -38.85 -29.5278 0
      vertex -38.6506 -29.4294 0
    endloop
  endfacet
  facet normal 0.555426 -0.831566 0
    outer loop
      vertex -39.0349 -29.6513 0
      vertex -38.85 -29.5278 3
      vertex -39.0349 -29.6513 3
    endloop
  endfacet
  facet normal 0.555426 -0.831566 0
    outer loop
      vertex -38.85 -29.5278 3
      vertex -39.0349 -29.6513 0
      vertex -38.85 -29.5278 0
    endloop
  endfacet
  facet normal 0.831566 -0.555426 0
    outer loop
      vertex -39.4722 -30.15 3
      vertex -39.3487 -29.9651 0
      vertex -39.3487 -29.9651 3
    endloop
  endfacet
  facet normal 0.831566 -0.555426 0
    outer loop
      vertex -39.3487 -29.9651 0
      vertex -39.4722 -30.15 3
      vertex -39.4722 -30.15 0
    endloop
  endfacet
  facet normal 0.555426 0.831566 -0
    outer loop
      vertex -38.85 -32.4722 0
      vertex -39.0349 -32.3487 3
      vertex -38.85 -32.4722 3
    endloop
  endfacet
  facet normal 0.555426 0.831566 0
    outer loop
      vertex -39.0349 -32.3487 3
      vertex -38.85 -32.4722 0
      vertex -39.0349 -32.3487 0
    endloop
  endfacet
  facet normal -0.98077 -0.195165 0
    outer loop
      vertex -36.3145 31.2219 0
      vertex -36.3579 31.44 3
      vertex -36.3579 31.44 0
    endloop
  endfacet
  facet normal -0.98077 -0.195165 0
    outer loop
      vertex -36.3579 31.44 3
      vertex -36.3145 31.2219 0
      vertex -36.3145 31.2219 3
    endloop
  endfacet
  facet normal -0.997872 -0.0652057 0
    outer loop
      vertex -36.3 31 0
      vertex -36.3145 31.2219 3
      vertex -36.3145 31.2219 0
    endloop
  endfacet
  facet normal -0.997872 -0.0652057 0
    outer loop
      vertex -36.3145 31.2219 3
      vertex -36.3 31 0
      vertex -36.3 31 3
    endloop
  endfacet
  facet normal 0.44253 -0.896754 0
    outer loop
      vertex -38.85 32.4722 0
      vertex -38.6506 32.5706 3
      vertex -38.85 32.4722 3
    endloop
  endfacet
  facet normal 0.44253 -0.896754 0
    outer loop
      vertex -38.6506 32.5706 3
      vertex -38.85 32.4722 0
      vertex -38.6506 32.5706 0
    endloop
  endfacet
  facet normal -0.555426 -0.831566 0
    outer loop
      vertex -37.15 32.4722 0
      vertex -36.9651 32.3487 3
      vertex -37.15 32.4722 3
    endloop
  endfacet
  facet normal -0.555426 -0.831566 -0
    outer loop
      vertex -36.9651 32.3487 3
      vertex -37.15 32.4722 0
      vertex -36.9651 32.3487 0
    endloop
  endfacet
  facet normal 0.659268 -0.751908 0
    outer loop
      vertex -39.2021 32.2021 0
      vertex -39.0349 32.3487 3
      vertex -39.2021 32.2021 3
    endloop
  endfacet
  facet normal 0.659268 -0.751908 0
    outer loop
      vertex -39.0349 32.3487 3
      vertex -39.2021 32.2021 0
      vertex -39.0349 32.3487 0
    endloop
  endfacet
  facet normal -0.321484 0.946915 0
    outer loop
      vertex -37.3494 29.4294 0
      vertex -37.56 29.3579 3
      vertex -37.3494 29.4294 3
    endloop
  endfacet
  facet normal -0.321484 0.946915 0
    outer loop
      vertex -37.56 29.3579 3
      vertex -37.3494 29.4294 0
      vertex -37.56 29.3579 0
    endloop
  endfacet
  facet normal -0.831566 0.555426 0
    outer loop
      vertex -36.6513 29.9651 0
      vertex -36.5278 30.15 3
      vertex -36.5278 30.15 0
    endloop
  endfacet
  facet normal -0.831566 0.555426 0
    outer loop
      vertex -36.5278 30.15 3
      vertex -36.6513 29.9651 0
      vertex -36.6513 29.9651 3
    endloop
  endfacet
  facet normal -0.946915 0.321484 0
    outer loop
      vertex -36.4294 30.3494 0
      vertex -36.3579 30.56 3
      vertex -36.3579 30.56 0
    endloop
  endfacet
  facet normal -0.946915 0.321484 0
    outer loop
      vertex -36.3579 30.56 3
      vertex -36.4294 30.3494 0
      vertex -36.4294 30.3494 3
    endloop
  endfacet
  facet normal -0.321484 -0.946915 0
    outer loop
      vertex -37.56 32.6421 0
      vertex -37.3494 32.5706 3
      vertex -37.56 32.6421 3
    endloop
  endfacet
  facet normal -0.321484 -0.946915 -0
    outer loop
      vertex -37.3494 32.5706 3
      vertex -37.56 32.6421 0
      vertex -37.3494 32.5706 0
    endloop
  endfacet
  facet normal -0.195165 -0.98077 0
    outer loop
      vertex -37.7781 32.6855 0
      vertex -37.56 32.6421 3
      vertex -37.7781 32.6855 3
    endloop
  endfacet
  facet normal -0.195165 -0.98077 -0
    outer loop
      vertex -37.56 32.6421 3
      vertex -37.7781 32.6855 0
      vertex -37.56 32.6421 0
    endloop
  endfacet
  facet normal 0.555426 -0.831566 0
    outer loop
      vertex -39.0349 32.3487 0
      vertex -38.85 32.4722 3
      vertex -39.0349 32.3487 3
    endloop
  endfacet
  facet normal 0.555426 -0.831566 0
    outer loop
      vertex -38.85 32.4722 3
      vertex -39.0349 32.3487 0
      vertex -38.85 32.4722 0
    endloop
  endfacet
  facet normal -0.896754 0.44253 0
    outer loop
      vertex -36.5278 30.15 0
      vertex -36.4294 30.3494 3
      vertex -36.4294 30.3494 0
    endloop
  endfacet
  facet normal -0.896754 0.44253 0
    outer loop
      vertex -36.4294 30.3494 3
      vertex -36.5278 30.15 0
      vertex -36.5278 30.15 3
    endloop
  endfacet
  facet normal -0.659268 -0.751908 0
    outer loop
      vertex -36.9651 32.3487 0
      vertex -36.7979 32.2021 3
      vertex -36.9651 32.3487 3
    endloop
  endfacet
  facet normal -0.659268 -0.751908 -0
    outer loop
      vertex -36.7979 32.2021 3
      vertex -36.9651 32.3487 0
      vertex -36.7979 32.2021 0
    endloop
  endfacet
  facet normal -0.555426 0.831566 0
    outer loop
      vertex -36.9651 29.6513 0
      vertex -37.15 29.5278 3
      vertex -36.9651 29.6513 3
    endloop
  endfacet
  facet normal -0.555426 0.831566 0
    outer loop
      vertex -37.15 29.5278 3
      vertex -36.9651 29.6513 0
      vertex -37.15 29.5278 0
    endloop
  endfacet
  facet normal -0.44253 -0.896754 0
    outer loop
      vertex -37.3494 32.5706 0
      vertex -37.15 32.4722 3
      vertex -37.3494 32.5706 3
    endloop
  endfacet
  facet normal -0.44253 -0.896754 -0
    outer loop
      vertex -37.15 32.4722 3
      vertex -37.3494 32.5706 0
      vertex -37.15 32.4722 0
    endloop
  endfacet
  facet normal 0.659268 0.751908 -0
    outer loop
      vertex -39.0349 29.6513 0
      vertex -39.2021 29.7979 3
      vertex -39.0349 29.6513 3
    endloop
  endfacet
  facet normal 0.659268 0.751908 0
    outer loop
      vertex -39.2021 29.7979 3
      vertex -39.0349 29.6513 0
      vertex -39.2021 29.7979 0
    endloop
  endfacet
  facet normal 0.751908 0.659268 0
    outer loop
      vertex -39.2021 29.7979 3
      vertex -39.3487 29.9651 0
      vertex -39.3487 29.9651 3
    endloop
  endfacet
  facet normal 0.751908 0.659268 0
    outer loop
      vertex -39.3487 29.9651 0
      vertex -39.2021 29.7979 3
      vertex -39.2021 29.7979 0
    endloop
  endfacet
  facet normal 0.831566 0.555426 0
    outer loop
      vertex -39.3487 29.9651 3
      vertex -39.4722 30.15 0
      vertex -39.4722 30.15 3
    endloop
  endfacet
  facet normal 0.831566 0.555426 0
    outer loop
      vertex -39.4722 30.15 0
      vertex -39.3487 29.9651 3
      vertex -39.3487 29.9651 0
    endloop
  endfacet
  facet normal -0.831566 -0.555426 0
    outer loop
      vertex -36.5278 31.85 0
      vertex -36.6513 32.0349 3
      vertex -36.6513 32.0349 0
    endloop
  endfacet
  facet normal -0.831566 -0.555426 0
    outer loop
      vertex -36.6513 32.0349 3
      vertex -36.5278 31.85 0
      vertex -36.5278 31.85 3
    endloop
  endfacet
  facet normal -0.195165 0.98077 0
    outer loop
      vertex -37.56 29.3579 0
      vertex -37.7781 29.3145 3
      vertex -37.56 29.3579 3
    endloop
  endfacet
  facet normal -0.195165 0.98077 0
    outer loop
      vertex -37.7781 29.3145 3
      vertex -37.56 29.3579 0
      vertex -37.7781 29.3145 0
    endloop
  endfacet
  facet normal -0.98077 0.195165 0
    outer loop
      vertex -36.3579 30.56 0
      vertex -36.3145 30.7781 3
      vertex -36.3145 30.7781 0
    endloop
  endfacet
  facet normal -0.98077 0.195165 0
    outer loop
      vertex -36.3145 30.7781 3
      vertex -36.3579 30.56 0
      vertex -36.3579 30.56 3
    endloop
  endfacet
  facet normal 0.946915 0.321484 0
    outer loop
      vertex -39.5706 30.3494 3
      vertex -39.6421 30.56 0
      vertex -39.6421 30.56 3
    endloop
  endfacet
  facet normal 0.946915 0.321484 0
    outer loop
      vertex -39.6421 30.56 0
      vertex -39.5706 30.3494 3
      vertex -39.5706 30.3494 0
    endloop
  endfacet
  facet normal -0.44253 0.896754 0
    outer loop
      vertex -37.15 29.5278 0
      vertex -37.3494 29.4294 3
      vertex -37.15 29.5278 3
    endloop
  endfacet
  facet normal -0.44253 0.896754 0
    outer loop
      vertex -37.3494 29.4294 3
      vertex -37.15 29.5278 0
      vertex -37.3494 29.4294 0
    endloop
  endfacet
  facet normal -0.0652057 -0.997872 0
    outer loop
      vertex -38 32.7 0
      vertex -37.7781 32.6855 3
      vertex -38 32.7 3
    endloop
  endfacet
  facet normal -0.0652057 -0.997872 -0
    outer loop
      vertex -37.7781 32.6855 3
      vertex -38 32.7 0
      vertex -37.7781 32.6855 0
    endloop
  endfacet
  facet normal 0.321484 -0.946915 0
    outer loop
      vertex -38.6506 32.5706 0
      vertex -38.44 32.6421 3
      vertex -38.6506 32.5706 3
    endloop
  endfacet
  facet normal 0.321484 -0.946915 0
    outer loop
      vertex -38.44 32.6421 3
      vertex -38.6506 32.5706 0
      vertex -38.44 32.6421 0
    endloop
  endfacet
  facet normal 0.195165 -0.98077 0
    outer loop
      vertex -38.44 32.6421 0
      vertex -38.2219 32.6855 3
      vertex -38.44 32.6421 3
    endloop
  endfacet
  facet normal 0.195165 -0.98077 0
    outer loop
      vertex -38.2219 32.6855 3
      vertex -38.44 32.6421 0
      vertex -38.2219 32.6855 0
    endloop
  endfacet
  facet normal -0.896754 -0.44253 0
    outer loop
      vertex -36.4294 31.6506 0
      vertex -36.5278 31.85 3
      vertex -36.5278 31.85 0
    endloop
  endfacet
  facet normal -0.896754 -0.44253 0
    outer loop
      vertex -36.5278 31.85 3
      vertex -36.4294 31.6506 0
      vertex -36.4294 31.6506 3
    endloop
  endfacet
  facet normal -0.997872 0.0652057 0
    outer loop
      vertex -36.3145 30.7781 0
      vertex -36.3 31 3
      vertex -36.3 31 0
    endloop
  endfacet
  facet normal -0.997872 0.0652057 0
    outer loop
      vertex -36.3 31 3
      vertex -36.3145 30.7781 0
      vertex -36.3145 30.7781 3
    endloop
  endfacet
  facet normal -0.0652057 0.997872 0
    outer loop
      vertex -37.7781 29.3145 0
      vertex -38 29.3 3
      vertex -37.7781 29.3145 3
    endloop
  endfacet
  facet normal -0.0652057 0.997872 0
    outer loop
      vertex -38 29.3 3
      vertex -37.7781 29.3145 0
      vertex -38 29.3 0
    endloop
  endfacet
  facet normal -0.751908 -0.659268 0
    outer loop
      vertex -36.6513 32.0349 0
      vertex -36.7979 32.2021 3
      vertex -36.7979 32.2021 0
    endloop
  endfacet
  facet normal -0.751908 -0.659268 0
    outer loop
      vertex -36.7979 32.2021 3
      vertex -36.6513 32.0349 0
      vertex -36.6513 32.0349 3
    endloop
  endfacet
  facet normal 0.997872 0.0652057 0
    outer loop
      vertex -39.6855 30.7781 3
      vertex -39.7 31 0
      vertex -39.7 31 3
    endloop
  endfacet
  facet normal 0.997872 0.0652057 0
    outer loop
      vertex -39.7 31 0
      vertex -39.6855 30.7781 3
      vertex -39.6855 30.7781 0
    endloop
  endfacet
  facet normal -0.751908 0.659268 0
    outer loop
      vertex -36.7979 29.7979 0
      vertex -36.6513 29.9651 3
      vertex -36.6513 29.9651 0
    endloop
  endfacet
  facet normal -0.751908 0.659268 0
    outer loop
      vertex -36.6513 29.9651 3
      vertex -36.7979 29.7979 0
      vertex -36.7979 29.7979 3
    endloop
  endfacet
  facet normal 0.751908 -0.659268 0
    outer loop
      vertex -39.3487 32.0349 3
      vertex -39.2021 32.2021 0
      vertex -39.2021 32.2021 3
    endloop
  endfacet
  facet normal 0.751908 -0.659268 0
    outer loop
      vertex -39.2021 32.2021 0
      vertex -39.3487 32.0349 3
      vertex -39.3487 32.0349 0
    endloop
  endfacet
  facet normal 0.831566 -0.555426 0
    outer loop
      vertex -39.4722 31.85 3
      vertex -39.3487 32.0349 0
      vertex -39.3487 32.0349 3
    endloop
  endfacet
  facet normal 0.831566 -0.555426 0
    outer loop
      vertex -39.3487 32.0349 0
      vertex -39.4722 31.85 3
      vertex -39.4722 31.85 0
    endloop
  endfacet
  facet normal 0.0652057 -0.997872 0
    outer loop
      vertex -38.2219 32.6855 0
      vertex -38 32.7 3
      vertex -38.2219 32.6855 3
    endloop
  endfacet
  facet normal 0.0652057 -0.997872 0
    outer loop
      vertex -38 32.7 3
      vertex -38.2219 32.6855 0
      vertex -38 32.7 0
    endloop
  endfacet
  facet normal 0.98077 0.195165 0
    outer loop
      vertex -39.6421 30.56 3
      vertex -39.6855 30.7781 0
      vertex -39.6855 30.7781 3
    endloop
  endfacet
  facet normal 0.98077 0.195165 0
    outer loop
      vertex -39.6855 30.7781 0
      vertex -39.6421 30.56 3
      vertex -39.6421 30.56 0
    endloop
  endfacet
  facet normal 0.321484 0.946915 -0
    outer loop
      vertex -38.44 29.3579 0
      vertex -38.6506 29.4294 3
      vertex -38.44 29.3579 3
    endloop
  endfacet
  facet normal 0.321484 0.946915 0
    outer loop
      vertex -38.6506 29.4294 3
      vertex -38.44 29.3579 0
      vertex -38.6506 29.4294 0
    endloop
  endfacet
  facet normal -0.946915 -0.321484 0
    outer loop
      vertex -36.3579 31.44 0
      vertex -36.4294 31.6506 3
      vertex -36.4294 31.6506 0
    endloop
  endfacet
  facet normal -0.946915 -0.321484 0
    outer loop
      vertex -36.4294 31.6506 3
      vertex -36.3579 31.44 0
      vertex -36.3579 31.44 3
    endloop
  endfacet
  facet normal 0.44253 0.896754 -0
    outer loop
      vertex -38.6506 29.4294 0
      vertex -38.85 29.5278 3
      vertex -38.6506 29.4294 3
    endloop
  endfacet
  facet normal 0.44253 0.896754 0
    outer loop
      vertex -38.85 29.5278 3
      vertex -38.6506 29.4294 0
      vertex -38.85 29.5278 0
    endloop
  endfacet
  facet normal 0.555426 0.831566 -0
    outer loop
      vertex -38.85 29.5278 0
      vertex -39.0349 29.6513 3
      vertex -38.85 29.5278 3
    endloop
  endfacet
  facet normal 0.555426 0.831566 0
    outer loop
      vertex -39.0349 29.6513 3
      vertex -38.85 29.5278 0
      vertex -39.0349 29.6513 0
    endloop
  endfacet
  facet normal 0.195165 0.98077 -0
    outer loop
      vertex -38.2219 29.3145 0
      vertex -38.44 29.3579 3
      vertex -38.2219 29.3145 3
    endloop
  endfacet
  facet normal 0.195165 0.98077 0
    outer loop
      vertex -38.44 29.3579 3
      vertex -38.2219 29.3145 0
      vertex -38.44 29.3579 0
    endloop
  endfacet
  facet normal 0.896754 -0.44253 0
    outer loop
      vertex -39.5706 31.6506 3
      vertex -39.4722 31.85 0
      vertex -39.4722 31.85 3
    endloop
  endfacet
  facet normal 0.896754 -0.44253 0
    outer loop
      vertex -39.4722 31.85 0
      vertex -39.5706 31.6506 3
      vertex -39.5706 31.6506 0
    endloop
  endfacet
  facet normal 0.0652057 0.997872 -0
    outer loop
      vertex -38 29.3 0
      vertex -38.2219 29.3145 3
      vertex -38 29.3 3
    endloop
  endfacet
  facet normal 0.0652057 0.997872 0
    outer loop
      vertex -38.2219 29.3145 3
      vertex -38 29.3 0
      vertex -38.2219 29.3145 0
    endloop
  endfacet
  facet normal 0.896754 0.44253 0
    outer loop
      vertex -39.4722 30.15 3
      vertex -39.5706 30.3494 0
      vertex -39.5706 30.3494 3
    endloop
  endfacet
  facet normal 0.896754 0.44253 0
    outer loop
      vertex -39.5706 30.3494 0
      vertex -39.4722 30.15 3
      vertex -39.4722 30.15 0
    endloop
  endfacet
  facet normal 0.997872 -0.0652057 0
    outer loop
      vertex -39.7 31 3
      vertex -39.6855 31.2219 0
      vertex -39.6855 31.2219 3
    endloop
  endfacet
  facet normal 0.997872 -0.0652057 0
    outer loop
      vertex -39.6855 31.2219 0
      vertex -39.7 31 3
      vertex -39.7 31 0
    endloop
  endfacet
  facet normal 0.98077 -0.195165 0
    outer loop
      vertex -39.6855 31.2219 3
      vertex -39.6421 31.44 0
      vertex -39.6421 31.44 3
    endloop
  endfacet
  facet normal 0.98077 -0.195165 0
    outer loop
      vertex -39.6421 31.44 0
      vertex -39.6855 31.2219 3
      vertex -39.6855 31.2219 0
    endloop
  endfacet
  facet normal 0.946915 -0.321484 0
    outer loop
      vertex -39.6421 31.44 3
      vertex -39.5706 31.6506 0
      vertex -39.5706 31.6506 3
    endloop
  endfacet
  facet normal 0.946915 -0.321484 0
    outer loop
      vertex -39.5706 31.6506 0
      vertex -39.6421 31.44 3
      vertex -39.6421 31.44 0
    endloop
  endfacet
  facet normal -0.659268 0.751908 0
    outer loop
      vertex -36.7979 29.7979 0
      vertex -36.9651 29.6513 3
      vertex -36.7979 29.7979 3
    endloop
  endfacet
  facet normal -0.659268 0.751908 0
    outer loop
      vertex -36.9651 29.6513 3
      vertex -36.7979 29.7979 0
      vertex -36.9651 29.6513 0
    endloop
  endfacet
  facet normal -0.98077 -0.195165 0
    outer loop
      vertex 39.6855 -30.7781 0
      vertex 39.6421 -30.56 3
      vertex 39.6421 -30.56 0
    endloop
  endfacet
  facet normal -0.98077 -0.195165 0
    outer loop
      vertex 39.6421 -30.56 3
      vertex 39.6855 -30.7781 0
      vertex 39.6855 -30.7781 3
    endloop
  endfacet
  facet normal -0.997872 -0.0652057 0
    outer loop
      vertex 39.7 -31 0
      vertex 39.6855 -30.7781 3
      vertex 39.6855 -30.7781 0
    endloop
  endfacet
  facet normal -0.997872 -0.0652057 0
    outer loop
      vertex 39.6855 -30.7781 3
      vertex 39.7 -31 0
      vertex 39.7 -31 3
    endloop
  endfacet
  facet normal -0.0652057 0.997872 0
    outer loop
      vertex 38.2219 -32.6855 0
      vertex 38 -32.7 3
      vertex 38.2219 -32.6855 3
    endloop
  endfacet
  facet normal -0.0652057 0.997872 0
    outer loop
      vertex 38 -32.7 3
      vertex 38.2219 -32.6855 0
      vertex 38 -32.7 0
    endloop
  endfacet
  facet normal 0.659268 -0.751908 0
    outer loop
      vertex 36.7979 -29.7979 0
      vertex 36.9651 -29.6513 3
      vertex 36.7979 -29.7979 3
    endloop
  endfacet
  facet normal 0.659268 -0.751908 0
    outer loop
      vertex 36.9651 -29.6513 3
      vertex 36.7979 -29.7979 0
      vertex 36.9651 -29.6513 0
    endloop
  endfacet
  facet normal 0.831566 0.555426 0
    outer loop
      vertex 36.6513 -32.0349 3
      vertex 36.5278 -31.85 0
      vertex 36.5278 -31.85 3
    endloop
  endfacet
  facet normal 0.831566 0.555426 0
    outer loop
      vertex 36.5278 -31.85 0
      vertex 36.6513 -32.0349 3
      vertex 36.6513 -32.0349 0
    endloop
  endfacet
  facet normal 0.195165 0.98077 -0
    outer loop
      vertex 37.7781 -32.6855 0
      vertex 37.56 -32.6421 3
      vertex 37.7781 -32.6855 3
    endloop
  endfacet
  facet normal 0.195165 0.98077 0
    outer loop
      vertex 37.56 -32.6421 3
      vertex 37.7781 -32.6855 0
      vertex 37.56 -32.6421 0
    endloop
  endfacet
  facet normal -0.659268 -0.751908 0
    outer loop
      vertex 39.0349 -29.6513 0
      vertex 39.2021 -29.7979 3
      vertex 39.0349 -29.6513 3
    endloop
  endfacet
  facet normal -0.659268 -0.751908 -0
    outer loop
      vertex 39.2021 -29.7979 3
      vertex 39.0349 -29.6513 0
      vertex 39.2021 -29.7979 0
    endloop
  endfacet
  facet normal -0.946915 0.321484 0
    outer loop
      vertex 39.5706 -31.6506 0
      vertex 39.6421 -31.44 3
      vertex 39.6421 -31.44 0
    endloop
  endfacet
  facet normal -0.946915 0.321484 0
    outer loop
      vertex 39.6421 -31.44 3
      vertex 39.5706 -31.6506 0
      vertex 39.5706 -31.6506 3
    endloop
  endfacet
  facet normal -0.751908 0.659268 0
    outer loop
      vertex 39.2021 -32.2021 0
      vertex 39.3487 -32.0349 3
      vertex 39.3487 -32.0349 0
    endloop
  endfacet
  facet normal -0.751908 0.659268 0
    outer loop
      vertex 39.3487 -32.0349 3
      vertex 39.2021 -32.2021 0
      vertex 39.2021 -32.2021 3
    endloop
  endfacet
  facet normal -0.751908 -0.659268 0
    outer loop
      vertex 39.3487 -29.9651 0
      vertex 39.2021 -29.7979 3
      vertex 39.2021 -29.7979 0
    endloop
  endfacet
  facet normal -0.751908 -0.659268 0
    outer loop
      vertex 39.2021 -29.7979 3
      vertex 39.3487 -29.9651 0
      vertex 39.3487 -29.9651 3
    endloop
  endfacet
  facet normal 0.946915 0.321484 0
    outer loop
      vertex 36.4294 -31.6506 3
      vertex 36.3579 -31.44 0
      vertex 36.3579 -31.44 3
    endloop
  endfacet
  facet normal 0.946915 0.321484 0
    outer loop
      vertex 36.3579 -31.44 0
      vertex 36.4294 -31.6506 3
      vertex 36.4294 -31.6506 0
    endloop
  endfacet
  facet normal -0.321484 0.946915 0
    outer loop
      vertex 38.6506 -32.5706 0
      vertex 38.44 -32.6421 3
      vertex 38.6506 -32.5706 3
    endloop
  endfacet
  facet normal -0.321484 0.946915 0
    outer loop
      vertex 38.44 -32.6421 3
      vertex 38.6506 -32.5706 0
      vertex 38.44 -32.6421 0
    endloop
  endfacet
  facet normal 0.0652057 0.997872 -0
    outer loop
      vertex 38 -32.7 0
      vertex 37.7781 -32.6855 3
      vertex 38 -32.7 3
    endloop
  endfacet
  facet normal 0.0652057 0.997872 0
    outer loop
      vertex 37.7781 -32.6855 3
      vertex 38 -32.7 0
      vertex 37.7781 -32.6855 0
    endloop
  endfacet
  facet normal 0.321484 -0.946915 0
    outer loop
      vertex 37.3494 -29.4294 0
      vertex 37.56 -29.3579 3
      vertex 37.3494 -29.4294 3
    endloop
  endfacet
  facet normal 0.321484 -0.946915 0
    outer loop
      vertex 37.56 -29.3579 3
      vertex 37.3494 -29.4294 0
      vertex 37.56 -29.3579 0
    endloop
  endfacet
  facet normal 0.751908 -0.659268 0
    outer loop
      vertex 36.6513 -29.9651 3
      vertex 36.7979 -29.7979 0
      vertex 36.7979 -29.7979 3
    endloop
  endfacet
  facet normal 0.751908 -0.659268 0
    outer loop
      vertex 36.7979 -29.7979 0
      vertex 36.6513 -29.9651 3
      vertex 36.6513 -29.9651 0
    endloop
  endfacet
  facet normal 0.44253 0.896754 -0
    outer loop
      vertex 37.3494 -32.5706 0
      vertex 37.15 -32.4722 3
      vertex 37.3494 -32.5706 3
    endloop
  endfacet
  facet normal 0.44253 0.896754 0
    outer loop
      vertex 37.15 -32.4722 3
      vertex 37.3494 -32.5706 0
      vertex 37.15 -32.4722 0
    endloop
  endfacet
  facet normal 0.0652057 -0.997872 0
    outer loop
      vertex 37.7781 -29.3145 0
      vertex 38 -29.3 3
      vertex 37.7781 -29.3145 3
    endloop
  endfacet
  facet normal 0.0652057 -0.997872 0
    outer loop
      vertex 38 -29.3 3
      vertex 37.7781 -29.3145 0
      vertex 38 -29.3 0
    endloop
  endfacet
  facet normal -0.896754 0.44253 0
    outer loop
      vertex 39.4722 -31.85 0
      vertex 39.5706 -31.6506 3
      vertex 39.5706 -31.6506 0
    endloop
  endfacet
  facet normal -0.896754 0.44253 0
    outer loop
      vertex 39.5706 -31.6506 3
      vertex 39.4722 -31.85 0
      vertex 39.4722 -31.85 3
    endloop
  endfacet
  facet normal -0.555426 0.831566 0
    outer loop
      vertex 39.0349 -32.3487 0
      vertex 38.85 -32.4722 3
      vertex 39.0349 -32.3487 3
    endloop
  endfacet
  facet normal -0.555426 0.831566 0
    outer loop
      vertex 38.85 -32.4722 3
      vertex 39.0349 -32.3487 0
      vertex 38.85 -32.4722 0
    endloop
  endfacet
  facet normal 0.98077 0.195165 0
    outer loop
      vertex 36.3579 -31.44 3
      vertex 36.3145 -31.2219 0
      vertex 36.3145 -31.2219 3
    endloop
  endfacet
  facet normal 0.98077 0.195165 0
    outer loop
      vertex 36.3145 -31.2219 0
      vertex 36.3579 -31.44 3
      vertex 36.3579 -31.44 0
    endloop
  endfacet
  facet normal -0.195165 -0.98077 0
    outer loop
      vertex 38.2219 -29.3145 0
      vertex 38.44 -29.3579 3
      vertex 38.2219 -29.3145 3
    endloop
  endfacet
  facet normal -0.195165 -0.98077 -0
    outer loop
      vertex 38.44 -29.3579 3
      vertex 38.2219 -29.3145 0
      vertex 38.44 -29.3579 0
    endloop
  endfacet
  facet normal -0.831566 -0.555426 0
    outer loop
      vertex 39.4722 -30.15 0
      vertex 39.3487 -29.9651 3
      vertex 39.3487 -29.9651 0
    endloop
  endfacet
  facet normal -0.831566 -0.555426 0
    outer loop
      vertex 39.3487 -29.9651 3
      vertex 39.4722 -30.15 0
      vertex 39.4722 -30.15 3
    endloop
  endfacet
  facet normal -0.997872 0.0652057 0
    outer loop
      vertex 39.6855 -31.2219 0
      vertex 39.7 -31 3
      vertex 39.7 -31 0
    endloop
  endfacet
  facet normal -0.997872 0.0652057 0
    outer loop
      vertex 39.7 -31 3
      vertex 39.6855 -31.2219 0
      vertex 39.6855 -31.2219 3
    endloop
  endfacet
  facet normal -0.321484 -0.946915 0
    outer loop
      vertex 38.44 -29.3579 0
      vertex 38.6506 -29.4294 3
      vertex 38.44 -29.3579 3
    endloop
  endfacet
  facet normal -0.321484 -0.946915 -0
    outer loop
      vertex 38.6506 -29.4294 3
      vertex 38.44 -29.3579 0
      vertex 38.6506 -29.4294 0
    endloop
  endfacet
  facet normal -0.555426 -0.831566 0
    outer loop
      vertex 38.85 -29.5278 0
      vertex 39.0349 -29.6513 3
      vertex 38.85 -29.5278 3
    endloop
  endfacet
  facet normal -0.555426 -0.831566 -0
    outer loop
      vertex 39.0349 -29.6513 3
      vertex 38.85 -29.5278 0
      vertex 39.0349 -29.6513 0
    endloop
  endfacet
  facet normal 0.195165 -0.98077 0
    outer loop
      vertex 37.56 -29.3579 0
      vertex 37.7781 -29.3145 3
      vertex 37.56 -29.3579 3
    endloop
  endfacet
  facet normal 0.195165 -0.98077 0
    outer loop
      vertex 37.7781 -29.3145 3
      vertex 37.56 -29.3579 0
      vertex 37.7781 -29.3145 0
    endloop
  endfacet
  facet normal -0.659268 0.751908 0
    outer loop
      vertex 39.2021 -32.2021 0
      vertex 39.0349 -32.3487 3
      vertex 39.2021 -32.2021 3
    endloop
  endfacet
  facet normal -0.659268 0.751908 0
    outer loop
      vertex 39.0349 -32.3487 3
      vertex 39.2021 -32.2021 0
      vertex 39.0349 -32.3487 0
    endloop
  endfacet
  facet normal 0.896754 -0.44253 0
    outer loop
      vertex 36.4294 -30.3494 3
      vertex 36.5278 -30.15 0
      vertex 36.5278 -30.15 3
    endloop
  endfacet
  facet normal 0.896754 -0.44253 0
    outer loop
      vertex 36.5278 -30.15 0
      vertex 36.4294 -30.3494 3
      vertex 36.4294 -30.3494 0
    endloop
  endfacet
  facet normal -0.98077 0.195165 0
    outer loop
      vertex 39.6421 -31.44 0
      vertex 39.6855 -31.2219 3
      vertex 39.6855 -31.2219 0
    endloop
  endfacet
  facet normal -0.98077 0.195165 0
    outer loop
      vertex 39.6855 -31.2219 3
      vertex 39.6421 -31.44 0
      vertex 39.6421 -31.44 3
    endloop
  endfacet
  facet normal -0.195165 0.98077 0
    outer loop
      vertex 38.44 -32.6421 0
      vertex 38.2219 -32.6855 3
      vertex 38.44 -32.6421 3
    endloop
  endfacet
  facet normal -0.195165 0.98077 0
    outer loop
      vertex 38.2219 -32.6855 3
      vertex 38.44 -32.6421 0
      vertex 38.2219 -32.6855 0
    endloop
  endfacet
  facet normal 0.659268 0.751908 -0
    outer loop
      vertex 36.9651 -32.3487 0
      vertex 36.7979 -32.2021 3
      vertex 36.9651 -32.3487 3
    endloop
  endfacet
  facet normal 0.659268 0.751908 0
    outer loop
      vertex 36.7979 -32.2021 3
      vertex 36.9651 -32.3487 0
      vertex 36.7979 -32.2021 0
    endloop
  endfacet
  facet normal 0.751908 0.659268 0
    outer loop
      vertex 36.7979 -32.2021 3
      vertex 36.6513 -32.0349 0
      vertex 36.6513 -32.0349 3
    endloop
  endfacet
  facet normal 0.751908 0.659268 0
    outer loop
      vertex 36.6513 -32.0349 0
      vertex 36.7979 -32.2021 3
      vertex 36.7979 -32.2021 0
    endloop
  endfacet
  facet normal -0.0652057 -0.997872 0
    outer loop
      vertex 38 -29.3 0
      vertex 38.2219 -29.3145 3
      vertex 38 -29.3 3
    endloop
  endfacet
  facet normal -0.0652057 -0.997872 -0
    outer loop
      vertex 38.2219 -29.3145 3
      vertex 38 -29.3 0
      vertex 38.2219 -29.3145 0
    endloop
  endfacet
  facet normal -0.44253 -0.896754 0
    outer loop
      vertex 38.6506 -29.4294 0
      vertex 38.85 -29.5278 3
      vertex 38.6506 -29.4294 3
    endloop
  endfacet
  facet normal -0.44253 -0.896754 -0
    outer loop
      vertex 38.85 -29.5278 3
      vertex 38.6506 -29.4294 0
      vertex 38.85 -29.5278 0
    endloop
  endfacet
  facet normal -0.831566 0.555426 0
    outer loop
      vertex 39.3487 -32.0349 0
      vertex 39.4722 -31.85 3
      vertex 39.4722 -31.85 0
    endloop
  endfacet
  facet normal -0.831566 0.555426 0
    outer loop
      vertex 39.4722 -31.85 3
      vertex 39.3487 -32.0349 0
      vertex 39.3487 -32.0349 3
    endloop
  endfacet
  facet normal 0.997872 0.0652057 0
    outer loop
      vertex 36.3145 -31.2219 3
      vertex 36.3 -31 0
      vertex 36.3 -31 3
    endloop
  endfacet
  facet normal 0.997872 0.0652057 0
    outer loop
      vertex 36.3 -31 0
      vertex 36.3145 -31.2219 3
      vertex 36.3145 -31.2219 0
    endloop
  endfacet
  facet normal -0.44253 0.896754 0
    outer loop
      vertex 38.85 -32.4722 0
      vertex 38.6506 -32.5706 3
      vertex 38.85 -32.4722 3
    endloop
  endfacet
  facet normal -0.44253 0.896754 0
    outer loop
      vertex 38.6506 -32.5706 3
      vertex 38.85 -32.4722 0
      vertex 38.6506 -32.5706 0
    endloop
  endfacet
  facet normal 0.98077 -0.195165 0
    outer loop
      vertex 36.3145 -30.7781 3
      vertex 36.3579 -30.56 0
      vertex 36.3579 -30.56 3
    endloop
  endfacet
  facet normal 0.98077 -0.195165 0
    outer loop
      vertex 36.3579 -30.56 0
      vertex 36.3145 -30.7781 3
      vertex 36.3145 -30.7781 0
    endloop
  endfacet
  facet normal 0.896754 0.44253 0
    outer loop
      vertex 36.5278 -31.85 3
      vertex 36.4294 -31.6506 0
      vertex 36.4294 -31.6506 3
    endloop
  endfacet
  facet normal 0.896754 0.44253 0
    outer loop
      vertex 36.4294 -31.6506 0
      vertex 36.5278 -31.85 3
      vertex 36.5278 -31.85 0
    endloop
  endfacet
  facet normal 0.946915 -0.321484 0
    outer loop
      vertex 36.3579 -30.56 3
      vertex 36.4294 -30.3494 0
      vertex 36.4294 -30.3494 3
    endloop
  endfacet
  facet normal 0.946915 -0.321484 0
    outer loop
      vertex 36.4294 -30.3494 0
      vertex 36.3579 -30.56 3
      vertex 36.3579 -30.56 0
    endloop
  endfacet
  facet normal 0.555426 -0.831566 0
    outer loop
      vertex 36.9651 -29.6513 0
      vertex 37.15 -29.5278 3
      vertex 36.9651 -29.6513 3
    endloop
  endfacet
  facet normal 0.555426 -0.831566 0
    outer loop
      vertex 37.15 -29.5278 3
      vertex 36.9651 -29.6513 0
      vertex 37.15 -29.5278 0
    endloop
  endfacet
  facet normal -0.896754 -0.44253 0
    outer loop
      vertex 39.5706 -30.3494 0
      vertex 39.4722 -30.15 3
      vertex 39.4722 -30.15 0
    endloop
  endfacet
  facet normal -0.896754 -0.44253 0
    outer loop
      vertex 39.4722 -30.15 3
      vertex 39.5706 -30.3494 0
      vertex 39.5706 -30.3494 3
    endloop
  endfacet
  facet normal -0.946915 -0.321484 0
    outer loop
      vertex 39.6421 -30.56 0
      vertex 39.5706 -30.3494 3
      vertex 39.5706 -30.3494 0
    endloop
  endfacet
  facet normal -0.946915 -0.321484 0
    outer loop
      vertex 39.5706 -30.3494 3
      vertex 39.6421 -30.56 0
      vertex 39.6421 -30.56 3
    endloop
  endfacet
  facet normal 0.997872 -0.0652057 0
    outer loop
      vertex 36.3 -31 3
      vertex 36.3145 -30.7781 0
      vertex 36.3145 -30.7781 3
    endloop
  endfacet
  facet normal 0.997872 -0.0652057 0
    outer loop
      vertex 36.3145 -30.7781 0
      vertex 36.3 -31 3
      vertex 36.3 -31 0
    endloop
  endfacet
  facet normal 0.321484 0.946915 -0
    outer loop
      vertex 37.56 -32.6421 0
      vertex 37.3494 -32.5706 3
      vertex 37.56 -32.6421 3
    endloop
  endfacet
  facet normal 0.321484 0.946915 0
    outer loop
      vertex 37.3494 -32.5706 3
      vertex 37.56 -32.6421 0
      vertex 37.3494 -32.5706 0
    endloop
  endfacet
  facet normal 0.44253 -0.896754 0
    outer loop
      vertex 37.15 -29.5278 0
      vertex 37.3494 -29.4294 3
      vertex 37.15 -29.5278 3
    endloop
  endfacet
  facet normal 0.44253 -0.896754 0
    outer loop
      vertex 37.3494 -29.4294 3
      vertex 37.15 -29.5278 0
      vertex 37.3494 -29.4294 0
    endloop
  endfacet
  facet normal 0.831566 -0.555426 0
    outer loop
      vertex 36.5278 -30.15 3
      vertex 36.6513 -29.9651 0
      vertex 36.6513 -29.9651 3
    endloop
  endfacet
  facet normal 0.831566 -0.555426 0
    outer loop
      vertex 36.6513 -29.9651 0
      vertex 36.5278 -30.15 3
      vertex 36.5278 -30.15 0
    endloop
  endfacet
  facet normal 0.555426 0.831566 -0
    outer loop
      vertex 37.15 -32.4722 0
      vertex 36.9651 -32.3487 3
      vertex 37.15 -32.4722 3
    endloop
  endfacet
  facet normal 0.555426 0.831566 0
    outer loop
      vertex 36.9651 -32.3487 3
      vertex 37.15 -32.4722 0
      vertex 36.9651 -32.3487 0
    endloop
  endfacet
  facet normal -0.98077 -0.195165 0
    outer loop
      vertex 39.6855 31.2219 0
      vertex 39.6421 31.44 3
      vertex 39.6421 31.44 0
    endloop
  endfacet
  facet normal -0.98077 -0.195165 0
    outer loop
      vertex 39.6421 31.44 3
      vertex 39.6855 31.2219 0
      vertex 39.6855 31.2219 3
    endloop
  endfacet
  facet normal -0.997872 -0.0652057 0
    outer loop
      vertex 39.7 31 0
      vertex 39.6855 31.2219 3
      vertex 39.6855 31.2219 0
    endloop
  endfacet
  facet normal -0.997872 -0.0652057 0
    outer loop
      vertex 39.6855 31.2219 3
      vertex 39.7 31 0
      vertex 39.7 31 3
    endloop
  endfacet
  facet normal 0.44253 -0.896754 0
    outer loop
      vertex 37.15 32.4722 0
      vertex 37.3494 32.5706 3
      vertex 37.15 32.4722 3
    endloop
  endfacet
  facet normal 0.44253 -0.896754 0
    outer loop
      vertex 37.3494 32.5706 3
      vertex 37.15 32.4722 0
      vertex 37.3494 32.5706 0
    endloop
  endfacet
  facet normal -0.555426 -0.831566 0
    outer loop
      vertex 38.85 32.4722 0
      vertex 39.0349 32.3487 3
      vertex 38.85 32.4722 3
    endloop
  endfacet
  facet normal -0.555426 -0.831566 -0
    outer loop
      vertex 39.0349 32.3487 3
      vertex 38.85 32.4722 0
      vertex 39.0349 32.3487 0
    endloop
  endfacet
  facet normal 0.659268 -0.751908 0
    outer loop
      vertex 36.7979 32.2021 0
      vertex 36.9651 32.3487 3
      vertex 36.7979 32.2021 3
    endloop
  endfacet
  facet normal 0.659268 -0.751908 0
    outer loop
      vertex 36.9651 32.3487 3
      vertex 36.7979 32.2021 0
      vertex 36.9651 32.3487 0
    endloop
  endfacet
  facet normal -0.321484 0.946915 0
    outer loop
      vertex 38.6506 29.4294 0
      vertex 38.44 29.3579 3
      vertex 38.6506 29.4294 3
    endloop
  endfacet
  facet normal -0.321484 0.946915 0
    outer loop
      vertex 38.44 29.3579 3
      vertex 38.6506 29.4294 0
      vertex 38.44 29.3579 0
    endloop
  endfacet
  facet normal -0.946915 0.321484 0
    outer loop
      vertex 39.5706 30.3494 0
      vertex 39.6421 30.56 3
      vertex 39.6421 30.56 0
    endloop
  endfacet
  facet normal -0.946915 0.321484 0
    outer loop
      vertex 39.6421 30.56 3
      vertex 39.5706 30.3494 0
      vertex 39.5706 30.3494 3
    endloop
  endfacet
  facet normal -0.321484 -0.946915 0
    outer loop
      vertex 38.44 32.6421 0
      vertex 38.6506 32.5706 3
      vertex 38.44 32.6421 3
    endloop
  endfacet
  facet normal -0.321484 -0.946915 -0
    outer loop
      vertex 38.6506 32.5706 3
      vertex 38.44 32.6421 0
      vertex 38.6506 32.5706 0
    endloop
  endfacet
  facet normal -0.195165 -0.98077 0
    outer loop
      vertex 38.2219 32.6855 0
      vertex 38.44 32.6421 3
      vertex 38.2219 32.6855 3
    endloop
  endfacet
  facet normal -0.195165 -0.98077 -0
    outer loop
      vertex 38.44 32.6421 3
      vertex 38.2219 32.6855 0
      vertex 38.44 32.6421 0
    endloop
  endfacet
  facet normal 0.555426 -0.831566 0
    outer loop
      vertex 36.9651 32.3487 0
      vertex 37.15 32.4722 3
      vertex 36.9651 32.3487 3
    endloop
  endfacet
  facet normal 0.555426 -0.831566 0
    outer loop
      vertex 37.15 32.4722 3
      vertex 36.9651 32.3487 0
      vertex 37.15 32.4722 0
    endloop
  endfacet
  facet normal -0.896754 0.44253 0
    outer loop
      vertex 39.4722 30.15 0
      vertex 39.5706 30.3494 3
      vertex 39.5706 30.3494 0
    endloop
  endfacet
  facet normal -0.896754 0.44253 0
    outer loop
      vertex 39.5706 30.3494 3
      vertex 39.4722 30.15 0
      vertex 39.4722 30.15 3
    endloop
  endfacet
  facet normal -0.659268 -0.751908 0
    outer loop
      vertex 39.0349 32.3487 0
      vertex 39.2021 32.2021 3
      vertex 39.0349 32.3487 3
    endloop
  endfacet
  facet normal -0.659268 -0.751908 -0
    outer loop
      vertex 39.2021 32.2021 3
      vertex 39.0349 32.3487 0
      vertex 39.2021 32.2021 0
    endloop
  endfacet
  facet normal -0.555426 0.831566 0
    outer loop
      vertex 39.0349 29.6513 0
      vertex 38.85 29.5278 3
      vertex 39.0349 29.6513 3
    endloop
  endfacet
  facet normal -0.555426 0.831566 0
    outer loop
      vertex 38.85 29.5278 3
      vertex 39.0349 29.6513 0
      vertex 38.85 29.5278 0
    endloop
  endfacet
  facet normal -0.44253 -0.896754 0
    outer loop
      vertex 38.6506 32.5706 0
      vertex 38.85 32.4722 3
      vertex 38.6506 32.5706 3
    endloop
  endfacet
  facet normal -0.44253 -0.896754 -0
    outer loop
      vertex 38.85 32.4722 3
      vertex 38.6506 32.5706 0
      vertex 38.85 32.4722 0
    endloop
  endfacet
  facet normal 0.659268 0.751908 -0
    outer loop
      vertex 36.9651 29.6513 0
      vertex 36.7979 29.7979 3
      vertex 36.9651 29.6513 3
    endloop
  endfacet
  facet normal 0.659268 0.751908 0
    outer loop
      vertex 36.7979 29.7979 3
      vertex 36.9651 29.6513 0
      vertex 36.7979 29.7979 0
    endloop
  endfacet
  facet normal 0.751908 0.659268 0
    outer loop
      vertex 36.7979 29.7979 3
      vertex 36.6513 29.9651 0
      vertex 36.6513 29.9651 3
    endloop
  endfacet
  facet normal 0.751908 0.659268 0
    outer loop
      vertex 36.6513 29.9651 0
      vertex 36.7979 29.7979 3
      vertex 36.7979 29.7979 0
    endloop
  endfacet
  facet normal 0.831566 0.555426 0
    outer loop
      vertex 36.6513 29.9651 3
      vertex 36.5278 30.15 0
      vertex 36.5278 30.15 3
    endloop
  endfacet
  facet normal 0.831566 0.555426 0
    outer loop
      vertex 36.5278 30.15 0
      vertex 36.6513 29.9651 3
      vertex 36.6513 29.9651 0
    endloop
  endfacet
  facet normal -0.831566 -0.555426 0
    outer loop
      vertex 39.4722 31.85 0
      vertex 39.3487 32.0349 3
      vertex 39.3487 32.0349 0
    endloop
  endfacet
  facet normal -0.831566 -0.555426 0
    outer loop
      vertex 39.3487 32.0349 3
      vertex 39.4722 31.85 0
      vertex 39.4722 31.85 3
    endloop
  endfacet
  facet normal -0.195165 0.98077 0
    outer loop
      vertex 38.44 29.3579 0
      vertex 38.2219 29.3145 3
      vertex 38.44 29.3579 3
    endloop
  endfacet
  facet normal -0.195165 0.98077 0
    outer loop
      vertex 38.2219 29.3145 3
      vertex 38.44 29.3579 0
      vertex 38.2219 29.3145 0
    endloop
  endfacet
  facet normal -0.98077 0.195165 0
    outer loop
      vertex 39.6421 30.56 0
      vertex 39.6855 30.7781 3
      vertex 39.6855 30.7781 0
    endloop
  endfacet
  facet normal -0.98077 0.195165 0
    outer loop
      vertex 39.6855 30.7781 3
      vertex 39.6421 30.56 0
      vertex 39.6421 30.56 3
    endloop
  endfacet
  facet normal 0.946915 0.321484 0
    outer loop
      vertex 36.4294 30.3494 3
      vertex 36.3579 30.56 0
      vertex 36.3579 30.56 3
    endloop
  endfacet
  facet normal 0.946915 0.321484 0
    outer loop
      vertex 36.3579 30.56 0
      vertex 36.4294 30.3494 3
      vertex 36.4294 30.3494 0
    endloop
  endfacet
  facet normal -0.44253 0.896754 0
    outer loop
      vertex 38.85 29.5278 0
      vertex 38.6506 29.4294 3
      vertex 38.85 29.5278 3
    endloop
  endfacet
  facet normal -0.44253 0.896754 0
    outer loop
      vertex 38.6506 29.4294 3
      vertex 38.85 29.5278 0
      vertex 38.6506 29.4294 0
    endloop
  endfacet
  facet normal -0.0652057 -0.997872 0
    outer loop
      vertex 38 32.7 0
      vertex 38.2219 32.6855 3
      vertex 38 32.7 3
    endloop
  endfacet
  facet normal -0.0652057 -0.997872 -0
    outer loop
      vertex 38.2219 32.6855 3
      vertex 38 32.7 0
      vertex 38.2219 32.6855 0
    endloop
  endfacet
  facet normal 0.321484 -0.946915 0
    outer loop
      vertex 37.3494 32.5706 0
      vertex 37.56 32.6421 3
      vertex 37.3494 32.5706 3
    endloop
  endfacet
  facet normal 0.321484 -0.946915 0
    outer loop
      vertex 37.56 32.6421 3
      vertex 37.3494 32.5706 0
      vertex 37.56 32.6421 0
    endloop
  endfacet
  facet normal 0.195165 -0.98077 0
    outer loop
      vertex 37.56 32.6421 0
      vertex 37.7781 32.6855 3
      vertex 37.56 32.6421 3
    endloop
  endfacet
  facet normal 0.195165 -0.98077 0
    outer loop
      vertex 37.7781 32.6855 3
      vertex 37.56 32.6421 0
      vertex 37.7781 32.6855 0
    endloop
  endfacet
  facet normal -0.896754 -0.44253 0
    outer loop
      vertex 39.5706 31.6506 0
      vertex 39.4722 31.85 3
      vertex 39.4722 31.85 0
    endloop
  endfacet
  facet normal -0.896754 -0.44253 0
    outer loop
      vertex 39.4722 31.85 3
      vertex 39.5706 31.6506 0
      vertex 39.5706 31.6506 3
    endloop
  endfacet
  facet normal -0.997872 0.0652057 0
    outer loop
      vertex 39.6855 30.7781 0
      vertex 39.7 31 3
      vertex 39.7 31 0
    endloop
  endfacet
  facet normal -0.997872 0.0652057 0
    outer loop
      vertex 39.7 31 3
      vertex 39.6855 30.7781 0
      vertex 39.6855 30.7781 3
    endloop
  endfacet
  facet normal -0.0652057 0.997872 0
    outer loop
      vertex 38.2219 29.3145 0
      vertex 38 29.3 3
      vertex 38.2219 29.3145 3
    endloop
  endfacet
  facet normal -0.0652057 0.997872 0
    outer loop
      vertex 38 29.3 3
      vertex 38.2219 29.3145 0
      vertex 38 29.3 0
    endloop
  endfacet
  facet normal -0.751908 -0.659268 0
    outer loop
      vertex 39.3487 32.0349 0
      vertex 39.2021 32.2021 3
      vertex 39.2021 32.2021 0
    endloop
  endfacet
  facet normal -0.751908 -0.659268 0
    outer loop
      vertex 39.2021 32.2021 3
      vertex 39.3487 32.0349 0
      vertex 39.3487 32.0349 3
    endloop
  endfacet
  facet normal 0.997872 0.0652057 0
    outer loop
      vertex 36.3145 30.7781 3
      vertex 36.3 31 0
      vertex 36.3 31 3
    endloop
  endfacet
  facet normal 0.997872 0.0652057 0
    outer loop
      vertex 36.3 31 0
      vertex 36.3145 30.7781 3
      vertex 36.3145 30.7781 0
    endloop
  endfacet
  facet normal -0.751908 0.659268 0
    outer loop
      vertex 39.2021 29.7979 0
      vertex 39.3487 29.9651 3
      vertex 39.3487 29.9651 0
    endloop
  endfacet
  facet normal -0.751908 0.659268 0
    outer loop
      vertex 39.3487 29.9651 3
      vertex 39.2021 29.7979 0
      vertex 39.2021 29.7979 3
    endloop
  endfacet
  facet normal 0.751908 -0.659268 0
    outer loop
      vertex 36.6513 32.0349 3
      vertex 36.7979 32.2021 0
      vertex 36.7979 32.2021 3
    endloop
  endfacet
  facet normal 0.751908 -0.659268 0
    outer loop
      vertex 36.7979 32.2021 0
      vertex 36.6513 32.0349 3
      vertex 36.6513 32.0349 0
    endloop
  endfacet
  facet normal 0.831566 -0.555426 0
    outer loop
      vertex 36.5278 31.85 3
      vertex 36.6513 32.0349 0
      vertex 36.6513 32.0349 3
    endloop
  endfacet
  facet normal 0.831566 -0.555426 0
    outer loop
      vertex 36.6513 32.0349 0
      vertex 36.5278 31.85 3
      vertex 36.5278 31.85 0
    endloop
  endfacet
  facet normal 0.0652057 -0.997872 0
    outer loop
      vertex 37.7781 32.6855 0
      vertex 38 32.7 3
      vertex 37.7781 32.6855 3
    endloop
  endfacet
  facet normal 0.0652057 -0.997872 0
    outer loop
      vertex 38 32.7 3
      vertex 37.7781 32.6855 0
      vertex 38 32.7 0
    endloop
  endfacet
  facet normal 0.98077 0.195165 0
    outer loop
      vertex 36.3579 30.56 3
      vertex 36.3145 30.7781 0
      vertex 36.3145 30.7781 3
    endloop
  endfacet
  facet normal 0.98077 0.195165 0
    outer loop
      vertex 36.3145 30.7781 0
      vertex 36.3579 30.56 3
      vertex 36.3579 30.56 0
    endloop
  endfacet
  facet normal 0.321484 0.946915 -0
    outer loop
      vertex 37.56 29.3579 0
      vertex 37.3494 29.4294 3
      vertex 37.56 29.3579 3
    endloop
  endfacet
  facet normal 0.321484 0.946915 0
    outer loop
      vertex 37.3494 29.4294 3
      vertex 37.56 29.3579 0
      vertex 37.3494 29.4294 0
    endloop
  endfacet
  facet normal -0.946915 -0.321484 0
    outer loop
      vertex 39.6421 31.44 0
      vertex 39.5706 31.6506 3
      vertex 39.5706 31.6506 0
    endloop
  endfacet
  facet normal -0.946915 -0.321484 0
    outer loop
      vertex 39.5706 31.6506 3
      vertex 39.6421 31.44 0
      vertex 39.6421 31.44 3
    endloop
  endfacet
  facet normal 0.44253 0.896754 -0
    outer loop
      vertex 37.3494 29.4294 0
      vertex 37.15 29.5278 3
      vertex 37.3494 29.4294 3
    endloop
  endfacet
  facet normal 0.44253 0.896754 0
    outer loop
      vertex 37.15 29.5278 3
      vertex 37.3494 29.4294 0
      vertex 37.15 29.5278 0
    endloop
  endfacet
  facet normal -0.831566 0.555426 0
    outer loop
      vertex 39.3487 29.9651 0
      vertex 39.4722 30.15 3
      vertex 39.4722 30.15 0
    endloop
  endfacet
  facet normal -0.831566 0.555426 0
    outer loop
      vertex 39.4722 30.15 3
      vertex 39.3487 29.9651 0
      vertex 39.3487 29.9651 3
    endloop
  endfacet
  facet normal 0.555426 0.831566 -0
    outer loop
      vertex 37.15 29.5278 0
      vertex 36.9651 29.6513 3
      vertex 37.15 29.5278 3
    endloop
  endfacet
  facet normal 0.555426 0.831566 0
    outer loop
      vertex 36.9651 29.6513 3
      vertex 37.15 29.5278 0
      vertex 36.9651 29.6513 0
    endloop
  endfacet
  facet normal 0.0652057 0.997872 -0
    outer loop
      vertex 38 29.3 0
      vertex 37.7781 29.3145 3
      vertex 38 29.3 3
    endloop
  endfacet
  facet normal 0.0652057 0.997872 0
    outer loop
      vertex 37.7781 29.3145 3
      vertex 38 29.3 0
      vertex 37.7781 29.3145 0
    endloop
  endfacet
  facet normal 0.195165 0.98077 -0
    outer loop
      vertex 37.7781 29.3145 0
      vertex 37.56 29.3579 3
      vertex 37.7781 29.3145 3
    endloop
  endfacet
  facet normal 0.195165 0.98077 0
    outer loop
      vertex 37.56 29.3579 3
      vertex 37.7781 29.3145 0
      vertex 37.56 29.3579 0
    endloop
  endfacet
  facet normal 0.896754 -0.44253 0
    outer loop
      vertex 36.4294 31.6506 3
      vertex 36.5278 31.85 0
      vertex 36.5278 31.85 3
    endloop
  endfacet
  facet normal 0.896754 -0.44253 0
    outer loop
      vertex 36.5278 31.85 0
      vertex 36.4294 31.6506 3
      vertex 36.4294 31.6506 0
    endloop
  endfacet
  facet normal 0.896754 0.44253 0
    outer loop
      vertex 36.5278 30.15 3
      vertex 36.4294 30.3494 0
      vertex 36.4294 30.3494 3
    endloop
  endfacet
  facet normal 0.896754 0.44253 0
    outer loop
      vertex 36.4294 30.3494 0
      vertex 36.5278 30.15 3
      vertex 36.5278 30.15 0
    endloop
  endfacet
  facet normal 0.997872 -0.0652057 0
    outer loop
      vertex 36.3 31 3
      vertex 36.3145 31.2219 0
      vertex 36.3145 31.2219 3
    endloop
  endfacet
  facet normal 0.997872 -0.0652057 0
    outer loop
      vertex 36.3145 31.2219 0
      vertex 36.3 31 3
      vertex 36.3 31 0
    endloop
  endfacet
  facet normal 0.98077 -0.195165 0
    outer loop
      vertex 36.3145 31.2219 3
      vertex 36.3579 31.44 0
      vertex 36.3579 31.44 3
    endloop
  endfacet
  facet normal 0.98077 -0.195165 0
    outer loop
      vertex 36.3579 31.44 0
      vertex 36.3145 31.2219 3
      vertex 36.3145 31.2219 0
    endloop
  endfacet
  facet normal 0.946915 -0.321484 0
    outer loop
      vertex 36.3579 31.44 3
      vertex 36.4294 31.6506 0
      vertex 36.4294 31.6506 3
    endloop
  endfacet
  facet normal 0.946915 -0.321484 0
    outer loop
      vertex 36.4294 31.6506 0
      vertex 36.3579 31.44 3
      vertex 36.3579 31.44 0
    endloop
  endfacet
  facet normal -0.659268 0.751908 0
    outer loop
      vertex 39.2021 29.7979 0
      vertex 39.0349 29.6513 3
      vertex 39.2021 29.7979 3
    endloop
  endfacet
  facet normal -0.659268 0.751908 0
    outer loop
      vertex 39.0349 29.6513 3
      vertex 39.2021 29.7979 0
      vertex 39.0349 29.6513 0
    endloop
  endfacet
  facet normal -0.195124 -0.980779 0
    outer loop
      vertex -42.0706 -87.7274 0
      vertex -41.0442 -87.9316 3
      vertex -42.0706 -87.7274 3
    endloop
  endfacet
  facet normal -0.195124 -0.980779 -0
    outer loop
      vertex -41.0442 -87.9316 3
      vertex -42.0706 -87.7274 0
      vertex -41.0442 -87.9316 0
    endloop
  endfacet
  facet normal 1 -0 0
    outer loop
      vertex 48 -80 3
      vertex 48 80 0
      vertex 48 80 3
    endloop
  endfacet
  facet normal 1 0 0
    outer loop
      vertex 48 80 0
      vertex 48 -80 3
      vertex 48 -80 0
    endloop
  endfacet
  facet normal -0.442276 0.896879 0
    outer loop
      vertex -43.0615 87.391 0
      vertex -44 86.9282 3
      vertex -43.0615 87.391 3
    endloop
  endfacet
  facet normal -0.442276 0.896879 0
    outer loop
      vertex -44 86.9282 3
      vertex -43.0615 87.391 0
      vertex -44 86.9282 0
    endloop
  endfacet
  facet normal 0.94692 -0.321469 0
    outer loop
      vertex 47.391 -83.0615 3
      vertex 47.7274 -82.0706 0
      vertex 47.7274 -82.0706 3
    endloop
  endfacet
  facet normal 0.94692 -0.321469 0
    outer loop
      vertex 47.7274 -82.0706 0
      vertex 47.391 -83.0615 3
      vertex 47.391 -83.0615 0
    endloop
  endfacet
  facet normal 0.896879 -0.442276 0
    outer loop
      vertex 46.9282 -84 3
      vertex 47.391 -83.0615 0
      vertex 47.391 -83.0615 3
    endloop
  endfacet
  facet normal 0.896879 -0.442276 0
    outer loop
      vertex 47.391 -83.0615 0
      vertex 46.9282 -84 3
      vertex 46.9282 -84 0
    endloop
  endfacet
  facet normal -0.75189 0.659289 0
    outer loop
      vertex -46.3468 84.8701 0
      vertex -45.6569 85.6569 3
      vertex -45.6569 85.6569 0
    endloop
  endfacet
  facet normal -0.75189 0.659289 0
    outer loop
      vertex -45.6569 85.6569 3
      vertex -46.3468 84.8701 0
      vertex -46.3468 84.8701 3
    endloop
  endfacet
  facet normal -1 0 0
    outer loop
      vertex -48 -80 0
      vertex -48 80 3
      vertex -48 80 0
    endloop
  endfacet
  facet normal -1 -0 0
    outer loop
      vertex -48 80 3
      vertex -48 -80 0
      vertex -48 -80 3
    endloop
  endfacet
  facet normal -0.896879 0.442276 0
    outer loop
      vertex -47.391 83.0615 0
      vertex -46.9282 84 3
      vertex -46.9282 84 0
    endloop
  endfacet
  facet normal -0.896879 0.442276 0
    outer loop
      vertex -46.9282 84 3
      vertex -47.391 83.0615 0
      vertex -47.391 83.0615 3
    endloop
  endfacet
  facet normal 0.659289 0.75189 -0
    outer loop
      vertex 45.6569 85.6569 0
      vertex 44.8701 86.3468 3
      vertex 45.6569 85.6569 3
    endloop
  endfacet
  facet normal 0.659289 0.75189 0
    outer loop
      vertex 44.8701 86.3468 3
      vertex 45.6569 85.6569 0
      vertex 44.8701 86.3468 0
    endloop
  endfacet
  facet normal -0.555582 -0.831462 0
    outer loop
      vertex -44.8701 -86.3468 0
      vertex -44 -86.9282 3
      vertex -44.8701 -86.3468 3
    endloop
  endfacet
  facet normal -0.555582 -0.831462 -0
    outer loop
      vertex -44 -86.9282 3
      vertex -44.8701 -86.3468 0
      vertex -44 -86.9282 0
    endloop
  endfacet
  facet normal 0.442276 -0.896879 0
    outer loop
      vertex 43.0615 -87.391 0
      vertex 44 -86.9282 3
      vertex 43.0615 -87.391 3
    endloop
  endfacet
  facet normal 0.442276 -0.896879 0
    outer loop
      vertex 44 -86.9282 3
      vertex 43.0615 -87.391 0
      vertex 44 -86.9282 0
    endloop
  endfacet
  facet normal 0.195124 0.980779 -0
    outer loop
      vertex 42.0706 87.7274 0
      vertex 41.0442 87.9316 3
      vertex 42.0706 87.7274 3
    endloop
  endfacet
  facet normal 0.195124 0.980779 0
    outer loop
      vertex 41.0442 87.9316 3
      vertex 42.0706 87.7274 0
      vertex 41.0442 87.9316 0
    endloop
  endfacet
  facet normal -0.980775 0.195142 0
    outer loop
      vertex -47.9316 81.0442 0
      vertex -47.7274 82.0705 3
      vertex -47.7274 82.0705 0
    endloop
  endfacet
  facet normal -0.980775 0.195142 0
    outer loop
      vertex -47.7274 82.0705 3
      vertex -47.9316 81.0442 0
      vertex -47.9316 81.0442 3
    endloop
  endfacet
  facet normal 0.997861 0.0653646 0
    outer loop
      vertex 48 80 3
      vertex 47.9316 81.0442 0
      vertex 47.9316 81.0442 3
    endloop
  endfacet
  facet normal 0.997861 0.0653646 0
    outer loop
      vertex 47.9316 81.0442 0
      vertex 48 80 3
      vertex 48 80 0
    endloop
  endfacet
  facet normal -0.94693 0.32144 0
    outer loop
      vertex -47.7274 82.0705 0
      vertex -47.391 83.0615 3
      vertex -47.391 83.0615 0
    endloop
  endfacet
  facet normal -0.94693 0.32144 0
    outer loop
      vertex -47.391 83.0615 3
      vertex -47.7274 82.0705 0
      vertex -47.7274 82.0705 3
    endloop
  endfacet
  facet normal 0.896879 0.442276 0
    outer loop
      vertex 47.391 83.0615 3
      vertex 46.9282 84 0
      vertex 46.9282 84 3
    endloop
  endfacet
  facet normal 0.896879 0.442276 0
    outer loop
      vertex 46.9282 84 0
      vertex 47.391 83.0615 3
      vertex 47.391 83.0615 0
    endloop
  endfacet
  facet normal 0.997861 -0.0653646 0
    outer loop
      vertex 47.9316 -81.0442 3
      vertex 48 -80 0
      vertex 48 -80 3
    endloop
  endfacet
  facet normal 0.997861 -0.0653646 0
    outer loop
      vertex 48 -80 0
      vertex 47.9316 -81.0442 3
      vertex 47.9316 -81.0442 0
    endloop
  endfacet
  facet normal 0 1 -0
    outer loop
      vertex 40 88 0
      vertex -40 88 3
      vertex 40 88 3
    endloop
  endfacet
  facet normal 0 1 0
    outer loop
      vertex -40 88 3
      vertex 40 88 0
      vertex -40 88 0
    endloop
  endfacet
  facet normal -0.555582 0.831462 0
    outer loop
      vertex -44 86.9282 0
      vertex -44.8701 86.3468 3
      vertex -44 86.9282 3
    endloop
  endfacet
  facet normal -0.555582 0.831462 0
    outer loop
      vertex -44.8701 86.3468 3
      vertex -44 86.9282 0
      vertex -44.8701 86.3468 0
    endloop
  endfacet
  facet normal -0.997861 -0.0653646 0
    outer loop
      vertex -47.9316 -81.0442 0
      vertex -48 -80 3
      vertex -48 -80 0
    endloop
  endfacet
  facet normal -0.997861 -0.0653646 0
    outer loop
      vertex -48 -80 3
      vertex -47.9316 -81.0442 0
      vertex -47.9316 -81.0442 3
    endloop
  endfacet
  facet normal 0.0653646 0.997861 -0
    outer loop
      vertex 41.0442 87.9316 0
      vertex 40 88 3
      vertex 41.0442 87.9316 3
    endloop
  endfacet
  facet normal 0.0653646 0.997861 0
    outer loop
      vertex 40 88 3
      vertex 41.0442 87.9316 0
      vertex 40 88 0
    endloop
  endfacet
  facet normal -0.94692 -0.321469 0
    outer loop
      vertex -47.391 -83.0615 0
      vertex -47.7274 -82.0706 3
      vertex -47.7274 -82.0706 0
    endloop
  endfacet
  facet normal -0.94692 -0.321469 0
    outer loop
      vertex -47.7274 -82.0706 3
      vertex -47.391 -83.0615 0
      vertex -47.391 -83.0615 3
    endloop
  endfacet
  facet normal -0.75189 -0.659289 0
    outer loop
      vertex -45.6569 -85.6569 0
      vertex -46.3468 -84.8701 3
      vertex -46.3468 -84.8701 0
    endloop
  endfacet
  facet normal -0.75189 -0.659289 0
    outer loop
      vertex -46.3468 -84.8701 3
      vertex -45.6569 -85.6569 0
      vertex -45.6569 -85.6569 3
    endloop
  endfacet
  facet normal 0.94693 0.32144 0
    outer loop
      vertex 47.7274 82.0705 3
      vertex 47.391 83.0615 0
      vertex 47.391 83.0615 3
    endloop
  endfacet
  facet normal 0.94693 0.32144 0
    outer loop
      vertex 47.391 83.0615 0
      vertex 47.7274 82.0705 3
      vertex 47.7274 82.0705 0
    endloop
  endfacet
  facet normal 0.75189 0.659289 0
    outer loop
      vertex 46.3468 84.8701 3
      vertex 45.6569 85.6569 0
      vertex 45.6569 85.6569 3
    endloop
  endfacet
  facet normal 0.75189 0.659289 0
    outer loop
      vertex 45.6569 85.6569 0
      vertex 46.3468 84.8701 3
      vertex 46.3468 84.8701 0
    endloop
  endfacet
  facet normal -0.997861 0.0653646 0
    outer loop
      vertex -48 80 0
      vertex -47.9316 81.0442 3
      vertex -47.9316 81.0442 0
    endloop
  endfacet
  facet normal -0.997861 0.0653646 0
    outer loop
      vertex -47.9316 81.0442 3
      vertex -48 80 0
      vertex -48 80 3
    endloop
  endfacet
  facet normal 0 -1 0
    outer loop
      vertex -40 -88 0
      vertex 40 -88 3
      vertex -40 -88 3
    endloop
  endfacet
  facet normal 0 -1 -0
    outer loop
      vertex 40 -88 3
      vertex -40 -88 0
      vertex 40 -88 0
    endloop
  endfacet
  facet normal -0.321469 0.94692 0
    outer loop
      vertex -42.0706 87.7274 0
      vertex -43.0615 87.391 3
      vertex -42.0706 87.7274 3
    endloop
  endfacet
  facet normal -0.321469 0.94692 0
    outer loop
      vertex -43.0615 87.391 3
      vertex -42.0706 87.7274 0
      vertex -43.0615 87.391 0
    endloop
  endfacet
  facet normal -0.0653646 -0.997861 0
    outer loop
      vertex -41.0442 -87.9316 0
      vertex -40 -88 3
      vertex -41.0442 -87.9316 3
    endloop
  endfacet
  facet normal -0.0653646 -0.997861 -0
    outer loop
      vertex -40 -88 3
      vertex -41.0442 -87.9316 0
      vertex -40 -88 0
    endloop
  endfacet
  facet normal -0.980779 -0.195124 0
    outer loop
      vertex -47.7274 -82.0706 0
      vertex -47.9316 -81.0442 3
      vertex -47.9316 -81.0442 0
    endloop
  endfacet
  facet normal -0.980779 -0.195124 0
    outer loop
      vertex -47.9316 -81.0442 3
      vertex -47.7274 -82.0706 0
      vertex -47.7274 -82.0706 3
    endloop
  endfacet
  facet normal 0.980779 -0.195124 0
    outer loop
      vertex 47.7274 -82.0706 3
      vertex 47.9316 -81.0442 0
      vertex 47.9316 -81.0442 3
    endloop
  endfacet
  facet normal 0.980779 -0.195124 0
    outer loop
      vertex 47.9316 -81.0442 0
      vertex 47.7274 -82.0706 3
      vertex 47.7274 -82.0706 0
    endloop
  endfacet
  facet normal -0.831462 0.555582 0
    outer loop
      vertex -46.9282 84 0
      vertex -46.3468 84.8701 3
      vertex -46.3468 84.8701 0
    endloop
  endfacet
  facet normal -0.831462 0.555582 0
    outer loop
      vertex -46.3468 84.8701 3
      vertex -46.9282 84 0
      vertex -46.9282 84 3
    endloop
  endfacet
  facet normal 0.831462 0.555582 0
    outer loop
      vertex 46.9282 84 3
      vertex 46.3468 84.8701 0
      vertex 46.3468 84.8701 3
    endloop
  endfacet
  facet normal 0.831462 0.555582 0
    outer loop
      vertex 46.3468 84.8701 0
      vertex 46.9282 84 3
      vertex 46.9282 84 0
    endloop
  endfacet
  facet normal 0.555582 0.831462 -0
    outer loop
      vertex 44.8701 86.3468 0
      vertex 44 86.9282 3
      vertex 44.8701 86.3468 3
    endloop
  endfacet
  facet normal 0.555582 0.831462 0
    outer loop
      vertex 44 86.9282 3
      vertex 44.8701 86.3468 0
      vertex 44 86.9282 0
    endloop
  endfacet
  facet normal 0.980775 0.195142 0
    outer loop
      vertex 47.9316 81.0442 3
      vertex 47.7274 82.0705 0
      vertex 47.7274 82.0705 3
    endloop
  endfacet
  facet normal 0.980775 0.195142 0
    outer loop
      vertex 47.7274 82.0705 0
      vertex 47.9316 81.0442 3
      vertex 47.9316 81.0442 0
    endloop
  endfacet
  facet normal 0.831462 -0.555582 0
    outer loop
      vertex 46.3468 -84.8701 3
      vertex 46.9282 -84 0
      vertex 46.9282 -84 3
    endloop
  endfacet
  facet normal 0.831462 -0.555582 0
    outer loop
      vertex 46.9282 -84 0
      vertex 46.3468 -84.8701 3
      vertex 46.3468 -84.8701 0
    endloop
  endfacet
  facet normal -0.195124 0.980779 0
    outer loop
      vertex -41.0442 87.9316 0
      vertex -42.0706 87.7274 3
      vertex -41.0442 87.9316 3
    endloop
  endfacet
  facet normal -0.195124 0.980779 0
    outer loop
      vertex -42.0706 87.7274 3
      vertex -41.0442 87.9316 0
      vertex -42.0706 87.7274 0
    endloop
  endfacet
  facet normal -0.442276 -0.896879 0
    outer loop
      vertex -44 -86.9282 0
      vertex -43.0615 -87.391 3
      vertex -44 -86.9282 3
    endloop
  endfacet
  facet normal -0.442276 -0.896879 -0
    outer loop
      vertex -43.0615 -87.391 3
      vertex -44 -86.9282 0
      vertex -43.0615 -87.391 0
    endloop
  endfacet
  facet normal -0.659289 -0.75189 0
    outer loop
      vertex -45.6569 -85.6569 0
      vertex -44.8701 -86.3468 3
      vertex -45.6569 -85.6569 3
    endloop
  endfacet
  facet normal -0.659289 -0.75189 -0
    outer loop
      vertex -44.8701 -86.3468 3
      vertex -45.6569 -85.6569 0
      vertex -44.8701 -86.3468 0
    endloop
  endfacet
  facet normal 0.555582 -0.831462 0
    outer loop
      vertex 44 -86.9282 0
      vertex 44.8701 -86.3468 3
      vertex 44 -86.9282 3
    endloop
  endfacet
  facet normal 0.555582 -0.831462 0
    outer loop
      vertex 44.8701 -86.3468 3
      vertex 44 -86.9282 0
      vertex 44.8701 -86.3468 0
    endloop
  endfacet
  facet normal 0.195124 -0.980779 0
    outer loop
      vertex 41.0442 -87.9316 0
      vertex 42.0706 -87.7274 3
      vertex 41.0442 -87.9316 3
    endloop
  endfacet
  facet normal 0.195124 -0.980779 0
    outer loop
      vertex 42.0706 -87.7274 3
      vertex 41.0442 -87.9316 0
      vertex 42.0706 -87.7274 0
    endloop
  endfacet
  facet normal 0.321469 0.94692 -0
    outer loop
      vertex 43.0615 87.391 0
      vertex 42.0706 87.7274 3
      vertex 43.0615 87.391 3
    endloop
  endfacet
  facet normal 0.321469 0.94692 0
    outer loop
      vertex 42.0706 87.7274 3
      vertex 43.0615 87.391 0
      vertex 42.0706 87.7274 0
    endloop
  endfacet
  facet normal -0.321469 -0.94692 0
    outer loop
      vertex -43.0615 -87.391 0
      vertex -42.0706 -87.7274 3
      vertex -43.0615 -87.391 3
    endloop
  endfacet
  facet normal -0.321469 -0.94692 -0
    outer loop
      vertex -42.0706 -87.7274 3
      vertex -43.0615 -87.391 0
      vertex -42.0706 -87.7274 0
    endloop
  endfacet
  facet normal -0.831462 -0.555582 0
    outer loop
      vertex -46.3468 -84.8701 0
      vertex -46.9282 -84 3
      vertex -46.9282 -84 0
    endloop
  endfacet
  facet normal -0.831462 -0.555582 0
    outer loop
      vertex -46.9282 -84 3
      vertex -46.3468 -84.8701 0
      vertex -46.3468 -84.8701 3
    endloop
  endfacet
  facet normal -0.896879 -0.442276 0
    outer loop
      vertex -46.9282 -84 0
      vertex -47.391 -83.0615 3
      vertex -47.391 -83.0615 0
    endloop
  endfacet
  facet normal -0.896879 -0.442276 0
    outer loop
      vertex -47.391 -83.0615 3
      vertex -46.9282 -84 0
      vertex -46.9282 -84 3
    endloop
  endfacet
  facet normal 0.442276 0.896879 -0
    outer loop
      vertex 44 86.9282 0
      vertex 43.0615 87.391 3
      vertex 44 86.9282 3
    endloop
  endfacet
  facet normal 0.442276 0.896879 0
    outer loop
      vertex 43.0615 87.391 3
      vertex 44 86.9282 0
      vertex 43.0615 87.391 0
    endloop
  endfacet
  facet normal -0.0653646 0.997861 0
    outer loop
      vertex -40 88 0
      vertex -41.0442 87.9316 3
      vertex -40 88 3
    endloop
  endfacet
  facet normal -0.0653646 0.997861 0
    outer loop
      vertex -41.0442 87.9316 3
      vertex -40 88 0
      vertex -41.0442 87.9316 0
    endloop
  endfacet
  facet normal -0.659289 0.75189 0
    outer loop
      vertex -44.8701 86.3468 0
      vertex -45.6569 85.6569 3
      vertex -44.8701 86.3468 3
    endloop
  endfacet
  facet normal -0.659289 0.75189 0
    outer loop
      vertex -45.6569 85.6569 3
      vertex -44.8701 86.3468 0
      vertex -45.6569 85.6569 0
    endloop
  endfacet
  facet normal 0.321469 -0.94692 0
    outer loop
      vertex 42.0706 -87.7274 0
      vertex 43.0615 -87.391 3
      vertex 42.0706 -87.7274 3
    endloop
  endfacet
  facet normal 0.321469 -0.94692 0
    outer loop
      vertex 43.0615 -87.391 3
      vertex 42.0706 -87.7274 0
      vertex 43.0615 -87.391 0
    endloop
  endfacet
  facet normal 0.0653646 -0.997861 0
    outer loop
      vertex 40 -88 0
      vertex 41.0442 -87.9316 3
      vertex 40 -88 3
    endloop
  endfacet
  facet normal 0.0653646 -0.997861 0
    outer loop
      vertex 41.0442 -87.9316 3
      vertex 40 -88 0
      vertex 41.0442 -87.9316 0
    endloop
  endfacet
  facet normal 0 0 -1
    outer loop
      vertex -42 1.7 0
      vertex -38.44 29.3579 0
      vertex -41.7781 1.68546 0
    endloop
  endfacet
  facet normal 0 0 -1
    outer loop
      vertex -39.7 31 0
      vertex -40.3145 79.7781 0
      vertex -40.3 80 0
    endloop
  endfacet
  facet normal -0 0 -1
    outer loop
      vertex -38.44 29.3579 0
      vertex -42 1.7 0
      vertex -38.6506 29.4294 0
    endloop
  endfacet
  facet normal 0 0 -1
    outer loop
      vertex -39.7 31 0
      vertex -40.3579 79.56 0
      vertex -40.3145 79.7781 0
    endloop
  endfacet
  facet normal 0 0 -1
    outer loop
      vertex -42.2219 1.68546 0
      vertex -38.6506 29.4294 0
      vertex -42 1.7 0
    endloop
  endfacet
  facet normal 0 0 -1
    outer loop
      vertex -39.7 31 0
      vertex -40.4294 79.3494 0
      vertex -40.3579 79.56 0
    endloop
  endfacet
  facet normal -0 0 -1
    outer loop
      vertex -38.6506 29.4294 0
      vertex -42.2219 1.68546 0
      vertex -38.85 29.5278 0
    endloop
  endfacet
  facet normal 0 0 -1
    outer loop
      vertex -39.7 31 0
      vertex -40.5278 79.15 0
      vertex -40.4294 79.3494 0
    endloop
  endfacet
  facet normal 0 0 -1
    outer loop
      vertex -42.44 1.64207 0
      vertex -38.85 29.5278 0
      vertex -42.2219 1.68546 0
    endloop
  endfacet
  facet normal 0 0 -1
    outer loop
      vertex -39.7 31 0
      vertex -40.6513 78.9651 0
      vertex -40.5278 79.15 0
    endloop
  endfacet
  facet normal -0 0 -1
    outer loop
      vertex -38.85 29.5278 0
      vertex -42.44 1.64207 0
      vertex -39.0349 29.6513 0
    endloop
  endfacet
  facet normal 0 0 -1
    outer loop
      vertex -39.7 31 0
      vertex -40.7979 78.7979 0
      vertex -40.6513 78.9651 0
    endloop
  endfacet
  facet normal 0 0 -1
    outer loop
      vertex -42.6506 1.57059 0
      vertex -39.0349 29.6513 0
      vertex -42.44 1.64207 0
    endloop
  endfacet
  facet normal 0 0 -1
    outer loop
      vertex -39.7 31 0
      vertex -40.9651 78.6513 0
      vertex -40.7979 78.7979 0
    endloop
  endfacet
  facet normal -0 0 -1
    outer loop
      vertex -39.0349 29.6513 0
      vertex -42.6506 1.57059 0
      vertex -39.2021 29.7979 0
    endloop
  endfacet
  facet normal 0 0 -1
    outer loop
      vertex -39.7 31 0
      vertex -41.15 78.5278 0
      vertex -40.9651 78.6513 0
    endloop
  endfacet
  facet normal 0 0 -1
    outer loop
      vertex -42.85 1.47224 0
      vertex -39.2021 29.7979 0
      vertex -42.6506 1.57059 0
    endloop
  endfacet
  facet normal 0 0 -1
    outer loop
      vertex -39.7 31 0
      vertex -41.3494 78.4294 0
      vertex -41.15 78.5278 0
    endloop
  endfacet
  facet normal -0 0 -1
    outer loop
      vertex -39.2021 29.7979 0
      vertex -42.85 1.47224 0
      vertex -39.3487 29.9651 0
    endloop
  endfacet
  facet normal 0 0 -1
    outer loop
      vertex -39.7 31 0
      vertex -41.56 78.3579 0
      vertex -41.3494 78.4294 0
    endloop
  endfacet
  facet normal 0 0 -1
    outer loop
      vertex -43.0349 1.3487 0
      vertex -39.3487 29.9651 0
      vertex -42.85 1.47224 0
    endloop
  endfacet
  facet normal 0 0 -1
    outer loop
      vertex -39.7 31 0
      vertex -41.7781 78.3145 0
      vertex -41.56 78.3579 0
    endloop
  endfacet
  facet normal -0 0 -1
    outer loop
      vertex -39.3487 29.9651 0
      vertex -43.0349 1.3487 0
      vertex -39.4722 30.15 0
    endloop
  endfacet
  facet normal 0 0 -1
    outer loop
      vertex -39.7 31 0
      vertex -42 78.3 0
      vertex -41.7781 78.3145 0
    endloop
  endfacet
  facet normal 0 0 -1
    outer loop
      vertex -43.2021 1.20208 0
      vertex -39.4722 30.15 0
      vertex -43.0349 1.3487 0
    endloop
  endfacet
  facet normal 0 0 -1
    outer loop
      vertex -39.7 31 0
      vertex -42.2219 78.3145 0
      vertex -42 78.3 0
    endloop
  endfacet
  facet normal -0 0 -1
    outer loop
      vertex -39.4722 30.15 0
      vertex -43.2021 1.20208 0
      vertex -39.5706 30.3494 0
    endloop
  endfacet
  facet normal 0 0 -1
    outer loop
      vertex -39.7 31 0
      vertex -42.44 78.3579 0
      vertex -42.2219 78.3145 0
    endloop
  endfacet
  facet normal 0 0 -1
    outer loop
      vertex -43.3487 1.03489 0
      vertex -39.5706 30.3494 0
      vertex -43.2021 1.20208 0
    endloop
  endfacet
  facet normal 0 0 -1
    outer loop
      vertex -39.7 31 0
      vertex -42.6506 78.4294 0
      vertex -42.44 78.3579 0
    endloop
  endfacet
  facet normal -0 0 -1
    outer loop
      vertex -39.5706 30.3494 0
      vertex -43.3487 1.03489 0
      vertex -39.6421 30.56 0
    endloop
  endfacet
  facet normal 0 0 -1
    outer loop
      vertex -39.7 31 0
      vertex -42.85 78.5278 0
      vertex -42.6506 78.4294 0
    endloop
  endfacet
  facet normal 0 0 -1
    outer loop
      vertex -43.4722 0.849999 0
      vertex -39.6421 30.56 0
      vertex -43.3487 1.03489 0
    endloop
  endfacet
  facet normal 0 0 -1
    outer loop
      vertex -39.7 31 0
      vertex -43.0349 78.6513 0
      vertex -42.85 78.5278 0
    endloop
  endfacet
  facet normal -0 0 -1
    outer loop
      vertex -39.6421 30.56 0
      vertex -43.4722 0.849999 0
      vertex -39.6855 30.7781 0
    endloop
  endfacet
  facet normal 0 0 -1
    outer loop
      vertex -39.7 31 0
      vertex -43.2021 78.7979 0
      vertex -43.0349 78.6513 0
    endloop
  endfacet
  facet normal 0 0 -1
    outer loop
      vertex -43.5706 0.650561 0
      vertex -39.6855 30.7781 0
      vertex -43.4722 0.849999 0
    endloop
  endfacet
  facet normal 0 0 -1
    outer loop
      vertex -39.7 31 0
      vertex -43.3487 78.9651 0
      vertex -43.2021 78.7979 0
    endloop
  endfacet
  facet normal -0 0 -1
    outer loop
      vertex -39.6855 30.7781 0
      vertex -43.5706 0.650561 0
      vertex -39.7 31 0
    endloop
  endfacet
  facet normal 0 0 -1
    outer loop
      vertex -39.7 31 0
      vertex -43.4722 79.15 0
      vertex -43.3487 78.9651 0
    endloop
  endfacet
  facet normal 0 0 -1
    outer loop
      vertex -43.6421 0.439992 0
      vertex -39.7 31 0
      vertex -43.5706 0.650561 0
    endloop
  endfacet
  facet normal 0 0 -1
    outer loop
      vertex -39.7 31 0
      vertex -43.5706 79.3494 0
      vertex -43.4722 79.15 0
    endloop
  endfacet
  facet normal 0 0 -1
    outer loop
      vertex -43.6421 79.56 0
      vertex -39.7 31 0
      vertex -43.6421 0.439992 0
    endloop
  endfacet
  facet normal 0 0 -1
    outer loop
      vertex -39.7 31 0
      vertex -43.6421 79.56 0
      vertex -43.5706 79.3494 0
    endloop
  endfacet
  facet normal 0 0 -1
    outer loop
      vertex -43.6855 0.221894 0
      vertex -43.6421 79.56 0
      vertex -43.6421 0.439992 0
    endloop
  endfacet
  facet normal 0 0 -1
    outer loop
      vertex -43.6855 0.221894 0
      vertex -43.6855 79.7781 0
      vertex -43.6421 79.56 0
    endloop
  endfacet
  facet normal 0 0 -1
    outer loop
      vertex -43.7 0 0
      vertex -43.6855 79.7781 0
      vertex -43.6855 0.221894 0
    endloop
  endfacet
  facet normal -0 0 -1
    outer loop
      vertex -43.6855 79.7781 0
      vertex -43.7 0 0
      vertex -43.7 80 0
    endloop
  endfacet
  facet normal -0 0 -1
    outer loop
      vertex -38.2219 -32.6855 0
      vertex -42 -78.3 0
      vertex -38.44 -32.6421 0
    endloop
  endfacet
  facet normal 0 0 -1
    outer loop
      vertex -39.7 -31 0
      vertex -40.3145 -0.221894 0
      vertex -40.3 0 0
    endloop
  endfacet
  facet normal 0 0 -1
    outer loop
      vertex -42.2219 -78.3145 0
      vertex -38.44 -32.6421 0
      vertex -42 -78.3 0
    endloop
  endfacet
  facet normal 0 0 -1
    outer loop
      vertex -39.7 -31 0
      vertex -40.3579 -0.439992 0
      vertex -40.3145 -0.221894 0
    endloop
  endfacet
  facet normal -0 0 -1
    outer loop
      vertex -38.44 -32.6421 0
      vertex -42.2219 -78.3145 0
      vertex -38.6506 -32.5706 0
    endloop
  endfacet
  facet normal 0 0 -1
    outer loop
      vertex -39.7 -31 0
      vertex -40.4294 -0.650561 0
      vertex -40.3579 -0.439992 0
    endloop
  endfacet
  facet normal 0 0 -1
    outer loop
      vertex -42.44 -78.3579 0
      vertex -38.6506 -32.5706 0
      vertex -42.2219 -78.3145 0
    endloop
  endfacet
  facet normal 0 0 -1
    outer loop
      vertex -39.7 -31 0
      vertex -40.5278 -0.849999 0
      vertex -40.4294 -0.650561 0
    endloop
  endfacet
  facet normal -0 0 -1
    outer loop
      vertex -38.6506 -32.5706 0
      vertex -42.44 -78.3579 0
      vertex -38.85 -32.4722 0
    endloop
  endfacet
  facet normal 0 0 -1
    outer loop
      vertex -39.7 -31 0
      vertex -40.6513 -1.03489 0
      vertex -40.5278 -0.849999 0
    endloop
  endfacet
  facet normal 0 0 -1
    outer loop
      vertex -42.6506 -78.4294 0
      vertex -38.85 -32.4722 0
      vertex -42.44 -78.3579 0
    endloop
  endfacet
  facet normal 0 0 -1
    outer loop
      vertex -39.7 -31 0
      vertex -40.7979 -1.20208 0
      vertex -40.6513 -1.03489 0
    endloop
  endfacet
  facet normal 0 0 -1
    outer loop
      vertex -48 -80 0
      vertex -38.85 -32.4722 0
      vertex -42.6506 -78.4294 0
    endloop
  endfacet
  facet normal 0 0 -1
    outer loop
      vertex -39.7 -31 0
      vertex -40.9651 -1.3487 0
      vertex -40.7979 -1.20208 0
    endloop
  endfacet
  facet normal -0 0 -1
    outer loop
      vertex -38.85 -32.4722 0
      vertex -48 -80 0
      vertex -39.0349 -32.3487 0
    endloop
  endfacet
  facet normal 0 0 -1
    outer loop
      vertex -39.7 -31 0
      vertex -41.15 -1.47224 0
      vertex -40.9651 -1.3487 0
    endloop
  endfacet
  facet normal -0 0 -1
    outer loop
      vertex -39.0349 -32.3487 0
      vertex -48 -80 0
      vertex -39.2021 -32.2021 0
    endloop
  endfacet
  facet normal 0 0 -1
    outer loop
      vertex -39.7 -31 0
      vertex -41.3494 -1.57059 0
      vertex -41.15 -1.47224 0
    endloop
  endfacet
  facet normal -0 0 -1
    outer loop
      vertex -39.2021 -32.2021 0
      vertex -48 -80 0
      vertex -39.3487 -32.0349 0
    endloop
  endfacet
  facet normal 0 0 -1
    outer loop
      vertex -39.7 -31 0
      vertex -41.56 -1.64207 0
      vertex -41.3494 -1.57059 0
    endloop
  endfacet
  facet normal -0 0 -1
    outer loop
      vertex -39.3487 -32.0349 0
      vertex -48 -80 0
      vertex -39.4722 -31.85 0
    endloop
  endfacet
  facet normal 0 0 -1
    outer loop
      vertex -39.7 -31 0
      vertex -41.7781 -1.68546 0
      vertex -41.56 -1.64207 0
    endloop
  endfacet
  facet normal -0 0 -1
    outer loop
      vertex -39.4722 -31.85 0
      vertex -48 -80 0
      vertex -39.5706 -31.6506 0
    endloop
  endfacet
  facet normal 0 0 -1
    outer loop
      vertex -39.7 -31 0
      vertex -42 -1.7 0
      vertex -41.7781 -1.68546 0
    endloop
  endfacet
  facet normal -0 0 -1
    outer loop
      vertex -39.5706 -31.6506 0
      vertex -48 -80 0
      vertex -39.6421 -31.44 0
    endloop
  endfacet
  facet normal 0 0 -1
    outer loop
      vertex -39.7 -31 0
      vertex -42.2219 -1.68546 0
      vertex -42 -1.7 0
    endloop
  endfacet
  facet normal -0 0 -1
    outer loop
      vertex -39.6421 -31.44 0
      vertex -48 -80 0
      vertex -39.6855 -31.2219 0
    endloop
  endfacet
  facet normal 0 0 -1
    outer loop
      vertex -39.7 -31 0
      vertex -42.44 -1.64207 0
      vertex -42.2219 -1.68546 0
    endloop
  endfacet
  facet normal -0 0 -1
    outer loop
      vertex -39.6855 -31.2219 0
      vertex -48 -80 0
      vertex -39.7 -31 0
    endloop
  endfacet
  facet normal 0 0 -1
    outer loop
      vertex -39.7 -31 0
      vertex -42.6506 -1.57059 0
      vertex -42.44 -1.64207 0
    endloop
  endfacet
  facet normal 0 0 -1
    outer loop
      vertex -48 -80 0
      vertex -42.6506 -78.4294 0
      vertex -42.85 -78.5278 0
    endloop
  endfacet
  facet normal 0 -0 -1
    outer loop
      vertex -43.6421 -0.439992 0
      vertex -39.7 -31 0
      vertex -48 -80 0
    endloop
  endfacet
  facet normal 0 0 -1
    outer loop
      vertex -48 -80 0
      vertex -42.85 -78.5278 0
      vertex -43.0349 -78.6513 0
    endloop
  endfacet
  facet normal 0 0 -1
    outer loop
      vertex -39.7 -31 0
      vertex -42.85 -1.47224 0
      vertex -42.6506 -1.57059 0
    endloop
  endfacet
  facet normal 0 0 -1
    outer loop
      vertex -48 -80 0
      vertex -43.0349 -78.6513 0
      vertex -43.2021 -78.7979 0
    endloop
  endfacet
  facet normal 0 0 -1
    outer loop
      vertex -39.7 -31 0
      vertex -43.0349 -1.3487 0
      vertex -42.85 -1.47224 0
    endloop
  endfacet
  facet normal 0 0 -1
    outer loop
      vertex -48 -80 0
      vertex -43.2021 -78.7979 0
      vertex -43.3487 -78.9651 0
    endloop
  endfacet
  facet normal 0 0 -1
    outer loop
      vertex -39.7 -31 0
      vertex -43.2021 -1.20208 0
      vertex -43.0349 -1.3487 0
    endloop
  endfacet
  facet normal 0 0 -1
    outer loop
      vertex -48 -80 0
      vertex -43.3487 -78.9651 0
      vertex -43.4722 -79.15 0
    endloop
  endfacet
  facet normal 0 0 -1
    outer loop
      vertex -39.7 -31 0
      vertex -43.3487 -1.03489 0
      vertex -43.2021 -1.20208 0
    endloop
  endfacet
  facet normal 0 0 -1
    outer loop
      vertex -48 -80 0
      vertex -43.4722 -79.15 0
      vertex -43.5706 -79.3494 0
    endloop
  endfacet
  facet normal 0 0 -1
    outer loop
      vertex -39.7 -31 0
      vertex -43.4722 -0.849999 0
      vertex -43.3487 -1.03489 0
    endloop
  endfacet
  facet normal 0 0 -1
    outer loop
      vertex -48 -80 0
      vertex -43.5706 -79.3494 0
      vertex -43.6421 -79.56 0
    endloop
  endfacet
  facet normal 0 0 -1
    outer loop
      vertex -39.7 -31 0
      vertex -43.5706 -0.650561 0
      vertex -43.4722 -0.849999 0
    endloop
  endfacet
  facet normal 0 0 -1
    outer loop
      vertex -48 -80 0
      vertex -43.6421 -79.56 0
      vertex -43.6855 -79.7781 0
    endloop
  endfacet
  facet normal 0 0 -1
    outer loop
      vertex -39.7 -31 0
      vertex -43.6421 -0.439992 0
      vertex -43.5706 -0.650561 0
    endloop
  endfacet
  facet normal 0 0 -1
    outer loop
      vertex -48 -80 0
      vertex -43.6855 -79.7781 0
      vertex -43.7 -80 0
    endloop
  endfacet
  facet normal -0 0 -1
    outer loop
      vertex -43.6421 -0.439992 0
      vertex -48 -80 0
      vertex -43.6855 -0.221894 0
    endloop
  endfacet
  facet normal -0 0 -1
    outer loop
      vertex -38.2219 29.3145 0
      vertex -41.7781 1.68546 0
      vertex -38.44 29.3579 0
    endloop
  endfacet
  facet normal 0 0 -1
    outer loop
      vertex -39.7 31 0
      vertex -40.3 80 0
      vertex -40 88 0
    endloop
  endfacet
  facet normal 0 0 -1
    outer loop
      vertex -40.3145 80.2219 0
      vertex -40 88 0
      vertex -40.3 80 0
    endloop
  endfacet
  facet normal 0 0 -1
    outer loop
      vertex -40.3579 80.44 0
      vertex -40 88 0
      vertex -40.3145 80.2219 0
    endloop
  endfacet
  facet normal 0 0 -1
    outer loop
      vertex -40.4294 80.6506 0
      vertex -40 88 0
      vertex -40.3579 80.44 0
    endloop
  endfacet
  facet normal 0 0 -1
    outer loop
      vertex -40.5278 80.85 0
      vertex -40 88 0
      vertex -40.4294 80.6506 0
    endloop
  endfacet
  facet normal 0 0 -1
    outer loop
      vertex -40.6513 81.0349 0
      vertex -40 88 0
      vertex -40.5278 80.85 0
    endloop
  endfacet
  facet normal 0 0 -1
    outer loop
      vertex -40.7979 81.2021 0
      vertex -40 88 0
      vertex -40.6513 81.0349 0
    endloop
  endfacet
  facet normal 0 0 -1
    outer loop
      vertex -40.9651 81.3487 0
      vertex -40 88 0
      vertex -40.7979 81.2021 0
    endloop
  endfacet
  facet normal 0 0 -1
    outer loop
      vertex -41.15 81.4722 0
      vertex -40 88 0
      vertex -40.9651 81.3487 0
    endloop
  endfacet
  facet normal 0 0 -1
    outer loop
      vertex -41.3494 81.5706 0
      vertex -40 88 0
      vertex -41.15 81.4722 0
    endloop
  endfacet
  facet normal 0 0 -1
    outer loop
      vertex -40 88 0
      vertex -41.3494 81.5706 0
      vertex -41.0442 87.9316 0
    endloop
  endfacet
  facet normal 0 0 -1
    outer loop
      vertex -41.56 81.6421 0
      vertex -41.0442 87.9316 0
      vertex -41.3494 81.5706 0
    endloop
  endfacet
  facet normal 0 0 -1
    outer loop
      vertex -42.0706 87.7274 0
      vertex -41.56 81.6421 0
      vertex -41.7781 81.6855 0
    endloop
  endfacet
  facet normal 0 0 -1
    outer loop
      vertex -43.0615 87.391 0
      vertex -41.7781 81.6855 0
      vertex -42 81.7 0
    endloop
  endfacet
  facet normal 0 0 -1
    outer loop
      vertex -41.56 81.6421 0
      vertex -42.0706 87.7274 0
      vertex -41.0442 87.9316 0
    endloop
  endfacet
  facet normal 0 0 -1
    outer loop
      vertex -44 86.9282 0
      vertex -42 81.7 0
      vertex -42.2219 81.6855 0
    endloop
  endfacet
  facet normal 0 0 -1
    outer loop
      vertex -44 86.9282 0
      vertex -42.2219 81.6855 0
      vertex -42.44 81.6421 0
    endloop
  endfacet
  facet normal 0 0 -1
    outer loop
      vertex -44 86.9282 0
      vertex -42.44 81.6421 0
      vertex -42.6506 81.5706 0
    endloop
  endfacet
  facet normal 0 0 -1
    outer loop
      vertex -44 86.9282 0
      vertex -42.6506 81.5706 0
      vertex -42.85 81.4722 0
    endloop
  endfacet
  facet normal 0 0 -1
    outer loop
      vertex -44 86.9282 0
      vertex -42.85 81.4722 0
      vertex -43.0349 81.3487 0
    endloop
  endfacet
  facet normal 0 0 -1
    outer loop
      vertex -41.7781 81.6855 0
      vertex -43.0615 87.391 0
      vertex -42.0706 87.7274 0
    endloop
  endfacet
  facet normal 0 0 -1
    outer loop
      vertex -44 86.9282 0
      vertex -43.0349 81.3487 0
      vertex -43.2021 81.2021 0
    endloop
  endfacet
  facet normal 0 0 -1
    outer loop
      vertex -44 86.9282 0
      vertex -43.2021 81.2021 0
      vertex -43.3487 81.0349 0
    endloop
  endfacet
  facet normal 0 0 -1
    outer loop
      vertex -44 86.9282 0
      vertex -43.3487 81.0349 0
      vertex -43.4722 80.85 0
    endloop
  endfacet
  facet normal 0 0 -1
    outer loop
      vertex -44 86.9282 0
      vertex -43.4722 80.85 0
      vertex -43.5706 80.6506 0
    endloop
  endfacet
  facet normal 0 0 -1
    outer loop
      vertex -44 86.9282 0
      vertex -43.5706 80.6506 0
      vertex -43.6421 80.44 0
    endloop
  endfacet
  facet normal 0 0 -1
    outer loop
      vertex -44 86.9282 0
      vertex -43.6421 80.44 0
      vertex -43.6855 80.2219 0
    endloop
  endfacet
  facet normal 0 0 -1
    outer loop
      vertex -42 81.7 0
      vertex -44 86.9282 0
      vertex -43.0615 87.391 0
    endloop
  endfacet
  facet normal 0 0 -1
    outer loop
      vertex -43.7 80 0
      vertex -44 86.9282 0
      vertex -43.6855 80.2219 0
    endloop
  endfacet
  facet normal 0 0 -1
    outer loop
      vertex -43.7 0 0
      vertex -44 86.9282 0
      vertex -43.7 80 0
    endloop
  endfacet
  facet normal 0 0 -1
    outer loop
      vertex -48 -80 0
      vertex -44 -86.9282 0
      vertex -44.8701 -86.3468 0
    endloop
  endfacet
  facet normal 0 0 -1
    outer loop
      vertex -48 80 0
      vertex -43.7 0 0
      vertex -48 -80 0
    endloop
  endfacet
  facet normal 0 0 -1
    outer loop
      vertex -48 -80 0
      vertex -44.8701 -86.3468 0
      vertex -45.6569 -85.6569 0
    endloop
  endfacet
  facet normal 0 0 -1
    outer loop
      vertex -43.7 0 0
      vertex -48 80 0
      vertex -44 86.9282 0
    endloop
  endfacet
  facet normal 0 0 -1
    outer loop
      vertex -48 -80 0
      vertex -45.6569 -85.6569 0
      vertex -46.3468 -84.8701 0
    endloop
  endfacet
  facet normal 0 0 -1
    outer loop
      vertex -44 86.9282 0
      vertex -48 80 0
      vertex -44.8701 86.3468 0
    endloop
  endfacet
  facet normal 0 0 -1
    outer loop
      vertex -48 -80 0
      vertex -46.3468 -84.8701 0
      vertex -46.9282 -84 0
    endloop
  endfacet
  facet normal 0 0 -1
    outer loop
      vertex -44.8701 86.3468 0
      vertex -48 80 0
      vertex -45.6569 85.6569 0
    endloop
  endfacet
  facet normal 0 0 -1
    outer loop
      vertex -48 -80 0
      vertex -46.9282 -84 0
      vertex -47.391 -83.0615 0
    endloop
  endfacet
  facet normal 0 0 -1
    outer loop
      vertex -45.6569 85.6569 0
      vertex -48 80 0
      vertex -46.3468 84.8701 0
    endloop
  endfacet
  facet normal 0 0 -1
    outer loop
      vertex -48 -80 0
      vertex -47.391 -83.0615 0
      vertex -47.7274 -82.0706 0
    endloop
  endfacet
  facet normal 0 0 -1
    outer loop
      vertex -46.3468 84.8701 0
      vertex -48 80 0
      vertex -46.9282 84 0
    endloop
  endfacet
  facet normal 0 0 -1
    outer loop
      vertex -48 -80 0
      vertex -47.7274 -82.0706 0
      vertex -47.9316 -81.0442 0
    endloop
  endfacet
  facet normal 0 0 -1
    outer loop
      vertex -46.9282 84 0
      vertex -48 80 0
      vertex -47.391 83.0615 0
    endloop
  endfacet
  facet normal 0 0 -1
    outer loop
      vertex -47.391 83.0615 0
      vertex -48 80 0
      vertex -47.7274 82.0705 0
    endloop
  endfacet
  facet normal 0 0 -1
    outer loop
      vertex -47.7274 82.0705 0
      vertex -48 80 0
      vertex -47.9316 81.0442 0
    endloop
  endfacet
  facet normal 0 0 -1
    outer loop
      vertex -37.15 -29.5278 0
      vertex -24.1734 -14.435 0
      vertex -36.9651 -29.6513 0
    endloop
  endfacet
  facet normal 0 0 -1
    outer loop
      vertex -25 12 0
      vertex -36.3145 30.7781 0
      vertex -36.3 31 0
    endloop
  endfacet
  facet normal 0 0 -1
    outer loop
      vertex -37.3494 -29.4294 0
      vertex -24.1734 -14.435 0
      vertex -37.15 -29.5278 0
    endloop
  endfacet
  facet normal 0 0 -1
    outer loop
      vertex -25 12 0
      vertex -36.3579 30.56 0
      vertex -36.3145 30.7781 0
    endloop
  endfacet
  facet normal -0 0 -1
    outer loop
      vertex -24.1734 -14.435 0
      vertex -37.3494 -29.4294 0
      vertex -24.4641 -14 0
    endloop
  endfacet
  facet normal 0 0 -1
    outer loop
      vertex -25 12 0
      vertex -36.4294 30.3494 0
      vertex -36.3579 30.56 0
    endloop
  endfacet
  facet normal 0 0 -1
    outer loop
      vertex -37.56 -29.3579 0
      vertex -24.4641 -14 0
      vertex -37.3494 -29.4294 0
    endloop
  endfacet
  facet normal 0 0 -1
    outer loop
      vertex -25 12 0
      vertex -36.5278 30.15 0
      vertex -36.4294 30.3494 0
    endloop
  endfacet
  facet normal -0 0 -1
    outer loop
      vertex -24.4641 -14 0
      vertex -37.56 -29.3579 0
      vertex -24.6955 -13.5307 0
    endloop
  endfacet
  facet normal 0 0 -1
    outer loop
      vertex -25 12 0
      vertex -36.6513 29.9651 0
      vertex -36.5278 30.15 0
    endloop
  endfacet
  facet normal 0 0 -1
    outer loop
      vertex -37.7781 -29.3145 0
      vertex -24.6955 -13.5307 0
      vertex -37.56 -29.3579 0
    endloop
  endfacet
  facet normal 0 0 -1
    outer loop
      vertex -25 12 0
      vertex -36.7979 29.7979 0
      vertex -36.6513 29.9651 0
    endloop
  endfacet
  facet normal -0 0 -1
    outer loop
      vertex -24.6955 -13.5307 0
      vertex -37.7781 -29.3145 0
      vertex -24.8637 -13.0353 0
    endloop
  endfacet
  facet normal 0 0 -1
    outer loop
      vertex -25 12 0
      vertex -36.9651 29.6513 0
      vertex -36.7979 29.7979 0
    endloop
  endfacet
  facet normal 0 0 -1
    outer loop
      vertex -38 -29.3 0
      vertex -24.8637 -13.0353 0
      vertex -37.7781 -29.3145 0
    endloop
  endfacet
  facet normal 0 0 -1
    outer loop
      vertex -25 12 0
      vertex -37.15 29.5278 0
      vertex -36.9651 29.6513 0
    endloop
  endfacet
  facet normal -0 0 -1
    outer loop
      vertex -24.8637 -13.0353 0
      vertex -38 -29.3 0
      vertex -24.9658 -12.5221 0
    endloop
  endfacet
  facet normal 0 0 -1
    outer loop
      vertex -25 12 0
      vertex -37.3494 29.4294 0
      vertex -37.15 29.5278 0
    endloop
  endfacet
  facet normal 0 0 -1
    outer loop
      vertex -38.2219 -29.3145 0
      vertex -24.9658 -12.5221 0
      vertex -38 -29.3 0
    endloop
  endfacet
  facet normal 0 0 -1
    outer loop
      vertex -25 12 0
      vertex -37.56 29.3579 0
      vertex -37.3494 29.4294 0
    endloop
  endfacet
  facet normal 0 0 -1
    outer loop
      vertex -40.3 0 0
      vertex -24.9658 -12.5221 0
      vertex -38.2219 -29.3145 0
    endloop
  endfacet
  facet normal 0 0 -1
    outer loop
      vertex -25 12 0
      vertex -37.7781 29.3145 0
      vertex -37.56 29.3579 0
    endloop
  endfacet
  facet normal 0 0 -1
    outer loop
      vertex -40.3 0 0
      vertex -38.2219 -29.3145 0
      vertex -38.44 -29.3579 0
    endloop
  endfacet
  facet normal 0 0 -1
    outer loop
      vertex -25 12 0
      vertex -38 29.3 0
      vertex -37.7781 29.3145 0
    endloop
  endfacet
  facet normal 0 0 -1
    outer loop
      vertex -40.3 0 0
      vertex -38.44 -29.3579 0
      vertex -38.6506 -29.4294 0
    endloop
  endfacet
  facet normal 0 0 -1
    outer loop
      vertex -40.7979 1.20208 0
      vertex -25 12 0
      vertex -40.6513 1.03489 0
    endloop
  endfacet
  facet normal 0 0 -1
    outer loop
      vertex -40.3 0 0
      vertex -38.6506 -29.4294 0
      vertex -38.85 -29.5278 0
    endloop
  endfacet
  facet normal 0 0 -1
    outer loop
      vertex -40.3145 0.221894 0
      vertex -25 12 0
      vertex -40.3 0 0
    endloop
  endfacet
  facet normal 0 0 -1
    outer loop
      vertex -24.9658 -12.5221 0
      vertex -40.3 0 0
      vertex -25 -12 0
    endloop
  endfacet
  facet normal 0 0 -1
    outer loop
      vertex -40.3579 0.439992 0
      vertex -25 12 0
      vertex -40.3145 0.221894 0
    endloop
  endfacet
  facet normal 0 0 -1
    outer loop
      vertex -25 -12 0
      vertex -40.3 0 0
      vertex -25 12 0
    endloop
  endfacet
  facet normal 0 0 -1
    outer loop
      vertex -40.4294 0.650561 0
      vertex -25 12 0
      vertex -40.3579 0.439992 0
    endloop
  endfacet
  facet normal 0 0 -1
    outer loop
      vertex -40.3 0 0
      vertex -38.85 -29.5278 0
      vertex -39.0349 -29.6513 0
    endloop
  endfacet
  facet normal 0 0 -1
    outer loop
      vertex -40.5278 0.849999 0
      vertex -25 12 0
      vertex -40.4294 0.650561 0
    endloop
  endfacet
  facet normal 0 0 -1
    outer loop
      vertex -40.3 0 0
      vertex -39.0349 -29.6513 0
      vertex -39.2021 -29.7979 0
    endloop
  endfacet
  facet normal 0 0 -1
    outer loop
      vertex -40.6513 1.03489 0
      vertex -25 12 0
      vertex -40.5278 0.849999 0
    endloop
  endfacet
  facet normal 0 0 -1
    outer loop
      vertex -40.3 0 0
      vertex -39.2021 -29.7979 0
      vertex -39.3487 -29.9651 0
    endloop
  endfacet
  facet normal 0 0 -1
    outer loop
      vertex -40.9651 1.3487 0
      vertex -25 12 0
      vertex -40.7979 1.20208 0
    endloop
  endfacet
  facet normal 0 0 -1
    outer loop
      vertex -40.3 0 0
      vertex -39.3487 -29.9651 0
      vertex -39.4722 -30.15 0
    endloop
  endfacet
  facet normal 0 0 -1
    outer loop
      vertex -41.15 1.47224 0
      vertex -25 12 0
      vertex -40.9651 1.3487 0
    endloop
  endfacet
  facet normal 0 0 -1
    outer loop
      vertex -40.3 0 0
      vertex -39.4722 -30.15 0
      vertex -39.5706 -30.3494 0
    endloop
  endfacet
  facet normal 0 0 -1
    outer loop
      vertex -41.3494 1.57059 0
      vertex -25 12 0
      vertex -41.15 1.47224 0
    endloop
  endfacet
  facet normal 0 0 -1
    outer loop
      vertex -40.3 0 0
      vertex -39.5706 -30.3494 0
      vertex -39.6421 -30.56 0
    endloop
  endfacet
  facet normal 0 0 -1
    outer loop
      vertex -41.56 1.64207 0
      vertex -25 12 0
      vertex -41.3494 1.57059 0
    endloop
  endfacet
  facet normal 0 0 -1
    outer loop
      vertex -40.3 0 0
      vertex -39.6421 -30.56 0
      vertex -39.6855 -30.7781 0
    endloop
  endfacet
  facet normal -0 0 -1
    outer loop
      vertex -25 12 0
      vertex -41.56 1.64207 0
      vertex -38 29.3 0
    endloop
  endfacet
  facet normal 0 0 -1
    outer loop
      vertex -40.3 0 0
      vertex -39.6855 -30.7781 0
      vertex -39.7 -31 0
    endloop
  endfacet
  facet normal -0 0 -1
    outer loop
      vertex -38 29.3 0
      vertex -41.56 1.64207 0
      vertex -38.2219 29.3145 0
    endloop
  endfacet
  facet normal 0 0 -1
    outer loop
      vertex 40.6513 78.9651 0
      vertex 8.0307 68.9427 0
      vertex 8.1 70 0
    endloop
  endfacet
  facet normal 0 0 -1
    outer loop
      vertex 36.4294 31.6506 0
      vertex 7.824 67.9036 0
      vertex 8.0307 68.9427 0
    endloop
  endfacet
  facet normal 0 0 -1
    outer loop
      vertex 36.4294 31.6506 0
      vertex 7.48342 66.9003 0
      vertex 7.824 67.9036 0
    endloop
  endfacet
  facet normal 0 0 -1
    outer loop
      vertex 36.4294 31.6506 0
      vertex 7.0148 65.95 0
      vertex 7.48342 66.9003 0
    endloop
  endfacet
  facet normal 0 0 -1
    outer loop
      vertex 36.4294 31.6506 0
      vertex 6.42616 65.069 0
      vertex 7.0148 65.95 0
    endloop
  endfacet
  facet normal 0 0 -1
    outer loop
      vertex 36.4294 31.6506 0
      vertex 5.72756 64.2724 0
      vertex 6.42616 65.069 0
    endloop
  endfacet
  facet normal 0 0 -1
    outer loop
      vertex 36.4294 31.6506 0
      vertex 4.93097 63.5738 0
      vertex 5.72756 64.2724 0
    endloop
  endfacet
  facet normal 0 0 -1
    outer loop
      vertex 36.4294 31.6506 0
      vertex 4.05 62.9852 0
      vertex 4.93097 63.5738 0
    endloop
  endfacet
  facet normal 0 0 -1
    outer loop
      vertex 36.4294 31.6506 0
      vertex 3.09974 62.5166 0
      vertex 4.05 62.9852 0
    endloop
  endfacet
  facet normal 0 0 -1
    outer loop
      vertex 21 16 0
      vertex 2.09643 62.176 0
      vertex 3.09974 62.5166 0
    endloop
  endfacet
  facet normal 0 0 -1
    outer loop
      vertex 21 16 0
      vertex 1.05726 61.9693 0
      vertex 2.09643 62.176 0
    endloop
  endfacet
  facet normal 0 0 -1
    outer loop
      vertex 21 16 0
      vertex 0 61.9 0
      vertex 1.05726 61.9693 0
    endloop
  endfacet
  facet normal 0 0 -1
    outer loop
      vertex -21 16 0
      vertex 0 61.9 0
      vertex 21 16 0
    endloop
  endfacet
  facet normal -0 0 -1
    outer loop
      vertex 0 61.9 0
      vertex -21 16 0
      vertex -1.05726 61.9693 0
    endloop
  endfacet
  facet normal -0 0 -1
    outer loop
      vertex -1.05726 61.9693 0
      vertex -21 16 0
      vertex -2.09643 62.176 0
    endloop
  endfacet
  facet normal -0 0 -1
    outer loop
      vertex -2.09643 62.176 0
      vertex -21 16 0
      vertex -3.09974 62.5166 0
    endloop
  endfacet
  facet normal 0 0 -1
    outer loop
      vertex -36.4294 31.6506 0
      vertex -3.09974 62.5166 0
      vertex -21 16 0
    endloop
  endfacet
  facet normal -0 0 -1
    outer loop
      vertex -3.09974 62.5166 0
      vertex -36.4294 31.6506 0
      vertex -4.05 62.9852 0
    endloop
  endfacet
  facet normal 0 0 -1
    outer loop
      vertex -36.5278 31.85 0
      vertex -4.05 62.9852 0
      vertex -36.4294 31.6506 0
    endloop
  endfacet
  facet normal -0 0 -1
    outer loop
      vertex -4.05 62.9852 0
      vertex -36.5278 31.85 0
      vertex -4.93097 63.5738 0
    endloop
  endfacet
  facet normal -0 0 -1
    outer loop
      vertex -5.72756 64.2724 0
      vertex -36.9651 32.3487 0
      vertex -6.42616 65.069 0
    endloop
  endfacet
  facet normal 0 0 -1
    outer loop
      vertex -36.9651 32.3487 0
      vertex -5.72756 64.2724 0
      vertex -36.7979 32.2021 0
    endloop
  endfacet
  facet normal -0 0 -1
    outer loop
      vertex -4.93097 63.5738 0
      vertex -36.7979 32.2021 0
      vertex -5.72756 64.2724 0
    endloop
  endfacet
  facet normal 0 0 -1
    outer loop
      vertex -36.7979 32.2021 0
      vertex -4.93097 63.5738 0
      vertex -36.6513 32.0349 0
    endloop
  endfacet
  facet normal 0 0 -1
    outer loop
      vertex -36.6513 32.0349 0
      vertex -4.93097 63.5738 0
      vertex -36.5278 31.85 0
    endloop
  endfacet
  facet normal 0 0 -1
    outer loop
      vertex 38 -29.3 0
      vertex 41.56 -1.64207 0
      vertex 38.2219 -29.3145 0
    endloop
  endfacet
  facet normal 0 0 -1
    outer loop
      vertex 40.3 0 0
      vertex 39.6855 30.7781 0
      vertex 39.7 31 0
    endloop
  endfacet
  facet normal 0 0 -1
    outer loop
      vertex 24.9658 -12.5221 0
      vertex 41.56 -1.64207 0
      vertex 38 -29.3 0
    endloop
  endfacet
  facet normal 0 0 -1
    outer loop
      vertex 40.3 0 0
      vertex 39.6421 30.56 0
      vertex 39.6855 30.7781 0
    endloop
  endfacet
  facet normal -0 0 -1
    outer loop
      vertex 41.56 -1.64207 0
      vertex 24.9658 -12.5221 0
      vertex 41.3494 -1.57059 0
    endloop
  endfacet
  facet normal 0 0 -1
    outer loop
      vertex 40.3 0 0
      vertex 39.5706 30.3494 0
      vertex 39.6421 30.56 0
    endloop
  endfacet
  facet normal 0 -0 -1
    outer loop
      vertex 25 -12 0
      vertex 41.3494 -1.57059 0
      vertex 24.9658 -12.5221 0
    endloop
  endfacet
  facet normal 0 0 -1
    outer loop
      vertex 40.3 0 0
      vertex 39.4722 30.15 0
      vertex 39.5706 30.3494 0
    endloop
  endfacet
  facet normal -0 0 -1
    outer loop
      vertex 41.3494 -1.57059 0
      vertex 25 -12 0
      vertex 41.15 -1.47224 0
    endloop
  endfacet
  facet normal 0 0 -1
    outer loop
      vertex 40.3 0 0
      vertex 39.3487 29.9651 0
      vertex 39.4722 30.15 0
    endloop
  endfacet
  facet normal -0 0 -1
    outer loop
      vertex 40.9651 -1.3487 0
      vertex 25 -12 0
      vertex 40.7979 -1.20208 0
    endloop
  endfacet
  facet normal 0 0 -1
    outer loop
      vertex 40.3 0 0
      vertex 39.2021 29.7979 0
      vertex 39.3487 29.9651 0
    endloop
  endfacet
  facet normal -0 0 -1
    outer loop
      vertex 40.7979 -1.20208 0
      vertex 25 -12 0
      vertex 40.6513 -1.03489 0
    endloop
  endfacet
  facet normal 0 0 -1
    outer loop
      vertex 40.3 0 0
      vertex 39.0349 29.6513 0
      vertex 39.2021 29.7979 0
    endloop
  endfacet
  facet normal -0 0 -1
    outer loop
      vertex 40.6513 -1.03489 0
      vertex 25 -12 0
      vertex 40.5278 -0.849999 0
    endloop
  endfacet
  facet normal 0 0 -1
    outer loop
      vertex 40.3 0 0
      vertex 38.85 29.5278 0
      vertex 39.0349 29.6513 0
    endloop
  endfacet
  facet normal -0 0 -1
    outer loop
      vertex 40.5278 -0.849999 0
      vertex 25 -12 0
      vertex 40.4294 -0.650561 0
    endloop
  endfacet
  facet normal 0 0 -1
    outer loop
      vertex 25 12 0
      vertex 40.3 0 0
      vertex 25 -12 0
    endloop
  endfacet
  facet normal -0 0 -1
    outer loop
      vertex 40.4294 -0.650561 0
      vertex 25 -12 0
      vertex 40.3579 -0.439992 0
    endloop
  endfacet
  facet normal 0 0 -1
    outer loop
      vertex 24.9658 12.5221 0
      vertex 40.3 0 0
      vertex 25 12 0
    endloop
  endfacet
  facet normal -0 0 -1
    outer loop
      vertex 40.3579 -0.439992 0
      vertex 25 -12 0
      vertex 40.3145 -0.221894 0
    endloop
  endfacet
  facet normal 0 0 -1
    outer loop
      vertex 40.3 0 0
      vertex 38.6506 29.4294 0
      vertex 38.85 29.5278 0
    endloop
  endfacet
  facet normal -0 0 -1
    outer loop
      vertex 41.15 -1.47224 0
      vertex 25 -12 0
      vertex 40.9651 -1.3487 0
    endloop
  endfacet
  facet normal 0 0 -1
    outer loop
      vertex 40.3 0 0
      vertex 38.44 29.3579 0
      vertex 38.6506 29.4294 0
    endloop
  endfacet
  facet normal 0 0 -1
    outer loop
      vertex 24.8637 -13.0353 0
      vertex 38 -29.3 0
      vertex 37.7781 -29.3145 0
    endloop
  endfacet
  facet normal 0 0 -1
    outer loop
      vertex 40.3 0 0
      vertex 38.2219 29.3145 0
      vertex 38.44 29.3579 0
    endloop
  endfacet
  facet normal 0 0 -1
    outer loop
      vertex 24.6955 -13.5307 0
      vertex 37.7781 -29.3145 0
      vertex 37.56 -29.3579 0
    endloop
  endfacet
  facet normal 0 0 -1
    outer loop
      vertex 40.3 0 0
      vertex 24.9658 12.5221 0
      vertex 38.2219 29.3145 0
    endloop
  endfacet
  facet normal 0 0 -1
    outer loop
      vertex 24.4641 -14 0
      vertex 37.56 -29.3579 0
      vertex 37.3494 -29.4294 0
    endloop
  endfacet
  facet normal 0 0 -1
    outer loop
      vertex 38.2219 29.3145 0
      vertex 24.9658 12.5221 0
      vertex 38 29.3 0
    endloop
  endfacet
  facet normal 0 0 -1
    outer loop
      vertex 24.1734 -14.435 0
      vertex 37.3494 -29.4294 0
      vertex 37.15 -29.5278 0
    endloop
  endfacet
  facet normal 0 0 -1
    outer loop
      vertex 24.8637 13.0353 0
      vertex 38 29.3 0
      vertex 24.9658 12.5221 0
    endloop
  endfacet
  facet normal 0 0 -1
    outer loop
      vertex 24.1734 -14.435 0
      vertex 37.15 -29.5278 0
      vertex 36.9651 -29.6513 0
    endloop
  endfacet
  facet normal -0 0 -1
    outer loop
      vertex 38 29.3 0
      vertex 24.8637 13.0353 0
      vertex 37.7781 29.3145 0
    endloop
  endfacet
  facet normal 0 0 -1
    outer loop
      vertex 23.8284 -14.8284 0
      vertex 36.9651 -29.6513 0
      vertex 36.7979 -29.7979 0
    endloop
  endfacet
  facet normal 0 0 -1
    outer loop
      vertex 24.6955 13.5307 0
      vertex 37.7781 29.3145 0
      vertex 24.8637 13.0353 0
    endloop
  endfacet
  facet normal 0 0 -1
    outer loop
      vertex 23.435 -15.1734 0
      vertex 36.7979 -29.7979 0
      vertex 36.6513 -29.9651 0
    endloop
  endfacet
  facet normal -0 0 -1
    outer loop
      vertex 37.7781 29.3145 0
      vertex 24.6955 13.5307 0
      vertex 37.56 29.3579 0
    endloop
  endfacet
  facet normal 0 0 -1
    outer loop
      vertex 23 -15.4641 0
      vertex 36.6513 -29.9651 0
      vertex 36.5278 -30.15 0
    endloop
  endfacet
  facet normal 0 0 -1
    outer loop
      vertex 24.4641 14 0
      vertex 37.56 29.3579 0
      vertex 24.6955 13.5307 0
    endloop
  endfacet
  facet normal 0 0 -1
    outer loop
      vertex 22.5307 -15.6955 0
      vertex 36.5278 -30.15 0
      vertex 36.4294 -30.3494 0
    endloop
  endfacet
  facet normal -0 0 -1
    outer loop
      vertex 37.56 29.3579 0
      vertex 24.4641 14 0
      vertex 37.3494 29.4294 0
    endloop
  endfacet
  facet normal 0 0 -1
    outer loop
      vertex 22.0353 -15.8637 0
      vertex 36.4294 -30.3494 0
      vertex 36.3579 -30.56 0
    endloop
  endfacet
  facet normal 0 0 -1
    outer loop
      vertex 24.1734 14.435 0
      vertex 37.3494 29.4294 0
      vertex 24.4641 14 0
    endloop
  endfacet
  facet normal 0 0 -1
    outer loop
      vertex 21.5221 -15.9658 0
      vertex 36.3579 -30.56 0
      vertex 36.3145 -30.7781 0
    endloop
  endfacet
  facet normal -0 0 -1
    outer loop
      vertex 37.3494 29.4294 0
      vertex 24.1734 14.435 0
      vertex 37.15 29.5278 0
    endloop
  endfacet
  facet normal 0 0 -1
    outer loop
      vertex 21.5221 -15.9658 0
      vertex 36.3145 -30.7781 0
      vertex 36.3 -31 0
    endloop
  endfacet
  facet normal -0 0 -1
    outer loop
      vertex 37.15 29.5278 0
      vertex 24.1734 14.435 0
      vertex 36.9651 29.6513 0
    endloop
  endfacet
  facet normal 0 0 -1
    outer loop
      vertex 38 32.7 0
      vertex 41.7781 78.3145 0
      vertex 38.2219 32.6855 0
    endloop
  endfacet
  facet normal -0 0 -1
    outer loop
      vertex 41.7781 78.3145 0
      vertex 38 32.7 0
      vertex 41.56 78.3579 0
    endloop
  endfacet
  facet normal 0 0 -1
    outer loop
      vertex 37.7781 32.6855 0
      vertex 41.56 78.3579 0
      vertex 38 32.7 0
    endloop
  endfacet
  facet normal -0 0 -1
    outer loop
      vertex 41.56 78.3579 0
      vertex 37.7781 32.6855 0
      vertex 41.3494 78.4294 0
    endloop
  endfacet
  facet normal 0 0 -1
    outer loop
      vertex 37.56 32.6421 0
      vertex 41.3494 78.4294 0
      vertex 37.7781 32.6855 0
    endloop
  endfacet
  facet normal -0 0 -1
    outer loop
      vertex 41.3494 78.4294 0
      vertex 37.56 32.6421 0
      vertex 41.15 78.5278 0
    endloop
  endfacet
  facet normal 0 0 -1
    outer loop
      vertex 8.0307 68.9427 0
      vertex 41.15 78.5278 0
      vertex 37.56 32.6421 0
    endloop
  endfacet
  facet normal 0 0 -1
    outer loop
      vertex 8.0307 68.9427 0
      vertex 40.9651 78.6513 0
      vertex 41.15 78.5278 0
    endloop
  endfacet
  facet normal 0 0 -1
    outer loop
      vertex 8.0307 68.9427 0
      vertex 40.7979 78.7979 0
      vertex 40.9651 78.6513 0
    endloop
  endfacet
  facet normal 0 0 -1
    outer loop
      vertex 8.0307 68.9427 0
      vertex 40.6513 78.9651 0
      vertex 40.7979 78.7979 0
    endloop
  endfacet
  facet normal -0 0 -1
    outer loop
      vertex 40.6513 78.9651 0
      vertex 8.1 70 0
      vertex 40.5278 79.15 0
    endloop
  endfacet
  facet normal -0 0 -1
    outer loop
      vertex 40.5278 79.15 0
      vertex 8.1 70 0
      vertex 40.4294 79.3494 0
    endloop
  endfacet
  facet normal 0 0 -1
    outer loop
      vertex 8.0307 71.0573 0
      vertex 40.4294 79.3494 0
      vertex 8.1 70 0
    endloop
  endfacet
  facet normal -0 0 -1
    outer loop
      vertex 40.4294 79.3494 0
      vertex 8.0307 71.0573 0
      vertex 40.3579 79.56 0
    endloop
  endfacet
  facet normal 0 0 -1
    outer loop
      vertex 7.824 72.0964 0
      vertex 40.3579 79.56 0
      vertex 8.0307 71.0573 0
    endloop
  endfacet
  facet normal 0 0 -1
    outer loop
      vertex 8.0307 68.9427 0
      vertex 37.56 32.6421 0
      vertex 37.3494 32.5706 0
    endloop
  endfacet
  facet normal 0 0 -1
    outer loop
      vertex 8.0307 68.9427 0
      vertex 37.3494 32.5706 0
      vertex 37.15 32.4722 0
    endloop
  endfacet
  facet normal 0 0 -1
    outer loop
      vertex 8.0307 68.9427 0
      vertex 37.15 32.4722 0
      vertex 36.9651 32.3487 0
    endloop
  endfacet
  facet normal 0 0 -1
    outer loop
      vertex 8.0307 68.9427 0
      vertex 36.9651 32.3487 0
      vertex 36.7979 32.2021 0
    endloop
  endfacet
  facet normal 0 0 -1
    outer loop
      vertex 8.0307 68.9427 0
      vertex 36.7979 32.2021 0
      vertex 36.6513 32.0349 0
    endloop
  endfacet
  facet normal 0 0 -1
    outer loop
      vertex 8.0307 68.9427 0
      vertex 36.6513 32.0349 0
      vertex 36.5278 31.85 0
    endloop
  endfacet
  facet normal 0 0 -1
    outer loop
      vertex 8.0307 68.9427 0
      vertex 36.5278 31.85 0
      vertex 36.4294 31.6506 0
    endloop
  endfacet
  facet normal 0 0 -1
    outer loop
      vertex 21 16 0
      vertex 36.4294 31.6506 0
      vertex 36.3579 31.44 0
    endloop
  endfacet
  facet normal 0 0 -1
    outer loop
      vertex 21 16 0
      vertex 36.3579 31.44 0
      vertex 36.3145 31.2219 0
    endloop
  endfacet
  facet normal 0 0 -1
    outer loop
      vertex 21 16 0
      vertex 36.3145 31.2219 0
      vertex 36.3 31 0
    endloop
  endfacet
  facet normal -0 0 -1
    outer loop
      vertex 36.9651 29.6513 0
      vertex 23.8284 14.8284 0
      vertex 36.7979 29.7979 0
    endloop
  endfacet
  facet normal 0 0 -1
    outer loop
      vertex 23.435 15.1734 0
      vertex 36.7979 29.7979 0
      vertex 23.8284 14.8284 0
    endloop
  endfacet
  facet normal -0 0 -1
    outer loop
      vertex 36.7979 29.7979 0
      vertex 23.435 15.1734 0
      vertex 36.6513 29.9651 0
    endloop
  endfacet
  facet normal 0 0 -1
    outer loop
      vertex 23 15.4641 0
      vertex 36.6513 29.9651 0
      vertex 23.435 15.1734 0
    endloop
  endfacet
  facet normal -0 0 -1
    outer loop
      vertex 36.6513 29.9651 0
      vertex 23 15.4641 0
      vertex 36.5278 30.15 0
    endloop
  endfacet
  facet normal 0 0 -1
    outer loop
      vertex 22.5307 15.6955 0
      vertex 36.5278 30.15 0
      vertex 23 15.4641 0
    endloop
  endfacet
  facet normal -0 0 -1
    outer loop
      vertex 36.5278 30.15 0
      vertex 22.5307 15.6955 0
      vertex 36.4294 30.3494 0
    endloop
  endfacet
  facet normal 0 0 -1
    outer loop
      vertex 22.0353 15.8637 0
      vertex 36.4294 30.3494 0
      vertex 22.5307 15.6955 0
    endloop
  endfacet
  facet normal -0 0 -1
    outer loop
      vertex 36.4294 30.3494 0
      vertex 22.0353 15.8637 0
      vertex 36.3579 30.56 0
    endloop
  endfacet
  facet normal 0 0 -1
    outer loop
      vertex 21.5221 15.9658 0
      vertex 36.3579 30.56 0
      vertex 22.0353 15.8637 0
    endloop
  endfacet
  facet normal -0 0 -1
    outer loop
      vertex 36.3579 30.56 0
      vertex 21.5221 15.9658 0
      vertex 36.3145 30.7781 0
    endloop
  endfacet
  facet normal -0 0 -1
    outer loop
      vertex 36.3145 30.7781 0
      vertex 21.5221 15.9658 0
      vertex 36.3 31 0
    endloop
  endfacet
  facet normal 0 0 -1
    outer loop
      vertex 21 16 0
      vertex 36.3 31 0
      vertex 21.5221 15.9658 0
    endloop
  endfacet
  facet normal 0 0 -1
    outer loop
      vertex 3.09974 62.5166 0
      vertex 36.4294 31.6506 0
      vertex 21 16 0
    endloop
  endfacet
  facet normal -0 0 -1
    outer loop
      vertex 40.3579 79.56 0
      vertex 7.824 72.0964 0
      vertex 40.3145 79.7781 0
    endloop
  endfacet
  facet normal 0 0 -1
    outer loop
      vertex 7.48342 73.0997 0
      vertex 40.3145 79.7781 0
      vertex 7.824 72.0964 0
    endloop
  endfacet
  facet normal -0 0 -1
    outer loop
      vertex 40.3145 79.7781 0
      vertex 7.48342 73.0997 0
      vertex 40.3 80 0
    endloop
  endfacet
  facet normal 0 0 -1
    outer loop
      vertex 7.0148 74.05 0
      vertex 40.3 80 0
      vertex 7.48342 73.0997 0
    endloop
  endfacet
  facet normal -0 0 -1
    outer loop
      vertex 40.3 80 0
      vertex 7.0148 74.05 0
      vertex 40 88 0
    endloop
  endfacet
  facet normal 0 0 -1
    outer loop
      vertex 6.42616 74.931 0
      vertex 40 88 0
      vertex 7.0148 74.05 0
    endloop
  endfacet
  facet normal 0 0 -1
    outer loop
      vertex 5.72756 75.7276 0
      vertex 40 88 0
      vertex 6.42616 74.931 0
    endloop
  endfacet
  facet normal 0 0 -1
    outer loop
      vertex 4.93097 76.4262 0
      vertex 40 88 0
      vertex 5.72756 75.7276 0
    endloop
  endfacet
  facet normal 0 0 -1
    outer loop
      vertex 4.05 77.0148 0
      vertex 40 88 0
      vertex 4.93097 76.4262 0
    endloop
  endfacet
  facet normal 0 0 -1
    outer loop
      vertex 3.09974 77.4834 0
      vertex 40 88 0
      vertex 4.05 77.0148 0
    endloop
  endfacet
  facet normal 0 0 -1
    outer loop
      vertex 2.09643 77.824 0
      vertex 40 88 0
      vertex 3.09974 77.4834 0
    endloop
  endfacet
  facet normal 0 0 -1
    outer loop
      vertex 1.05726 78.0307 0
      vertex 40 88 0
      vertex 2.09643 77.824 0
    endloop
  endfacet
  facet normal 0 0 -1
    outer loop
      vertex 0 78.1 0
      vertex 40 88 0
      vertex 1.05726 78.0307 0
    endloop
  endfacet
  facet normal 0 0 -1
    outer loop
      vertex -40 88 0
      vertex 0 78.1 0
      vertex -1.05726 78.0307 0
    endloop
  endfacet
  facet normal 0 0 -1
    outer loop
      vertex -40 88 0
      vertex -1.05726 78.0307 0
      vertex -2.09643 77.824 0
    endloop
  endfacet
  facet normal 0 0 -1
    outer loop
      vertex -37.15 32.4722 0
      vertex -6.42616 65.069 0
      vertex -36.9651 32.3487 0
    endloop
  endfacet
  facet normal -0 0 -1
    outer loop
      vertex -6.42616 65.069 0
      vertex -37.15 32.4722 0
      vertex -7.0148 65.95 0
    endloop
  endfacet
  facet normal 0 0 -1
    outer loop
      vertex -36.3 31 0
      vertex -21 16 0
      vertex -21.5221 15.9658 0
    endloop
  endfacet
  facet normal 0 0 -1
    outer loop
      vertex -36.3 31 0
      vertex -21.5221 15.9658 0
      vertex -22.0353 15.8637 0
    endloop
  endfacet
  facet normal 0 0 -1
    outer loop
      vertex -36.3 31 0
      vertex -22.0353 15.8637 0
      vertex -22.5307 15.6955 0
    endloop
  endfacet
  facet normal 0 0 -1
    outer loop
      vertex -36.3 31 0
      vertex -22.5307 15.6955 0
      vertex -23 15.4641 0
    endloop
  endfacet
  facet normal 0 0 -1
    outer loop
      vertex -36.3 31 0
      vertex -23 15.4641 0
      vertex -23.435 15.1734 0
    endloop
  endfacet
  facet normal 0 0 -1
    outer loop
      vertex -36.3 31 0
      vertex -23.435 15.1734 0
      vertex -23.8284 14.8284 0
    endloop
  endfacet
  facet normal 0 0 -1
    outer loop
      vertex -36.3 31 0
      vertex -23.8284 14.8284 0
      vertex -24.1734 14.435 0
    endloop
  endfacet
  facet normal 0 0 -1
    outer loop
      vertex -36.3 31 0
      vertex -24.1734 14.435 0
      vertex -24.4641 14 0
    endloop
  endfacet
  facet normal 0 0 -1
    outer loop
      vertex -36.3 31 0
      vertex -24.4641 14 0
      vertex -24.6955 13.5307 0
    endloop
  endfacet
  facet normal 0 0 -1
    outer loop
      vertex -36.3 31 0
      vertex -24.6955 13.5307 0
      vertex -24.8637 13.0353 0
    endloop
  endfacet
  facet normal -0 0 -1
    outer loop
      vertex -23.8284 -14.8284 0
      vertex -36.9651 -29.6513 0
      vertex -24.1734 -14.435 0
    endloop
  endfacet
  facet normal 0 0 -1
    outer loop
      vertex -25 12 0
      vertex -36.3 31 0
      vertex -24.9658 12.5221 0
    endloop
  endfacet
  facet normal 0 0 -1
    outer loop
      vertex -24.9658 12.5221 0
      vertex -36.3 31 0
      vertex -24.8637 13.0353 0
    endloop
  endfacet
  facet normal 0 0 -1
    outer loop
      vertex -21 16 0
      vertex -36.3 31 0
      vertex -36.3145 31.2219 0
    endloop
  endfacet
  facet normal 0 0 -1
    outer loop
      vertex -21 16 0
      vertex -36.3145 31.2219 0
      vertex -36.3579 31.44 0
    endloop
  endfacet
  facet normal 0 0 -1
    outer loop
      vertex -21 16 0
      vertex -36.3579 31.44 0
      vertex -36.4294 31.6506 0
    endloop
  endfacet
  facet normal 0 0 -1
    outer loop
      vertex -37.3494 32.5706 0
      vertex -7.0148 65.95 0
      vertex -37.15 32.4722 0
    endloop
  endfacet
  facet normal -0 0 -1
    outer loop
      vertex -7.0148 65.95 0
      vertex -37.3494 32.5706 0
      vertex -7.48342 66.9003 0
    endloop
  endfacet
  facet normal 0 0 -1
    outer loop
      vertex -37.56 32.6421 0
      vertex -7.48342 66.9003 0
      vertex -37.3494 32.5706 0
    endloop
  endfacet
  facet normal 0 0 -1
    outer loop
      vertex -37.7781 32.6855 0
      vertex -7.48342 66.9003 0
      vertex -37.56 32.6421 0
    endloop
  endfacet
  facet normal -0 0 -1
    outer loop
      vertex -7.48342 66.9003 0
      vertex -37.7781 32.6855 0
      vertex -7.824 67.9036 0
    endloop
  endfacet
  facet normal 0 0 -1
    outer loop
      vertex -40 88 0
      vertex -7.824 67.9036 0
      vertex -37.7781 32.6855 0
    endloop
  endfacet
  facet normal 0 0 -1
    outer loop
      vertex -7.824 67.9036 0
      vertex -40 88 0
      vertex -8.0307 68.9427 0
    endloop
  endfacet
  facet normal 0 0 -1
    outer loop
      vertex -8.0307 68.9427 0
      vertex -40 88 0
      vertex -8.1 70 0
    endloop
  endfacet
  facet normal 0 0 -1
    outer loop
      vertex -8.1 70 0
      vertex -40 88 0
      vertex -8.0307 71.0573 0
    endloop
  endfacet
  facet normal 0 0 -1
    outer loop
      vertex -8.0307 71.0573 0
      vertex -40 88 0
      vertex -7.824 72.0964 0
    endloop
  endfacet
  facet normal 0 0 -1
    outer loop
      vertex -7.48342 73.0997 0
      vertex -40 88 0
      vertex -7.0148 74.05 0
    endloop
  endfacet
  facet normal 0 0 -1
    outer loop
      vertex -7.824 72.0964 0
      vertex -40 88 0
      vertex -7.48342 73.0997 0
    endloop
  endfacet
  facet normal 0 0 -1
    outer loop
      vertex -40 88 0
      vertex -37.7781 32.6855 0
      vertex -38 32.7 0
    endloop
  endfacet
  facet normal 0 0 -1
    outer loop
      vertex -40 88 0
      vertex -38 32.7 0
      vertex -38.2219 32.6855 0
    endloop
  endfacet
  facet normal 0 0 -1
    outer loop
      vertex -40 88 0
      vertex -38.2219 32.6855 0
      vertex -38.44 32.6421 0
    endloop
  endfacet
  facet normal 0 0 -1
    outer loop
      vertex -40 88 0
      vertex -38.44 32.6421 0
      vertex -38.6506 32.5706 0
    endloop
  endfacet
  facet normal 0 0 -1
    outer loop
      vertex -40 88 0
      vertex -38.6506 32.5706 0
      vertex -38.85 32.4722 0
    endloop
  endfacet
  facet normal 0 0 -1
    outer loop
      vertex -40 88 0
      vertex -38.85 32.4722 0
      vertex -39.0349 32.3487 0
    endloop
  endfacet
  facet normal 0 0 -1
    outer loop
      vertex -40 88 0
      vertex -39.0349 32.3487 0
      vertex -39.2021 32.2021 0
    endloop
  endfacet
  facet normal 0 0 -1
    outer loop
      vertex -40 88 0
      vertex -39.2021 32.2021 0
      vertex -39.3487 32.0349 0
    endloop
  endfacet
  facet normal 0 0 -1
    outer loop
      vertex 0 78.1 0
      vertex -40 88 0
      vertex 40 88 0
    endloop
  endfacet
  facet normal 0 0 -1
    outer loop
      vertex -3.09974 77.4834 0
      vertex -40 88 0
      vertex -2.09643 77.824 0
    endloop
  endfacet
  facet normal 0 0 -1
    outer loop
      vertex -4.05 77.0148 0
      vertex -40 88 0
      vertex -3.09974 77.4834 0
    endloop
  endfacet
  facet normal 0 0 -1
    outer loop
      vertex -4.93097 76.4262 0
      vertex -40 88 0
      vertex -4.05 77.0148 0
    endloop
  endfacet
  facet normal 0 0 -1
    outer loop
      vertex -5.72756 75.7276 0
      vertex -40 88 0
      vertex -4.93097 76.4262 0
    endloop
  endfacet
  facet normal 0 0 -1
    outer loop
      vertex -6.42616 74.931 0
      vertex -40 88 0
      vertex -5.72756 75.7276 0
    endloop
  endfacet
  facet normal 0 0 -1
    outer loop
      vertex -7.0148 74.05 0
      vertex -40 88 0
      vertex -6.42616 74.931 0
    endloop
  endfacet
  facet normal 0 0 -1
    outer loop
      vertex -39.4722 31.85 0
      vertex -40 88 0
      vertex -39.3487 32.0349 0
    endloop
  endfacet
  facet normal 0 0 -1
    outer loop
      vertex -39.5706 31.6506 0
      vertex -40 88 0
      vertex -39.4722 31.85 0
    endloop
  endfacet
  facet normal 0 0 -1
    outer loop
      vertex -39.6421 31.44 0
      vertex -40 88 0
      vertex -39.5706 31.6506 0
    endloop
  endfacet
  facet normal 0 0 -1
    outer loop
      vertex -39.6855 31.2219 0
      vertex -40 88 0
      vertex -39.6421 31.44 0
    endloop
  endfacet
  facet normal 0 0 -1
    outer loop
      vertex -39.7 31 0
      vertex -40 88 0
      vertex -39.6855 31.2219 0
    endloop
  endfacet
  facet normal 0 0 -1
    outer loop
      vertex -42 -78.3 0
      vertex -38.2219 -32.6855 0
      vertex -41.7781 -78.3145 0
    endloop
  endfacet
  facet normal 0 0 -1
    outer loop
      vertex -41.7781 1.68546 0
      vertex -38.2219 29.3145 0
      vertex -41.56 1.64207 0
    endloop
  endfacet
  facet normal 0 0 -1
    outer loop
      vertex -40 -88 0
      vertex -40.3145 -80.2219 0
      vertex -40.3 -80 0
    endloop
  endfacet
  facet normal 0 0 -1
    outer loop
      vertex -40 -88 0
      vertex -40.3579 -80.44 0
      vertex -40.3145 -80.2219 0
    endloop
  endfacet
  facet normal 0 0 -1
    outer loop
      vertex -40 -88 0
      vertex -40.4294 -80.6506 0
      vertex -40.3579 -80.44 0
    endloop
  endfacet
  facet normal 0 0 -1
    outer loop
      vertex -40 -88 0
      vertex -40.5278 -80.85 0
      vertex -40.4294 -80.6506 0
    endloop
  endfacet
  facet normal 0 0 -1
    outer loop
      vertex -40 -88 0
      vertex -40.6513 -81.0349 0
      vertex -40.5278 -80.85 0
    endloop
  endfacet
  facet normal 0 0 -1
    outer loop
      vertex -40 -88 0
      vertex -40.7979 -81.2021 0
      vertex -40.6513 -81.0349 0
    endloop
  endfacet
  facet normal 0 0 -1
    outer loop
      vertex -40 -88 0
      vertex -40.9651 -81.3487 0
      vertex -40.7979 -81.2021 0
    endloop
  endfacet
  facet normal 0 0 -1
    outer loop
      vertex -41.3494 -81.5706 0
      vertex -40 -88 0
      vertex -41.0442 -87.9316 0
    endloop
  endfacet
  facet normal 0 0 -1
    outer loop
      vertex -40 -88 0
      vertex -41.15 -81.4722 0
      vertex -40.9651 -81.3487 0
    endloop
  endfacet
  facet normal 0 0 -1
    outer loop
      vertex -40 -88 0
      vertex -41.3494 -81.5706 0
      vertex -41.15 -81.4722 0
    endloop
  endfacet
  facet normal 0 0 -1
    outer loop
      vertex -41.0442 -87.9316 0
      vertex -41.56 -81.6421 0
      vertex -41.3494 -81.5706 0
    endloop
  endfacet
  facet normal 0 0 -1
    outer loop
      vertex -42.0706 -87.7274 0
      vertex -41.56 -81.6421 0
      vertex -41.0442 -87.9316 0
    endloop
  endfacet
  facet normal 0 0 -1
    outer loop
      vertex -41.56 -81.6421 0
      vertex -42.0706 -87.7274 0
      vertex -41.7781 -81.6855 0
    endloop
  endfacet
  facet normal 0 0 -1
    outer loop
      vertex -43.0615 -87.391 0
      vertex -41.7781 -81.6855 0
      vertex -42.0706 -87.7274 0
    endloop
  endfacet
  facet normal 0 0 -1
    outer loop
      vertex -41.7781 -81.6855 0
      vertex -43.0615 -87.391 0
      vertex -42 -81.7 0
    endloop
  endfacet
  facet normal 0 0 -1
    outer loop
      vertex -44 -86.9282 0
      vertex -42 -81.7 0
      vertex -43.0615 -87.391 0
    endloop
  endfacet
  facet normal -0 0 -1
    outer loop
      vertex -42 -81.7 0
      vertex -44 -86.9282 0
      vertex -42.2219 -81.6855 0
    endloop
  endfacet
  facet normal -0 0 -1
    outer loop
      vertex -42.2219 -81.6855 0
      vertex -44 -86.9282 0
      vertex -42.44 -81.6421 0
    endloop
  endfacet
  facet normal -0 0 -1
    outer loop
      vertex -42.44 -81.6421 0
      vertex -44 -86.9282 0
      vertex -42.6506 -81.5706 0
    endloop
  endfacet
  facet normal -0 0 -1
    outer loop
      vertex -42.6506 -81.5706 0
      vertex -44 -86.9282 0
      vertex -42.85 -81.4722 0
    endloop
  endfacet
  facet normal -0 0 -1
    outer loop
      vertex -42.85 -81.4722 0
      vertex -44 -86.9282 0
      vertex -43.0349 -81.3487 0
    endloop
  endfacet
  facet normal -0 0 -1
    outer loop
      vertex -43.0349 -81.3487 0
      vertex -44 -86.9282 0
      vertex -43.2021 -81.2021 0
    endloop
  endfacet
  facet normal -0 0 -1
    outer loop
      vertex -43.2021 -81.2021 0
      vertex -44 -86.9282 0
      vertex -43.3487 -81.0349 0
    endloop
  endfacet
  facet normal 0 0 -1
    outer loop
      vertex -48 -80 0
      vertex -43.3487 -81.0349 0
      vertex -44 -86.9282 0
    endloop
  endfacet
  facet normal 0 0 -1
    outer loop
      vertex -43.3487 -81.0349 0
      vertex -48 -80 0
      vertex -43.4722 -80.85 0
    endloop
  endfacet
  facet normal 0 0 -1
    outer loop
      vertex -43.4722 -80.85 0
      vertex -48 -80 0
      vertex -43.5706 -80.6506 0
    endloop
  endfacet
  facet normal 0 0 -1
    outer loop
      vertex -43.6855 -80.2219 0
      vertex -48 -80 0
      vertex -43.7 -80 0
    endloop
  endfacet
  facet normal -0 0 -1
    outer loop
      vertex -43.6855 -0.221894 0
      vertex -48 -80 0
      vertex -43.7 0 0
    endloop
  endfacet
  facet normal 0 0 -1
    outer loop
      vertex -43.6421 -80.44 0
      vertex -48 -80 0
      vertex -43.6855 -80.2219 0
    endloop
  endfacet
  facet normal 0 0 -1
    outer loop
      vertex -43.5706 -80.6506 0
      vertex -48 -80 0
      vertex -43.6421 -80.44 0
    endloop
  endfacet
  facet normal 0 0 -1
    outer loop
      vertex 43.6421 0.439992 0
      vertex 48 80 0
      vertex 43.6855 0.221894 0
    endloop
  endfacet
  facet normal -0 0 -1
    outer loop
      vertex 48 80 0
      vertex 43.6855 79.7781 0
      vertex 43.7 80 0
    endloop
  endfacet
  facet normal 0 0 -1
    outer loop
      vertex 39.7 31 0
      vertex 43.6421 0.439992 0
      vertex 43.5706 0.650561 0
    endloop
  endfacet
  facet normal 0 0 -1
    outer loop
      vertex 48 80 0
      vertex 43.6421 79.56 0
      vertex 43.6855 79.7781 0
    endloop
  endfacet
  facet normal 0 0 -1
    outer loop
      vertex 39.7 31 0
      vertex 43.5706 0.650561 0
      vertex 43.4722 0.849999 0
    endloop
  endfacet
  facet normal 0 0 -1
    outer loop
      vertex 48 80 0
      vertex 43.5706 79.3494 0
      vertex 43.6421 79.56 0
    endloop
  endfacet
  facet normal 0 0 -1
    outer loop
      vertex 39.7 31 0
      vertex 43.4722 0.849999 0
      vertex 43.3487 1.03489 0
    endloop
  endfacet
  facet normal 0 0 -1
    outer loop
      vertex 48 80 0
      vertex 43.4722 79.15 0
      vertex 43.5706 79.3494 0
    endloop
  endfacet
  facet normal 0 0 -1
    outer loop
      vertex 39.7 31 0
      vertex 43.3487 1.03489 0
      vertex 43.2021 1.20208 0
    endloop
  endfacet
  facet normal 0 0 -1
    outer loop
      vertex 48 80 0
      vertex 43.3487 78.9651 0
      vertex 43.4722 79.15 0
    endloop
  endfacet
  facet normal 0 0 -1
    outer loop
      vertex 39.7 31 0
      vertex 43.2021 1.20208 0
      vertex 43.0349 1.3487 0
    endloop
  endfacet
  facet normal 0 0 -1
    outer loop
      vertex 48 80 0
      vertex 43.2021 78.7979 0
      vertex 43.3487 78.9651 0
    endloop
  endfacet
  facet normal 0 0 -1
    outer loop
      vertex 39.7 31 0
      vertex 43.0349 1.3487 0
      vertex 42.85 1.47224 0
    endloop
  endfacet
  facet normal 0 0 -1
    outer loop
      vertex 48 80 0
      vertex 43.0349 78.6513 0
      vertex 43.2021 78.7979 0
    endloop
  endfacet
  facet normal 0 0 -1
    outer loop
      vertex 39.7 31 0
      vertex 42.85 1.47224 0
      vertex 42.6506 1.57059 0
    endloop
  endfacet
  facet normal 0 0 -1
    outer loop
      vertex 48 80 0
      vertex 42.85 78.5278 0
      vertex 43.0349 78.6513 0
    endloop
  endfacet
  facet normal 0 0 -1
    outer loop
      vertex 43.6421 0.439992 0
      vertex 39.7 31 0
      vertex 48 80 0
    endloop
  endfacet
  facet normal 0 0 -1
    outer loop
      vertex 48 80 0
      vertex 42.6506 78.4294 0
      vertex 42.85 78.5278 0
    endloop
  endfacet
  facet normal 0 0 -1
    outer loop
      vertex 39.7 31 0
      vertex 42.6506 1.57059 0
      vertex 42.44 1.64207 0
    endloop
  endfacet
  facet normal 0 0 -1
    outer loop
      vertex 39.6855 31.2219 0
      vertex 48 80 0
      vertex 39.7 31 0
    endloop
  endfacet
  facet normal 0 0 -1
    outer loop
      vertex 39.7 31 0
      vertex 42.44 1.64207 0
      vertex 42.2219 1.68546 0
    endloop
  endfacet
  facet normal 0 0 -1
    outer loop
      vertex 39.6421 31.44 0
      vertex 48 80 0
      vertex 39.6855 31.2219 0
    endloop
  endfacet
  facet normal 0 0 -1
    outer loop
      vertex 39.7 31 0
      vertex 42.2219 1.68546 0
      vertex 42 1.7 0
    endloop
  endfacet
  facet normal 0 0 -1
    outer loop
      vertex 39.5706 31.6506 0
      vertex 48 80 0
      vertex 39.6421 31.44 0
    endloop
  endfacet
  facet normal 0 0 -1
    outer loop
      vertex 39.7 31 0
      vertex 42 1.7 0
      vertex 41.7781 1.68546 0
    endloop
  endfacet
  facet normal 0 0 -1
    outer loop
      vertex 39.4722 31.85 0
      vertex 48 80 0
      vertex 39.5706 31.6506 0
    endloop
  endfacet
  facet normal 0 0 -1
    outer loop
      vertex 39.7 31 0
      vertex 41.7781 1.68546 0
      vertex 41.56 1.64207 0
    endloop
  endfacet
  facet normal 0 0 -1
    outer loop
      vertex 39.3487 32.0349 0
      vertex 48 80 0
      vertex 39.4722 31.85 0
    endloop
  endfacet
  facet normal 0 0 -1
    outer loop
      vertex 39.7 31 0
      vertex 41.56 1.64207 0
      vertex 41.3494 1.57059 0
    endloop
  endfacet
  facet normal 0 0 -1
    outer loop
      vertex 39.2021 32.2021 0
      vertex 48 80 0
      vertex 39.3487 32.0349 0
    endloop
  endfacet
  facet normal 0 0 -1
    outer loop
      vertex 39.7 31 0
      vertex 41.3494 1.57059 0
      vertex 41.15 1.47224 0
    endloop
  endfacet
  facet normal 0 0 -1
    outer loop
      vertex 39.0349 32.3487 0
      vertex 48 80 0
      vertex 39.2021 32.2021 0
    endloop
  endfacet
  facet normal 0 0 -1
    outer loop
      vertex 39.7 31 0
      vertex 41.15 1.47224 0
      vertex 40.9651 1.3487 0
    endloop
  endfacet
  facet normal 0 0 -1
    outer loop
      vertex 38.85 32.4722 0
      vertex 48 80 0
      vertex 39.0349 32.3487 0
    endloop
  endfacet
  facet normal 0 0 -1
    outer loop
      vertex 39.7 31 0
      vertex 40.9651 1.3487 0
      vertex 40.7979 1.20208 0
    endloop
  endfacet
  facet normal 0 0 -1
    outer loop
      vertex 48 80 0
      vertex 38.85 32.4722 0
      vertex 42.6506 78.4294 0
    endloop
  endfacet
  facet normal 0 0 -1
    outer loop
      vertex 39.7 31 0
      vertex 40.7979 1.20208 0
      vertex 40.6513 1.03489 0
    endloop
  endfacet
  facet normal 0 0 -1
    outer loop
      vertex 42.6506 78.4294 0
      vertex 38.85 32.4722 0
      vertex 42.44 78.3579 0
    endloop
  endfacet
  facet normal 0 0 -1
    outer loop
      vertex 39.7 31 0
      vertex 40.6513 1.03489 0
      vertex 40.5278 0.849999 0
    endloop
  endfacet
  facet normal 0 0 -1
    outer loop
      vertex 38.6506 32.5706 0
      vertex 42.44 78.3579 0
      vertex 38.85 32.4722 0
    endloop
  endfacet
  facet normal 0 0 -1
    outer loop
      vertex 39.7 31 0
      vertex 40.5278 0.849999 0
      vertex 40.4294 0.650561 0
    endloop
  endfacet
  facet normal 0 0 -1
    outer loop
      vertex 42.44 78.3579 0
      vertex 38.6506 32.5706 0
      vertex 42.2219 78.3145 0
    endloop
  endfacet
  facet normal 0 0 -1
    outer loop
      vertex 39.7 31 0
      vertex 40.4294 0.650561 0
      vertex 40.3579 0.439992 0
    endloop
  endfacet
  facet normal 0 0 -1
    outer loop
      vertex 38.44 32.6421 0
      vertex 42.2219 78.3145 0
      vertex 38.6506 32.5706 0
    endloop
  endfacet
  facet normal 0 0 -1
    outer loop
      vertex 39.7 31 0
      vertex 40.3579 0.439992 0
      vertex 40.3145 0.221894 0
    endloop
  endfacet
  facet normal 0 0 -1
    outer loop
      vertex 42.2219 78.3145 0
      vertex 38.44 32.6421 0
      vertex 42 78.3 0
    endloop
  endfacet
  facet normal 0 0 -1
    outer loop
      vertex 39.7 31 0
      vertex 40.3145 0.221894 0
      vertex 40.3 0 0
    endloop
  endfacet
  facet normal 0 0 -1
    outer loop
      vertex 38.2219 32.6855 0
      vertex 42 78.3 0
      vertex 38.44 32.6421 0
    endloop
  endfacet
  facet normal 0 0 -1
    outer loop
      vertex 43.6421 -79.56 0
      vertex 48 -80 0
      vertex 43.6855 -79.7781 0
    endloop
  endfacet
  facet normal 0 0 -1
    outer loop
      vertex 48 -80 0
      vertex 43.6855 -0.221894 0
      vertex 43.7 0 0
    endloop
  endfacet
  facet normal 0 0 -1
    outer loop
      vertex 43.5706 -79.3494 0
      vertex 48 -80 0
      vertex 43.6421 -79.56 0
    endloop
  endfacet
  facet normal 0 0 -1
    outer loop
      vertex 48 -80 0
      vertex 43.6421 -0.439992 0
      vertex 43.6855 -0.221894 0
    endloop
  endfacet
  facet normal 0 0 -1
    outer loop
      vertex 43.4722 -79.15 0
      vertex 48 -80 0
      vertex 43.5706 -79.3494 0
    endloop
  endfacet
  facet normal 0 0 -1
    outer loop
      vertex 48 -80 0
      vertex 39.7 -31 0
      vertex 43.6421 -0.439992 0
    endloop
  endfacet
  facet normal 0 0 -1
    outer loop
      vertex 43.3487 -78.9651 0
      vertex 48 -80 0
      vertex 43.4722 -79.15 0
    endloop
  endfacet
  facet normal 0 0 -1
    outer loop
      vertex 43.6421 -0.439992 0
      vertex 39.7 -31 0
      vertex 43.5706 -0.650561 0
    endloop
  endfacet
  facet normal 0 0 -1
    outer loop
      vertex 43.2021 -78.7979 0
      vertex 48 -80 0
      vertex 43.3487 -78.9651 0
    endloop
  endfacet
  facet normal 0 0 -1
    outer loop
      vertex 39.6855 -30.7781 0
      vertex 43.5706 -0.650561 0
      vertex 39.7 -31 0
    endloop
  endfacet
  facet normal 0 0 -1
    outer loop
      vertex 43.0349 -78.6513 0
      vertex 48 -80 0
      vertex 43.2021 -78.7979 0
    endloop
  endfacet
  facet normal 0 0 -1
    outer loop
      vertex 43.5706 -0.650561 0
      vertex 39.6855 -30.7781 0
      vertex 43.4722 -0.849999 0
    endloop
  endfacet
  facet normal 0 0 -1
    outer loop
      vertex 42.85 -78.5278 0
      vertex 48 -80 0
      vertex 43.0349 -78.6513 0
    endloop
  endfacet
  facet normal 0 0 -1
    outer loop
      vertex 39.6421 -30.56 0
      vertex 43.4722 -0.849999 0
      vertex 39.6855 -30.7781 0
    endloop
  endfacet
  facet normal 0 0 -1
    outer loop
      vertex 42.6506 -78.4294 0
      vertex 48 -80 0
      vertex 42.85 -78.5278 0
    endloop
  endfacet
  facet normal 0 0 -1
    outer loop
      vertex 43.4722 -0.849999 0
      vertex 39.6421 -30.56 0
      vertex 43.3487 -1.03489 0
    endloop
  endfacet
  facet normal 0 0 -1
    outer loop
      vertex 38.85 -32.4722 0
      vertex 48 -80 0
      vertex 42.6506 -78.4294 0
    endloop
  endfacet
  facet normal 0 0 -1
    outer loop
      vertex 39.5706 -30.3494 0
      vertex 43.3487 -1.03489 0
      vertex 39.6421 -30.56 0
    endloop
  endfacet
  facet normal 0 0 -1
    outer loop
      vertex 38.85 -32.4722 0
      vertex 42.6506 -78.4294 0
      vertex 42.44 -78.3579 0
    endloop
  endfacet
  facet normal 0 0 -1
    outer loop
      vertex 43.3487 -1.03489 0
      vertex 39.5706 -30.3494 0
      vertex 43.2021 -1.20208 0
    endloop
  endfacet
  facet normal 0 0 -1
    outer loop
      vertex 38.6506 -32.5706 0
      vertex 42.44 -78.3579 0
      vertex 42.2219 -78.3145 0
    endloop
  endfacet
  facet normal 0 0 -1
    outer loop
      vertex 39.4722 -30.15 0
      vertex 43.2021 -1.20208 0
      vertex 39.5706 -30.3494 0
    endloop
  endfacet
  facet normal 0 0 -1
    outer loop
      vertex 38.44 -32.6421 0
      vertex 42.2219 -78.3145 0
      vertex 42 -78.3 0
    endloop
  endfacet
  facet normal 0 0 -1
    outer loop
      vertex 43.2021 -1.20208 0
      vertex 39.4722 -30.15 0
      vertex 43.0349 -1.3487 0
    endloop
  endfacet
  facet normal 0 0 -1
    outer loop
      vertex 38.2219 -32.6855 0
      vertex 42 -78.3 0
      vertex 41.7781 -78.3145 0
    endloop
  endfacet
  facet normal 0 0 -1
    outer loop
      vertex 39.3487 -29.9651 0
      vertex 43.0349 -1.3487 0
      vertex 39.4722 -30.15 0
    endloop
  endfacet
  facet normal 0 0 -1
    outer loop
      vertex 38 -32.7 0
      vertex 41.7781 -78.3145 0
      vertex 41.56 -78.3579 0
    endloop
  endfacet
  facet normal 0 0 -1
    outer loop
      vertex 43.0349 -1.3487 0
      vertex 39.3487 -29.9651 0
      vertex 42.85 -1.47224 0
    endloop
  endfacet
  facet normal 0 0 -1
    outer loop
      vertex 37.7781 -32.6855 0
      vertex 41.56 -78.3579 0
      vertex 41.3494 -78.4294 0
    endloop
  endfacet
  facet normal 0 0 -1
    outer loop
      vertex 39.2021 -29.7979 0
      vertex 42.85 -1.47224 0
      vertex 39.3487 -29.9651 0
    endloop
  endfacet
  facet normal 0 0 -1
    outer loop
      vertex 37.56 -32.6421 0
      vertex 41.3494 -78.4294 0
      vertex 41.15 -78.5278 0
    endloop
  endfacet
  facet normal 0 0 -1
    outer loop
      vertex 42.85 -1.47224 0
      vertex 39.2021 -29.7979 0
      vertex 42.6506 -1.57059 0
    endloop
  endfacet
  facet normal 0 0 -1
    outer loop
      vertex 37.3494 -32.5706 0
      vertex 41.15 -78.5278 0
      vertex 40.9651 -78.6513 0
    endloop
  endfacet
  facet normal 0 0 -1
    outer loop
      vertex 39.0349 -29.6513 0
      vertex 42.6506 -1.57059 0
      vertex 39.2021 -29.7979 0
    endloop
  endfacet
  facet normal 0 0 -1
    outer loop
      vertex 37.15 -32.4722 0
      vertex 40.9651 -78.6513 0
      vertex 40.7979 -78.7979 0
    endloop
  endfacet
  facet normal 0 0 -1
    outer loop
      vertex 42.6506 -1.57059 0
      vertex 39.0349 -29.6513 0
      vertex 42.44 -1.64207 0
    endloop
  endfacet
  facet normal 0 0 -1
    outer loop
      vertex 36.9651 -32.3487 0
      vertex 40.7979 -78.7979 0
      vertex 40.6513 -78.9651 0
    endloop
  endfacet
  facet normal 0 0 -1
    outer loop
      vertex 38.85 -29.5278 0
      vertex 42.44 -1.64207 0
      vertex 39.0349 -29.6513 0
    endloop
  endfacet
  facet normal 0 0 -1
    outer loop
      vertex 36.7979 -32.2021 0
      vertex 40.6513 -78.9651 0
      vertex 40.5278 -79.15 0
    endloop
  endfacet
  facet normal 0 0 -1
    outer loop
      vertex 42.44 -1.64207 0
      vertex 38.85 -29.5278 0
      vertex 42.2219 -1.68546 0
    endloop
  endfacet
  facet normal 0 0 -1
    outer loop
      vertex -40.4294 -79.3494 0
      vertex 40.5278 -79.15 0
      vertex 40.4294 -79.3494 0
    endloop
  endfacet
  facet normal 0 0 -1
    outer loop
      vertex 38.6506 -29.4294 0
      vertex 42.2219 -1.68546 0
      vertex 38.85 -29.5278 0
    endloop
  endfacet
  facet normal 0 0 -1
    outer loop
      vertex -40.3145 -79.7781 0
      vertex 40.3145 -79.7781 0
      vertex -40.3 -80 0
    endloop
  endfacet
  facet normal 0 0 -1
    outer loop
      vertex 42.2219 -1.68546 0
      vertex 38.6506 -29.4294 0
      vertex 42 -1.7 0
    endloop
  endfacet
  facet normal 0 0 -1
    outer loop
      vertex 40.3 -80 0
      vertex -40.3 -80 0
      vertex 40.3145 -79.7781 0
    endloop
  endfacet
  facet normal 0 0 -1
    outer loop
      vertex 38.44 -29.3579 0
      vertex 42 -1.7 0
      vertex 38.6506 -29.4294 0
    endloop
  endfacet
  facet normal 0 0 -1
    outer loop
      vertex -40.3 -80 0
      vertex 40.3 -80 0
      vertex -40 -88 0
    endloop
  endfacet
  facet normal -0 0 -1
    outer loop
      vertex 42 -1.7 0
      vertex 38.44 -29.3579 0
      vertex 41.7781 -1.68546 0
    endloop
  endfacet
  facet normal 0 0 -1
    outer loop
      vertex 43.6855 -80.2219 0
      vertex 48 -80 0
      vertex 47.9316 -81.0442 0
    endloop
  endfacet
  facet normal 0 0 -1
    outer loop
      vertex 48 -80 0
      vertex 43.7 0 0
      vertex 48 80 0
    endloop
  endfacet
  facet normal 0 0 -1
    outer loop
      vertex 43.6421 -80.44 0
      vertex 47.9316 -81.0442 0
      vertex 47.7274 -82.0706 0
    endloop
  endfacet
  facet normal 0 0 -1
    outer loop
      vertex 43.6855 0.221894 0
      vertex 48 80 0
      vertex 43.7 0 0
    endloop
  endfacet
  facet normal 0 0 -1
    outer loop
      vertex 43.4722 -80.85 0
      vertex 47.7274 -82.0706 0
      vertex 47.391 -83.0615 0
    endloop
  endfacet
  facet normal 0 0 -1
    outer loop
      vertex 43.6855 80.2219 0
      vertex 48 80 0
      vertex 43.7 80 0
    endloop
  endfacet
  facet normal 0 0 -1
    outer loop
      vertex 43.3487 -81.0349 0
      vertex 47.391 -83.0615 0
      vertex 46.9282 -84 0
    endloop
  endfacet
  facet normal 0 0 -1
    outer loop
      vertex 48 80 0
      vertex 43.6855 80.2219 0
      vertex 47.9316 81.0442 0
    endloop
  endfacet
  facet normal 0 0 -1
    outer loop
      vertex 43.0349 -81.3487 0
      vertex 46.9282 -84 0
      vertex 46.3468 -84.8701 0
    endloop
  endfacet
  facet normal 0 0 -1
    outer loop
      vertex 43.6421 80.44 0
      vertex 47.9316 81.0442 0
      vertex 43.6855 80.2219 0
    endloop
  endfacet
  facet normal 0 0 -1
    outer loop
      vertex 42.85 -81.4722 0
      vertex 46.3468 -84.8701 0
      vertex 45.6569 -85.6569 0
    endloop
  endfacet
  facet normal -0 0 -1
    outer loop
      vertex 47.9316 81.0442 0
      vertex 43.6421 80.44 0
      vertex 47.7274 82.0705 0
    endloop
  endfacet
  facet normal 0 0 -1
    outer loop
      vertex 42.6506 -81.5706 0
      vertex 45.6569 -85.6569 0
      vertex 44.8701 -86.3468 0
    endloop
  endfacet
  facet normal 0 0 -1
    outer loop
      vertex 43.5706 80.6506 0
      vertex 47.7274 82.0705 0
      vertex 43.6421 80.44 0
    endloop
  endfacet
  facet normal 0 0 -1
    outer loop
      vertex 42.44 -81.6421 0
      vertex 44.8701 -86.3468 0
      vertex 44 -86.9282 0
    endloop
  endfacet
  facet normal 0 0 -1
    outer loop
      vertex 43.4722 80.85 0
      vertex 47.7274 82.0705 0
      vertex 43.5706 80.6506 0
    endloop
  endfacet
  facet normal 0 0 -1
    outer loop
      vertex 43.6855 -79.7781 0
      vertex 48 -80 0
      vertex 43.7 -80 0
    endloop
  endfacet
  facet normal -0 0 -1
    outer loop
      vertex 48 -80 0
      vertex 43.6855 -80.2219 0
      vertex 43.7 -80 0
    endloop
  endfacet
  facet normal 0 0 -1
    outer loop
      vertex 47.9316 -81.0442 0
      vertex 43.6421 -80.44 0
      vertex 43.6855 -80.2219 0
    endloop
  endfacet
  facet normal 0 0 -1
    outer loop
      vertex 47.7274 -82.0706 0
      vertex 43.5706 -80.6506 0
      vertex 43.6421 -80.44 0
    endloop
  endfacet
  facet normal 0 0 -1
    outer loop
      vertex 47.7274 -82.0706 0
      vertex 43.4722 -80.85 0
      vertex 43.5706 -80.6506 0
    endloop
  endfacet
  facet normal 0 0 -1
    outer loop
      vertex 47.391 -83.0615 0
      vertex 43.3487 -81.0349 0
      vertex 43.4722 -80.85 0
    endloop
  endfacet
  facet normal 0 0 -1
    outer loop
      vertex 46.9282 -84 0
      vertex 43.2021 -81.2021 0
      vertex 43.3487 -81.0349 0
    endloop
  endfacet
  facet normal 0 0 -1
    outer loop
      vertex 42 -81.7 0
      vertex 44 -86.9282 0
      vertex 43.0615 -87.391 0
    endloop
  endfacet
  facet normal 0 0 -1
    outer loop
      vertex 46.9282 -84 0
      vertex 43.0349 -81.3487 0
      vertex 43.2021 -81.2021 0
    endloop
  endfacet
  facet normal 0 0 -1
    outer loop
      vertex 46.3468 -84.8701 0
      vertex 42.85 -81.4722 0
      vertex 43.0349 -81.3487 0
    endloop
  endfacet
  facet normal 0 0 -1
    outer loop
      vertex 45.6569 -85.6569 0
      vertex 42.6506 -81.5706 0
      vertex 42.85 -81.4722 0
    endloop
  endfacet
  facet normal 0 0 -1
    outer loop
      vertex 44.8701 -86.3468 0
      vertex 42.44 -81.6421 0
      vertex 42.6506 -81.5706 0
    endloop
  endfacet
  facet normal 0 0 -1
    outer loop
      vertex 44 -86.9282 0
      vertex 42.2219 -81.6855 0
      vertex 42.44 -81.6421 0
    endloop
  endfacet
  facet normal 0 0 -1
    outer loop
      vertex 41.7781 -81.6855 0
      vertex 43.0615 -87.391 0
      vertex 42.0706 -87.7274 0
    endloop
  endfacet
  facet normal 0 0 -1
    outer loop
      vertex 44 -86.9282 0
      vertex 42 -81.7 0
      vertex 42.2219 -81.6855 0
    endloop
  endfacet
  facet normal 0 0 -1
    outer loop
      vertex 43.0615 -87.391 0
      vertex 41.7781 -81.6855 0
      vertex 42 -81.7 0
    endloop
  endfacet
  facet normal 0 0 -1
    outer loop
      vertex 42.0706 -87.7274 0
      vertex 41.56 -81.6421 0
      vertex 41.7781 -81.6855 0
    endloop
  endfacet
  facet normal 0 0 -1
    outer loop
      vertex 41.0442 -87.9316 0
      vertex 41.56 -81.6421 0
      vertex 42.0706 -87.7274 0
    endloop
  endfacet
  facet normal -0 0 -1
    outer loop
      vertex 41.56 -81.6421 0
      vertex 41.0442 -87.9316 0
      vertex 41.3494 -81.5706 0
    endloop
  endfacet
  facet normal 0 0 -1
    outer loop
      vertex 40 -88 0
      vertex 41.3494 -81.5706 0
      vertex 41.0442 -87.9316 0
    endloop
  endfacet
  facet normal -0 0 -1
    outer loop
      vertex 41.3494 -81.5706 0
      vertex 40 -88 0
      vertex 41.15 -81.4722 0
    endloop
  endfacet
  facet normal -0 0 -1
    outer loop
      vertex 41.15 -81.4722 0
      vertex 40 -88 0
      vertex 40.9651 -81.3487 0
    endloop
  endfacet
  facet normal -0 0 -1
    outer loop
      vertex 40.9651 -81.3487 0
      vertex 40 -88 0
      vertex 40.7979 -81.2021 0
    endloop
  endfacet
  facet normal -0 0 -1
    outer loop
      vertex 40.7979 -81.2021 0
      vertex 40 -88 0
      vertex 40.6513 -81.0349 0
    endloop
  endfacet
  facet normal -0 0 -1
    outer loop
      vertex 40.6513 -81.0349 0
      vertex 40 -88 0
      vertex 40.5278 -80.85 0
    endloop
  endfacet
  facet normal -0 0 -1
    outer loop
      vertex 40.5278 -80.85 0
      vertex 40 -88 0
      vertex 40.4294 -80.6506 0
    endloop
  endfacet
  facet normal -0 0 -1
    outer loop
      vertex 40.4294 -80.6506 0
      vertex 40 -88 0
      vertex 40.3579 -80.44 0
    endloop
  endfacet
  facet normal 0 0 -1
    outer loop
      vertex 38.2219 -29.3145 0
      vertex 41.7781 -1.68546 0
      vertex 38.44 -29.3579 0
    endloop
  endfacet
  facet normal 0 0 -1
    outer loop
      vertex -40 -88 0
      vertex 40.3 -80 0
      vertex 40 -88 0
    endloop
  endfacet
  facet normal -0 0 -1
    outer loop
      vertex 40.3145 -80.2219 0
      vertex 40 -88 0
      vertex 40.3 -80 0
    endloop
  endfacet
  facet normal -0 0 -1
    outer loop
      vertex 40.3579 -80.44 0
      vertex 40 -88 0
      vertex 40.3145 -80.2219 0
    endloop
  endfacet
  facet normal -0 0 -1
    outer loop
      vertex 47.7274 82.0705 0
      vertex 43.4722 80.85 0
      vertex 47.391 83.0615 0
    endloop
  endfacet
  facet normal 0 0 -1
    outer loop
      vertex 43.3487 81.0349 0
      vertex 47.391 83.0615 0
      vertex 43.4722 80.85 0
    endloop
  endfacet
  facet normal -0 0 -1
    outer loop
      vertex 47.391 83.0615 0
      vertex 43.3487 81.0349 0
      vertex 46.9282 84 0
    endloop
  endfacet
  facet normal 0 0 -1
    outer loop
      vertex 43.2021 81.2021 0
      vertex 46.9282 84 0
      vertex 43.3487 81.0349 0
    endloop
  endfacet
  facet normal 0 0 -1
    outer loop
      vertex 43.0349 81.3487 0
      vertex 46.9282 84 0
      vertex 43.2021 81.2021 0
    endloop
  endfacet
  facet normal -0 0 -1
    outer loop
      vertex 46.9282 84 0
      vertex 43.0349 81.3487 0
      vertex 46.3468 84.8701 0
    endloop
  endfacet
  facet normal 0 0 -1
    outer loop
      vertex 42.85 81.4722 0
      vertex 46.3468 84.8701 0
      vertex 43.0349 81.3487 0
    endloop
  endfacet
  facet normal -0 0 -1
    outer loop
      vertex 46.3468 84.8701 0
      vertex 42.85 81.4722 0
      vertex 45.6569 85.6569 0
    endloop
  endfacet
  facet normal 0 0 -1
    outer loop
      vertex 42.6506 81.5706 0
      vertex 45.6569 85.6569 0
      vertex 42.85 81.4722 0
    endloop
  endfacet
  facet normal -0 0 -1
    outer loop
      vertex 45.6569 85.6569 0
      vertex 42.6506 81.5706 0
      vertex 44.8701 86.3468 0
    endloop
  endfacet
  facet normal 0 0 -1
    outer loop
      vertex 42.44 81.6421 0
      vertex 44.8701 86.3468 0
      vertex 42.6506 81.5706 0
    endloop
  endfacet
  facet normal -0 0 -1
    outer loop
      vertex 44.8701 86.3468 0
      vertex 42.44 81.6421 0
      vertex 44 86.9282 0
    endloop
  endfacet
  facet normal 0 0 -1
    outer loop
      vertex 42.2219 81.6855 0
      vertex 44 86.9282 0
      vertex 42.44 81.6421 0
    endloop
  endfacet
  facet normal 0 0 -1
    outer loop
      vertex 42 81.7 0
      vertex 44 86.9282 0
      vertex 42.2219 81.6855 0
    endloop
  endfacet
  facet normal -0 0 -1
    outer loop
      vertex 44 86.9282 0
      vertex 42 81.7 0
      vertex 43.0615 87.391 0
    endloop
  endfacet
  facet normal 0 0 -1
    outer loop
      vertex 41.7781 81.6855 0
      vertex 43.0615 87.391 0
      vertex 42 81.7 0
    endloop
  endfacet
  facet normal -0 0 -1
    outer loop
      vertex 43.0615 87.391 0
      vertex 41.7781 81.6855 0
      vertex 42.0706 87.7274 0
    endloop
  endfacet
  facet normal 0 0 -1
    outer loop
      vertex 41.56 81.6421 0
      vertex 42.0706 87.7274 0
      vertex 41.7781 81.6855 0
    endloop
  endfacet
  facet normal 0 0 -1
    outer loop
      vertex 41.0442 87.9316 0
      vertex 41.56 81.6421 0
      vertex 41.3494 81.5706 0
    endloop
  endfacet
  facet normal 0 0 -1
    outer loop
      vertex 40 88 0
      vertex 41.3494 81.5706 0
      vertex 41.15 81.4722 0
    endloop
  endfacet
  facet normal 0 0 -1
    outer loop
      vertex 41.56 81.6421 0
      vertex 41.0442 87.9316 0
      vertex 42.0706 87.7274 0
    endloop
  endfacet
  facet normal 0 0 -1
    outer loop
      vertex 40 88 0
      vertex 41.15 81.4722 0
      vertex 40.9651 81.3487 0
    endloop
  endfacet
  facet normal 0 0 -1
    outer loop
      vertex 40 88 0
      vertex 40.9651 81.3487 0
      vertex 40.7979 81.2021 0
    endloop
  endfacet
  facet normal 0 0 -1
    outer loop
      vertex 40 88 0
      vertex 40.7979 81.2021 0
      vertex 40.6513 81.0349 0
    endloop
  endfacet
  facet normal 0 0 -1
    outer loop
      vertex 40 88 0
      vertex 40.6513 81.0349 0
      vertex 40.5278 80.85 0
    endloop
  endfacet
  facet normal 0 0 -1
    outer loop
      vertex 40 88 0
      vertex 40.5278 80.85 0
      vertex 40.4294 80.6506 0
    endloop
  endfacet
  facet normal 0 0 -1
    outer loop
      vertex 40 88 0
      vertex 40.4294 80.6506 0
      vertex 40.3579 80.44 0
    endloop
  endfacet
  facet normal 0 0 -1
    outer loop
      vertex 40 88 0
      vertex 40.3579 80.44 0
      vertex 40.3145 80.2219 0
    endloop
  endfacet
  facet normal 0 0 -1
    outer loop
      vertex 41.3494 81.5706 0
      vertex 40 88 0
      vertex 41.0442 87.9316 0
    endloop
  endfacet
  facet normal 0 0 -1
    outer loop
      vertex 40.3 80 0
      vertex 40 88 0
      vertex 40.3145 80.2219 0
    endloop
  endfacet
  facet normal -0 0 -1
    outer loop
      vertex 41.7781 -1.68546 0
      vertex 38.2219 -29.3145 0
      vertex 41.56 -1.64207 0
    endloop
  endfacet
  facet normal -0 0 -1
    outer loop
      vertex 42 78.3 0
      vertex 38.2219 32.6855 0
      vertex 41.7781 78.3145 0
    endloop
  endfacet
  facet normal 0 0 -1
    outer loop
      vertex 48 -80 0
      vertex 39.6855 -31.2219 0
      vertex 39.7 -31 0
    endloop
  endfacet
  facet normal 0 0 -1
    outer loop
      vertex 48 -80 0
      vertex 39.6421 -31.44 0
      vertex 39.6855 -31.2219 0
    endloop
  endfacet
  facet normal 0 0 -1
    outer loop
      vertex 48 -80 0
      vertex 39.5706 -31.6506 0
      vertex 39.6421 -31.44 0
    endloop
  endfacet
  facet normal 0 0 -1
    outer loop
      vertex 48 -80 0
      vertex 39.4722 -31.85 0
      vertex 39.5706 -31.6506 0
    endloop
  endfacet
  facet normal 0 0 -1
    outer loop
      vertex 48 -80 0
      vertex 39.3487 -32.0349 0
      vertex 39.4722 -31.85 0
    endloop
  endfacet
  facet normal 0 0 -1
    outer loop
      vertex 48 -80 0
      vertex 39.2021 -32.2021 0
      vertex 39.3487 -32.0349 0
    endloop
  endfacet
  facet normal 0 0 -1
    outer loop
      vertex 48 -80 0
      vertex 39.0349 -32.3487 0
      vertex 39.2021 -32.2021 0
    endloop
  endfacet
  facet normal 0 0 -1
    outer loop
      vertex 48 -80 0
      vertex 38.85 -32.4722 0
      vertex 39.0349 -32.3487 0
    endloop
  endfacet
  facet normal 0 0 -1
    outer loop
      vertex 42.44 -78.3579 0
      vertex 38.6506 -32.5706 0
      vertex 38.85 -32.4722 0
    endloop
  endfacet
  facet normal 0 0 -1
    outer loop
      vertex 42.2219 -78.3145 0
      vertex 38.44 -32.6421 0
      vertex 38.6506 -32.5706 0
    endloop
  endfacet
  facet normal 0 0 -1
    outer loop
      vertex 42 -78.3 0
      vertex 38.2219 -32.6855 0
      vertex 38.44 -32.6421 0
    endloop
  endfacet
  facet normal 0 0 -1
    outer loop
      vertex 41.7781 -78.3145 0
      vertex 38 -32.7 0
      vertex 38.2219 -32.6855 0
    endloop
  endfacet
  facet normal 0 0 -1
    outer loop
      vertex 41.56 -78.3579 0
      vertex 37.7781 -32.6855 0
      vertex 38 -32.7 0
    endloop
  endfacet
  facet normal 0 0 -1
    outer loop
      vertex 41.3494 -78.4294 0
      vertex 37.56 -32.6421 0
      vertex 37.7781 -32.6855 0
    endloop
  endfacet
  facet normal 0 0 -1
    outer loop
      vertex 41.15 -78.5278 0
      vertex 37.3494 -32.5706 0
      vertex 37.56 -32.6421 0
    endloop
  endfacet
  facet normal 0 0 -1
    outer loop
      vertex 40.9651 -78.6513 0
      vertex 37.15 -32.4722 0
      vertex 37.3494 -32.5706 0
    endloop
  endfacet
  facet normal 0 0 -1
    outer loop
      vertex 40.7979 -78.7979 0
      vertex 36.9651 -32.3487 0
      vertex 37.15 -32.4722 0
    endloop
  endfacet
  facet normal 0 0 -1
    outer loop
      vertex 40.6513 -78.9651 0
      vertex 36.7979 -32.2021 0
      vertex 36.9651 -32.3487 0
    endloop
  endfacet
  facet normal 0 0 -1
    outer loop
      vertex 40.5278 -79.15 0
      vertex 36.6513 -32.0349 0
      vertex 36.7979 -32.2021 0
    endloop
  endfacet
  facet normal 0 0 -1
    outer loop
      vertex 40.5278 -79.15 0
      vertex -36.6513 -32.0349 0
      vertex 36.6513 -32.0349 0
    endloop
  endfacet
  facet normal 0 0 -1
    outer loop
      vertex 36.6513 -32.0349 0
      vertex -36.6513 -32.0349 0
      vertex 36.5278 -31.85 0
    endloop
  endfacet
  facet normal 0 -0 -1
    outer loop
      vertex -36.5278 -31.85 0
      vertex 36.5278 -31.85 0
      vertex -36.6513 -32.0349 0
    endloop
  endfacet
  facet normal 0 -0 -1
    outer loop
      vertex 21 -16 0
      vertex 36.5278 -31.85 0
      vertex -36.5278 -31.85 0
    endloop
  endfacet
  facet normal 0 0 -1
    outer loop
      vertex 36.5278 -31.85 0
      vertex 21 -16 0
      vertex 36.4294 -31.6506 0
    endloop
  endfacet
  facet normal 0 0 -1
    outer loop
      vertex 23.8284 14.8284 0
      vertex 36.9651 29.6513 0
      vertex 24.1734 14.435 0
    endloop
  endfacet
  facet normal 0 0 -1
    outer loop
      vertex 36.4294 -31.6506 0
      vertex 21 -16 0
      vertex 36.3579 -31.44 0
    endloop
  endfacet
  facet normal -0 0 -1
    outer loop
      vertex 40.3145 -0.221894 0
      vertex 25 -12 0
      vertex 40.3 0 0
    endloop
  endfacet
  facet normal 0 0 -1
    outer loop
      vertex 38 -29.3 0
      vertex 24.8637 -13.0353 0
      vertex 24.9658 -12.5221 0
    endloop
  endfacet
  facet normal 0 0 -1
    outer loop
      vertex 37.7781 -29.3145 0
      vertex 24.6955 -13.5307 0
      vertex 24.8637 -13.0353 0
    endloop
  endfacet
  facet normal 0 0 -1
    outer loop
      vertex 37.56 -29.3579 0
      vertex 24.4641 -14 0
      vertex 24.6955 -13.5307 0
    endloop
  endfacet
  facet normal 0 0 -1
    outer loop
      vertex 37.3494 -29.4294 0
      vertex 24.1734 -14.435 0
      vertex 24.4641 -14 0
    endloop
  endfacet
  facet normal 0 0 -1
    outer loop
      vertex 36.9651 -29.6513 0
      vertex 23.8284 -14.8284 0
      vertex 24.1734 -14.435 0
    endloop
  endfacet
  facet normal 0 0 -1
    outer loop
      vertex 36.7979 -29.7979 0
      vertex 23.435 -15.1734 0
      vertex 23.8284 -14.8284 0
    endloop
  endfacet
  facet normal 0 0 -1
    outer loop
      vertex 36.6513 -29.9651 0
      vertex 23 -15.4641 0
      vertex 23.435 -15.1734 0
    endloop
  endfacet
  facet normal 0 0 -1
    outer loop
      vertex 36.5278 -30.15 0
      vertex 22.5307 -15.6955 0
      vertex 23 -15.4641 0
    endloop
  endfacet
  facet normal 0 0 -1
    outer loop
      vertex 36.4294 -30.3494 0
      vertex 22.0353 -15.8637 0
      vertex 22.5307 -15.6955 0
    endloop
  endfacet
  facet normal 0 0 -1
    outer loop
      vertex 36.3579 -30.56 0
      vertex 21.5221 -15.9658 0
      vertex 22.0353 -15.8637 0
    endloop
  endfacet
  facet normal 0 0 -1
    outer loop
      vertex 36.3 -31 0
      vertex 21 -16 0
      vertex 21.5221 -15.9658 0
    endloop
  endfacet
  facet normal 0 0 -1
    outer loop
      vertex 36.3579 -31.44 0
      vertex 21 -16 0
      vertex 36.3145 -31.2219 0
    endloop
  endfacet
  facet normal -0 0 -1
    outer loop
      vertex 21 -16 0
      vertex -36.5278 -31.85 0
      vertex -21 -16 0
    endloop
  endfacet
  facet normal 0 -0 -1
    outer loop
      vertex -36.4294 -31.6506 0
      vertex -21 -16 0
      vertex -36.5278 -31.85 0
    endloop
  endfacet
  facet normal 0 -0 -1
    outer loop
      vertex -36.3579 -31.44 0
      vertex -21 -16 0
      vertex -36.4294 -31.6506 0
    endloop
  endfacet
  facet normal 0 -0 -1
    outer loop
      vertex -36.3145 -31.2219 0
      vertex -21 -16 0
      vertex -36.3579 -31.44 0
    endloop
  endfacet
  facet normal 0 -0 -1
    outer loop
      vertex -36.3 -31 0
      vertex -21 -16 0
      vertex -36.3145 -31.2219 0
    endloop
  endfacet
  facet normal 0 0 -1
    outer loop
      vertex -36.3145 -30.7781 0
      vertex -21.5221 -15.9658 0
      vertex -36.3 -31 0
    endloop
  endfacet
  facet normal 0 0 -1
    outer loop
      vertex -36.3579 -30.56 0
      vertex -21.5221 -15.9658 0
      vertex -36.3145 -30.7781 0
    endloop
  endfacet
  facet normal 0 0 -1
    outer loop
      vertex -36.9651 -29.6513 0
      vertex -23.8284 -14.8284 0
      vertex -36.7979 -29.7979 0
    endloop
  endfacet
  facet normal -0 0 -1
    outer loop
      vertex -23.435 -15.1734 0
      vertex -36.7979 -29.7979 0
      vertex -23.8284 -14.8284 0
    endloop
  endfacet
  facet normal 0 0 -1
    outer loop
      vertex -36.7979 -29.7979 0
      vertex -23.435 -15.1734 0
      vertex -36.6513 -29.9651 0
    endloop
  endfacet
  facet normal -0 0 -1
    outer loop
      vertex -23 -15.4641 0
      vertex -36.6513 -29.9651 0
      vertex -23.435 -15.1734 0
    endloop
  endfacet
  facet normal 0 0 -1
    outer loop
      vertex -36.6513 -29.9651 0
      vertex -23 -15.4641 0
      vertex -36.5278 -30.15 0
    endloop
  endfacet
  facet normal -0 0 -1
    outer loop
      vertex -22.5307 -15.6955 0
      vertex -36.5278 -30.15 0
      vertex -23 -15.4641 0
    endloop
  endfacet
  facet normal -0 0 -1
    outer loop
      vertex -21.5221 -15.9658 0
      vertex -36.3579 -30.56 0
      vertex -22.0353 -15.8637 0
    endloop
  endfacet
  facet normal 0 0 -1
    outer loop
      vertex -36.5278 -30.15 0
      vertex -22.5307 -15.6955 0
      vertex -36.4294 -30.3494 0
    endloop
  endfacet
  facet normal -0 0 -1
    outer loop
      vertex -22.0353 -15.8637 0
      vertex -36.4294 -30.3494 0
      vertex -22.5307 -15.6955 0
    endloop
  endfacet
  facet normal 0 0 -1
    outer loop
      vertex -36.4294 -30.3494 0
      vertex -22.0353 -15.8637 0
      vertex -36.3579 -30.56 0
    endloop
  endfacet
  facet normal -0 0 -1
    outer loop
      vertex -21 -16 0
      vertex -36.3 -31 0
      vertex -21.5221 -15.9658 0
    endloop
  endfacet
  facet normal 0 0 -1
    outer loop
      vertex 36.3145 -31.2219 0
      vertex 21 -16 0
      vertex 36.3 -31 0
    endloop
  endfacet
  facet normal 0 0 -1
    outer loop
      vertex 40.3145 -79.7781 0
      vertex -40.3145 -79.7781 0
      vertex 40.3579 -79.56 0
    endloop
  endfacet
  facet normal 0 0 -1
    outer loop
      vertex -40.3579 -79.56 0
      vertex 40.3579 -79.56 0
      vertex -40.3145 -79.7781 0
    endloop
  endfacet
  facet normal 0 0 -1
    outer loop
      vertex 40.3579 -79.56 0
      vertex -40.3579 -79.56 0
      vertex 40.4294 -79.3494 0
    endloop
  endfacet
  facet normal 0 0 -1
    outer loop
      vertex -40.4294 -79.3494 0
      vertex 40.4294 -79.3494 0
      vertex -40.3579 -79.56 0
    endloop
  endfacet
  facet normal 0 0 -1
    outer loop
      vertex -40.5278 -79.15 0
      vertex 40.5278 -79.15 0
      vertex -40.4294 -79.3494 0
    endloop
  endfacet
  facet normal 0 0 -1
    outer loop
      vertex 40.5278 -79.15 0
      vertex -40.5278 -79.15 0
      vertex -36.6513 -32.0349 0
    endloop
  endfacet
  facet normal 0 0 -1
    outer loop
      vertex -36.6513 -32.0349 0
      vertex -40.5278 -79.15 0
      vertex -36.7979 -32.2021 0
    endloop
  endfacet
  facet normal 0 0 -1
    outer loop
      vertex -40.6513 -78.9651 0
      vertex -36.7979 -32.2021 0
      vertex -40.5278 -79.15 0
    endloop
  endfacet
  facet normal 0 0 -1
    outer loop
      vertex -36.7979 -32.2021 0
      vertex -40.6513 -78.9651 0
      vertex -36.9651 -32.3487 0
    endloop
  endfacet
  facet normal 0 0 -1
    outer loop
      vertex -40.7979 -78.7979 0
      vertex -36.9651 -32.3487 0
      vertex -40.6513 -78.9651 0
    endloop
  endfacet
  facet normal 0 0 -1
    outer loop
      vertex -36.9651 -32.3487 0
      vertex -40.7979 -78.7979 0
      vertex -37.15 -32.4722 0
    endloop
  endfacet
  facet normal 0 0 -1
    outer loop
      vertex -40.9651 -78.6513 0
      vertex -37.15 -32.4722 0
      vertex -40.7979 -78.7979 0
    endloop
  endfacet
  facet normal -0 0 -1
    outer loop
      vertex -38 -32.7 0
      vertex -41.7781 -78.3145 0
      vertex -38.2219 -32.6855 0
    endloop
  endfacet
  facet normal 0 0 -1
    outer loop
      vertex -41.7781 -78.3145 0
      vertex -38 -32.7 0
      vertex -41.56 -78.3579 0
    endloop
  endfacet
  facet normal 0 0 -1
    outer loop
      vertex -37.7781 -32.6855 0
      vertex -41.56 -78.3579 0
      vertex -38 -32.7 0
    endloop
  endfacet
  facet normal 0 0 -1
    outer loop
      vertex -41.56 -78.3579 0
      vertex -37.7781 -32.6855 0
      vertex -41.3494 -78.4294 0
    endloop
  endfacet
  facet normal 0 0 -1
    outer loop
      vertex -37.56 -32.6421 0
      vertex -41.3494 -78.4294 0
      vertex -37.7781 -32.6855 0
    endloop
  endfacet
  facet normal 0 0 -1
    outer loop
      vertex -41.3494 -78.4294 0
      vertex -37.56 -32.6421 0
      vertex -41.15 -78.5278 0
    endloop
  endfacet
  facet normal 0 0 -1
    outer loop
      vertex -37.3494 -32.5706 0
      vertex -41.15 -78.5278 0
      vertex -37.56 -32.6421 0
    endloop
  endfacet
  facet normal 0 0 -1
    outer loop
      vertex -41.15 -78.5278 0
      vertex -37.3494 -32.5706 0
      vertex -40.9651 -78.6513 0
    endloop
  endfacet
  facet normal 0 0 -1
    outer loop
      vertex -37.15 -32.4722 0
      vertex -40.9651 -78.6513 0
      vertex -37.3494 -32.5706 0
    endloop
  endfacet
  facet normal 0.75189 -0.659289 0
    outer loop
      vertex 45.6569 -85.6569 3
      vertex 46.3468 -84.8701 0
      vertex 46.3468 -84.8701 3
    endloop
  endfacet
  facet normal 0.75189 -0.659289 0
    outer loop
      vertex 46.3468 -84.8701 0
      vertex 45.6569 -85.6569 3
      vertex 45.6569 -85.6569 0
    endloop
  endfacet
  facet normal 0.659289 -0.75189 0
    outer loop
      vertex 44.8701 -86.3468 0
      vertex 45.6569 -85.6569 3
      vertex 44.8701 -86.3468 3
    endloop
  endfacet
  facet normal 0.659289 -0.75189 0
    outer loop
      vertex 45.6569 -85.6569 3
      vertex 44.8701 -86.3468 0
      vertex 45.6569 -85.6569 0
    endloop
  endfacet
  facet normal -0 0 1
    outer loop
      vertex -42 -1.7 3
      vertex -38.44 -29.3579 3
      vertex -41.7781 -1.68546 3
    endloop
  endfacet
  facet normal 0 0 1
    outer loop
      vertex -39.7 -31 3
      vertex -40.3145 -79.7781 3
      vertex -40.3 -80 3
    endloop
  endfacet
  facet normal 0 0 1
    outer loop
      vertex -38.44 -29.3579 3
      vertex -42 -1.7 3
      vertex -38.6506 -29.4294 3
    endloop
  endfacet
  facet normal 0 0 1
    outer loop
      vertex -39.7 -31 3
      vertex -40.3579 -79.56 3
      vertex -40.3145 -79.7781 3
    endloop
  endfacet
  facet normal 0 0 1
    outer loop
      vertex -42.2219 -1.68546 3
      vertex -38.6506 -29.4294 3
      vertex -42 -1.7 3
    endloop
  endfacet
  facet normal 0 0 1
    outer loop
      vertex -39.7 -31 3
      vertex -40.4294 -79.3494 3
      vertex -40.3579 -79.56 3
    endloop
  endfacet
  facet normal 0 0 1
    outer loop
      vertex -38.6506 -29.4294 3
      vertex -42.2219 -1.68546 3
      vertex -38.85 -29.5278 3
    endloop
  endfacet
  facet normal 0 0 1
    outer loop
      vertex -39.7 -31 3
      vertex -40.5278 -79.15 3
      vertex -40.4294 -79.3494 3
    endloop
  endfacet
  facet normal 0 0 1
    outer loop
      vertex -42.44 -1.64207 3
      vertex -38.85 -29.5278 3
      vertex -42.2219 -1.68546 3
    endloop
  endfacet
  facet normal 0 0 1
    outer loop
      vertex -39.7 -31 3
      vertex -40.6513 -78.9651 3
      vertex -40.5278 -79.15 3
    endloop
  endfacet
  facet normal 0 0 1
    outer loop
      vertex -38.85 -29.5278 3
      vertex -42.44 -1.64207 3
      vertex -39.0349 -29.6513 3
    endloop
  endfacet
  facet normal 0 0 1
    outer loop
      vertex -39.7 -31 3
      vertex -40.7979 -78.7979 3
      vertex -40.6513 -78.9651 3
    endloop
  endfacet
  facet normal 0 0 1
    outer loop
      vertex -42.6506 -1.57059 3
      vertex -39.0349 -29.6513 3
      vertex -42.44 -1.64207 3
    endloop
  endfacet
  facet normal 0 0 1
    outer loop
      vertex -39.7 -31 3
      vertex -40.9651 -78.6513 3
      vertex -40.7979 -78.7979 3
    endloop
  endfacet
  facet normal 0 0 1
    outer loop
      vertex -39.0349 -29.6513 3
      vertex -42.6506 -1.57059 3
      vertex -39.2021 -29.7979 3
    endloop
  endfacet
  facet normal 0 0 1
    outer loop
      vertex -39.7 -31 3
      vertex -41.15 -78.5278 3
      vertex -40.9651 -78.6513 3
    endloop
  endfacet
  facet normal 0 0 1
    outer loop
      vertex -42.85 -1.47224 3
      vertex -39.2021 -29.7979 3
      vertex -42.6506 -1.57059 3
    endloop
  endfacet
  facet normal 0 0 1
    outer loop
      vertex -39.7 -31 3
      vertex -41.3494 -78.4294 3
      vertex -41.15 -78.5278 3
    endloop
  endfacet
  facet normal 0 0 1
    outer loop
      vertex -39.2021 -29.7979 3
      vertex -42.85 -1.47224 3
      vertex -39.3487 -29.9651 3
    endloop
  endfacet
  facet normal 0 0 1
    outer loop
      vertex -39.7 -31 3
      vertex -41.56 -78.3579 3
      vertex -41.3494 -78.4294 3
    endloop
  endfacet
  facet normal 0 0 1
    outer loop
      vertex -43.0349 -1.3487 3
      vertex -39.3487 -29.9651 3
      vertex -42.85 -1.47224 3
    endloop
  endfacet
  facet normal 0 0 1
    outer loop
      vertex -39.7 -31 3
      vertex -41.7781 -78.3145 3
      vertex -41.56 -78.3579 3
    endloop
  endfacet
  facet normal 0 0 1
    outer loop
      vertex -39.3487 -29.9651 3
      vertex -43.0349 -1.3487 3
      vertex -39.4722 -30.15 3
    endloop
  endfacet
  facet normal 0 0 1
    outer loop
      vertex -39.7 -31 3
      vertex -42 -78.3 3
      vertex -41.7781 -78.3145 3
    endloop
  endfacet
  facet normal 0 0 1
    outer loop
      vertex -43.2021 -1.20208 3
      vertex -39.4722 -30.15 3
      vertex -43.0349 -1.3487 3
    endloop
  endfacet
  facet normal 0 0 1
    outer loop
      vertex -39.7 -31 3
      vertex -42.2219 -78.3145 3
      vertex -42 -78.3 3
    endloop
  endfacet
  facet normal 0 0 1
    outer loop
      vertex -39.4722 -30.15 3
      vertex -43.2021 -1.20208 3
      vertex -39.5706 -30.3494 3
    endloop
  endfacet
  facet normal 0 0 1
    outer loop
      vertex -39.7 -31 3
      vertex -42.44 -78.3579 3
      vertex -42.2219 -78.3145 3
    endloop
  endfacet
  facet normal 0 0 1
    outer loop
      vertex -43.3487 -1.03489 3
      vertex -39.5706 -30.3494 3
      vertex -43.2021 -1.20208 3
    endloop
  endfacet
  facet normal 0 0 1
    outer loop
      vertex -39.7 -31 3
      vertex -42.6506 -78.4294 3
      vertex -42.44 -78.3579 3
    endloop
  endfacet
  facet normal 0 0 1
    outer loop
      vertex -39.5706 -30.3494 3
      vertex -43.3487 -1.03489 3
      vertex -39.6421 -30.56 3
    endloop
  endfacet
  facet normal 0 0 1
    outer loop
      vertex -39.7 -31 3
      vertex -42.85 -78.5278 3
      vertex -42.6506 -78.4294 3
    endloop
  endfacet
  facet normal 0 0 1
    outer loop
      vertex -43.4722 -0.849999 3
      vertex -39.6421 -30.56 3
      vertex -43.3487 -1.03489 3
    endloop
  endfacet
  facet normal 0 0 1
    outer loop
      vertex -39.7 -31 3
      vertex -43.0349 -78.6513 3
      vertex -42.85 -78.5278 3
    endloop
  endfacet
  facet normal 0 0 1
    outer loop
      vertex -39.6421 -30.56 3
      vertex -43.4722 -0.849999 3
      vertex -39.6855 -30.7781 3
    endloop
  endfacet
  facet normal 0 0 1
    outer loop
      vertex -39.7 -31 3
      vertex -43.2021 -78.7979 3
      vertex -43.0349 -78.6513 3
    endloop
  endfacet
  facet normal 0 0 1
    outer loop
      vertex -43.5706 -0.650561 3
      vertex -39.6855 -30.7781 3
      vertex -43.4722 -0.849999 3
    endloop
  endfacet
  facet normal 0 0 1
    outer loop
      vertex -39.7 -31 3
      vertex -43.3487 -78.9651 3
      vertex -43.2021 -78.7979 3
    endloop
  endfacet
  facet normal 0 0 1
    outer loop
      vertex -39.6855 -30.7781 3
      vertex -43.5706 -0.650561 3
      vertex -39.7 -31 3
    endloop
  endfacet
  facet normal 0 0 1
    outer loop
      vertex -39.7 -31 3
      vertex -43.4722 -79.15 3
      vertex -43.3487 -78.9651 3
    endloop
  endfacet
  facet normal 0 0 1
    outer loop
      vertex -43.6421 -0.439992 3
      vertex -39.7 -31 3
      vertex -43.5706 -0.650561 3
    endloop
  endfacet
  facet normal 0 0 1
    outer loop
      vertex -39.7 -31 3
      vertex -43.5706 -79.3494 3
      vertex -43.4722 -79.15 3
    endloop
  endfacet
  facet normal 0 0 1
    outer loop
      vertex -43.6421 -79.56 3
      vertex -39.7 -31 3
      vertex -43.6421 -0.439992 3
    endloop
  endfacet
  facet normal 0 0 1
    outer loop
      vertex -39.7 -31 3
      vertex -43.6421 -79.56 3
      vertex -43.5706 -79.3494 3
    endloop
  endfacet
  facet normal 0 0 1
    outer loop
      vertex -43.6855 -0.221894 3
      vertex -43.6421 -79.56 3
      vertex -43.6421 -0.439992 3
    endloop
  endfacet
  facet normal 0 0 1
    outer loop
      vertex -43.6855 -0.221894 3
      vertex -43.6855 -79.7781 3
      vertex -43.6421 -79.56 3
    endloop
  endfacet
  facet normal 0 0 1
    outer loop
      vertex -43.7 0 3
      vertex -43.6855 -79.7781 3
      vertex -43.6855 -0.221894 3
    endloop
  endfacet
  facet normal 0 0 1
    outer loop
      vertex -43.6855 -79.7781 3
      vertex -43.7 0 3
      vertex -43.7 -80 3
    endloop
  endfacet
  facet normal 0 0 1
    outer loop
      vertex -38.2219 32.6855 3
      vertex -42 78.3 3
      vertex -38.44 32.6421 3
    endloop
  endfacet
  facet normal 0 0 1
    outer loop
      vertex -39.7 31 3
      vertex -40.3145 0.221894 3
      vertex -40.3 0 3
    endloop
  endfacet
  facet normal 0 0 1
    outer loop
      vertex -42.2219 78.3145 3
      vertex -38.44 32.6421 3
      vertex -42 78.3 3
    endloop
  endfacet
  facet normal 0 0 1
    outer loop
      vertex -39.7 31 3
      vertex -40.3579 0.439992 3
      vertex -40.3145 0.221894 3
    endloop
  endfacet
  facet normal 0 0 1
    outer loop
      vertex -38.44 32.6421 3
      vertex -42.2219 78.3145 3
      vertex -38.6506 32.5706 3
    endloop
  endfacet
  facet normal 0 0 1
    outer loop
      vertex -39.7 31 3
      vertex -40.4294 0.650561 3
      vertex -40.3579 0.439992 3
    endloop
  endfacet
  facet normal 0 0 1
    outer loop
      vertex -42.44 78.3579 3
      vertex -38.6506 32.5706 3
      vertex -42.2219 78.3145 3
    endloop
  endfacet
  facet normal 0 0 1
    outer loop
      vertex -39.7 31 3
      vertex -40.5278 0.849999 3
      vertex -40.4294 0.650561 3
    endloop
  endfacet
  facet normal 0 0 1
    outer loop
      vertex -38.6506 32.5706 3
      vertex -42.44 78.3579 3
      vertex -38.85 32.4722 3
    endloop
  endfacet
  facet normal 0 0 1
    outer loop
      vertex -39.7 31 3
      vertex -40.6513 1.03489 3
      vertex -40.5278 0.849999 3
    endloop
  endfacet
  facet normal 0 0 1
    outer loop
      vertex -42.6506 78.4294 3
      vertex -38.85 32.4722 3
      vertex -42.44 78.3579 3
    endloop
  endfacet
  facet normal 0 0 1
    outer loop
      vertex -39.7 31 3
      vertex -40.7979 1.20208 3
      vertex -40.6513 1.03489 3
    endloop
  endfacet
  facet normal 0 0 1
    outer loop
      vertex -48 80 3
      vertex -38.85 32.4722 3
      vertex -42.6506 78.4294 3
    endloop
  endfacet
  facet normal 0 0 1
    outer loop
      vertex -39.7 31 3
      vertex -40.9651 1.3487 3
      vertex -40.7979 1.20208 3
    endloop
  endfacet
  facet normal 0 0 1
    outer loop
      vertex -38.85 32.4722 3
      vertex -48 80 3
      vertex -39.0349 32.3487 3
    endloop
  endfacet
  facet normal 0 0 1
    outer loop
      vertex -39.7 31 3
      vertex -41.15 1.47224 3
      vertex -40.9651 1.3487 3
    endloop
  endfacet
  facet normal 0 0 1
    outer loop
      vertex -39.0349 32.3487 3
      vertex -48 80 3
      vertex -39.2021 32.2021 3
    endloop
  endfacet
  facet normal 0 0 1
    outer loop
      vertex -39.7 31 3
      vertex -41.3494 1.57059 3
      vertex -41.15 1.47224 3
    endloop
  endfacet
  facet normal 0 0 1
    outer loop
      vertex -39.2021 32.2021 3
      vertex -48 80 3
      vertex -39.3487 32.0349 3
    endloop
  endfacet
  facet normal 0 0 1
    outer loop
      vertex -39.7 31 3
      vertex -41.56 1.64207 3
      vertex -41.3494 1.57059 3
    endloop
  endfacet
  facet normal 0 0 1
    outer loop
      vertex -39.3487 32.0349 3
      vertex -48 80 3
      vertex -39.4722 31.85 3
    endloop
  endfacet
  facet normal 0 0 1
    outer loop
      vertex -39.7 31 3
      vertex -41.7781 1.68546 3
      vertex -41.56 1.64207 3
    endloop
  endfacet
  facet normal 0 0 1
    outer loop
      vertex -39.4722 31.85 3
      vertex -48 80 3
      vertex -39.5706 31.6506 3
    endloop
  endfacet
  facet normal 0 0 1
    outer loop
      vertex -39.7 31 3
      vertex -42 1.7 3
      vertex -41.7781 1.68546 3
    endloop
  endfacet
  facet normal 0 0 1
    outer loop
      vertex -39.5706 31.6506 3
      vertex -48 80 3
      vertex -39.6421 31.44 3
    endloop
  endfacet
  facet normal 0 0 1
    outer loop
      vertex -39.7 31 3
      vertex -42.2219 1.68546 3
      vertex -42 1.7 3
    endloop
  endfacet
  facet normal 0 0 1
    outer loop
      vertex -39.6421 31.44 3
      vertex -48 80 3
      vertex -39.6855 31.2219 3
    endloop
  endfacet
  facet normal 0 0 1
    outer loop
      vertex -39.7 31 3
      vertex -42.44 1.64207 3
      vertex -42.2219 1.68546 3
    endloop
  endfacet
  facet normal 0 0 1
    outer loop
      vertex -39.6855 31.2219 3
      vertex -48 80 3
      vertex -39.7 31 3
    endloop
  endfacet
  facet normal 0 0 1
    outer loop
      vertex -39.7 31 3
      vertex -42.6506 1.57059 3
      vertex -42.44 1.64207 3
    endloop
  endfacet
  facet normal 0 0 1
    outer loop
      vertex -48 80 3
      vertex -42.6506 78.4294 3
      vertex -42.85 78.5278 3
    endloop
  endfacet
  facet normal 0 -0 1
    outer loop
      vertex -43.6421 0.439992 3
      vertex -39.7 31 3
      vertex -48 80 3
    endloop
  endfacet
  facet normal 0 0 1
    outer loop
      vertex -48 80 3
      vertex -42.85 78.5278 3
      vertex -43.0349 78.6513 3
    endloop
  endfacet
  facet normal 0 0 1
    outer loop
      vertex -39.7 31 3
      vertex -42.85 1.47224 3
      vertex -42.6506 1.57059 3
    endloop
  endfacet
  facet normal 0 0 1
    outer loop
      vertex -48 80 3
      vertex -43.0349 78.6513 3
      vertex -43.2021 78.7979 3
    endloop
  endfacet
  facet normal 0 0 1
    outer loop
      vertex -39.7 31 3
      vertex -43.0349 1.3487 3
      vertex -42.85 1.47224 3
    endloop
  endfacet
  facet normal 0 0 1
    outer loop
      vertex -48 80 3
      vertex -43.2021 78.7979 3
      vertex -43.3487 78.9651 3
    endloop
  endfacet
  facet normal 0 0 1
    outer loop
      vertex -39.7 31 3
      vertex -43.2021 1.20208 3
      vertex -43.0349 1.3487 3
    endloop
  endfacet
  facet normal 0 0 1
    outer loop
      vertex -48 80 3
      vertex -43.3487 78.9651 3
      vertex -43.4722 79.15 3
    endloop
  endfacet
  facet normal 0 0 1
    outer loop
      vertex -39.7 31 3
      vertex -43.3487 1.03489 3
      vertex -43.2021 1.20208 3
    endloop
  endfacet
  facet normal 0 0 1
    outer loop
      vertex -48 80 3
      vertex -43.4722 79.15 3
      vertex -43.5706 79.3494 3
    endloop
  endfacet
  facet normal 0 0 1
    outer loop
      vertex -39.7 31 3
      vertex -43.4722 0.849999 3
      vertex -43.3487 1.03489 3
    endloop
  endfacet
  facet normal 0 0 1
    outer loop
      vertex -48 80 3
      vertex -43.5706 79.3494 3
      vertex -43.6421 79.56 3
    endloop
  endfacet
  facet normal 0 0 1
    outer loop
      vertex -39.7 31 3
      vertex -43.5706 0.650561 3
      vertex -43.4722 0.849999 3
    endloop
  endfacet
  facet normal 0 0 1
    outer loop
      vertex -48 80 3
      vertex -43.6421 79.56 3
      vertex -43.6855 79.7781 3
    endloop
  endfacet
  facet normal 0 0 1
    outer loop
      vertex -39.7 31 3
      vertex -43.6421 0.439992 3
      vertex -43.5706 0.650561 3
    endloop
  endfacet
  facet normal -0 0 1
    outer loop
      vertex -48 80 3
      vertex -43.6855 79.7781 3
      vertex -43.7 80 3
    endloop
  endfacet
  facet normal 0 0 1
    outer loop
      vertex -43.6421 0.439992 3
      vertex -48 80 3
      vertex -43.6855 0.221894 3
    endloop
  endfacet
  facet normal 0 0 1
    outer loop
      vertex -38.2219 -29.3145 3
      vertex -41.7781 -1.68546 3
      vertex -38.44 -29.3579 3
    endloop
  endfacet
  facet normal 0 0 1
    outer loop
      vertex -39.7 -31 3
      vertex -40.3 -80 3
      vertex -40 -88 3
    endloop
  endfacet
  facet normal -0 0 1
    outer loop
      vertex -40.3145 -80.2219 3
      vertex -40 -88 3
      vertex -40.3 -80 3
    endloop
  endfacet
  facet normal -0 0 1
    outer loop
      vertex -40.3579 -80.44 3
      vertex -40 -88 3
      vertex -40.3145 -80.2219 3
    endloop
  endfacet
  facet normal -0 0 1
    outer loop
      vertex -40.4294 -80.6506 3
      vertex -40 -88 3
      vertex -40.3579 -80.44 3
    endloop
  endfacet
  facet normal -0 0 1
    outer loop
      vertex -40.5278 -80.85 3
      vertex -40 -88 3
      vertex -40.4294 -80.6506 3
    endloop
  endfacet
  facet normal -0 0 1
    outer loop
      vertex -40.6513 -81.0349 3
      vertex -40 -88 3
      vertex -40.5278 -80.85 3
    endloop
  endfacet
  facet normal -0 0 1
    outer loop
      vertex -40.7979 -81.2021 3
      vertex -40 -88 3
      vertex -40.6513 -81.0349 3
    endloop
  endfacet
  facet normal -0 0 1
    outer loop
      vertex -40.9651 -81.3487 3
      vertex -40 -88 3
      vertex -40.7979 -81.2021 3
    endloop
  endfacet
  facet normal -0 0 1
    outer loop
      vertex -41.15 -81.4722 3
      vertex -40 -88 3
      vertex -40.9651 -81.3487 3
    endloop
  endfacet
  facet normal -0 0 1
    outer loop
      vertex -41.3494 -81.5706 3
      vertex -40 -88 3
      vertex -41.15 -81.4722 3
    endloop
  endfacet
  facet normal 0 0 1
    outer loop
      vertex -40 -88 3
      vertex -41.3494 -81.5706 3
      vertex -41.0442 -87.9316 3
    endloop
  endfacet
  facet normal -0 0 1
    outer loop
      vertex -41.56 -81.6421 3
      vertex -41.0442 -87.9316 3
      vertex -41.3494 -81.5706 3
    endloop
  endfacet
  facet normal 0 0 1
    outer loop
      vertex -42.0706 -87.7274 3
      vertex -41.56 -81.6421 3
      vertex -41.7781 -81.6855 3
    endloop
  endfacet
  facet normal 0 0 1
    outer loop
      vertex -43.0615 -87.391 3
      vertex -41.7781 -81.6855 3
      vertex -42 -81.7 3
    endloop
  endfacet
  facet normal 0 0 1
    outer loop
      vertex -41.56 -81.6421 3
      vertex -42.0706 -87.7274 3
      vertex -41.0442 -87.9316 3
    endloop
  endfacet
  facet normal 0 0 1
    outer loop
      vertex -44 -86.9282 3
      vertex -42 -81.7 3
      vertex -42.2219 -81.6855 3
    endloop
  endfacet
  facet normal 0 0 1
    outer loop
      vertex -44 -86.9282 3
      vertex -42.2219 -81.6855 3
      vertex -42.44 -81.6421 3
    endloop
  endfacet
  facet normal 0 0 1
    outer loop
      vertex -44 -86.9282 3
      vertex -42.44 -81.6421 3
      vertex -42.6506 -81.5706 3
    endloop
  endfacet
  facet normal 0 0 1
    outer loop
      vertex -44 -86.9282 3
      vertex -42.6506 -81.5706 3
      vertex -42.85 -81.4722 3
    endloop
  endfacet
  facet normal 0 0 1
    outer loop
      vertex -44 -86.9282 3
      vertex -42.85 -81.4722 3
      vertex -43.0349 -81.3487 3
    endloop
  endfacet
  facet normal 0 0 1
    outer loop
      vertex -41.7781 -81.6855 3
      vertex -43.0615 -87.391 3
      vertex -42.0706 -87.7274 3
    endloop
  endfacet
  facet normal 0 0 1
    outer loop
      vertex -44 -86.9282 3
      vertex -43.0349 -81.3487 3
      vertex -43.2021 -81.2021 3
    endloop
  endfacet
  facet normal 0 0 1
    outer loop
      vertex -44 -86.9282 3
      vertex -43.2021 -81.2021 3
      vertex -43.3487 -81.0349 3
    endloop
  endfacet
  facet normal 0 0 1
    outer loop
      vertex -44 -86.9282 3
      vertex -43.3487 -81.0349 3
      vertex -43.4722 -80.85 3
    endloop
  endfacet
  facet normal 0 0 1
    outer loop
      vertex -44 -86.9282 3
      vertex -43.4722 -80.85 3
      vertex -43.5706 -80.6506 3
    endloop
  endfacet
  facet normal 0 0 1
    outer loop
      vertex -44 -86.9282 3
      vertex -43.5706 -80.6506 3
      vertex -43.6421 -80.44 3
    endloop
  endfacet
  facet normal 0 0 1
    outer loop
      vertex -44 -86.9282 3
      vertex -43.6421 -80.44 3
      vertex -43.6855 -80.2219 3
    endloop
  endfacet
  facet normal 0 0 1
    outer loop
      vertex -42 -81.7 3
      vertex -44 -86.9282 3
      vertex -43.0615 -87.391 3
    endloop
  endfacet
  facet normal 0 0 1
    outer loop
      vertex -43.7 -80 3
      vertex -44 -86.9282 3
      vertex -43.6855 -80.2219 3
    endloop
  endfacet
  facet normal 0 0 1
    outer loop
      vertex -43.7 0 3
      vertex -44 -86.9282 3
      vertex -43.7 -80 3
    endloop
  endfacet
  facet normal 0 0 1
    outer loop
      vertex -48 80 3
      vertex -44 86.9282 3
      vertex -44.8701 86.3468 3
    endloop
  endfacet
  facet normal 0 0 1
    outer loop
      vertex -48 -80 3
      vertex -43.7 0 3
      vertex -48 80 3
    endloop
  endfacet
  facet normal 0 0 1
    outer loop
      vertex -48 80 3
      vertex -44.8701 86.3468 3
      vertex -45.6569 85.6569 3
    endloop
  endfacet
  facet normal 0 0 1
    outer loop
      vertex -43.7 0 3
      vertex -48 -80 3
      vertex -44 -86.9282 3
    endloop
  endfacet
  facet normal 0 0 1
    outer loop
      vertex -48 80 3
      vertex -45.6569 85.6569 3
      vertex -46.3468 84.8701 3
    endloop
  endfacet
  facet normal 0 0 1
    outer loop
      vertex -44 -86.9282 3
      vertex -48 -80 3
      vertex -44.8701 -86.3468 3
    endloop
  endfacet
  facet normal 0 0 1
    outer loop
      vertex -48 80 3
      vertex -46.3468 84.8701 3
      vertex -46.9282 84 3
    endloop
  endfacet
  facet normal 0 0 1
    outer loop
      vertex -44.8701 -86.3468 3
      vertex -48 -80 3
      vertex -45.6569 -85.6569 3
    endloop
  endfacet
  facet normal 0 0 1
    outer loop
      vertex -48 80 3
      vertex -46.9282 84 3
      vertex -47.391 83.0615 3
    endloop
  endfacet
  facet normal 0 0 1
    outer loop
      vertex -45.6569 -85.6569 3
      vertex -48 -80 3
      vertex -46.3468 -84.8701 3
    endloop
  endfacet
  facet normal 0 0 1
    outer loop
      vertex -48 80 3
      vertex -47.391 83.0615 3
      vertex -47.7274 82.0705 3
    endloop
  endfacet
  facet normal 0 0 1
    outer loop
      vertex -46.3468 -84.8701 3
      vertex -48 -80 3
      vertex -46.9282 -84 3
    endloop
  endfacet
  facet normal 0 0 1
    outer loop
      vertex -48 80 3
      vertex -47.7274 82.0705 3
      vertex -47.9316 81.0442 3
    endloop
  endfacet
  facet normal 0 0 1
    outer loop
      vertex -46.9282 -84 3
      vertex -48 -80 3
      vertex -47.391 -83.0615 3
    endloop
  endfacet
  facet normal 0 0 1
    outer loop
      vertex -47.391 -83.0615 3
      vertex -48 -80 3
      vertex -47.7274 -82.0706 3
    endloop
  endfacet
  facet normal 0 0 1
    outer loop
      vertex -47.7274 -82.0706 3
      vertex -48 -80 3
      vertex -47.9316 -81.0442 3
    endloop
  endfacet
  facet normal -0 0 1
    outer loop
      vertex -37.15 29.5278 3
      vertex -24.1734 14.435 3
      vertex -36.9651 29.6513 3
    endloop
  endfacet
  facet normal 0 0 1
    outer loop
      vertex -25 -12 3
      vertex -36.3145 -30.7781 3
      vertex -36.3 -31 3
    endloop
  endfacet
  facet normal -0 0 1
    outer loop
      vertex -37.3494 29.4294 3
      vertex -24.1734 14.435 3
      vertex -37.15 29.5278 3
    endloop
  endfacet
  facet normal 0 0 1
    outer loop
      vertex -25 -12 3
      vertex -36.3579 -30.56 3
      vertex -36.3145 -30.7781 3
    endloop
  endfacet
  facet normal 0 0 1
    outer loop
      vertex -24.1734 14.435 3
      vertex -37.3494 29.4294 3
      vertex -24.4641 14 3
    endloop
  endfacet
  facet normal 0 0 1
    outer loop
      vertex -25 -12 3
      vertex -36.4294 -30.3494 3
      vertex -36.3579 -30.56 3
    endloop
  endfacet
  facet normal -0 0 1
    outer loop
      vertex -37.56 29.3579 3
      vertex -24.4641 14 3
      vertex -37.3494 29.4294 3
    endloop
  endfacet
  facet normal 0 0 1
    outer loop
      vertex -25 -12 3
      vertex -36.5278 -30.15 3
      vertex -36.4294 -30.3494 3
    endloop
  endfacet
  facet normal 0 0 1
    outer loop
      vertex -24.4641 14 3
      vertex -37.56 29.3579 3
      vertex -24.6955 13.5307 3
    endloop
  endfacet
  facet normal 0 0 1
    outer loop
      vertex -25 -12 3
      vertex -36.6513 -29.9651 3
      vertex -36.5278 -30.15 3
    endloop
  endfacet
  facet normal -0 0 1
    outer loop
      vertex -37.7781 29.3145 3
      vertex -24.6955 13.5307 3
      vertex -37.56 29.3579 3
    endloop
  endfacet
  facet normal 0 0 1
    outer loop
      vertex -25 -12 3
      vertex -36.7979 -29.7979 3
      vertex -36.6513 -29.9651 3
    endloop
  endfacet
  facet normal 0 0 1
    outer loop
      vertex -24.6955 13.5307 3
      vertex -37.7781 29.3145 3
      vertex -24.8637 13.0353 3
    endloop
  endfacet
  facet normal 0 0 1
    outer loop
      vertex -25 -12 3
      vertex -36.9651 -29.6513 3
      vertex -36.7979 -29.7979 3
    endloop
  endfacet
  facet normal -0 0 1
    outer loop
      vertex -38 29.3 3
      vertex -24.8637 13.0353 3
      vertex -37.7781 29.3145 3
    endloop
  endfacet
  facet normal 0 0 1
    outer loop
      vertex -25 -12 3
      vertex -37.15 -29.5278 3
      vertex -36.9651 -29.6513 3
    endloop
  endfacet
  facet normal 0 0 1
    outer loop
      vertex -24.8637 13.0353 3
      vertex -38 29.3 3
      vertex -24.9658 12.5221 3
    endloop
  endfacet
  facet normal 0 0 1
    outer loop
      vertex -25 -12 3
      vertex -37.3494 -29.4294 3
      vertex -37.15 -29.5278 3
    endloop
  endfacet
  facet normal 0 0 1
    outer loop
      vertex -38.2219 29.3145 3
      vertex -24.9658 12.5221 3
      vertex -38 29.3 3
    endloop
  endfacet
  facet normal 0 0 1
    outer loop
      vertex -25 -12 3
      vertex -37.56 -29.3579 3
      vertex -37.3494 -29.4294 3
    endloop
  endfacet
  facet normal 0 0 1
    outer loop
      vertex -40.3 0 3
      vertex -24.9658 12.5221 3
      vertex -38.2219 29.3145 3
    endloop
  endfacet
  facet normal 0 0 1
    outer loop
      vertex -25 -12 3
      vertex -37.7781 -29.3145 3
      vertex -37.56 -29.3579 3
    endloop
  endfacet
  facet normal 0 0 1
    outer loop
      vertex -40.3 0 3
      vertex -38.2219 29.3145 3
      vertex -38.44 29.3579 3
    endloop
  endfacet
  facet normal 0 0 1
    outer loop
      vertex -25 -12 3
      vertex -38 -29.3 3
      vertex -37.7781 -29.3145 3
    endloop
  endfacet
  facet normal 0 0 1
    outer loop
      vertex -40.3 0 3
      vertex -38.44 29.3579 3
      vertex -38.6506 29.4294 3
    endloop
  endfacet
  facet normal -0 0 1
    outer loop
      vertex -40.7979 -1.20208 3
      vertex -25 -12 3
      vertex -40.6513 -1.03489 3
    endloop
  endfacet
  facet normal 0 0 1
    outer loop
      vertex -40.3 0 3
      vertex -38.6506 29.4294 3
      vertex -38.85 29.5278 3
    endloop
  endfacet
  facet normal -0 0 1
    outer loop
      vertex -40.3145 -0.221894 3
      vertex -25 -12 3
      vertex -40.3 0 3
    endloop
  endfacet
  facet normal 0 0 1
    outer loop
      vertex -24.9658 12.5221 3
      vertex -40.3 0 3
      vertex -25 12 3
    endloop
  endfacet
  facet normal -0 0 1
    outer loop
      vertex -40.3579 -0.439992 3
      vertex -25 -12 3
      vertex -40.3145 -0.221894 3
    endloop
  endfacet
  facet normal 0 0 1
    outer loop
      vertex -25 12 3
      vertex -40.3 0 3
      vertex -25 -12 3
    endloop
  endfacet
  facet normal -0 0 1
    outer loop
      vertex -40.4294 -0.650561 3
      vertex -25 -12 3
      vertex -40.3579 -0.439992 3
    endloop
  endfacet
  facet normal 0 0 1
    outer loop
      vertex -40.3 0 3
      vertex -38.85 29.5278 3
      vertex -39.0349 29.6513 3
    endloop
  endfacet
  facet normal -0 0 1
    outer loop
      vertex -40.5278 -0.849999 3
      vertex -25 -12 3
      vertex -40.4294 -0.650561 3
    endloop
  endfacet
  facet normal 0 0 1
    outer loop
      vertex -40.3 0 3
      vertex -39.0349 29.6513 3
      vertex -39.2021 29.7979 3
    endloop
  endfacet
  facet normal -0 0 1
    outer loop
      vertex -40.6513 -1.03489 3
      vertex -25 -12 3
      vertex -40.5278 -0.849999 3
    endloop
  endfacet
  facet normal 0 0 1
    outer loop
      vertex -40.3 0 3
      vertex -39.2021 29.7979 3
      vertex -39.3487 29.9651 3
    endloop
  endfacet
  facet normal -0 0 1
    outer loop
      vertex -40.9651 -1.3487 3
      vertex -25 -12 3
      vertex -40.7979 -1.20208 3
    endloop
  endfacet
  facet normal 0 0 1
    outer loop
      vertex -40.3 0 3
      vertex -39.3487 29.9651 3
      vertex -39.4722 30.15 3
    endloop
  endfacet
  facet normal -0 0 1
    outer loop
      vertex -41.15 -1.47224 3
      vertex -25 -12 3
      vertex -40.9651 -1.3487 3
    endloop
  endfacet
  facet normal 0 0 1
    outer loop
      vertex -40.3 0 3
      vertex -39.4722 30.15 3
      vertex -39.5706 30.3494 3
    endloop
  endfacet
  facet normal -0 0 1
    outer loop
      vertex -41.3494 -1.57059 3
      vertex -25 -12 3
      vertex -41.15 -1.47224 3
    endloop
  endfacet
  facet normal 0 0 1
    outer loop
      vertex -40.3 0 3
      vertex -39.5706 30.3494 3
      vertex -39.6421 30.56 3
    endloop
  endfacet
  facet normal -0 0 1
    outer loop
      vertex -41.56 -1.64207 3
      vertex -25 -12 3
      vertex -41.3494 -1.57059 3
    endloop
  endfacet
  facet normal 0 0 1
    outer loop
      vertex -40.3 0 3
      vertex -39.6421 30.56 3
      vertex -39.6855 30.7781 3
    endloop
  endfacet
  facet normal 0 0 1
    outer loop
      vertex -25 -12 3
      vertex -41.56 -1.64207 3
      vertex -38 -29.3 3
    endloop
  endfacet
  facet normal 0 0 1
    outer loop
      vertex -40.3 0 3
      vertex -39.6855 30.7781 3
      vertex -39.7 31 3
    endloop
  endfacet
  facet normal 0 0 1
    outer loop
      vertex -38 -29.3 3
      vertex -41.56 -1.64207 3
      vertex -38.2219 -29.3145 3
    endloop
  endfacet
  facet normal -0 0 1
    outer loop
      vertex 38 29.3 3
      vertex 41.56 1.64207 3
      vertex 38.2219 29.3145 3
    endloop
  endfacet
  facet normal 0 0 1
    outer loop
      vertex 40.3 0 3
      vertex 39.6855 -30.7781 3
      vertex 39.7 -31 3
    endloop
  endfacet
  facet normal -0 0 1
    outer loop
      vertex 24.9658 12.5221 3
      vertex 41.56 1.64207 3
      vertex 38 29.3 3
    endloop
  endfacet
  facet normal 0 0 1
    outer loop
      vertex 40.3 0 3
      vertex 39.6421 -30.56 3
      vertex 39.6855 -30.7781 3
    endloop
  endfacet
  facet normal 0 0 1
    outer loop
      vertex 41.56 1.64207 3
      vertex 24.9658 12.5221 3
      vertex 41.3494 1.57059 3
    endloop
  endfacet
  facet normal 0 0 1
    outer loop
      vertex 40.3 0 3
      vertex 39.5706 -30.3494 3
      vertex 39.6421 -30.56 3
    endloop
  endfacet
  facet normal -0 -0 1
    outer loop
      vertex 25 12 3
      vertex 41.3494 1.57059 3
      vertex 24.9658 12.5221 3
    endloop
  endfacet
  facet normal 0 0 1
    outer loop
      vertex 40.3 0 3
      vertex 39.4722 -30.15 3
      vertex 39.5706 -30.3494 3
    endloop
  endfacet
  facet normal 0 0 1
    outer loop
      vertex 41.3494 1.57059 3
      vertex 25 12 3
      vertex 41.15 1.47224 3
    endloop
  endfacet
  facet normal 0 0 1
    outer loop
      vertex 40.3 0 3
      vertex 39.3487 -29.9651 3
      vertex 39.4722 -30.15 3
    endloop
  endfacet
  facet normal 0 0 1
    outer loop
      vertex 40.9651 1.3487 3
      vertex 25 12 3
      vertex 40.7979 1.20208 3
    endloop
  endfacet
  facet normal 0 0 1
    outer loop
      vertex 40.3 0 3
      vertex 39.2021 -29.7979 3
      vertex 39.3487 -29.9651 3
    endloop
  endfacet
  facet normal 0 0 1
    outer loop
      vertex 40.7979 1.20208 3
      vertex 25 12 3
      vertex 40.6513 1.03489 3
    endloop
  endfacet
  facet normal 0 0 1
    outer loop
      vertex 40.3 0 3
      vertex 39.0349 -29.6513 3
      vertex 39.2021 -29.7979 3
    endloop
  endfacet
  facet normal 0 0 1
    outer loop
      vertex 40.6513 1.03489 3
      vertex 25 12 3
      vertex 40.5278 0.849999 3
    endloop
  endfacet
  facet normal 0 0 1
    outer loop
      vertex 40.3 0 3
      vertex 38.85 -29.5278 3
      vertex 39.0349 -29.6513 3
    endloop
  endfacet
  facet normal 0 0 1
    outer loop
      vertex 40.5278 0.849999 3
      vertex 25 12 3
      vertex 40.4294 0.650561 3
    endloop
  endfacet
  facet normal 0 0 1
    outer loop
      vertex 25 -12 3
      vertex 40.3 0 3
      vertex 25 12 3
    endloop
  endfacet
  facet normal 0 0 1
    outer loop
      vertex 40.4294 0.650561 3
      vertex 25 12 3
      vertex 40.3579 0.439992 3
    endloop
  endfacet
  facet normal 0 0 1
    outer loop
      vertex 24.9658 -12.5221 3
      vertex 40.3 0 3
      vertex 25 -12 3
    endloop
  endfacet
  facet normal 0 0 1
    outer loop
      vertex 40.3579 0.439992 3
      vertex 25 12 3
      vertex 40.3145 0.221894 3
    endloop
  endfacet
  facet normal 0 0 1
    outer loop
      vertex 40.3 0 3
      vertex 38.6506 -29.4294 3
      vertex 38.85 -29.5278 3
    endloop
  endfacet
  facet normal 0 0 1
    outer loop
      vertex 41.15 1.47224 3
      vertex 25 12 3
      vertex 40.9651 1.3487 3
    endloop
  endfacet
  facet normal 0 0 1
    outer loop
      vertex 40.3 0 3
      vertex 38.44 -29.3579 3
      vertex 38.6506 -29.4294 3
    endloop
  endfacet
  facet normal 0 0 1
    outer loop
      vertex 24.8637 13.0353 3
      vertex 38 29.3 3
      vertex 37.7781 29.3145 3
    endloop
  endfacet
  facet normal 0 0 1
    outer loop
      vertex 40.3 0 3
      vertex 38.2219 -29.3145 3
      vertex 38.44 -29.3579 3
    endloop
  endfacet
  facet normal 0 0 1
    outer loop
      vertex 24.6955 13.5307 3
      vertex 37.7781 29.3145 3
      vertex 37.56 29.3579 3
    endloop
  endfacet
  facet normal 0 0 1
    outer loop
      vertex 40.3 0 3
      vertex 24.9658 -12.5221 3
      vertex 38.2219 -29.3145 3
    endloop
  endfacet
  facet normal 0 0 1
    outer loop
      vertex 24.4641 14 3
      vertex 37.56 29.3579 3
      vertex 37.3494 29.4294 3
    endloop
  endfacet
  facet normal 0 0 1
    outer loop
      vertex 38.2219 -29.3145 3
      vertex 24.9658 -12.5221 3
      vertex 38 -29.3 3
    endloop
  endfacet
  facet normal 0 0 1
    outer loop
      vertex 24.1734 14.435 3
      vertex 37.3494 29.4294 3
      vertex 37.15 29.5278 3
    endloop
  endfacet
  facet normal -0 0 1
    outer loop
      vertex 24.8637 -13.0353 3
      vertex 38 -29.3 3
      vertex 24.9658 -12.5221 3
    endloop
  endfacet
  facet normal 0 0 1
    outer loop
      vertex 24.1734 14.435 3
      vertex 37.15 29.5278 3
      vertex 36.9651 29.6513 3
    endloop
  endfacet
  facet normal 0 0 1
    outer loop
      vertex 38 -29.3 3
      vertex 24.8637 -13.0353 3
      vertex 37.7781 -29.3145 3
    endloop
  endfacet
  facet normal 0 0 1
    outer loop
      vertex 23.8284 14.8284 3
      vertex 36.9651 29.6513 3
      vertex 36.7979 29.7979 3
    endloop
  endfacet
  facet normal -0 0 1
    outer loop
      vertex 24.6955 -13.5307 3
      vertex 37.7781 -29.3145 3
      vertex 24.8637 -13.0353 3
    endloop
  endfacet
  facet normal 0 0 1
    outer loop
      vertex 23.435 15.1734 3
      vertex 36.7979 29.7979 3
      vertex 36.6513 29.9651 3
    endloop
  endfacet
  facet normal 0 0 1
    outer loop
      vertex 37.7781 -29.3145 3
      vertex 24.6955 -13.5307 3
      vertex 37.56 -29.3579 3
    endloop
  endfacet
  facet normal 0 0 1
    outer loop
      vertex 23 15.4641 3
      vertex 36.6513 29.9651 3
      vertex 36.5278 30.15 3
    endloop
  endfacet
  facet normal -0 0 1
    outer loop
      vertex 24.4641 -14 3
      vertex 37.56 -29.3579 3
      vertex 24.6955 -13.5307 3
    endloop
  endfacet
  facet normal 0 0 1
    outer loop
      vertex 22.5307 15.6955 3
      vertex 36.5278 30.15 3
      vertex 36.4294 30.3494 3
    endloop
  endfacet
  facet normal 0 0 1
    outer loop
      vertex 37.56 -29.3579 3
      vertex 24.4641 -14 3
      vertex 37.3494 -29.4294 3
    endloop
  endfacet
  facet normal 0 0 1
    outer loop
      vertex 22.0353 15.8637 3
      vertex 36.4294 30.3494 3
      vertex 36.3579 30.56 3
    endloop
  endfacet
  facet normal -0 0 1
    outer loop
      vertex 24.1734 -14.435 3
      vertex 37.3494 -29.4294 3
      vertex 24.4641 -14 3
    endloop
  endfacet
  facet normal 0 0 1
    outer loop
      vertex 21.5221 15.9658 3
      vertex 36.3579 30.56 3
      vertex 36.3145 30.7781 3
    endloop
  endfacet
  facet normal 0 0 1
    outer loop
      vertex 37.3494 -29.4294 3
      vertex 24.1734 -14.435 3
      vertex 37.15 -29.5278 3
    endloop
  endfacet
  facet normal 0 0 1
    outer loop
      vertex 21.5221 15.9658 3
      vertex 36.3145 30.7781 3
      vertex 36.3 31 3
    endloop
  endfacet
  facet normal 0 0 1
    outer loop
      vertex 37.15 -29.5278 3
      vertex 24.1734 -14.435 3
      vertex 36.9651 -29.6513 3
    endloop
  endfacet
  facet normal -0 0 1
    outer loop
      vertex 38 -32.7 3
      vertex 41.7781 -78.3145 3
      vertex 38.2219 -32.6855 3
    endloop
  endfacet
  facet normal 0 0 1
    outer loop
      vertex 41.7781 -78.3145 3
      vertex 38 -32.7 3
      vertex 41.56 -78.3579 3
    endloop
  endfacet
  facet normal 0 0 1
    outer loop
      vertex 37.7781 -32.6855 3
      vertex 41.56 -78.3579 3
      vertex 38 -32.7 3
    endloop
  endfacet
  facet normal 0 0 1
    outer loop
      vertex 41.56 -78.3579 3
      vertex 37.7781 -32.6855 3
      vertex 41.3494 -78.4294 3
    endloop
  endfacet
  facet normal 0 0 1
    outer loop
      vertex 37.56 -32.6421 3
      vertex 41.3494 -78.4294 3
      vertex 37.7781 -32.6855 3
    endloop
  endfacet
  facet normal 0 0 1
    outer loop
      vertex 41.3494 -78.4294 3
      vertex 37.56 -32.6421 3
      vertex 41.15 -78.5278 3
    endloop
  endfacet
  facet normal 0 0 1
    outer loop
      vertex 37.3494 -32.5706 3
      vertex 41.15 -78.5278 3
      vertex 37.56 -32.6421 3
    endloop
  endfacet
  facet normal 0 0 1
    outer loop
      vertex 41.15 -78.5278 3
      vertex 37.3494 -32.5706 3
      vertex 40.9651 -78.6513 3
    endloop
  endfacet
  facet normal 0 0 1
    outer loop
      vertex 37.15 -32.4722 3
      vertex 40.9651 -78.6513 3
      vertex 37.3494 -32.5706 3
    endloop
  endfacet
  facet normal 0 0 1
    outer loop
      vertex 40.9651 -78.6513 3
      vertex 37.15 -32.4722 3
      vertex 40.7979 -78.7979 3
    endloop
  endfacet
  facet normal 0 0 1
    outer loop
      vertex 36.9651 -32.3487 3
      vertex 40.7979 -78.7979 3
      vertex 37.15 -32.4722 3
    endloop
  endfacet
  facet normal 0 0 1
    outer loop
      vertex 40.7979 -78.7979 3
      vertex 36.9651 -32.3487 3
      vertex 40.6513 -78.9651 3
    endloop
  endfacet
  facet normal 0 0 1
    outer loop
      vertex 36.7979 -32.2021 3
      vertex 40.6513 -78.9651 3
      vertex 36.9651 -32.3487 3
    endloop
  endfacet
  facet normal 0 0 1
    outer loop
      vertex 40.6513 -78.9651 3
      vertex 36.7979 -32.2021 3
      vertex 40.5278 -79.15 3
    endloop
  endfacet
  facet normal 0 0 1
    outer loop
      vertex 36.6513 -32.0349 3
      vertex 40.5278 -79.15 3
      vertex 36.7979 -32.2021 3
    endloop
  endfacet
  facet normal -0 0 1
    outer loop
      vertex -36.6513 -32.0349 3
      vertex 40.5278 -79.15 3
      vertex 36.6513 -32.0349 3
    endloop
  endfacet
  facet normal 0 0 1
    outer loop
      vertex 40.5278 -79.15 3
      vertex -36.6513 -32.0349 3
      vertex 40.4294 -79.3494 3
    endloop
  endfacet
  facet normal 0 0 1
    outer loop
      vertex -40 -88 3
      vertex 40.4294 -79.3494 3
      vertex -36.6513 -32.0349 3
    endloop
  endfacet
  facet normal 0 0 1
    outer loop
      vertex 40.4294 -79.3494 3
      vertex -40 -88 3
      vertex 40.3579 -79.56 3
    endloop
  endfacet
  facet normal 0 0 1
    outer loop
      vertex 40.3579 -79.56 3
      vertex -40 -88 3
      vertex 40.3145 -79.7781 3
    endloop
  endfacet
  facet normal 0 0 1
    outer loop
      vertex -36.6513 -32.0349 3
      vertex 36.6513 -32.0349 3
      vertex 36.5278 -31.85 3
    endloop
  endfacet
  facet normal 0 0 1
    outer loop
      vertex 21 -16 3
      vertex 36.5278 -31.85 3
      vertex 36.4294 -31.6506 3
    endloop
  endfacet
  facet normal 0 0 1
    outer loop
      vertex 21 -16 3
      vertex 36.4294 -31.6506 3
      vertex 36.3579 -31.44 3
    endloop
  endfacet
  facet normal 0 0 1
    outer loop
      vertex 21 -16 3
      vertex 36.3579 -31.44 3
      vertex 36.3145 -31.2219 3
    endloop
  endfacet
  facet normal 0 0 1
    outer loop
      vertex 21 -16 3
      vertex 36.3145 -31.2219 3
      vertex 36.3 -31 3
    endloop
  endfacet
  facet normal 0 0 1
    outer loop
      vertex 36.9651 -29.6513 3
      vertex 23.8284 -14.8284 3
      vertex 36.7979 -29.7979 3
    endloop
  endfacet
  facet normal -0 0 1
    outer loop
      vertex 23.435 -15.1734 3
      vertex 36.7979 -29.7979 3
      vertex 23.8284 -14.8284 3
    endloop
  endfacet
  facet normal 0 0 1
    outer loop
      vertex 36.7979 -29.7979 3
      vertex 23.435 -15.1734 3
      vertex 36.6513 -29.9651 3
    endloop
  endfacet
  facet normal -0 0 1
    outer loop
      vertex 23 -15.4641 3
      vertex 36.6513 -29.9651 3
      vertex 23.435 -15.1734 3
    endloop
  endfacet
  facet normal 0 0 1
    outer loop
      vertex 36.6513 -29.9651 3
      vertex 23 -15.4641 3
      vertex 36.5278 -30.15 3
    endloop
  endfacet
  facet normal -0 0 1
    outer loop
      vertex 22.5307 -15.6955 3
      vertex 36.5278 -30.15 3
      vertex 23 -15.4641 3
    endloop
  endfacet
  facet normal 0 0 1
    outer loop
      vertex 36.5278 -30.15 3
      vertex 22.5307 -15.6955 3
      vertex 36.4294 -30.3494 3
    endloop
  endfacet
  facet normal -0 0 1
    outer loop
      vertex 22.0353 -15.8637 3
      vertex 36.4294 -30.3494 3
      vertex 22.5307 -15.6955 3
    endloop
  endfacet
  facet normal 0 0 1
    outer loop
      vertex 36.4294 -30.3494 3
      vertex 22.0353 -15.8637 3
      vertex 36.3579 -30.56 3
    endloop
  endfacet
  facet normal -0 0 1
    outer loop
      vertex 21.5221 -15.9658 3
      vertex 36.3579 -30.56 3
      vertex 22.0353 -15.8637 3
    endloop
  endfacet
  facet normal 0 0 1
    outer loop
      vertex 36.3579 -30.56 3
      vertex 21.5221 -15.9658 3
      vertex 36.3145 -30.7781 3
    endloop
  endfacet
  facet normal 0 0 1
    outer loop
      vertex 36.3145 -30.7781 3
      vertex 21.5221 -15.9658 3
      vertex 36.3 -31 3
    endloop
  endfacet
  facet normal -0 0 1
    outer loop
      vertex 21 -16 3
      vertex 36.3 -31 3
      vertex 21.5221 -15.9658 3
    endloop
  endfacet
  facet normal 0 0 1
    outer loop
      vertex 36.5278 -31.85 3
      vertex 21 -16 3
      vertex -36.5278 -31.85 3
    endloop
  endfacet
  facet normal 0 0 1
    outer loop
      vertex -36.5278 -31.85 3
      vertex 21 -16 3
      vertex -21 -16 3
    endloop
  endfacet
  facet normal 0 0 1
    outer loop
      vertex -36.3 -31 3
      vertex -21 -16 3
      vertex -21.5221 -15.9658 3
    endloop
  endfacet
  facet normal 0 0 1
    outer loop
      vertex -36.3 -31 3
      vertex -21.5221 -15.9658 3
      vertex -22.0353 -15.8637 3
    endloop
  endfacet
  facet normal 0 0 1
    outer loop
      vertex -36.3 -31 3
      vertex -22.0353 -15.8637 3
      vertex -22.5307 -15.6955 3
    endloop
  endfacet
  facet normal 0 0 1
    outer loop
      vertex -36.3 -31 3
      vertex -22.5307 -15.6955 3
      vertex -23 -15.4641 3
    endloop
  endfacet
  facet normal 0 0 1
    outer loop
      vertex -36.3 -31 3
      vertex -23 -15.4641 3
      vertex -23.435 -15.1734 3
    endloop
  endfacet
  facet normal 0 0 1
    outer loop
      vertex -36.3 -31 3
      vertex -23.435 -15.1734 3
      vertex -23.8284 -14.8284 3
    endloop
  endfacet
  facet normal 0 0 1
    outer loop
      vertex -36.3 -31 3
      vertex -23.8284 -14.8284 3
      vertex -24.1734 -14.435 3
    endloop
  endfacet
  facet normal 0 0 1
    outer loop
      vertex -23.8284 14.8284 3
      vertex -36.9651 29.6513 3
      vertex -24.1734 14.435 3
    endloop
  endfacet
  facet normal 0 0 1
    outer loop
      vertex -25 -12 3
      vertex -36.3 -31 3
      vertex -24.9658 -12.5221 3
    endloop
  endfacet
  facet normal 0 0 1
    outer loop
      vertex -24.9658 -12.5221 3
      vertex -36.3 -31 3
      vertex -24.8637 -13.0353 3
    endloop
  endfacet
  facet normal 0 0 1
    outer loop
      vertex -36.3 -31 3
      vertex -24.6955 -13.5307 3
      vertex -24.8637 -13.0353 3
    endloop
  endfacet
  facet normal 0 0 1
    outer loop
      vertex -36.3 -31 3
      vertex -24.4641 -14 3
      vertex -24.6955 -13.5307 3
    endloop
  endfacet
  facet normal 0 0 1
    outer loop
      vertex -36.3 -31 3
      vertex -24.1734 -14.435 3
      vertex -24.4641 -14 3
    endloop
  endfacet
  facet normal 0 0 1
    outer loop
      vertex -21 -16 3
      vertex -36.3 -31 3
      vertex -36.3145 -31.2219 3
    endloop
  endfacet
  facet normal 0 0 1
    outer loop
      vertex -21 -16 3
      vertex -36.3145 -31.2219 3
      vertex -36.3579 -31.44 3
    endloop
  endfacet
  facet normal 0 0 1
    outer loop
      vertex -21 -16 3
      vertex -36.3579 -31.44 3
      vertex -36.4294 -31.6506 3
    endloop
  endfacet
  facet normal 0 0 1
    outer loop
      vertex -21 -16 3
      vertex -36.4294 -31.6506 3
      vertex -36.5278 -31.85 3
    endloop
  endfacet
  facet normal 0 0 1
    outer loop
      vertex 36.5278 -31.85 3
      vertex -36.5278 -31.85 3
      vertex -36.6513 -32.0349 3
    endloop
  endfacet
  facet normal 0 0 1
    outer loop
      vertex 40.3145 -79.7781 3
      vertex -40 -88 3
      vertex 40.3 -80 3
    endloop
  endfacet
  facet normal 0 0 1
    outer loop
      vertex -40 -88 3
      vertex -36.6513 -32.0349 3
      vertex -36.7979 -32.2021 3
    endloop
  endfacet
  facet normal 0 0 1
    outer loop
      vertex -40 -88 3
      vertex -36.7979 -32.2021 3
      vertex -36.9651 -32.3487 3
    endloop
  endfacet
  facet normal 0 0 1
    outer loop
      vertex -40 -88 3
      vertex -36.9651 -32.3487 3
      vertex -37.15 -32.4722 3
    endloop
  endfacet
  facet normal 0 0 1
    outer loop
      vertex -40 -88 3
      vertex -37.15 -32.4722 3
      vertex -37.3494 -32.5706 3
    endloop
  endfacet
  facet normal 0 0 1
    outer loop
      vertex -40 -88 3
      vertex -37.3494 -32.5706 3
      vertex -37.56 -32.6421 3
    endloop
  endfacet
  facet normal 0 0 1
    outer loop
      vertex -40 -88 3
      vertex -37.56 -32.6421 3
      vertex -37.7781 -32.6855 3
    endloop
  endfacet
  facet normal 0 0 1
    outer loop
      vertex -40 -88 3
      vertex -37.7781 -32.6855 3
      vertex -38 -32.7 3
    endloop
  endfacet
  facet normal 0 0 1
    outer loop
      vertex -40 -88 3
      vertex -38 -32.7 3
      vertex -38.2219 -32.6855 3
    endloop
  endfacet
  facet normal 0 0 1
    outer loop
      vertex -40 -88 3
      vertex -38.2219 -32.6855 3
      vertex -38.44 -32.6421 3
    endloop
  endfacet
  facet normal 0 0 1
    outer loop
      vertex -40 -88 3
      vertex -38.44 -32.6421 3
      vertex -38.6506 -32.5706 3
    endloop
  endfacet
  facet normal 0 0 1
    outer loop
      vertex -40 -88 3
      vertex -38.6506 -32.5706 3
      vertex -38.85 -32.4722 3
    endloop
  endfacet
  facet normal 0 0 1
    outer loop
      vertex -40 -88 3
      vertex -38.85 -32.4722 3
      vertex -39.0349 -32.3487 3
    endloop
  endfacet
  facet normal 0 0 1
    outer loop
      vertex 40.3 -80 3
      vertex -40 -88 3
      vertex 40 -88 3
    endloop
  endfacet
  facet normal 0 0 1
    outer loop
      vertex -39.2021 -32.2021 3
      vertex -40 -88 3
      vertex -39.0349 -32.3487 3
    endloop
  endfacet
  facet normal 0 0 1
    outer loop
      vertex -39.3487 -32.0349 3
      vertex -40 -88 3
      vertex -39.2021 -32.2021 3
    endloop
  endfacet
  facet normal 0 0 1
    outer loop
      vertex -39.4722 -31.85 3
      vertex -40 -88 3
      vertex -39.3487 -32.0349 3
    endloop
  endfacet
  facet normal 0 0 1
    outer loop
      vertex -39.5706 -31.6506 3
      vertex -40 -88 3
      vertex -39.4722 -31.85 3
    endloop
  endfacet
  facet normal 0 0 1
    outer loop
      vertex -39.6421 -31.44 3
      vertex -40 -88 3
      vertex -39.5706 -31.6506 3
    endloop
  endfacet
  facet normal 0 0 1
    outer loop
      vertex -39.6855 -31.2219 3
      vertex -40 -88 3
      vertex -39.6421 -31.44 3
    endloop
  endfacet
  facet normal 0 0 1
    outer loop
      vertex -39.7 -31 3
      vertex -40 -88 3
      vertex -39.6855 -31.2219 3
    endloop
  endfacet
  facet normal -0 0 1
    outer loop
      vertex -42 78.3 3
      vertex -38.2219 32.6855 3
      vertex -41.7781 78.3145 3
    endloop
  endfacet
  facet normal -0 0 1
    outer loop
      vertex -41.7781 -1.68546 3
      vertex -38.2219 -29.3145 3
      vertex -41.56 -1.64207 3
    endloop
  endfacet
  facet normal 0 0 1
    outer loop
      vertex -40 88 3
      vertex -40.3145 80.2219 3
      vertex -40.3 80 3
    endloop
  endfacet
  facet normal 0 0 1
    outer loop
      vertex -40 88 3
      vertex -40.3579 80.44 3
      vertex -40.3145 80.2219 3
    endloop
  endfacet
  facet normal 0 0 1
    outer loop
      vertex -40 88 3
      vertex -40.4294 80.6506 3
      vertex -40.3579 80.44 3
    endloop
  endfacet
  facet normal 0 0 1
    outer loop
      vertex -40 88 3
      vertex -40.5278 80.85 3
      vertex -40.4294 80.6506 3
    endloop
  endfacet
  facet normal 0 0 1
    outer loop
      vertex -40 88 3
      vertex -40.6513 81.0349 3
      vertex -40.5278 80.85 3
    endloop
  endfacet
  facet normal 0 0 1
    outer loop
      vertex -40 88 3
      vertex -40.7979 81.2021 3
      vertex -40.6513 81.0349 3
    endloop
  endfacet
  facet normal 0 0 1
    outer loop
      vertex -40 88 3
      vertex -40.9651 81.3487 3
      vertex -40.7979 81.2021 3
    endloop
  endfacet
  facet normal 0 0 1
    outer loop
      vertex -41.3494 81.5706 3
      vertex -40 88 3
      vertex -41.0442 87.9316 3
    endloop
  endfacet
  facet normal 0 0 1
    outer loop
      vertex -40 88 3
      vertex -41.15 81.4722 3
      vertex -40.9651 81.3487 3
    endloop
  endfacet
  facet normal 0 0 1
    outer loop
      vertex -40 88 3
      vertex -41.3494 81.5706 3
      vertex -41.15 81.4722 3
    endloop
  endfacet
  facet normal 0 0 1
    outer loop
      vertex -41.0442 87.9316 3
      vertex -41.56 81.6421 3
      vertex -41.3494 81.5706 3
    endloop
  endfacet
  facet normal -0 0 1
    outer loop
      vertex -42.0706 87.7274 3
      vertex -41.56 81.6421 3
      vertex -41.0442 87.9316 3
    endloop
  endfacet
  facet normal 0 0 1
    outer loop
      vertex -41.56 81.6421 3
      vertex -42.0706 87.7274 3
      vertex -41.7781 81.6855 3
    endloop
  endfacet
  facet normal -0 0 1
    outer loop
      vertex -43.0615 87.391 3
      vertex -41.7781 81.6855 3
      vertex -42.0706 87.7274 3
    endloop
  endfacet
  facet normal 0 0 1
    outer loop
      vertex -41.7781 81.6855 3
      vertex -43.0615 87.391 3
      vertex -42 81.7 3
    endloop
  endfacet
  facet normal -0 0 1
    outer loop
      vertex -44 86.9282 3
      vertex -42 81.7 3
      vertex -43.0615 87.391 3
    endloop
  endfacet
  facet normal 0 0 1
    outer loop
      vertex -42 81.7 3
      vertex -44 86.9282 3
      vertex -42.2219 81.6855 3
    endloop
  endfacet
  facet normal 0 0 1
    outer loop
      vertex -42.2219 81.6855 3
      vertex -44 86.9282 3
      vertex -42.44 81.6421 3
    endloop
  endfacet
  facet normal 0 0 1
    outer loop
      vertex -42.44 81.6421 3
      vertex -44 86.9282 3
      vertex -42.6506 81.5706 3
    endloop
  endfacet
  facet normal 0 0 1
    outer loop
      vertex -42.6506 81.5706 3
      vertex -44 86.9282 3
      vertex -42.85 81.4722 3
    endloop
  endfacet
  facet normal 0 0 1
    outer loop
      vertex -42.85 81.4722 3
      vertex -44 86.9282 3
      vertex -43.0349 81.3487 3
    endloop
  endfacet
  facet normal 0 0 1
    outer loop
      vertex -43.0349 81.3487 3
      vertex -44 86.9282 3
      vertex -43.2021 81.2021 3
    endloop
  endfacet
  facet normal 0 0 1
    outer loop
      vertex -43.2021 81.2021 3
      vertex -44 86.9282 3
      vertex -43.3487 81.0349 3
    endloop
  endfacet
  facet normal 0 0 1
    outer loop
      vertex -48 80 3
      vertex -43.3487 81.0349 3
      vertex -44 86.9282 3
    endloop
  endfacet
  facet normal 0 0 1
    outer loop
      vertex -43.3487 81.0349 3
      vertex -48 80 3
      vertex -43.4722 80.85 3
    endloop
  endfacet
  facet normal 0 0 1
    outer loop
      vertex -43.4722 80.85 3
      vertex -48 80 3
      vertex -43.5706 80.6506 3
    endloop
  endfacet
  facet normal 0 0 1
    outer loop
      vertex -43.6855 80.2219 3
      vertex -48 80 3
      vertex -43.7 80 3
    endloop
  endfacet
  facet normal 0 0 1
    outer loop
      vertex -43.6855 0.221894 3
      vertex -48 80 3
      vertex -43.7 0 3
    endloop
  endfacet
  facet normal 0 0 1
    outer loop
      vertex -43.6421 80.44 3
      vertex -48 80 3
      vertex -43.6855 80.2219 3
    endloop
  endfacet
  facet normal 0 0 1
    outer loop
      vertex -43.5706 80.6506 3
      vertex -48 80 3
      vertex -43.6421 80.44 3
    endloop
  endfacet
  facet normal -0 0 1
    outer loop
      vertex 5.72756 64.2724 3
      vertex 36.9651 32.3487 3
      vertex 6.42616 65.069 3
    endloop
  endfacet
  facet normal 0 0 1
    outer loop
      vertex 36.9651 32.3487 3
      vertex 5.72756 64.2724 3
      vertex 36.7979 32.2021 3
    endloop
  endfacet
  facet normal -0 0 1
    outer loop
      vertex 4.93097 63.5738 3
      vertex 36.7979 32.2021 3
      vertex 5.72756 64.2724 3
    endloop
  endfacet
  facet normal 0 0 1
    outer loop
      vertex 36.7979 32.2021 3
      vertex 4.93097 63.5738 3
      vertex 36.6513 32.0349 3
    endloop
  endfacet
  facet normal 0 0 1
    outer loop
      vertex 36.6513 32.0349 3
      vertex 4.93097 63.5738 3
      vertex 36.5278 31.85 3
    endloop
  endfacet
  facet normal -0 0 1
    outer loop
      vertex 4.05 62.9852 3
      vertex 36.5278 31.85 3
      vertex 4.93097 63.5738 3
    endloop
  endfacet
  facet normal 0 0 1
    outer loop
      vertex 36.5278 31.85 3
      vertex 4.05 62.9852 3
      vertex 36.4294 31.6506 3
    endloop
  endfacet
  facet normal -0 0 1
    outer loop
      vertex 3.09974 62.5166 3
      vertex 36.4294 31.6506 3
      vertex 4.05 62.9852 3
    endloop
  endfacet
  facet normal 0 0 1
    outer loop
      vertex 36.4294 31.6506 3
      vertex 3.09974 62.5166 3
      vertex 21 16 3
    endloop
  endfacet
  facet normal -0 0 1
    outer loop
      vertex 2.09643 62.176 3
      vertex 21 16 3
      vertex 3.09974 62.5166 3
    endloop
  endfacet
  facet normal -0 0 1
    outer loop
      vertex 1.05726 61.9693 3
      vertex 21 16 3
      vertex 2.09643 62.176 3
    endloop
  endfacet
  facet normal -0 0 1
    outer loop
      vertex 0 61.9 3
      vertex 21 16 3
      vertex 1.05726 61.9693 3
    endloop
  endfacet
  facet normal 0 0 1
    outer loop
      vertex -21 16 3
      vertex 0 61.9 3
      vertex -1.05726 61.9693 3
    endloop
  endfacet
  facet normal 0 0 1
    outer loop
      vertex -21 16 3
      vertex -1.05726 61.9693 3
      vertex -2.09643 62.176 3
    endloop
  endfacet
  facet normal 0 0 1
    outer loop
      vertex -21 16 3
      vertex -2.09643 62.176 3
      vertex -3.09974 62.5166 3
    endloop
  endfacet
  facet normal 0 0 1
    outer loop
      vertex -36.4294 31.6506 3
      vertex -3.09974 62.5166 3
      vertex -4.05 62.9852 3
    endloop
  endfacet
  facet normal 0 0 1
    outer loop
      vertex -36.5278 31.85 3
      vertex -4.05 62.9852 3
      vertex -4.93097 63.5738 3
    endloop
  endfacet
  facet normal 0 0 1
    outer loop
      vertex -36.7979 32.2021 3
      vertex -4.93097 63.5738 3
      vertex -5.72756 64.2724 3
    endloop
  endfacet
  facet normal 0 0 1
    outer loop
      vertex -36.9651 32.3487 3
      vertex -5.72756 64.2724 3
      vertex -6.42616 65.069 3
    endloop
  endfacet
  facet normal 0 0 1
    outer loop
      vertex -37.15 32.4722 3
      vertex -6.42616 65.069 3
      vertex -7.0148 65.95 3
    endloop
  endfacet
  facet normal 0 0 1
    outer loop
      vertex 0 61.9 3
      vertex -21 16 3
      vertex 21 16 3
    endloop
  endfacet
  facet normal 0 0 1
    outer loop
      vertex -37.3494 32.5706 3
      vertex -7.0148 65.95 3
      vertex -7.48342 66.9003 3
    endloop
  endfacet
  facet normal 0 0 1
    outer loop
      vertex -8.0307 71.0573 3
      vertex -40.4294 79.3494 3
      vertex -8.1 70 3
    endloop
  endfacet
  facet normal 0 0 1
    outer loop
      vertex -7.824 72.0964 3
      vertex -40.3579 79.56 3
      vertex -8.0307 71.0573 3
    endloop
  endfacet
  facet normal -0 0 1
    outer loop
      vertex -40.3579 79.56 3
      vertex -7.824 72.0964 3
      vertex -40.3145 79.7781 3
    endloop
  endfacet
  facet normal -0 0 1
    outer loop
      vertex 43.6421 -0.439992 3
      vertex 48 -80 3
      vertex 43.6855 -0.221894 3
    endloop
  endfacet
  facet normal 0 0 1
    outer loop
      vertex 48 -80 3
      vertex 43.6855 -79.7781 3
      vertex 43.7 -80 3
    endloop
  endfacet
  facet normal 0 0 1
    outer loop
      vertex 39.7 -31 3
      vertex 43.6421 -0.439992 3
      vertex 43.5706 -0.650561 3
    endloop
  endfacet
  facet normal 0 0 1
    outer loop
      vertex 48 -80 3
      vertex 43.6421 -79.56 3
      vertex 43.6855 -79.7781 3
    endloop
  endfacet
  facet normal 0 0 1
    outer loop
      vertex 39.7 -31 3
      vertex 43.5706 -0.650561 3
      vertex 43.4722 -0.849999 3
    endloop
  endfacet
  facet normal 0 0 1
    outer loop
      vertex 48 -80 3
      vertex 43.5706 -79.3494 3
      vertex 43.6421 -79.56 3
    endloop
  endfacet
  facet normal 0 0 1
    outer loop
      vertex 39.7 -31 3
      vertex 43.4722 -0.849999 3
      vertex 43.3487 -1.03489 3
    endloop
  endfacet
  facet normal 0 0 1
    outer loop
      vertex 48 -80 3
      vertex 43.4722 -79.15 3
      vertex 43.5706 -79.3494 3
    endloop
  endfacet
  facet normal 0 0 1
    outer loop
      vertex 39.7 -31 3
      vertex 43.3487 -1.03489 3
      vertex 43.2021 -1.20208 3
    endloop
  endfacet
  facet normal 0 0 1
    outer loop
      vertex 48 -80 3
      vertex 43.3487 -78.9651 3
      vertex 43.4722 -79.15 3
    endloop
  endfacet
  facet normal 0 0 1
    outer loop
      vertex 39.7 -31 3
      vertex 43.2021 -1.20208 3
      vertex 43.0349 -1.3487 3
    endloop
  endfacet
  facet normal 0 0 1
    outer loop
      vertex 48 -80 3
      vertex 43.2021 -78.7979 3
      vertex 43.3487 -78.9651 3
    endloop
  endfacet
  facet normal 0 0 1
    outer loop
      vertex 39.7 -31 3
      vertex 43.0349 -1.3487 3
      vertex 42.85 -1.47224 3
    endloop
  endfacet
  facet normal 0 0 1
    outer loop
      vertex 48 -80 3
      vertex 43.0349 -78.6513 3
      vertex 43.2021 -78.7979 3
    endloop
  endfacet
  facet normal 0 0 1
    outer loop
      vertex 39.7 -31 3
      vertex 42.85 -1.47224 3
      vertex 42.6506 -1.57059 3
    endloop
  endfacet
  facet normal 0 0 1
    outer loop
      vertex 48 -80 3
      vertex 42.85 -78.5278 3
      vertex 43.0349 -78.6513 3
    endloop
  endfacet
  facet normal 0 0 1
    outer loop
      vertex 43.6421 -0.439992 3
      vertex 39.7 -31 3
      vertex 48 -80 3
    endloop
  endfacet
  facet normal 0 0 1
    outer loop
      vertex 48 -80 3
      vertex 42.6506 -78.4294 3
      vertex 42.85 -78.5278 3
    endloop
  endfacet
  facet normal 0 0 1
    outer loop
      vertex 39.7 -31 3
      vertex 42.6506 -1.57059 3
      vertex 42.44 -1.64207 3
    endloop
  endfacet
  facet normal -0 0 1
    outer loop
      vertex 39.6855 -31.2219 3
      vertex 48 -80 3
      vertex 39.7 -31 3
    endloop
  endfacet
  facet normal 0 0 1
    outer loop
      vertex 39.7 -31 3
      vertex 42.44 -1.64207 3
      vertex 42.2219 -1.68546 3
    endloop
  endfacet
  facet normal -0 0 1
    outer loop
      vertex 39.6421 -31.44 3
      vertex 48 -80 3
      vertex 39.6855 -31.2219 3
    endloop
  endfacet
  facet normal 0 0 1
    outer loop
      vertex 39.7 -31 3
      vertex 42.2219 -1.68546 3
      vertex 42 -1.7 3
    endloop
  endfacet
  facet normal -0 0 1
    outer loop
      vertex 39.5706 -31.6506 3
      vertex 48 -80 3
      vertex 39.6421 -31.44 3
    endloop
  endfacet
  facet normal 0 0 1
    outer loop
      vertex 39.7 -31 3
      vertex 42 -1.7 3
      vertex 41.7781 -1.68546 3
    endloop
  endfacet
  facet normal -0 0 1
    outer loop
      vertex 39.4722 -31.85 3
      vertex 48 -80 3
      vertex 39.5706 -31.6506 3
    endloop
  endfacet
  facet normal 0 0 1
    outer loop
      vertex 39.7 -31 3
      vertex 41.7781 -1.68546 3
      vertex 41.56 -1.64207 3
    endloop
  endfacet
  facet normal -0 0 1
    outer loop
      vertex 39.3487 -32.0349 3
      vertex 48 -80 3
      vertex 39.4722 -31.85 3
    endloop
  endfacet
  facet normal 0 0 1
    outer loop
      vertex 39.7 -31 3
      vertex 41.56 -1.64207 3
      vertex 41.3494 -1.57059 3
    endloop
  endfacet
  facet normal -0 0 1
    outer loop
      vertex 39.2021 -32.2021 3
      vertex 48 -80 3
      vertex 39.3487 -32.0349 3
    endloop
  endfacet
  facet normal 0 0 1
    outer loop
      vertex 39.7 -31 3
      vertex 41.3494 -1.57059 3
      vertex 41.15 -1.47224 3
    endloop
  endfacet
  facet normal -0 0 1
    outer loop
      vertex 39.0349 -32.3487 3
      vertex 48 -80 3
      vertex 39.2021 -32.2021 3
    endloop
  endfacet
  facet normal 0 0 1
    outer loop
      vertex 39.7 -31 3
      vertex 41.15 -1.47224 3
      vertex 40.9651 -1.3487 3
    endloop
  endfacet
  facet normal -0 0 1
    outer loop
      vertex 38.85 -32.4722 3
      vertex 48 -80 3
      vertex 39.0349 -32.3487 3
    endloop
  endfacet
  facet normal 0 0 1
    outer loop
      vertex 39.7 -31 3
      vertex 40.9651 -1.3487 3
      vertex 40.7979 -1.20208 3
    endloop
  endfacet
  facet normal 0 0 1
    outer loop
      vertex 48 -80 3
      vertex 38.85 -32.4722 3
      vertex 42.6506 -78.4294 3
    endloop
  endfacet
  facet normal 0 0 1
    outer loop
      vertex 39.7 -31 3
      vertex 40.7979 -1.20208 3
      vertex 40.6513 -1.03489 3
    endloop
  endfacet
  facet normal 0 0 1
    outer loop
      vertex 42.6506 -78.4294 3
      vertex 38.85 -32.4722 3
      vertex 42.44 -78.3579 3
    endloop
  endfacet
  facet normal 0 0 1
    outer loop
      vertex 39.7 -31 3
      vertex 40.6513 -1.03489 3
      vertex 40.5278 -0.849999 3
    endloop
  endfacet
  facet normal -0 0 1
    outer loop
      vertex 38.6506 -32.5706 3
      vertex 42.44 -78.3579 3
      vertex 38.85 -32.4722 3
    endloop
  endfacet
  facet normal 0 0 1
    outer loop
      vertex 39.7 -31 3
      vertex 40.5278 -0.849999 3
      vertex 40.4294 -0.650561 3
    endloop
  endfacet
  facet normal 0 0 1
    outer loop
      vertex 42.44 -78.3579 3
      vertex 38.6506 -32.5706 3
      vertex 42.2219 -78.3145 3
    endloop
  endfacet
  facet normal 0 0 1
    outer loop
      vertex 39.7 -31 3
      vertex 40.4294 -0.650561 3
      vertex 40.3579 -0.439992 3
    endloop
  endfacet
  facet normal -0 0 1
    outer loop
      vertex 38.44 -32.6421 3
      vertex 42.2219 -78.3145 3
      vertex 38.6506 -32.5706 3
    endloop
  endfacet
  facet normal 0 0 1
    outer loop
      vertex 39.7 -31 3
      vertex 40.3579 -0.439992 3
      vertex 40.3145 -0.221894 3
    endloop
  endfacet
  facet normal 0 0 1
    outer loop
      vertex 42.2219 -78.3145 3
      vertex 38.44 -32.6421 3
      vertex 42 -78.3 3
    endloop
  endfacet
  facet normal 0 0 1
    outer loop
      vertex 39.7 -31 3
      vertex 40.3145 -0.221894 3
      vertex 40.3 0 3
    endloop
  endfacet
  facet normal -0 0 1
    outer loop
      vertex 38.2219 -32.6855 3
      vertex 42 -78.3 3
      vertex 38.44 -32.6421 3
    endloop
  endfacet
  facet normal 0 0 1
    outer loop
      vertex 43.6421 79.56 3
      vertex 48 80 3
      vertex 43.6855 79.7781 3
    endloop
  endfacet
  facet normal 0 0 1
    outer loop
      vertex 48 80 3
      vertex 43.6855 0.221894 3
      vertex 43.7 0 3
    endloop
  endfacet
  facet normal 0 0 1
    outer loop
      vertex 43.5706 79.3494 3
      vertex 48 80 3
      vertex 43.6421 79.56 3
    endloop
  endfacet
  facet normal 0 0 1
    outer loop
      vertex 48 80 3
      vertex 43.6421 0.439992 3
      vertex 43.6855 0.221894 3
    endloop
  endfacet
  facet normal 0 0 1
    outer loop
      vertex 43.4722 79.15 3
      vertex 48 80 3
      vertex 43.5706 79.3494 3
    endloop
  endfacet
  facet normal 0 0 1
    outer loop
      vertex 48 80 3
      vertex 39.7 31 3
      vertex 43.6421 0.439992 3
    endloop
  endfacet
  facet normal 0 0 1
    outer loop
      vertex 43.3487 78.9651 3
      vertex 48 80 3
      vertex 43.4722 79.15 3
    endloop
  endfacet
  facet normal 0 0 1
    outer loop
      vertex 43.6421 0.439992 3
      vertex 39.7 31 3
      vertex 43.5706 0.650561 3
    endloop
  endfacet
  facet normal 0 0 1
    outer loop
      vertex 43.2021 78.7979 3
      vertex 48 80 3
      vertex 43.3487 78.9651 3
    endloop
  endfacet
  facet normal -0 0 1
    outer loop
      vertex 39.6855 30.7781 3
      vertex 43.5706 0.650561 3
      vertex 39.7 31 3
    endloop
  endfacet
  facet normal 0 0 1
    outer loop
      vertex 43.0349 78.6513 3
      vertex 48 80 3
      vertex 43.2021 78.7979 3
    endloop
  endfacet
  facet normal 0 0 1
    outer loop
      vertex 43.5706 0.650561 3
      vertex 39.6855 30.7781 3
      vertex 43.4722 0.849999 3
    endloop
  endfacet
  facet normal 0 0 1
    outer loop
      vertex 42.85 78.5278 3
      vertex 48 80 3
      vertex 43.0349 78.6513 3
    endloop
  endfacet
  facet normal -0 0 1
    outer loop
      vertex 39.6421 30.56 3
      vertex 43.4722 0.849999 3
      vertex 39.6855 30.7781 3
    endloop
  endfacet
  facet normal 0 0 1
    outer loop
      vertex 42.6506 78.4294 3
      vertex 48 80 3
      vertex 42.85 78.5278 3
    endloop
  endfacet
  facet normal 0 0 1
    outer loop
      vertex 43.4722 0.849999 3
      vertex 39.6421 30.56 3
      vertex 43.3487 1.03489 3
    endloop
  endfacet
  facet normal 0 0 1
    outer loop
      vertex 38.85 32.4722 3
      vertex 48 80 3
      vertex 42.6506 78.4294 3
    endloop
  endfacet
  facet normal -0 0 1
    outer loop
      vertex 39.5706 30.3494 3
      vertex 43.3487 1.03489 3
      vertex 39.6421 30.56 3
    endloop
  endfacet
  facet normal 0 0 1
    outer loop
      vertex 38.85 32.4722 3
      vertex 42.6506 78.4294 3
      vertex 42.44 78.3579 3
    endloop
  endfacet
  facet normal 0 0 1
    outer loop
      vertex 43.3487 1.03489 3
      vertex 39.5706 30.3494 3
      vertex 43.2021 1.20208 3
    endloop
  endfacet
  facet normal 0 0 1
    outer loop
      vertex 38.6506 32.5706 3
      vertex 42.44 78.3579 3
      vertex 42.2219 78.3145 3
    endloop
  endfacet
  facet normal -0 0 1
    outer loop
      vertex 39.4722 30.15 3
      vertex 43.2021 1.20208 3
      vertex 39.5706 30.3494 3
    endloop
  endfacet
  facet normal 0 0 1
    outer loop
      vertex 38.44 32.6421 3
      vertex 42.2219 78.3145 3
      vertex 42 78.3 3
    endloop
  endfacet
  facet normal 0 0 1
    outer loop
      vertex 43.2021 1.20208 3
      vertex 39.4722 30.15 3
      vertex 43.0349 1.3487 3
    endloop
  endfacet
  facet normal 0 0 1
    outer loop
      vertex 38.2219 32.6855 3
      vertex 42 78.3 3
      vertex 41.7781 78.3145 3
    endloop
  endfacet
  facet normal -0 0 1
    outer loop
      vertex 39.3487 29.9651 3
      vertex 43.0349 1.3487 3
      vertex 39.4722 30.15 3
    endloop
  endfacet
  facet normal 0 0 1
    outer loop
      vertex 38 32.7 3
      vertex 41.7781 78.3145 3
      vertex 41.56 78.3579 3
    endloop
  endfacet
  facet normal 0 0 1
    outer loop
      vertex 43.0349 1.3487 3
      vertex 39.3487 29.9651 3
      vertex 42.85 1.47224 3
    endloop
  endfacet
  facet normal 0 0 1
    outer loop
      vertex 37.7781 32.6855 3
      vertex 41.56 78.3579 3
      vertex 41.3494 78.4294 3
    endloop
  endfacet
  facet normal -0 0 1
    outer loop
      vertex 39.2021 29.7979 3
      vertex 42.85 1.47224 3
      vertex 39.3487 29.9651 3
    endloop
  endfacet
  facet normal 0 0 1
    outer loop
      vertex 37.56 32.6421 3
      vertex 41.3494 78.4294 3
      vertex 41.15 78.5278 3
    endloop
  endfacet
  facet normal 0 0 1
    outer loop
      vertex 42.85 1.47224 3
      vertex 39.2021 29.7979 3
      vertex 42.6506 1.57059 3
    endloop
  endfacet
  facet normal 0 0 1
    outer loop
      vertex 7.824 67.9036 3
      vertex 40.7979 78.7979 3
      vertex 8.0307 68.9427 3
    endloop
  endfacet
  facet normal -0 0 1
    outer loop
      vertex 39.0349 29.6513 3
      vertex 42.6506 1.57059 3
      vertex 39.2021 29.7979 3
    endloop
  endfacet
  facet normal 0 0 1
    outer loop
      vertex 40.6513 78.9651 3
      vertex 8.0307 68.9427 3
      vertex 40.7979 78.7979 3
    endloop
  endfacet
  facet normal 0 0 1
    outer loop
      vertex 42.6506 1.57059 3
      vertex 39.0349 29.6513 3
      vertex 42.44 1.64207 3
    endloop
  endfacet
  facet normal 0 0 1
    outer loop
      vertex 8.0307 68.9427 3
      vertex 40.6513 78.9651 3
      vertex 8.1 70 3
    endloop
  endfacet
  facet normal -0 0 1
    outer loop
      vertex 38.85 29.5278 3
      vertex 42.44 1.64207 3
      vertex 39.0349 29.6513 3
    endloop
  endfacet
  facet normal 0 0 1
    outer loop
      vertex 8.1 70 3
      vertex 40.6513 78.9651 3
      vertex 40.5278 79.15 3
    endloop
  endfacet
  facet normal 0 0 1
    outer loop
      vertex 42.44 1.64207 3
      vertex 38.85 29.5278 3
      vertex 42.2219 1.68546 3
    endloop
  endfacet
  facet normal 0 0 1
    outer loop
      vertex 8.1 70 3
      vertex 40.5278 79.15 3
      vertex 40.4294 79.3494 3
    endloop
  endfacet
  facet normal -0 0 1
    outer loop
      vertex 38.6506 29.4294 3
      vertex 42.2219 1.68546 3
      vertex 38.85 29.5278 3
    endloop
  endfacet
  facet normal 0 0 1
    outer loop
      vertex 8.0307 71.0573 3
      vertex 40.4294 79.3494 3
      vertex 40.3579 79.56 3
    endloop
  endfacet
  facet normal 0 0 1
    outer loop
      vertex 42.2219 1.68546 3
      vertex 38.6506 29.4294 3
      vertex 42 1.7 3
    endloop
  endfacet
  facet normal 0 0 1
    outer loop
      vertex 7.824 72.0964 3
      vertex 40.3579 79.56 3
      vertex 40.3145 79.7781 3
    endloop
  endfacet
  facet normal -0 0 1
    outer loop
      vertex 38.44 29.3579 3
      vertex 42 1.7 3
      vertex 38.6506 29.4294 3
    endloop
  endfacet
  facet normal 0 0 1
    outer loop
      vertex 7.48342 73.0997 3
      vertex 40.3145 79.7781 3
      vertex 40.3 80 3
    endloop
  endfacet
  facet normal 0 0 1
    outer loop
      vertex 42 1.7 3
      vertex 38.44 29.3579 3
      vertex 41.7781 1.68546 3
    endloop
  endfacet
  facet normal -0 0 1
    outer loop
      vertex 43.6855 80.2219 3
      vertex 48 80 3
      vertex 47.9316 81.0442 3
    endloop
  endfacet
  facet normal 0 0 1
    outer loop
      vertex 48 80 3
      vertex 43.7 0 3
      vertex 48 -80 3
    endloop
  endfacet
  facet normal 0 0 1
    outer loop
      vertex 43.6421 80.44 3
      vertex 47.9316 81.0442 3
      vertex 47.7274 82.0705 3
    endloop
  endfacet
  facet normal -0 0 1
    outer loop
      vertex 43.6855 -0.221894 3
      vertex 48 -80 3
      vertex 43.7 0 3
    endloop
  endfacet
  facet normal 0 0 1
    outer loop
      vertex 43.4722 80.85 3
      vertex 47.7274 82.0705 3
      vertex 47.391 83.0615 3
    endloop
  endfacet
  facet normal 0 0 1
    outer loop
      vertex 43.6855 -80.2219 3
      vertex 48 -80 3
      vertex 43.7 -80 3
    endloop
  endfacet
  facet normal 0 0 1
    outer loop
      vertex 43.3487 81.0349 3
      vertex 47.391 83.0615 3
      vertex 46.9282 84 3
    endloop
  endfacet
  facet normal 0 0 1
    outer loop
      vertex 48 -80 3
      vertex 43.6855 -80.2219 3
      vertex 47.9316 -81.0442 3
    endloop
  endfacet
  facet normal 0 0 1
    outer loop
      vertex 43.0349 81.3487 3
      vertex 46.9282 84 3
      vertex 46.3468 84.8701 3
    endloop
  endfacet
  facet normal -0 0 1
    outer loop
      vertex 43.6421 -80.44 3
      vertex 47.9316 -81.0442 3
      vertex 43.6855 -80.2219 3
    endloop
  endfacet
  facet normal 0 0 1
    outer loop
      vertex 42.85 81.4722 3
      vertex 46.3468 84.8701 3
      vertex 45.6569 85.6569 3
    endloop
  endfacet
  facet normal 0 0 1
    outer loop
      vertex 47.9316 -81.0442 3
      vertex 43.6421 -80.44 3
      vertex 47.7274 -82.0706 3
    endloop
  endfacet
  facet normal 0 0 1
    outer loop
      vertex 42.6506 81.5706 3
      vertex 45.6569 85.6569 3
      vertex 44.8701 86.3468 3
    endloop
  endfacet
  facet normal -0 0 1
    outer loop
      vertex 43.5706 -80.6506 3
      vertex 47.7274 -82.0706 3
      vertex 43.6421 -80.44 3
    endloop
  endfacet
  facet normal 0 0 1
    outer loop
      vertex 42.44 81.6421 3
      vertex 44.8701 86.3468 3
      vertex 44 86.9282 3
    endloop
  endfacet
  facet normal -0 0 1
    outer loop
      vertex 43.4722 -80.85 3
      vertex 47.7274 -82.0706 3
      vertex 43.5706 -80.6506 3
    endloop
  endfacet
  facet normal 0 0 1
    outer loop
      vertex 43.6855 79.7781 3
      vertex 48 80 3
      vertex 43.7 80 3
    endloop
  endfacet
  facet normal 0 0 1
    outer loop
      vertex 48 80 3
      vertex 43.6855 80.2219 3
      vertex 43.7 80 3
    endloop
  endfacet
  facet normal 0 0 1
    outer loop
      vertex 47.9316 81.0442 3
      vertex 43.6421 80.44 3
      vertex 43.6855 80.2219 3
    endloop
  endfacet
  facet normal 0 0 1
    outer loop
      vertex 47.7274 82.0705 3
      vertex 43.5706 80.6506 3
      vertex 43.6421 80.44 3
    endloop
  endfacet
  facet normal 0 0 1
    outer loop
      vertex 47.7274 82.0705 3
      vertex 43.4722 80.85 3
      vertex 43.5706 80.6506 3
    endloop
  endfacet
  facet normal 0 0 1
    outer loop
      vertex 47.391 83.0615 3
      vertex 43.3487 81.0349 3
      vertex 43.4722 80.85 3
    endloop
  endfacet
  facet normal 0 0 1
    outer loop
      vertex 46.9282 84 3
      vertex 43.2021 81.2021 3
      vertex 43.3487 81.0349 3
    endloop
  endfacet
  facet normal 0 0 1
    outer loop
      vertex 42 81.7 3
      vertex 44 86.9282 3
      vertex 43.0615 87.391 3
    endloop
  endfacet
  facet normal 0 0 1
    outer loop
      vertex 46.9282 84 3
      vertex 43.0349 81.3487 3
      vertex 43.2021 81.2021 3
    endloop
  endfacet
  facet normal 0 0 1
    outer loop
      vertex 46.3468 84.8701 3
      vertex 42.85 81.4722 3
      vertex 43.0349 81.3487 3
    endloop
  endfacet
  facet normal 0 0 1
    outer loop
      vertex 45.6569 85.6569 3
      vertex 42.6506 81.5706 3
      vertex 42.85 81.4722 3
    endloop
  endfacet
  facet normal 0 0 1
    outer loop
      vertex 44.8701 86.3468 3
      vertex 42.44 81.6421 3
      vertex 42.6506 81.5706 3
    endloop
  endfacet
  facet normal 0 0 1
    outer loop
      vertex 44 86.9282 3
      vertex 42.2219 81.6855 3
      vertex 42.44 81.6421 3
    endloop
  endfacet
  facet normal 0 0 1
    outer loop
      vertex 41.7781 81.6855 3
      vertex 43.0615 87.391 3
      vertex 42.0706 87.7274 3
    endloop
  endfacet
  facet normal 0 0 1
    outer loop
      vertex 44 86.9282 3
      vertex 42 81.7 3
      vertex 42.2219 81.6855 3
    endloop
  endfacet
  facet normal 0 0 1
    outer loop
      vertex 43.0615 87.391 3
      vertex 41.7781 81.6855 3
      vertex 42 81.7 3
    endloop
  endfacet
  facet normal 0 0 1
    outer loop
      vertex 42.0706 87.7274 3
      vertex 41.56 81.6421 3
      vertex 41.7781 81.6855 3
    endloop
  endfacet
  facet normal 0 0 1
    outer loop
      vertex 41.0442 87.9316 3
      vertex 41.56 81.6421 3
      vertex 42.0706 87.7274 3
    endloop
  endfacet
  facet normal 0 0 1
    outer loop
      vertex 41.56 81.6421 3
      vertex 41.0442 87.9316 3
      vertex 41.3494 81.5706 3
    endloop
  endfacet
  facet normal 0 0 1
    outer loop
      vertex 40 88 3
      vertex 41.3494 81.5706 3
      vertex 41.0442 87.9316 3
    endloop
  endfacet
  facet normal 0 0 1
    outer loop
      vertex 41.3494 81.5706 3
      vertex 40 88 3
      vertex 41.15 81.4722 3
    endloop
  endfacet
  facet normal 0 0 1
    outer loop
      vertex 41.15 81.4722 3
      vertex 40 88 3
      vertex 40.9651 81.3487 3
    endloop
  endfacet
  facet normal 0 0 1
    outer loop
      vertex 40.9651 81.3487 3
      vertex 40 88 3
      vertex 40.7979 81.2021 3
    endloop
  endfacet
  facet normal 0 0 1
    outer loop
      vertex 40.7979 81.2021 3
      vertex 40 88 3
      vertex 40.6513 81.0349 3
    endloop
  endfacet
  facet normal 0 0 1
    outer loop
      vertex 40.6513 81.0349 3
      vertex 40 88 3
      vertex 40.5278 80.85 3
    endloop
  endfacet
  facet normal 0 0 1
    outer loop
      vertex 40.5278 80.85 3
      vertex 40 88 3
      vertex 40.4294 80.6506 3
    endloop
  endfacet
  facet normal 0 0 1
    outer loop
      vertex 40.4294 80.6506 3
      vertex 40 88 3
      vertex 40.3579 80.44 3
    endloop
  endfacet
  facet normal -0 0 1
    outer loop
      vertex 38.2219 29.3145 3
      vertex 41.7781 1.68546 3
      vertex 38.44 29.3579 3
    endloop
  endfacet
  facet normal 0 0 1
    outer loop
      vertex 40.3145 80.2219 3
      vertex 7.0148 74.05 3
      vertex 40.3 80 3
    endloop
  endfacet
  facet normal 0 0 1
    outer loop
      vertex 7.0148 74.05 3
      vertex 40.3145 80.2219 3
      vertex 40 88 3
    endloop
  endfacet
  facet normal 0 0 1
    outer loop
      vertex 40.3579 80.44 3
      vertex 40 88 3
      vertex 40.3145 80.2219 3
    endloop
  endfacet
  facet normal 0 0 1
    outer loop
      vertex 47.7274 -82.0706 3
      vertex 43.4722 -80.85 3
      vertex 47.391 -83.0615 3
    endloop
  endfacet
  facet normal -0 0 1
    outer loop
      vertex 43.3487 -81.0349 3
      vertex 47.391 -83.0615 3
      vertex 43.4722 -80.85 3
    endloop
  endfacet
  facet normal 0 0 1
    outer loop
      vertex 47.391 -83.0615 3
      vertex 43.3487 -81.0349 3
      vertex 46.9282 -84 3
    endloop
  endfacet
  facet normal -0 0 1
    outer loop
      vertex 43.2021 -81.2021 3
      vertex 46.9282 -84 3
      vertex 43.3487 -81.0349 3
    endloop
  endfacet
  facet normal -0 0 1
    outer loop
      vertex 43.0349 -81.3487 3
      vertex 46.9282 -84 3
      vertex 43.2021 -81.2021 3
    endloop
  endfacet
  facet normal 0 0 1
    outer loop
      vertex 46.9282 -84 3
      vertex 43.0349 -81.3487 3
      vertex 46.3468 -84.8701 3
    endloop
  endfacet
  facet normal -0 0 1
    outer loop
      vertex 42.85 -81.4722 3
      vertex 46.3468 -84.8701 3
      vertex 43.0349 -81.3487 3
    endloop
  endfacet
  facet normal 0 0 1
    outer loop
      vertex 46.3468 -84.8701 3
      vertex 42.85 -81.4722 3
      vertex 45.6569 -85.6569 3
    endloop
  endfacet
  facet normal -0 0 1
    outer loop
      vertex 42.6506 -81.5706 3
      vertex 45.6569 -85.6569 3
      vertex 42.85 -81.4722 3
    endloop
  endfacet
  facet normal 0 0 1
    outer loop
      vertex 45.6569 -85.6569 3
      vertex 42.6506 -81.5706 3
      vertex 44.8701 -86.3468 3
    endloop
  endfacet
  facet normal -0 0 1
    outer loop
      vertex 42.44 -81.6421 3
      vertex 44.8701 -86.3468 3
      vertex 42.6506 -81.5706 3
    endloop
  endfacet
  facet normal 0 0 1
    outer loop
      vertex 44.8701 -86.3468 3
      vertex 42.44 -81.6421 3
      vertex 44 -86.9282 3
    endloop
  endfacet
  facet normal -0 0 1
    outer loop
      vertex 42.2219 -81.6855 3
      vertex 44 -86.9282 3
      vertex 42.44 -81.6421 3
    endloop
  endfacet
  facet normal -0 0 1
    outer loop
      vertex 42 -81.7 3
      vertex 44 -86.9282 3
      vertex 42.2219 -81.6855 3
    endloop
  endfacet
  facet normal 0 0 1
    outer loop
      vertex 44 -86.9282 3
      vertex 42 -81.7 3
      vertex 43.0615 -87.391 3
    endloop
  endfacet
  facet normal 0 0 1
    outer loop
      vertex 41.7781 -81.6855 3
      vertex 43.0615 -87.391 3
      vertex 42 -81.7 3
    endloop
  endfacet
  facet normal 0 0 1
    outer loop
      vertex 43.0615 -87.391 3
      vertex 41.7781 -81.6855 3
      vertex 42.0706 -87.7274 3
    endloop
  endfacet
  facet normal 0 0 1
    outer loop
      vertex 41.56 -81.6421 3
      vertex 42.0706 -87.7274 3
      vertex 41.7781 -81.6855 3
    endloop
  endfacet
  facet normal 0 0 1
    outer loop
      vertex 41.0442 -87.9316 3
      vertex 41.56 -81.6421 3
      vertex 41.3494 -81.5706 3
    endloop
  endfacet
  facet normal 0 0 1
    outer loop
      vertex 40 -88 3
      vertex 41.3494 -81.5706 3
      vertex 41.15 -81.4722 3
    endloop
  endfacet
  facet normal 0 0 1
    outer loop
      vertex 41.56 -81.6421 3
      vertex 41.0442 -87.9316 3
      vertex 42.0706 -87.7274 3
    endloop
  endfacet
  facet normal 0 0 1
    outer loop
      vertex 40 -88 3
      vertex 41.15 -81.4722 3
      vertex 40.9651 -81.3487 3
    endloop
  endfacet
  facet normal 0 0 1
    outer loop
      vertex 40 -88 3
      vertex 40.9651 -81.3487 3
      vertex 40.7979 -81.2021 3
    endloop
  endfacet
  facet normal 0 0 1
    outer loop
      vertex 40 -88 3
      vertex 40.7979 -81.2021 3
      vertex 40.6513 -81.0349 3
    endloop
  endfacet
  facet normal 0 0 1
    outer loop
      vertex 40 -88 3
      vertex 40.6513 -81.0349 3
      vertex 40.5278 -80.85 3
    endloop
  endfacet
  facet normal 0 0 1
    outer loop
      vertex 40 -88 3
      vertex 40.5278 -80.85 3
      vertex 40.4294 -80.6506 3
    endloop
  endfacet
  facet normal 0 0 1
    outer loop
      vertex 40 -88 3
      vertex 40.4294 -80.6506 3
      vertex 40.3579 -80.44 3
    endloop
  endfacet
  facet normal 0 0 1
    outer loop
      vertex 40 -88 3
      vertex 40.3579 -80.44 3
      vertex 40.3145 -80.2219 3
    endloop
  endfacet
  facet normal 0 0 1
    outer loop
      vertex 41.3494 -81.5706 3
      vertex 40 -88 3
      vertex 41.0442 -87.9316 3
    endloop
  endfacet
  facet normal 0 0 1
    outer loop
      vertex 40.3 -80 3
      vertex 40 -88 3
      vertex 40.3145 -80.2219 3
    endloop
  endfacet
  facet normal 0 0 1
    outer loop
      vertex 41.7781 1.68546 3
      vertex 38.2219 29.3145 3
      vertex 41.56 1.64207 3
    endloop
  endfacet
  facet normal 0 0 1
    outer loop
      vertex 42 -78.3 3
      vertex 38.2219 -32.6855 3
      vertex 41.7781 -78.3145 3
    endloop
  endfacet
  facet normal 0 0 1
    outer loop
      vertex 48 80 3
      vertex 39.6855 31.2219 3
      vertex 39.7 31 3
    endloop
  endfacet
  facet normal 0 0 1
    outer loop
      vertex 48 80 3
      vertex 39.6421 31.44 3
      vertex 39.6855 31.2219 3
    endloop
  endfacet
  facet normal 0 0 1
    outer loop
      vertex 48 80 3
      vertex 39.5706 31.6506 3
      vertex 39.6421 31.44 3
    endloop
  endfacet
  facet normal 0 0 1
    outer loop
      vertex 48 80 3
      vertex 39.4722 31.85 3
      vertex 39.5706 31.6506 3
    endloop
  endfacet
  facet normal 0 0 1
    outer loop
      vertex 48 80 3
      vertex 39.3487 32.0349 3
      vertex 39.4722 31.85 3
    endloop
  endfacet
  facet normal 0 0 1
    outer loop
      vertex 48 80 3
      vertex 39.2021 32.2021 3
      vertex 39.3487 32.0349 3
    endloop
  endfacet
  facet normal 0 0 1
    outer loop
      vertex 48 80 3
      vertex 39.0349 32.3487 3
      vertex 39.2021 32.2021 3
    endloop
  endfacet
  facet normal 0 0 1
    outer loop
      vertex 48 80 3
      vertex 38.85 32.4722 3
      vertex 39.0349 32.3487 3
    endloop
  endfacet
  facet normal 0 0 1
    outer loop
      vertex 42.44 78.3579 3
      vertex 38.6506 32.5706 3
      vertex 38.85 32.4722 3
    endloop
  endfacet
  facet normal 0 0 1
    outer loop
      vertex 42.2219 78.3145 3
      vertex 38.44 32.6421 3
      vertex 38.6506 32.5706 3
    endloop
  endfacet
  facet normal 0 0 1
    outer loop
      vertex 42 78.3 3
      vertex 38.2219 32.6855 3
      vertex 38.44 32.6421 3
    endloop
  endfacet
  facet normal 0 0 1
    outer loop
      vertex 41.7781 78.3145 3
      vertex 38 32.7 3
      vertex 38.2219 32.6855 3
    endloop
  endfacet
  facet normal 0 0 1
    outer loop
      vertex 41.56 78.3579 3
      vertex 37.7781 32.6855 3
      vertex 38 32.7 3
    endloop
  endfacet
  facet normal 0 0 1
    outer loop
      vertex 40.7979 78.7979 3
      vertex 7.824 67.9036 3
      vertex 40.9651 78.6513 3
    endloop
  endfacet
  facet normal 0 0 1
    outer loop
      vertex 41.3494 78.4294 3
      vertex 37.56 32.6421 3
      vertex 37.7781 32.6855 3
    endloop
  endfacet
  facet normal 0 0 1
    outer loop
      vertex 40.9651 78.6513 3
      vertex 7.824 67.9036 3
      vertex 41.15 78.5278 3
    endloop
  endfacet
  facet normal 0 0 1
    outer loop
      vertex 7.48342 66.9003 3
      vertex 41.15 78.5278 3
      vertex 7.824 67.9036 3
    endloop
  endfacet
  facet normal 0 0 1
    outer loop
      vertex 41.15 78.5278 3
      vertex 7.48342 66.9003 3
      vertex 37.56 32.6421 3
    endloop
  endfacet
  facet normal 0 0 1
    outer loop
      vertex 37.56 32.6421 3
      vertex 7.48342 66.9003 3
      vertex 37.3494 32.5706 3
    endloop
  endfacet
  facet normal -0 0 1
    outer loop
      vertex 7.0148 65.95 3
      vertex 37.3494 32.5706 3
      vertex 7.48342 66.9003 3
    endloop
  endfacet
  facet normal 0 0 1
    outer loop
      vertex 37.3494 32.5706 3
      vertex 7.0148 65.95 3
      vertex 37.15 32.4722 3
    endloop
  endfacet
  facet normal -0 0 1
    outer loop
      vertex 6.42616 65.069 3
      vertex 37.15 32.4722 3
      vertex 7.0148 65.95 3
    endloop
  endfacet
  facet normal 0 0 1
    outer loop
      vertex 37.15 32.4722 3
      vertex 6.42616 65.069 3
      vertex 36.9651 32.3487 3
    endloop
  endfacet
  facet normal 0 0 1
    outer loop
      vertex 36.4294 31.6506 3
      vertex 21 16 3
      vertex 36.3579 31.44 3
    endloop
  endfacet
  facet normal -0 0 1
    outer loop
      vertex 23.8284 -14.8284 3
      vertex 36.9651 -29.6513 3
      vertex 24.1734 -14.435 3
    endloop
  endfacet
  facet normal 0 0 1
    outer loop
      vertex 36.3579 31.44 3
      vertex 21 16 3
      vertex 36.3145 31.2219 3
    endloop
  endfacet
  facet normal 0 0 1
    outer loop
      vertex 40.3145 0.221894 3
      vertex 25 12 3
      vertex 40.3 0 3
    endloop
  endfacet
  facet normal 0 0 1
    outer loop
      vertex 38 29.3 3
      vertex 24.8637 13.0353 3
      vertex 24.9658 12.5221 3
    endloop
  endfacet
  facet normal 0 0 1
    outer loop
      vertex 37.7781 29.3145 3
      vertex 24.6955 13.5307 3
      vertex 24.8637 13.0353 3
    endloop
  endfacet
  facet normal 0 0 1
    outer loop
      vertex 37.56 29.3579 3
      vertex 24.4641 14 3
      vertex 24.6955 13.5307 3
    endloop
  endfacet
  facet normal 0 0 1
    outer loop
      vertex 37.3494 29.4294 3
      vertex 24.1734 14.435 3
      vertex 24.4641 14 3
    endloop
  endfacet
  facet normal 0 0 1
    outer loop
      vertex 36.9651 29.6513 3
      vertex 23.8284 14.8284 3
      vertex 24.1734 14.435 3
    endloop
  endfacet
  facet normal 0 0 1
    outer loop
      vertex 36.7979 29.7979 3
      vertex 23.435 15.1734 3
      vertex 23.8284 14.8284 3
    endloop
  endfacet
  facet normal 0 0 1
    outer loop
      vertex 36.6513 29.9651 3
      vertex 23 15.4641 3
      vertex 23.435 15.1734 3
    endloop
  endfacet
  facet normal 0 0 1
    outer loop
      vertex 36.3145 31.2219 3
      vertex 21 16 3
      vertex 36.3 31 3
    endloop
  endfacet
  facet normal 0 0 1
    outer loop
      vertex 36.5278 30.15 3
      vertex 22.5307 15.6955 3
      vertex 23 15.4641 3
    endloop
  endfacet
  facet normal 0 0 1
    outer loop
      vertex 36.4294 30.3494 3
      vertex 22.0353 15.8637 3
      vertex 22.5307 15.6955 3
    endloop
  endfacet
  facet normal 0 0 1
    outer loop
      vertex 36.3579 30.56 3
      vertex 21.5221 15.9658 3
      vertex 22.0353 15.8637 3
    endloop
  endfacet
  facet normal 0 0 1
    outer loop
      vertex 36.3 31 3
      vertex 21 16 3
      vertex 21.5221 15.9658 3
    endloop
  endfacet
  facet normal 0 0 1
    outer loop
      vertex 40.4294 79.3494 3
      vertex 8.0307 71.0573 3
      vertex 8.1 70 3
    endloop
  endfacet
  facet normal 0 0 1
    outer loop
      vertex 40.3579 79.56 3
      vertex 7.824 72.0964 3
      vertex 8.0307 71.0573 3
    endloop
  endfacet
  facet normal 0 0 1
    outer loop
      vertex 40.3145 79.7781 3
      vertex 7.48342 73.0997 3
      vertex 7.824 72.0964 3
    endloop
  endfacet
  facet normal 0 0 1
    outer loop
      vertex 40.3 80 3
      vertex 7.0148 74.05 3
      vertex 7.48342 73.0997 3
    endloop
  endfacet
  facet normal 0 0 1
    outer loop
      vertex 40 88 3
      vertex 6.42616 74.931 3
      vertex 7.0148 74.05 3
    endloop
  endfacet
  facet normal 0 0 1
    outer loop
      vertex 40 88 3
      vertex 5.72756 75.7276 3
      vertex 6.42616 74.931 3
    endloop
  endfacet
  facet normal 0 0 1
    outer loop
      vertex 40 88 3
      vertex 4.93097 76.4262 3
      vertex 5.72756 75.7276 3
    endloop
  endfacet
  facet normal 0 0 1
    outer loop
      vertex 40 88 3
      vertex 4.05 77.0148 3
      vertex 4.93097 76.4262 3
    endloop
  endfacet
  facet normal 0 0 1
    outer loop
      vertex 40 88 3
      vertex 3.09974 77.4834 3
      vertex 4.05 77.0148 3
    endloop
  endfacet
  facet normal 0 0 1
    outer loop
      vertex 40 88 3
      vertex 2.09643 77.824 3
      vertex 3.09974 77.4834 3
    endloop
  endfacet
  facet normal 0 0 1
    outer loop
      vertex 40 88 3
      vertex 1.05726 78.0307 3
      vertex 2.09643 77.824 3
    endloop
  endfacet
  facet normal 0 0 1
    outer loop
      vertex 40 88 3
      vertex 0 78.1 3
      vertex 1.05726 78.0307 3
    endloop
  endfacet
  facet normal -0 0 1
    outer loop
      vertex -40 88 3
      vertex 0 78.1 3
      vertex 40 88 3
    endloop
  endfacet
  facet normal 0 0 1
    outer loop
      vertex 0 78.1 3
      vertex -40 88 3
      vertex -1.05726 78.0307 3
    endloop
  endfacet
  facet normal 0 0 1
    outer loop
      vertex -7.48342 73.0997 3
      vertex -40.3145 79.7781 3
      vertex -7.824 72.0964 3
    endloop
  endfacet
  facet normal -0 0 1
    outer loop
      vertex -40.3145 79.7781 3
      vertex -7.48342 73.0997 3
      vertex -40.3 80 3
    endloop
  endfacet
  facet normal 0 0 1
    outer loop
      vertex -3.09974 62.5166 3
      vertex -36.4294 31.6506 3
      vertex -21 16 3
    endloop
  endfacet
  facet normal -0 -0 1
    outer loop
      vertex -36.3579 31.44 3
      vertex -21 16 3
      vertex -36.4294 31.6506 3
    endloop
  endfacet
  facet normal -0 -0 1
    outer loop
      vertex -36.3145 31.2219 3
      vertex -21 16 3
      vertex -36.3579 31.44 3
    endloop
  endfacet
  facet normal -0 -0 1
    outer loop
      vertex -36.3 31 3
      vertex -21 16 3
      vertex -36.3145 31.2219 3
    endloop
  endfacet
  facet normal 0 0 1
    outer loop
      vertex -21 16 3
      vertex -36.3 31 3
      vertex -21.5221 15.9658 3
    endloop
  endfacet
  facet normal -0 0 1
    outer loop
      vertex -36.3579 30.56 3
      vertex -21.5221 15.9658 3
      vertex -36.3145 30.7781 3
    endloop
  endfacet
  facet normal 0 0 1
    outer loop
      vertex -21.5221 15.9658 3
      vertex -36.3579 30.56 3
      vertex -22.0353 15.8637 3
    endloop
  endfacet
  facet normal -0 0 1
    outer loop
      vertex -36.4294 30.3494 3
      vertex -22.0353 15.8637 3
      vertex -36.3579 30.56 3
    endloop
  endfacet
  facet normal 0 0 1
    outer loop
      vertex -22.0353 15.8637 3
      vertex -36.4294 30.3494 3
      vertex -22.5307 15.6955 3
    endloop
  endfacet
  facet normal -0 0 1
    outer loop
      vertex -36.5278 30.15 3
      vertex -22.5307 15.6955 3
      vertex -36.4294 30.3494 3
    endloop
  endfacet
  facet normal -0 0 1
    outer loop
      vertex -36.9651 29.6513 3
      vertex -23.8284 14.8284 3
      vertex -36.7979 29.7979 3
    endloop
  endfacet
  facet normal 0 0 1
    outer loop
      vertex -23.435 15.1734 3
      vertex -36.7979 29.7979 3
      vertex -23.8284 14.8284 3
    endloop
  endfacet
  facet normal -0 0 1
    outer loop
      vertex -36.7979 29.7979 3
      vertex -23.435 15.1734 3
      vertex -36.6513 29.9651 3
    endloop
  endfacet
  facet normal 0 0 1
    outer loop
      vertex -22.5307 15.6955 3
      vertex -36.5278 30.15 3
      vertex -23 15.4641 3
    endloop
  endfacet
  facet normal 0 0 1
    outer loop
      vertex -7.0148 74.05 3
      vertex -40.3 80 3
      vertex -7.48342 73.0997 3
    endloop
  endfacet
  facet normal -0 0 1
    outer loop
      vertex -40.3 80 3
      vertex -7.0148 74.05 3
      vertex -40 88 3
    endloop
  endfacet
  facet normal 0 0 1
    outer loop
      vertex -40 88 3
      vertex -7.0148 74.05 3
      vertex -6.42616 74.931 3
    endloop
  endfacet
  facet normal 0 0 1
    outer loop
      vertex -23 15.4641 3
      vertex -36.6513 29.9651 3
      vertex -23.435 15.1734 3
    endloop
  endfacet
  facet normal -0 0 1
    outer loop
      vertex -36.6513 29.9651 3
      vertex -23 15.4641 3
      vertex -36.5278 30.15 3
    endloop
  endfacet
  facet normal -0 0 1
    outer loop
      vertex -36.3145 30.7781 3
      vertex -21.5221 15.9658 3
      vertex -36.3 31 3
    endloop
  endfacet
  facet normal 0 0 1
    outer loop
      vertex -4.05 62.9852 3
      vertex -36.5278 31.85 3
      vertex -36.4294 31.6506 3
    endloop
  endfacet
  facet normal 0 0 1
    outer loop
      vertex -4.93097 63.5738 3
      vertex -36.6513 32.0349 3
      vertex -36.5278 31.85 3
    endloop
  endfacet
  facet normal 0 0 1
    outer loop
      vertex -4.93097 63.5738 3
      vertex -36.7979 32.2021 3
      vertex -36.6513 32.0349 3
    endloop
  endfacet
  facet normal 0 0 1
    outer loop
      vertex -5.72756 64.2724 3
      vertex -36.9651 32.3487 3
      vertex -36.7979 32.2021 3
    endloop
  endfacet
  facet normal 0 0 1
    outer loop
      vertex -6.42616 65.069 3
      vertex -37.15 32.4722 3
      vertex -36.9651 32.3487 3
    endloop
  endfacet
  facet normal 0 0 1
    outer loop
      vertex -7.0148 65.95 3
      vertex -37.3494 32.5706 3
      vertex -37.15 32.4722 3
    endloop
  endfacet
  facet normal 0 0 1
    outer loop
      vertex -7.48342 66.9003 3
      vertex -37.56 32.6421 3
      vertex -37.3494 32.5706 3
    endloop
  endfacet
  facet normal -0 0 1
    outer loop
      vertex -40.4294 79.3494 3
      vertex -8.0307 71.0573 3
      vertex -40.3579 79.56 3
    endloop
  endfacet
  facet normal -0 0 1
    outer loop
      vertex -40.5278 79.15 3
      vertex -8.1 70 3
      vertex -40.4294 79.3494 3
    endloop
  endfacet
  facet normal -0 0 1
    outer loop
      vertex -40.6513 78.9651 3
      vertex -8.1 70 3
      vertex -40.5278 79.15 3
    endloop
  endfacet
  facet normal 0 0 1
    outer loop
      vertex -8.1 70 3
      vertex -40.6513 78.9651 3
      vertex -8.0307 68.9427 3
    endloop
  endfacet
  facet normal -0 0 1
    outer loop
      vertex -40.7979 78.7979 3
      vertex -8.0307 68.9427 3
      vertex -40.6513 78.9651 3
    endloop
  endfacet
  facet normal 0 0 1
    outer loop
      vertex -8.0307 68.9427 3
      vertex -40.7979 78.7979 3
      vertex -7.824 67.9036 3
    endloop
  endfacet
  facet normal -0 0 1
    outer loop
      vertex -40.9651 78.6513 3
      vertex -7.824 67.9036 3
      vertex -40.7979 78.7979 3
    endloop
  endfacet
  facet normal 0 0 1
    outer loop
      vertex -7.824 67.9036 3
      vertex -40.9651 78.6513 3
      vertex -7.48342 66.9003 3
    endloop
  endfacet
  facet normal -0 0 1
    outer loop
      vertex -41.15 78.5278 3
      vertex -7.48342 66.9003 3
      vertex -40.9651 78.6513 3
    endloop
  endfacet
  facet normal 0 0 1
    outer loop
      vertex -38 32.7 3
      vertex -41.7781 78.3145 3
      vertex -38.2219 32.6855 3
    endloop
  endfacet
  facet normal -0 0 1
    outer loop
      vertex -41.7781 78.3145 3
      vertex -38 32.7 3
      vertex -41.56 78.3579 3
    endloop
  endfacet
  facet normal 0 0 1
    outer loop
      vertex -37.7781 32.6855 3
      vertex -41.56 78.3579 3
      vertex -38 32.7 3
    endloop
  endfacet
  facet normal -0 0 1
    outer loop
      vertex -41.56 78.3579 3
      vertex -37.7781 32.6855 3
      vertex -41.3494 78.4294 3
    endloop
  endfacet
  facet normal 0 0 1
    outer loop
      vertex -37.56 32.6421 3
      vertex -41.3494 78.4294 3
      vertex -37.7781 32.6855 3
    endloop
  endfacet
  facet normal -0 0 1
    outer loop
      vertex -41.3494 78.4294 3
      vertex -37.56 32.6421 3
      vertex -41.15 78.5278 3
    endloop
  endfacet
  facet normal 0 0 1
    outer loop
      vertex -7.48342 66.9003 3
      vertex -41.15 78.5278 3
      vertex -37.56 32.6421 3
    endloop
  endfacet
  facet normal 0 0 1
    outer loop
      vertex -5.72756 75.7276 3
      vertex -40 88 3
      vertex -6.42616 74.931 3
    endloop
  endfacet
  facet normal 0 0 1
    outer loop
      vertex -4.93097 76.4262 3
      vertex -40 88 3
      vertex -5.72756 75.7276 3
    endloop
  endfacet
  facet normal 0 0 1
    outer loop
      vertex -4.05 77.0148 3
      vertex -40 88 3
      vertex -4.93097 76.4262 3
    endloop
  endfacet
  facet normal 0 0 1
    outer loop
      vertex -3.09974 77.4834 3
      vertex -40 88 3
      vertex -4.05 77.0148 3
    endloop
  endfacet
  facet normal 0 0 1
    outer loop
      vertex -2.09643 77.824 3
      vertex -40 88 3
      vertex -3.09974 77.4834 3
    endloop
  endfacet
  facet normal 0 0 1
    outer loop
      vertex -1.05726 78.0307 3
      vertex -40 88 3
      vertex -2.09643 77.824 3
    endloop
  endfacet
  facet normal 0 1 -0
    outer loop
      vertex 21 -16 0
      vertex -21 -16 3
      vertex 21 -16 3
    endloop
  endfacet
  facet normal 0 1 0
    outer loop
      vertex -21 -16 3
      vertex 21 -16 0
      vertex -21 -16 0
    endloop
  endfacet
  facet normal -0.195124 0.980779 0
    outer loop
      vertex 22.0353 -15.8637 0
      vertex 21.5221 -15.9658 3
      vertex 22.0353 -15.8637 3
    endloop
  endfacet
  facet normal -0.195124 0.980779 0
    outer loop
      vertex 21.5221 -15.9658 3
      vertex 22.0353 -15.8637 0
      vertex 21.5221 -15.9658 0
    endloop
  endfacet
  facet normal 0.321498 0.94691 -0
    outer loop
      vertex -22.0353 -15.8637 0
      vertex -22.5307 -15.6955 3
      vertex -22.0353 -15.8637 3
    endloop
  endfacet
  facet normal 0.321498 0.94691 0
    outer loop
      vertex -22.5307 -15.6955 3
      vertex -22.0353 -15.8637 0
      vertex -22.5307 -15.6955 0
    endloop
  endfacet
  facet normal 0.659343 -0.751842 0
    outer loop
      vertex -23.8284 14.8284 0
      vertex -23.435 15.1734 3
      vertex -23.8284 14.8284 3
    endloop
  endfacet
  facet normal 0.659343 -0.751842 0
    outer loop
      vertex -23.435 15.1734 3
      vertex -23.8284 14.8284 0
      vertex -23.435 15.1734 0
    endloop
  endfacet
  facet normal 1 -0 0
    outer loop
      vertex -25 -12 3
      vertex -25 12 0
      vertex -25 12 3
    endloop
  endfacet
  facet normal 1 0 0
    outer loop
      vertex -25 12 0
      vertex -25 -12 3
      vertex -25 -12 0
    endloop
  endfacet
  facet normal -1 0 0
    outer loop
      vertex 25 -12 0
      vertex 25 12 3
      vertex 25 12 0
    endloop
  endfacet
  facet normal -1 -0 0
    outer loop
      vertex 25 12 3
      vertex 25 -12 0
      vertex 25 -12 3
    endloop
  endfacet
  facet normal -0.659343 0.751842 0
    outer loop
      vertex 23.8284 -14.8284 0
      vertex 23.435 -15.1734 3
      vertex 23.8284 -14.8284 3
    endloop
  endfacet
  facet normal -0.659343 0.751842 0
    outer loop
      vertex 23.435 -15.1734 3
      vertex 23.8284 -14.8284 0
      vertex 23.435 -15.1734 0
    endloop
  endfacet
  facet normal -0.555626 -0.831432 0
    outer loop
      vertex 23 15.4641 0
      vertex 23.435 15.1734 3
      vertex 23 15.4641 3
    endloop
  endfacet
  facet normal -0.555626 -0.831432 -0
    outer loop
      vertex 23.435 15.1734 3
      vertex 23 15.4641 0
      vertex 23.435 15.1734 0
    endloop
  endfacet
  facet normal 0.659343 0.751842 -0
    outer loop
      vertex -23.435 -15.1734 0
      vertex -23.8284 -14.8284 3
      vertex -23.435 -15.1734 3
    endloop
  endfacet
  facet normal 0.659343 0.751842 0
    outer loop
      vertex -23.8284 -14.8284 3
      vertex -23.435 -15.1734 0
      vertex -23.8284 -14.8284 0
    endloop
  endfacet
  facet normal -0.94691 0.321498 0
    outer loop
      vertex 24.6955 -13.5307 0
      vertex 24.8637 -13.0353 3
      vertex 24.8637 -13.0353 0
    endloop
  endfacet
  facet normal -0.94691 0.321498 0
    outer loop
      vertex 24.8637 -13.0353 3
      vertex 24.6955 -13.5307 0
      vertex 24.6955 -13.5307 3
    endloop
  endfacet
  facet normal 0 -1 0
    outer loop
      vertex -21 16 0
      vertex 21 16 3
      vertex -21 16 3
    endloop
  endfacet
  facet normal 0 -1 -0
    outer loop
      vertex 21 16 3
      vertex -21 16 0
      vertex 21 16 0
    endloop
  endfacet
  facet normal -0.0653646 -0.997861 0
    outer loop
      vertex 21 16 0
      vertex 21.5221 15.9658 3
      vertex 21 16 3
    endloop
  endfacet
  facet normal -0.0653646 -0.997861 -0
    outer loop
      vertex 21.5221 15.9658 3
      vertex 21 16 0
      vertex 21.5221 15.9658 0
    endloop
  endfacet
  facet normal -0.997861 0.0653646 0
    outer loop
      vertex 24.9658 -12.5221 0
      vertex 25 -12 3
      vertex 25 -12 0
    endloop
  endfacet
  facet normal -0.997861 0.0653646 0
    outer loop
      vertex 25 -12 3
      vertex 24.9658 -12.5221 0
      vertex 24.9658 -12.5221 3
    endloop
  endfacet
  facet normal 0.997861 0.0653646 0
    outer loop
      vertex -24.9658 -12.5221 3
      vertex -25 -12 0
      vertex -25 -12 3
    endloop
  endfacet
  facet normal 0.997861 0.0653646 0
    outer loop
      vertex -25 -12 0
      vertex -24.9658 -12.5221 3
      vertex -24.9658 -12.5221 0
    endloop
  endfacet
  facet normal 0.980779 0.195124 0
    outer loop
      vertex -24.8637 -13.0353 3
      vertex -24.9658 -12.5221 0
      vertex -24.9658 -12.5221 3
    endloop
  endfacet
  facet normal 0.980779 0.195124 0
    outer loop
      vertex -24.9658 -12.5221 0
      vertex -24.8637 -13.0353 3
      vertex -24.8637 -13.0353 0
    endloop
  endfacet
  facet normal -0.442238 0.896898 0
    outer loop
      vertex 23 -15.4641 0
      vertex 22.5307 -15.6955 3
      vertex 23 -15.4641 3
    endloop
  endfacet
  facet normal -0.442238 0.896898 0
    outer loop
      vertex 22.5307 -15.6955 3
      vertex 23 -15.4641 0
      vertex 22.5307 -15.6955 0
    endloop
  endfacet
  facet normal -0.94691 -0.321498 0
    outer loop
      vertex 24.8637 13.0353 0
      vertex 24.6955 13.5307 3
      vertex 24.6955 13.5307 0
    endloop
  endfacet
  facet normal -0.94691 -0.321498 0
    outer loop
      vertex 24.6955 13.5307 3
      vertex 24.8637 13.0353 0
      vertex 24.8637 13.0353 3
    endloop
  endfacet
  facet normal 0.751842 0.659343 0
    outer loop
      vertex -23.8284 -14.8284 3
      vertex -24.1734 -14.435 0
      vertex -24.1734 -14.435 3
    endloop
  endfacet
  facet normal 0.751842 0.659343 0
    outer loop
      vertex -24.1734 -14.435 0
      vertex -23.8284 -14.8284 3
      vertex -23.8284 -14.8284 0
    endloop
  endfacet
  facet normal -0.997861 -0.0653646 0
    outer loop
      vertex 25 12 0
      vertex 24.9658 12.5221 3
      vertex 24.9658 12.5221 0
    endloop
  endfacet
  facet normal -0.997861 -0.0653646 0
    outer loop
      vertex 24.9658 12.5221 3
      vertex 25 12 0
      vertex 25 12 3
    endloop
  endfacet
  facet normal -0.751842 -0.659343 0
    outer loop
      vertex 24.1734 14.435 0
      vertex 23.8284 14.8284 3
      vertex 23.8284 14.8284 0
    endloop
  endfacet
  facet normal -0.751842 -0.659343 0
    outer loop
      vertex 23.8284 14.8284 3
      vertex 24.1734 14.435 0
      vertex 24.1734 14.435 3
    endloop
  endfacet
  facet normal -0.831432 0.555626 0
    outer loop
      vertex 24.1734 -14.435 0
      vertex 24.4641 -14 3
      vertex 24.4641 -14 0
    endloop
  endfacet
  facet normal -0.831432 0.555626 0
    outer loop
      vertex 24.4641 -14 3
      vertex 24.1734 -14.435 0
      vertex 24.1734 -14.435 3
    endloop
  endfacet
  facet normal 0.442238 -0.896898 0
    outer loop
      vertex -23 15.4641 0
      vertex -22.5307 15.6955 3
      vertex -23 15.4641 3
    endloop
  endfacet
  facet normal 0.442238 -0.896898 0
    outer loop
      vertex -22.5307 15.6955 3
      vertex -23 15.4641 0
      vertex -22.5307 15.6955 0
    endloop
  endfacet
  facet normal 0.896898 0.442238 0
    outer loop
      vertex -24.4641 -14 3
      vertex -24.6955 -13.5307 0
      vertex -24.6955 -13.5307 3
    endloop
  endfacet
  facet normal 0.896898 0.442238 0
    outer loop
      vertex -24.6955 -13.5307 0
      vertex -24.4641 -14 3
      vertex -24.4641 -14 0
    endloop
  endfacet
  facet normal 0.94691 0.321498 0
    outer loop
      vertex -24.6955 -13.5307 3
      vertex -24.8637 -13.0353 0
      vertex -24.8637 -13.0353 3
    endloop
  endfacet
  facet normal 0.94691 0.321498 0
    outer loop
      vertex -24.8637 -13.0353 0
      vertex -24.6955 -13.5307 3
      vertex -24.6955 -13.5307 0
    endloop
  endfacet
  facet normal 0.321498 -0.94691 0
    outer loop
      vertex -22.5307 15.6955 0
      vertex -22.0353 15.8637 3
      vertex -22.5307 15.6955 3
    endloop
  endfacet
  facet normal 0.321498 -0.94691 0
    outer loop
      vertex -22.0353 15.8637 3
      vertex -22.5307 15.6955 0
      vertex -22.0353 15.8637 0
    endloop
  endfacet
  facet normal -0.751842 0.659343 0
    outer loop
      vertex 23.8284 -14.8284 0
      vertex 24.1734 -14.435 3
      vertex 24.1734 -14.435 0
    endloop
  endfacet
  facet normal -0.751842 0.659343 0
    outer loop
      vertex 24.1734 -14.435 3
      vertex 23.8284 -14.8284 0
      vertex 23.8284 -14.8284 3
    endloop
  endfacet
  facet normal -0.442238 -0.896898 0
    outer loop
      vertex 22.5307 15.6955 0
      vertex 23 15.4641 3
      vertex 22.5307 15.6955 3
    endloop
  endfacet
  facet normal -0.442238 -0.896898 -0
    outer loop
      vertex 23 15.4641 3
      vertex 22.5307 15.6955 0
      vertex 23 15.4641 0
    endloop
  endfacet
  facet normal 0.997861 -0.0653646 0
    outer loop
      vertex -25 12 3
      vertex -24.9658 12.5221 0
      vertex -24.9658 12.5221 3
    endloop
  endfacet
  facet normal 0.997861 -0.0653646 0
    outer loop
      vertex -24.9658 12.5221 0
      vertex -25 12 3
      vertex -25 12 0
    endloop
  endfacet
  facet normal 0.555626 -0.831432 0
    outer loop
      vertex -23.435 15.1734 0
      vertex -23 15.4641 3
      vertex -23.435 15.1734 3
    endloop
  endfacet
  facet normal 0.555626 -0.831432 0
    outer loop
      vertex -23 15.4641 3
      vertex -23.435 15.1734 0
      vertex -23 15.4641 0
    endloop
  endfacet
  facet normal -0.831432 -0.555626 0
    outer loop
      vertex 24.4641 14 0
      vertex 24.1734 14.435 3
      vertex 24.1734 14.435 0
    endloop
  endfacet
  facet normal -0.831432 -0.555626 0
    outer loop
      vertex 24.1734 14.435 3
      vertex 24.4641 14 0
      vertex 24.4641 14 3
    endloop
  endfacet
  facet normal 0.555626 0.831432 -0
    outer loop
      vertex -23 -15.4641 0
      vertex -23.435 -15.1734 3
      vertex -23 -15.4641 3
    endloop
  endfacet
  facet normal 0.555626 0.831432 0
    outer loop
      vertex -23.435 -15.1734 3
      vertex -23 -15.4641 0
      vertex -23.435 -15.1734 0
    endloop
  endfacet
  facet normal -0.321498 0.94691 0
    outer loop
      vertex 22.5307 -15.6955 0
      vertex 22.0353 -15.8637 3
      vertex 22.5307 -15.6955 3
    endloop
  endfacet
  facet normal -0.321498 0.94691 0
    outer loop
      vertex 22.0353 -15.8637 3
      vertex 22.5307 -15.6955 0
      vertex 22.0353 -15.8637 0
    endloop
  endfacet
  facet normal 0.0653646 -0.997861 0
    outer loop
      vertex -21.5221 15.9658 0
      vertex -21 16 3
      vertex -21.5221 15.9658 3
    endloop
  endfacet
  facet normal 0.0653646 -0.997861 0
    outer loop
      vertex -21 16 3
      vertex -21.5221 15.9658 0
      vertex -21 16 0
    endloop
  endfacet
  facet normal 0.751842 -0.659343 0
    outer loop
      vertex -24.1734 14.435 3
      vertex -23.8284 14.8284 0
      vertex -23.8284 14.8284 3
    endloop
  endfacet
  facet normal 0.751842 -0.659343 0
    outer loop
      vertex -23.8284 14.8284 0
      vertex -24.1734 14.435 3
      vertex -24.1734 14.435 0
    endloop
  endfacet
  facet normal -0.555626 0.831432 0
    outer loop
      vertex 23.435 -15.1734 0
      vertex 23 -15.4641 3
      vertex 23.435 -15.1734 3
    endloop
  endfacet
  facet normal -0.555626 0.831432 0
    outer loop
      vertex 23 -15.4641 3
      vertex 23.435 -15.1734 0
      vertex 23 -15.4641 0
    endloop
  endfacet
  facet normal -0.896898 0.442238 0
    outer loop
      vertex 24.4641 -14 0
      vertex 24.6955 -13.5307 3
      vertex 24.6955 -13.5307 0
    endloop
  endfacet
  facet normal -0.896898 0.442238 0
    outer loop
      vertex 24.6955 -13.5307 3
      vertex 24.4641 -14 0
      vertex 24.4641 -14 3
    endloop
  endfacet
  facet normal -0.980779 0.195124 0
    outer loop
      vertex 24.8637 -13.0353 0
      vertex 24.9658 -12.5221 3
      vertex 24.9658 -12.5221 0
    endloop
  endfacet
  facet normal -0.980779 0.195124 0
    outer loop
      vertex 24.9658 -12.5221 3
      vertex 24.8637 -13.0353 0
      vertex 24.8637 -13.0353 3
    endloop
  endfacet
  facet normal 0.831432 -0.555626 0
    outer loop
      vertex -24.4641 14 3
      vertex -24.1734 14.435 0
      vertex -24.1734 14.435 3
    endloop
  endfacet
  facet normal 0.831432 -0.555626 0
    outer loop
      vertex -24.1734 14.435 0
      vertex -24.4641 14 3
      vertex -24.4641 14 0
    endloop
  endfacet
  facet normal -0.659343 -0.751842 0
    outer loop
      vertex 23.435 15.1734 0
      vertex 23.8284 14.8284 3
      vertex 23.435 15.1734 3
    endloop
  endfacet
  facet normal -0.659343 -0.751842 -0
    outer loop
      vertex 23.8284 14.8284 3
      vertex 23.435 15.1734 0
      vertex 23.8284 14.8284 0
    endloop
  endfacet
  facet normal 0.94691 -0.321498 0
    outer loop
      vertex -24.8637 13.0353 3
      vertex -24.6955 13.5307 0
      vertex -24.6955 13.5307 3
    endloop
  endfacet
  facet normal 0.94691 -0.321498 0
    outer loop
      vertex -24.6955 13.5307 0
      vertex -24.8637 13.0353 3
      vertex -24.8637 13.0353 0
    endloop
  endfacet
  facet normal -0.980779 -0.195124 0
    outer loop
      vertex 24.9658 12.5221 0
      vertex 24.8637 13.0353 3
      vertex 24.8637 13.0353 0
    endloop
  endfacet
  facet normal -0.980779 -0.195124 0
    outer loop
      vertex 24.8637 13.0353 3
      vertex 24.9658 12.5221 0
      vertex 24.9658 12.5221 3
    endloop
  endfacet
  facet normal -0.0653646 0.997861 0
    outer loop
      vertex 21.5221 -15.9658 0
      vertex 21 -16 3
      vertex 21.5221 -15.9658 3
    endloop
  endfacet
  facet normal -0.0653646 0.997861 0
    outer loop
      vertex 21 -16 3
      vertex 21.5221 -15.9658 0
      vertex 21 -16 0
    endloop
  endfacet
  facet normal -0.896898 -0.442238 0
    outer loop
      vertex 24.6955 13.5307 0
      vertex 24.4641 14 3
      vertex 24.4641 14 0
    endloop
  endfacet
  facet normal -0.896898 -0.442238 0
    outer loop
      vertex 24.4641 14 3
      vertex 24.6955 13.5307 0
      vertex 24.6955 13.5307 3
    endloop
  endfacet
  facet normal 0.980779 -0.195124 0
    outer loop
      vertex -24.9658 12.5221 3
      vertex -24.8637 13.0353 0
      vertex -24.8637 13.0353 3
    endloop
  endfacet
  facet normal 0.980779 -0.195124 0
    outer loop
      vertex -24.8637 13.0353 0
      vertex -24.9658 12.5221 3
      vertex -24.9658 12.5221 0
    endloop
  endfacet
  facet normal 0.195124 -0.980779 0
    outer loop
      vertex -22.0353 15.8637 0
      vertex -21.5221 15.9658 3
      vertex -22.0353 15.8637 3
    endloop
  endfacet
  facet normal 0.195124 -0.980779 0
    outer loop
      vertex -21.5221 15.9658 3
      vertex -22.0353 15.8637 0
      vertex -21.5221 15.9658 0
    endloop
  endfacet
  facet normal 0.896898 -0.442238 0
    outer loop
      vertex -24.6955 13.5307 3
      vertex -24.4641 14 0
      vertex -24.4641 14 3
    endloop
  endfacet
  facet normal 0.896898 -0.442238 0
    outer loop
      vertex -24.4641 14 0
      vertex -24.6955 13.5307 3
      vertex -24.6955 13.5307 0
    endloop
  endfacet
  facet normal 0.831432 0.555626 0
    outer loop
      vertex -24.1734 -14.435 3
      vertex -24.4641 -14 0
      vertex -24.4641 -14 3
    endloop
  endfacet
  facet normal 0.831432 0.555626 0
    outer loop
      vertex -24.4641 -14 0
      vertex -24.1734 -14.435 3
      vertex -24.1734 -14.435 0
    endloop
  endfacet
  facet normal 0.195124 0.980779 -0
    outer loop
      vertex -21.5221 -15.9658 0
      vertex -22.0353 -15.8637 3
      vertex -21.5221 -15.9658 3
    endloop
  endfacet
  facet normal 0.195124 0.980779 0
    outer loop
      vertex -22.0353 -15.8637 3
      vertex -21.5221 -15.9658 0
      vertex -22.0353 -15.8637 0
    endloop
  endfacet
  facet normal 0.0653646 0.997861 -0
    outer loop
      vertex -21 -16 0
      vertex -21.5221 -15.9658 3
      vertex -21 -16 3
    endloop
  endfacet
  facet normal 0.0653646 0.997861 0
    outer loop
      vertex -21.5221 -15.9658 3
      vertex -21 -16 0
      vertex -21.5221 -15.9658 0
    endloop
  endfacet
  facet normal -0.195124 -0.980779 0
    outer loop
      vertex 21.5221 15.9658 0
      vertex 22.0353 15.8637 3
      vertex 21.5221 15.9658 3
    endloop
  endfacet
  facet normal -0.195124 -0.980779 -0
    outer loop
      vertex 22.0353 15.8637 3
      vertex 21.5221 15.9658 0
      vertex 22.0353 15.8637 0
    endloop
  endfacet
  facet normal -0.321498 -0.94691 0
    outer loop
      vertex 22.0353 15.8637 0
      vertex 22.5307 15.6955 3
      vertex 22.0353 15.8637 3
    endloop
  endfacet
  facet normal -0.321498 -0.94691 -0
    outer loop
      vertex 22.5307 15.6955 3
      vertex 22.0353 15.8637 0
      vertex 22.5307 15.6955 0
    endloop
  endfacet
  facet normal 0.442238 0.896898 -0
    outer loop
      vertex -22.5307 -15.6955 0
      vertex -23 -15.4641 3
      vertex -22.5307 -15.6955 3
    endloop
  endfacet
  facet normal 0.442238 0.896898 0
    outer loop
      vertex -23 -15.4641 3
      vertex -22.5307 -15.6955 0
      vertex -23 -15.4641 0
    endloop
  endfacet
  facet normal -0.555541 -0.831489 0
    outer loop
      vertex 4.05 77.0148 0
      vertex 4.93097 76.4262 3
      vertex 4.05 77.0148 3
    endloop
  endfacet
  facet normal -0.555541 -0.831489 -0
    outer loop
      vertex 4.93097 76.4262 3
      vertex 4.05 77.0148 0
      vertex 4.93097 76.4262 0
    endloop
  endfacet
  facet normal -0.831481 0.555554 0
    outer loop
      vertex 6.42616 65.069 0
      vertex 7.0148 65.95 3
      vertex 7.0148 65.95 0
    endloop
  endfacet
  facet normal -0.831481 0.555554 0
    outer loop
      vertex 7.0148 65.95 3
      vertex 6.42616 65.069 0
      vertex 6.42616 65.069 3
    endloop
  endfacet
  facet normal -0.980783 -0.1951 0
    outer loop
      vertex 8.0307 71.0573 0
      vertex 7.824 72.0964 3
      vertex 7.824 72.0964 0
    endloop
  endfacet
  facet normal -0.980783 -0.1951 0
    outer loop
      vertex 7.824 72.0964 3
      vertex 8.0307 71.0573 0
      vertex 8.0307 71.0573 3
    endloop
  endfacet
  facet normal -0.997859 -0.065404 0
    outer loop
      vertex 8.1 70 0
      vertex 8.0307 71.0573 3
      vertex 8.0307 71.0573 0
    endloop
  endfacet
  facet normal -0.997859 -0.065404 0
    outer loop
      vertex 8.0307 71.0573 3
      vertex 8.1 70 0
      vertex 8.1 70 3
    endloop
  endfacet
  facet normal -0.946929 -0.321444 0
    outer loop
      vertex 7.824 72.0964 0
      vertex 7.48342 73.0997 3
      vertex 7.48342 73.0997 0
    endloop
  endfacet
  facet normal -0.946929 -0.321444 0
    outer loop
      vertex 7.48342 73.0997 3
      vertex 7.824 72.0964 0
      vertex 7.824 72.0964 3
    endloop
  endfacet
  facet normal -0.831481 -0.555554 0
    outer loop
      vertex 7.0148 74.05 0
      vertex 6.42616 74.931 3
      vertex 6.42616 74.931 0
    endloop
  endfacet
  facet normal -0.831481 -0.555554 0
    outer loop
      vertex 6.42616 74.931 3
      vertex 7.0148 74.05 0
      vertex 7.0148 74.05 3
    endloop
  endfacet
  facet normal -0.321458 -0.946924 0
    outer loop
      vertex 2.09643 77.824 0
      vertex 3.09974 77.4834 3
      vertex 2.09643 77.824 3
    endloop
  endfacet
  facet normal -0.321458 -0.946924 -0
    outer loop
      vertex 3.09974 77.4834 3
      vertex 2.09643 77.824 0
      vertex 3.09974 77.4834 0
    endloop
  endfacet
  facet normal -0.442276 -0.896879 0
    outer loop
      vertex 3.09974 77.4834 0
      vertex 4.05 77.0148 3
      vertex 3.09974 77.4834 3
    endloop
  endfacet
  facet normal -0.442276 -0.896879 -0
    outer loop
      vertex 4.05 77.0148 3
      vertex 3.09974 77.4834 0
      vertex 4.05 77.0148 0
    endloop
  endfacet
  facet normal 0.195087 0.980786 -0
    outer loop
      vertex -1.05726 61.9693 0
      vertex -2.09643 62.176 3
      vertex -1.05726 61.9693 3
    endloop
  endfacet
  facet normal 0.195087 0.980786 0
    outer loop
      vertex -2.09643 62.176 3
      vertex -1.05726 61.9693 0
      vertex -2.09643 62.176 0
    endloop
  endfacet
  facet normal 0.896879 0.442276 0
    outer loop
      vertex -7.0148 65.95 3
      vertex -7.48342 66.9003 0
      vertex -7.48342 66.9003 3
    endloop
  endfacet
  facet normal 0.896879 0.442276 0
    outer loop
      vertex -7.48342 66.9003 0
      vertex -7.0148 65.95 3
      vertex -7.0148 65.95 0
    endloop
  endfacet
  facet normal 0.980783 0.1951 0
    outer loop
      vertex -7.824 67.9036 3
      vertex -8.0307 68.9427 0
      vertex -8.0307 68.9427 3
    endloop
  endfacet
  facet normal 0.980783 0.1951 0
    outer loop
      vertex -8.0307 68.9427 0
      vertex -7.824 67.9036 3
      vertex -7.824 67.9036 0
    endloop
  endfacet
  facet normal 0.195087 -0.980786 0
    outer loop
      vertex -2.09643 77.824 0
      vertex -1.05726 78.0307 3
      vertex -2.09643 77.824 3
    endloop
  endfacet
  facet normal 0.195087 -0.980786 0
    outer loop
      vertex -1.05726 78.0307 3
      vertex -2.09643 77.824 0
      vertex -1.05726 78.0307 0
    endloop
  endfacet
  facet normal 0.442276 -0.896879 0
    outer loop
      vertex -4.05 77.0148 0
      vertex -3.09974 77.4834 3
      vertex -4.05 77.0148 3
    endloop
  endfacet
  facet normal 0.442276 -0.896879 0
    outer loop
      vertex -3.09974 77.4834 3
      vertex -4.05 77.0148 0
      vertex -3.09974 77.4834 0
    endloop
  endfacet
  facet normal -0.896879 -0.442276 0
    outer loop
      vertex 7.48342 73.0997 0
      vertex 7.0148 74.05 3
      vertex 7.0148 74.05 0
    endloop
  endfacet
  facet normal -0.896879 -0.442276 0
    outer loop
      vertex 7.0148 74.05 3
      vertex 7.48342 73.0997 0
      vertex 7.48342 73.0997 3
    endloop
  endfacet
  facet normal 0.321458 -0.946924 0
    outer loop
      vertex -3.09974 77.4834 0
      vertex -2.09643 77.824 3
      vertex -3.09974 77.4834 3
    endloop
  endfacet
  facet normal 0.321458 -0.946924 0
    outer loop
      vertex -2.09643 77.824 3
      vertex -3.09974 77.4834 0
      vertex -2.09643 77.824 0
    endloop
  endfacet
  facet normal -0.659351 -0.751835 0
    outer loop
      vertex 4.93097 76.4262 0
      vertex 5.72756 75.7276 3
      vertex 4.93097 76.4262 3
    endloop
  endfacet
  facet normal -0.659351 -0.751835 -0
    outer loop
      vertex 5.72756 75.7276 3
      vertex 4.93097 76.4262 0
      vertex 5.72756 75.7276 0
    endloop
  endfacet
  facet normal -0.980783 0.1951 0
    outer loop
      vertex 7.824 67.9036 0
      vertex 8.0307 68.9427 3
      vertex 8.0307 68.9427 0
    endloop
  endfacet
  facet normal -0.980783 0.1951 0
    outer loop
      vertex 8.0307 68.9427 3
      vertex 7.824 67.9036 0
      vertex 7.824 67.9036 3
    endloop
  endfacet
  facet normal 0.75184 0.659346 0
    outer loop
      vertex -5.72756 64.2724 3
      vertex -6.42616 65.069 0
      vertex -6.42616 65.069 3
    endloop
  endfacet
  facet normal 0.75184 0.659346 0
    outer loop
      vertex -6.42616 65.069 0
      vertex -5.72756 64.2724 3
      vertex -5.72756 64.2724 0
    endloop
  endfacet
  facet normal -0.442276 0.896879 0
    outer loop
      vertex 4.05 62.9852 0
      vertex 3.09974 62.5166 3
      vertex 4.05 62.9852 3
    endloop
  endfacet
  facet normal -0.442276 0.896879 0
    outer loop
      vertex 3.09974 62.5166 3
      vertex 4.05 62.9852 0
      vertex 3.09974 62.5166 0
    endloop
  endfacet
  facet normal -0.195087 0.980786 0
    outer loop
      vertex 2.09643 62.176 0
      vertex 1.05726 61.9693 3
      vertex 2.09643 62.176 3
    endloop
  endfacet
  facet normal -0.195087 0.980786 0
    outer loop
      vertex 1.05726 61.9693 3
      vertex 2.09643 62.176 0
      vertex 1.05726 61.9693 0
    endloop
  endfacet
  facet normal 0.659351 0.751835 -0
    outer loop
      vertex -4.93097 63.5738 0
      vertex -5.72756 64.2724 3
      vertex -4.93097 63.5738 3
    endloop
  endfacet
  facet normal 0.659351 0.751835 0
    outer loop
      vertex -5.72756 64.2724 3
      vertex -4.93097 63.5738 0
      vertex -5.72756 64.2724 0
    endloop
  endfacet
  facet normal -0.75184 -0.659346 0
    outer loop
      vertex 6.42616 74.931 0
      vertex 5.72756 75.7276 3
      vertex 5.72756 75.7276 0
    endloop
  endfacet
  facet normal -0.75184 -0.659346 0
    outer loop
      vertex 5.72756 75.7276 3
      vertex 6.42616 74.931 0
      vertex 6.42616 74.931 3
    endloop
  endfacet
  facet normal 0.555541 -0.831489 0
    outer loop
      vertex -4.93097 76.4262 0
      vertex -4.05 77.0148 3
      vertex -4.93097 76.4262 3
    endloop
  endfacet
  facet normal 0.555541 -0.831489 0
    outer loop
      vertex -4.05 77.0148 3
      vertex -4.93097 76.4262 0
      vertex -4.05 77.0148 0
    endloop
  endfacet
  facet normal -0.896879 0.442276 0
    outer loop
      vertex 7.0148 65.95 0
      vertex 7.48342 66.9003 3
      vertex 7.48342 66.9003 0
    endloop
  endfacet
  facet normal -0.896879 0.442276 0
    outer loop
      vertex 7.48342 66.9003 3
      vertex 7.0148 65.95 0
      vertex 7.0148 65.95 3
    endloop
  endfacet
  facet normal -0.997859 0.065404 0
    outer loop
      vertex 8.0307 68.9427 0
      vertex 8.1 70 3
      vertex 8.1 70 0
    endloop
  endfacet
  facet normal -0.997859 0.065404 0
    outer loop
      vertex 8.1 70 3
      vertex 8.0307 68.9427 0
      vertex 8.0307 68.9427 3
    endloop
  endfacet
  facet normal -0.321458 0.946924 0
    outer loop
      vertex 3.09974 62.5166 0
      vertex 2.09643 62.176 3
      vertex 3.09974 62.5166 3
    endloop
  endfacet
  facet normal -0.321458 0.946924 0
    outer loop
      vertex 2.09643 62.176 3
      vertex 3.09974 62.5166 0
      vertex 2.09643 62.176 0
    endloop
  endfacet
  facet normal 0.980783 -0.1951 0
    outer loop
      vertex -8.0307 71.0573 3
      vertex -7.824 72.0964 0
      vertex -7.824 72.0964 3
    endloop
  endfacet
  facet normal 0.980783 -0.1951 0
    outer loop
      vertex -7.824 72.0964 0
      vertex -8.0307 71.0573 3
      vertex -8.0307 71.0573 0
    endloop
  endfacet
  facet normal -0.0654064 -0.997859 0
    outer loop
      vertex 0 78.1 0
      vertex 1.05726 78.0307 3
      vertex 0 78.1 3
    endloop
  endfacet
  facet normal -0.0654064 -0.997859 -0
    outer loop
      vertex 1.05726 78.0307 3
      vertex 0 78.1 0
      vertex 1.05726 78.0307 0
    endloop
  endfacet
  facet normal -0.0654064 0.997859 0
    outer loop
      vertex 1.05726 61.9693 0
      vertex 0 61.9 3
      vertex 1.05726 61.9693 3
    endloop
  endfacet
  facet normal -0.0654064 0.997859 0
    outer loop
      vertex 0 61.9 3
      vertex 1.05726 61.9693 0
      vertex 0 61.9 0
    endloop
  endfacet
  facet normal 0.831481 0.555554 0
    outer loop
      vertex -6.42616 65.069 3
      vertex -7.0148 65.95 0
      vertex -7.0148 65.95 3
    endloop
  endfacet
  facet normal 0.831481 0.555554 0
    outer loop
      vertex -7.0148 65.95 0
      vertex -6.42616 65.069 3
      vertex -6.42616 65.069 0
    endloop
  endfacet
  facet normal -0.75184 0.659346 0
    outer loop
      vertex 5.72756 64.2724 0
      vertex 6.42616 65.069 3
      vertex 6.42616 65.069 0
    endloop
  endfacet
  facet normal -0.75184 0.659346 0
    outer loop
      vertex 6.42616 65.069 3
      vertex 5.72756 64.2724 0
      vertex 5.72756 64.2724 3
    endloop
  endfacet
  facet normal 0.659351 -0.751835 0
    outer loop
      vertex -5.72756 75.7276 0
      vertex -4.93097 76.4262 3
      vertex -5.72756 75.7276 3
    endloop
  endfacet
  facet normal 0.659351 -0.751835 0
    outer loop
      vertex -4.93097 76.4262 3
      vertex -5.72756 75.7276 0
      vertex -4.93097 76.4262 0
    endloop
  endfacet
  facet normal 0.75184 -0.659346 0
    outer loop
      vertex -6.42616 74.931 3
      vertex -5.72756 75.7276 0
      vertex -5.72756 75.7276 3
    endloop
  endfacet
  facet normal 0.75184 -0.659346 0
    outer loop
      vertex -5.72756 75.7276 0
      vertex -6.42616 74.931 3
      vertex -6.42616 74.931 0
    endloop
  endfacet
  facet normal -0.946929 0.321444 0
    outer loop
      vertex 7.48342 66.9003 0
      vertex 7.824 67.9036 3
      vertex 7.824 67.9036 0
    endloop
  endfacet
  facet normal -0.946929 0.321444 0
    outer loop
      vertex 7.824 67.9036 3
      vertex 7.48342 66.9003 0
      vertex 7.48342 66.9003 3
    endloop
  endfacet
  facet normal 0.0654064 -0.997859 0
    outer loop
      vertex -1.05726 78.0307 0
      vertex 0 78.1 3
      vertex -1.05726 78.0307 3
    endloop
  endfacet
  facet normal 0.0654064 -0.997859 0
    outer loop
      vertex 0 78.1 3
      vertex -1.05726 78.0307 0
      vertex 0 78.1 0
    endloop
  endfacet
  facet normal -0.555541 0.831489 0
    outer loop
      vertex 4.93097 63.5738 0
      vertex 4.05 62.9852 3
      vertex 4.93097 63.5738 3
    endloop
  endfacet
  facet normal -0.555541 0.831489 0
    outer loop
      vertex 4.05 62.9852 3
      vertex 4.93097 63.5738 0
      vertex 4.05 62.9852 0
    endloop
  endfacet
  facet normal 0.946929 0.321444 0
    outer loop
      vertex -7.48342 66.9003 3
      vertex -7.824 67.9036 0
      vertex -7.824 67.9036 3
    endloop
  endfacet
  facet normal 0.946929 0.321444 0
    outer loop
      vertex -7.824 67.9036 0
      vertex -7.48342 66.9003 3
      vertex -7.48342 66.9003 0
    endloop
  endfacet
  facet normal 0.997859 0.065404 0
    outer loop
      vertex -8.0307 68.9427 3
      vertex -8.1 70 0
      vertex -8.1 70 3
    endloop
  endfacet
  facet normal 0.997859 0.065404 0
    outer loop
      vertex -8.1 70 0
      vertex -8.0307 68.9427 3
      vertex -8.0307 68.9427 0
    endloop
  endfacet
  facet normal 0.946929 -0.321444 0
    outer loop
      vertex -7.824 72.0964 3
      vertex -7.48342 73.0997 0
      vertex -7.48342 73.0997 3
    endloop
  endfacet
  facet normal 0.946929 -0.321444 0
    outer loop
      vertex -7.48342 73.0997 0
      vertex -7.824 72.0964 3
      vertex -7.824 72.0964 0
    endloop
  endfacet
  facet normal -0.195087 -0.980786 0
    outer loop
      vertex 1.05726 78.0307 0
      vertex 2.09643 77.824 3
      vertex 1.05726 78.0307 3
    endloop
  endfacet
  facet normal -0.195087 -0.980786 -0
    outer loop
      vertex 2.09643 77.824 3
      vertex 1.05726 78.0307 0
      vertex 2.09643 77.824 0
    endloop
  endfacet
  facet normal 0.555541 0.831489 -0
    outer loop
      vertex -4.05 62.9852 0
      vertex -4.93097 63.5738 3
      vertex -4.05 62.9852 3
    endloop
  endfacet
  facet normal 0.555541 0.831489 0
    outer loop
      vertex -4.93097 63.5738 3
      vertex -4.05 62.9852 0
      vertex -4.93097 63.5738 0
    endloop
  endfacet
  facet normal 0.896879 -0.442276 0
    outer loop
      vertex -7.48342 73.0997 3
      vertex -7.0148 74.05 0
      vertex -7.0148 74.05 3
    endloop
  endfacet
  facet normal 0.896879 -0.442276 0
    outer loop
      vertex -7.0148 74.05 0
      vertex -7.48342 73.0997 3
      vertex -7.48342 73.0997 0
    endloop
  endfacet
  facet normal -0.659351 0.751835 0
    outer loop
      vertex 5.72756 64.2724 0
      vertex 4.93097 63.5738 3
      vertex 5.72756 64.2724 3
    endloop
  endfacet
  facet normal -0.659351 0.751835 0
    outer loop
      vertex 4.93097 63.5738 3
      vertex 5.72756 64.2724 0
      vertex 4.93097 63.5738 0
    endloop
  endfacet
  facet normal 0.442276 0.896879 -0
    outer loop
      vertex -3.09974 62.5166 0
      vertex -4.05 62.9852 3
      vertex -3.09974 62.5166 3
    endloop
  endfacet
  facet normal 0.442276 0.896879 0
    outer loop
      vertex -4.05 62.9852 3
      vertex -3.09974 62.5166 0
      vertex -4.05 62.9852 0
    endloop
  endfacet
  facet normal 0.0654064 0.997859 -0
    outer loop
      vertex 0 61.9 0
      vertex -1.05726 61.9693 3
      vertex 0 61.9 3
    endloop
  endfacet
  facet normal 0.0654064 0.997859 0
    outer loop
      vertex -1.05726 61.9693 3
      vertex 0 61.9 0
      vertex -1.05726 61.9693 0
    endloop
  endfacet
  facet normal 0.997859 -0.065404 0
    outer loop
      vertex -8.1 70 3
      vertex -8.0307 71.0573 0
      vertex -8.0307 71.0573 3
    endloop
  endfacet
  facet normal 0.997859 -0.065404 0
    outer loop
      vertex -8.0307 71.0573 0
      vertex -8.1 70 3
      vertex -8.1 70 0
    endloop
  endfacet
  facet normal 0.831481 -0.555554 0
    outer loop
      vertex -7.0148 74.05 3
      vertex -6.42616 74.931 0
      vertex -6.42616 74.931 3
    endloop
  endfacet
  facet normal 0.831481 -0.555554 0
    outer loop
      vertex -6.42616 74.931 0
      vertex -7.0148 74.05 3
      vertex -7.0148 74.05 0
    endloop
  endfacet
  facet normal 0.321458 0.946924 -0
    outer loop
      vertex -2.09643 62.176 0
      vertex -3.09974 62.5166 3
      vertex -2.09643 62.176 3
    endloop
  endfacet
  facet normal 0.321458 0.946924 0
    outer loop
      vertex -3.09974 62.5166 3
      vertex -2.09643 62.176 0
      vertex -3.09974 62.5166 0
    endloop
  endfacet
endsolid OpenSCAD_Model
