solid OpenSCAD_Model
  facet normal -0.946941 -0.321408 0
    outer loop
      vertex -11.0866 -4.5922 -4
      vertex -11.5911 -3.10583 0
      vertex -11.5911 -3.10583 -4
    endloop
  endfacet
  facet normal -0.946941 -0.321408 0
    outer loop
      vertex -11.5911 -3.10583 0
      vertex -11.0866 -4.5922 -4
      vertex -11.0866 -4.5922 0
    endloop
  endfacet
  facet normal -0.442314 0.89686 0
    outer loop
      vertex -4.5922 11.0866 -4
      vertex -6 10.3923 0
      vertex -4.5922 11.0866 0
    endloop
  endfacet
  facet normal -0.442314 0.89686 0
    outer loop
      vertex -6 10.3923 0
      vertex -4.5922 11.0866 -4
      vertex -6 10.3923 -4
    endloop
  endfacet
  facet normal 0.659348 0.751838 -0
    outer loop
      vertex 8.48528 8.48528 -4
      vertex 7.30514 9.52024 0
      vertex 8.48528 8.48528 0
    endloop
  endfacet
  facet normal 0.659348 0.751838 0
    outer loop
      vertex 7.30514 9.52024 0
      vertex 8.48528 8.48528 -4
      vertex 7.30514 9.52024 -4
    endloop
  endfacet
  facet normal 0.946941 -0.321408 0
    outer loop
      vertex 11.0866 -4.5922 0
      vertex 11.5911 -3.10583 -4
      vertex 11.5911 -3.10583 0
    endloop
  endfacet
  facet normal 0.946941 -0.321408 0
    outer loop
      vertex 11.5911 -3.10583 -4
      vertex 11.0866 -4.5922 0
      vertex 11.0866 -4.5922 -4
    endloop
  endfacet
  facet normal -0.997857 0.0654276 0
    outer loop
      vertex -12 0 -4
      vertex -11.8973 1.56631 0
      vertex -11.8973 1.56631 -4
    endloop
  endfacet
  facet normal -0.997857 0.0654276 0
    outer loop
      vertex -11.8973 1.56631 0
      vertex -12 0 -4
      vertex -12 0 0
    endloop
  endfacet
  facet normal -0.659348 -0.751838 0
    outer loop
      vertex -8.48528 -8.48528 -4
      vertex -7.30514 -9.52024 0
      vertex -8.48528 -8.48528 0
    endloop
  endfacet
  facet normal -0.659348 -0.751838 -0
    outer loop
      vertex -7.30514 -9.52024 0
      vertex -8.48528 -8.48528 -4
      vertex -7.30514 -9.52024 -4
    endloop
  endfacet
  facet normal 0.89686 0.442314 0
    outer loop
      vertex 11.0866 4.5922 0
      vertex 10.3923 6 -4
      vertex 10.3923 6 0
    endloop
  endfacet
  facet normal 0.89686 0.442314 0
    outer loop
      vertex 10.3923 6 -4
      vertex 11.0866 4.5922 0
      vertex 11.0866 4.5922 -4
    endloop
  endfacet
  facet normal 0.0654276 0.997857 -0
    outer loop
      vertex 1.56631 11.8973 -4
      vertex 0 12 0
      vertex 1.56631 11.8973 0
    endloop
  endfacet
  facet normal 0.0654276 0.997857 0
    outer loop
      vertex 0 12 0
      vertex 1.56631 11.8973 -4
      vertex 0 12 -4
    endloop
  endfacet
  facet normal -0.195072 0.980789 0
    outer loop
      vertex -1.56631 11.8973 -4
      vertex -3.10583 11.5911 0
      vertex -1.56631 11.8973 0
    endloop
  endfacet
  facet normal -0.195072 0.980789 0
    outer loop
      vertex -3.10583 11.5911 0
      vertex -1.56631 11.8973 -4
      vertex -3.10583 11.5911 -4
    endloop
  endfacet
  facet normal 0.321408 0.946941 -0
    outer loop
      vertex 4.5922 11.0866 -4
      vertex 3.10583 11.5911 0
      vertex 4.5922 11.0866 0
    endloop
  endfacet
  facet normal 0.321408 0.946941 0
    outer loop
      vertex 3.10583 11.5911 0
      vertex 4.5922 11.0866 -4
      vertex 3.10583 11.5911 -4
    endloop
  endfacet
  facet normal 0.442314 0.89686 -0
    outer loop
      vertex 6 10.3923 -4
      vertex 4.5922 11.0866 0
      vertex 6 10.3923 0
    endloop
  endfacet
  facet normal 0.442314 0.89686 0
    outer loop
      vertex 4.5922 11.0866 0
      vertex 6 10.3923 -4
      vertex 4.5922 11.0866 -4
    endloop
  endfacet
  facet normal 0.946941 0.321408 0
    outer loop
      vertex 11.5911 3.10583 0
      vertex 11.0866 4.5922 -4
      vertex 11.0866 4.5922 0
    endloop
  endfacet
  facet normal 0.946941 0.321408 0
    outer loop
      vertex 11.0866 4.5922 -4
      vertex 11.5911 3.10583 0
      vertex 11.5911 3.10583 -4
    endloop
  endfacet
  facet normal -0.659348 0.751838 0
    outer loop
      vertex -7.30514 9.52024 -4
      vertex -8.48528 8.48528 0
      vertex -7.30514 9.52024 0
    endloop
  endfacet
  facet normal -0.659348 0.751838 0
    outer loop
      vertex -8.48528 8.48528 0
      vertex -7.30514 9.52024 -4
      vertex -8.48528 8.48528 -4
    endloop
  endfacet
  facet normal -0.0654276 -0.997857 0
    outer loop
      vertex -1.56631 -11.8973 -4
      vertex 0 -12 0
      vertex -1.56631 -11.8973 0
    endloop
  endfacet
  facet normal -0.0654276 -0.997857 -0
    outer loop
      vertex 0 -12 0
      vertex -1.56631 -11.8973 -4
      vertex 0 -12 -4
    endloop
  endfacet
  facet normal -0 0 -1
    outer loop
      vertex 9.52024 7.30514 -4
      vertex 1.64621 1.26318 -4
      vertex 8.48528 8.48528 -4
    endloop
  endfacet
  facet normal 0 0 -1
    outer loop
      vertex 1.46725 1.46725 -4
      vertex 8.48528 8.48528 -4
      vertex 1.64621 1.26318 -4
    endloop
  endfacet
  facet normal -0 0 -1
    outer loop
      vertex 8.48528 8.48528 -4
      vertex 1.46725 1.46725 -4
      vertex 7.30514 9.52024 -4
    endloop
  endfacet
  facet normal 0 0 -1
    outer loop
      vertex 1.26318 1.64621 -4
      vertex 7.30514 9.52024 -4
      vertex 1.46725 1.46725 -4
    endloop
  endfacet
  facet normal -0 0 -1
    outer loop
      vertex 7.30514 9.52024 -4
      vertex 1.26318 1.64621 -4
      vertex 6 10.3923 -4
    endloop
  endfacet
  facet normal 0 0 -1
    outer loop
      vertex 1.0375 1.797 -4
      vertex 6 10.3923 -4
      vertex 1.26318 1.64621 -4
    endloop
  endfacet
  facet normal -0 0 -1
    outer loop
      vertex 6 10.3923 -4
      vertex 1.0375 1.797 -4
      vertex 4.5922 11.0866 -4
    endloop
  endfacet
  facet normal 0 0 -1
    outer loop
      vertex 0.794067 1.91705 -4
      vertex 4.5922 11.0866 -4
      vertex 1.0375 1.797 -4
    endloop
  endfacet
  facet normal -0 0 -1
    outer loop
      vertex 4.5922 11.0866 -4
      vertex 0.794067 1.91705 -4
      vertex 3.10583 11.5911 -4
    endloop
  endfacet
  facet normal 0 0 -1
    outer loop
      vertex 0.537049 2.0043 -4
      vertex 3.10583 11.5911 -4
      vertex 0.794067 1.91705 -4
    endloop
  endfacet
  facet normal -0 0 -1
    outer loop
      vertex 3.10583 11.5911 -4
      vertex 0.537049 2.0043 -4
      vertex 1.56631 11.8973 -4
    endloop
  endfacet
  facet normal 0 0 -1
    outer loop
      vertex 0.270842 2.05725 -4
      vertex 1.56631 11.8973 -4
      vertex 0.537049 2.0043 -4
    endloop
  endfacet
  facet normal 0 0 -1
    outer loop
      vertex -3.79896 8.16277 -4
      vertex 0.270842 2.05725 -4
      vertex 0 2.075 -4
    endloop
  endfacet
  facet normal 0 0 -1
    outer loop
      vertex 0.270842 2.05725 -4
      vertex -3.7443 8.32379 -4
      vertex 1.56631 11.8973 -4
    endloop
  endfacet
  facet normal 0 0 -1
    outer loop
      vertex -3.87417 8.01025 -4
      vertex 0 2.075 -4
      vertex -0.270842 2.05725 -4
    endloop
  endfacet
  facet normal 0 0 -1
    outer loop
      vertex -3.96864 7.86886 -4
      vertex -0.270842 2.05725 -4
      vertex -0.537049 2.0043 -4
    endloop
  endfacet
  facet normal 0 0 -1
    outer loop
      vertex -4.08076 7.74101 -4
      vertex -0.537049 2.0043 -4
      vertex -0.794067 1.91705 -4
    endloop
  endfacet
  facet normal 0 0 -1
    outer loop
      vertex -4.20861 7.62889 -4
      vertex -0.794067 1.91705 -4
      vertex -1.0375 1.797 -4
    endloop
  endfacet
  facet normal 0 0 -1
    outer loop
      vertex -4.50251 7.45921 -4
      vertex -1.0375 1.797 -4
      vertex -1.26318 1.64621 -4
    endloop
  endfacet
  facet normal 0 0 -1
    outer loop
      vertex -4.66354 7.40455 -4
      vertex -1.26318 1.64621 -4
      vertex -1.46725 1.46725 -4
    endloop
  endfacet
  facet normal 0 -0 -1
    outer loop
      vertex -3.71112 8.49057 -4
      vertex 1.56631 11.8973 -4
      vertex -3.7443 8.32379 -4
    endloop
  endfacet
  facet normal 0 0 -1
    outer loop
      vertex -4.83032 7.37138 -4
      vertex -1.46725 1.46725 -4
      vertex -1.6 1.31587 -4
    endloop
  endfacet
  facet normal -0 0 -1
    outer loop
      vertex -0.537049 -2.0043 -4
      vertex -4.08076 -7.74101 -4
      vertex -0.794067 -1.91705 -4
    endloop
  endfacet
  facet normal 0 0 -1
    outer loop
      vertex -4.20861 -7.62889 -4
      vertex -0.794067 -1.91705 -4
      vertex -4.08076 -7.74101 -4
    endloop
  endfacet
  facet normal 0 0 -1
    outer loop
      vertex -3.71112 -8.49057 -4
      vertex -3.10583 -11.5911 -4
      vertex -3.7 -8.66025 -4
    endloop
  endfacet
  facet normal 0 0 -1
    outer loop
      vertex -3.10583 -11.5911 -4
      vertex -3.71112 -8.82994 -4
      vertex -3.7 -8.66025 -4
    endloop
  endfacet
  facet normal 0 0 -1
    outer loop
      vertex -3.10583 -11.5911 -4
      vertex -3.7443 -8.99672 -4
      vertex -3.71112 -8.82994 -4
    endloop
  endfacet
  facet normal 0 0 -1
    outer loop
      vertex -3.10583 -11.5911 -4
      vertex -3.79896 -9.15774 -4
      vertex -3.7443 -8.99672 -4
    endloop
  endfacet
  facet normal 0 0 -1
    outer loop
      vertex -3.10583 -11.5911 -4
      vertex -3.87417 -9.31025 -4
      vertex -3.79896 -9.15774 -4
    endloop
  endfacet
  facet normal 0 0 -1
    outer loop
      vertex -3.10583 -11.5911 -4
      vertex -3.96864 -9.45164 -4
      vertex -3.87417 -9.31025 -4
    endloop
  endfacet
  facet normal 0 0 -1
    outer loop
      vertex -3.10583 -11.5911 -4
      vertex -4.08076 -9.57949 -4
      vertex -3.96864 -9.45164 -4
    endloop
  endfacet
  facet normal 0 0 -1
    outer loop
      vertex -3.10583 -11.5911 -4
      vertex -4.20861 -9.69161 -4
      vertex -4.08076 -9.57949 -4
    endloop
  endfacet
  facet normal 0 0 -1
    outer loop
      vertex -4.5922 -11.0866 -4
      vertex -4.20861 -9.69161 -4
      vertex -3.10583 -11.5911 -4
    endloop
  endfacet
  facet normal 0 0 -1
    outer loop
      vertex -4.20861 -9.69161 -4
      vertex -4.5922 -11.0866 -4
      vertex -4.35 -9.78609 -4
    endloop
  endfacet
  facet normal 0 0 -1
    outer loop
      vertex -4.35 -9.78609 -4
      vertex -4.5922 -11.0866 -4
      vertex -4.50251 -9.8613 -4
    endloop
  endfacet
  facet normal 0 0 -1
    outer loop
      vertex -4.5922 -11.0866 -4
      vertex -4.66354 -9.91596 -4
      vertex -4.50251 -9.8613 -4
    endloop
  endfacet
  facet normal 0 0 -1
    outer loop
      vertex -4.5922 -11.0866 -4
      vertex -4.83032 -9.94913 -4
      vertex -4.66354 -9.91596 -4
    endloop
  endfacet
  facet normal 0 0 -1
    outer loop
      vertex -4.5922 -11.0866 -4
      vertex -5 -9.96025 -4
      vertex -4.83032 -9.94913 -4
    endloop
  endfacet
  facet normal 0 0 -1
    outer loop
      vertex -4.5922 -11.0866 -4
      vertex -5.16968 -9.94913 -4
      vertex -5 -9.96025 -4
    endloop
  endfacet
  facet normal 0 0 -1
    outer loop
      vertex -6 -10.3923 -4
      vertex -5.16968 -9.94913 -4
      vertex -4.5922 -11.0866 -4
    endloop
  endfacet
  facet normal -0 0 -1
    outer loop
      vertex -5.16968 -9.94913 -4
      vertex -6 -10.3923 -4
      vertex -5.33646 -9.91596 -4
    endloop
  endfacet
  facet normal -0 0 -1
    outer loop
      vertex -5.33646 -9.91596 -4
      vertex -6 -10.3923 -4
      vertex -5.49749 -9.8613 -4
    endloop
  endfacet
  facet normal -0 0 -1
    outer loop
      vertex -5.49749 -9.8613 -4
      vertex -6 -10.3923 -4
      vertex -5.65 -9.78609 -4
    endloop
  endfacet
  facet normal -0 0 -1
    outer loop
      vertex -5.65 -9.78609 -4
      vertex -6 -10.3923 -4
      vertex -5.79139 -9.69161 -4
    endloop
  endfacet
  facet normal -0 0 -1
    outer loop
      vertex -5.79139 -9.69161 -4
      vertex -6 -10.3923 -4
      vertex -5.91924 -9.57949 -4
    endloop
  endfacet
  facet normal 0 0 -1
    outer loop
      vertex -6 -10.3923 -4
      vertex -6.03136 -9.45164 -4
      vertex -5.91924 -9.57949 -4
    endloop
  endfacet
  facet normal 0 0 -1
    outer loop
      vertex -7.30514 -9.52024 -4
      vertex -6.03136 -9.45164 -4
      vertex -6 -10.3923 -4
    endloop
  endfacet
  facet normal -0 0 -1
    outer loop
      vertex -6.03136 -9.45164 -4
      vertex -7.30514 -9.52024 -4
      vertex -6.12583 -9.31025 -4
    endloop
  endfacet
  facet normal -0 0 -1
    outer loop
      vertex -6.12583 -9.31025 -4
      vertex -7.30514 -9.52024 -4
      vertex -6.20104 -9.15774 -4
    endloop
  endfacet
  facet normal -0 0 -1
    outer loop
      vertex -6.20104 -9.15774 -4
      vertex -7.30514 -9.52024 -4
      vertex -6.2557 -8.99672 -4
    endloop
  endfacet
  facet normal 0 0 -1
    outer loop
      vertex -1.6 1.31587 -4
      vertex -11.0866 4.5922 -4
      vertex -5.33646 7.40455 -4
    endloop
  endfacet
  facet normal -0 0 -1
    outer loop
      vertex -6.28888 -8.82994 -4
      vertex -7.30514 -9.52024 -4
      vertex -6.3 -8.66025 -4
    endloop
  endfacet
  facet normal -0 0 -1
    outer loop
      vertex -6.2557 -8.99672 -4
      vertex -7.30514 -9.52024 -4
      vertex -6.28888 -8.82994 -4
    endloop
  endfacet
  facet normal 0 0 -1
    outer loop
      vertex 11.201 -0.497488 -4
      vertex 12 0 -4
      vertex 11.8973 -1.56631 -4
    endloop
  endfacet
  facet normal 0 0 -1
    outer loop
      vertex 10.4975 -1.20104 -4
      vertex 11.8973 -1.56631 -4
      vertex 11.5911 -3.10583 -4
    endloop
  endfacet
  facet normal -0 0 -1
    outer loop
      vertex 12 0 -4
      vertex 11.2889 -0.169683 -4
      vertex 11.3 0 -4
    endloop
  endfacet
  facet normal 0 0 -1
    outer loop
      vertex 11.2557 0.336464 -4
      vertex 12 0 -4
      vertex 11.2889 0.169683 -4
    endloop
  endfacet
  facet normal 0 0 -1
    outer loop
      vertex 11.2889 0.169683 -4
      vertex 12 0 -4
      vertex 11.3 0 -4
    endloop
  endfacet
  facet normal 0 0 -1
    outer loop
      vertex 12 0 -4
      vertex 11.2557 -0.336464 -4
      vertex 11.2889 -0.169683 -4
    endloop
  endfacet
  facet normal 0 0 -1
    outer loop
      vertex 12 0 -4
      vertex 11.201 -0.497488 -4
      vertex 11.2557 -0.336464 -4
    endloop
  endfacet
  facet normal 0 0 -1
    outer loop
      vertex 11.8973 -1.56631 -4
      vertex 11.1258 -0.65 -4
      vertex 11.201 -0.497488 -4
    endloop
  endfacet
  facet normal 0 0 -1
    outer loop
      vertex 9.83032 -1.28888 -4
      vertex 11.5911 -3.10583 -4
      vertex 11.0866 -4.5922 -4
    endloop
  endfacet
  facet normal 0 0 -1
    outer loop
      vertex 11.8973 -1.56631 -4
      vertex 11.0314 -0.791389 -4
      vertex 11.1258 -0.65 -4
    endloop
  endfacet
  facet normal 0 0 -1
    outer loop
      vertex 11.8973 -1.56631 -4
      vertex 10.9192 -0.919238 -4
      vertex 11.0314 -0.791389 -4
    endloop
  endfacet
  facet normal 0 0 -1
    outer loop
      vertex 11.8973 -1.56631 -4
      vertex 10.7914 -1.03136 -4
      vertex 10.9192 -0.919238 -4
    endloop
  endfacet
  facet normal 0 0 -1
    outer loop
      vertex 11.8973 -1.56631 -4
      vertex 10.65 -1.12583 -4
      vertex 10.7914 -1.03136 -4
    endloop
  endfacet
  facet normal 0 0 -1
    outer loop
      vertex 11.8973 -1.56631 -4
      vertex 10.4975 -1.20104 -4
      vertex 10.65 -1.12583 -4
    endloop
  endfacet
  facet normal 0 0 -1
    outer loop
      vertex 9.50251 -1.20104 -4
      vertex 11.0866 -4.5922 -4
      vertex 10.3923 -6 -4
    endloop
  endfacet
  facet normal 0 0 -1
    outer loop
      vertex 11.5911 -3.10583 -4
      vertex 10.3365 -1.2557 -4
      vertex 10.4975 -1.20104 -4
    endloop
  endfacet
  facet normal 0 0 -1
    outer loop
      vertex 11.5911 -3.10583 -4
      vertex 10.1697 -1.28888 -4
      vertex 10.3365 -1.2557 -4
    endloop
  endfacet
  facet normal 0 0 -1
    outer loop
      vertex 11.5911 -3.10583 -4
      vertex 10 -1.3 -4
      vertex 10.1697 -1.28888 -4
    endloop
  endfacet
  facet normal 0 0 -1
    outer loop
      vertex 11.5911 -3.10583 -4
      vertex 9.83032 -1.28888 -4
      vertex 10 -1.3 -4
    endloop
  endfacet
  facet normal 0 0 -1
    outer loop
      vertex 11.0866 -4.5922 -4
      vertex 9.66354 -1.2557 -4
      vertex 9.83032 -1.28888 -4
    endloop
  endfacet
  facet normal 0 0 -1
    outer loop
      vertex 9.20861 -1.03136 -4
      vertex 10.3923 -6 -4
      vertex 9.52024 -7.30514 -4
    endloop
  endfacet
  facet normal 0 0 -1
    outer loop
      vertex 11.0866 -4.5922 -4
      vertex 9.50251 -1.20104 -4
      vertex 9.66354 -1.2557 -4
    endloop
  endfacet
  facet normal 0 0 -1
    outer loop
      vertex 10.3923 -6 -4
      vertex 9.35 -1.12583 -4
      vertex 9.50251 -1.20104 -4
    endloop
  endfacet
  facet normal 0 0 -1
    outer loop
      vertex 10.3923 -6 -4
      vertex 9.20861 -1.03136 -4
      vertex 9.35 -1.12583 -4
    endloop
  endfacet
  facet normal 0 0 -1
    outer loop
      vertex 9.52024 -7.30514 -4
      vertex 9.08076 -0.919238 -4
      vertex 9.20861 -1.03136 -4
    endloop
  endfacet
  facet normal 0 0 -1
    outer loop
      vertex 1.64621 -1.26318 -4
      vertex 9.08076 -0.919238 -4
      vertex 9.52024 -7.30514 -4
    endloop
  endfacet
  facet normal -0 0 -1
    outer loop
      vertex 9.08076 -0.919238 -4
      vertex 1.64621 -1.26318 -4
      vertex 8.96864 -0.791389 -4
    endloop
  endfacet
  facet normal 0 -0 -1
    outer loop
      vertex 1.797 -1.0375 -4
      vertex 8.96864 -0.791389 -4
      vertex 1.64621 -1.26318 -4
    endloop
  endfacet
  facet normal -0 0 -1
    outer loop
      vertex 8.96864 -0.791389 -4
      vertex 1.797 -1.0375 -4
      vertex 8.87417 -0.65 -4
    endloop
  endfacet
  facet normal 0 -0 -1
    outer loop
      vertex 1.91705 -0.794067 -4
      vertex 8.87417 -0.65 -4
      vertex 1.797 -1.0375 -4
    endloop
  endfacet
  facet normal -0 0 -1
    outer loop
      vertex 8.87417 -0.65 -4
      vertex 1.91705 -0.794067 -4
      vertex 8.79896 -0.497488 -4
    endloop
  endfacet
  facet normal 0 0 -1
    outer loop
      vertex 1.64621 -1.26318 -4
      vertex 9.52024 -7.30514 -4
      vertex 8.48528 -8.48528 -4
    endloop
  endfacet
  facet normal 0 0 -1
    outer loop
      vertex 11.201 0.497488 -4
      vertex 12 0 -4
      vertex 11.2557 0.336464 -4
    endloop
  endfacet
  facet normal 0 0 -1
    outer loop
      vertex 12 0 -4
      vertex 11.201 0.497488 -4
      vertex 11.8973 1.56631 -4
    endloop
  endfacet
  facet normal 0 0 -1
    outer loop
      vertex 11.1258 0.65 -4
      vertex 11.8973 1.56631 -4
      vertex 11.201 0.497488 -4
    endloop
  endfacet
  facet normal 0 0 -1
    outer loop
      vertex 11.0314 0.791389 -4
      vertex 11.8973 1.56631 -4
      vertex 11.1258 0.65 -4
    endloop
  endfacet
  facet normal 0 0 -1
    outer loop
      vertex 10.9192 0.919238 -4
      vertex 11.8973 1.56631 -4
      vertex 11.0314 0.791389 -4
    endloop
  endfacet
  facet normal 0 0 -1
    outer loop
      vertex 10.7914 1.03136 -4
      vertex 11.8973 1.56631 -4
      vertex 10.9192 0.919238 -4
    endloop
  endfacet
  facet normal 0 0 -1
    outer loop
      vertex 10.65 1.12583 -4
      vertex 11.8973 1.56631 -4
      vertex 10.7914 1.03136 -4
    endloop
  endfacet
  facet normal 0 0 -1
    outer loop
      vertex 10.4975 1.20104 -4
      vertex 11.8973 1.56631 -4
      vertex 10.65 1.12583 -4
    endloop
  endfacet
  facet normal -0 0 -1
    outer loop
      vertex 11.8973 1.56631 -4
      vertex 10.4975 1.20104 -4
      vertex 11.5911 3.10583 -4
    endloop
  endfacet
  facet normal 0 0 -1
    outer loop
      vertex 10.3365 1.2557 -4
      vertex 11.5911 3.10583 -4
      vertex 10.4975 1.20104 -4
    endloop
  endfacet
  facet normal 0 0 -1
    outer loop
      vertex 10.1697 1.28888 -4
      vertex 11.5911 3.10583 -4
      vertex 10.3365 1.2557 -4
    endloop
  endfacet
  facet normal 0 0 -1
    outer loop
      vertex 10 1.3 -4
      vertex 11.5911 3.10583 -4
      vertex 10.1697 1.28888 -4
    endloop
  endfacet
  facet normal 0 0 -1
    outer loop
      vertex 9.83032 1.28888 -4
      vertex 11.5911 3.10583 -4
      vertex 10 1.3 -4
    endloop
  endfacet
  facet normal -0 0 -1
    outer loop
      vertex 11.5911 3.10583 -4
      vertex 9.83032 1.28888 -4
      vertex 11.0866 4.5922 -4
    endloop
  endfacet
  facet normal 0 0 -1
    outer loop
      vertex 9.66354 1.2557 -4
      vertex 11.0866 4.5922 -4
      vertex 9.83032 1.28888 -4
    endloop
  endfacet
  facet normal 0 0 -1
    outer loop
      vertex 9.50251 1.20104 -4
      vertex 11.0866 4.5922 -4
      vertex 9.66354 1.2557 -4
    endloop
  endfacet
  facet normal -0 0 -1
    outer loop
      vertex 11.0866 4.5922 -4
      vertex 9.50251 1.20104 -4
      vertex 10.3923 6 -4
    endloop
  endfacet
  facet normal 0 0 -1
    outer loop
      vertex 9.35 1.12583 -4
      vertex 10.3923 6 -4
      vertex 9.50251 1.20104 -4
    endloop
  endfacet
  facet normal 0 0 -1
    outer loop
      vertex 9.20861 1.03136 -4
      vertex 10.3923 6 -4
      vertex 9.35 1.12583 -4
    endloop
  endfacet
  facet normal -0 0 -1
    outer loop
      vertex 10.3923 6 -4
      vertex 9.20861 1.03136 -4
      vertex 9.52024 7.30514 -4
    endloop
  endfacet
  facet normal 0 0 -1
    outer loop
      vertex 9.08076 0.919238 -4
      vertex 9.52024 7.30514 -4
      vertex 9.20861 1.03136 -4
    endloop
  endfacet
  facet normal 0 0 -1
    outer loop
      vertex 1.91705 0.794067 -4
      vertex 8.79896 0.497488 -4
      vertex 2.0043 0.537049 -4
    endloop
  endfacet
  facet normal 0 0 -1
    outer loop
      vertex 8.7443 0.336464 -4
      vertex 2.0043 0.537049 -4
      vertex 8.79896 0.497488 -4
    endloop
  endfacet
  facet normal 0 0 -1
    outer loop
      vertex 2.0043 0.537049 -4
      vertex 8.7443 0.336464 -4
      vertex 2.05725 0.270842 -4
    endloop
  endfacet
  facet normal 0 0 -1
    outer loop
      vertex 8.71112 0.169683 -4
      vertex 2.05725 0.270842 -4
      vertex 8.7443 0.336464 -4
    endloop
  endfacet
  facet normal 0 0 -1
    outer loop
      vertex 2.05725 0.270842 -4
      vertex 8.71112 0.169683 -4
      vertex 2.075 0 -4
    endloop
  endfacet
  facet normal 0 0 -1
    outer loop
      vertex 8.79896 0.497488 -4
      vertex 1.91705 0.794067 -4
      vertex 8.87417 0.65 -4
    endloop
  endfacet
  facet normal 0 0 -1
    outer loop
      vertex 2.075 0 -4
      vertex 8.71112 0.169683 -4
      vertex 8.7 0 -4
    endloop
  endfacet
  facet normal 0 -0 -1
    outer loop
      vertex 2.0043 -0.537049 -4
      vertex 8.79896 -0.497488 -4
      vertex 1.91705 -0.794067 -4
    endloop
  endfacet
  facet normal 0 0 -1
    outer loop
      vertex 1.46725 -1.46725 -4
      vertex 8.48528 -8.48528 -4
      vertex 7.30514 -9.52024 -4
    endloop
  endfacet
  facet normal 0 0 -1
    outer loop
      vertex 1.797 1.0375 -4
      vertex 8.87417 0.65 -4
      vertex 1.91705 0.794067 -4
    endloop
  endfacet
  facet normal 0 0 -1
    outer loop
      vertex 1.26318 -1.64621 -4
      vertex 7.30514 -9.52024 -4
      vertex 6 -10.3923 -4
    endloop
  endfacet
  facet normal 0 0 -1
    outer loop
      vertex 8.87417 0.65 -4
      vertex 1.797 1.0375 -4
      vertex 8.96864 0.791389 -4
    endloop
  endfacet
  facet normal 0 0 -1
    outer loop
      vertex 1.0375 -1.797 -4
      vertex 6 -10.3923 -4
      vertex 4.5922 -11.0866 -4
    endloop
  endfacet
  facet normal 0 0 -1
    outer loop
      vertex 1.64621 1.26318 -4
      vertex 8.96864 0.791389 -4
      vertex 1.797 1.0375 -4
    endloop
  endfacet
  facet normal 0 0 -1
    outer loop
      vertex 0.794067 -1.91705 -4
      vertex 4.5922 -11.0866 -4
      vertex 3.10583 -11.5911 -4
    endloop
  endfacet
  facet normal 0 0 -1
    outer loop
      vertex 8.96864 0.791389 -4
      vertex 1.64621 1.26318 -4
      vertex 9.08076 0.919238 -4
    endloop
  endfacet
  facet normal 0 0 -1
    outer loop
      vertex 9.08076 0.919238 -4
      vertex 1.64621 1.26318 -4
      vertex 9.52024 7.30514 -4
    endloop
  endfacet
  facet normal 0 0 -1
    outer loop
      vertex 8.71112 -0.169683 -4
      vertex 2.075 0 -4
      vertex 8.7 0 -4
    endloop
  endfacet
  facet normal 0 -0 -1
    outer loop
      vertex 2.075 0 -4
      vertex 8.71112 -0.169683 -4
      vertex 2.05725 -0.270842 -4
    endloop
  endfacet
  facet normal 0 0 -1
    outer loop
      vertex 8.7443 -0.336464 -4
      vertex 2.05725 -0.270842 -4
      vertex 8.71112 -0.169683 -4
    endloop
  endfacet
  facet normal 0 -0 -1
    outer loop
      vertex 2.05725 -0.270842 -4
      vertex 8.7443 -0.336464 -4
      vertex 2.0043 -0.537049 -4
    endloop
  endfacet
  facet normal -0 0 -1
    outer loop
      vertex 8.79896 -0.497488 -4
      vertex 2.0043 -0.537049 -4
      vertex 8.7443 -0.336464 -4
    endloop
  endfacet
  facet normal 0 0 -1
    outer loop
      vertex 0.537049 -2.0043 -4
      vertex 3.10583 -11.5911 -4
      vertex 1.56631 -11.8973 -4
    endloop
  endfacet
  facet normal 0 0 -1
    outer loop
      vertex 8.48528 -8.48528 -4
      vertex 1.46725 -1.46725 -4
      vertex 1.64621 -1.26318 -4
    endloop
  endfacet
  facet normal 0 0 -1
    outer loop
      vertex 7.30514 -9.52024 -4
      vertex 1.26318 -1.64621 -4
      vertex 1.46725 -1.46725 -4
    endloop
  endfacet
  facet normal 0 0 -1
    outer loop
      vertex 6 -10.3923 -4
      vertex 1.0375 -1.797 -4
      vertex 1.26318 -1.64621 -4
    endloop
  endfacet
  facet normal 0 0 -1
    outer loop
      vertex 4.5922 -11.0866 -4
      vertex 0.794067 -1.91705 -4
      vertex 1.0375 -1.797 -4
    endloop
  endfacet
  facet normal 0 0 -1
    outer loop
      vertex 3.10583 -11.5911 -4
      vertex 0.537049 -2.0043 -4
      vertex 0.794067 -1.91705 -4
    endloop
  endfacet
  facet normal 0 0 -1
    outer loop
      vertex 1.56631 -11.8973 -4
      vertex 0.270842 -2.05725 -4
      vertex 0.537049 -2.0043 -4
    endloop
  endfacet
  facet normal 0 0 -1
    outer loop
      vertex -3.71112 -8.49057 -4
      vertex 1.56631 -11.8973 -4
      vertex 0 -12 -4
    endloop
  endfacet
  facet normal 0 0 -1
    outer loop
      vertex -3.7443 -8.32379 -4
      vertex 1.56631 -11.8973 -4
      vertex -3.71112 -8.49057 -4
    endloop
  endfacet
  facet normal 0 0 -1
    outer loop
      vertex 1.56631 -11.8973 -4
      vertex -3.7443 -8.32379 -4
      vertex 0.270842 -2.05725 -4
    endloop
  endfacet
  facet normal 0 0 -1
    outer loop
      vertex -3.71112 -8.49057 -4
      vertex 0 -12 -4
      vertex -1.56631 -11.8973 -4
    endloop
  endfacet
  facet normal 0 0 -1
    outer loop
      vertex -3.79896 -8.16277 -4
      vertex 0.270842 -2.05725 -4
      vertex -3.7443 -8.32379 -4
    endloop
  endfacet
  facet normal 0 0 -1
    outer loop
      vertex -3.71112 -8.49057 -4
      vertex -1.56631 -11.8973 -4
      vertex -3.10583 -11.5911 -4
    endloop
  endfacet
  facet normal 0 0 -1
    outer loop
      vertex 0.270842 -2.05725 -4
      vertex -3.79896 -8.16277 -4
      vertex 0 -2.075 -4
    endloop
  endfacet
  facet normal 0 0 -1
    outer loop
      vertex -3.87417 -8.01025 -4
      vertex 0 -2.075 -4
      vertex -3.79896 -8.16277 -4
    endloop
  endfacet
  facet normal -0 0 -1
    outer loop
      vertex 0 -2.075 -4
      vertex -3.87417 -8.01025 -4
      vertex -0.270842 -2.05725 -4
    endloop
  endfacet
  facet normal 0 0 -1
    outer loop
      vertex -3.96864 -7.86886 -4
      vertex -0.270842 -2.05725 -4
      vertex -3.87417 -8.01025 -4
    endloop
  endfacet
  facet normal 0 0 -1
    outer loop
      vertex -4.08076 -7.74101 -4
      vertex -0.537049 -2.0043 -4
      vertex -3.96864 -7.86886 -4
    endloop
  endfacet
  facet normal -0 0 -1
    outer loop
      vertex -0.270842 -2.05725 -4
      vertex -3.96864 -7.86886 -4
      vertex -0.537049 -2.0043 -4
    endloop
  endfacet
  facet normal 0 0 -1
    outer loop
      vertex 0 12 -4
      vertex -3.7 8.66025 -4
      vertex -1.56631 11.8973 -4
    endloop
  endfacet
  facet normal 0 0 -1
    outer loop
      vertex -3.71112 8.82994 -4
      vertex -1.56631 11.8973 -4
      vertex -3.7 8.66025 -4
    endloop
  endfacet
  facet normal 0 0 -1
    outer loop
      vertex -4.35 -7.53442 -4
      vertex -1.0375 -1.797 -4
      vertex -4.20861 -7.62889 -4
    endloop
  endfacet
  facet normal 0 -0 -1
    outer loop
      vertex -3.7 8.66025 -4
      vertex 0 12 -4
      vertex -3.71112 8.49057 -4
    endloop
  endfacet
  facet normal 0 0 -1
    outer loop
      vertex 0.270842 2.05725 -4
      vertex -3.79896 8.16277 -4
      vertex -3.7443 8.32379 -4
    endloop
  endfacet
  facet normal -0 0 -1
    outer loop
      vertex 1.56631 11.8973 -4
      vertex -3.71112 8.49057 -4
      vertex 0 12 -4
    endloop
  endfacet
  facet normal 0 0 -1
    outer loop
      vertex -4.50251 -7.45921 -4
      vertex -1.0375 -1.797 -4
      vertex -4.35 -7.53442 -4
    endloop
  endfacet
  facet normal 0 0 -1
    outer loop
      vertex 0 2.075 -4
      vertex -3.87417 8.01025 -4
      vertex -3.79896 8.16277 -4
    endloop
  endfacet
  facet normal -0 0 -1
    outer loop
      vertex -1.0375 -1.797 -4
      vertex -4.50251 -7.45921 -4
      vertex -1.26318 -1.64621 -4
    endloop
  endfacet
  facet normal 0 0 -1
    outer loop
      vertex -0.270842 2.05725 -4
      vertex -3.96864 7.86886 -4
      vertex -3.87417 8.01025 -4
    endloop
  endfacet
  facet normal 0 0 -1
    outer loop
      vertex -4.66354 -7.40455 -4
      vertex -1.26318 -1.64621 -4
      vertex -4.50251 -7.45921 -4
    endloop
  endfacet
  facet normal 0 0 -1
    outer loop
      vertex -0.537049 2.0043 -4
      vertex -4.08076 7.74101 -4
      vertex -3.96864 7.86886 -4
    endloop
  endfacet
  facet normal -0 0 -1
    outer loop
      vertex -1.26318 -1.64621 -4
      vertex -4.66354 -7.40455 -4
      vertex -1.46725 -1.46725 -4
    endloop
  endfacet
  facet normal 0 0 -1
    outer loop
      vertex -0.794067 1.91705 -4
      vertex -4.20861 7.62889 -4
      vertex -4.08076 7.74101 -4
    endloop
  endfacet
  facet normal 0 0 -1
    outer loop
      vertex -4.83032 -7.37138 -4
      vertex -1.46725 -1.46725 -4
      vertex -4.66354 -7.40455 -4
    endloop
  endfacet
  facet normal 0 0 -1
    outer loop
      vertex -1.0375 1.797 -4
      vertex -4.35 7.53442 -4
      vertex -4.20861 7.62889 -4
    endloop
  endfacet
  facet normal -0 0 -1
    outer loop
      vertex -1.46725 -1.46725 -4
      vertex -4.83032 -7.37138 -4
      vertex -1.6 -1.31587 -4
    endloop
  endfacet
  facet normal 0 0 -1
    outer loop
      vertex -1.0375 1.797 -4
      vertex -4.50251 7.45921 -4
      vertex -4.35 7.53442 -4
    endloop
  endfacet
  facet normal 0 0 -1
    outer loop
      vertex -5 -7.36025 -4
      vertex -1.6 -1.31587 -4
      vertex -4.83032 -7.37138 -4
    endloop
  endfacet
  facet normal 0 0 -1
    outer loop
      vertex -1.26318 1.64621 -4
      vertex -4.66354 7.40455 -4
      vertex -4.50251 7.45921 -4
    endloop
  endfacet
  facet normal 0 0 -1
    outer loop
      vertex -5.16968 -7.37138 -4
      vertex -1.6 -1.31587 -4
      vertex -5 -7.36025 -4
    endloop
  endfacet
  facet normal 0 0 -1
    outer loop
      vertex -1.46725 1.46725 -4
      vertex -4.83032 7.37138 -4
      vertex -4.66354 7.40455 -4
    endloop
  endfacet
  facet normal 0 0 -1
    outer loop
      vertex -5.33646 -7.40455 -4
      vertex -1.6 -1.31587 -4
      vertex -5.16968 -7.37138 -4
    endloop
  endfacet
  facet normal 0 0 -1
    outer loop
      vertex -1.6 1.31587 -4
      vertex -5 7.36025 -4
      vertex -4.83032 7.37138 -4
    endloop
  endfacet
  facet normal 0 0 -1
    outer loop
      vertex -1.6 -1.31587 -4
      vertex -11.0866 -4.5922 -4
      vertex -11.5911 -3.10583 -4
    endloop
  endfacet
  facet normal 0 0 -1
    outer loop
      vertex -12 0 -4
      vertex -1.6 -1.31587 -4
      vertex -11.8973 -1.56631 -4
    endloop
  endfacet
  facet normal 0 0 -1
    outer loop
      vertex -5.49749 -7.45921 -4
      vertex -11.0866 -4.5922 -4
      vertex -5.33646 -7.40455 -4
    endloop
  endfacet
  facet normal 0 0 -1
    outer loop
      vertex -1.6 -1.31587 -4
      vertex -5.33646 -7.40455 -4
      vertex -11.0866 -4.5922 -4
    endloop
  endfacet
  facet normal 0 0 -1
    outer loop
      vertex -5.65 -7.53442 -4
      vertex -10.3923 -6 -4
      vertex -5.49749 -7.45921 -4
    endloop
  endfacet
  facet normal 0 0 -1
    outer loop
      vertex -11.0866 -4.5922 -4
      vertex -5.49749 -7.45921 -4
      vertex -10.3923 -6 -4
    endloop
  endfacet
  facet normal 0 0 -1
    outer loop
      vertex -10.3923 -6 -4
      vertex -5.65 -7.53442 -4
      vertex -9.52024 -7.30514 -4
    endloop
  endfacet
  facet normal 0 0 -1
    outer loop
      vertex -11.8973 -1.56631 -4
      vertex -1.6 -1.31587 -4
      vertex -11.5911 -3.10583 -4
    endloop
  endfacet
  facet normal 0 0 -1
    outer loop
      vertex -5.91924 -7.74101 -4
      vertex -9.52024 -7.30514 -4
      vertex -5.79139 -7.62889 -4
    endloop
  endfacet
  facet normal 0 0 -1
    outer loop
      vertex -5.79139 -7.62889 -4
      vertex -9.52024 -7.30514 -4
      vertex -5.65 -7.53442 -4
    endloop
  endfacet
  facet normal 0 0 -1
    outer loop
      vertex -6.03136 -7.86886 -4
      vertex -9.52024 -7.30514 -4
      vertex -5.91924 -7.74101 -4
    endloop
  endfacet
  facet normal 0 0 -1
    outer loop
      vertex -1.6 -1.31587 -4
      vertex -12 0 -4
      vertex -1.6 1.31587 -4
    endloop
  endfacet
  facet normal 0 0 -1
    outer loop
      vertex -9.52024 -7.30514 -4
      vertex -6.03136 -7.86886 -4
      vertex -8.48528 -8.48528 -4
    endloop
  endfacet
  facet normal 0 -0 -1
    outer loop
      vertex -11.8973 1.56631 -4
      vertex -1.6 1.31587 -4
      vertex -12 0 -4
    endloop
  endfacet
  facet normal 0 0 -1
    outer loop
      vertex -8.48528 -8.48528 -4
      vertex -6.03136 -7.86886 -4
      vertex -6.12583 -8.01025 -4
    endloop
  endfacet
  facet normal 0 -0 -1
    outer loop
      vertex -11.5911 3.10583 -4
      vertex -1.6 1.31587 -4
      vertex -11.8973 1.56631 -4
    endloop
  endfacet
  facet normal -0 0 -1
    outer loop
      vertex -6.2557 -8.32379 -4
      vertex -8.48528 -8.48528 -4
      vertex -6.20104 -8.16277 -4
    endloop
  endfacet
  facet normal -0 0 -1
    outer loop
      vertex -6.20104 -8.16277 -4
      vertex -8.48528 -8.48528 -4
      vertex -6.12583 -8.01025 -4
    endloop
  endfacet
  facet normal 0 0 -1
    outer loop
      vertex -6.28888 -8.49057 -4
      vertex -8.48528 -8.48528 -4
      vertex -6.2557 -8.32379 -4
    endloop
  endfacet
  facet normal 0 0 -1
    outer loop
      vertex -1.6 1.31587 -4
      vertex -5.16968 7.37138 -4
      vertex -5 7.36025 -4
    endloop
  endfacet
  facet normal 0 0 -1
    outer loop
      vertex -8.48528 -8.48528 -4
      vertex -6.28888 -8.49057 -4
      vertex -7.30514 -9.52024 -4
    endloop
  endfacet
  facet normal 0 -0 -1
    outer loop
      vertex -11.0866 4.5922 -4
      vertex -1.6 1.31587 -4
      vertex -11.5911 3.10583 -4
    endloop
  endfacet
  facet normal 0 0 -1
    outer loop
      vertex -7.30514 -9.52024 -4
      vertex -6.28888 -8.49057 -4
      vertex -6.3 -8.66025 -4
    endloop
  endfacet
  facet normal 0 0 -1
    outer loop
      vertex -1.6 1.31587 -4
      vertex -5.33646 7.40455 -4
      vertex -5.16968 7.37138 -4
    endloop
  endfacet
  facet normal -0 0 -1
    outer loop
      vertex -0.794067 -1.91705 -4
      vertex -4.20861 -7.62889 -4
      vertex -1.0375 -1.797 -4
    endloop
  endfacet
  facet normal 0 0 -1
    outer loop
      vertex -3.7443 8.99672 -4
      vertex -1.56631 11.8973 -4
      vertex -3.71112 8.82994 -4
    endloop
  endfacet
  facet normal 0 0 -1
    outer loop
      vertex -3.79896 9.15774 -4
      vertex -1.56631 11.8973 -4
      vertex -3.7443 8.99672 -4
    endloop
  endfacet
  facet normal 0 0 -1
    outer loop
      vertex -1.56631 11.8973 -4
      vertex -3.79896 9.15774 -4
      vertex -3.10583 11.5911 -4
    endloop
  endfacet
  facet normal 0 0 -1
    outer loop
      vertex -3.87417 9.31025 -4
      vertex -3.10583 11.5911 -4
      vertex -3.79896 9.15774 -4
    endloop
  endfacet
  facet normal 0 0 -1
    outer loop
      vertex -3.96864 9.45164 -4
      vertex -3.10583 11.5911 -4
      vertex -3.87417 9.31025 -4
    endloop
  endfacet
  facet normal 0 0 -1
    outer loop
      vertex -4.08076 9.57949 -4
      vertex -3.10583 11.5911 -4
      vertex -3.96864 9.45164 -4
    endloop
  endfacet
  facet normal 0 0 -1
    outer loop
      vertex -4.20861 9.69161 -4
      vertex -3.10583 11.5911 -4
      vertex -4.08076 9.57949 -4
    endloop
  endfacet
  facet normal 0 0 -1
    outer loop
      vertex -4.5922 11.0866 -4
      vertex -4.20861 9.69161 -4
      vertex -4.35 9.78609 -4
    endloop
  endfacet
  facet normal 0 0 -1
    outer loop
      vertex -4.5922 11.0866 -4
      vertex -4.35 9.78609 -4
      vertex -4.50251 9.8613 -4
    endloop
  endfacet
  facet normal 0 0 -1
    outer loop
      vertex -4.20861 9.69161 -4
      vertex -4.5922 11.0866 -4
      vertex -3.10583 11.5911 -4
    endloop
  endfacet
  facet normal 0 0 -1
    outer loop
      vertex -4.66354 9.91596 -4
      vertex -4.5922 11.0866 -4
      vertex -4.50251 9.8613 -4
    endloop
  endfacet
  facet normal 0 0 -1
    outer loop
      vertex -4.83032 9.94913 -4
      vertex -4.5922 11.0866 -4
      vertex -4.66354 9.91596 -4
    endloop
  endfacet
  facet normal 0 0 -1
    outer loop
      vertex -5 9.96025 -4
      vertex -4.5922 11.0866 -4
      vertex -4.83032 9.94913 -4
    endloop
  endfacet
  facet normal 0 0 -1
    outer loop
      vertex -5.16968 9.94913 -4
      vertex -4.5922 11.0866 -4
      vertex -5 9.96025 -4
    endloop
  endfacet
  facet normal 0 0 -1
    outer loop
      vertex -6 10.3923 -4
      vertex -5.16968 9.94913 -4
      vertex -5.33646 9.91596 -4
    endloop
  endfacet
  facet normal 0 0 -1
    outer loop
      vertex -6 10.3923 -4
      vertex -5.33646 9.91596 -4
      vertex -5.49749 9.8613 -4
    endloop
  endfacet
  facet normal 0 0 -1
    outer loop
      vertex -6 10.3923 -4
      vertex -5.49749 9.8613 -4
      vertex -5.65 9.78609 -4
    endloop
  endfacet
  facet normal 0 0 -1
    outer loop
      vertex -6 10.3923 -4
      vertex -5.65 9.78609 -4
      vertex -5.79139 9.69161 -4
    endloop
  endfacet
  facet normal 0 0 -1
    outer loop
      vertex -6 10.3923 -4
      vertex -5.79139 9.69161 -4
      vertex -5.91924 9.57949 -4
    endloop
  endfacet
  facet normal 0 0 -1
    outer loop
      vertex -5.16968 9.94913 -4
      vertex -6 10.3923 -4
      vertex -4.5922 11.0866 -4
    endloop
  endfacet
  facet normal 0 0 -1
    outer loop
      vertex -6.03136 9.45164 -4
      vertex -6 10.3923 -4
      vertex -5.91924 9.57949 -4
    endloop
  endfacet
  facet normal 0 0 -1
    outer loop
      vertex -7.30514 9.52024 -4
      vertex -6.03136 9.45164 -4
      vertex -6.12583 9.31025 -4
    endloop
  endfacet
  facet normal 0 0 -1
    outer loop
      vertex -7.30514 9.52024 -4
      vertex -6.12583 9.31025 -4
      vertex -6.20104 9.15774 -4
    endloop
  endfacet
  facet normal 0 0 -1
    outer loop
      vertex -7.30514 9.52024 -4
      vertex -6.20104 9.15774 -4
      vertex -6.2557 8.99672 -4
    endloop
  endfacet
  facet normal 0 0 -1
    outer loop
      vertex -7.30514 9.52024 -4
      vertex -6.2557 8.99672 -4
      vertex -6.28888 8.82994 -4
    endloop
  endfacet
  facet normal 0 0 -1
    outer loop
      vertex -6.03136 9.45164 -4
      vertex -7.30514 9.52024 -4
      vertex -6 10.3923 -4
    endloop
  endfacet
  facet normal 0 0 -1
    outer loop
      vertex -6.3 8.66025 -4
      vertex -7.30514 9.52024 -4
      vertex -6.28888 8.82994 -4
    endloop
  endfacet
  facet normal -0 0 -1
    outer loop
      vertex -5.33646 7.40455 -4
      vertex -11.0866 4.5922 -4
      vertex -5.49749 7.45921 -4
    endloop
  endfacet
  facet normal 0 -0 -1
    outer loop
      vertex -10.3923 6 -4
      vertex -5.49749 7.45921 -4
      vertex -11.0866 4.5922 -4
    endloop
  endfacet
  facet normal 0 0 -1
    outer loop
      vertex -6.28888 8.49057 -4
      vertex -7.30514 9.52024 -4
      vertex -6.3 8.66025 -4
    endloop
  endfacet
  facet normal -0 0 -1
    outer loop
      vertex -5.49749 7.45921 -4
      vertex -10.3923 6 -4
      vertex -5.65 7.53442 -4
    endloop
  endfacet
  facet normal 0 -0 -1
    outer loop
      vertex -7.30514 9.52024 -4
      vertex -6.28888 8.49057 -4
      vertex -8.48528 8.48528 -4
    endloop
  endfacet
  facet normal -0 0 -1
    outer loop
      vertex -5.65 7.53442 -4
      vertex -10.3923 6 -4
      vertex -5.79139 7.62889 -4
    endloop
  endfacet
  facet normal 0 0 -1
    outer loop
      vertex -6.2557 8.32379 -4
      vertex -8.48528 8.48528 -4
      vertex -6.28888 8.49057 -4
    endloop
  endfacet
  facet normal 0 -0 -1
    outer loop
      vertex -9.52024 7.30514 -4
      vertex -5.79139 7.62889 -4
      vertex -10.3923 6 -4
    endloop
  endfacet
  facet normal 0 0 -1
    outer loop
      vertex -6.20104 8.16277 -4
      vertex -8.48528 8.48528 -4
      vertex -6.2557 8.32379 -4
    endloop
  endfacet
  facet normal -0 0 -1
    outer loop
      vertex -5.79139 7.62889 -4
      vertex -9.52024 7.30514 -4
      vertex -5.91924 7.74101 -4
    endloop
  endfacet
  facet normal 0 0 -1
    outer loop
      vertex -6.12583 8.01025 -4
      vertex -8.48528 8.48528 -4
      vertex -6.20104 8.16277 -4
    endloop
  endfacet
  facet normal -0 0 -1
    outer loop
      vertex -5.91924 7.74101 -4
      vertex -9.52024 7.30514 -4
      vertex -6.03136 7.86886 -4
    endloop
  endfacet
  facet normal 0 0 -1
    outer loop
      vertex -6.03136 7.86886 -4
      vertex -8.48528 8.48528 -4
      vertex -6.12583 8.01025 -4
    endloop
  endfacet
  facet normal 0 -0 -1
    outer loop
      vertex -8.48528 8.48528 -4
      vertex -6.03136 7.86886 -4
      vertex -9.52024 7.30514 -4
    endloop
  endfacet
  facet normal -0.980789 0.195072 0
    outer loop
      vertex -11.8973 1.56631 -4
      vertex -11.5911 3.10583 0
      vertex -11.5911 3.10583 -4
    endloop
  endfacet
  facet normal -0.980789 0.195072 0
    outer loop
      vertex -11.5911 3.10583 0
      vertex -11.8973 1.56631 -4
      vertex -11.8973 1.56631 0
    endloop
  endfacet
  facet normal -0.321408 0.946941 0
    outer loop
      vertex -3.10583 11.5911 -4
      vertex -4.5922 11.0866 0
      vertex -3.10583 11.5911 0
    endloop
  endfacet
  facet normal -0.321408 0.946941 0
    outer loop
      vertex -4.5922 11.0866 0
      vertex -3.10583 11.5911 -4
      vertex -4.5922 11.0866 -4
    endloop
  endfacet
  facet normal -0.0654276 0.997857 0
    outer loop
      vertex 0 12 -4
      vertex -1.56631 11.8973 0
      vertex 0 12 0
    endloop
  endfacet
  facet normal -0.0654276 0.997857 0
    outer loop
      vertex -1.56631 11.8973 0
      vertex 0 12 -4
      vertex -1.56631 11.8973 -4
    endloop
  endfacet
  facet normal -0.831472 -0.555567 0
    outer loop
      vertex -9.52024 -7.30514 -4
      vertex -10.3923 -6 0
      vertex -10.3923 -6 -4
    endloop
  endfacet
  facet normal -0.831472 -0.555567 0
    outer loop
      vertex -10.3923 -6 0
      vertex -9.52024 -7.30514 -4
      vertex -9.52024 -7.30514 0
    endloop
  endfacet
  facet normal -0.831472 0.555567 0
    outer loop
      vertex -10.3923 6 -4
      vertex -9.52024 7.30514 0
      vertex -9.52024 7.30514 -4
    endloop
  endfacet
  facet normal -0.831472 0.555567 0
    outer loop
      vertex -9.52024 7.30514 0
      vertex -10.3923 6 -4
      vertex -10.3923 6 0
    endloop
  endfacet
  facet normal -0.555567 -0.831472 0
    outer loop
      vertex -7.30514 -9.52024 -4
      vertex -6 -10.3923 0
      vertex -7.30514 -9.52024 0
    endloop
  endfacet
  facet normal -0.555567 -0.831472 -0
    outer loop
      vertex -6 -10.3923 0
      vertex -7.30514 -9.52024 -4
      vertex -6 -10.3923 -4
    endloop
  endfacet
  facet normal 0.442314 -0.89686 0
    outer loop
      vertex 4.5922 -11.0866 -4
      vertex 6 -10.3923 0
      vertex 4.5922 -11.0866 0
    endloop
  endfacet
  facet normal 0.442314 -0.89686 0
    outer loop
      vertex 6 -10.3923 0
      vertex 4.5922 -11.0866 -4
      vertex 6 -10.3923 -4
    endloop
  endfacet
  facet normal 0.195072 0.980789 -0
    outer loop
      vertex 3.10583 11.5911 -4
      vertex 1.56631 11.8973 0
      vertex 3.10583 11.5911 0
    endloop
  endfacet
  facet normal 0.195072 0.980789 0
    outer loop
      vertex 1.56631 11.8973 0
      vertex 3.10583 11.5911 -4
      vertex 1.56631 11.8973 -4
    endloop
  endfacet
  facet normal -0.89686 -0.442314 0
    outer loop
      vertex -10.3923 -6 -4
      vertex -11.0866 -4.5922 0
      vertex -11.0866 -4.5922 -4
    endloop
  endfacet
  facet normal -0.89686 -0.442314 0
    outer loop
      vertex -11.0866 -4.5922 0
      vertex -10.3923 -6 -4
      vertex -10.3923 -6 0
    endloop
  endfacet
  facet normal 0.555567 0.831472 -0
    outer loop
      vertex 7.30514 9.52024 -4
      vertex 6 10.3923 0
      vertex 7.30514 9.52024 0
    endloop
  endfacet
  facet normal 0.555567 0.831472 0
    outer loop
      vertex 6 10.3923 0
      vertex 7.30514 9.52024 -4
      vertex 6 10.3923 -4
    endloop
  endfacet
  facet normal -0.195072 -0.980789 0
    outer loop
      vertex -3.10583 -11.5911 -4
      vertex -1.56631 -11.8973 0
      vertex -3.10583 -11.5911 0
    endloop
  endfacet
  facet normal -0.195072 -0.980789 -0
    outer loop
      vertex -1.56631 -11.8973 0
      vertex -3.10583 -11.5911 -4
      vertex -1.56631 -11.8973 -4
    endloop
  endfacet
  facet normal -0.751838 0.659348 0
    outer loop
      vertex -9.52024 7.30514 -4
      vertex -8.48528 8.48528 0
      vertex -8.48528 8.48528 -4
    endloop
  endfacet
  facet normal -0.751838 0.659348 0
    outer loop
      vertex -8.48528 8.48528 0
      vertex -9.52024 7.30514 -4
      vertex -9.52024 7.30514 0
    endloop
  endfacet
  facet normal -0.555567 0.831472 0
    outer loop
      vertex -6 10.3923 -4
      vertex -7.30514 9.52024 0
      vertex -6 10.3923 0
    endloop
  endfacet
  facet normal -0.555567 0.831472 0
    outer loop
      vertex -7.30514 9.52024 0
      vertex -6 10.3923 -4
      vertex -7.30514 9.52024 -4
    endloop
  endfacet
  facet normal 0 0 1
    outer loop
      vertex -1.81173 -6.76148 0
      vertex -3.71112 -8.49057 0
      vertex -3.7 -8.66025 0
    endloop
  endfacet
  facet normal 0 0 1
    outer loop
      vertex -2.67878 -6.46716 0
      vertex -3.7443 -8.32379 0
      vertex -3.71112 -8.49057 0
    endloop
  endfacet
  facet normal 0 0 1
    outer loop
      vertex -2.67878 -6.46716 0
      vertex -3.79896 -8.16277 0
      vertex -3.7443 -8.32379 0
    endloop
  endfacet
  facet normal 0 0 1
    outer loop
      vertex -2.67878 -6.46716 0
      vertex -3.87417 -8.01025 0
      vertex -3.79896 -8.16277 0
    endloop
  endfacet
  facet normal 0 0 1
    outer loop
      vertex -2.67878 -6.46716 0
      vertex -3.96864 -7.86886 0
      vertex -3.87417 -8.01025 0
    endloop
  endfacet
  facet normal 0 0 1
    outer loop
      vertex -2.67878 -6.46716 0
      vertex -4.08076 -7.74101 0
      vertex -3.96864 -7.86886 0
    endloop
  endfacet
  facet normal 0 0 1
    outer loop
      vertex -3.5 -6.06218 0
      vertex -4.20861 -7.62889 0
      vertex -4.08076 -7.74101 0
    endloop
  endfacet
  facet normal 0 0 1
    outer loop
      vertex -4.66354 -7.40455 0
      vertex -3.5 -6.06218 0
      vertex -4.26133 -5.55347 0
    endloop
  endfacet
  facet normal 0 0 1
    outer loop
      vertex -3.5 -6.06218 0
      vertex -4.35 -7.53442 0
      vertex -4.20861 -7.62889 0
    endloop
  endfacet
  facet normal 0 0 1
    outer loop
      vertex -3.5 -6.06218 0
      vertex -4.50251 -7.45921 0
      vertex -4.35 -7.53442 0
    endloop
  endfacet
  facet normal 0 0 1
    outer loop
      vertex -3.5 -6.06218 0
      vertex -4.66354 -7.40455 0
      vertex -4.50251 -7.45921 0
    endloop
  endfacet
  facet normal 0 0 1
    outer loop
      vertex -4.26133 -5.55347 0
      vertex -4.83032 -7.37138 0
      vertex -4.66354 -7.40455 0
    endloop
  endfacet
  facet normal 0 0 1
    outer loop
      vertex -5.16968 -7.37138 0
      vertex -4.26133 -5.55347 0
      vertex -4.94975 -4.94975 0
    endloop
  endfacet
  facet normal 0 0 1
    outer loop
      vertex -4.26133 -5.55347 0
      vertex -5 -7.36025 0
      vertex -4.83032 -7.37138 0
    endloop
  endfacet
  facet normal 0 0 1
    outer loop
      vertex -4.26133 -5.55347 0
      vertex -5.16968 -7.37138 0
      vertex -5 -7.36025 0
    endloop
  endfacet
  facet normal 0 0 1
    outer loop
      vertex -4.94975 -4.94975 0
      vertex -5.33646 -7.40455 0
      vertex -5.16968 -7.37138 0
    endloop
  endfacet
  facet normal 0 0 1
    outer loop
      vertex -4.94975 -4.94975 0
      vertex -5.49749 -7.45921 0
      vertex -5.33646 -7.40455 0
    endloop
  endfacet
  facet normal 0 0 1
    outer loop
      vertex -5.65 -7.53442 0
      vertex -4.94975 -4.94975 0
      vertex -5.55347 -4.26133 0
    endloop
  endfacet
  facet normal 0 0 1
    outer loop
      vertex -4.94975 -4.94975 0
      vertex -5.65 -7.53442 0
      vertex -5.49749 -7.45921 0
    endloop
  endfacet
  facet normal 0 0 1
    outer loop
      vertex -5.55347 -4.26133 0
      vertex -5.79139 -7.62889 0
      vertex -5.65 -7.53442 0
    endloop
  endfacet
  facet normal 0 0 1
    outer loop
      vertex -5.55347 -4.26133 0
      vertex -5.91924 -7.74101 0
      vertex -5.79139 -7.62889 0
    endloop
  endfacet
  facet normal -0 0 1
    outer loop
      vertex -9.52024 -7.30514 0
      vertex -5.91924 -7.74101 0
      vertex -5.55347 -4.26133 0
    endloop
  endfacet
  facet normal 0 0 1
    outer loop
      vertex -9.52024 -7.30514 0
      vertex -5.55347 -4.26133 0
      vertex -6.06218 -3.5 0
    endloop
  endfacet
  facet normal 0 0 1
    outer loop
      vertex -5.91924 -7.74101 0
      vertex -9.52024 -7.30514 0
      vertex -6.03136 -7.86886 0
    endloop
  endfacet
  facet normal 0 -0 1
    outer loop
      vertex -8.48528 -8.48528 0
      vertex -6.03136 -7.86886 0
      vertex -9.52024 -7.30514 0
    endloop
  endfacet
  facet normal 0 0 1
    outer loop
      vertex -6.03136 -7.86886 0
      vertex -8.48528 -8.48528 0
      vertex -6.12583 -8.01025 0
    endloop
  endfacet
  facet normal 0 0 1
    outer loop
      vertex -6.12583 -8.01025 0
      vertex -8.48528 -8.48528 0
      vertex -6.20104 -8.16277 0
    endloop
  endfacet
  facet normal 0 0 1
    outer loop
      vertex -6.20104 -8.16277 0
      vertex -8.48528 -8.48528 0
      vertex -6.2557 -8.32379 0
    endloop
  endfacet
  facet normal 0 0 1
    outer loop
      vertex -10.3923 -6 0
      vertex -6.06218 -3.5 0
      vertex -6.46716 -2.67878 0
    endloop
  endfacet
  facet normal -0 0 1
    outer loop
      vertex 6.06218 -3.5 0
      vertex 10.3923 -6 0
      vertex 6.46716 -2.67878 0
    endloop
  endfacet
  facet normal 0 0 1
    outer loop
      vertex 10.3923 -6 0
      vertex 6.06218 -3.5 0
      vertex 9.52024 -7.30514 0
    endloop
  endfacet
  facet normal -0 0 1
    outer loop
      vertex 5.55347 -4.26133 0
      vertex 9.52024 -7.30514 0
      vertex 6.06218 -3.5 0
    endloop
  endfacet
  facet normal 0 0 1
    outer loop
      vertex 9.52024 -7.30514 0
      vertex 5.55347 -4.26133 0
      vertex 8.48528 -8.48528 0
    endloop
  endfacet
  facet normal -0 0 1
    outer loop
      vertex 4.94975 -4.94975 0
      vertex 8.48528 -8.48528 0
      vertex 5.55347 -4.26133 0
    endloop
  endfacet
  facet normal 0 0 1
    outer loop
      vertex 8.48528 -8.48528 0
      vertex 4.94975 -4.94975 0
      vertex 7.30514 -9.52024 0
    endloop
  endfacet
  facet normal -0 0 1
    outer loop
      vertex 4.26133 -5.55347 0
      vertex 7.30514 -9.52024 0
      vertex 4.94975 -4.94975 0
    endloop
  endfacet
  facet normal 0 0 1
    outer loop
      vertex 7.30514 -9.52024 0
      vertex 4.26133 -5.55347 0
      vertex 6 -10.3923 0
    endloop
  endfacet
  facet normal -0 0 1
    outer loop
      vertex 3.5 -6.06218 0
      vertex 6 -10.3923 0
      vertex 4.26133 -5.55347 0
    endloop
  endfacet
  facet normal 0 0 1
    outer loop
      vertex 6 -10.3923 0
      vertex 3.5 -6.06218 0
      vertex 4.5922 -11.0866 0
    endloop
  endfacet
  facet normal -0 0 1
    outer loop
      vertex 2.67878 -6.46716 0
      vertex 4.5922 -11.0866 0
      vertex 3.5 -6.06218 0
    endloop
  endfacet
  facet normal 0 0 1
    outer loop
      vertex 4.5922 -11.0866 0
      vertex 2.67878 -6.46716 0
      vertex 3.10583 -11.5911 0
    endloop
  endfacet
  facet normal -0 0 1
    outer loop
      vertex 1.81173 -6.76148 0
      vertex 3.10583 -11.5911 0
      vertex 2.67878 -6.46716 0
    endloop
  endfacet
  facet normal 0 0 1
    outer loop
      vertex 1.81173 -6.76148 0
      vertex 1.56631 -11.8973 0
      vertex 3.10583 -11.5911 0
    endloop
  endfacet
  facet normal -0 0 1
    outer loop
      vertex 0.913683 -6.94011 0
      vertex 1.56631 -11.8973 0
      vertex 1.81173 -6.76148 0
    endloop
  endfacet
  facet normal -0 0 1
    outer loop
      vertex 0 -7 0
      vertex 1.56631 -11.8973 0
      vertex 0.913683 -6.94011 0
    endloop
  endfacet
  facet normal 0 0 1
    outer loop
      vertex 0 -7 0
      vertex 0 -12 0
      vertex 1.56631 -11.8973 0
    endloop
  endfacet
  facet normal 0 0 1
    outer loop
      vertex -0.913683 -6.94011 0
      vertex 0 -12 0
      vertex 0 -7 0
    endloop
  endfacet
  facet normal 0 0 1
    outer loop
      vertex -0.913683 -6.94011 0
      vertex -1.56631 -11.8973 0
      vertex 0 -12 0
    endloop
  endfacet
  facet normal 0 0 1
    outer loop
      vertex -3.7 -8.66025 0
      vertex -0.913683 -6.94011 0
      vertex -1.81173 -6.76148 0
    endloop
  endfacet
  facet normal 0 0 1
    outer loop
      vertex -3.71112 -8.49057 0
      vertex -1.81173 -6.76148 0
      vertex -2.67878 -6.46716 0
    endloop
  endfacet
  facet normal 0 0 1
    outer loop
      vertex -0.913683 -6.94011 0
      vertex -3.7 -8.66025 0
      vertex -3.71112 -8.82994 0
    endloop
  endfacet
  facet normal 0 0 1
    outer loop
      vertex -4.08076 -7.74101 0
      vertex -2.67878 -6.46716 0
      vertex -3.5 -6.06218 0
    endloop
  endfacet
  facet normal 0 0 1
    outer loop
      vertex -0.913683 -6.94011 0
      vertex -3.71112 -8.82994 0
      vertex -1.56631 -11.8973 0
    endloop
  endfacet
  facet normal -0 0 1
    outer loop
      vertex -3.7443 -8.99672 0
      vertex -1.56631 -11.8973 0
      vertex -3.71112 -8.82994 0
    endloop
  endfacet
  facet normal -0 0 1
    outer loop
      vertex -3.79896 -9.15774 0
      vertex -1.56631 -11.8973 0
      vertex -3.7443 -8.99672 0
    endloop
  endfacet
  facet normal 0 0 1
    outer loop
      vertex -1.56631 -11.8973 0
      vertex -3.79896 -9.15774 0
      vertex -3.10583 -11.5911 0
    endloop
  endfacet
  facet normal -0 0 1
    outer loop
      vertex -3.87417 -9.31025 0
      vertex -3.10583 -11.5911 0
      vertex -3.79896 -9.15774 0
    endloop
  endfacet
  facet normal -0 0 1
    outer loop
      vertex -3.96864 -9.45164 0
      vertex -3.10583 -11.5911 0
      vertex -3.87417 -9.31025 0
    endloop
  endfacet
  facet normal -0 0 1
    outer loop
      vertex -4.08076 -9.57949 0
      vertex -3.10583 -11.5911 0
      vertex -3.96864 -9.45164 0
    endloop
  endfacet
  facet normal -0 0 1
    outer loop
      vertex -4.20861 -9.69161 0
      vertex -3.10583 -11.5911 0
      vertex -4.08076 -9.57949 0
    endloop
  endfacet
  facet normal 0 0 1
    outer loop
      vertex -4.5922 -11.0866 0
      vertex -4.20861 -9.69161 0
      vertex -4.35 -9.78609 0
    endloop
  endfacet
  facet normal 0 0 1
    outer loop
      vertex -4.5922 -11.0866 0
      vertex -4.35 -9.78609 0
      vertex -4.50251 -9.8613 0
    endloop
  endfacet
  facet normal 0 0 1
    outer loop
      vertex -4.20861 -9.69161 0
      vertex -4.5922 -11.0866 0
      vertex -3.10583 -11.5911 0
    endloop
  endfacet
  facet normal -0 0 1
    outer loop
      vertex -4.66354 -9.91596 0
      vertex -4.5922 -11.0866 0
      vertex -4.50251 -9.8613 0
    endloop
  endfacet
  facet normal -0 0 1
    outer loop
      vertex -4.83032 -9.94913 0
      vertex -4.5922 -11.0866 0
      vertex -4.66354 -9.91596 0
    endloop
  endfacet
  facet normal -0 0 1
    outer loop
      vertex -5 -9.96025 0
      vertex -4.5922 -11.0866 0
      vertex -4.83032 -9.94913 0
    endloop
  endfacet
  facet normal 0 0 1
    outer loop
      vertex -5.16968 -9.94913 0
      vertex -4.5922 -11.0866 0
      vertex -5 -9.96025 0
    endloop
  endfacet
  facet normal 0 0 1
    outer loop
      vertex -6 -10.3923 0
      vertex -5.16968 -9.94913 0
      vertex -5.33646 -9.91596 0
    endloop
  endfacet
  facet normal 0 0 1
    outer loop
      vertex -6 -10.3923 0
      vertex -5.33646 -9.91596 0
      vertex -5.49749 -9.8613 0
    endloop
  endfacet
  facet normal 0 0 1
    outer loop
      vertex -6 -10.3923 0
      vertex -5.49749 -9.8613 0
      vertex -5.65 -9.78609 0
    endloop
  endfacet
  facet normal 0 0 1
    outer loop
      vertex -6 -10.3923 0
      vertex -5.65 -9.78609 0
      vertex -5.79139 -9.69161 0
    endloop
  endfacet
  facet normal 0 0 1
    outer loop
      vertex -6 -10.3923 0
      vertex -5.79139 -9.69161 0
      vertex -5.91924 -9.57949 0
    endloop
  endfacet
  facet normal 0 0 1
    outer loop
      vertex -5.16968 -9.94913 0
      vertex -6 -10.3923 0
      vertex -4.5922 -11.0866 0
    endloop
  endfacet
  facet normal 0 0 1
    outer loop
      vertex -6.03136 -9.45164 0
      vertex -6 -10.3923 0
      vertex -5.91924 -9.57949 0
    endloop
  endfacet
  facet normal 0 0 1
    outer loop
      vertex -7.30514 -9.52024 0
      vertex -6.03136 -9.45164 0
      vertex -6.12583 -9.31025 0
    endloop
  endfacet
  facet normal 0 0 1
    outer loop
      vertex -7.30514 -9.52024 0
      vertex -6.12583 -9.31025 0
      vertex -6.20104 -9.15774 0
    endloop
  endfacet
  facet normal 0 0 1
    outer loop
      vertex -7.30514 -9.52024 0
      vertex -6.20104 -9.15774 0
      vertex -6.2557 -8.99672 0
    endloop
  endfacet
  facet normal 0 0 1
    outer loop
      vertex -7.30514 -9.52024 0
      vertex -6.2557 -8.99672 0
      vertex -6.28888 -8.82994 0
    endloop
  endfacet
  facet normal 0 0 1
    outer loop
      vertex -11.0866 -4.5922 0
      vertex -6.46716 -2.67878 0
      vertex -6.76148 -1.81173 0
    endloop
  endfacet
  facet normal 0 0 1
    outer loop
      vertex -6.2557 -8.32379 0
      vertex -8.48528 -8.48528 0
      vertex -6.28888 -8.49057 0
    endloop
  endfacet
  facet normal 0 0 1
    outer loop
      vertex -11.5911 -3.10583 0
      vertex -6.76148 -1.81173 0
      vertex -6.94011 -0.913683 0
    endloop
  endfacet
  facet normal 0 0 1
    outer loop
      vertex -6.03136 -9.45164 0
      vertex -7.30514 -9.52024 0
      vertex -6 -10.3923 0
    endloop
  endfacet
  facet normal 0 -0 1
    outer loop
      vertex -7.30514 -9.52024 0
      vertex -6.28888 -8.49057 0
      vertex -8.48528 -8.48528 0
    endloop
  endfacet
  facet normal 0 0 1
    outer loop
      vertex -11.8973 -1.56631 0
      vertex -6.94011 -0.913683 0
      vertex -7 0 0
    endloop
  endfacet
  facet normal -0 0 1
    outer loop
      vertex -11.0866 4.5922 0
      vertex -6.46716 2.67878 0
      vertex -10.3923 6 0
    endloop
  endfacet
  facet normal 0 0 1
    outer loop
      vertex -6.46716 2.67878 0
      vertex -11.0866 4.5922 0
      vertex -6.76148 1.81173 0
    endloop
  endfacet
  facet normal 0 0 1
    outer loop
      vertex -6.3 -8.66025 0
      vertex -7.30514 -9.52024 0
      vertex -6.28888 -8.82994 0
    endloop
  endfacet
  facet normal -0 0 1
    outer loop
      vertex -11.5911 3.10583 0
      vertex -6.76148 1.81173 0
      vertex -11.0866 4.5922 0
    endloop
  endfacet
  facet normal 0 0 1
    outer loop
      vertex -6.28888 -8.49057 0
      vertex -7.30514 -9.52024 0
      vertex -6.3 -8.66025 0
    endloop
  endfacet
  facet normal 0 0 1
    outer loop
      vertex -6.76148 1.81173 0
      vertex -11.5911 3.10583 0
      vertex -6.94011 0.913683 0
    endloop
  endfacet
  facet normal 0 0 1
    outer loop
      vertex -6.06218 -3.5 0
      vertex -10.3923 -6 0
      vertex -9.52024 -7.30514 0
    endloop
  endfacet
  facet normal -0 0 1
    outer loop
      vertex -11.8973 1.56631 0
      vertex -6.94011 0.913683 0
      vertex -11.5911 3.10583 0
    endloop
  endfacet
  facet normal 0 0 1
    outer loop
      vertex -6.46716 -2.67878 0
      vertex -11.0866 -4.5922 0
      vertex -10.3923 -6 0
    endloop
  endfacet
  facet normal 0 0 1
    outer loop
      vertex -6.94011 0.913683 0
      vertex -11.8973 1.56631 0
      vertex -7 0 0
    endloop
  endfacet
  facet normal 0 0 1
    outer loop
      vertex -6.76148 -1.81173 0
      vertex -11.5911 -3.10583 0
      vertex -11.0866 -4.5922 0
    endloop
  endfacet
  facet normal 0 0 1
    outer loop
      vertex -12 0 0
      vertex -7 0 0
      vertex -11.8973 1.56631 0
    endloop
  endfacet
  facet normal 0 0 1
    outer loop
      vertex -6.94011 -0.913683 0
      vertex -11.8973 -1.56631 0
      vertex -11.5911 -3.10583 0
    endloop
  endfacet
  facet normal 0 0 1
    outer loop
      vertex -7 0 0
      vertex -12 0 0
      vertex -11.8973 -1.56631 0
    endloop
  endfacet
  facet normal -0 0 1
    outer loop
      vertex -3.79896 8.16277 0
      vertex -1.81173 6.76148 0
      vertex -3.7443 8.32379 0
    endloop
  endfacet
  facet normal 0 0 1
    outer loop
      vertex -1.81173 6.76148 0
      vertex -3.79896 8.16277 0
      vertex -2.67878 6.46716 0
    endloop
  endfacet
  facet normal -0 0 1
    outer loop
      vertex -3.87417 8.01025 0
      vertex -2.67878 6.46716 0
      vertex -3.79896 8.16277 0
    endloop
  endfacet
  facet normal -0 0 1
    outer loop
      vertex -3.96864 7.86886 0
      vertex -2.67878 6.46716 0
      vertex -3.87417 8.01025 0
    endloop
  endfacet
  facet normal -0 0 1
    outer loop
      vertex -4.08076 7.74101 0
      vertex -2.67878 6.46716 0
      vertex -3.96864 7.86886 0
    endloop
  endfacet
  facet normal 0 0 1
    outer loop
      vertex -2.67878 6.46716 0
      vertex -4.08076 7.74101 0
      vertex -3.5 6.06218 0
    endloop
  endfacet
  facet normal -0 0 1
    outer loop
      vertex -4.20861 7.62889 0
      vertex -3.5 6.06218 0
      vertex -4.08076 7.74101 0
    endloop
  endfacet
  facet normal -0 0 1
    outer loop
      vertex -4.35 7.53442 0
      vertex -3.5 6.06218 0
      vertex -4.20861 7.62889 0
    endloop
  endfacet
  facet normal -0 0 1
    outer loop
      vertex -4.50251 7.45921 0
      vertex -3.5 6.06218 0
      vertex -4.35 7.53442 0
    endloop
  endfacet
  facet normal -0 0 1
    outer loop
      vertex -4.66354 7.40455 0
      vertex -3.5 6.06218 0
      vertex -4.50251 7.45921 0
    endloop
  endfacet
  facet normal 0 0 1
    outer loop
      vertex -3.5 6.06218 0
      vertex -4.66354 7.40455 0
      vertex -4.26133 5.55347 0
    endloop
  endfacet
  facet normal -0 0 1
    outer loop
      vertex -4.83032 7.37138 0
      vertex -4.26133 5.55347 0
      vertex -4.66354 7.40455 0
    endloop
  endfacet
  facet normal -0 0 1
    outer loop
      vertex -5 7.36025 0
      vertex -4.26133 5.55347 0
      vertex -4.83032 7.37138 0
    endloop
  endfacet
  facet normal 0 0 1
    outer loop
      vertex -5.16968 7.37138 0
      vertex -4.26133 5.55347 0
      vertex -5 7.36025 0
    endloop
  endfacet
  facet normal 0 0 1
    outer loop
      vertex -4.26133 5.55347 0
      vertex -5.16968 7.37138 0
      vertex -4.94975 4.94975 0
    endloop
  endfacet
  facet normal 0 0 1
    outer loop
      vertex -5.33646 7.40455 0
      vertex -4.94975 4.94975 0
      vertex -5.16968 7.37138 0
    endloop
  endfacet
  facet normal 0 0 1
    outer loop
      vertex -5.49749 7.45921 0
      vertex -4.94975 4.94975 0
      vertex -5.33646 7.40455 0
    endloop
  endfacet
  facet normal 0 0 1
    outer loop
      vertex -5.65 7.53442 0
      vertex -4.94975 4.94975 0
      vertex -5.49749 7.45921 0
    endloop
  endfacet
  facet normal 0 0 1
    outer loop
      vertex -4.94975 4.94975 0
      vertex -5.65 7.53442 0
      vertex -5.55347 4.26133 0
    endloop
  endfacet
  facet normal 0 0 1
    outer loop
      vertex -5.79139 7.62889 0
      vertex -5.55347 4.26133 0
      vertex -5.65 7.53442 0
    endloop
  endfacet
  facet normal 0 0 1
    outer loop
      vertex -5.91924 7.74101 0
      vertex -5.55347 4.26133 0
      vertex -5.79139 7.62889 0
    endloop
  endfacet
  facet normal 0 0 1
    outer loop
      vertex -9.52024 7.30514 0
      vertex -6.03136 7.86886 0
      vertex -8.48528 8.48528 0
    endloop
  endfacet
  facet normal 0 0 1
    outer loop
      vertex -6.03136 7.86886 0
      vertex -9.52024 7.30514 0
      vertex -5.91924 7.74101 0
    endloop
  endfacet
  facet normal 0 0 1
    outer loop
      vertex -8.48528 8.48528 0
      vertex -6.03136 7.86886 0
      vertex -6.12583 8.01025 0
    endloop
  endfacet
  facet normal 0 0 1
    outer loop
      vertex -6.2557 8.32379 0
      vertex -8.48528 8.48528 0
      vertex -6.20104 8.16277 0
    endloop
  endfacet
  facet normal 0 0 1
    outer loop
      vertex -6.28888 8.49057 0
      vertex -8.48528 8.48528 0
      vertex -6.2557 8.32379 0
    endloop
  endfacet
  facet normal 0 0 1
    outer loop
      vertex -8.48528 8.48528 0
      vertex -6.28888 8.49057 0
      vertex -7.30514 9.52024 0
    endloop
  endfacet
  facet normal 0 0 1
    outer loop
      vertex -7.30514 9.52024 0
      vertex -6.28888 8.49057 0
      vertex -6.3 8.66025 0
    endloop
  endfacet
  facet normal 0 0 1
    outer loop
      vertex -6.20104 8.16277 0
      vertex -8.48528 8.48528 0
      vertex -6.12583 8.01025 0
    endloop
  endfacet
  facet normal -0 0 1
    outer loop
      vertex 11.201 0.497488 0
      vertex 12 0 0
      vertex 11.8973 1.56631 0
    endloop
  endfacet
  facet normal 0 0 1
    outer loop
      vertex 10.4975 1.20104 0
      vertex 11.8973 1.56631 0
      vertex 11.5911 3.10583 0
    endloop
  endfacet
  facet normal 0 0 1
    outer loop
      vertex 12 0 0
      vertex 11.2889 0.169683 0
      vertex 11.3 0 0
    endloop
  endfacet
  facet normal 0 0 1
    outer loop
      vertex 11.2557 -0.336464 0
      vertex 12 0 0
      vertex 11.2889 -0.169683 0
    endloop
  endfacet
  facet normal 0 0 1
    outer loop
      vertex 11.2889 -0.169683 0
      vertex 12 0 0
      vertex 11.3 0 0
    endloop
  endfacet
  facet normal 0 0 1
    outer loop
      vertex 12 0 0
      vertex 11.2557 0.336464 0
      vertex 11.2889 0.169683 0
    endloop
  endfacet
  facet normal 0 0 1
    outer loop
      vertex 12 0 0
      vertex 11.201 0.497488 0
      vertex 11.2557 0.336464 0
    endloop
  endfacet
  facet normal 0 0 1
    outer loop
      vertex 11.8973 1.56631 0
      vertex 11.1258 0.65 0
      vertex 11.201 0.497488 0
    endloop
  endfacet
  facet normal 0 0 1
    outer loop
      vertex 9.83032 1.28888 0
      vertex 11.5911 3.10583 0
      vertex 11.0866 4.5922 0
    endloop
  endfacet
  facet normal 0 0 1
    outer loop
      vertex 11.8973 1.56631 0
      vertex 11.0314 0.791389 0
      vertex 11.1258 0.65 0
    endloop
  endfacet
  facet normal 0 0 1
    outer loop
      vertex 11.8973 1.56631 0
      vertex 10.9192 0.919238 0
      vertex 11.0314 0.791389 0
    endloop
  endfacet
  facet normal 0 0 1
    outer loop
      vertex 11.8973 1.56631 0
      vertex 10.7914 1.03136 0
      vertex 10.9192 0.919238 0
    endloop
  endfacet
  facet normal 0 0 1
    outer loop
      vertex 11.8973 1.56631 0
      vertex 10.65 1.12583 0
      vertex 10.7914 1.03136 0
    endloop
  endfacet
  facet normal 0 0 1
    outer loop
      vertex 11.8973 1.56631 0
      vertex 10.4975 1.20104 0
      vertex 10.65 1.12583 0
    endloop
  endfacet
  facet normal 0 0 1
    outer loop
      vertex 6.46716 2.67878 0
      vertex 11.0866 4.5922 0
      vertex 10.3923 6 0
    endloop
  endfacet
  facet normal 0 0 1
    outer loop
      vertex 11.5911 3.10583 0
      vertex 10.3365 1.2557 0
      vertex 10.4975 1.20104 0
    endloop
  endfacet
  facet normal 0 0 1
    outer loop
      vertex 11.5911 3.10583 0
      vertex 10.1697 1.28888 0
      vertex 10.3365 1.2557 0
    endloop
  endfacet
  facet normal 0 0 1
    outer loop
      vertex 11.5911 3.10583 0
      vertex 10 1.3 0
      vertex 10.1697 1.28888 0
    endloop
  endfacet
  facet normal 0 0 1
    outer loop
      vertex 11.5911 3.10583 0
      vertex 9.83032 1.28888 0
      vertex 10 1.3 0
    endloop
  endfacet
  facet normal 0 0 1
    outer loop
      vertex 11.0866 4.5922 0
      vertex 9.66354 1.2557 0
      vertex 9.83032 1.28888 0
    endloop
  endfacet
  facet normal 0 0 1
    outer loop
      vertex 6.46716 2.67878 0
      vertex 10.3923 6 0
      vertex 9.52024 7.30514 0
    endloop
  endfacet
  facet normal 0 0 1
    outer loop
      vertex 11.0866 4.5922 0
      vertex 6.46716 2.67878 0
      vertex 9.66354 1.2557 0
    endloop
  endfacet
  facet normal 0 0 1
    outer loop
      vertex 9.66354 1.2557 0
      vertex 6.46716 2.67878 0
      vertex 9.50251 1.20104 0
    endloop
  endfacet
  facet normal 0 0 1
    outer loop
      vertex 9.50251 1.20104 0
      vertex 6.46716 2.67878 0
      vertex 9.35 1.12583 0
    endloop
  endfacet
  facet normal -0 -0 1
    outer loop
      vertex 6.76148 1.81173 0
      vertex 9.35 1.12583 0
      vertex 6.46716 2.67878 0
    endloop
  endfacet
  facet normal 0 0 1
    outer loop
      vertex 9.35 1.12583 0
      vertex 6.76148 1.81173 0
      vertex 9.20861 1.03136 0
    endloop
  endfacet
  facet normal 0 0 1
    outer loop
      vertex 9.20861 1.03136 0
      vertex 6.76148 1.81173 0
      vertex 9.08076 0.919238 0
    endloop
  endfacet
  facet normal 0 0 1
    outer loop
      vertex 9.08076 0.919238 0
      vertex 6.76148 1.81173 0
      vertex 8.96864 0.791389 0
    endloop
  endfacet
  facet normal -0 -0 1
    outer loop
      vertex 6.94011 0.913683 0
      vertex 8.96864 0.791389 0
      vertex 6.76148 1.81173 0
    endloop
  endfacet
  facet normal 0 0 1
    outer loop
      vertex 8.96864 0.791389 0
      vertex 6.94011 0.913683 0
      vertex 8.87417 0.65 0
    endloop
  endfacet
  facet normal 0 0 1
    outer loop
      vertex 8.87417 0.65 0
      vertex 6.94011 0.913683 0
      vertex 8.79896 0.497488 0
    endloop
  endfacet
  facet normal 0 0 1
    outer loop
      vertex 6.46716 2.67878 0
      vertex 9.52024 7.30514 0
      vertex 8.48528 8.48528 0
    endloop
  endfacet
  facet normal 0 0 1
    outer loop
      vertex 11.201 -0.497488 0
      vertex 12 0 0
      vertex 11.2557 -0.336464 0
    endloop
  endfacet
  facet normal 0 0 1
    outer loop
      vertex 12 0 0
      vertex 11.201 -0.497488 0
      vertex 11.8973 -1.56631 0
    endloop
  endfacet
  facet normal -0 0 1
    outer loop
      vertex 11.1258 -0.65 0
      vertex 11.8973 -1.56631 0
      vertex 11.201 -0.497488 0
    endloop
  endfacet
  facet normal -0 0 1
    outer loop
      vertex 11.0314 -0.791389 0
      vertex 11.8973 -1.56631 0
      vertex 11.1258 -0.65 0
    endloop
  endfacet
  facet normal -0 0 1
    outer loop
      vertex 10.9192 -0.919238 0
      vertex 11.8973 -1.56631 0
      vertex 11.0314 -0.791389 0
    endloop
  endfacet
  facet normal -0 0 1
    outer loop
      vertex 10.7914 -1.03136 0
      vertex 11.8973 -1.56631 0
      vertex 10.9192 -0.919238 0
    endloop
  endfacet
  facet normal -0 0 1
    outer loop
      vertex 10.65 -1.12583 0
      vertex 11.8973 -1.56631 0
      vertex 10.7914 -1.03136 0
    endloop
  endfacet
  facet normal -0 0 1
    outer loop
      vertex 10.4975 -1.20104 0
      vertex 11.8973 -1.56631 0
      vertex 10.65 -1.12583 0
    endloop
  endfacet
  facet normal 0 0 1
    outer loop
      vertex 11.8973 -1.56631 0
      vertex 10.4975 -1.20104 0
      vertex 11.5911 -3.10583 0
    endloop
  endfacet
  facet normal -0 0 1
    outer loop
      vertex 10.3365 -1.2557 0
      vertex 11.5911 -3.10583 0
      vertex 10.4975 -1.20104 0
    endloop
  endfacet
  facet normal -0 0 1
    outer loop
      vertex 10.1697 -1.28888 0
      vertex 11.5911 -3.10583 0
      vertex 10.3365 -1.2557 0
    endloop
  endfacet
  facet normal -0 0 1
    outer loop
      vertex 10 -1.3 0
      vertex 11.5911 -3.10583 0
      vertex 10.1697 -1.28888 0
    endloop
  endfacet
  facet normal 0 0 1
    outer loop
      vertex 9.83032 -1.28888 0
      vertex 11.5911 -3.10583 0
      vertex 10 -1.3 0
    endloop
  endfacet
  facet normal 0 0 1
    outer loop
      vertex 11.5911 -3.10583 0
      vertex 9.83032 -1.28888 0
      vertex 11.0866 -4.5922 0
    endloop
  endfacet
  facet normal 0 0 1
    outer loop
      vertex 9.66354 -1.2557 0
      vertex 11.0866 -4.5922 0
      vertex 9.83032 -1.28888 0
    endloop
  endfacet
  facet normal 0 0 1
    outer loop
      vertex 9.50251 -1.20104 0
      vertex 11.0866 -4.5922 0
      vertex 9.66354 -1.2557 0
    endloop
  endfacet
  facet normal 0 0 1
    outer loop
      vertex 9.35 -1.12583 0
      vertex 6.46716 -2.67878 0
      vertex 9.50251 -1.20104 0
    endloop
  endfacet
  facet normal 0 0 1
    outer loop
      vertex 6.46716 -2.67878 0
      vertex 9.35 -1.12583 0
      vertex 6.76148 -1.81173 0
    endloop
  endfacet
  facet normal 0 0 1
    outer loop
      vertex 9.08076 -0.919238 0
      vertex 6.76148 -1.81173 0
      vertex 9.20861 -1.03136 0
    endloop
  endfacet
  facet normal 0 0 1
    outer loop
      vertex 9.20861 -1.03136 0
      vertex 6.76148 -1.81173 0
      vertex 9.35 -1.12583 0
    endloop
  endfacet
  facet normal 0 0 1
    outer loop
      vertex 6.76148 -1.81173 0
      vertex 8.96864 -0.791389 0
      vertex 6.94011 -0.913683 0
    endloop
  endfacet
  facet normal 0 0 1
    outer loop
      vertex 8.87417 -0.65 0
      vertex 6.94011 -0.913683 0
      vertex 8.96864 -0.791389 0
    endloop
  endfacet
  facet normal 0 0 1
    outer loop
      vertex 8.79896 -0.497488 0
      vertex 6.94011 -0.913683 0
      vertex 8.87417 -0.65 0
    endloop
  endfacet
  facet normal 0 0 1
    outer loop
      vertex 8.7443 -0.336464 0
      vertex 6.94011 -0.913683 0
      vertex 8.79896 -0.497488 0
    endloop
  endfacet
  facet normal 0 0 1
    outer loop
      vertex 6.94011 -0.913683 0
      vertex 8.7443 -0.336464 0
      vertex 7 0 0
    endloop
  endfacet
  facet normal 0 0 1
    outer loop
      vertex 7 0 0
      vertex 8.7443 -0.336464 0
      vertex 8.71112 -0.169683 0
    endloop
  endfacet
  facet normal 0 0 1
    outer loop
      vertex 8.96864 -0.791389 0
      vertex 6.76148 -1.81173 0
      vertex 9.08076 -0.919238 0
    endloop
  endfacet
  facet normal -0 0 1
    outer loop
      vertex 7 0 0
      vertex 8.71112 -0.169683 0
      vertex 8.7 0 0
    endloop
  endfacet
  facet normal 0 0 1
    outer loop
      vertex 8.79896 0.497488 0
      vertex 6.94011 0.913683 0
      vertex 8.7443 0.336464 0
    endloop
  endfacet
  facet normal 0 0 1
    outer loop
      vertex 4.94975 4.94975 0
      vertex 8.48528 8.48528 0
      vertex 7.30514 9.52024 0
    endloop
  endfacet
  facet normal 0 0 1
    outer loop
      vertex 9.50251 -1.20104 0
      vertex 6.46716 -2.67878 0
      vertex 11.0866 -4.5922 0
    endloop
  endfacet
  facet normal 0 0 1
    outer loop
      vertex 11.0866 -4.5922 0
      vertex 6.46716 -2.67878 0
      vertex 10.3923 -6 0
    endloop
  endfacet
  facet normal 0 0 1
    outer loop
      vertex 8.71112 0.169683 0
      vertex 7 0 0
      vertex 8.7 0 0
    endloop
  endfacet
  facet normal 0 0 1
    outer loop
      vertex 8.7443 0.336464 0
      vertex 7 0 0
      vertex 8.71112 0.169683 0
    endloop
  endfacet
  facet normal 0 -0 1
    outer loop
      vertex 7 0 0
      vertex 8.7443 0.336464 0
      vertex 6.94011 0.913683 0
    endloop
  endfacet
  facet normal 0 0 1
    outer loop
      vertex 8.48528 8.48528 0
      vertex 6.06218 3.5 0
      vertex 6.46716 2.67878 0
    endloop
  endfacet
  facet normal 0 0 1
    outer loop
      vertex 4.26133 5.55347 0
      vertex 7.30514 9.52024 0
      vertex 6 10.3923 0
    endloop
  endfacet
  facet normal 0 0 1
    outer loop
      vertex 8.48528 8.48528 0
      vertex 5.55347 4.26133 0
      vertex 6.06218 3.5 0
    endloop
  endfacet
  facet normal 0 0 1
    outer loop
      vertex 8.48528 8.48528 0
      vertex 4.94975 4.94975 0
      vertex 5.55347 4.26133 0
    endloop
  endfacet
  facet normal 0 0 1
    outer loop
      vertex 3.5 6.06218 0
      vertex 6 10.3923 0
      vertex 4.5922 11.0866 0
    endloop
  endfacet
  facet normal 0 0 1
    outer loop
      vertex 7.30514 9.52024 0
      vertex 4.26133 5.55347 0
      vertex 4.94975 4.94975 0
    endloop
  endfacet
  facet normal 0 0 1
    outer loop
      vertex 6 10.3923 0
      vertex 3.5 6.06218 0
      vertex 4.26133 5.55347 0
    endloop
  endfacet
  facet normal 0 0 1
    outer loop
      vertex 2.67878 6.46716 0
      vertex 4.5922 11.0866 0
      vertex 3.10583 11.5911 0
    endloop
  endfacet
  facet normal 0 0 1
    outer loop
      vertex 4.5922 11.0866 0
      vertex 2.67878 6.46716 0
      vertex 3.5 6.06218 0
    endloop
  endfacet
  facet normal 0 0 1
    outer loop
      vertex 3.10583 11.5911 0
      vertex 1.81173 6.76148 0
      vertex 2.67878 6.46716 0
    endloop
  endfacet
  facet normal 0 0 1
    outer loop
      vertex 1.56631 11.8973 0
      vertex 1.81173 6.76148 0
      vertex 3.10583 11.5911 0
    endloop
  endfacet
  facet normal 0 0 1
    outer loop
      vertex 1.56631 11.8973 0
      vertex 0.913683 6.94011 0
      vertex 1.81173 6.76148 0
    endloop
  endfacet
  facet normal 0 0 1
    outer loop
      vertex 0 12 0
      vertex 0.913683 6.94011 0
      vertex 1.56631 11.8973 0
    endloop
  endfacet
  facet normal 0 0 1
    outer loop
      vertex 0 12 0
      vertex 0 7 0
      vertex 0.913683 6.94011 0
    endloop
  endfacet
  facet normal 0 0 1
    outer loop
      vertex 0 12 0
      vertex -0.913683 6.94011 0
      vertex 0 7 0
    endloop
  endfacet
  facet normal -0 0 1
    outer loop
      vertex -1.56631 11.8973 0
      vertex -0.913683 6.94011 0
      vertex 0 12 0
    endloop
  endfacet
  facet normal -0 0 1
    outer loop
      vertex -3.71112 8.82994 0
      vertex -0.913683 6.94011 0
      vertex -1.56631 11.8973 0
    endloop
  endfacet
  facet normal -0 -0 1
    outer loop
      vertex -3.7 8.66025 0
      vertex -0.913683 6.94011 0
      vertex -3.71112 8.82994 0
    endloop
  endfacet
  facet normal 0 0 1
    outer loop
      vertex -3.79896 9.15774 0
      vertex -1.56631 11.8973 0
      vertex -3.10583 11.5911 0
    endloop
  endfacet
  facet normal 0 0 1
    outer loop
      vertex -0.913683 6.94011 0
      vertex -3.7 8.66025 0
      vertex -1.81173 6.76148 0
    endloop
  endfacet
  facet normal -0 0 1
    outer loop
      vertex -3.7443 8.32379 0
      vertex -1.81173 6.76148 0
      vertex -3.71112 8.49057 0
    endloop
  endfacet
  facet normal -0 0 1
    outer loop
      vertex -3.71112 8.49057 0
      vertex -1.81173 6.76148 0
      vertex -3.7 8.66025 0
    endloop
  endfacet
  facet normal 0 0 1
    outer loop
      vertex -1.56631 11.8973 0
      vertex -3.7443 8.99672 0
      vertex -3.71112 8.82994 0
    endloop
  endfacet
  facet normal 0 0 1
    outer loop
      vertex -1.56631 11.8973 0
      vertex -3.79896 9.15774 0
      vertex -3.7443 8.99672 0
    endloop
  endfacet
  facet normal 0 0 1
    outer loop
      vertex -3.10583 11.5911 0
      vertex -3.87417 9.31025 0
      vertex -3.79896 9.15774 0
    endloop
  endfacet
  facet normal 0 0 1
    outer loop
      vertex -3.10583 11.5911 0
      vertex -3.96864 9.45164 0
      vertex -3.87417 9.31025 0
    endloop
  endfacet
  facet normal 0 0 1
    outer loop
      vertex -3.10583 11.5911 0
      vertex -4.08076 9.57949 0
      vertex -3.96864 9.45164 0
    endloop
  endfacet
  facet normal 0 0 1
    outer loop
      vertex -3.10583 11.5911 0
      vertex -4.20861 9.69161 0
      vertex -4.08076 9.57949 0
    endloop
  endfacet
  facet normal -0 0 1
    outer loop
      vertex -4.5922 11.0866 0
      vertex -4.20861 9.69161 0
      vertex -3.10583 11.5911 0
    endloop
  endfacet
  facet normal 0 0 1
    outer loop
      vertex -4.20861 9.69161 0
      vertex -4.5922 11.0866 0
      vertex -4.35 9.78609 0
    endloop
  endfacet
  facet normal 0 0 1
    outer loop
      vertex -4.35 9.78609 0
      vertex -4.5922 11.0866 0
      vertex -4.50251 9.8613 0
    endloop
  endfacet
  facet normal 0 0 1
    outer loop
      vertex -4.5922 11.0866 0
      vertex -4.66354 9.91596 0
      vertex -4.50251 9.8613 0
    endloop
  endfacet
  facet normal 0 0 1
    outer loop
      vertex -4.5922 11.0866 0
      vertex -4.83032 9.94913 0
      vertex -4.66354 9.91596 0
    endloop
  endfacet
  facet normal 0 0 1
    outer loop
      vertex -4.5922 11.0866 0
      vertex -5 9.96025 0
      vertex -4.83032 9.94913 0
    endloop
  endfacet
  facet normal 0 0 1
    outer loop
      vertex -4.5922 11.0866 0
      vertex -5.16968 9.94913 0
      vertex -5 9.96025 0
    endloop
  endfacet
  facet normal -0 0 1
    outer loop
      vertex -6 10.3923 0
      vertex -5.16968 9.94913 0
      vertex -4.5922 11.0866 0
    endloop
  endfacet
  facet normal 0 0 1
    outer loop
      vertex -5.16968 9.94913 0
      vertex -6 10.3923 0
      vertex -5.33646 9.91596 0
    endloop
  endfacet
  facet normal 0 0 1
    outer loop
      vertex -5.33646 9.91596 0
      vertex -6 10.3923 0
      vertex -5.49749 9.8613 0
    endloop
  endfacet
  facet normal 0 0 1
    outer loop
      vertex -5.49749 9.8613 0
      vertex -6 10.3923 0
      vertex -5.65 9.78609 0
    endloop
  endfacet
  facet normal 0 0 1
    outer loop
      vertex -5.65 9.78609 0
      vertex -6 10.3923 0
      vertex -5.79139 9.69161 0
    endloop
  endfacet
  facet normal 0 0 1
    outer loop
      vertex -5.79139 9.69161 0
      vertex -6 10.3923 0
      vertex -5.91924 9.57949 0
    endloop
  endfacet
  facet normal 0 0 1
    outer loop
      vertex -6 10.3923 0
      vertex -6.03136 9.45164 0
      vertex -5.91924 9.57949 0
    endloop
  endfacet
  facet normal -0 0 1
    outer loop
      vertex -7.30514 9.52024 0
      vertex -6.03136 9.45164 0
      vertex -6 10.3923 0
    endloop
  endfacet
  facet normal 0 0 1
    outer loop
      vertex -6.03136 9.45164 0
      vertex -7.30514 9.52024 0
      vertex -6.12583 9.31025 0
    endloop
  endfacet
  facet normal 0 0 1
    outer loop
      vertex -6.12583 9.31025 0
      vertex -7.30514 9.52024 0
      vertex -6.20104 9.15774 0
    endloop
  endfacet
  facet normal 0 0 1
    outer loop
      vertex -6.20104 9.15774 0
      vertex -7.30514 9.52024 0
      vertex -6.2557 8.99672 0
    endloop
  endfacet
  facet normal 0 0 1
    outer loop
      vertex -5.91924 7.74101 0
      vertex -9.52024 7.30514 0
      vertex -5.55347 4.26133 0
    endloop
  endfacet
  facet normal 0 0 1
    outer loop
      vertex -7.30514 9.52024 0
      vertex -6.3 8.66025 0
      vertex -6.28888 8.82994 0
    endloop
  endfacet
  facet normal 0 0 1
    outer loop
      vertex -5.55347 4.26133 0
      vertex -9.52024 7.30514 0
      vertex -6.06218 3.5 0
    endloop
  endfacet
  facet normal 0 0 1
    outer loop
      vertex -6.06218 3.5 0
      vertex -10.3923 6 0
      vertex -6.46716 2.67878 0
    endloop
  endfacet
  facet normal -0 0 1
    outer loop
      vertex -10.3923 6 0
      vertex -6.06218 3.5 0
      vertex -9.52024 7.30514 0
    endloop
  endfacet
  facet normal 0 0 1
    outer loop
      vertex -6.2557 8.99672 0
      vertex -7.30514 9.52024 0
      vertex -6.28888 8.82994 0
    endloop
  endfacet
  facet normal -0.89686 0.442314 0
    outer loop
      vertex -11.0866 4.5922 -4
      vertex -10.3923 6 0
      vertex -10.3923 6 -4
    endloop
  endfacet
  facet normal -0.89686 0.442314 0
    outer loop
      vertex -10.3923 6 0
      vertex -11.0866 4.5922 -4
      vertex -11.0866 4.5922 0
    endloop
  endfacet
  facet normal -0.997857 -0.0654276 0
    outer loop
      vertex -11.8973 -1.56631 -4
      vertex -12 0 0
      vertex -12 0 -4
    endloop
  endfacet
  facet normal -0.997857 -0.0654276 0
    outer loop
      vertex -12 0 0
      vertex -11.8973 -1.56631 -4
      vertex -11.8973 -1.56631 0
    endloop
  endfacet
  facet normal 0.89686 -0.442314 0
    outer loop
      vertex 10.3923 -6 0
      vertex 11.0866 -4.5922 -4
      vertex 11.0866 -4.5922 0
    endloop
  endfacet
  facet normal 0.89686 -0.442314 0
    outer loop
      vertex 11.0866 -4.5922 -4
      vertex 10.3923 -6 0
      vertex 10.3923 -6 -4
    endloop
  endfacet
  facet normal -0.751838 -0.659348 0
    outer loop
      vertex -8.48528 -8.48528 -4
      vertex -9.52024 -7.30514 0
      vertex -9.52024 -7.30514 -4
    endloop
  endfacet
  facet normal -0.751838 -0.659348 0
    outer loop
      vertex -9.52024 -7.30514 0
      vertex -8.48528 -8.48528 -4
      vertex -8.48528 -8.48528 0
    endloop
  endfacet
  facet normal -0.980789 -0.195072 0
    outer loop
      vertex -11.5911 -3.10583 -4
      vertex -11.8973 -1.56631 0
      vertex -11.8973 -1.56631 -4
    endloop
  endfacet
  facet normal -0.980789 -0.195072 0
    outer loop
      vertex -11.8973 -1.56631 0
      vertex -11.5911 -3.10583 -4
      vertex -11.5911 -3.10583 0
    endloop
  endfacet
  facet normal 0.980789 -0.195072 0
    outer loop
      vertex 11.5911 -3.10583 0
      vertex 11.8973 -1.56631 -4
      vertex 11.8973 -1.56631 0
    endloop
  endfacet
  facet normal 0.980789 -0.195072 0
    outer loop
      vertex 11.8973 -1.56631 -4
      vertex 11.5911 -3.10583 0
      vertex 11.5911 -3.10583 -4
    endloop
  endfacet
  facet normal 0.751838 0.659348 0
    outer loop
      vertex 9.52024 7.30514 0
      vertex 8.48528 8.48528 -4
      vertex 8.48528 8.48528 0
    endloop
  endfacet
  facet normal 0.751838 0.659348 0
    outer loop
      vertex 8.48528 8.48528 -4
      vertex 9.52024 7.30514 0
      vertex 9.52024 7.30514 -4
    endloop
  endfacet
  facet normal 0.831472 -0.555567 0
    outer loop
      vertex 9.52024 -7.30514 0
      vertex 10.3923 -6 -4
      vertex 10.3923 -6 0
    endloop
  endfacet
  facet normal 0.831472 -0.555567 0
    outer loop
      vertex 10.3923 -6 -4
      vertex 9.52024 -7.30514 0
      vertex 9.52024 -7.30514 -4
    endloop
  endfacet
  facet normal 0.195072 -0.980789 0
    outer loop
      vertex 1.56631 -11.8973 -4
      vertex 3.10583 -11.5911 0
      vertex 1.56631 -11.8973 0
    endloop
  endfacet
  facet normal 0.195072 -0.980789 0
    outer loop
      vertex 3.10583 -11.5911 0
      vertex 1.56631 -11.8973 -4
      vertex 3.10583 -11.5911 -4
    endloop
  endfacet
  facet normal -0.946941 0.321408 0
    outer loop
      vertex -11.5911 3.10583 -4
      vertex -11.0866 4.5922 0
      vertex -11.0866 4.5922 -4
    endloop
  endfacet
  facet normal -0.946941 0.321408 0
    outer loop
      vertex -11.0866 4.5922 0
      vertex -11.5911 3.10583 -4
      vertex -11.5911 3.10583 0
    endloop
  endfacet
  facet normal 0.997867 -0.0652766 0
    outer loop
      vertex 12 0 0
      vertex 11.9889 -0.169683 -0.711123
      vertex 12 0 -0.700001
    endloop
  endfacet
  facet normal 0.99783 -0.0658384 0.000134642
    outer loop
      vertex 12 0 0
      vertex 11.9779 -0.336464 -0.744297
      vertex 11.9889 -0.169683 -0.711123
    endloop
  endfacet
  facet normal 0.997886 -0.0649838 -0.000253344
    outer loop
      vertex 12 0 0
      vertex 11.9674 -0.497488 -0.798957
      vertex 11.9779 -0.336464 -0.744297
    endloop
  endfacet
  facet normal 0.997857 -0.0654276 2.417e-05
    outer loop
      vertex 11.8973 -1.56631 0
      vertex 11.9674 -0.497488 -0.798957
      vertex 12 0 0
    endloop
  endfacet
  facet normal 0.997857 -0.0654351 1.41668e-05
    outer loop
      vertex 11.9674 -0.497488 -0.798957
      vertex 11.8973 -1.56631 0
      vertex 11.9574 -0.65 -0.874167
    endloop
  endfacet
  facet normal 0.997849 -0.0655577 -0.000114919
    outer loop
      vertex 11.9574 -0.65 -0.874167
      vertex 11.8973 -1.56631 0
      vertex 11.9481 -0.791389 -0.968641
    endloop
  endfacet
  facet normal 0.997853 -0.0655008 -6.91705e-05
    outer loop
      vertex 11.9481 -0.791389 -0.968641
      vertex 11.8973 -1.56631 0
      vertex 11.9397 -0.919238 -1.08076
    endloop
  endfacet
  facet normal 0.997907 -0.0646658 0.000121106
    outer loop
      vertex 11.9155 -1.28888 -1.83032
      vertex 11.8973 -1.56631 0
      vertex 11.9148 -1.3 -2
    endloop
  endfacet
  facet normal 0.997829 -0.0658578 -6.03361e-05
    outer loop
      vertex 11.9177 -1.2557 -1.66354
      vertex 11.8973 -1.56631 0
      vertex 11.9155 -1.28888 -1.83032
    endloop
  endfacet
  facet normal 0.997842 -0.0656543 -2.21732e-05
    outer loop
      vertex 11.9213 -1.20104 -1.50251
      vertex 11.8973 -1.56631 0
      vertex 11.9177 -1.2557 -1.66354
    endloop
  endfacet
  facet normal 0.997873 -0.0651948 9.00037e-05
    outer loop
      vertex 11.9262 -1.12583 -1.35
      vertex 11.8973 -1.56631 0
      vertex 11.9213 -1.20104 -1.50251
    endloop
  endfacet
  facet normal 0.997854 -0.0654822 -4.16881e-06
    outer loop
      vertex 11.9324 -1.03136 -1.20861
      vertex 11.8973 -1.56631 0
      vertex 11.9262 -1.12583 -1.35
    endloop
  endfacet
  facet normal 0.997876 -0.0651387 0.000148514
    outer loop
      vertex 11.9397 -0.919238 -1.08076
      vertex 11.8973 -1.56631 0
      vertex 11.9324 -1.03136 -1.20861
    endloop
  endfacet
  facet normal 0.997867 -0.0652766 0
    outer loop
      vertex 11.9889 -0.169683 -3.28888
      vertex 12 0 -4
      vertex 12 0 -3.3
    endloop
  endfacet
  facet normal 0.99783 -0.0658384 -0.000134643
    outer loop
      vertex 11.9779 -0.336464 -3.2557
      vertex 12 0 -4
      vertex 11.9889 -0.169683 -3.28888
    endloop
  endfacet
  facet normal 0.997886 -0.0649838 0.000253343
    outer loop
      vertex 11.9674 -0.497488 -3.20104
      vertex 12 0 -4
      vertex 11.9779 -0.336464 -3.2557
    endloop
  endfacet
  facet normal 0.997857 -0.0654351 -1.41668e-05
    outer loop
      vertex 11.8973 -1.56631 -4
      vertex 11.9674 -0.497488 -3.20104
      vertex 11.9574 -0.65 -3.12583
    endloop
  endfacet
  facet normal 0.997849 -0.0655577 0.000114921
    outer loop
      vertex 11.8973 -1.56631 -4
      vertex 11.9574 -0.65 -3.12583
      vertex 11.9481 -0.791389 -3.03136
    endloop
  endfacet
  facet normal 0.997853 -0.0655008 6.91703e-05
    outer loop
      vertex 11.8973 -1.56631 -4
      vertex 11.9481 -0.791389 -3.03136
      vertex 11.9397 -0.919238 -2.91924
    endloop
  endfacet
  facet normal 0.997876 -0.0651387 -0.000148514
    outer loop
      vertex 11.8973 -1.56631 -4
      vertex 11.9397 -0.919238 -2.91924
      vertex 11.9324 -1.03136 -2.79139
    endloop
  endfacet
  facet normal 0.997848 -0.0655715 0
    outer loop
      vertex 11.8973 -1.56631 -4
      vertex 11.9148 -1.3 -2
      vertex 11.8973 -1.56631 0
    endloop
  endfacet
  facet normal 0.997857 -0.0654276 -2.41699e-05
    outer loop
      vertex 11.9674 -0.497488 -3.20104
      vertex 11.8973 -1.56631 -4
      vertex 12 0 -4
    endloop
  endfacet
  facet normal 0.997854 -0.0654822 4.16881e-06
    outer loop
      vertex 11.9262 -1.12583 -2.65
      vertex 11.8973 -1.56631 -4
      vertex 11.9324 -1.03136 -2.79139
    endloop
  endfacet
  facet normal 0.997873 -0.0651948 -9.00037e-05
    outer loop
      vertex 11.9213 -1.20104 -2.49749
      vertex 11.8973 -1.56631 -4
      vertex 11.9262 -1.12583 -2.65
    endloop
  endfacet
  facet normal 0.997842 -0.0656543 2.21732e-05
    outer loop
      vertex 11.9177 -1.2557 -2.33646
      vertex 11.8973 -1.56631 -4
      vertex 11.9213 -1.20104 -2.49749
    endloop
  endfacet
  facet normal 0.997829 -0.0658578 6.03361e-05
    outer loop
      vertex 11.9155 -1.28888 -2.16968
      vertex 11.8973 -1.56631 -4
      vertex 11.9177 -1.2557 -2.33646
    endloop
  endfacet
  facet normal 0.997907 -0.0646658 -0.000121106
    outer loop
      vertex 11.9148 -1.3 -2
      vertex 11.8973 -1.56631 -4
      vertex 11.9155 -1.28888 -2.16968
    endloop
  endfacet
  facet normal 0.980789 0.195072 0
    outer loop
      vertex 11.8973 1.56631 0
      vertex 11.5911 3.10583 -4
      vertex 11.5911 3.10583 0
    endloop
  endfacet
  facet normal 0.980789 0.195072 0
    outer loop
      vertex 11.5911 3.10583 -4
      vertex 11.8973 1.56631 0
      vertex 11.8973 1.56631 -4
    endloop
  endfacet
  facet normal 0.997848 0.0655715 0
    outer loop
      vertex 11.8973 1.56631 0
      vertex 11.9148 1.3 -2
      vertex 11.8973 1.56631 -4
    endloop
  endfacet
  facet normal 0.997907 0.0646658 0.000121106
    outer loop
      vertex 11.8973 1.56631 0
      vertex 11.9155 1.28888 -1.83032
      vertex 11.9148 1.3 -2
    endloop
  endfacet
  facet normal 0.997829 0.0658578 -6.03361e-05
    outer loop
      vertex 11.8973 1.56631 0
      vertex 11.9177 1.2557 -1.66354
      vertex 11.9155 1.28888 -1.83032
    endloop
  endfacet
  facet normal 0.997842 0.0656543 -2.21732e-05
    outer loop
      vertex 11.8973 1.56631 0
      vertex 11.9213 1.20104 -1.50251
      vertex 11.9177 1.2557 -1.66354
    endloop
  endfacet
  facet normal 0.997873 0.0651948 9.00037e-05
    outer loop
      vertex 11.8973 1.56631 0
      vertex 11.9262 1.12583 -1.35
      vertex 11.9213 1.20104 -1.50251
    endloop
  endfacet
  facet normal 0.997854 0.0654822 -4.16881e-06
    outer loop
      vertex 11.8973 1.56631 0
      vertex 11.9324 1.03136 -1.20861
      vertex 11.9262 1.12583 -1.35
    endloop
  endfacet
  facet normal 0.997876 0.0651387 0.000148514
    outer loop
      vertex 11.8973 1.56631 0
      vertex 11.9397 0.919238 -1.08076
      vertex 11.9324 1.03136 -1.20861
    endloop
  endfacet
  facet normal 0.997853 0.0655008 -6.91705e-05
    outer loop
      vertex 11.8973 1.56631 0
      vertex 11.9481 0.791389 -0.968641
      vertex 11.9397 0.919238 -1.08076
    endloop
  endfacet
  facet normal 0.997849 0.0655577 -0.000114919
    outer loop
      vertex 11.8973 1.56631 0
      vertex 11.9574 0.65 -0.874167
      vertex 11.9481 0.791389 -0.968641
    endloop
  endfacet
  facet normal 0.997857 0.0654351 1.41668e-05
    outer loop
      vertex 11.8973 1.56631 0
      vertex 11.9674 0.497488 -0.798957
      vertex 11.9574 0.65 -0.874167
    endloop
  endfacet
  facet normal 0.997857 0.0654276 2.417e-05
    outer loop
      vertex 12 0 0
      vertex 11.9674 0.497488 -0.798957
      vertex 11.8973 1.56631 0
    endloop
  endfacet
  facet normal 0.997886 0.0649838 -0.000253344
    outer loop
      vertex 11.9674 0.497488 -0.798957
      vertex 12 0 0
      vertex 11.9779 0.336464 -0.744297
    endloop
  endfacet
  facet normal 0.99783 0.0658384 0.000134642
    outer loop
      vertex 11.9779 0.336464 -0.744297
      vertex 12 0 0
      vertex 11.9889 0.169683 -0.711123
    endloop
  endfacet
  facet normal 0.997867 0.0652766 0
    outer loop
      vertex 11.9889 0.169683 -0.711123
      vertex 12 0 0
      vertex 12 0 -0.700001
    endloop
  endfacet
  facet normal 0.997907 0.0646658 -0.000121106
    outer loop
      vertex 11.9155 1.28888 -2.16968
      vertex 11.8973 1.56631 -4
      vertex 11.9148 1.3 -2
    endloop
  endfacet
  facet normal 0.997829 0.0658578 6.03361e-05
    outer loop
      vertex 11.9177 1.2557 -2.33646
      vertex 11.8973 1.56631 -4
      vertex 11.9155 1.28888 -2.16968
    endloop
  endfacet
  facet normal 0.997842 0.0656543 2.21732e-05
    outer loop
      vertex 11.9213 1.20104 -2.49749
      vertex 11.8973 1.56631 -4
      vertex 11.9177 1.2557 -2.33646
    endloop
  endfacet
  facet normal 0.997873 0.0651948 -9.00037e-05
    outer loop
      vertex 11.9262 1.12583 -2.65
      vertex 11.8973 1.56631 -4
      vertex 11.9213 1.20104 -2.49749
    endloop
  endfacet
  facet normal 0.997854 0.0654822 4.16881e-06
    outer loop
      vertex 11.9324 1.03136 -2.79139
      vertex 11.8973 1.56631 -4
      vertex 11.9262 1.12583 -2.65
    endloop
  endfacet
  facet normal 0.997876 0.0651387 -0.000148514
    outer loop
      vertex 11.9397 0.919238 -2.91924
      vertex 11.8973 1.56631 -4
      vertex 11.9324 1.03136 -2.79139
    endloop
  endfacet
  facet normal 0.997853 0.0655008 6.91703e-05
    outer loop
      vertex 11.9481 0.791389 -3.03136
      vertex 11.8973 1.56631 -4
      vertex 11.9397 0.919238 -2.91924
    endloop
  endfacet
  facet normal 0.997849 0.0655577 0.000114921
    outer loop
      vertex 11.9574 0.65 -3.12583
      vertex 11.8973 1.56631 -4
      vertex 11.9481 0.791389 -3.03136
    endloop
  endfacet
  facet normal 0.997857 0.0654351 -1.41668e-05
    outer loop
      vertex 11.9674 0.497488 -3.20104
      vertex 11.8973 1.56631 -4
      vertex 11.9574 0.65 -3.12583
    endloop
  endfacet
  facet normal 0.997886 0.0649838 0.000253343
    outer loop
      vertex 12 0 -4
      vertex 11.9674 0.497488 -3.20104
      vertex 11.9779 0.336464 -3.2557
    endloop
  endfacet
  facet normal 0.99783 0.0658384 -0.000134643
    outer loop
      vertex 12 0 -4
      vertex 11.9779 0.336464 -3.2557
      vertex 11.9889 0.169683 -3.28888
    endloop
  endfacet
  facet normal 0.997867 0.0652766 -0
    outer loop
      vertex 12 0 -4
      vertex 11.9889 0.169683 -3.28888
      vertex 12 0 -3.3
    endloop
  endfacet
  facet normal 0.997857 0.0654276 -2.41699e-05
    outer loop
      vertex 11.9674 0.497488 -3.20104
      vertex 12 0 -4
      vertex 11.8973 1.56631 -4
    endloop
  endfacet
  facet normal -0.442314 -0.89686 0
    outer loop
      vertex -6 -10.3923 -4
      vertex -4.5922 -11.0866 0
      vertex -6 -10.3923 0
    endloop
  endfacet
  facet normal -0.442314 -0.89686 -0
    outer loop
      vertex -4.5922 -11.0866 0
      vertex -6 -10.3923 -4
      vertex -4.5922 -11.0866 -4
    endloop
  endfacet
  facet normal -0.321408 -0.946941 0
    outer loop
      vertex -4.5922 -11.0866 -4
      vertex -3.10583 -11.5911 0
      vertex -4.5922 -11.0866 0
    endloop
  endfacet
  facet normal -0.321408 -0.946941 -0
    outer loop
      vertex -3.10583 -11.5911 0
      vertex -4.5922 -11.0866 -4
      vertex -3.10583 -11.5911 -4
    endloop
  endfacet
  facet normal 0.321408 -0.946941 0
    outer loop
      vertex 3.10583 -11.5911 -4
      vertex 4.5922 -11.0866 0
      vertex 3.10583 -11.5911 0
    endloop
  endfacet
  facet normal 0.321408 -0.946941 0
    outer loop
      vertex 4.5922 -11.0866 0
      vertex 3.10583 -11.5911 -4
      vertex 4.5922 -11.0866 -4
    endloop
  endfacet
  facet normal 0.751838 -0.659348 0
    outer loop
      vertex 8.48528 -8.48528 0
      vertex 9.52024 -7.30514 -4
      vertex 9.52024 -7.30514 0
    endloop
  endfacet
  facet normal 0.751838 -0.659348 0
    outer loop
      vertex 9.52024 -7.30514 -4
      vertex 8.48528 -8.48528 0
      vertex 8.48528 -8.48528 -4
    endloop
  endfacet
  facet normal 0.0654276 -0.997857 0
    outer loop
      vertex 0 -12 -4
      vertex 1.56631 -11.8973 0
      vertex 0 -12 0
    endloop
  endfacet
  facet normal 0.0654276 -0.997857 0
    outer loop
      vertex 1.56631 -11.8973 0
      vertex 0 -12 -4
      vertex 1.56631 -11.8973 -4
    endloop
  endfacet
  facet normal 0.831472 0.555567 0
    outer loop
      vertex 10.3923 6 0
      vertex 9.52024 7.30514 -4
      vertex 9.52024 7.30514 0
    endloop
  endfacet
  facet normal 0.831472 0.555567 0
    outer loop
      vertex 9.52024 7.30514 -4
      vertex 10.3923 6 0
      vertex 10.3923 6 -4
    endloop
  endfacet
  facet normal 0.659348 -0.751838 0
    outer loop
      vertex 7.30514 -9.52024 -4
      vertex 8.48528 -8.48528 0
      vertex 7.30514 -9.52024 0
    endloop
  endfacet
  facet normal 0.659348 -0.751838 0
    outer loop
      vertex 8.48528 -8.48528 0
      vertex 7.30514 -9.52024 -4
      vertex 8.48528 -8.48528 -4
    endloop
  endfacet
  facet normal 0.555567 -0.831472 0
    outer loop
      vertex 6 -10.3923 -4
      vertex 7.30514 -9.52024 0
      vertex 6 -10.3923 0
    endloop
  endfacet
  facet normal 0.555567 -0.831472 0
    outer loop
      vertex 7.30514 -9.52024 0
      vertex 6 -10.3923 -4
      vertex 7.30514 -9.52024 -4
    endloop
  endfacet
  facet normal -0.0654075 0.997859 0
    outer loop
      vertex 0 7 0
      vertex -0.913683 6.94011 6.5
      vertex 0 7 6.5
    endloop
  endfacet
  facet normal -0.0654075 0.997859 0
    outer loop
      vertex -0.913683 6.94011 6.5
      vertex 0 7 0
      vertex -0.913683 6.94011 0
    endloop
  endfacet
  facet normal -0.980786 0.195088 0
    outer loop
      vertex -6.94011 0.913683 0
      vertex -6.76148 1.81173 6.5
      vertex -6.76148 1.81173 0
    endloop
  endfacet
  facet normal -0.980786 0.195088 0
    outer loop
      vertex -6.76148 1.81173 6.5
      vertex -6.94011 0.913683 0
      vertex -6.94011 0.913683 6.5
    endloop
  endfacet
  facet normal 0.555574 -0.831467 0
    outer loop
      vertex 3.5 -6.06218 0
      vertex 4.26133 -5.55347 6.5
      vertex 3.5 -6.06218 6.5
    endloop
  endfacet
  facet normal 0.555574 -0.831467 0
    outer loop
      vertex 4.26133 -5.55347 6.5
      vertex 3.5 -6.06218 0
      vertex 4.26133 -5.55347 0
    endloop
  endfacet
  facet normal -0.997859 0.0654075 0
    outer loop
      vertex -7 0 0
      vertex -6.94011 0.913683 6.5
      vertex -6.94011 0.913683 0
    endloop
  endfacet
  facet normal -0.997859 0.0654075 0
    outer loop
      vertex -6.94011 0.913683 6.5
      vertex -7 0 0
      vertex -7 0 6.5
    endloop
  endfacet
  facet normal 0.997859 -0.0654075 0
    outer loop
      vertex 6.94011 -0.913683 6.5
      vertex 7 0 0
      vertex 7 0 6.5
    endloop
  endfacet
  facet normal 0.997859 -0.0654075 0
    outer loop
      vertex 7 0 0
      vertex 6.94011 -0.913683 6.5
      vertex 6.94011 -0.913683 0
    endloop
  endfacet
  facet normal -0.831467 -0.555574 0
    outer loop
      vertex -5.55347 -4.26133 0
      vertex -6.06218 -3.5 6.5
      vertex -6.06218 -3.5 0
    endloop
  endfacet
  facet normal -0.831467 -0.555574 0
    outer loop
      vertex -6.06218 -3.5 6.5
      vertex -5.55347 -4.26133 0
      vertex -5.55347 -4.26133 6.5
    endloop
  endfacet
  facet normal -0.0654075 -0.997859 0
    outer loop
      vertex -0.913683 -6.94011 0
      vertex 0 -7 6.5
      vertex -0.913683 -6.94011 6.5
    endloop
  endfacet
  facet normal -0.0654075 -0.997859 -0
    outer loop
      vertex 0 -7 6.5
      vertex -0.913683 -6.94011 0
      vertex 0 -7 0
    endloop
  endfacet
  facet normal 0.442288 0.896873 -0
    outer loop
      vertex 3.5 6.06218 0
      vertex 2.67878 6.46716 6.5
      vertex 3.5 6.06218 6.5
    endloop
  endfacet
  facet normal 0.442288 0.896873 0
    outer loop
      vertex 2.67878 6.46716 6.5
      vertex 3.5 6.06218 0
      vertex 2.67878 6.46716 0
    endloop
  endfacet
  facet normal 0.442288 -0.896873 0
    outer loop
      vertex 2.67878 -6.46716 0
      vertex 3.5 -6.06218 6.5
      vertex 2.67878 -6.46716 6.5
    endloop
  endfacet
  facet normal 0.442288 -0.896873 0
    outer loop
      vertex 3.5 -6.06218 6.5
      vertex 2.67878 -6.46716 0
      vertex 3.5 -6.06218 0
    endloop
  endfacet
  facet normal -0.195088 -0.980786 0
    outer loop
      vertex -1.81173 -6.76148 0
      vertex -0.913683 -6.94011 6.5
      vertex -1.81173 -6.76148 6.5
    endloop
  endfacet
  facet normal -0.195088 -0.980786 -0
    outer loop
      vertex -0.913683 -6.94011 6.5
      vertex -1.81173 -6.76148 0
      vertex -0.913683 -6.94011 0
    endloop
  endfacet
  facet normal -0.442288 -0.896873 0
    outer loop
      vertex -3.5 -6.06218 0
      vertex -2.67878 -6.46716 6.5
      vertex -3.5 -6.06218 6.5
    endloop
  endfacet
  facet normal -0.442288 -0.896873 -0
    outer loop
      vertex -2.67878 -6.46716 6.5
      vertex -3.5 -6.06218 0
      vertex -2.67878 -6.46716 0
    endloop
  endfacet
  facet normal -0.896873 0.442288 0
    outer loop
      vertex -6.46716 2.67878 0
      vertex -6.06218 3.5 6.5
      vertex -6.06218 3.5 0
    endloop
  endfacet
  facet normal -0.896873 0.442288 0
    outer loop
      vertex -6.06218 3.5 6.5
      vertex -6.46716 2.67878 0
      vertex -6.46716 2.67878 6.5
    endloop
  endfacet
  facet normal 0.195088 0.980786 -0
    outer loop
      vertex 1.81173 6.76148 0
      vertex 0.913683 6.94011 6.5
      vertex 1.81173 6.76148 6.5
    endloop
  endfacet
  facet normal 0.195088 0.980786 0
    outer loop
      vertex 0.913683 6.94011 6.5
      vertex 1.81173 6.76148 0
      vertex 0.913683 6.94011 0
    endloop
  endfacet
  facet normal -0.896873 -0.442288 0
    outer loop
      vertex -6.06218 -3.5 0
      vertex -6.46716 -2.67878 6.5
      vertex -6.46716 -2.67878 0
    endloop
  endfacet
  facet normal -0.896873 -0.442288 0
    outer loop
      vertex -6.46716 -2.67878 6.5
      vertex -6.06218 -3.5 0
      vertex -6.06218 -3.5 6.5
    endloop
  endfacet
  facet normal 0.997859 0.0654075 0
    outer loop
      vertex 7 0 6.5
      vertex 6.94011 0.913683 0
      vertex 6.94011 0.913683 6.5
    endloop
  endfacet
  facet normal 0.997859 0.0654075 0
    outer loop
      vertex 6.94011 0.913683 0
      vertex 7 0 6.5
      vertex 7 0 0
    endloop
  endfacet
  facet normal -0.751844 0.659341 0
    outer loop
      vertex -5.55347 4.26133 0
      vertex -4.94975 4.94975 6.5
      vertex -4.94975 4.94975 0
    endloop
  endfacet
  facet normal -0.751844 0.659341 0
    outer loop
      vertex -4.94975 4.94975 6.5
      vertex -5.55347 4.26133 0
      vertex -5.55347 4.26133 6.5
    endloop
  endfacet
  facet normal -0.997859 -0.0654075 0
    outer loop
      vertex -6.94011 -0.913683 0
      vertex -7 0 6.5
      vertex -7 0 0
    endloop
  endfacet
  facet normal -0.997859 -0.0654075 0
    outer loop
      vertex -7 0 6.5
      vertex -6.94011 -0.913683 0
      vertex -6.94011 -0.913683 6.5
    endloop
  endfacet
  facet normal -0.659341 0.751844 0
    outer loop
      vertex -4.26133 5.55347 0
      vertex -4.94975 4.94975 6.5
      vertex -4.26133 5.55347 6.5
    endloop
  endfacet
  facet normal -0.659341 0.751844 0
    outer loop
      vertex -4.94975 4.94975 6.5
      vertex -4.26133 5.55347 0
      vertex -4.94975 4.94975 0
    endloop
  endfacet
  facet normal -0.442288 0.896873 0
    outer loop
      vertex -2.67878 6.46716 0
      vertex -3.5 6.06218 6.5
      vertex -2.67878 6.46716 6.5
    endloop
  endfacet
  facet normal -0.442288 0.896873 0
    outer loop
      vertex -3.5 6.06218 6.5
      vertex -2.67878 6.46716 0
      vertex -3.5 6.06218 0
    endloop
  endfacet
  facet normal 0.946931 0.321436 0
    outer loop
      vertex 6.76148 1.81173 6.5
      vertex 6.46716 2.67878 0
      vertex 6.46716 2.67878 6.5
    endloop
  endfacet
  facet normal 0.946931 0.321436 0
    outer loop
      vertex 6.46716 2.67878 0
      vertex 6.76148 1.81173 6.5
      vertex 6.76148 1.81173 0
    endloop
  endfacet
  facet normal 0.0654075 0.997859 -0
    outer loop
      vertex 0.913683 6.94011 0
      vertex 0 7 6.5
      vertex 0.913683 6.94011 6.5
    endloop
  endfacet
  facet normal 0.0654075 0.997859 0
    outer loop
      vertex 0 7 6.5
      vertex 0.913683 6.94011 0
      vertex 0 7 0
    endloop
  endfacet
  facet normal 0.980786 0.195088 0
    outer loop
      vertex 6.94011 0.913683 6.5
      vertex 6.76148 1.81173 0
      vertex 6.76148 1.81173 6.5
    endloop
  endfacet
  facet normal 0.980786 0.195088 0
    outer loop
      vertex 6.76148 1.81173 0
      vertex 6.94011 0.913683 6.5
      vertex 6.94011 0.913683 0
    endloop
  endfacet
  facet normal 0.321436 0.946931 -0
    outer loop
      vertex 2.67878 6.46716 0
      vertex 1.81173 6.76148 6.5
      vertex 2.67878 6.46716 6.5
    endloop
  endfacet
  facet normal 0.321436 0.946931 0
    outer loop
      vertex 1.81173 6.76148 6.5
      vertex 2.67878 6.46716 0
      vertex 1.81173 6.76148 0
    endloop
  endfacet
  facet normal -0.831467 0.555574 0
    outer loop
      vertex -6.06218 3.5 0
      vertex -5.55347 4.26133 6.5
      vertex -5.55347 4.26133 0
    endloop
  endfacet
  facet normal -0.831467 0.555574 0
    outer loop
      vertex -5.55347 4.26133 6.5
      vertex -6.06218 3.5 0
      vertex -6.06218 3.5 6.5
    endloop
  endfacet
  facet normal -0.195088 0.980786 0
    outer loop
      vertex -0.913683 6.94011 0
      vertex -1.81173 6.76148 6.5
      vertex -0.913683 6.94011 6.5
    endloop
  endfacet
  facet normal -0.195088 0.980786 0
    outer loop
      vertex -1.81173 6.76148 6.5
      vertex -0.913683 6.94011 0
      vertex -1.81173 6.76148 0
    endloop
  endfacet
  facet normal 0.896873 0.442288 0
    outer loop
      vertex 6.46716 2.67878 6.5
      vertex 6.06218 3.5 0
      vertex 6.06218 3.5 6.5
    endloop
  endfacet
  facet normal 0.896873 0.442288 0
    outer loop
      vertex 6.06218 3.5 0
      vertex 6.46716 2.67878 6.5
      vertex 6.46716 2.67878 0
    endloop
  endfacet
  facet normal 0.321436 -0.946931 0
    outer loop
      vertex 1.81173 -6.76148 0
      vertex 2.67878 -6.46716 6.5
      vertex 1.81173 -6.76148 6.5
    endloop
  endfacet
  facet normal 0.321436 -0.946931 0
    outer loop
      vertex 2.67878 -6.46716 6.5
      vertex 1.81173 -6.76148 0
      vertex 2.67878 -6.46716 0
    endloop
  endfacet
  facet normal 0.946931 -0.321436 0
    outer loop
      vertex 6.46716 -2.67878 6.5
      vertex 6.76148 -1.81173 0
      vertex 6.76148 -1.81173 6.5
    endloop
  endfacet
  facet normal 0.946931 -0.321436 0
    outer loop
      vertex 6.76148 -1.81173 0
      vertex 6.46716 -2.67878 6.5
      vertex 6.46716 -2.67878 0
    endloop
  endfacet
  facet normal 0.751844 -0.659341 0
    outer loop
      vertex 4.94975 -4.94975 6.5
      vertex 5.55347 -4.26133 0
      vertex 5.55347 -4.26133 6.5
    endloop
  endfacet
  facet normal 0.751844 -0.659341 0
    outer loop
      vertex 5.55347 -4.26133 0
      vertex 4.94975 -4.94975 6.5
      vertex 4.94975 -4.94975 0
    endloop
  endfacet
  facet normal -0.980786 -0.195088 0
    outer loop
      vertex -6.76148 -1.81173 0
      vertex -6.94011 -0.913683 6.5
      vertex -6.94011 -0.913683 0
    endloop
  endfacet
  facet normal -0.980786 -0.195088 0
    outer loop
      vertex -6.94011 -0.913683 6.5
      vertex -6.76148 -1.81173 0
      vertex -6.76148 -1.81173 6.5
    endloop
  endfacet
  facet normal 0.751844 0.659341 0
    outer loop
      vertex 5.55347 4.26133 6.5
      vertex 4.94975 4.94975 0
      vertex 4.94975 4.94975 6.5
    endloop
  endfacet
  facet normal 0.751844 0.659341 0
    outer loop
      vertex 4.94975 4.94975 0
      vertex 5.55347 4.26133 6.5
      vertex 5.55347 4.26133 0
    endloop
  endfacet
  facet normal 0.659341 -0.751844 0
    outer loop
      vertex 4.26133 -5.55347 0
      vertex 4.94975 -4.94975 6.5
      vertex 4.26133 -5.55347 6.5
    endloop
  endfacet
  facet normal 0.659341 -0.751844 0
    outer loop
      vertex 4.94975 -4.94975 6.5
      vertex 4.26133 -5.55347 0
      vertex 4.94975 -4.94975 0
    endloop
  endfacet
  facet normal 0.896873 -0.442288 0
    outer loop
      vertex 6.06218 -3.5 6.5
      vertex 6.46716 -2.67878 0
      vertex 6.46716 -2.67878 6.5
    endloop
  endfacet
  facet normal 0.896873 -0.442288 0
    outer loop
      vertex 6.46716 -2.67878 0
      vertex 6.06218 -3.5 6.5
      vertex 6.06218 -3.5 0
    endloop
  endfacet
  facet normal -0.555574 0.831467 0
    outer loop
      vertex -3.5 6.06218 0
      vertex -4.26133 5.55347 6.5
      vertex -3.5 6.06218 6.5
    endloop
  endfacet
  facet normal -0.555574 0.831467 0
    outer loop
      vertex -4.26133 5.55347 6.5
      vertex -3.5 6.06218 0
      vertex -4.26133 5.55347 0
    endloop
  endfacet
  facet normal -0.946931 0.321436 0
    outer loop
      vertex -6.76148 1.81173 0
      vertex -6.46716 2.67878 6.5
      vertex -6.46716 2.67878 0
    endloop
  endfacet
  facet normal -0.946931 0.321436 0
    outer loop
      vertex -6.46716 2.67878 6.5
      vertex -6.76148 1.81173 0
      vertex -6.76148 1.81173 6.5
    endloop
  endfacet
  facet normal 0.980786 -0.195088 0
    outer loop
      vertex 6.76148 -1.81173 6.5
      vertex 6.94011 -0.913683 0
      vertex 6.94011 -0.913683 6.5
    endloop
  endfacet
  facet normal 0.980786 -0.195088 0
    outer loop
      vertex 6.94011 -0.913683 0
      vertex 6.76148 -1.81173 6.5
      vertex 6.76148 -1.81173 0
    endloop
  endfacet
  facet normal -0.946931 -0.321436 0
    outer loop
      vertex -6.46716 -2.67878 0
      vertex -6.76148 -1.81173 6.5
      vertex -6.76148 -1.81173 0
    endloop
  endfacet
  facet normal -0.946931 -0.321436 0
    outer loop
      vertex -6.76148 -1.81173 6.5
      vertex -6.46716 -2.67878 0
      vertex -6.46716 -2.67878 6.5
    endloop
  endfacet
  facet normal -0.555574 -0.831467 0
    outer loop
      vertex -4.26133 -5.55347 0
      vertex -3.5 -6.06218 6.5
      vertex -4.26133 -5.55347 6.5
    endloop
  endfacet
  facet normal -0.555574 -0.831467 -0
    outer loop
      vertex -3.5 -6.06218 6.5
      vertex -4.26133 -5.55347 0
      vertex -3.5 -6.06218 0
    endloop
  endfacet
  facet normal -0.751844 -0.659341 0
    outer loop
      vertex -4.94975 -4.94975 0
      vertex -5.55347 -4.26133 6.5
      vertex -5.55347 -4.26133 0
    endloop
  endfacet
  facet normal -0.751844 -0.659341 0
    outer loop
      vertex -5.55347 -4.26133 6.5
      vertex -4.94975 -4.94975 0
      vertex -4.94975 -4.94975 6.5
    endloop
  endfacet
  facet normal 0.659341 0.751844 -0
    outer loop
      vertex 4.94975 4.94975 0
      vertex 4.26133 5.55347 6.5
      vertex 4.94975 4.94975 6.5
    endloop
  endfacet
  facet normal 0.659341 0.751844 0
    outer loop
      vertex 4.26133 5.55347 6.5
      vertex 4.94975 4.94975 0
      vertex 4.26133 5.55347 0
    endloop
  endfacet
  facet normal -0.321436 0.946931 0
    outer loop
      vertex -1.81173 6.76148 0
      vertex -2.67878 6.46716 6.5
      vertex -1.81173 6.76148 6.5
    endloop
  endfacet
  facet normal -0.321436 0.946931 0
    outer loop
      vertex -2.67878 6.46716 6.5
      vertex -1.81173 6.76148 0
      vertex -2.67878 6.46716 0
    endloop
  endfacet
  facet normal -0.659341 -0.751844 0
    outer loop
      vertex -4.94975 -4.94975 0
      vertex -4.26133 -5.55347 6.5
      vertex -4.94975 -4.94975 6.5
    endloop
  endfacet
  facet normal -0.659341 -0.751844 -0
    outer loop
      vertex -4.26133 -5.55347 6.5
      vertex -4.94975 -4.94975 0
      vertex -4.26133 -5.55347 0
    endloop
  endfacet
  facet normal 0.555574 0.831467 -0
    outer loop
      vertex 4.26133 5.55347 0
      vertex 3.5 6.06218 6.5
      vertex 4.26133 5.55347 6.5
    endloop
  endfacet
  facet normal 0.555574 0.831467 0
    outer loop
      vertex 3.5 6.06218 6.5
      vertex 4.26133 5.55347 0
      vertex 3.5 6.06218 0
    endloop
  endfacet
  facet normal 0.0654075 -0.997859 0
    outer loop
      vertex 0 -7 0
      vertex 0.913683 -6.94011 6.5
      vertex 0 -7 6.5
    endloop
  endfacet
  facet normal 0.0654075 -0.997859 0
    outer loop
      vertex 0.913683 -6.94011 6.5
      vertex 0 -7 0
      vertex 0.913683 -6.94011 0
    endloop
  endfacet
  facet normal 0.831467 0.555574 0
    outer loop
      vertex 6.06218 3.5 6.5
      vertex 5.55347 4.26133 0
      vertex 5.55347 4.26133 6.5
    endloop
  endfacet
  facet normal 0.831467 0.555574 0
    outer loop
      vertex 5.55347 4.26133 0
      vertex 6.06218 3.5 6.5
      vertex 6.06218 3.5 0
    endloop
  endfacet
  facet normal 0.831467 -0.555574 0
    outer loop
      vertex 5.55347 -4.26133 6.5
      vertex 6.06218 -3.5 0
      vertex 6.06218 -3.5 6.5
    endloop
  endfacet
  facet normal 0.831467 -0.555574 0
    outer loop
      vertex 6.06218 -3.5 0
      vertex 5.55347 -4.26133 6.5
      vertex 5.55347 -4.26133 0
    endloop
  endfacet
  facet normal 0 0 1
    outer loop
      vertex 2.075 0 6.5
      vertex 7 0 6.5
      vertex 6.94011 0.913683 6.5
    endloop
  endfacet
  facet normal 0 0 1
    outer loop
      vertex 2.05725 0.270842 6.5
      vertex 6.94011 0.913683 6.5
      vertex 6.76148 1.81173 6.5
    endloop
  endfacet
  facet normal 0 0 1
    outer loop
      vertex 7 0 6.5
      vertex 2.075 0 6.5
      vertex 6.94011 -0.913683 6.5
    endloop
  endfacet
  facet normal 0 0 1
    outer loop
      vertex 2.0043 0.537049 6.5
      vertex 6.76148 1.81173 6.5
      vertex 6.46716 2.67878 6.5
    endloop
  endfacet
  facet normal -0 0 1
    outer loop
      vertex 2.05725 -0.270842 6.5
      vertex 6.94011 -0.913683 6.5
      vertex 2.075 0 6.5
    endloop
  endfacet
  facet normal 0 0 1
    outer loop
      vertex 1.91705 0.794067 6.5
      vertex 6.46716 2.67878 6.5
      vertex 6.06218 3.5 6.5
    endloop
  endfacet
  facet normal 0 0 1
    outer loop
      vertex 6.94011 -0.913683 6.5
      vertex 2.05725 -0.270842 6.5
      vertex 6.76148 -1.81173 6.5
    endloop
  endfacet
  facet normal 0 0 1
    outer loop
      vertex 1.797 1.0375 6.5
      vertex 6.06218 3.5 6.5
      vertex 5.55347 4.26133 6.5
    endloop
  endfacet
  facet normal -0 0 1
    outer loop
      vertex 2.0043 -0.537049 6.5
      vertex 6.76148 -1.81173 6.5
      vertex 2.05725 -0.270842 6.5
    endloop
  endfacet
  facet normal 0 0 1
    outer loop
      vertex 1.64621 1.26318 6.5
      vertex 5.55347 4.26133 6.5
      vertex 4.94975 4.94975 6.5
    endloop
  endfacet
  facet normal 0 0 1
    outer loop
      vertex 6.76148 -1.81173 6.5
      vertex 2.0043 -0.537049 6.5
      vertex 6.46716 -2.67878 6.5
    endloop
  endfacet
  facet normal 0 0 1
    outer loop
      vertex 1.46725 1.46725 6.5
      vertex 4.94975 4.94975 6.5
      vertex 4.26133 5.55347 6.5
    endloop
  endfacet
  facet normal -0 0 1
    outer loop
      vertex 1.91705 -0.794067 6.5
      vertex 6.46716 -2.67878 6.5
      vertex 2.0043 -0.537049 6.5
    endloop
  endfacet
  facet normal 0 0 1
    outer loop
      vertex 1.26318 1.64621 6.5
      vertex 4.26133 5.55347 6.5
      vertex 3.5 6.06218 6.5
    endloop
  endfacet
  facet normal 0 0 1
    outer loop
      vertex 6.46716 -2.67878 6.5
      vertex 1.91705 -0.794067 6.5
      vertex 6.06218 -3.5 6.5
    endloop
  endfacet
  facet normal 0 0 1
    outer loop
      vertex 1.0375 1.797 6.5
      vertex 3.5 6.06218 6.5
      vertex 2.67878 6.46716 6.5
    endloop
  endfacet
  facet normal -0 0 1
    outer loop
      vertex 1.797 -1.0375 6.5
      vertex 6.06218 -3.5 6.5
      vertex 1.91705 -0.794067 6.5
    endloop
  endfacet
  facet normal 0 0 1
    outer loop
      vertex 6.06218 -3.5 6.5
      vertex 1.797 -1.0375 6.5
      vertex 5.55347 -4.26133 6.5
    endloop
  endfacet
  facet normal 0 0 1
    outer loop
      vertex 6.94011 0.913683 6.5
      vertex 2.05725 0.270842 6.5
      vertex 2.075 0 6.5
    endloop
  endfacet
  facet normal 0 0 1
    outer loop
      vertex 6.76148 1.81173 6.5
      vertex 2.0043 0.537049 6.5
      vertex 2.05725 0.270842 6.5
    endloop
  endfacet
  facet normal 0 0 1
    outer loop
      vertex 6.46716 2.67878 6.5
      vertex 1.91705 0.794067 6.5
      vertex 2.0043 0.537049 6.5
    endloop
  endfacet
  facet normal 0 0 1
    outer loop
      vertex 0.794067 1.91705 6.5
      vertex 2.67878 6.46716 6.5
      vertex 1.81173 6.76148 6.5
    endloop
  endfacet
  facet normal 0 0 1
    outer loop
      vertex 6.06218 3.5 6.5
      vertex 1.797 1.0375 6.5
      vertex 1.91705 0.794067 6.5
    endloop
  endfacet
  facet normal 0 0 1
    outer loop
      vertex 5.55347 4.26133 6.5
      vertex 1.64621 1.26318 6.5
      vertex 1.797 1.0375 6.5
    endloop
  endfacet
  facet normal 0 0 1
    outer loop
      vertex 4.94975 4.94975 6.5
      vertex 1.46725 1.46725 6.5
      vertex 1.64621 1.26318 6.5
    endloop
  endfacet
  facet normal 0 0 1
    outer loop
      vertex 4.26133 5.55347 6.5
      vertex 1.26318 1.64621 6.5
      vertex 1.46725 1.46725 6.5
    endloop
  endfacet
  facet normal 0 0 1
    outer loop
      vertex 3.5 6.06218 6.5
      vertex 1.0375 1.797 6.5
      vertex 1.26318 1.64621 6.5
    endloop
  endfacet
  facet normal 0 0 1
    outer loop
      vertex 0.537049 2.0043 6.5
      vertex 1.81173 6.76148 6.5
      vertex 0.913683 6.94011 6.5
    endloop
  endfacet
  facet normal 0 0 1
    outer loop
      vertex 2.67878 6.46716 6.5
      vertex 0.794067 1.91705 6.5
      vertex 1.0375 1.797 6.5
    endloop
  endfacet
  facet normal 0 0 1
    outer loop
      vertex 1.81173 6.76148 6.5
      vertex 0.537049 2.0043 6.5
      vertex 0.794067 1.91705 6.5
    endloop
  endfacet
  facet normal 0 0 1
    outer loop
      vertex 0.913683 6.94011 6.5
      vertex 0.270842 2.05725 6.5
      vertex 0.537049 2.0043 6.5
    endloop
  endfacet
  facet normal 0 0 1
    outer loop
      vertex 0 7 6.5
      vertex 0.270842 2.05725 6.5
      vertex 0.913683 6.94011 6.5
    endloop
  endfacet
  facet normal 0 0 1
    outer loop
      vertex 0 7 6.5
      vertex 0 2.075 6.5
      vertex 0.270842 2.05725 6.5
    endloop
  endfacet
  facet normal 0 0 1
    outer loop
      vertex 0 7 6.5
      vertex -0.270842 2.05725 6.5
      vertex 0 2.075 6.5
    endloop
  endfacet
  facet normal -0 0 1
    outer loop
      vertex -0.913683 6.94011 6.5
      vertex -0.270842 2.05725 6.5
      vertex 0 7 6.5
    endloop
  endfacet
  facet normal 0 0 1
    outer loop
      vertex -0.270842 2.05725 6.5
      vertex -0.913683 6.94011 6.5
      vertex -0.537049 2.0043 6.5
    endloop
  endfacet
  facet normal -0 0 1
    outer loop
      vertex -1.81173 6.76148 6.5
      vertex -0.537049 2.0043 6.5
      vertex -0.913683 6.94011 6.5
    endloop
  endfacet
  facet normal 0 0 1
    outer loop
      vertex -0.537049 2.0043 6.5
      vertex -1.81173 6.76148 6.5
      vertex -0.794067 1.91705 6.5
    endloop
  endfacet
  facet normal -0 0 1
    outer loop
      vertex -2.67878 6.46716 6.5
      vertex -0.794067 1.91705 6.5
      vertex -1.81173 6.76148 6.5
    endloop
  endfacet
  facet normal 0 0 1
    outer loop
      vertex -0.794067 1.91705 6.5
      vertex -2.67878 6.46716 6.5
      vertex -1.0375 1.797 6.5
    endloop
  endfacet
  facet normal -0 0 1
    outer loop
      vertex -3.5 6.06218 6.5
      vertex -1.0375 1.797 6.5
      vertex -2.67878 6.46716 6.5
    endloop
  endfacet
  facet normal -0 0 1
    outer loop
      vertex -4.26133 5.55347 6.5
      vertex -1.26318 1.64621 6.5
      vertex -3.5 6.06218 6.5
    endloop
  endfacet
  facet normal 0 0 1
    outer loop
      vertex -1.0375 1.797 6.5
      vertex -3.5 6.06218 6.5
      vertex -1.26318 1.64621 6.5
    endloop
  endfacet
  facet normal -0 0 1
    outer loop
      vertex 1.64621 -1.26318 6.5
      vertex 5.55347 -4.26133 6.5
      vertex 1.797 -1.0375 6.5
    endloop
  endfacet
  facet normal 0 0 1
    outer loop
      vertex 5.55347 -4.26133 6.5
      vertex 1.64621 -1.26318 6.5
      vertex 4.94975 -4.94975 6.5
    endloop
  endfacet
  facet normal -0 0 1
    outer loop
      vertex 1.46725 -1.46725 6.5
      vertex 4.94975 -4.94975 6.5
      vertex 1.64621 -1.26318 6.5
    endloop
  endfacet
  facet normal 0 0 1
    outer loop
      vertex 4.94975 -4.94975 6.5
      vertex 1.46725 -1.46725 6.5
      vertex 4.26133 -5.55347 6.5
    endloop
  endfacet
  facet normal -0 0 1
    outer loop
      vertex 1.26318 -1.64621 6.5
      vertex 4.26133 -5.55347 6.5
      vertex 1.46725 -1.46725 6.5
    endloop
  endfacet
  facet normal 0 0 1
    outer loop
      vertex 4.26133 -5.55347 6.5
      vertex 1.26318 -1.64621 6.5
      vertex 3.5 -6.06218 6.5
    endloop
  endfacet
  facet normal -0 0 1
    outer loop
      vertex 1.0375 -1.797 6.5
      vertex 3.5 -6.06218 6.5
      vertex 1.26318 -1.64621 6.5
    endloop
  endfacet
  facet normal 0 0 1
    outer loop
      vertex 3.5 -6.06218 6.5
      vertex 1.0375 -1.797 6.5
      vertex 2.67878 -6.46716 6.5
    endloop
  endfacet
  facet normal -0 0 1
    outer loop
      vertex 0.794067 -1.91705 6.5
      vertex 2.67878 -6.46716 6.5
      vertex 1.0375 -1.797 6.5
    endloop
  endfacet
  facet normal 0 0 1
    outer loop
      vertex 2.67878 -6.46716 6.5
      vertex 0.794067 -1.91705 6.5
      vertex 1.81173 -6.76148 6.5
    endloop
  endfacet
  facet normal -0 0 1
    outer loop
      vertex 0.537049 -2.0043 6.5
      vertex 1.81173 -6.76148 6.5
      vertex 0.794067 -1.91705 6.5
    endloop
  endfacet
  facet normal 0 0 1
    outer loop
      vertex 1.81173 -6.76148 6.5
      vertex 0.537049 -2.0043 6.5
      vertex 0.913683 -6.94011 6.5
    endloop
  endfacet
  facet normal -0 0 1
    outer loop
      vertex 0.270842 -2.05725 6.5
      vertex 0.913683 -6.94011 6.5
      vertex 0.537049 -2.0043 6.5
    endloop
  endfacet
  facet normal -0 0 1
    outer loop
      vertex 0 -2.075 6.5
      vertex 0.913683 -6.94011 6.5
      vertex 0.270842 -2.05725 6.5
    endloop
  endfacet
  facet normal 0 0 1
    outer loop
      vertex 0 -2.075 6.5
      vertex 0 -7 6.5
      vertex 0.913683 -6.94011 6.5
    endloop
  endfacet
  facet normal 0 0 1
    outer loop
      vertex -0.270842 -2.05725 6.5
      vertex 0 -7 6.5
      vertex 0 -2.075 6.5
    endloop
  endfacet
  facet normal 0 0 1
    outer loop
      vertex -0.913683 -6.94011 6.5
      vertex -0.270842 -2.05725 6.5
      vertex -0.537049 -2.0043 6.5
    endloop
  endfacet
  facet normal 0 0 1
    outer loop
      vertex -1.81173 -6.76148 6.5
      vertex -0.537049 -2.0043 6.5
      vertex -0.794067 -1.91705 6.5
    endloop
  endfacet
  facet normal 0 0 1
    outer loop
      vertex -0.270842 -2.05725 6.5
      vertex -0.913683 -6.94011 6.5
      vertex 0 -7 6.5
    endloop
  endfacet
  facet normal 0 0 1
    outer loop
      vertex -2.67878 -6.46716 6.5
      vertex -0.794067 -1.91705 6.5
      vertex -1.0375 -1.797 6.5
    endloop
  endfacet
  facet normal 0 0 1
    outer loop
      vertex -3.5 -6.06218 6.5
      vertex -1.0375 -1.797 6.5
      vertex -1.26318 -1.64621 6.5
    endloop
  endfacet
  facet normal 0 0 1
    outer loop
      vertex -4.26133 -5.55347 6.5
      vertex -1.26318 -1.64621 6.5
      vertex -1.46725 -1.46725 6.5
    endloop
  endfacet
  facet normal 0 0 1
    outer loop
      vertex -4.94975 -4.94975 6.5
      vertex -1.46725 -1.46725 6.5
      vertex -1.6 -1.31587 6.5
    endloop
  endfacet
  facet normal 0 0 1
    outer loop
      vertex -0.537049 -2.0043 6.5
      vertex -1.81173 -6.76148 6.5
      vertex -0.913683 -6.94011 6.5
    endloop
  endfacet
  facet normal 0 0 1
    outer loop
      vertex -1.26318 1.64621 6.5
      vertex -4.26133 5.55347 6.5
      vertex -1.46725 1.46725 6.5
    endloop
  endfacet
  facet normal -0 0 1
    outer loop
      vertex -4.94975 4.94975 6.5
      vertex -1.46725 1.46725 6.5
      vertex -4.26133 5.55347 6.5
    endloop
  endfacet
  facet normal 0 0 1
    outer loop
      vertex -0.794067 -1.91705 6.5
      vertex -2.67878 -6.46716 6.5
      vertex -1.81173 -6.76148 6.5
    endloop
  endfacet
  facet normal 0 0 1
    outer loop
      vertex -1.46725 1.46725 6.5
      vertex -4.94975 4.94975 6.5
      vertex -1.6 1.31587 6.5
    endloop
  endfacet
  facet normal 0 0 1
    outer loop
      vertex -1.0375 -1.797 6.5
      vertex -3.5 -6.06218 6.5
      vertex -2.67878 -6.46716 6.5
    endloop
  endfacet
  facet normal -0 0 1
    outer loop
      vertex -5.55347 4.26133 6.5
      vertex -1.6 1.31587 6.5
      vertex -4.94975 4.94975 6.5
    endloop
  endfacet
  facet normal 0 0 1
    outer loop
      vertex -1.26318 -1.64621 6.5
      vertex -4.26133 -5.55347 6.5
      vertex -3.5 -6.06218 6.5
    endloop
  endfacet
  facet normal -0 0 1
    outer loop
      vertex -6.06218 3.5 6.5
      vertex -1.6 1.31587 6.5
      vertex -5.55347 4.26133 6.5
    endloop
  endfacet
  facet normal 0 0 1
    outer loop
      vertex -1.46725 -1.46725 6.5
      vertex -4.94975 -4.94975 6.5
      vertex -4.26133 -5.55347 6.5
    endloop
  endfacet
  facet normal -0 0 1
    outer loop
      vertex -6.46716 2.67878 6.5
      vertex -1.6 1.31587 6.5
      vertex -6.06218 3.5 6.5
    endloop
  endfacet
  facet normal 0 0 1
    outer loop
      vertex -1.6 -1.31587 6.5
      vertex -5.55347 -4.26133 6.5
      vertex -4.94975 -4.94975 6.5
    endloop
  endfacet
  facet normal -0 0 1
    outer loop
      vertex -6.76148 1.81173 6.5
      vertex -1.6 1.31587 6.5
      vertex -6.46716 2.67878 6.5
    endloop
  endfacet
  facet normal 0 0 1
    outer loop
      vertex -1.6 -1.31587 6.5
      vertex -6.06218 -3.5 6.5
      vertex -5.55347 -4.26133 6.5
    endloop
  endfacet
  facet normal 0 0 1
    outer loop
      vertex -6.94011 0.913683 6.5
      vertex -1.6 1.31587 6.5
      vertex -6.76148 1.81173 6.5
    endloop
  endfacet
  facet normal 0 0 1
    outer loop
      vertex -1.6 -1.31587 6.5
      vertex -6.46716 -2.67878 6.5
      vertex -6.06218 -3.5 6.5
    endloop
  endfacet
  facet normal 0 0 1
    outer loop
      vertex -7 0 6.5
      vertex -1.6 1.31587 6.5
      vertex -6.94011 0.913683 6.5
    endloop
  endfacet
  facet normal 0 0 1
    outer loop
      vertex -1.6 -1.31587 6.5
      vertex -6.76148 -1.81173 6.5
      vertex -6.46716 -2.67878 6.5
    endloop
  endfacet
  facet normal 0 0 1
    outer loop
      vertex -1.6 1.31587 6.5
      vertex -7 0 6.5
      vertex -1.6 -1.31587 6.5
    endloop
  endfacet
  facet normal 0 0 1
    outer loop
      vertex -1.6 -1.31587 6.5
      vertex -6.94011 -0.913683 6.5
      vertex -6.76148 -1.81173 6.5
    endloop
  endfacet
  facet normal 0 0 1
    outer loop
      vertex -1.6 -1.31587 6.5
      vertex -7 0 6.5
      vertex -6.94011 -0.913683 6.5
    endloop
  endfacet
  facet normal -0.321436 -0.946931 0
    outer loop
      vertex -2.67878 -6.46716 0
      vertex -1.81173 -6.76148 6.5
      vertex -2.67878 -6.46716 6.5
    endloop
  endfacet
  facet normal -0.321436 -0.946931 -0
    outer loop
      vertex -1.81173 -6.76148 6.5
      vertex -2.67878 -6.46716 0
      vertex -1.81173 -6.76148 0
    endloop
  endfacet
  facet normal 0.195088 -0.980786 0
    outer loop
      vertex 0.913683 -6.94011 0
      vertex 1.81173 -6.76148 6.5
      vertex 0.913683 -6.94011 6.5
    endloop
  endfacet
  facet normal 0.195088 -0.980786 0
    outer loop
      vertex 1.81173 -6.76148 6.5
      vertex 0.913683 -6.94011 0
      vertex 1.81173 -6.76148 0
    endloop
  endfacet
  facet normal 0.0653961 0.997859 -0
    outer loop
      vertex 0 -2.075 -4
      vertex -0.270842 -2.05725 6.5
      vertex 0 -2.075 6.5
    endloop
  endfacet
  facet normal 0.0653961 0.997859 0
    outer loop
      vertex -0.270842 -2.05725 6.5
      vertex 0 -2.075 -4
      vertex -0.270842 -2.05725 -4
    endloop
  endfacet
  facet normal -0.659336 -0.751848 0
    outer loop
      vertex 1.26318 1.64621 -4
      vertex 1.46725 1.46725 6.5
      vertex 1.26318 1.64621 6.5
    endloop
  endfacet
  facet normal -0.659336 -0.751848 -0
    outer loop
      vertex 1.46725 1.46725 6.5
      vertex 1.26318 1.64621 -4
      vertex 1.46725 1.46725 -4
    endloop
  endfacet
  facet normal -0.831471 0.555568 4.12377e-07
    outer loop
      vertex 1.64621 -1.26318 6.5
      vertex 1.797 -1.0375 -1.2178
      vertex 1.73798 -1.12583 -1.35
    endloop
  endfacet
  facet normal -0.831488 0.555542 -2.5053e-07
    outer loop
      vertex 1.64621 -1.26318 6.5
      vertex 1.73798 -1.12583 -1.35
      vertex 1.68773 -1.20104 -1.50251
    endloop
  endfacet
  facet normal -0.831419 0.555646 9.12394e-07
    outer loop
      vertex 1.64621 -1.26318 6.5
      vertex 1.68773 -1.20104 -1.50251
      vertex 1.6512 -1.2557 -1.66354
    endloop
  endfacet
  facet normal -0.831879 0.554957 0
    outer loop
      vertex 1.64621 -1.26318 6.5
      vertex 1.6512 -1.2557 -1.66354
      vertex 1.64621 -1.26318 -1.70112
    endloop
  endfacet
  facet normal -0.831477 0.555559 0
    outer loop
      vertex 1.797 -1.0375 -1.2178
      vertex 1.64621 -1.26318 6.5
      vertex 1.797 -1.0375 6.5
    endloop
  endfacet
  facet normal -0.831477 0.555559 0
    outer loop
      vertex 1.64621 -1.26318 -4
      vertex 1.797 -1.0375 -2.7822
      vertex 1.797 -1.0375 -4
    endloop
  endfacet
  facet normal -0.831472 0.555567 -2.13551e-06
    outer loop
      vertex 1.797 -1.0375 -2.7822
      vertex 1.64621 -1.26318 -4
      vertex 1.73798 -1.12583 -2.65
    endloop
  endfacet
  facet normal -0.831487 0.555544 1.25048e-06
    outer loop
      vertex 1.73798 -1.12583 -2.65
      vertex 1.64621 -1.26318 -4
      vertex 1.68773 -1.20104 -2.49749
    endloop
  endfacet
  facet normal -0.831424 0.555639 -4.43084e-06
    outer loop
      vertex 1.68773 -1.20104 -2.49749
      vertex 1.64621 -1.26318 -4
      vertex 1.6512 -1.2557 -2.33646
    endloop
  endfacet
  facet normal -0.831879 0.554957 0
    outer loop
      vertex 1.6512 -1.2557 -2.33646
      vertex 1.64621 -1.26318 -4
      vertex 1.64621 -1.26318 -2.29888
    endloop
  endfacet
  facet normal -0.195084 0.980787 0
    outer loop
      vertex 0.537049 -2.0043 -4
      vertex 0.270842 -2.05725 6.5
      vertex 0.537049 -2.0043 6.5
    endloop
  endfacet
  facet normal -0.195084 0.980787 0
    outer loop
      vertex 0.270842 -2.05725 6.5
      vertex 0.537049 -2.0043 -4
      vertex 0.270842 -2.05725 -4
    endloop
  endfacet
  facet normal 0.659336 -0.751848 0
    outer loop
      vertex -1.46725 1.46725 -4
      vertex -1.26318 1.64621 6.5
      vertex -1.46725 1.46725 6.5
    endloop
  endfacet
  facet normal 0.659336 -0.751848 0
    outer loop
      vertex -1.26318 1.64621 6.5
      vertex -1.46725 1.46725 -4
      vertex -1.26318 1.64621 -4
    endloop
  endfacet
  facet normal 0.751856 0.659327 0
    outer loop
      vertex -1.46725 -1.46725 6.5
      vertex -1.6 -1.31587 -4
      vertex -1.6 -1.31587 6.5
    endloop
  endfacet
  facet normal 0.751856 0.659327 0
    outer loop
      vertex -1.6 -1.31587 -4
      vertex -1.46725 -1.46725 6.5
      vertex -1.46725 -1.46725 -4
    endloop
  endfacet
  facet normal 0.751856 -0.659327 0
    outer loop
      vertex -1.6 1.31587 6.5
      vertex -1.46725 1.46725 -4
      vertex -1.46725 1.46725 6.5
    endloop
  endfacet
  facet normal 0.751856 -0.659327 0
    outer loop
      vertex -1.46725 1.46725 -4
      vertex -1.6 1.31587 6.5
      vertex -1.6 1.31587 -4
    endloop
  endfacet
  facet normal -0.946909 0.321501 1.87542e-06
    outer loop
      vertex 1.91705 -0.794067 6.5
      vertex 2.0043 -0.537049 -0.818466
      vertex 1.96595 -0.65 -0.874167
    endloop
  endfacet
  facet normal -0.94694 0.321409 -1.31583e-07
    outer loop
      vertex 1.91705 -0.794067 6.5
      vertex 1.96595 -0.65 -0.874167
      vertex 1.91796 -0.791389 -0.968641
    endloop
  endfacet
  facet normal -0.946829 0.321738 0
    outer loop
      vertex 1.91705 -0.794067 6.5
      vertex 1.91796 -0.791389 -0.968641
      vertex 1.91705 -0.794067 -0.97099
    endloop
  endfacet
  facet normal -0.946925 0.321453 0
    outer loop
      vertex 2.0043 -0.537049 -0.818466
      vertex 1.91705 -0.794067 6.5
      vertex 2.0043 -0.537049 6.5
    endloop
  endfacet
  facet normal -0.946925 0.321453 0
    outer loop
      vertex 1.91705 -0.794067 -4
      vertex 2.0043 -0.537049 -3.18153
      vertex 2.0043 -0.537049 -4
    endloop
  endfacet
  facet normal -0.946911 0.321495 -1.47722e-05
    outer loop
      vertex 2.0043 -0.537049 -3.18153
      vertex 1.91705 -0.794067 -4
      vertex 1.96595 -0.65 -3.12583
    endloop
  endfacet
  facet normal -0.94694 0.321409 1.01293e-06
    outer loop
      vertex 1.96595 -0.65 -3.12583
      vertex 1.91705 -0.794067 -4
      vertex 1.91796 -0.791389 -3.03136
    endloop
  endfacet
  facet normal -0.946829 0.321738 0
    outer loop
      vertex 1.91796 -0.791389 -3.03136
      vertex 1.91705 -0.794067 -4
      vertex 1.91705 -0.794067 -3.02901
    endloop
  endfacet
  facet normal 0.321453 0.946925 -0
    outer loop
      vertex -0.537049 -2.0043 -4
      vertex -0.794067 -1.91705 6.5
      vertex -0.537049 -2.0043 6.5
    endloop
  endfacet
  facet normal 0.321453 0.946925 0
    outer loop
      vertex -0.794067 -1.91705 6.5
      vertex -0.537049 -2.0043 -4
      vertex -0.794067 -1.91705 -4
    endloop
  endfacet
  facet normal -0.0653961 0.997859 0
    outer loop
      vertex 0.270842 -2.05725 -4
      vertex 0 -2.075 6.5
      vertex 0.270842 -2.05725 6.5
    endloop
  endfacet
  facet normal -0.0653961 0.997859 0
    outer loop
      vertex 0 -2.075 6.5
      vertex 0.270842 -2.05725 -4
      vertex 0 -2.075 -4
    endloop
  endfacet
  facet normal -0.321453 -0.946925 0
    outer loop
      vertex 0.537049 2.0043 -4
      vertex 0.794067 1.91705 6.5
      vertex 0.537049 2.0043 6.5
    endloop
  endfacet
  facet normal -0.321453 -0.946925 -0
    outer loop
      vertex 0.794067 1.91705 6.5
      vertex 0.537049 2.0043 -4
      vertex 0.794067 1.91705 -4
    endloop
  endfacet
  facet normal -0.751849 -0.659335 0
    outer loop
      vertex 1.46725 1.46725 -4
      vertex 1.61392 1.3 -2
      vertex 1.46725 1.46725 6.5
    endloop
  endfacet
  facet normal -0.751874 -0.659306 4.20208e-06
    outer loop
      vertex 1.46725 1.46725 -4
      vertex 1.62367 1.28888 -2.16968
      vertex 1.61392 1.3 -2
    endloop
  endfacet
  facet normal -0.751848 -0.659336 -0
    outer loop
      vertex 1.64621 1.26318 -2.29888
      vertex 1.46725 1.46725 -4
      vertex 1.64621 1.26318 -4
    endloop
  endfacet
  facet normal -0.751828 -0.65936 -4.99683e-06
    outer loop
      vertex 1.46725 1.46725 -4
      vertex 1.64621 1.26318 -2.29888
      vertex 1.62367 1.28888 -2.16968
    endloop
  endfacet
  facet normal -0.751893 -0.659285 -1.73078e-06
    outer loop
      vertex 1.62367 1.28888 -1.83032
      vertex 1.46725 1.46725 6.5
      vertex 1.61392 1.3 -2
    endloop
  endfacet
  facet normal -0.751819 -0.65937 1.47679e-06
    outer loop
      vertex 1.64621 1.26318 -1.70112
      vertex 1.46725 1.46725 6.5
      vertex 1.62367 1.28888 -1.83032
    endloop
  endfacet
  facet normal -0.751848 -0.659336 0
    outer loop
      vertex 1.46725 1.46725 6.5
      vertex 1.64621 1.26318 -1.70112
      vertex 1.64621 1.26318 6.5
    endloop
  endfacet
  facet normal -0.442295 0.89687 0
    outer loop
      vertex 1.0375 -1.797 -4
      vertex 0.794067 -1.91705 6.5
      vertex 1.0375 -1.797 6.5
    endloop
  endfacet
  facet normal -0.442295 0.89687 0
    outer loop
      vertex 0.794067 -1.91705 6.5
      vertex 1.0375 -1.797 -4
      vertex 0.794067 -1.91705 -4
    endloop
  endfacet
  facet normal -0.0653961 -0.997859 0
    outer loop
      vertex 0 2.075 -4
      vertex 0.270842 2.05725 6.5
      vertex 0 2.075 6.5
    endloop
  endfacet
  facet normal -0.0653961 -0.997859 -0
    outer loop
      vertex 0.270842 2.05725 6.5
      vertex 0 2.075 -4
      vertex 0.270842 2.05725 -4
    endloop
  endfacet
  facet normal 0.555559 0.831477 -0
    outer loop
      vertex -1.0375 -1.797 -4
      vertex -1.26318 -1.64621 6.5
      vertex -1.0375 -1.797 6.5
    endloop
  endfacet
  facet normal 0.555559 0.831477 0
    outer loop
      vertex -1.26318 -1.64621 6.5
      vertex -1.0375 -1.797 -4
      vertex -1.26318 -1.64621 -4
    endloop
  endfacet
  facet normal -0.980765 0.19519 4.05952e-06
    outer loop
      vertex 2.0043 -0.537049 6.5
      vertex 2.05725 -0.270842 -0.731244
      vertex 2.04419 -0.336464 -0.744297
    endloop
  endfacet
  facet normal -0.980785 0.195092 1.24127e-06
    outer loop
      vertex 2.0043 -0.537049 6.5
      vertex 2.04419 -0.336464 -0.744297
      vertex 2.01216 -0.497488 -0.798957
    endloop
  endfacet
  facet normal -0.980829 0.194872 0
    outer loop
      vertex 2.0043 -0.537049 6.5
      vertex 2.01216 -0.497488 -0.798957
      vertex 2.0043 -0.537049 -0.818466
    endloop
  endfacet
  facet normal -0.980787 0.195084 0
    outer loop
      vertex 2.05725 -0.270842 -0.731244
      vertex 2.0043 -0.537049 6.5
      vertex 2.05725 -0.270842 6.5
    endloop
  endfacet
  facet normal -0.980765 0.195191 0
    outer loop
      vertex 2.05725 -0.270842 -4
      vertex 2.04419 -0.336464 -3.2557
      vertex 2.05725 -0.270842 -3.26876
    endloop
  endfacet
  facet normal -0.980787 0.195084 -9.79372e-06
    outer loop
      vertex 2.0043 -0.537049 -4
      vertex 2.04419 -0.336464 -3.2557
      vertex 2.05725 -0.270842 -4
    endloop
  endfacet
  facet normal -0.980786 0.195089 -1.11728e-05
    outer loop
      vertex 2.04419 -0.336464 -3.2557
      vertex 2.0043 -0.537049 -4
      vertex 2.01216 -0.497488 -3.20104
    endloop
  endfacet
  facet normal -0.980829 0.194872 0
    outer loop
      vertex 2.01216 -0.497488 -3.20104
      vertex 2.0043 -0.537049 -4
      vertex 2.0043 -0.537049 -3.18153
    endloop
  endfacet
  facet normal 0.195084 -0.980787 0
    outer loop
      vertex -0.537049 2.0043 -4
      vertex -0.270842 2.05725 6.5
      vertex -0.537049 2.0043 6.5
    endloop
  endfacet
  facet normal 0.195084 -0.980787 0
    outer loop
      vertex -0.270842 2.05725 6.5
      vertex -0.537049 2.0043 -4
      vertex -0.270842 2.05725 -4
    endloop
  endfacet
  facet normal 0.321453 -0.946925 0
    outer loop
      vertex -0.794067 1.91705 -4
      vertex -0.537049 2.0043 6.5
      vertex -0.794067 1.91705 6.5
    endloop
  endfacet
  facet normal 0.321453 -0.946925 0
    outer loop
      vertex -0.537049 2.0043 6.5
      vertex -0.794067 1.91705 -4
      vertex -0.537049 2.0043 -4
    endloop
  endfacet
  facet normal 0.555559 -0.831477 0
    outer loop
      vertex -1.26318 1.64621 -4
      vertex -1.0375 1.797 6.5
      vertex -1.26318 1.64621 6.5
    endloop
  endfacet
  facet normal 0.555559 -0.831477 0
    outer loop
      vertex -1.0375 1.797 6.5
      vertex -1.26318 1.64621 -4
      vertex -1.0375 1.797 -4
    endloop
  endfacet
  facet normal -0.195084 -0.980787 0
    outer loop
      vertex 0.270842 2.05725 -4
      vertex 0.537049 2.0043 6.5
      vertex 0.270842 2.05725 6.5
    endloop
  endfacet
  facet normal -0.195084 -0.980787 -0
    outer loop
      vertex 0.537049 2.0043 6.5
      vertex 0.270842 2.05725 -4
      vertex 0.537049 2.0043 -4
    endloop
  endfacet
  facet normal 0.659336 0.751848 -0
    outer loop
      vertex -1.26318 -1.64621 -4
      vertex -1.46725 -1.46725 6.5
      vertex -1.26318 -1.64621 6.5
    endloop
  endfacet
  facet normal 0.659336 0.751848 0
    outer loop
      vertex -1.46725 -1.46725 6.5
      vertex -1.26318 -1.64621 -4
      vertex -1.46725 -1.46725 -4
    endloop
  endfacet
  facet normal -0.896752 -0.442534 0
    outer loop
      vertex 1.80003 1.03136 -1.20861
      vertex 1.797 1.0375 6.5
      vertex 1.797 1.0375 -1.2178
    endloop
  endfacet
  facet normal -0.89688 -0.442273 -2.58213e-07
    outer loop
      vertex 1.85532 0.919238 -1.08076
      vertex 1.797 1.0375 6.5
      vertex 1.80003 1.03136 -1.20861
    endloop
  endfacet
  facet normal -0.896866 -0.442303 3.17525e-07
    outer loop
      vertex 1.91705 0.794067 -0.97099
      vertex 1.797 1.0375 6.5
      vertex 1.85532 0.919238 -1.08076
    endloop
  endfacet
  facet normal -0.89687 -0.442295 0
    outer loop
      vertex 1.797 1.0375 6.5
      vertex 1.91705 0.794067 -0.97099
      vertex 1.91705 0.794067 6.5
    endloop
  endfacet
  facet normal -0.896752 -0.442534 0
    outer loop
      vertex 1.797 1.0375 -4
      vertex 1.80003 1.03136 -2.79139
      vertex 1.797 1.0375 -2.7822
    endloop
  endfacet
  facet normal -0.89688 -0.442274 1.6389e-06
    outer loop
      vertex 1.797 1.0375 -4
      vertex 1.85532 0.919238 -2.91924
      vertex 1.80003 1.03136 -2.79139
    endloop
  endfacet
  facet normal -0.89687 -0.442295 -0
    outer loop
      vertex 1.91705 0.794067 -3.02901
      vertex 1.797 1.0375 -4
      vertex 1.91705 0.794067 -4
    endloop
  endfacet
  facet normal -0.896866 -0.442302 -2.06e-06
    outer loop
      vertex 1.797 1.0375 -4
      vertex 1.91705 0.794067 -3.02901
      vertex 1.85532 0.919238 -2.91924
    endloop
  endfacet
  facet normal 0.195084 0.980787 -0
    outer loop
      vertex -0.270842 -2.05725 -4
      vertex -0.537049 -2.0043 6.5
      vertex -0.270842 -2.05725 6.5
    endloop
  endfacet
  facet normal 0.195084 0.980787 0
    outer loop
      vertex -0.537049 -2.0043 6.5
      vertex -0.270842 -2.05725 -4
      vertex -0.537049 -2.0043 -4
    endloop
  endfacet
  facet normal -0.659336 0.751848 0
    outer loop
      vertex 1.46725 -1.46725 -4
      vertex 1.26318 -1.64621 6.5
      vertex 1.46725 -1.46725 6.5
    endloop
  endfacet
  facet normal -0.659336 0.751848 0
    outer loop
      vertex 1.26318 -1.64621 6.5
      vertex 1.46725 -1.46725 -4
      vertex 1.26318 -1.64621 -4
    endloop
  endfacet
  facet normal -0.751848 0.659336 0
    outer loop
      vertex 1.46725 -1.46725 -4
      vertex 1.64621 -1.26318 -2.29888
      vertex 1.64621 -1.26318 -4
    endloop
  endfacet
  facet normal -0.751828 0.65936 -4.99683e-06
    outer loop
      vertex 1.64621 -1.26318 -2.29888
      vertex 1.46725 -1.46725 -4
      vertex 1.62367 -1.28888 -2.16968
    endloop
  endfacet
  facet normal -0.751874 0.659306 4.20208e-06
    outer loop
      vertex 1.62367 -1.28888 -2.16968
      vertex 1.46725 -1.46725 -4
      vertex 1.61392 -1.3 -2
    endloop
  endfacet
  facet normal -0.751819 0.65937 1.47679e-06
    outer loop
      vertex 1.46725 -1.46725 6.5
      vertex 1.64621 -1.26318 -1.70112
      vertex 1.62367 -1.28888 -1.83032
    endloop
  endfacet
  facet normal -0.751893 0.659285 -1.73078e-06
    outer loop
      vertex 1.46725 -1.46725 6.5
      vertex 1.62367 -1.28888 -1.83032
      vertex 1.61392 -1.3 -2
    endloop
  endfacet
  facet normal -0.751849 0.659335 0
    outer loop
      vertex 1.46725 -1.46725 6.5
      vertex 1.61392 -1.3 -2
      vertex 1.46725 -1.46725 -4
    endloop
  endfacet
  facet normal -0.751848 0.659336 0
    outer loop
      vertex 1.64621 -1.26318 -1.70112
      vertex 1.46725 -1.46725 6.5
      vertex 1.64621 -1.26318 6.5
    endloop
  endfacet
  facet normal 0.0653961 -0.997859 0
    outer loop
      vertex -0.270842 2.05725 -4
      vertex 0 2.075 6.5
      vertex -0.270842 2.05725 6.5
    endloop
  endfacet
  facet normal 0.0653961 -0.997859 0
    outer loop
      vertex 0 2.075 6.5
      vertex -0.270842 2.05725 -4
      vertex 0 2.075 -4
    endloop
  endfacet
  facet normal 0.442295 -0.89687 0
    outer loop
      vertex -1.0375 1.797 -4
      vertex -0.794067 1.91705 6.5
      vertex -1.0375 1.797 6.5
    endloop
  endfacet
  facet normal 0.442295 -0.89687 0
    outer loop
      vertex -0.794067 1.91705 6.5
      vertex -1.0375 1.797 -4
      vertex -0.794067 1.91705 -4
    endloop
  endfacet
  facet normal -0.99786 0.0653937 -8.97946e-08
    outer loop
      vertex 2.05725 -0.270842 6.5
      vertex 2.075 0 -0.700001
      vertex 2.06388 -0.169683 -0.711123
    endloop
  endfacet
  facet normal -0.997859 0.0654001 0
    outer loop
      vertex 2.05725 -0.270842 6.5
      vertex 2.06388 -0.169683 -0.711123
      vertex 2.05725 -0.270842 -0.731244
    endloop
  endfacet
  facet normal -0.997859 0.0653961 0
    outer loop
      vertex 2.075 0 -0.700001
      vertex 2.05725 -0.270842 6.5
      vertex 2.075 0 6.5
    endloop
  endfacet
  facet normal -0.99786 0.0653937 0
    outer loop
      vertex 2.075 0 -4
      vertex 2.06388 -0.169683 -3.28888
      vertex 2.075 0 -3.3
    endloop
  endfacet
  facet normal -0.997859 0.0653961 5.70994e-07
    outer loop
      vertex 2.05725 -0.270842 -4
      vertex 2.06388 -0.169683 -3.28888
      vertex 2.075 0 -4
    endloop
  endfacet
  facet normal -0.997859 0.0654001 0
    outer loop
      vertex 2.06388 -0.169683 -3.28888
      vertex 2.05725 -0.270842 -4
      vertex 2.05725 -0.270842 -3.26876
    endloop
  endfacet
  facet normal 0.442295 0.89687 -0
    outer loop
      vertex -0.794067 -1.91705 -4
      vertex -1.0375 -1.797 6.5
      vertex -0.794067 -1.91705 6.5
    endloop
  endfacet
  facet normal 0.442295 0.89687 0
    outer loop
      vertex -1.0375 -1.797 6.5
      vertex -0.794067 -1.91705 -4
      vertex -1.0375 -1.797 -4
    endloop
  endfacet
  facet normal -0.980829 -0.194872 0
    outer loop
      vertex 2.01216 0.497488 -0.798957
      vertex 2.0043 0.537049 6.5
      vertex 2.0043 0.537049 -0.818466
    endloop
  endfacet
  facet normal -0.980785 -0.195092 1.24127e-06
    outer loop
      vertex 2.04419 0.336464 -0.744297
      vertex 2.0043 0.537049 6.5
      vertex 2.01216 0.497488 -0.798957
    endloop
  endfacet
  facet normal -0.980765 -0.19519 4.05952e-06
    outer loop
      vertex 2.05725 0.270842 -0.731244
      vertex 2.0043 0.537049 6.5
      vertex 2.04419 0.336464 -0.744297
    endloop
  endfacet
  facet normal -0.980787 -0.195084 0
    outer loop
      vertex 2.0043 0.537049 6.5
      vertex 2.05725 0.270842 -0.731244
      vertex 2.05725 0.270842 6.5
    endloop
  endfacet
  facet normal -0.980829 -0.194872 0
    outer loop
      vertex 2.0043 0.537049 -4
      vertex 2.01216 0.497488 -3.20104
      vertex 2.0043 0.537049 -3.18153
    endloop
  endfacet
  facet normal -0.980786 -0.195089 -1.11728e-05
    outer loop
      vertex 2.0043 0.537049 -4
      vertex 2.04419 0.336464 -3.2557
      vertex 2.01216 0.497488 -3.20104
    endloop
  endfacet
  facet normal -0.980787 -0.195084 -9.79372e-06
    outer loop
      vertex 2.05725 0.270842 -4
      vertex 2.04419 0.336464 -3.2557
      vertex 2.0043 0.537049 -4
    endloop
  endfacet
  facet normal -0.980765 -0.195191 0
    outer loop
      vertex 2.04419 0.336464 -3.2557
      vertex 2.05725 0.270842 -4
      vertex 2.05725 0.270842 -3.26876
    endloop
  endfacet
  facet normal -0.896866 0.442303 3.17525e-07
    outer loop
      vertex 1.797 -1.0375 6.5
      vertex 1.91705 -0.794067 -0.97099
      vertex 1.85532 -0.919238 -1.08076
    endloop
  endfacet
  facet normal -0.89688 0.442273 -2.58213e-07
    outer loop
      vertex 1.797 -1.0375 6.5
      vertex 1.85532 -0.919238 -1.08076
      vertex 1.80003 -1.03136 -1.20861
    endloop
  endfacet
  facet normal -0.896752 0.442534 0
    outer loop
      vertex 1.797 -1.0375 6.5
      vertex 1.80003 -1.03136 -1.20861
      vertex 1.797 -1.0375 -1.2178
    endloop
  endfacet
  facet normal -0.89687 0.442295 0
    outer loop
      vertex 1.91705 -0.794067 -0.97099
      vertex 1.797 -1.0375 6.5
      vertex 1.91705 -0.794067 6.5
    endloop
  endfacet
  facet normal -0.89687 0.442295 0
    outer loop
      vertex 1.797 -1.0375 -4
      vertex 1.91705 -0.794067 -3.02901
      vertex 1.91705 -0.794067 -4
    endloop
  endfacet
  facet normal -0.896866 0.442302 -2.06e-06
    outer loop
      vertex 1.91705 -0.794067 -3.02901
      vertex 1.797 -1.0375 -4
      vertex 1.85532 -0.919238 -2.91924
    endloop
  endfacet
  facet normal -0.89688 0.442274 1.6389e-06
    outer loop
      vertex 1.85532 -0.919238 -2.91924
      vertex 1.797 -1.0375 -4
      vertex 1.80003 -1.03136 -2.79139
    endloop
  endfacet
  facet normal -0.896752 0.442534 0
    outer loop
      vertex 1.80003 -1.03136 -2.79139
      vertex 1.797 -1.0375 -4
      vertex 1.797 -1.0375 -2.7822
    endloop
  endfacet
  facet normal -0.946829 -0.321738 0
    outer loop
      vertex 1.91796 0.791389 -0.968641
      vertex 1.91705 0.794067 6.5
      vertex 1.91705 0.794067 -0.97099
    endloop
  endfacet
  facet normal -0.94694 -0.321409 -1.31583e-07
    outer loop
      vertex 1.96595 0.65 -0.874167
      vertex 1.91705 0.794067 6.5
      vertex 1.91796 0.791389 -0.968641
    endloop
  endfacet
  facet normal -0.946909 -0.321501 1.87542e-06
    outer loop
      vertex 2.0043 0.537049 -0.818466
      vertex 1.91705 0.794067 6.5
      vertex 1.96595 0.65 -0.874167
    endloop
  endfacet
  facet normal -0.946925 -0.321453 0
    outer loop
      vertex 1.91705 0.794067 6.5
      vertex 2.0043 0.537049 -0.818466
      vertex 2.0043 0.537049 6.5
    endloop
  endfacet
  facet normal -0.946829 -0.321738 0
    outer loop
      vertex 1.91705 0.794067 -4
      vertex 1.91796 0.791389 -3.03136
      vertex 1.91705 0.794067 -3.02901
    endloop
  endfacet
  facet normal -0.94694 -0.321409 1.01293e-06
    outer loop
      vertex 1.91705 0.794067 -4
      vertex 1.96595 0.65 -3.12583
      vertex 1.91796 0.791389 -3.03136
    endloop
  endfacet
  facet normal -0.946925 -0.321453 -0
    outer loop
      vertex 2.0043 0.537049 -3.18153
      vertex 1.91705 0.794067 -4
      vertex 2.0043 0.537049 -4
    endloop
  endfacet
  facet normal -0.946911 -0.321495 -1.47722e-05
    outer loop
      vertex 1.91705 0.794067 -4
      vertex 2.0043 0.537049 -3.18153
      vertex 1.96595 0.65 -3.12583
    endloop
  endfacet
  facet normal -0.997859 -0.0654001 0
    outer loop
      vertex 2.06388 0.169683 -0.711123
      vertex 2.05725 0.270842 6.5
      vertex 2.05725 0.270842 -0.731244
    endloop
  endfacet
  facet normal -0.99786 -0.0653937 -8.97946e-08
    outer loop
      vertex 2.075 0 -0.700001
      vertex 2.05725 0.270842 6.5
      vertex 2.06388 0.169683 -0.711123
    endloop
  endfacet
  facet normal -0.997859 -0.0653961 0
    outer loop
      vertex 2.05725 0.270842 6.5
      vertex 2.075 0 -0.700001
      vertex 2.075 0 6.5
    endloop
  endfacet
  facet normal -0.997859 -0.0654001 0
    outer loop
      vertex 2.05725 0.270842 -4
      vertex 2.06388 0.169683 -3.28888
      vertex 2.05725 0.270842 -3.26876
    endloop
  endfacet
  facet normal -0.997859 -0.0653961 5.70994e-07
    outer loop
      vertex 2.075 0 -4
      vertex 2.06388 0.169683 -3.28888
      vertex 2.05725 0.270842 -4
    endloop
  endfacet
  facet normal -0.99786 -0.0653937 0
    outer loop
      vertex 2.06388 0.169683 -3.28888
      vertex 2.075 0 -4
      vertex 2.075 0 -3.3
    endloop
  endfacet
  facet normal -0.321453 0.946925 0
    outer loop
      vertex 0.794067 -1.91705 -4
      vertex 0.537049 -2.0043 6.5
      vertex 0.794067 -1.91705 6.5
    endloop
  endfacet
  facet normal -0.321453 0.946925 0
    outer loop
      vertex 0.537049 -2.0043 6.5
      vertex 0.794067 -1.91705 -4
      vertex 0.537049 -2.0043 -4
    endloop
  endfacet
  facet normal -0.442295 -0.89687 0
    outer loop
      vertex 0.794067 1.91705 -4
      vertex 1.0375 1.797 6.5
      vertex 0.794067 1.91705 6.5
    endloop
  endfacet
  facet normal -0.442295 -0.89687 -0
    outer loop
      vertex 1.0375 1.797 6.5
      vertex 0.794067 1.91705 -4
      vertex 1.0375 1.797 -4
    endloop
  endfacet
  facet normal -0.555559 -0.831477 0
    outer loop
      vertex 1.0375 1.797 -4
      vertex 1.26318 1.64621 6.5
      vertex 1.0375 1.797 6.5
    endloop
  endfacet
  facet normal -0.555559 -0.831477 -0
    outer loop
      vertex 1.26318 1.64621 6.5
      vertex 1.0375 1.797 -4
      vertex 1.26318 1.64621 -4
    endloop
  endfacet
  facet normal -0.831879 -0.554957 0
    outer loop
      vertex 1.6512 1.2557 -1.66354
      vertex 1.64621 1.26318 6.5
      vertex 1.64621 1.26318 -1.70112
    endloop
  endfacet
  facet normal -0.831419 -0.555646 9.12394e-07
    outer loop
      vertex 1.68773 1.20104 -1.50251
      vertex 1.64621 1.26318 6.5
      vertex 1.6512 1.2557 -1.66354
    endloop
  endfacet
  facet normal -0.831488 -0.555542 -2.5053e-07
    outer loop
      vertex 1.73798 1.12583 -1.35
      vertex 1.64621 1.26318 6.5
      vertex 1.68773 1.20104 -1.50251
    endloop
  endfacet
  facet normal -0.831471 -0.555568 4.12377e-07
    outer loop
      vertex 1.797 1.0375 -1.2178
      vertex 1.64621 1.26318 6.5
      vertex 1.73798 1.12583 -1.35
    endloop
  endfacet
  facet normal -0.831477 -0.555559 0
    outer loop
      vertex 1.64621 1.26318 6.5
      vertex 1.797 1.0375 -1.2178
      vertex 1.797 1.0375 6.5
    endloop
  endfacet
  facet normal -0.831879 -0.554957 0
    outer loop
      vertex 1.64621 1.26318 -4
      vertex 1.6512 1.2557 -2.33646
      vertex 1.64621 1.26318 -2.29888
    endloop
  endfacet
  facet normal -0.831424 -0.555639 -4.43084e-06
    outer loop
      vertex 1.64621 1.26318 -4
      vertex 1.68773 1.20104 -2.49749
      vertex 1.6512 1.2557 -2.33646
    endloop
  endfacet
  facet normal -0.831487 -0.555544 1.25048e-06
    outer loop
      vertex 1.64621 1.26318 -4
      vertex 1.73798 1.12583 -2.65
      vertex 1.68773 1.20104 -2.49749
    endloop
  endfacet
  facet normal -0.831477 -0.555559 -0
    outer loop
      vertex 1.797 1.0375 -2.7822
      vertex 1.64621 1.26318 -4
      vertex 1.797 1.0375 -4
    endloop
  endfacet
  facet normal -0.831472 -0.555567 -2.13551e-06
    outer loop
      vertex 1.64621 1.26318 -4
      vertex 1.797 1.0375 -2.7822
      vertex 1.73798 1.12583 -2.65
    endloop
  endfacet
  facet normal -0.555559 0.831477 0
    outer loop
      vertex 1.26318 -1.64621 -4
      vertex 1.0375 -1.797 6.5
      vertex 1.26318 -1.64621 6.5
    endloop
  endfacet
  facet normal -0.555559 0.831477 0
    outer loop
      vertex 1.0375 -1.797 6.5
      vertex 1.26318 -1.64621 -4
      vertex 1.0375 -1.797 -4
    endloop
  endfacet
  facet normal 1 -0 0
    outer loop
      vertex -1.6 -1.31587 6.5
      vertex -1.6 1.31587 -4
      vertex -1.6 1.31587 6.5
    endloop
  endfacet
  facet normal 1 0 0
    outer loop
      vertex -1.6 1.31587 -4
      vertex -1.6 -1.31587 6.5
      vertex -1.6 -1.31587 -4
    endloop
  endfacet
  facet normal -0.980757 0.195233 0
    outer loop
      vertex 11.2557 -0.336464 0
      vertex 11.2889 -0.169683 -0.711123
      vertex 11.2557 -0.336464 -0.744297
    endloop
  endfacet
  facet normal -0.980757 0.195233 0
    outer loop
      vertex 11.2889 -0.169683 -0.711123
      vertex 11.2557 -0.336464 0
      vertex 11.2889 -0.169683 0
    endloop
  endfacet
  facet normal -0.980757 0.195233 0
    outer loop
      vertex 11.2557 -0.336464 -4
      vertex 11.2889 -0.169683 -3.28888
      vertex 11.2889 -0.169683 -4
    endloop
  endfacet
  facet normal -0.980757 0.195233 0
    outer loop
      vertex 11.2889 -0.169683 -3.28888
      vertex 11.2557 -0.336464 -4
      vertex 11.2557 -0.336464 -3.2557
    endloop
  endfacet
  facet normal 0.946931 -0.321438 0
    outer loop
      vertex 8.7443 0.336464 -0.744297
      vertex 8.79896 0.497488 0
      vertex 8.7443 0.336464 0
    endloop
  endfacet
  facet normal 0.946931 -0.321438 0
    outer loop
      vertex 8.79896 0.497488 0
      vertex 8.7443 0.336464 -0.744297
      vertex 8.79896 0.497488 -0.798957
    endloop
  endfacet
  facet normal 0.946931 -0.321438 0
    outer loop
      vertex 8.7443 0.336464 -3.2557
      vertex 8.79896 0.497488 -4
      vertex 8.79896 0.497488 -3.20104
    endloop
  endfacet
  facet normal 0.946931 -0.321438 0
    outer loop
      vertex 8.79896 0.497488 -4
      vertex 8.7443 0.336464 -3.2557
      vertex 8.7443 0.336464 -4
    endloop
  endfacet
  facet normal -0.946859 0.321649 0
    outer loop
      vertex 11.201 -0.497488 0
      vertex 11.2557 -0.336464 -0.744297
      vertex 11.201 -0.497488 -0.798957
    endloop
  endfacet
  facet normal -0.946859 0.321649 0
    outer loop
      vertex 11.2557 -0.336464 -0.744297
      vertex 11.201 -0.497488 0
      vertex 11.2557 -0.336464 0
    endloop
  endfacet
  facet normal -0.946859 0.321649 0
    outer loop
      vertex 11.201 -0.497488 -4
      vertex 11.2557 -0.336464 -3.2557
      vertex 11.2557 -0.336464 -4
    endloop
  endfacet
  facet normal -0.946859 0.321649 0
    outer loop
      vertex 11.2557 -0.336464 -3.2557
      vertex 11.201 -0.497488 -4
      vertex 11.201 -0.497488 -3.20104
    endloop
  endfacet
  facet normal 0.751841 -0.659344 0
    outer loop
      vertex 8.96864 0.791389 -0.968641
      vertex 9.08076 0.919238 0
      vertex 8.96864 0.791389 0
    endloop
  endfacet
  facet normal 0.751841 -0.659344 0
    outer loop
      vertex 9.08076 0.919238 0
      vertex 8.96864 0.791389 -0.968641
      vertex 9.08076 0.919238 -1.08076
    endloop
  endfacet
  facet normal 0.751841 -0.659344 0
    outer loop
      vertex 8.96864 0.791389 -3.03136
      vertex 9.08076 0.919238 -4
      vertex 9.08076 0.919238 -2.91924
    endloop
  endfacet
  facet normal 0.751841 -0.659344 0
    outer loop
      vertex 9.08076 0.919238 -4
      vertex 8.96864 0.791389 -3.03136
      vertex 8.96864 0.791389 -4
    endloop
  endfacet
  facet normal 0.896874 -0.442286 0
    outer loop
      vertex 8.79896 0.497488 -0.798957
      vertex 8.87417 0.65 0
      vertex 8.79896 0.497488 0
    endloop
  endfacet
  facet normal 0.896874 -0.442286 0
    outer loop
      vertex 8.87417 0.65 0
      vertex 8.79896 0.497488 -0.798957
      vertex 8.87417 0.65 -0.874167
    endloop
  endfacet
  facet normal 0.896874 -0.442286 0
    outer loop
      vertex 8.79896 0.497488 -3.20104
      vertex 8.87417 0.65 -4
      vertex 8.87417 0.65 -3.12583
    endloop
  endfacet
  facet normal 0.896874 -0.442286 0
    outer loop
      vertex 8.87417 0.65 -4
      vertex 8.79896 0.497488 -3.20104
      vertex 8.79896 0.497488 -4
    endloop
  endfacet
  facet normal 0.831478 -0.555558 0
    outer loop
      vertex 8.87417 0.65 -0.874167
      vertex 8.96864 0.791389 0
      vertex 8.87417 0.65 0
    endloop
  endfacet
  facet normal 0.831478 -0.555558 0
    outer loop
      vertex 8.96864 0.791389 0
      vertex 8.87417 0.65 -0.874167
      vertex 8.96864 0.791389 -0.968641
    endloop
  endfacet
  facet normal 0.831478 -0.555558 0
    outer loop
      vertex 8.87417 0.65 -3.12583
      vertex 8.96864 0.791389 -4
      vertex 8.96864 0.791389 -3.03136
    endloop
  endfacet
  facet normal 0.831478 -0.555558 0
    outer loop
      vertex 8.96864 0.791389 -4
      vertex 8.87417 0.65 -3.12583
      vertex 8.87417 0.65 -4
    endloop
  endfacet
  facet normal -0.831668 -0.555273 0
    outer loop
      vertex 11.1258 0.65 -0.874167
      vertex 11.0314 0.791389 0
      vertex 11.0314 0.791389 -0.968641
    endloop
  endfacet
  facet normal -0.831668 -0.555273 0
    outer loop
      vertex 11.0314 0.791389 0
      vertex 11.1258 0.65 -0.874167
      vertex 11.1258 0.65 0
    endloop
  endfacet
  facet normal -0.831668 -0.555273 -0
    outer loop
      vertex 11.1258 0.65 -3.12583
      vertex 11.0314 0.791389 -4
      vertex 11.1258 0.65 -4
    endloop
  endfacet
  facet normal -0.831668 -0.555273 0
    outer loop
      vertex 11.0314 0.791389 -4
      vertex 11.1258 0.65 -3.12583
      vertex 11.0314 0.791389 -3.03136
    endloop
  endfacet
  facet normal 0.99786 -0.0653937 0
    outer loop
      vertex 8.7 0 -0.700001
      vertex 8.71112 0.169683 0
      vertex 8.7 0 0
    endloop
  endfacet
  facet normal 0.99786 -0.0653937 0
    outer loop
      vertex 8.71112 0.169683 0
      vertex 8.7 0 -0.700001
      vertex 8.71112 0.169683 -0.711123
    endloop
  endfacet
  facet normal 0.99786 -0.0653937 0
    outer loop
      vertex 8.7 0 -3.3
      vertex 8.71112 0.169683 -4
      vertex 8.71112 0.169683 -3.28888
    endloop
  endfacet
  facet normal 0.99786 -0.0653937 0
    outer loop
      vertex 8.71112 0.169683 -4
      vertex 8.7 0 -3.3
      vertex 8.7 0 -4
    endloop
  endfacet
  facet normal -0.442314 -0.89686 0
    outer loop
      vertex 10.4975 1.20104 0
      vertex 10.65 1.12583 -1.35
      vertex 10.65 1.12583 0
    endloop
  endfacet
  facet normal -0.442314 -0.89686 0
    outer loop
      vertex 10.65 1.12583 -1.35
      vertex 10.4975 1.20104 0
      vertex 10.4975 1.20104 -1.50251
    endloop
  endfacet
  facet normal -0.442314 -0.89686 0
    outer loop
      vertex 10.4975 1.20104 -4
      vertex 10.65 1.12583 -2.65
      vertex 10.4975 1.20104 -2.49749
    endloop
  endfacet
  facet normal -0.442314 -0.89686 -0
    outer loop
      vertex 10.65 1.12583 -2.65
      vertex 10.4975 1.20104 -4
      vertex 10.65 1.12583 -4
    endloop
  endfacet
  facet normal 0.0653948 0.997859 -0
    outer loop
      vertex 10 -1.3 -4
      vertex 9.83032 -1.28888 -2.16968
      vertex 10 -1.3 -2
    endloop
  endfacet
  facet normal 0.0653948 0.997859 0
    outer loop
      vertex 9.83032 -1.28888 -2.16968
      vertex 10 -1.3 -4
      vertex 9.83032 -1.28888 -4
    endloop
  endfacet
  facet normal 0.0653948 0.997859 0
    outer loop
      vertex 10 -1.3 0
      vertex 9.83032 -1.28888 -1.83032
      vertex 9.83032 -1.28888 0
    endloop
  endfacet
  facet normal 0.0653948 0.997859 0
    outer loop
      vertex 9.83032 -1.28888 -1.83032
      vertex 10 -1.3 0
      vertex 10 -1.3 -2
    endloop
  endfacet
  facet normal 0.980779 0.19512 0
    outer loop
      vertex 8.7443 -0.336464 0
      vertex 8.71112 -0.169683 -0.711123
      vertex 8.71112 -0.169683 0
    endloop
  endfacet
  facet normal 0.980779 0.19512 0
    outer loop
      vertex 8.71112 -0.169683 -0.711123
      vertex 8.7443 -0.336464 0
      vertex 8.7443 -0.336464 -0.744297
    endloop
  endfacet
  facet normal 0.980779 0.19512 -0
    outer loop
      vertex 8.7443 -0.336464 -4
      vertex 8.71112 -0.169683 -3.28888
      vertex 8.7443 -0.336464 -3.2557
    endloop
  endfacet
  facet normal 0.980779 0.19512 0
    outer loop
      vertex 8.71112 -0.169683 -3.28888
      vertex 8.7443 -0.336464 -4
      vertex 8.71112 -0.169683 -4
    endloop
  endfacet
  facet normal 0.195121 -0.980779 0
    outer loop
      vertex 9.66354 1.2557 -1.66354
      vertex 9.83032 1.28888 0
      vertex 9.66354 1.2557 0
    endloop
  endfacet
  facet normal 0.195121 -0.980779 0
    outer loop
      vertex 9.83032 1.28888 0
      vertex 9.66354 1.2557 -1.66354
      vertex 9.83032 1.28888 -1.83032
    endloop
  endfacet
  facet normal 0.195121 -0.980779 0
    outer loop
      vertex 9.83032 1.28888 -4
      vertex 9.66354 1.2557 -2.33646
      vertex 9.66354 1.2557 -4
    endloop
  endfacet
  facet normal 0.195121 -0.980779 0
    outer loop
      vertex 9.66354 1.2557 -2.33646
      vertex 9.83032 1.28888 -4
      vertex 9.83032 1.28888 -2.16968
    endloop
  endfacet
  facet normal -0.659493 -0.75171 0
    outer loop
      vertex 10.7914 1.03136 0
      vertex 10.9192 0.919238 -1.08076
      vertex 10.9192 0.919238 0
    endloop
  endfacet
  facet normal -0.659493 -0.75171 0
    outer loop
      vertex 10.9192 0.919238 -1.08076
      vertex 10.7914 1.03136 0
      vertex 10.7914 1.03136 -1.20861
    endloop
  endfacet
  facet normal -0.659493 -0.75171 0
    outer loop
      vertex 10.7914 1.03136 -4
      vertex 10.9192 0.919238 -2.91924
      vertex 10.7914 1.03136 -2.79139
    endloop
  endfacet
  facet normal -0.659493 -0.75171 -0
    outer loop
      vertex 10.9192 0.919238 -2.91924
      vertex 10.7914 1.03136 -4
      vertex 10.9192 0.919238 -4
    endloop
  endfacet
  facet normal 0.442291 -0.896872 0
    outer loop
      vertex 9.35 1.12583 -1.35
      vertex 9.50251 1.20104 0
      vertex 9.35 1.12583 0
    endloop
  endfacet
  facet normal 0.442291 -0.896872 0
    outer loop
      vertex 9.50251 1.20104 0
      vertex 9.35 1.12583 -1.35
      vertex 9.50251 1.20104 -1.50251
    endloop
  endfacet
  facet normal 0.442291 -0.896872 0
    outer loop
      vertex 9.50251 1.20104 -4
      vertex 9.35 1.12583 -2.65
      vertex 9.35 1.12583 -4
    endloop
  endfacet
  facet normal 0.442291 -0.896872 0
    outer loop
      vertex 9.35 1.12583 -2.65
      vertex 9.50251 1.20104 -4
      vertex 9.50251 1.20104 -2.49749
    endloop
  endfacet
  facet normal -0.321481 -0.946916 0
    outer loop
      vertex 10.3365 1.2557 0
      vertex 10.4975 1.20104 -1.50251
      vertex 10.4975 1.20104 0
    endloop
  endfacet
  facet normal -0.321481 -0.946916 0
    outer loop
      vertex 10.4975 1.20104 -1.50251
      vertex 10.3365 1.2557 0
      vertex 10.3365 1.2557 -1.66354
    endloop
  endfacet
  facet normal -0.321481 -0.946916 0
    outer loop
      vertex 10.3365 1.2557 -4
      vertex 10.4975 1.20104 -2.49749
      vertex 10.3365 1.2557 -2.33646
    endloop
  endfacet
  facet normal -0.321481 -0.946916 -0
    outer loop
      vertex 10.4975 1.20104 -2.49749
      vertex 10.3365 1.2557 -4
      vertex 10.4975 1.20104 -4
    endloop
  endfacet
  facet normal 0.831478 0.555558 0
    outer loop
      vertex 8.96864 -0.791389 0
      vertex 8.87417 -0.65 -0.874167
      vertex 8.87417 -0.65 0
    endloop
  endfacet
  facet normal 0.831478 0.555558 0
    outer loop
      vertex 8.87417 -0.65 -0.874167
      vertex 8.96864 -0.791389 0
      vertex 8.96864 -0.791389 -0.968641
    endloop
  endfacet
  facet normal 0.831478 0.555558 -0
    outer loop
      vertex 8.96864 -0.791389 -4
      vertex 8.87417 -0.65 -3.12583
      vertex 8.96864 -0.791389 -3.03136
    endloop
  endfacet
  facet normal 0.831478 0.555558 0
    outer loop
      vertex 8.87417 -0.65 -3.12583
      vertex 8.96864 -0.791389 -4
      vertex 8.87417 -0.65 -4
    endloop
  endfacet
  facet normal -0.555528 -0.831498 0
    outer loop
      vertex 10.65 1.12583 0
      vertex 10.7914 1.03136 -1.20861
      vertex 10.7914 1.03136 0
    endloop
  endfacet
  facet normal -0.555528 -0.831498 0
    outer loop
      vertex 10.7914 1.03136 -1.20861
      vertex 10.65 1.12583 0
      vertex 10.65 1.12583 -1.35
    endloop
  endfacet
  facet normal -0.555528 -0.831498 0
    outer loop
      vertex 10.65 1.12583 -4
      vertex 10.7914 1.03136 -2.79139
      vertex 10.65 1.12583 -2.65
    endloop
  endfacet
  facet normal -0.555528 -0.831498 -0
    outer loop
      vertex 10.7914 1.03136 -2.79139
      vertex 10.65 1.12583 -4
      vertex 10.7914 1.03136 -4
    endloop
  endfacet
  facet normal 0.946931 0.321438 0
    outer loop
      vertex 8.79896 -0.497488 0
      vertex 8.7443 -0.336464 -0.744297
      vertex 8.7443 -0.336464 0
    endloop
  endfacet
  facet normal 0.946931 0.321438 0
    outer loop
      vertex 8.7443 -0.336464 -0.744297
      vertex 8.79896 -0.497488 0
      vertex 8.79896 -0.497488 -0.798957
    endloop
  endfacet
  facet normal 0.946931 0.321438 -0
    outer loop
      vertex 8.79896 -0.497488 -4
      vertex 8.7443 -0.336464 -3.2557
      vertex 8.79896 -0.497488 -3.20104
    endloop
  endfacet
  facet normal 0.946931 0.321438 0
    outer loop
      vertex 8.7443 -0.336464 -3.2557
      vertex 8.79896 -0.497488 -4
      vertex 8.7443 -0.336464 -4
    endloop
  endfacet
  facet normal -0.195098 0.980784 0
    outer loop
      vertex 10.3365 -1.2557 -1.66354
      vertex 10.1697 -1.28888 0
      vertex 10.3365 -1.2557 0
    endloop
  endfacet
  facet normal -0.195098 0.980784 0
    outer loop
      vertex 10.1697 -1.28888 0
      vertex 10.3365 -1.2557 -1.66354
      vertex 10.1697 -1.28888 -1.83032
    endloop
  endfacet
  facet normal -0.195098 0.980784 0
    outer loop
      vertex 10.1697 -1.28888 -4
      vertex 10.3365 -1.2557 -2.33646
      vertex 10.3365 -1.2557 -4
    endloop
  endfacet
  facet normal -0.195098 0.980784 0
    outer loop
      vertex 10.3365 -1.2557 -2.33646
      vertex 10.1697 -1.28888 -4
      vertex 10.1697 -1.28888 -2.16968
    endloop
  endfacet
  facet normal -0.0653872 -0.99786 0
    outer loop
      vertex 10 1.3 0
      vertex 10.1697 1.28888 -1.83032
      vertex 10.1697 1.28888 0
    endloop
  endfacet
  facet normal -0.0653872 -0.99786 0
    outer loop
      vertex 10.1697 1.28888 -1.83032
      vertex 10 1.3 0
      vertex 10 1.3 -2
    endloop
  endfacet
  facet normal -0.0653872 -0.99786 0
    outer loop
      vertex 10 1.3 -4
      vertex 10.1697 1.28888 -2.16968
      vertex 10 1.3 -2
    endloop
  endfacet
  facet normal -0.0653872 -0.99786 -0
    outer loop
      vertex 10.1697 1.28888 -2.16968
      vertex 10 1.3 -4
      vertex 10.1697 1.28888 -4
    endloop
  endfacet
  facet normal 0.555555 -0.83148 0
    outer loop
      vertex 9.20861 1.03136 -1.20861
      vertex 9.35 1.12583 0
      vertex 9.20861 1.03136 0
    endloop
  endfacet
  facet normal 0.555555 -0.83148 0
    outer loop
      vertex 9.35 1.12583 0
      vertex 9.20861 1.03136 -1.20861
      vertex 9.35 1.12583 -1.35
    endloop
  endfacet
  facet normal 0.555555 -0.83148 0
    outer loop
      vertex 9.35 1.12583 -4
      vertex 9.20861 1.03136 -2.79139
      vertex 9.20861 1.03136 -4
    endloop
  endfacet
  facet normal 0.555555 -0.83148 0
    outer loop
      vertex 9.20861 1.03136 -2.79139
      vertex 9.35 1.12583 -4
      vertex 9.35 1.12583 -2.65
    endloop
  endfacet
  facet normal -0.321481 0.946916 0
    outer loop
      vertex 10.4975 -1.20104 -1.50251
      vertex 10.3365 -1.2557 0
      vertex 10.4975 -1.20104 0
    endloop
  endfacet
  facet normal -0.321481 0.946916 0
    outer loop
      vertex 10.3365 -1.2557 0
      vertex 10.4975 -1.20104 -1.50251
      vertex 10.3365 -1.2557 -1.66354
    endloop
  endfacet
  facet normal -0.321481 0.946916 0
    outer loop
      vertex 10.3365 -1.2557 -4
      vertex 10.4975 -1.20104 -2.49749
      vertex 10.4975 -1.20104 -4
    endloop
  endfacet
  facet normal -0.321481 0.946916 0
    outer loop
      vertex 10.4975 -1.20104 -2.49749
      vertex 10.3365 -1.2557 -4
      vertex 10.3365 -1.2557 -2.33646
    endloop
  endfacet
  facet normal 0.321427 0.946934 0
    outer loop
      vertex 9.66354 -1.2557 0
      vertex 9.50251 -1.20104 -1.50251
      vertex 9.50251 -1.20104 0
    endloop
  endfacet
  facet normal 0.321427 0.946934 0
    outer loop
      vertex 9.50251 -1.20104 -1.50251
      vertex 9.66354 -1.2557 0
      vertex 9.66354 -1.2557 -1.66354
    endloop
  endfacet
  facet normal 0.321427 0.946934 -0
    outer loop
      vertex 9.66354 -1.2557 -4
      vertex 9.50251 -1.20104 -2.49749
      vertex 9.66354 -1.2557 -2.33646
    endloop
  endfacet
  facet normal 0.321427 0.946934 0
    outer loop
      vertex 9.50251 -1.20104 -2.49749
      vertex 9.66354 -1.2557 -4
      vertex 9.50251 -1.20104 -4
    endloop
  endfacet
  facet normal 0.896874 0.442286 0
    outer loop
      vertex 8.87417 -0.65 0
      vertex 8.79896 -0.497488 -0.798957
      vertex 8.79896 -0.497488 0
    endloop
  endfacet
  facet normal 0.896874 0.442286 0
    outer loop
      vertex 8.79896 -0.497488 -0.798957
      vertex 8.87417 -0.65 0
      vertex 8.87417 -0.65 -0.874167
    endloop
  endfacet
  facet normal 0.896874 0.442286 -0
    outer loop
      vertex 8.87417 -0.65 -4
      vertex 8.79896 -0.497488 -3.20104
      vertex 8.87417 -0.65 -3.12583
    endloop
  endfacet
  facet normal 0.896874 0.442286 0
    outer loop
      vertex 8.79896 -0.497488 -3.20104
      vertex 8.87417 -0.65 -4
      vertex 8.79896 -0.497488 -4
    endloop
  endfacet
  facet normal -0.0653872 0.99786 0
    outer loop
      vertex 10.1697 -1.28888 -1.83032
      vertex 10 -1.3 0
      vertex 10.1697 -1.28888 0
    endloop
  endfacet
  facet normal -0.0653872 0.99786 0
    outer loop
      vertex 10 -1.3 0
      vertex 10.1697 -1.28888 -1.83032
      vertex 10 -1.3 -2
    endloop
  endfacet
  facet normal -0.0653872 0.99786 0
    outer loop
      vertex 10 -1.3 -4
      vertex 10.1697 -1.28888 -2.16968
      vertex 10.1697 -1.28888 -4
    endloop
  endfacet
  facet normal -0.0653872 0.99786 0
    outer loop
      vertex 10.1697 -1.28888 -2.16968
      vertex 10 -1.3 -4
      vertex 10 -1.3 -2
    endloop
  endfacet
  facet normal 0.659348 -0.751838 0
    outer loop
      vertex 9.08076 0.919238 -1.08076
      vertex 9.20861 1.03136 0
      vertex 9.08076 0.919238 0
    endloop
  endfacet
  facet normal 0.659348 -0.751838 0
    outer loop
      vertex 9.20861 1.03136 0
      vertex 9.08076 0.919238 -1.08076
      vertex 9.20861 1.03136 -1.20861
    endloop
  endfacet
  facet normal 0.659348 -0.751838 0
    outer loop
      vertex 9.20861 1.03136 -4
      vertex 9.08076 0.919238 -2.91924
      vertex 9.08076 0.919238 -4
    endloop
  endfacet
  facet normal 0.659348 -0.751838 0
    outer loop
      vertex 9.08076 0.919238 -2.91924
      vertex 9.20861 1.03136 -4
      vertex 9.20861 1.03136 -2.79139
    endloop
  endfacet
  facet normal -0.980757 -0.195233 0
    outer loop
      vertex 11.2889 0.169683 -0.711123
      vertex 11.2557 0.336464 0
      vertex 11.2557 0.336464 -0.744297
    endloop
  endfacet
  facet normal -0.980757 -0.195233 0
    outer loop
      vertex 11.2557 0.336464 0
      vertex 11.2889 0.169683 -0.711123
      vertex 11.2889 0.169683 0
    endloop
  endfacet
  facet normal -0.980757 -0.195233 -0
    outer loop
      vertex 11.2889 0.169683 -3.28888
      vertex 11.2557 0.336464 -4
      vertex 11.2889 0.169683 -4
    endloop
  endfacet
  facet normal -0.980757 -0.195233 0
    outer loop
      vertex 11.2557 0.336464 -4
      vertex 11.2889 0.169683 -3.28888
      vertex 11.2557 0.336464 -3.2557
    endloop
  endfacet
  facet normal 0.659348 0.751838 0
    outer loop
      vertex 9.20861 -1.03136 0
      vertex 9.08076 -0.919238 -1.08076
      vertex 9.08076 -0.919238 0
    endloop
  endfacet
  facet normal 0.659348 0.751838 0
    outer loop
      vertex 9.08076 -0.919238 -1.08076
      vertex 9.20861 -1.03136 0
      vertex 9.20861 -1.03136 -1.20861
    endloop
  endfacet
  facet normal 0.659348 0.751838 -0
    outer loop
      vertex 9.20861 -1.03136 -4
      vertex 9.08076 -0.919238 -2.91924
      vertex 9.20861 -1.03136 -2.79139
    endloop
  endfacet
  facet normal 0.659348 0.751838 0
    outer loop
      vertex 9.08076 -0.919238 -2.91924
      vertex 9.20861 -1.03136 -4
      vertex 9.08076 -0.919238 -4
    endloop
  endfacet
  facet normal 0.980779 -0.19512 0
    outer loop
      vertex 8.71112 0.169683 -0.711123
      vertex 8.7443 0.336464 0
      vertex 8.71112 0.169683 0
    endloop
  endfacet
  facet normal 0.980779 -0.19512 0
    outer loop
      vertex 8.7443 0.336464 0
      vertex 8.71112 0.169683 -0.711123
      vertex 8.7443 0.336464 -0.744297
    endloop
  endfacet
  facet normal 0.980779 -0.19512 0
    outer loop
      vertex 8.71112 0.169683 -3.28888
      vertex 8.7443 0.336464 -4
      vertex 8.7443 0.336464 -3.2557
    endloop
  endfacet
  facet normal 0.980779 -0.19512 0
    outer loop
      vertex 8.7443 0.336464 -4
      vertex 8.71112 0.169683 -3.28888
      vertex 8.71112 0.169683 -4
    endloop
  endfacet
  facet normal -0.751608 -0.65961 0
    outer loop
      vertex 11.0314 0.791389 -0.968641
      vertex 10.9192 0.919238 0
      vertex 10.9192 0.919238 -1.08076
    endloop
  endfacet
  facet normal -0.751608 -0.65961 0
    outer loop
      vertex 10.9192 0.919238 0
      vertex 11.0314 0.791389 -0.968641
      vertex 11.0314 0.791389 0
    endloop
  endfacet
  facet normal -0.751608 -0.65961 -0
    outer loop
      vertex 11.0314 0.791389 -3.03136
      vertex 10.9192 0.919238 -4
      vertex 11.0314 0.791389 -4
    endloop
  endfacet
  facet normal -0.751608 -0.65961 0
    outer loop
      vertex 10.9192 0.919238 -4
      vertex 11.0314 0.791389 -3.03136
      vertex 10.9192 0.919238 -2.91924
    endloop
  endfacet
  facet normal 0.442291 0.896872 0
    outer loop
      vertex 9.50251 -1.20104 0
      vertex 9.35 -1.12583 -1.35
      vertex 9.35 -1.12583 0
    endloop
  endfacet
  facet normal 0.442291 0.896872 0
    outer loop
      vertex 9.35 -1.12583 -1.35
      vertex 9.50251 -1.20104 0
      vertex 9.50251 -1.20104 -1.50251
    endloop
  endfacet
  facet normal 0.442291 0.896872 -0
    outer loop
      vertex 9.50251 -1.20104 -4
      vertex 9.35 -1.12583 -2.65
      vertex 9.50251 -1.20104 -2.49749
    endloop
  endfacet
  facet normal 0.442291 0.896872 0
    outer loop
      vertex 9.35 -1.12583 -2.65
      vertex 9.50251 -1.20104 -4
      vertex 9.35 -1.12583 -4
    endloop
  endfacet
  facet normal -0.751608 0.65961 0
    outer loop
      vertex 10.9192 -0.919238 0
      vertex 11.0314 -0.791389 -0.968641
      vertex 10.9192 -0.919238 -1.08076
    endloop
  endfacet
  facet normal -0.751608 0.65961 0
    outer loop
      vertex 11.0314 -0.791389 -0.968641
      vertex 10.9192 -0.919238 0
      vertex 11.0314 -0.791389 0
    endloop
  endfacet
  facet normal -0.751608 0.65961 0
    outer loop
      vertex 10.9192 -0.919238 -4
      vertex 11.0314 -0.791389 -3.03136
      vertex 11.0314 -0.791389 -4
    endloop
  endfacet
  facet normal -0.751608 0.65961 0
    outer loop
      vertex 11.0314 -0.791389 -3.03136
      vertex 10.9192 -0.919238 -4
      vertex 10.9192 -0.919238 -2.91924
    endloop
  endfacet
  facet normal -0.555528 0.831498 0
    outer loop
      vertex 10.7914 -1.03136 -1.20861
      vertex 10.65 -1.12583 0
      vertex 10.7914 -1.03136 0
    endloop
  endfacet
  facet normal -0.555528 0.831498 0
    outer loop
      vertex 10.65 -1.12583 0
      vertex 10.7914 -1.03136 -1.20861
      vertex 10.65 -1.12583 -1.35
    endloop
  endfacet
  facet normal -0.555528 0.831498 0
    outer loop
      vertex 10.65 -1.12583 -4
      vertex 10.7914 -1.03136 -2.79139
      vertex 10.7914 -1.03136 -4
    endloop
  endfacet
  facet normal -0.555528 0.831498 0
    outer loop
      vertex 10.7914 -1.03136 -2.79139
      vertex 10.65 -1.12583 -4
      vertex 10.65 -1.12583 -2.65
    endloop
  endfacet
  facet normal -0.195098 -0.980784 0
    outer loop
      vertex 10.1697 1.28888 0
      vertex 10.3365 1.2557 -1.66354
      vertex 10.3365 1.2557 0
    endloop
  endfacet
  facet normal -0.195098 -0.980784 0
    outer loop
      vertex 10.3365 1.2557 -1.66354
      vertex 10.1697 1.28888 0
      vertex 10.1697 1.28888 -1.83032
    endloop
  endfacet
  facet normal -0.195098 -0.980784 0
    outer loop
      vertex 10.1697 1.28888 -4
      vertex 10.3365 1.2557 -2.33646
      vertex 10.1697 1.28888 -2.16968
    endloop
  endfacet
  facet normal -0.195098 -0.980784 -0
    outer loop
      vertex 10.3365 1.2557 -2.33646
      vertex 10.1697 1.28888 -4
      vertex 10.3365 1.2557 -4
    endloop
  endfacet
  facet normal -0.946859 -0.321649 0
    outer loop
      vertex 11.2557 0.336464 -0.744297
      vertex 11.201 0.497488 0
      vertex 11.201 0.497488 -0.798957
    endloop
  endfacet
  facet normal -0.946859 -0.321649 0
    outer loop
      vertex 11.201 0.497488 0
      vertex 11.2557 0.336464 -0.744297
      vertex 11.2557 0.336464 0
    endloop
  endfacet
  facet normal -0.946859 -0.321649 -0
    outer loop
      vertex 11.2557 0.336464 -3.2557
      vertex 11.201 0.497488 -4
      vertex 11.2557 0.336464 -4
    endloop
  endfacet
  facet normal -0.946859 -0.321649 0
    outer loop
      vertex 11.201 0.497488 -4
      vertex 11.2557 0.336464 -3.2557
      vertex 11.201 0.497488 -3.20104
    endloop
  endfacet
  facet normal -0.997867 0.0652766 0
    outer loop
      vertex 11.2889 -0.169683 0
      vertex 11.3 0 -0.700001
      vertex 11.2889 -0.169683 -0.711123
    endloop
  endfacet
  facet normal -0.997867 0.0652766 0
    outer loop
      vertex 11.3 0 -0.700001
      vertex 11.2889 -0.169683 0
      vertex 11.3 0 0
    endloop
  endfacet
  facet normal -0.997867 0.0652766 0
    outer loop
      vertex 11.2889 -0.169683 -4
      vertex 11.3 0 -3.3
      vertex 11.3 0 -4
    endloop
  endfacet
  facet normal -0.997867 0.0652766 0
    outer loop
      vertex 11.3 0 -3.3
      vertex 11.2889 -0.169683 -4
      vertex 11.2889 -0.169683 -3.28888
    endloop
  endfacet
  facet normal 0.0653948 -0.997859 0
    outer loop
      vertex 10 1.3 -4
      vertex 9.83032 1.28888 -2.16968
      vertex 9.83032 1.28888 -4
    endloop
  endfacet
  facet normal 0.0653948 -0.997859 0
    outer loop
      vertex 9.83032 1.28888 -2.16968
      vertex 10 1.3 -4
      vertex 10 1.3 -2
    endloop
  endfacet
  facet normal 0.0653948 -0.997859 0
    outer loop
      vertex 9.83032 1.28888 -1.83032
      vertex 10 1.3 0
      vertex 9.83032 1.28888 0
    endloop
  endfacet
  facet normal 0.0653948 -0.997859 0
    outer loop
      vertex 10 1.3 0
      vertex 9.83032 1.28888 -1.83032
      vertex 10 1.3 -2
    endloop
  endfacet
  facet normal 0.99786 0.0653937 0
    outer loop
      vertex 8.71112 -0.169683 0
      vertex 8.7 0 -0.700001
      vertex 8.7 0 0
    endloop
  endfacet
  facet normal 0.99786 0.0653937 0
    outer loop
      vertex 8.7 0 -0.700001
      vertex 8.71112 -0.169683 0
      vertex 8.71112 -0.169683 -0.711123
    endloop
  endfacet
  facet normal 0.99786 0.0653937 -0
    outer loop
      vertex 8.71112 -0.169683 -4
      vertex 8.7 0 -3.3
      vertex 8.71112 -0.169683 -3.28888
    endloop
  endfacet
  facet normal 0.99786 0.0653937 0
    outer loop
      vertex 8.7 0 -3.3
      vertex 8.71112 -0.169683 -4
      vertex 8.7 0 -4
    endloop
  endfacet
  facet normal 0.195121 0.980779 0
    outer loop
      vertex 9.83032 -1.28888 0
      vertex 9.66354 -1.2557 -1.66354
      vertex 9.66354 -1.2557 0
    endloop
  endfacet
  facet normal 0.195121 0.980779 0
    outer loop
      vertex 9.66354 -1.2557 -1.66354
      vertex 9.83032 -1.28888 0
      vertex 9.83032 -1.28888 -1.83032
    endloop
  endfacet
  facet normal 0.195121 0.980779 -0
    outer loop
      vertex 9.83032 -1.28888 -4
      vertex 9.66354 -1.2557 -2.33646
      vertex 9.83032 -1.28888 -2.16968
    endloop
  endfacet
  facet normal 0.195121 0.980779 0
    outer loop
      vertex 9.66354 -1.2557 -2.33646
      vertex 9.83032 -1.28888 -4
      vertex 9.66354 -1.2557 -4
    endloop
  endfacet
  facet normal -0.896897 -0.442239 0
    outer loop
      vertex 11.201 0.497488 -0.798957
      vertex 11.1258 0.65 0
      vertex 11.1258 0.65 -0.874167
    endloop
  endfacet
  facet normal -0.896897 -0.442239 0
    outer loop
      vertex 11.1258 0.65 0
      vertex 11.201 0.497488 -0.798957
      vertex 11.201 0.497488 0
    endloop
  endfacet
  facet normal -0.896897 -0.442239 -0
    outer loop
      vertex 11.201 0.497488 -3.20104
      vertex 11.1258 0.65 -4
      vertex 11.201 0.497488 -4
    endloop
  endfacet
  facet normal -0.896897 -0.442239 0
    outer loop
      vertex 11.1258 0.65 -4
      vertex 11.201 0.497488 -3.20104
      vertex 11.1258 0.65 -3.12583
    endloop
  endfacet
  facet normal -0.997867 -0.0652766 0
    outer loop
      vertex 11.3 0 -0.700001
      vertex 11.2889 0.169683 0
      vertex 11.2889 0.169683 -0.711123
    endloop
  endfacet
  facet normal -0.997867 -0.0652766 0
    outer loop
      vertex 11.2889 0.169683 0
      vertex 11.3 0 -0.700001
      vertex 11.3 0 0
    endloop
  endfacet
  facet normal -0.997867 -0.0652766 -0
    outer loop
      vertex 11.3 0 -3.3
      vertex 11.2889 0.169683 -4
      vertex 11.3 0 -4
    endloop
  endfacet
  facet normal -0.997867 -0.0652766 0
    outer loop
      vertex 11.2889 0.169683 -4
      vertex 11.3 0 -3.3
      vertex 11.2889 0.169683 -3.28888
    endloop
  endfacet
  facet normal -0.659493 0.75171 0
    outer loop
      vertex 10.9192 -0.919238 -1.08076
      vertex 10.7914 -1.03136 0
      vertex 10.9192 -0.919238 0
    endloop
  endfacet
  facet normal -0.659493 0.75171 0
    outer loop
      vertex 10.7914 -1.03136 0
      vertex 10.9192 -0.919238 -1.08076
      vertex 10.7914 -1.03136 -1.20861
    endloop
  endfacet
  facet normal -0.659493 0.75171 0
    outer loop
      vertex 10.7914 -1.03136 -4
      vertex 10.9192 -0.919238 -2.91924
      vertex 10.9192 -0.919238 -4
    endloop
  endfacet
  facet normal -0.659493 0.75171 0
    outer loop
      vertex 10.9192 -0.919238 -2.91924
      vertex 10.7914 -1.03136 -4
      vertex 10.7914 -1.03136 -2.79139
    endloop
  endfacet
  facet normal 0.751841 0.659344 0
    outer loop
      vertex 9.08076 -0.919238 0
      vertex 8.96864 -0.791389 -0.968641
      vertex 8.96864 -0.791389 0
    endloop
  endfacet
  facet normal 0.751841 0.659344 0
    outer loop
      vertex 8.96864 -0.791389 -0.968641
      vertex 9.08076 -0.919238 0
      vertex 9.08076 -0.919238 -1.08076
    endloop
  endfacet
  facet normal 0.751841 0.659344 -0
    outer loop
      vertex 9.08076 -0.919238 -4
      vertex 8.96864 -0.791389 -3.03136
      vertex 9.08076 -0.919238 -2.91924
    endloop
  endfacet
  facet normal 0.751841 0.659344 0
    outer loop
      vertex 8.96864 -0.791389 -3.03136
      vertex 9.08076 -0.919238 -4
      vertex 8.96864 -0.791389 -4
    endloop
  endfacet
  facet normal -0.896897 0.442239 0
    outer loop
      vertex 11.1258 -0.65 0
      vertex 11.201 -0.497488 -0.798957
      vertex 11.1258 -0.65 -0.874167
    endloop
  endfacet
  facet normal -0.896897 0.442239 0
    outer loop
      vertex 11.201 -0.497488 -0.798957
      vertex 11.1258 -0.65 0
      vertex 11.201 -0.497488 0
    endloop
  endfacet
  facet normal -0.896897 0.442239 0
    outer loop
      vertex 11.1258 -0.65 -4
      vertex 11.201 -0.497488 -3.20104
      vertex 11.201 -0.497488 -4
    endloop
  endfacet
  facet normal -0.896897 0.442239 0
    outer loop
      vertex 11.201 -0.497488 -3.20104
      vertex 11.1258 -0.65 -4
      vertex 11.1258 -0.65 -3.12583
    endloop
  endfacet
  facet normal 0.555555 0.83148 0
    outer loop
      vertex 9.35 -1.12583 0
      vertex 9.20861 -1.03136 -1.20861
      vertex 9.20861 -1.03136 0
    endloop
  endfacet
  facet normal 0.555555 0.83148 0
    outer loop
      vertex 9.20861 -1.03136 -1.20861
      vertex 9.35 -1.12583 0
      vertex 9.35 -1.12583 -1.35
    endloop
  endfacet
  facet normal 0.555555 0.83148 -0
    outer loop
      vertex 9.35 -1.12583 -4
      vertex 9.20861 -1.03136 -2.79139
      vertex 9.35 -1.12583 -2.65
    endloop
  endfacet
  facet normal 0.555555 0.83148 0
    outer loop
      vertex 9.20861 -1.03136 -2.79139
      vertex 9.35 -1.12583 -4
      vertex 9.20861 -1.03136 -4
    endloop
  endfacet
  facet normal 0.321427 -0.946934 0
    outer loop
      vertex 9.50251 1.20104 -1.50251
      vertex 9.66354 1.2557 0
      vertex 9.50251 1.20104 0
    endloop
  endfacet
  facet normal 0.321427 -0.946934 0
    outer loop
      vertex 9.66354 1.2557 0
      vertex 9.50251 1.20104 -1.50251
      vertex 9.66354 1.2557 -1.66354
    endloop
  endfacet
  facet normal 0.321427 -0.946934 0
    outer loop
      vertex 9.66354 1.2557 -4
      vertex 9.50251 1.20104 -2.49749
      vertex 9.50251 1.20104 -4
    endloop
  endfacet
  facet normal 0.321427 -0.946934 0
    outer loop
      vertex 9.50251 1.20104 -2.49749
      vertex 9.66354 1.2557 -4
      vertex 9.66354 1.2557 -2.33646
    endloop
  endfacet
  facet normal -0.442314 0.89686 0
    outer loop
      vertex 10.65 -1.12583 -1.35
      vertex 10.4975 -1.20104 0
      vertex 10.65 -1.12583 0
    endloop
  endfacet
  facet normal -0.442314 0.89686 0
    outer loop
      vertex 10.4975 -1.20104 0
      vertex 10.65 -1.12583 -1.35
      vertex 10.4975 -1.20104 -1.50251
    endloop
  endfacet
  facet normal -0.442314 0.89686 0
    outer loop
      vertex 10.4975 -1.20104 -4
      vertex 10.65 -1.12583 -2.65
      vertex 10.65 -1.12583 -4
    endloop
  endfacet
  facet normal -0.442314 0.89686 0
    outer loop
      vertex 10.65 -1.12583 -2.65
      vertex 10.4975 -1.20104 -4
      vertex 10.4975 -1.20104 -2.49749
    endloop
  endfacet
  facet normal -0.831668 0.555273 0
    outer loop
      vertex 11.0314 -0.791389 0
      vertex 11.1258 -0.65 -0.874167
      vertex 11.0314 -0.791389 -0.968641
    endloop
  endfacet
  facet normal -0.831668 0.555273 0
    outer loop
      vertex 11.1258 -0.65 -0.874167
      vertex 11.0314 -0.791389 0
      vertex 11.1258 -0.65 0
    endloop
  endfacet
  facet normal -0.831668 0.555273 0
    outer loop
      vertex 11.0314 -0.791389 -4
      vertex 11.1258 -0.65 -3.12583
      vertex 11.1258 -0.65 -4
    endloop
  endfacet
  facet normal -0.831668 0.555273 0
    outer loop
      vertex 11.1258 -0.65 -3.12583
      vertex 11.0314 -0.791389 -4
      vertex 11.0314 -0.791389 -3.03136
    endloop
  endfacet
  facet normal -0.659341 -0.751844 0
    outer loop
      vertex -4.20861 -7.62889 -4
      vertex -4.08076 -7.74101 0
      vertex -4.20861 -7.62889 0
    endloop
  endfacet
  facet normal -0.659341 -0.751844 -0
    outer loop
      vertex -4.08076 -7.74101 0
      vertex -4.20861 -7.62889 -4
      vertex -4.08076 -7.74101 -4
    endloop
  endfacet
  facet normal -0.555555 -0.83148 0
    outer loop
      vertex -4.35 -7.53442 -4
      vertex -4.20861 -7.62889 0
      vertex -4.35 -7.53442 0
    endloop
  endfacet
  facet normal -0.555555 -0.83148 -0
    outer loop
      vertex -4.20861 -7.62889 0
      vertex -4.35 -7.53442 -4
      vertex -4.20861 -7.62889 -4
    endloop
  endfacet
  facet normal -0.0654534 -0.997856 0
    outer loop
      vertex -5 -7.36025 -4
      vertex -4.83032 -7.37138 0
      vertex -5 -7.36025 0
    endloop
  endfacet
  facet normal -0.0654534 -0.997856 -0
    outer loop
      vertex -4.83032 -7.37138 0
      vertex -5 -7.36025 -4
      vertex -4.83032 -7.37138 -4
    endloop
  endfacet
  facet normal 0.195064 0.98079 -0
    outer loop
      vertex -5.16968 -9.94913 -4
      vertex -5.33646 -9.91596 0
      vertex -5.16968 -9.94913 0
    endloop
  endfacet
  facet normal 0.195064 0.98079 0
    outer loop
      vertex -5.33646 -9.91596 0
      vertex -5.16968 -9.94913 -4
      vertex -5.33646 -9.91596 -4
    endloop
  endfacet
  facet normal -0.896883 -0.442267 0
    outer loop
      vertex -3.79896 -8.16277 -4
      vertex -3.87417 -8.01025 0
      vertex -3.87417 -8.01025 -4
    endloop
  endfacet
  facet normal -0.896883 -0.442267 0
    outer loop
      vertex -3.87417 -8.01025 0
      vertex -3.79896 -8.16277 -4
      vertex -3.79896 -8.16277 0
    endloop
  endfacet
  facet normal 0.195064 -0.98079 0
    outer loop
      vertex -5.33646 -7.40455 -4
      vertex -5.16968 -7.37138 0
      vertex -5.33646 -7.40455 0
    endloop
  endfacet
  facet normal 0.195064 -0.98079 0
    outer loop
      vertex -5.16968 -7.37138 0
      vertex -5.33646 -7.40455 -4
      vertex -5.16968 -7.37138 -4
    endloop
  endfacet
  facet normal -0.980779 0.195121 0
    outer loop
      vertex -3.7443 -8.99672 -4
      vertex -3.71112 -8.82994 0
      vertex -3.71112 -8.82994 -4
    endloop
  endfacet
  facet normal -0.980779 0.195121 0
    outer loop
      vertex -3.71112 -8.82994 0
      vertex -3.7443 -8.99672 -4
      vertex -3.7443 -8.99672 0
    endloop
  endfacet
  facet normal 0.321427 -0.946934 0
    outer loop
      vertex -5.49749 -7.45921 -4
      vertex -5.33646 -7.40455 0
      vertex -5.49749 -7.45921 0
    endloop
  endfacet
  facet normal 0.321427 -0.946934 0
    outer loop
      vertex -5.33646 -7.40455 0
      vertex -5.49749 -7.45921 -4
      vertex -5.33646 -7.40455 -4
    endloop
  endfacet
  facet normal 0.946928 -0.321445 0
    outer loop
      vertex -6.2557 -8.32379 0
      vertex -6.20104 -8.16277 -4
      vertex -6.20104 -8.16277 0
    endloop
  endfacet
  facet normal 0.946928 -0.321445 0
    outer loop
      vertex -6.20104 -8.16277 -4
      vertex -6.2557 -8.32379 0
      vertex -6.2557 -8.32379 -4
    endloop
  endfacet
  facet normal 0.751844 -0.659341 0
    outer loop
      vertex -6.03136 -7.86886 0
      vertex -5.91924 -7.74101 -4
      vertex -5.91924 -7.74101 0
    endloop
  endfacet
  facet normal 0.751844 -0.659341 0
    outer loop
      vertex -5.91924 -7.74101 -4
      vertex -6.03136 -7.86886 0
      vertex -6.03136 -7.86886 -4
    endloop
  endfacet
  facet normal -0.83148 -0.555555 0
    outer loop
      vertex -3.87417 -8.01025 -4
      vertex -3.96864 -7.86886 0
      vertex -3.96864 -7.86886 -4
    endloop
  endfacet
  facet normal -0.83148 -0.555555 0
    outer loop
      vertex -3.96864 -7.86886 0
      vertex -3.87417 -8.01025 -4
      vertex -3.87417 -8.01025 0
    endloop
  endfacet
  facet normal -0.980779 -0.195121 0
    outer loop
      vertex -3.71112 -8.49057 -4
      vertex -3.7443 -8.32379 0
      vertex -3.7443 -8.32379 -4
    endloop
  endfacet
  facet normal -0.980779 -0.195121 0
    outer loop
      vertex -3.7443 -8.32379 0
      vertex -3.71112 -8.49057 -4
      vertex -3.71112 -8.49057 0
    endloop
  endfacet
  facet normal 0.99786 0.065391 0
    outer loop
      vertex -6.28888 -8.82994 0
      vertex -6.3 -8.66025 -4
      vertex -6.3 -8.66025 0
    endloop
  endfacet
  facet normal 0.99786 0.065391 0
    outer loop
      vertex -6.3 -8.66025 -4
      vertex -6.28888 -8.82994 0
      vertex -6.28888 -8.82994 -4
    endloop
  endfacet
  facet normal -0.751844 0.659341 0
    outer loop
      vertex -4.08076 -9.57949 -4
      vertex -3.96864 -9.45164 0
      vertex -3.96864 -9.45164 -4
    endloop
  endfacet
  facet normal -0.751844 0.659341 0
    outer loop
      vertex -3.96864 -9.45164 0
      vertex -4.08076 -9.57949 -4
      vertex -4.08076 -9.57949 0
    endloop
  endfacet
  facet normal 0.896872 0.442291 0
    outer loop
      vertex -6.12583 -9.31025 0
      vertex -6.20104 -9.15774 -4
      vertex -6.20104 -9.15774 0
    endloop
  endfacet
  facet normal 0.896872 0.442291 0
    outer loop
      vertex -6.20104 -9.15774 -4
      vertex -6.12583 -9.31025 0
      vertex -6.12583 -9.31025 -4
    endloop
  endfacet
  facet normal 0.997859 -0.0653948 0
    outer loop
      vertex -6.3 -8.66025 0
      vertex -6.28888 -8.49057 -4
      vertex -6.28888 -8.49057 0
    endloop
  endfacet
  facet normal 0.997859 -0.0653948 0
    outer loop
      vertex -6.28888 -8.49057 -4
      vertex -6.3 -8.66025 0
      vertex -6.3 -8.66025 -4
    endloop
  endfacet
  facet normal 0.659341 -0.751844 0
    outer loop
      vertex -5.91924 -7.74101 -4
      vertex -5.79139 -7.62889 0
      vertex -5.91924 -7.74101 0
    endloop
  endfacet
  facet normal 0.659341 -0.751844 0
    outer loop
      vertex -5.79139 -7.62889 0
      vertex -5.91924 -7.74101 -4
      vertex -5.79139 -7.62889 -4
    endloop
  endfacet
  facet normal 0.751844 0.659341 0
    outer loop
      vertex -5.91924 -9.57949 0
      vertex -6.03136 -9.45164 -4
      vertex -6.03136 -9.45164 0
    endloop
  endfacet
  facet normal 0.751844 0.659341 0
    outer loop
      vertex -6.03136 -9.45164 -4
      vertex -5.91924 -9.57949 0
      vertex -5.91924 -9.57949 -4
    endloop
  endfacet
  facet normal -0.659341 0.751844 0
    outer loop
      vertex -4.08076 -9.57949 -4
      vertex -4.20861 -9.69161 0
      vertex -4.08076 -9.57949 0
    endloop
  endfacet
  facet normal -0.659341 0.751844 0
    outer loop
      vertex -4.20861 -9.69161 0
      vertex -4.08076 -9.57949 -4
      vertex -4.20861 -9.69161 -4
    endloop
  endfacet
  facet normal 0.659341 0.751844 -0
    outer loop
      vertex -5.79139 -9.69161 -4
      vertex -5.91924 -9.57949 0
      vertex -5.79139 -9.69161 0
    endloop
  endfacet
  facet normal 0.659341 0.751844 0
    outer loop
      vertex -5.91924 -9.57949 0
      vertex -5.79139 -9.69161 -4
      vertex -5.91924 -9.57949 -4
    endloop
  endfacet
  facet normal 0.946928 0.321445 0
    outer loop
      vertex -6.20104 -9.15774 0
      vertex -6.2557 -8.99672 -4
      vertex -6.2557 -8.99672 0
    endloop
  endfacet
  facet normal 0.946928 0.321445 0
    outer loop
      vertex -6.2557 -8.99672 -4
      vertex -6.20104 -9.15774 0
      vertex -6.20104 -9.15774 -4
    endloop
  endfacet
  facet normal -0.195064 -0.98079 0
    outer loop
      vertex -4.83032 -7.37138 -4
      vertex -4.66354 -7.40455 0
      vertex -4.83032 -7.37138 0
    endloop
  endfacet
  facet normal -0.195064 -0.98079 -0
    outer loop
      vertex -4.66354 -7.40455 0
      vertex -4.83032 -7.37138 -4
      vertex -4.66354 -7.40455 -4
    endloop
  endfacet
  facet normal -0.555596 0.831453 0
    outer loop
      vertex -4.20861 -9.69161 -4
      vertex -4.35 -9.78609 0
      vertex -4.20861 -9.69161 0
    endloop
  endfacet
  facet normal -0.555596 0.831453 0
    outer loop
      vertex -4.35 -9.78609 0
      vertex -4.20861 -9.69161 -4
      vertex -4.35 -9.78609 -4
    endloop
  endfacet
  facet normal -0.195064 0.98079 0
    outer loop
      vertex -4.66354 -9.91596 -4
      vertex -4.83032 -9.94913 0
      vertex -4.66354 -9.91596 0
    endloop
  endfacet
  facet normal -0.195064 0.98079 0
    outer loop
      vertex -4.83032 -9.94913 0
      vertex -4.66354 -9.91596 -4
      vertex -4.83032 -9.94913 -4
    endloop
  endfacet
  facet normal -0.997859 -0.0653948 0
    outer loop
      vertex -3.7 -8.66025 -4
      vertex -3.71112 -8.49057 0
      vertex -3.71112 -8.49057 -4
    endloop
  endfacet
  facet normal -0.997859 -0.0653948 0
    outer loop
      vertex -3.71112 -8.49057 0
      vertex -3.7 -8.66025 -4
      vertex -3.7 -8.66025 0
    endloop
  endfacet
  facet normal -0.321427 -0.946934 0
    outer loop
      vertex -4.66354 -7.40455 -4
      vertex -4.50251 -7.45921 0
      vertex -4.66354 -7.40455 0
    endloop
  endfacet
  facet normal -0.321427 -0.946934 -0
    outer loop
      vertex -4.50251 -7.45921 0
      vertex -4.66354 -7.40455 -4
      vertex -4.50251 -7.45921 -4
    endloop
  endfacet
  facet normal -0.442291 -0.896872 0
    outer loop
      vertex -4.50251 -7.45921 -4
      vertex -4.35 -7.53442 0
      vertex -4.50251 -7.45921 0
    endloop
  endfacet
  facet normal -0.442291 -0.896872 -0
    outer loop
      vertex -4.35 -7.53442 0
      vertex -4.50251 -7.45921 -4
      vertex -4.35 -7.53442 -4
    endloop
  endfacet
  facet normal -0.99786 0.065391 0
    outer loop
      vertex -3.71112 -8.82994 -4
      vertex -3.7 -8.66025 0
      vertex -3.7 -8.66025 -4
    endloop
  endfacet
  facet normal -0.99786 0.065391 0
    outer loop
      vertex -3.7 -8.66025 0
      vertex -3.71112 -8.82994 -4
      vertex -3.71112 -8.82994 0
    endloop
  endfacet
  facet normal -0.946928 -0.321445 0
    outer loop
      vertex -3.7443 -8.32379 -4
      vertex -3.79896 -8.16277 0
      vertex -3.79896 -8.16277 -4
    endloop
  endfacet
  facet normal -0.946928 -0.321445 0
    outer loop
      vertex -3.79896 -8.16277 0
      vertex -3.7443 -8.32379 -4
      vertex -3.7443 -8.32379 0
    endloop
  endfacet
  facet normal 0.555555 -0.83148 0
    outer loop
      vertex -5.79139 -7.62889 -4
      vertex -5.65 -7.53442 0
      vertex -5.79139 -7.62889 0
    endloop
  endfacet
  facet normal 0.555555 -0.83148 0
    outer loop
      vertex -5.65 -7.53442 0
      vertex -5.79139 -7.62889 -4
      vertex -5.65 -7.53442 -4
    endloop
  endfacet
  facet normal -0.751844 -0.659341 0
    outer loop
      vertex -3.96864 -7.86886 -4
      vertex -4.08076 -7.74101 0
      vertex -4.08076 -7.74101 -4
    endloop
  endfacet
  facet normal -0.751844 -0.659341 0
    outer loop
      vertex -4.08076 -7.74101 0
      vertex -3.96864 -7.86886 -4
      vertex -3.96864 -7.86886 0
    endloop
  endfacet
  facet normal -0.896872 0.442291 0
    outer loop
      vertex -3.87417 -9.31025 -4
      vertex -3.79896 -9.15774 0
      vertex -3.79896 -9.15774 -4
    endloop
  endfacet
  facet normal -0.896872 0.442291 0
    outer loop
      vertex -3.79896 -9.15774 0
      vertex -3.87417 -9.31025 -4
      vertex -3.87417 -9.31025 0
    endloop
  endfacet
  facet normal 0.0653948 0.997859 -0
    outer loop
      vertex -5 -9.96025 -4
      vertex -5.16968 -9.94913 0
      vertex -5 -9.96025 0
    endloop
  endfacet
  facet normal 0.0653948 0.997859 0
    outer loop
      vertex -5.16968 -9.94913 0
      vertex -5 -9.96025 -4
      vertex -5.16968 -9.94913 -4
    endloop
  endfacet
  facet normal 0.83148 -0.555555 0
    outer loop
      vertex -6.12583 -8.01025 0
      vertex -6.03136 -7.86886 -4
      vertex -6.03136 -7.86886 0
    endloop
  endfacet
  facet normal 0.83148 -0.555555 0
    outer loop
      vertex -6.03136 -7.86886 -4
      vertex -6.12583 -8.01025 0
      vertex -6.12583 -8.01025 -4
    endloop
  endfacet
  facet normal -0.321427 0.946934 0
    outer loop
      vertex -4.50251 -9.8613 -4
      vertex -4.66354 -9.91596 0
      vertex -4.50251 -9.8613 0
    endloop
  endfacet
  facet normal -0.321427 0.946934 0
    outer loop
      vertex -4.66354 -9.91596 0
      vertex -4.50251 -9.8613 -4
      vertex -4.66354 -9.91596 -4
    endloop
  endfacet
  facet normal -0.442291 0.896872 0
    outer loop
      vertex -4.35 -9.78609 -4
      vertex -4.50251 -9.8613 0
      vertex -4.35 -9.78609 0
    endloop
  endfacet
  facet normal -0.442291 0.896872 0
    outer loop
      vertex -4.50251 -9.8613 0
      vertex -4.35 -9.78609 -4
      vertex -4.50251 -9.8613 -4
    endloop
  endfacet
  facet normal 0.555596 0.831453 -0
    outer loop
      vertex -5.65 -9.78609 -4
      vertex -5.79139 -9.69161 0
      vertex -5.65 -9.78609 0
    endloop
  endfacet
  facet normal 0.555596 0.831453 0
    outer loop
      vertex -5.79139 -9.69161 0
      vertex -5.65 -9.78609 -4
      vertex -5.79139 -9.69161 -4
    endloop
  endfacet
  facet normal 0.0654534 -0.997856 0
    outer loop
      vertex -5.16968 -7.37138 -4
      vertex -5 -7.36025 0
      vertex -5.16968 -7.37138 0
    endloop
  endfacet
  facet normal 0.0654534 -0.997856 0
    outer loop
      vertex -5 -7.36025 0
      vertex -5.16968 -7.37138 -4
      vertex -5 -7.36025 -4
    endloop
  endfacet
  facet normal -0.946928 0.321445 0
    outer loop
      vertex -3.79896 -9.15774 -4
      vertex -3.7443 -8.99672 0
      vertex -3.7443 -8.99672 -4
    endloop
  endfacet
  facet normal -0.946928 0.321445 0
    outer loop
      vertex -3.7443 -8.99672 0
      vertex -3.79896 -9.15774 -4
      vertex -3.79896 -9.15774 0
    endloop
  endfacet
  facet normal 0.83148 0.555555 0
    outer loop
      vertex -6.03136 -9.45164 0
      vertex -6.12583 -9.31025 -4
      vertex -6.12583 -9.31025 0
    endloop
  endfacet
  facet normal 0.83148 0.555555 0
    outer loop
      vertex -6.12583 -9.31025 -4
      vertex -6.03136 -9.45164 0
      vertex -6.03136 -9.45164 -4
    endloop
  endfacet
  facet normal 0.321427 0.946934 -0
    outer loop
      vertex -5.33646 -9.91596 -4
      vertex -5.49749 -9.8613 0
      vertex -5.33646 -9.91596 0
    endloop
  endfacet
  facet normal 0.321427 0.946934 0
    outer loop
      vertex -5.49749 -9.8613 0
      vertex -5.33646 -9.91596 -4
      vertex -5.49749 -9.8613 -4
    endloop
  endfacet
  facet normal 0.442291 0.896872 -0
    outer loop
      vertex -5.49749 -9.8613 -4
      vertex -5.65 -9.78609 0
      vertex -5.49749 -9.8613 0
    endloop
  endfacet
  facet normal 0.442291 0.896872 0
    outer loop
      vertex -5.65 -9.78609 0
      vertex -5.49749 -9.8613 -4
      vertex -5.65 -9.78609 -4
    endloop
  endfacet
  facet normal -0.83148 0.555555 0
    outer loop
      vertex -3.96864 -9.45164 -4
      vertex -3.87417 -9.31025 0
      vertex -3.87417 -9.31025 -4
    endloop
  endfacet
  facet normal -0.83148 0.555555 0
    outer loop
      vertex -3.87417 -9.31025 0
      vertex -3.96864 -9.45164 -4
      vertex -3.96864 -9.45164 0
    endloop
  endfacet
  facet normal 0.896883 -0.442267 0
    outer loop
      vertex -6.20104 -8.16277 0
      vertex -6.12583 -8.01025 -4
      vertex -6.12583 -8.01025 0
    endloop
  endfacet
  facet normal 0.896883 -0.442267 0
    outer loop
      vertex -6.12583 -8.01025 -4
      vertex -6.20104 -8.16277 0
      vertex -6.20104 -8.16277 -4
    endloop
  endfacet
  facet normal 0.442291 -0.896872 0
    outer loop
      vertex -5.65 -7.53442 -4
      vertex -5.49749 -7.45921 0
      vertex -5.65 -7.53442 0
    endloop
  endfacet
  facet normal 0.442291 -0.896872 0
    outer loop
      vertex -5.49749 -7.45921 0
      vertex -5.65 -7.53442 -4
      vertex -5.49749 -7.45921 -4
    endloop
  endfacet
  facet normal 0.980779 -0.195121 0
    outer loop
      vertex -6.28888 -8.49057 0
      vertex -6.2557 -8.32379 -4
      vertex -6.2557 -8.32379 0
    endloop
  endfacet
  facet normal 0.980779 -0.195121 0
    outer loop
      vertex -6.2557 -8.32379 -4
      vertex -6.28888 -8.49057 0
      vertex -6.28888 -8.49057 -4
    endloop
  endfacet
  facet normal 0.980779 0.195121 0
    outer loop
      vertex -6.2557 -8.99672 0
      vertex -6.28888 -8.82994 -4
      vertex -6.28888 -8.82994 0
    endloop
  endfacet
  facet normal 0.980779 0.195121 0
    outer loop
      vertex -6.28888 -8.82994 -4
      vertex -6.2557 -8.99672 0
      vertex -6.2557 -8.99672 -4
    endloop
  endfacet
  facet normal -0.0653948 0.997859 0
    outer loop
      vertex -4.83032 -9.94913 -4
      vertex -5 -9.96025 0
      vertex -4.83032 -9.94913 0
    endloop
  endfacet
  facet normal -0.0653948 0.997859 0
    outer loop
      vertex -5 -9.96025 0
      vertex -4.83032 -9.94913 -4
      vertex -5 -9.96025 -4
    endloop
  endfacet
  facet normal -0.321427 0.946934 0
    outer loop
      vertex -4.50251 7.45921 -4
      vertex -4.66354 7.40455 0
      vertex -4.50251 7.45921 0
    endloop
  endfacet
  facet normal -0.321427 0.946934 0
    outer loop
      vertex -4.66354 7.40455 0
      vertex -4.50251 7.45921 -4
      vertex -4.66354 7.40455 -4
    endloop
  endfacet
  facet normal -0.442291 0.896872 0
    outer loop
      vertex -4.35 7.53442 -4
      vertex -4.50251 7.45921 0
      vertex -4.35 7.53442 0
    endloop
  endfacet
  facet normal -0.442291 0.896872 0
    outer loop
      vertex -4.50251 7.45921 0
      vertex -4.35 7.53442 -4
      vertex -4.50251 7.45921 -4
    endloop
  endfacet
  facet normal 0.980779 0.195121 0
    outer loop
      vertex -6.2557 8.32379 0
      vertex -6.28888 8.49057 -4
      vertex -6.28888 8.49057 0
    endloop
  endfacet
  facet normal 0.980779 0.195121 0
    outer loop
      vertex -6.28888 8.49057 -4
      vertex -6.2557 8.32379 0
      vertex -6.2557 8.32379 -4
    endloop
  endfacet
  facet normal 0.659341 0.751844 -0
    outer loop
      vertex -5.79139 7.62889 -4
      vertex -5.91924 7.74101 0
      vertex -5.79139 7.62889 0
    endloop
  endfacet
  facet normal 0.659341 0.751844 0
    outer loop
      vertex -5.91924 7.74101 0
      vertex -5.79139 7.62889 -4
      vertex -5.91924 7.74101 -4
    endloop
  endfacet
  facet normal -0.659341 0.751844 0
    outer loop
      vertex -4.08076 7.74101 -4
      vertex -4.20861 7.62889 0
      vertex -4.08076 7.74101 0
    endloop
  endfacet
  facet normal -0.659341 0.751844 0
    outer loop
      vertex -4.20861 7.62889 0
      vertex -4.08076 7.74101 -4
      vertex -4.20861 7.62889 -4
    endloop
  endfacet
  facet normal 0.997859 0.0653948 0
    outer loop
      vertex -6.28888 8.49057 0
      vertex -6.3 8.66025 -4
      vertex -6.3 8.66025 0
    endloop
  endfacet
  facet normal 0.997859 0.0653948 0
    outer loop
      vertex -6.3 8.66025 -4
      vertex -6.28888 8.49057 0
      vertex -6.28888 8.49057 -4
    endloop
  endfacet
  facet normal 0.195064 -0.98079 0
    outer loop
      vertex -5.33646 9.91596 -4
      vertex -5.16968 9.94913 0
      vertex -5.33646 9.91596 0
    endloop
  endfacet
  facet normal 0.195064 -0.98079 0
    outer loop
      vertex -5.16968 9.94913 0
      vertex -5.33646 9.91596 -4
      vertex -5.16968 9.94913 -4
    endloop
  endfacet
  facet normal 0.195064 0.98079 -0
    outer loop
      vertex -5.16968 7.37138 -4
      vertex -5.33646 7.40455 0
      vertex -5.16968 7.37138 0
    endloop
  endfacet
  facet normal 0.195064 0.98079 0
    outer loop
      vertex -5.33646 7.40455 0
      vertex -5.16968 7.37138 -4
      vertex -5.33646 7.40455 -4
    endloop
  endfacet
  facet normal -0.99786 -0.065391 0
    outer loop
      vertex -3.7 8.66025 -4
      vertex -3.71112 8.82994 0
      vertex -3.71112 8.82994 -4
    endloop
  endfacet
  facet normal -0.99786 -0.065391 0
    outer loop
      vertex -3.71112 8.82994 0
      vertex -3.7 8.66025 -4
      vertex -3.7 8.66025 0
    endloop
  endfacet
  facet normal -0.555555 0.83148 0
    outer loop
      vertex -4.20861 7.62889 -4
      vertex -4.35 7.53442 0
      vertex -4.20861 7.62889 0
    endloop
  endfacet
  facet normal -0.555555 0.83148 0
    outer loop
      vertex -4.35 7.53442 0
      vertex -4.20861 7.62889 -4
      vertex -4.35 7.53442 -4
    endloop
  endfacet
  facet normal -0.321427 -0.946934 0
    outer loop
      vertex -4.66354 9.91596 -4
      vertex -4.50251 9.8613 0
      vertex -4.66354 9.91596 0
    endloop
  endfacet
  facet normal -0.321427 -0.946934 -0
    outer loop
      vertex -4.50251 9.8613 0
      vertex -4.66354 9.91596 -4
      vertex -4.50251 9.8613 -4
    endloop
  endfacet
  facet normal -0.980779 -0.195121 0
    outer loop
      vertex -3.71112 8.82994 -4
      vertex -3.7443 8.99672 0
      vertex -3.7443 8.99672 -4
    endloop
  endfacet
  facet normal -0.980779 -0.195121 0
    outer loop
      vertex -3.7443 8.99672 0
      vertex -3.71112 8.82994 -4
      vertex -3.71112 8.82994 0
    endloop
  endfacet
  facet normal -0.195064 0.98079 0
    outer loop
      vertex -4.66354 7.40455 -4
      vertex -4.83032 7.37138 0
      vertex -4.66354 7.40455 0
    endloop
  endfacet
  facet normal -0.195064 0.98079 0
    outer loop
      vertex -4.83032 7.37138 0
      vertex -4.66354 7.40455 -4
      vertex -4.83032 7.37138 -4
    endloop
  endfacet
  facet normal -0.896883 0.442267 0
    outer loop
      vertex -3.87417 8.01025 -4
      vertex -3.79896 8.16277 0
      vertex -3.79896 8.16277 -4
    endloop
  endfacet
  facet normal -0.896883 0.442267 0
    outer loop
      vertex -3.79896 8.16277 0
      vertex -3.87417 8.01025 -4
      vertex -3.87417 8.01025 0
    endloop
  endfacet
  facet normal -0.946928 -0.321445 0
    outer loop
      vertex -3.7443 8.99672 -4
      vertex -3.79896 9.15774 0
      vertex -3.79896 9.15774 -4
    endloop
  endfacet
  facet normal -0.946928 -0.321445 0
    outer loop
      vertex -3.79896 9.15774 0
      vertex -3.7443 8.99672 -4
      vertex -3.7443 8.99672 0
    endloop
  endfacet
  facet normal 0.896883 0.442267 0
    outer loop
      vertex -6.12583 8.01025 0
      vertex -6.20104 8.16277 -4
      vertex -6.20104 8.16277 0
    endloop
  endfacet
  facet normal 0.896883 0.442267 0
    outer loop
      vertex -6.20104 8.16277 -4
      vertex -6.12583 8.01025 0
      vertex -6.12583 8.01025 -4
    endloop
  endfacet
  facet normal 0.442291 0.896872 -0
    outer loop
      vertex -5.49749 7.45921 -4
      vertex -5.65 7.53442 0
      vertex -5.49749 7.45921 0
    endloop
  endfacet
  facet normal 0.442291 0.896872 0
    outer loop
      vertex -5.65 7.53442 0
      vertex -5.49749 7.45921 -4
      vertex -5.65 7.53442 -4
    endloop
  endfacet
  facet normal 0.751844 0.659341 0
    outer loop
      vertex -5.91924 7.74101 0
      vertex -6.03136 7.86886 -4
      vertex -6.03136 7.86886 0
    endloop
  endfacet
  facet normal 0.751844 0.659341 0
    outer loop
      vertex -6.03136 7.86886 -4
      vertex -5.91924 7.74101 0
      vertex -5.91924 7.74101 -4
    endloop
  endfacet
  facet normal 0.321427 -0.946934 0
    outer loop
      vertex -5.49749 9.8613 -4
      vertex -5.33646 9.91596 0
      vertex -5.49749 9.8613 0
    endloop
  endfacet
  facet normal 0.321427 -0.946934 0
    outer loop
      vertex -5.33646 9.91596 0
      vertex -5.49749 9.8613 -4
      vertex -5.33646 9.91596 -4
    endloop
  endfacet
  facet normal 0.0654534 0.997856 -0
    outer loop
      vertex -5 7.36025 -4
      vertex -5.16968 7.37138 0
      vertex -5 7.36025 0
    endloop
  endfacet
  facet normal 0.0654534 0.997856 0
    outer loop
      vertex -5.16968 7.37138 0
      vertex -5 7.36025 -4
      vertex -5.16968 7.37138 -4
    endloop
  endfacet
  facet normal 0.896872 -0.442291 0
    outer loop
      vertex -6.20104 9.15774 0
      vertex -6.12583 9.31025 -4
      vertex -6.12583 9.31025 0
    endloop
  endfacet
  facet normal 0.896872 -0.442291 0
    outer loop
      vertex -6.12583 9.31025 -4
      vertex -6.20104 9.15774 0
      vertex -6.20104 9.15774 -4
    endloop
  endfacet
  facet normal -0.751844 0.659341 0
    outer loop
      vertex -4.08076 7.74101 -4
      vertex -3.96864 7.86886 0
      vertex -3.96864 7.86886 -4
    endloop
  endfacet
  facet normal -0.751844 0.659341 0
    outer loop
      vertex -3.96864 7.86886 0
      vertex -4.08076 7.74101 -4
      vertex -4.08076 7.74101 0
    endloop
  endfacet
  facet normal 0.946928 -0.321445 0
    outer loop
      vertex -6.2557 8.99672 0
      vertex -6.20104 9.15774 -4
      vertex -6.20104 9.15774 0
    endloop
  endfacet
  facet normal 0.946928 -0.321445 0
    outer loop
      vertex -6.20104 9.15774 -4
      vertex -6.2557 8.99672 0
      vertex -6.2557 8.99672 -4
    endloop
  endfacet
  facet normal -0.0654534 0.997856 0
    outer loop
      vertex -4.83032 7.37138 -4
      vertex -5 7.36025 0
      vertex -4.83032 7.37138 0
    endloop
  endfacet
  facet normal -0.0654534 0.997856 0
    outer loop
      vertex -5 7.36025 0
      vertex -4.83032 7.37138 -4
      vertex -5 7.36025 -4
    endloop
  endfacet
  facet normal 0.83148 0.555555 0
    outer loop
      vertex -6.03136 7.86886 0
      vertex -6.12583 8.01025 -4
      vertex -6.12583 8.01025 0
    endloop
  endfacet
  facet normal 0.83148 0.555555 0
    outer loop
      vertex -6.12583 8.01025 -4
      vertex -6.03136 7.86886 0
      vertex -6.03136 7.86886 -4
    endloop
  endfacet
  facet normal 0.321427 0.946934 -0
    outer loop
      vertex -5.33646 7.40455 -4
      vertex -5.49749 7.45921 0
      vertex -5.33646 7.40455 0
    endloop
  endfacet
  facet normal 0.321427 0.946934 0
    outer loop
      vertex -5.49749 7.45921 0
      vertex -5.33646 7.40455 -4
      vertex -5.49749 7.45921 -4
    endloop
  endfacet
  facet normal 0.555555 0.83148 -0
    outer loop
      vertex -5.65 7.53442 -4
      vertex -5.79139 7.62889 0
      vertex -5.65 7.53442 0
    endloop
  endfacet
  facet normal 0.555555 0.83148 0
    outer loop
      vertex -5.79139 7.62889 0
      vertex -5.65 7.53442 -4
      vertex -5.79139 7.62889 -4
    endloop
  endfacet
  facet normal -0.442291 -0.896872 0
    outer loop
      vertex -4.50251 9.8613 -4
      vertex -4.35 9.78609 0
      vertex -4.50251 9.8613 0
    endloop
  endfacet
  facet normal -0.442291 -0.896872 -0
    outer loop
      vertex -4.35 9.78609 0
      vertex -4.50251 9.8613 -4
      vertex -4.35 9.78609 -4
    endloop
  endfacet
  facet normal -0.83148 -0.555555 0
    outer loop
      vertex -3.87417 9.31025 -4
      vertex -3.96864 9.45164 0
      vertex -3.96864 9.45164 -4
    endloop
  endfacet
  facet normal -0.83148 -0.555555 0
    outer loop
      vertex -3.96864 9.45164 0
      vertex -3.87417 9.31025 -4
      vertex -3.87417 9.31025 0
    endloop
  endfacet
  facet normal 0.946928 0.321445 0
    outer loop
      vertex -6.20104 8.16277 0
      vertex -6.2557 8.32379 -4
      vertex -6.2557 8.32379 0
    endloop
  endfacet
  facet normal 0.946928 0.321445 0
    outer loop
      vertex -6.2557 8.32379 -4
      vertex -6.20104 8.16277 0
      vertex -6.20104 8.16277 -4
    endloop
  endfacet
  facet normal -0.83148 0.555555 0
    outer loop
      vertex -3.96864 7.86886 -4
      vertex -3.87417 8.01025 0
      vertex -3.87417 8.01025 -4
    endloop
  endfacet
  facet normal -0.83148 0.555555 0
    outer loop
      vertex -3.87417 8.01025 0
      vertex -3.96864 7.86886 -4
      vertex -3.96864 7.86886 0
    endloop
  endfacet
  facet normal 0.555596 -0.831453 0
    outer loop
      vertex -5.79139 9.69161 -4
      vertex -5.65 9.78609 0
      vertex -5.79139 9.69161 0
    endloop
  endfacet
  facet normal 0.555596 -0.831453 0
    outer loop
      vertex -5.65 9.78609 0
      vertex -5.79139 9.69161 -4
      vertex -5.65 9.78609 -4
    endloop
  endfacet
  facet normal 0.0653948 -0.997859 0
    outer loop
      vertex -5.16968 9.94913 -4
      vertex -5 9.96025 0
      vertex -5.16968 9.94913 0
    endloop
  endfacet
  facet normal 0.0653948 -0.997859 0
    outer loop
      vertex -5 9.96025 0
      vertex -5.16968 9.94913 -4
      vertex -5 9.96025 -4
    endloop
  endfacet
  facet normal 0.751844 -0.659341 0
    outer loop
      vertex -6.03136 9.45164 0
      vertex -5.91924 9.57949 -4
      vertex -5.91924 9.57949 0
    endloop
  endfacet
  facet normal 0.751844 -0.659341 0
    outer loop
      vertex -5.91924 9.57949 -4
      vertex -6.03136 9.45164 0
      vertex -6.03136 9.45164 -4
    endloop
  endfacet
  facet normal -0.997859 0.0653948 0
    outer loop
      vertex -3.71112 8.49057 -4
      vertex -3.7 8.66025 0
      vertex -3.7 8.66025 -4
    endloop
  endfacet
  facet normal -0.997859 0.0653948 0
    outer loop
      vertex -3.7 8.66025 0
      vertex -3.71112 8.49057 -4
      vertex -3.71112 8.49057 0
    endloop
  endfacet
  facet normal -0.659341 -0.751844 0
    outer loop
      vertex -4.20861 9.69161 -4
      vertex -4.08076 9.57949 0
      vertex -4.20861 9.69161 0
    endloop
  endfacet
  facet normal -0.659341 -0.751844 -0
    outer loop
      vertex -4.08076 9.57949 0
      vertex -4.20861 9.69161 -4
      vertex -4.08076 9.57949 -4
    endloop
  endfacet
  facet normal -0.195064 -0.98079 0
    outer loop
      vertex -4.83032 9.94913 -4
      vertex -4.66354 9.91596 0
      vertex -4.83032 9.94913 0
    endloop
  endfacet
  facet normal -0.195064 -0.98079 -0
    outer loop
      vertex -4.66354 9.91596 0
      vertex -4.83032 9.94913 -4
      vertex -4.66354 9.91596 -4
    endloop
  endfacet
  facet normal 0.659341 -0.751844 0
    outer loop
      vertex -5.91924 9.57949 -4
      vertex -5.79139 9.69161 0
      vertex -5.91924 9.57949 0
    endloop
  endfacet
  facet normal 0.659341 -0.751844 0
    outer loop
      vertex -5.79139 9.69161 0
      vertex -5.91924 9.57949 -4
      vertex -5.79139 9.69161 -4
    endloop
  endfacet
  facet normal -0.751844 -0.659341 0
    outer loop
      vertex -3.96864 9.45164 -4
      vertex -4.08076 9.57949 0
      vertex -4.08076 9.57949 -4
    endloop
  endfacet
  facet normal -0.751844 -0.659341 0
    outer loop
      vertex -4.08076 9.57949 0
      vertex -3.96864 9.45164 -4
      vertex -3.96864 9.45164 0
    endloop
  endfacet
  facet normal -0.0653948 -0.997859 0
    outer loop
      vertex -5 9.96025 -4
      vertex -4.83032 9.94913 0
      vertex -5 9.96025 0
    endloop
  endfacet
  facet normal -0.0653948 -0.997859 -0
    outer loop
      vertex -4.83032 9.94913 0
      vertex -5 9.96025 -4
      vertex -4.83032 9.94913 -4
    endloop
  endfacet
  facet normal 0.980779 -0.195121 0
    outer loop
      vertex -6.28888 8.82994 0
      vertex -6.2557 8.99672 -4
      vertex -6.2557 8.99672 0
    endloop
  endfacet
  facet normal 0.980779 -0.195121 0
    outer loop
      vertex -6.2557 8.99672 -4
      vertex -6.28888 8.82994 0
      vertex -6.28888 8.82994 -4
    endloop
  endfacet
  facet normal -0.946928 0.321445 0
    outer loop
      vertex -3.79896 8.16277 -4
      vertex -3.7443 8.32379 0
      vertex -3.7443 8.32379 -4
    endloop
  endfacet
  facet normal -0.946928 0.321445 0
    outer loop
      vertex -3.7443 8.32379 0
      vertex -3.79896 8.16277 -4
      vertex -3.79896 8.16277 0
    endloop
  endfacet
  facet normal -0.896872 -0.442291 0
    outer loop
      vertex -3.79896 9.15774 -4
      vertex -3.87417 9.31025 0
      vertex -3.87417 9.31025 -4
    endloop
  endfacet
  facet normal -0.896872 -0.442291 0
    outer loop
      vertex -3.87417 9.31025 0
      vertex -3.79896 9.15774 -4
      vertex -3.79896 9.15774 0
    endloop
  endfacet
  facet normal 0.442291 -0.896872 0
    outer loop
      vertex -5.65 9.78609 -4
      vertex -5.49749 9.8613 0
      vertex -5.65 9.78609 0
    endloop
  endfacet
  facet normal 0.442291 -0.896872 0
    outer loop
      vertex -5.49749 9.8613 0
      vertex -5.65 9.78609 -4
      vertex -5.49749 9.8613 -4
    endloop
  endfacet
  facet normal 0.83148 -0.555555 0
    outer loop
      vertex -6.12583 9.31025 0
      vertex -6.03136 9.45164 -4
      vertex -6.03136 9.45164 0
    endloop
  endfacet
  facet normal 0.83148 -0.555555 0
    outer loop
      vertex -6.03136 9.45164 -4
      vertex -6.12583 9.31025 0
      vertex -6.12583 9.31025 -4
    endloop
  endfacet
  facet normal 0.99786 -0.065391 0
    outer loop
      vertex -6.3 8.66025 0
      vertex -6.28888 8.82994 -4
      vertex -6.28888 8.82994 0
    endloop
  endfacet
  facet normal 0.99786 -0.065391 0
    outer loop
      vertex -6.28888 8.82994 -4
      vertex -6.3 8.66025 0
      vertex -6.3 8.66025 -4
    endloop
  endfacet
  facet normal -0.980779 0.195121 0
    outer loop
      vertex -3.7443 8.32379 -4
      vertex -3.71112 8.49057 0
      vertex -3.71112 8.49057 -4
    endloop
  endfacet
  facet normal -0.980779 0.195121 0
    outer loop
      vertex -3.71112 8.49057 0
      vertex -3.7443 8.32379 -4
      vertex -3.7443 8.32379 0
    endloop
  endfacet
  facet normal -0.555596 -0.831453 0
    outer loop
      vertex -4.35 9.78609 -4
      vertex -4.20861 9.69161 0
      vertex -4.35 9.78609 0
    endloop
  endfacet
  facet normal -0.555596 -0.831453 -0
    outer loop
      vertex -4.20861 9.69161 0
      vertex -4.35 9.78609 -4
      vertex -4.20861 9.69161 -4
    endloop
  endfacet
  facet normal -7.24199e-07 -0.19512 0.980779
    outer loop
      vertex 2.05725 0.270842 -3.26876
      vertex 8.71112 0.169683 -3.28888
      vertex 8.7443 0.336464 -3.2557
    endloop
  endfacet
  facet normal 0 -0.195074 0.980789
    outer loop
      vertex 8.71112 0.169683 -3.28888
      vertex 2.05725 0.270842 -3.26876
      vertex 2.06388 0.169683 -3.28888
    endloop
  endfacet
  facet normal 0 -0.195191 0.980765
    outer loop
      vertex 2.05725 0.270842 -3.26876
      vertex 8.7443 0.336464 -3.2557
      vertex 2.04419 0.336464 -3.2557
    endloop
  endfacet
  facet normal 0 -0.19512 0.980779
    outer loop
      vertex 11.9779 0.336464 -3.2557
      vertex 11.2889 0.169683 -3.28888
      vertex 11.9889 0.169683 -3.28888
    endloop
  endfacet
  facet normal 0 -0.19512 0.980779
    outer loop
      vertex 11.2889 0.169683 -3.28888
      vertex 11.9779 0.336464 -3.2557
      vertex 11.2557 0.336464 -3.2557
    endloop
  endfacet
  facet normal 0 -0.0653937 0.99786
    outer loop
      vertex 8.71112 0.169683 -3.28888
      vertex 2.075 0 -3.3
      vertex 8.7 0 -3.3
    endloop
  endfacet
  facet normal 0 -0.0653937 0.99786
    outer loop
      vertex 2.075 0 -3.3
      vertex 8.71112 0.169683 -3.28888
      vertex 2.06388 0.169683 -3.28888
    endloop
  endfacet
  facet normal 0 -0.0653937 0.99786
    outer loop
      vertex 11.9889 0.169683 -3.28888
      vertex 11.3 0 -3.3
      vertex 12 0 -3.3
    endloop
  endfacet
  facet normal 0 -0.0653937 0.99786
    outer loop
      vertex 11.3 0 -3.3
      vertex 11.9889 0.169683 -3.28888
      vertex 11.2889 0.169683 -3.28888
    endloop
  endfacet
  facet normal 0 -0.321438 0.946931
    outer loop
      vertex 2.01216 0.497488 -3.20104
      vertex 8.7443 0.336464 -3.2557
      vertex 8.79896 0.497488 -3.20104
    endloop
  endfacet
  facet normal 0 -0.321438 0.946931
    outer loop
      vertex 8.7443 0.336464 -3.2557
      vertex 2.01216 0.497488 -3.20104
      vertex 2.04419 0.336464 -3.2557
    endloop
  endfacet
  facet normal 0 -0.321438 0.946931
    outer loop
      vertex 11.9674 0.497488 -3.20104
      vertex 11.2557 0.336464 -3.2557
      vertex 11.9779 0.336464 -3.2557
    endloop
  endfacet
  facet normal 0 -0.321438 0.946931
    outer loop
      vertex 11.2557 0.336464 -3.2557
      vertex 11.9674 0.497488 -3.20104
      vertex 11.201 0.497488 -3.20104
    endloop
  endfacet
  facet normal 0 0.980761 -0.195213
    outer loop
      vertex 9.66354 -1.2557 -1.66354
      vertex 1.64621 -1.26318 -1.70112
      vertex 1.6512 -1.2557 -1.66354
    endloop
  endfacet
  facet normal 0 0.980779 -0.195121
    outer loop
      vertex 1.62367 -1.28888 -1.83032
      vertex 9.66354 -1.2557 -1.66354
      vertex 9.83032 -1.28888 -1.83032
    endloop
  endfacet
  facet normal -5.78051e-07 0.980785 -0.195094
    outer loop
      vertex 9.66354 -1.2557 -1.66354
      vertex 1.62367 -1.28888 -1.83032
      vertex 1.64621 -1.26318 -1.70112
    endloop
  endfacet
  facet normal 0 0.980779 -0.195121
    outer loop
      vertex 11.9155 -1.28888 -1.83032
      vertex 10.3365 -1.2557 -1.66354
      vertex 11.9177 -1.2557 -1.66354
    endloop
  endfacet
  facet normal 0 0.980779 -0.195121
    outer loop
      vertex 10.3365 -1.2557 -1.66354
      vertex 11.9155 -1.28888 -1.83032
      vertex 10.1697 -1.28888 -1.83032
    endloop
  endfacet
  facet normal 0 -0.442286 0.896874
    outer loop
      vertex 1.96595 0.65 -3.12583
      vertex 8.79896 0.497488 -3.20104
      vertex 8.87417 0.65 -3.12583
    endloop
  endfacet
  facet normal 0 -0.442301 0.896867
    outer loop
      vertex 8.79896 0.497488 -3.20104
      vertex 2.0043 0.537049 -3.18153
      vertex 2.01216 0.497488 -3.20104
    endloop
  endfacet
  facet normal 1.47901e-07 -0.442281 0.896877
    outer loop
      vertex 8.79896 0.497488 -3.20104
      vertex 1.96595 0.65 -3.12583
      vertex 2.0043 0.537049 -3.18153
    endloop
  endfacet
  facet normal 0 -0.442286 0.896874
    outer loop
      vertex 11.9574 0.65 -3.12583
      vertex 11.201 0.497488 -3.20104
      vertex 11.9674 0.497488 -3.20104
    endloop
  endfacet
  facet normal 0 -0.442286 0.896874
    outer loop
      vertex 11.201 0.497488 -3.20104
      vertex 11.9574 0.65 -3.12583
      vertex 11.1258 0.65 -3.12583
    endloop
  endfacet
  facet normal 0 -0.555558 0.831478
    outer loop
      vertex 1.91796 0.791389 -3.03136
      vertex 8.87417 0.65 -3.12583
      vertex 8.96864 0.791389 -3.03136
    endloop
  endfacet
  facet normal 0 -0.555558 0.831478
    outer loop
      vertex 8.87417 0.65 -3.12583
      vertex 1.91796 0.791389 -3.03136
      vertex 1.96595 0.65 -3.12583
    endloop
  endfacet
  facet normal 0 -0.555558 0.831478
    outer loop
      vertex 11.9481 0.791389 -3.03136
      vertex 11.1258 0.65 -3.12583
      vertex 11.9574 0.65 -3.12583
    endloop
  endfacet
  facet normal 0 -0.555558 0.831478
    outer loop
      vertex 11.1258 0.65 -3.12583
      vertex 11.9481 0.791389 -3.03136
      vertex 11.0314 0.791389 -3.03136
    endloop
  endfacet
  facet normal 0 -0.555574 -0.831467
    outer loop
      vertex 1.91796 0.791389 -0.968641
      vertex 8.87417 0.65 -0.874167
      vertex 1.96595 0.65 -0.874167
    endloop
  endfacet
  facet normal 0 -0.555574 -0.831467
    outer loop
      vertex 8.87417 0.65 -0.874167
      vertex 1.91796 0.791389 -0.968641
      vertex 8.96864 0.791389 -0.968641
    endloop
  endfacet
  facet normal 0 -0.555574 -0.831467
    outer loop
      vertex 11.1258 0.65 -0.874167
      vertex 11.9481 0.791389 -0.968641
      vertex 11.9574 0.65 -0.874167
    endloop
  endfacet
  facet normal -0 -0.555574 -0.831467
    outer loop
      vertex 11.9481 0.791389 -0.968641
      vertex 11.1258 0.65 -0.874167
      vertex 11.0314 0.791389 -0.968641
    endloop
  endfacet
  facet normal 0 -0.896872 -0.442291
    outer loop
      vertex 1.68773 1.20104 -1.50251
      vertex 9.35 1.12583 -1.35
      vertex 1.73798 1.12583 -1.35
    endloop
  endfacet
  facet normal 0 -0.896872 -0.442291
    outer loop
      vertex 9.35 1.12583 -1.35
      vertex 1.68773 1.20104 -1.50251
      vertex 9.50251 1.20104 -1.50251
    endloop
  endfacet
  facet normal -0 -0.896872 -0.442291
    outer loop
      vertex 11.9213 1.20104 -1.50251
      vertex 10.65 1.12583 -1.35
      vertex 10.4975 1.20104 -1.50251
    endloop
  endfacet
  facet normal 0 -0.896872 -0.442291
    outer loop
      vertex 10.65 1.12583 -1.35
      vertex 11.9213 1.20104 -1.50251
      vertex 11.9262 1.12583 -1.35
    endloop
  endfacet
  facet normal 0 0.997859 0.0653948
    outer loop
      vertex 9.83032 -1.28888 -2.16968
      vertex 1.61392 -1.3 -2
      vertex 10 -1.3 -2
    endloop
  endfacet
  facet normal 0 0.997859 0.0653948
    outer loop
      vertex 1.61392 -1.3 -2
      vertex 9.83032 -1.28888 -2.16968
      vertex 1.62367 -1.28888 -2.16968
    endloop
  endfacet
  facet normal -0 0.997859 0.0653948
    outer loop
      vertex 10.1697 -1.28888 -2.16968
      vertex 11.9148 -1.3 -2
      vertex 11.9155 -1.28888 -2.16968
    endloop
  endfacet
  facet normal 0 0.997859 0.0653948
    outer loop
      vertex 11.9148 -1.3 -2
      vertex 10.1697 -1.28888 -2.16968
      vertex 10 -1.3 -2
    endloop
  endfacet
  facet normal 0 -0.896872 0.442291
    outer loop
      vertex 9.35 1.12583 -2.65
      vertex 1.68773 1.20104 -2.49749
      vertex 1.73798 1.12583 -2.65
    endloop
  endfacet
  facet normal 0 -0.896872 0.442291
    outer loop
      vertex 1.68773 1.20104 -2.49749
      vertex 9.35 1.12583 -2.65
      vertex 9.50251 1.20104 -2.49749
    endloop
  endfacet
  facet normal 0 -0.896872 0.442291
    outer loop
      vertex 10.65 1.12583 -2.65
      vertex 11.9213 1.20104 -2.49749
      vertex 10.4975 1.20104 -2.49749
    endloop
  endfacet
  facet normal 0 -0.896872 0.442291
    outer loop
      vertex 11.9213 1.20104 -2.49749
      vertex 10.65 1.12583 -2.65
      vertex 11.9262 1.12583 -2.65
    endloop
  endfacet
  facet normal 0 -0.659344 0.751841
    outer loop
      vertex 1.85532 0.919238 -2.91924
      vertex 8.96864 0.791389 -3.03136
      vertex 9.08076 0.919238 -2.91924
    endloop
  endfacet
  facet normal 0 -0.659577 0.751637
    outer loop
      vertex 8.96864 0.791389 -3.03136
      vertex 1.91705 0.794067 -3.02901
      vertex 1.91796 0.791389 -3.03136
    endloop
  endfacet
  facet normal 1.5999e-07 -0.659339 0.751846
    outer loop
      vertex 8.96864 0.791389 -3.03136
      vertex 1.85532 0.919238 -2.91924
      vertex 1.91705 0.794067 -3.02901
    endloop
  endfacet
  facet normal 0 -0.659344 0.751841
    outer loop
      vertex 11.9397 0.919238 -2.91924
      vertex 11.0314 0.791389 -3.03136
      vertex 11.9481 0.791389 -3.03136
    endloop
  endfacet
  facet normal 0 -0.659344 0.751841
    outer loop
      vertex 11.0314 0.791389 -3.03136
      vertex 11.9397 0.919238 -2.91924
      vertex 10.9192 0.919238 -2.91924
    endloop
  endfacet
  facet normal 0 0.195074 0.980789
    outer loop
      vertex 2.05725 -0.270842 -3.26876
      vertex 8.71112 -0.169683 -3.28888
      vertex 2.06388 -0.169683 -3.28888
    endloop
  endfacet
  facet normal -7.24199e-07 0.19512 0.980779
    outer loop
      vertex 8.71112 -0.169683 -3.28888
      vertex 2.05725 -0.270842 -3.26876
      vertex 8.7443 -0.336464 -3.2557
    endloop
  endfacet
  facet normal 0 0.195191 0.980765
    outer loop
      vertex 8.7443 -0.336464 -3.2557
      vertex 2.05725 -0.270842 -3.26876
      vertex 2.04419 -0.336464 -3.2557
    endloop
  endfacet
  facet normal -0 0.19512 0.980779
    outer loop
      vertex 11.2889 -0.169683 -3.28888
      vertex 11.9779 -0.336464 -3.2557
      vertex 11.9889 -0.169683 -3.28888
    endloop
  endfacet
  facet normal 0 0.19512 0.980779
    outer loop
      vertex 11.9779 -0.336464 -3.2557
      vertex 11.2889 -0.169683 -3.28888
      vertex 11.2557 -0.336464 -3.2557
    endloop
  endfacet
  facet normal 0 0.555574 -0.831467
    outer loop
      vertex 1.91796 -0.791389 -0.968641
      vertex 8.87417 -0.65 -0.874167
      vertex 8.96864 -0.791389 -0.968641
    endloop
  endfacet
  facet normal 0 0.555574 -0.831467
    outer loop
      vertex 8.87417 -0.65 -0.874167
      vertex 1.91796 -0.791389 -0.968641
      vertex 1.96595 -0.65 -0.874167
    endloop
  endfacet
  facet normal 0 0.555574 -0.831467
    outer loop
      vertex 11.9481 -0.791389 -0.968641
      vertex 11.1258 -0.65 -0.874167
      vertex 11.9574 -0.65 -0.874167
    endloop
  endfacet
  facet normal 0 0.555574 -0.831467
    outer loop
      vertex 11.1258 -0.65 -0.874167
      vertex 11.9481 -0.791389 -0.968641
      vertex 11.0314 -0.791389 -0.968641
    endloop
  endfacet
  facet normal 0 -0.751838 -0.659348
    outer loop
      vertex 1.80003 1.03136 -1.20861
      vertex 9.08076 0.919238 -1.08076
      vertex 1.85532 0.919238 -1.08076
    endloop
  endfacet
  facet normal 0 -0.751838 -0.659348
    outer loop
      vertex 9.08076 0.919238 -1.08076
      vertex 1.80003 1.03136 -1.20861
      vertex 9.20861 1.03136 -1.20861
    endloop
  endfacet
  facet normal -0 -0.751838 -0.659348
    outer loop
      vertex 11.9324 1.03136 -1.20861
      vertex 10.9192 0.919238 -1.08076
      vertex 10.7914 1.03136 -1.20861
    endloop
  endfacet
  facet normal 0 -0.751838 -0.659348
    outer loop
      vertex 10.9192 0.919238 -1.08076
      vertex 11.9324 1.03136 -1.20861
      vertex 11.9397 0.919238 -1.08076
    endloop
  endfacet
  facet normal 0 -0.946934 -0.321427
    outer loop
      vertex 1.6512 1.2557 -1.66354
      vertex 9.50251 1.20104 -1.50251
      vertex 1.68773 1.20104 -1.50251
    endloop
  endfacet
  facet normal 0 -0.946934 -0.321427
    outer loop
      vertex 9.50251 1.20104 -1.50251
      vertex 1.6512 1.2557 -1.66354
      vertex 9.66354 1.2557 -1.66354
    endloop
  endfacet
  facet normal -0 -0.946934 -0.321427
    outer loop
      vertex 11.9177 1.2557 -1.66354
      vertex 10.4975 1.20104 -1.50251
      vertex 10.3365 1.2557 -1.66354
    endloop
  endfacet
  facet normal 0 -0.946934 -0.321427
    outer loop
      vertex 10.4975 1.20104 -1.50251
      vertex 11.9177 1.2557 -1.66354
      vertex 11.9213 1.20104 -1.50251
    endloop
  endfacet
  facet normal 0 0.555558 0.831478
    outer loop
      vertex 1.91796 -0.791389 -3.03136
      vertex 8.87417 -0.65 -3.12583
      vertex 1.96595 -0.65 -3.12583
    endloop
  endfacet
  facet normal 0 0.555558 0.831478
    outer loop
      vertex 8.87417 -0.65 -3.12583
      vertex 1.91796 -0.791389 -3.03136
      vertex 8.96864 -0.791389 -3.03136
    endloop
  endfacet
  facet normal -0 0.555558 0.831478
    outer loop
      vertex 11.1258 -0.65 -3.12583
      vertex 11.9481 -0.791389 -3.03136
      vertex 11.9574 -0.65 -3.12583
    endloop
  endfacet
  facet normal 0 0.555558 0.831478
    outer loop
      vertex 11.9481 -0.791389 -3.03136
      vertex 11.1258 -0.65 -3.12583
      vertex 11.0314 -0.791389 -3.03136
    endloop
  endfacet
  facet normal 0 0.321438 0.946931
    outer loop
      vertex 2.01216 -0.497488 -3.20104
      vertex 8.7443 -0.336464 -3.2557
      vertex 2.04419 -0.336464 -3.2557
    endloop
  endfacet
  facet normal 0 0.321438 0.946931
    outer loop
      vertex 8.7443 -0.336464 -3.2557
      vertex 2.01216 -0.497488 -3.20104
      vertex 8.79896 -0.497488 -3.20104
    endloop
  endfacet
  facet normal -0 0.321438 0.946931
    outer loop
      vertex 11.2557 -0.336464 -3.2557
      vertex 11.9674 -0.497488 -3.20104
      vertex 11.9779 -0.336464 -3.2557
    endloop
  endfacet
  facet normal 0 0.321438 0.946931
    outer loop
      vertex 11.9674 -0.497488 -3.20104
      vertex 11.2557 -0.336464 -3.2557
      vertex 11.201 -0.497488 -3.20104
    endloop
  endfacet
  facet normal 0 -0.997859 -0.0653948
    outer loop
      vertex 1.61392 1.3 -2
      vertex 9.83032 1.28888 -1.83032
      vertex 1.62367 1.28888 -1.83032
    endloop
  endfacet
  facet normal 0 -0.997859 -0.0653948
    outer loop
      vertex 9.83032 1.28888 -1.83032
      vertex 1.61392 1.3 -2
      vertex 10 1.3 -2
    endloop
  endfacet
  facet normal -0 -0.997859 -0.0653948
    outer loop
      vertex 11.9148 1.3 -2
      vertex 10.1697 1.28888 -1.83032
      vertex 10 1.3 -2
    endloop
  endfacet
  facet normal 0 -0.997859 -0.0653948
    outer loop
      vertex 10.1697 1.28888 -1.83032
      vertex 11.9148 1.3 -2
      vertex 11.9155 1.28888 -1.83032
    endloop
  endfacet
  facet normal 3.79538e-08 -0.831479 0.555556
    outer loop
      vertex 9.20861 1.03136 -2.79139
      vertex 1.73798 1.12583 -2.65
      vertex 1.797 1.0375 -2.7822
    endloop
  endfacet
  facet normal 0 -0.831493 0.555535
    outer loop
      vertex 9.20861 1.03136 -2.79139
      vertex 1.797 1.0375 -2.7822
      vertex 1.80003 1.03136 -2.79139
    endloop
  endfacet
  facet normal 0 -0.83148 0.555555
    outer loop
      vertex 1.73798 1.12583 -2.65
      vertex 9.20861 1.03136 -2.79139
      vertex 9.35 1.12583 -2.65
    endloop
  endfacet
  facet normal 0 -0.83148 0.555555
    outer loop
      vertex 10.7914 1.03136 -2.79139
      vertex 11.9262 1.12583 -2.65
      vertex 10.65 1.12583 -2.65
    endloop
  endfacet
  facet normal 0 -0.83148 0.555555
    outer loop
      vertex 11.9262 1.12583 -2.65
      vertex 10.7914 1.03136 -2.79139
      vertex 11.9324 1.03136 -2.79139
    endloop
  endfacet
  facet normal 0 0.946934 0.321427
    outer loop
      vertex 9.50251 -1.20104 -2.49749
      vertex 1.6512 -1.2557 -2.33646
      vertex 9.66354 -1.2557 -2.33646
    endloop
  endfacet
  facet normal 0 0.946934 0.321427
    outer loop
      vertex 1.6512 -1.2557 -2.33646
      vertex 9.50251 -1.20104 -2.49749
      vertex 1.68773 -1.20104 -2.49749
    endloop
  endfacet
  facet normal -0 0.946934 0.321427
    outer loop
      vertex 10.4975 -1.20104 -2.49749
      vertex 11.9177 -1.2557 -2.33646
      vertex 11.9213 -1.20104 -2.49749
    endloop
  endfacet
  facet normal 0 0.946934 0.321427
    outer loop
      vertex 11.9177 -1.2557 -2.33646
      vertex 10.4975 -1.20104 -2.49749
      vertex 10.3365 -1.2557 -2.33646
    endloop
  endfacet
  facet normal 0 0.442301 0.896867
    outer loop
      vertex 2.0043 -0.537049 -3.18153
      vertex 8.79896 -0.497488 -3.20104
      vertex 2.01216 -0.497488 -3.20104
    endloop
  endfacet
  facet normal 1.47901e-07 0.442281 0.896877
    outer loop
      vertex 1.96595 -0.65 -3.12583
      vertex 8.79896 -0.497488 -3.20104
      vertex 2.0043 -0.537049 -3.18153
    endloop
  endfacet
  facet normal 0 0.442286 0.896874
    outer loop
      vertex 8.79896 -0.497488 -3.20104
      vertex 1.96595 -0.65 -3.12583
      vertex 8.87417 -0.65 -3.12583
    endloop
  endfacet
  facet normal -0 0.442286 0.896874
    outer loop
      vertex 11.201 -0.497488 -3.20104
      vertex 11.9574 -0.65 -3.12583
      vertex 11.9674 -0.497488 -3.20104
    endloop
  endfacet
  facet normal 0 0.442286 0.896874
    outer loop
      vertex 11.9574 -0.65 -3.12583
      vertex 11.201 -0.497488 -3.20104
      vertex 11.1258 -0.65 -3.12583
    endloop
  endfacet
  facet normal 0 0.997859 -0.0653948
    outer loop
      vertex 1.61392 -1.3 -2
      vertex 9.83032 -1.28888 -1.83032
      vertex 10 -1.3 -2
    endloop
  endfacet
  facet normal 0 0.997859 -0.0653948
    outer loop
      vertex 9.83032 -1.28888 -1.83032
      vertex 1.61392 -1.3 -2
      vertex 1.62367 -1.28888 -1.83032
    endloop
  endfacet
  facet normal 0 0.997859 -0.0653948
    outer loop
      vertex 11.9148 -1.3 -2
      vertex 10.1697 -1.28888 -1.83032
      vertex 11.9155 -1.28888 -1.83032
    endloop
  endfacet
  facet normal 0 0.997859 -0.0653948
    outer loop
      vertex 10.1697 -1.28888 -1.83032
      vertex 11.9148 -1.3 -2
      vertex 10 -1.3 -2
    endloop
  endfacet
  facet normal 0 -0.751838 0.659348
    outer loop
      vertex 9.08076 0.919238 -2.91924
      vertex 1.80003 1.03136 -2.79139
      vertex 1.85532 0.919238 -2.91924
    endloop
  endfacet
  facet normal 0 -0.751838 0.659348
    outer loop
      vertex 1.80003 1.03136 -2.79139
      vertex 9.08076 0.919238 -2.91924
      vertex 9.20861 1.03136 -2.79139
    endloop
  endfacet
  facet normal 0 -0.751838 0.659348
    outer loop
      vertex 10.9192 0.919238 -2.91924
      vertex 11.9324 1.03136 -2.79139
      vertex 10.7914 1.03136 -2.79139
    endloop
  endfacet
  facet normal 0 -0.751838 0.659348
    outer loop
      vertex 11.9324 1.03136 -2.79139
      vertex 10.9192 0.919238 -2.91924
      vertex 11.9397 0.919238 -2.91924
    endloop
  endfacet
  facet normal 0 -0.195083 -0.980787
    outer loop
      vertex 2.05725 0.270842 -0.731244
      vertex 8.71112 0.169683 -0.711123
      vertex 2.06388 0.169683 -0.711123
    endloop
  endfacet
  facet normal -4.24398e-08 -0.195086 -0.980786
    outer loop
      vertex 8.71112 0.169683 -0.711123
      vertex 2.05725 0.270842 -0.731244
      vertex 8.7443 0.336464 -0.744297
    endloop
  endfacet
  facet normal -0 -0.19509 -0.980785
    outer loop
      vertex 8.7443 0.336464 -0.744297
      vertex 2.05725 0.270842 -0.731244
      vertex 2.04419 0.336464 -0.744297
    endloop
  endfacet
  facet normal 0 -0.195086 -0.980786
    outer loop
      vertex 11.2889 0.169683 -0.711123
      vertex 11.9779 0.336464 -0.744297
      vertex 11.9889 0.169683 -0.711123
    endloop
  endfacet
  facet normal -0 -0.195086 -0.980786
    outer loop
      vertex 11.9779 0.336464 -0.744297
      vertex 11.2889 0.169683 -0.711123
      vertex 11.2557 0.336464 -0.744297
    endloop
  endfacet
  facet normal 0 0.751838 0.659348
    outer loop
      vertex 9.08076 -0.919238 -2.91924
      vertex 1.80003 -1.03136 -2.79139
      vertex 9.20861 -1.03136 -2.79139
    endloop
  endfacet
  facet normal 0 0.751838 0.659348
    outer loop
      vertex 1.80003 -1.03136 -2.79139
      vertex 9.08076 -0.919238 -2.91924
      vertex 1.85532 -0.919238 -2.91924
    endloop
  endfacet
  facet normal -0 0.751838 0.659348
    outer loop
      vertex 10.9192 -0.919238 -2.91924
      vertex 11.9324 -1.03136 -2.79139
      vertex 11.9397 -0.919238 -2.91924
    endloop
  endfacet
  facet normal 0 0.751838 0.659348
    outer loop
      vertex 11.9324 -1.03136 -2.79139
      vertex 10.9192 -0.919238 -2.91924
      vertex 10.7914 -1.03136 -2.79139
    endloop
  endfacet
  facet normal 0 0.321438 -0.946931
    outer loop
      vertex 2.01216 -0.497488 -0.798957
      vertex 8.7443 -0.336464 -0.744297
      vertex 8.79896 -0.497488 -0.798957
    endloop
  endfacet
  facet normal 0 0.321438 -0.946931
    outer loop
      vertex 8.7443 -0.336464 -0.744297
      vertex 2.01216 -0.497488 -0.798957
      vertex 2.04419 -0.336464 -0.744297
    endloop
  endfacet
  facet normal 0 0.321438 -0.946931
    outer loop
      vertex 11.9674 -0.497488 -0.798957
      vertex 11.2557 -0.336464 -0.744297
      vertex 11.9779 -0.336464 -0.744297
    endloop
  endfacet
  facet normal 0 0.321438 -0.946931
    outer loop
      vertex 11.2557 -0.336464 -0.744297
      vertex 11.9674 -0.497488 -0.798957
      vertex 11.201 -0.497488 -0.798957
    endloop
  endfacet
  facet normal 0 -0.659418 -0.751776
    outer loop
      vertex 1.91705 0.794067 -0.97099
      vertex 8.96864 0.791389 -0.968641
      vertex 1.91796 0.791389 -0.968641
    endloop
  endfacet
  facet normal 5.33489e-08 -0.659339 -0.751846
    outer loop
      vertex 1.85532 0.919238 -1.08076
      vertex 8.96864 0.791389 -0.968641
      vertex 1.91705 0.794067 -0.97099
    endloop
  endfacet
  facet normal 0 -0.659341 -0.751844
    outer loop
      vertex 8.96864 0.791389 -0.968641
      vertex 1.85532 0.919238 -1.08076
      vertex 9.08076 0.919238 -1.08076
    endloop
  endfacet
  facet normal 0 -0.659341 -0.751844
    outer loop
      vertex 11.0314 0.791389 -0.968641
      vertex 11.9397 0.919238 -1.08076
      vertex 11.9481 0.791389 -0.968641
    endloop
  endfacet
  facet normal -0 -0.659341 -0.751844
    outer loop
      vertex 11.9397 0.919238 -1.08076
      vertex 11.0314 0.791389 -0.968641
      vertex 10.9192 0.919238 -1.08076
    endloop
  endfacet
  facet normal 0 0.896872 0.442291
    outer loop
      vertex 9.35 -1.12583 -2.65
      vertex 1.68773 -1.20104 -2.49749
      vertex 9.50251 -1.20104 -2.49749
    endloop
  endfacet
  facet normal 0 0.896872 0.442291
    outer loop
      vertex 1.68773 -1.20104 -2.49749
      vertex 9.35 -1.12583 -2.65
      vertex 1.73798 -1.12583 -2.65
    endloop
  endfacet
  facet normal -0 0.896872 0.442291
    outer loop
      vertex 10.65 -1.12583 -2.65
      vertex 11.9213 -1.20104 -2.49749
      vertex 11.9262 -1.12583 -2.65
    endloop
  endfacet
  facet normal 0 0.896872 0.442291
    outer loop
      vertex 11.9213 -1.20104 -2.49749
      vertex 10.65 -1.12583 -2.65
      vertex 10.4975 -1.20104 -2.49749
    endloop
  endfacet
  facet normal 0 0.659341 -0.751844
    outer loop
      vertex 1.85532 -0.919238 -1.08076
      vertex 8.96864 -0.791389 -0.968641
      vertex 9.08076 -0.919238 -1.08076
    endloop
  endfacet
  facet normal 0 0.659418 -0.751776
    outer loop
      vertex 8.96864 -0.791389 -0.968641
      vertex 1.91705 -0.794067 -0.97099
      vertex 1.91796 -0.791389 -0.968641
    endloop
  endfacet
  facet normal 5.33489e-08 0.659339 -0.751846
    outer loop
      vertex 8.96864 -0.791389 -0.968641
      vertex 1.85532 -0.919238 -1.08076
      vertex 1.91705 -0.794067 -0.97099
    endloop
  endfacet
  facet normal 0 0.659341 -0.751844
    outer loop
      vertex 11.9397 -0.919238 -1.08076
      vertex 11.0314 -0.791389 -0.968641
      vertex 11.9481 -0.791389 -0.968641
    endloop
  endfacet
  facet normal 0 0.659341 -0.751844
    outer loop
      vertex 11.0314 -0.791389 -0.968641
      vertex 11.9397 -0.919238 -1.08076
      vertex 10.9192 -0.919238 -1.08076
    endloop
  endfacet
  facet normal 0 -0.980761 -0.195213
    outer loop
      vertex 1.64621 1.26318 -1.70112
      vertex 9.66354 1.2557 -1.66354
      vertex 1.6512 1.2557 -1.66354
    endloop
  endfacet
  facet normal -5.78051e-07 -0.980785 -0.195094
    outer loop
      vertex 1.62367 1.28888 -1.83032
      vertex 9.66354 1.2557 -1.66354
      vertex 1.64621 1.26318 -1.70112
    endloop
  endfacet
  facet normal 0 -0.980779 -0.195121
    outer loop
      vertex 9.66354 1.2557 -1.66354
      vertex 1.62367 1.28888 -1.83032
      vertex 9.83032 1.28888 -1.83032
    endloop
  endfacet
  facet normal -0 -0.980779 -0.195121
    outer loop
      vertex 11.9155 1.28888 -1.83032
      vertex 10.3365 1.2557 -1.66354
      vertex 10.1697 1.28888 -1.83032
    endloop
  endfacet
  facet normal 0 -0.980779 -0.195121
    outer loop
      vertex 10.3365 1.2557 -1.66354
      vertex 11.9155 1.28888 -1.83032
      vertex 11.9177 1.2557 -1.66354
    endloop
  endfacet
  facet normal -4.24398e-08 0.195086 -0.980786
    outer loop
      vertex 2.05725 -0.270842 -0.731244
      vertex 8.71112 -0.169683 -0.711123
      vertex 8.7443 -0.336464 -0.744297
    endloop
  endfacet
  facet normal 0 0.195083 -0.980787
    outer loop
      vertex 8.71112 -0.169683 -0.711123
      vertex 2.05725 -0.270842 -0.731244
      vertex 2.06388 -0.169683 -0.711123
    endloop
  endfacet
  facet normal 0 0.19509 -0.980785
    outer loop
      vertex 2.05725 -0.270842 -0.731244
      vertex 8.7443 -0.336464 -0.744297
      vertex 2.04419 -0.336464 -0.744297
    endloop
  endfacet
  facet normal 0 0.195086 -0.980786
    outer loop
      vertex 11.9779 -0.336464 -0.744297
      vertex 11.2889 -0.169683 -0.711123
      vertex 11.9889 -0.169683 -0.711123
    endloop
  endfacet
  facet normal 0 0.195086 -0.980786
    outer loop
      vertex 11.2889 -0.169683 -0.711123
      vertex 11.9779 -0.336464 -0.744297
      vertex 11.2557 -0.336464 -0.744297
    endloop
  endfacet
  facet normal 0 -0.321438 -0.946931
    outer loop
      vertex 2.01216 0.497488 -0.798957
      vertex 8.7443 0.336464 -0.744297
      vertex 2.04419 0.336464 -0.744297
    endloop
  endfacet
  facet normal 0 -0.321438 -0.946931
    outer loop
      vertex 8.7443 0.336464 -0.744297
      vertex 2.01216 0.497488 -0.798957
      vertex 8.79896 0.497488 -0.798957
    endloop
  endfacet
  facet normal 0 -0.321438 -0.946931
    outer loop
      vertex 11.2557 0.336464 -0.744297
      vertex 11.9674 0.497488 -0.798957
      vertex 11.9779 0.336464 -0.744297
    endloop
  endfacet
  facet normal -0 -0.321438 -0.946931
    outer loop
      vertex 11.9674 0.497488 -0.798957
      vertex 11.2557 0.336464 -0.744297
      vertex 11.201 0.497488 -0.798957
    endloop
  endfacet
  facet normal 0 0.0654054 -0.997859
    outer loop
      vertex 8.71112 -0.169683 -0.711123
      vertex 2.075 0 -0.700001
      vertex 8.7 0 -0.700001
    endloop
  endfacet
  facet normal 0 0.0654054 -0.997859
    outer loop
      vertex 2.075 0 -0.700001
      vertex 8.71112 -0.169683 -0.711123
      vertex 2.06388 -0.169683 -0.711123
    endloop
  endfacet
  facet normal 0 0.0654054 -0.997859
    outer loop
      vertex 11.9889 -0.169683 -0.711123
      vertex 11.3 0 -0.700001
      vertex 12 0 -0.700001
    endloop
  endfacet
  facet normal 0 0.0654054 -0.997859
    outer loop
      vertex 11.3 0 -0.700001
      vertex 11.9889 -0.169683 -0.711123
      vertex 11.2889 -0.169683 -0.711123
    endloop
  endfacet
  facet normal 0 -0.997859 0.0653948
    outer loop
      vertex 9.83032 1.28888 -2.16968
      vertex 1.61392 1.3 -2
      vertex 1.62367 1.28888 -2.16968
    endloop
  endfacet
  facet normal 0 -0.997859 0.0653948
    outer loop
      vertex 1.61392 1.3 -2
      vertex 9.83032 1.28888 -2.16968
      vertex 10 1.3 -2
    endloop
  endfacet
  facet normal 0 -0.997859 0.0653948
    outer loop
      vertex 10.1697 1.28888 -2.16968
      vertex 11.9148 1.3 -2
      vertex 10 1.3 -2
    endloop
  endfacet
  facet normal 0 -0.997859 0.0653948
    outer loop
      vertex 11.9148 1.3 -2
      vertex 10.1697 1.28888 -2.16968
      vertex 11.9155 1.28888 -2.16968
    endloop
  endfacet
  facet normal -0 0.0653937 0.99786
    outer loop
      vertex 2.075 0 -3.3
      vertex 8.71112 -0.169683 -3.28888
      vertex 8.7 0 -3.3
    endloop
  endfacet
  facet normal 0 0.0653937 0.99786
    outer loop
      vertex 8.71112 -0.169683 -3.28888
      vertex 2.075 0 -3.3
      vertex 2.06388 -0.169683 -3.28888
    endloop
  endfacet
  facet normal -0 0.0653937 0.99786
    outer loop
      vertex 11.3 0 -3.3
      vertex 11.9889 -0.169683 -3.28888
      vertex 12 0 -3.3
    endloop
  endfacet
  facet normal 0 0.0653937 0.99786
    outer loop
      vertex 11.9889 -0.169683 -3.28888
      vertex 11.3 0 -3.3
      vertex 11.2889 -0.169683 -3.28888
    endloop
  endfacet
  facet normal 0 0.980779 0.195121
    outer loop
      vertex 9.66354 -1.2557 -2.33646
      vertex 1.62367 -1.28888 -2.16968
      vertex 9.83032 -1.28888 -2.16968
    endloop
  endfacet
  facet normal -5.78051e-07 0.980785 0.195094
    outer loop
      vertex 1.62367 -1.28888 -2.16968
      vertex 9.66354 -1.2557 -2.33646
      vertex 1.64621 -1.26318 -2.29888
    endloop
  endfacet
  facet normal 0 0.980761 0.195213
    outer loop
      vertex 1.64621 -1.26318 -2.29888
      vertex 9.66354 -1.2557 -2.33646
      vertex 1.6512 -1.2557 -2.33646
    endloop
  endfacet
  facet normal -0 0.980779 0.195121
    outer loop
      vertex 10.3365 -1.2557 -2.33646
      vertex 11.9155 -1.28888 -2.16968
      vertex 11.9177 -1.2557 -2.33646
    endloop
  endfacet
  facet normal 0 0.980779 0.195121
    outer loop
      vertex 11.9155 -1.28888 -2.16968
      vertex 10.3365 -1.2557 -2.33646
      vertex 10.1697 -1.28888 -2.16968
    endloop
  endfacet
  facet normal 0 -0.442283 -0.896876
    outer loop
      vertex 2.0043 0.537049 -0.818466
      vertex 8.79896 0.497488 -0.798957
      vertex 2.01216 0.497488 -0.798957
    endloop
  endfacet
  facet normal -3.06808e-08 -0.442287 -0.896874
    outer loop
      vertex 1.96595 0.65 -0.874167
      vertex 8.79896 0.497488 -0.798957
      vertex 2.0043 0.537049 -0.818466
    endloop
  endfacet
  facet normal 0 -0.442286 -0.896874
    outer loop
      vertex 8.79896 0.497488 -0.798957
      vertex 1.96595 0.65 -0.874167
      vertex 8.87417 0.65 -0.874167
    endloop
  endfacet
  facet normal 0 -0.442286 -0.896874
    outer loop
      vertex 11.201 0.497488 -0.798957
      vertex 11.9574 0.65 -0.874167
      vertex 11.9674 0.497488 -0.798957
    endloop
  endfacet
  facet normal -0 -0.442286 -0.896874
    outer loop
      vertex 11.9574 0.65 -0.874167
      vertex 11.201 0.497488 -0.798957
      vertex 11.1258 0.65 -0.874167
    endloop
  endfacet
  facet normal 0 -0.831493 -0.555535
    outer loop
      vertex 1.797 1.0375 -1.2178
      vertex 9.20861 1.03136 -1.20861
      vertex 1.80003 1.03136 -1.20861
    endloop
  endfacet
  facet normal 3.79538e-08 -0.831479 -0.555556
    outer loop
      vertex 1.73798 1.12583 -1.35
      vertex 9.20861 1.03136 -1.20861
      vertex 1.797 1.0375 -1.2178
    endloop
  endfacet
  facet normal 0 -0.83148 -0.555555
    outer loop
      vertex 9.20861 1.03136 -1.20861
      vertex 1.73798 1.12583 -1.35
      vertex 9.35 1.12583 -1.35
    endloop
  endfacet
  facet normal -0 -0.83148 -0.555555
    outer loop
      vertex 11.9262 1.12583 -1.35
      vertex 10.7914 1.03136 -1.20861
      vertex 10.65 1.12583 -1.35
    endloop
  endfacet
  facet normal 0 -0.83148 -0.555555
    outer loop
      vertex 10.7914 1.03136 -1.20861
      vertex 11.9262 1.12583 -1.35
      vertex 11.9324 1.03136 -1.20861
    endloop
  endfacet
  facet normal 0 0.946934 -0.321427
    outer loop
      vertex 1.6512 -1.2557 -1.66354
      vertex 9.50251 -1.20104 -1.50251
      vertex 9.66354 -1.2557 -1.66354
    endloop
  endfacet
  facet normal 0 0.946934 -0.321427
    outer loop
      vertex 9.50251 -1.20104 -1.50251
      vertex 1.6512 -1.2557 -1.66354
      vertex 1.68773 -1.20104 -1.50251
    endloop
  endfacet
  facet normal 0 0.946934 -0.321427
    outer loop
      vertex 11.9177 -1.2557 -1.66354
      vertex 10.4975 -1.20104 -1.50251
      vertex 11.9213 -1.20104 -1.50251
    endloop
  endfacet
  facet normal 0 0.946934 -0.321427
    outer loop
      vertex 10.4975 -1.20104 -1.50251
      vertex 11.9177 -1.2557 -1.66354
      vertex 10.3365 -1.2557 -1.66354
    endloop
  endfacet
  facet normal 0 -0.0654054 -0.997859
    outer loop
      vertex 2.075 0 -0.700001
      vertex 8.71112 0.169683 -0.711123
      vertex 8.7 0 -0.700001
    endloop
  endfacet
  facet normal -0 -0.0654054 -0.997859
    outer loop
      vertex 8.71112 0.169683 -0.711123
      vertex 2.075 0 -0.700001
      vertex 2.06388 0.169683 -0.711123
    endloop
  endfacet
  facet normal 0 -0.0654054 -0.997859
    outer loop
      vertex 11.3 0 -0.700001
      vertex 11.9889 0.169683 -0.711123
      vertex 12 0 -0.700001
    endloop
  endfacet
  facet normal -0 -0.0654054 -0.997859
    outer loop
      vertex 11.9889 0.169683 -0.711123
      vertex 11.3 0 -0.700001
      vertex 11.2889 0.169683 -0.711123
    endloop
  endfacet
  facet normal 0 0.751838 -0.659348
    outer loop
      vertex 1.80003 -1.03136 -1.20861
      vertex 9.08076 -0.919238 -1.08076
      vertex 9.20861 -1.03136 -1.20861
    endloop
  endfacet
  facet normal 0 0.751838 -0.659348
    outer loop
      vertex 9.08076 -0.919238 -1.08076
      vertex 1.80003 -1.03136 -1.20861
      vertex 1.85532 -0.919238 -1.08076
    endloop
  endfacet
  facet normal 0 0.751838 -0.659348
    outer loop
      vertex 11.9324 -1.03136 -1.20861
      vertex 10.9192 -0.919238 -1.08076
      vertex 11.9397 -0.919238 -1.08076
    endloop
  endfacet
  facet normal 0 0.751838 -0.659348
    outer loop
      vertex 10.9192 -0.919238 -1.08076
      vertex 11.9324 -1.03136 -1.20861
      vertex 10.7914 -1.03136 -1.20861
    endloop
  endfacet
  facet normal -5.78051e-07 -0.980785 0.195094
    outer loop
      vertex 9.66354 1.2557 -2.33646
      vertex 1.62367 1.28888 -2.16968
      vertex 1.64621 1.26318 -2.29888
    endloop
  endfacet
  facet normal 0 -0.980761 0.195213
    outer loop
      vertex 9.66354 1.2557 -2.33646
      vertex 1.64621 1.26318 -2.29888
      vertex 1.6512 1.2557 -2.33646
    endloop
  endfacet
  facet normal 0 -0.980779 0.195121
    outer loop
      vertex 1.62367 1.28888 -2.16968
      vertex 9.66354 1.2557 -2.33646
      vertex 9.83032 1.28888 -2.16968
    endloop
  endfacet
  facet normal 0 -0.980779 0.195121
    outer loop
      vertex 10.3365 1.2557 -2.33646
      vertex 11.9155 1.28888 -2.16968
      vertex 10.1697 1.28888 -2.16968
    endloop
  endfacet
  facet normal 0 -0.980779 0.195121
    outer loop
      vertex 11.9155 1.28888 -2.16968
      vertex 10.3365 1.2557 -2.33646
      vertex 11.9177 1.2557 -2.33646
    endloop
  endfacet
  facet normal 0 0.659577 0.751637
    outer loop
      vertex 1.91705 -0.794067 -3.02901
      vertex 8.96864 -0.791389 -3.03136
      vertex 1.91796 -0.791389 -3.03136
    endloop
  endfacet
  facet normal 1.5999e-07 0.659339 0.751846
    outer loop
      vertex 1.85532 -0.919238 -2.91924
      vertex 8.96864 -0.791389 -3.03136
      vertex 1.91705 -0.794067 -3.02901
    endloop
  endfacet
  facet normal 0 0.659344 0.751841
    outer loop
      vertex 8.96864 -0.791389 -3.03136
      vertex 1.85532 -0.919238 -2.91924
      vertex 9.08076 -0.919238 -2.91924
    endloop
  endfacet
  facet normal -0 0.659344 0.751841
    outer loop
      vertex 11.0314 -0.791389 -3.03136
      vertex 11.9397 -0.919238 -2.91924
      vertex 11.9481 -0.791389 -3.03136
    endloop
  endfacet
  facet normal 0 0.659344 0.751841
    outer loop
      vertex 11.9397 -0.919238 -2.91924
      vertex 11.0314 -0.791389 -3.03136
      vertex 10.9192 -0.919238 -2.91924
    endloop
  endfacet
  facet normal 0 0.442286 -0.896874
    outer loop
      vertex 1.96595 -0.65 -0.874167
      vertex 8.79896 -0.497488 -0.798957
      vertex 8.87417 -0.65 -0.874167
    endloop
  endfacet
  facet normal 0 0.442283 -0.896876
    outer loop
      vertex 8.79896 -0.497488 -0.798957
      vertex 2.0043 -0.537049 -0.818466
      vertex 2.01216 -0.497488 -0.798957
    endloop
  endfacet
  facet normal -3.06808e-08 0.442287 -0.896874
    outer loop
      vertex 8.79896 -0.497488 -0.798957
      vertex 1.96595 -0.65 -0.874167
      vertex 2.0043 -0.537049 -0.818466
    endloop
  endfacet
  facet normal 0 0.442286 -0.896874
    outer loop
      vertex 11.9574 -0.65 -0.874167
      vertex 11.201 -0.497488 -0.798957
      vertex 11.9674 -0.497488 -0.798957
    endloop
  endfacet
  facet normal 0 0.442286 -0.896874
    outer loop
      vertex 11.201 -0.497488 -0.798957
      vertex 11.9574 -0.65 -0.874167
      vertex 11.1258 -0.65 -0.874167
    endloop
  endfacet
  facet normal 0 0.83148 0.555555
    outer loop
      vertex 9.20861 -1.03136 -2.79139
      vertex 1.73798 -1.12583 -2.65
      vertex 9.35 -1.12583 -2.65
    endloop
  endfacet
  facet normal 3.79538e-08 0.831479 0.555556
    outer loop
      vertex 1.73798 -1.12583 -2.65
      vertex 9.20861 -1.03136 -2.79139
      vertex 1.797 -1.0375 -2.7822
    endloop
  endfacet
  facet normal 0 0.831493 0.555535
    outer loop
      vertex 1.797 -1.0375 -2.7822
      vertex 9.20861 -1.03136 -2.79139
      vertex 1.80003 -1.03136 -2.79139
    endloop
  endfacet
  facet normal -0 0.83148 0.555555
    outer loop
      vertex 10.7914 -1.03136 -2.79139
      vertex 11.9262 -1.12583 -2.65
      vertex 11.9324 -1.03136 -2.79139
    endloop
  endfacet
  facet normal 0 0.83148 0.555555
    outer loop
      vertex 11.9262 -1.12583 -2.65
      vertex 10.7914 -1.03136 -2.79139
      vertex 10.65 -1.12583 -2.65
    endloop
  endfacet
  facet normal 0 -0.946934 0.321427
    outer loop
      vertex 9.50251 1.20104 -2.49749
      vertex 1.6512 1.2557 -2.33646
      vertex 1.68773 1.20104 -2.49749
    endloop
  endfacet
  facet normal 0 -0.946934 0.321427
    outer loop
      vertex 1.6512 1.2557 -2.33646
      vertex 9.50251 1.20104 -2.49749
      vertex 9.66354 1.2557 -2.33646
    endloop
  endfacet
  facet normal 0 -0.946934 0.321427
    outer loop
      vertex 10.4975 1.20104 -2.49749
      vertex 11.9177 1.2557 -2.33646
      vertex 10.3365 1.2557 -2.33646
    endloop
  endfacet
  facet normal 0 -0.946934 0.321427
    outer loop
      vertex 11.9177 1.2557 -2.33646
      vertex 10.4975 1.20104 -2.49749
      vertex 11.9213 1.20104 -2.49749
    endloop
  endfacet
  facet normal 0 0.831493 -0.555535
    outer loop
      vertex 9.20861 -1.03136 -1.20861
      vertex 1.797 -1.0375 -1.2178
      vertex 1.80003 -1.03136 -1.20861
    endloop
  endfacet
  facet normal 0 0.83148 -0.555555
    outer loop
      vertex 1.73798 -1.12583 -1.35
      vertex 9.20861 -1.03136 -1.20861
      vertex 9.35 -1.12583 -1.35
    endloop
  endfacet
  facet normal 3.79538e-08 0.831479 -0.555556
    outer loop
      vertex 9.20861 -1.03136 -1.20861
      vertex 1.73798 -1.12583 -1.35
      vertex 1.797 -1.0375 -1.2178
    endloop
  endfacet
  facet normal 0 0.83148 -0.555555
    outer loop
      vertex 11.9262 -1.12583 -1.35
      vertex 10.7914 -1.03136 -1.20861
      vertex 11.9324 -1.03136 -1.20861
    endloop
  endfacet
  facet normal 0 0.83148 -0.555555
    outer loop
      vertex 10.7914 -1.03136 -1.20861
      vertex 11.9262 -1.12583 -1.35
      vertex 10.65 -1.12583 -1.35
    endloop
  endfacet
  facet normal 0 0.896872 -0.442291
    outer loop
      vertex 1.68773 -1.20104 -1.50251
      vertex 9.35 -1.12583 -1.35
      vertex 9.50251 -1.20104 -1.50251
    endloop
  endfacet
  facet normal 0 0.896872 -0.442291
    outer loop
      vertex 9.35 -1.12583 -1.35
      vertex 1.68773 -1.20104 -1.50251
      vertex 1.73798 -1.12583 -1.35
    endloop
  endfacet
  facet normal 0 0.896872 -0.442291
    outer loop
      vertex 11.9213 -1.20104 -1.50251
      vertex 10.65 -1.12583 -1.35
      vertex 11.9262 -1.12583 -1.35
    endloop
  endfacet
  facet normal 0 0.896872 -0.442291
    outer loop
      vertex 10.65 -1.12583 -1.35
      vertex 11.9213 -1.20104 -1.50251
      vertex 10.4975 -1.20104 -1.50251
    endloop
  endfacet
endsolid OpenSCAD_Model
