solid OpenSCAD_Model
  facet normal -0.237742 -0.971328 0
    outer loop
      vertex 18.7609 -10.477 0
      vertex 25.1488 -12.0405 5
      vertex 18.7609 -10.477 5
    endloop
  endfacet
  facet normal -0.237742 -0.971328 -0
    outer loop
      vertex 25.1488 -12.0405 5
      vertex 18.7609 -10.477 0
      vertex 25.1488 -12.0405 0
    endloop
  endfacet
  facet normal 0.923884 -0.382674 0
    outer loop
      vertex 25.1488 -12.0405 5
      vertex 26.2968 -9.2689 0
      vertex 26.2968 -9.2689 5
    endloop
  endfacet
  facet normal 0.923884 -0.382674 0
    outer loop
      vertex 26.2968 -9.2689 0
      vertex 25.1488 -12.0405 5
      vertex 25.1488 -12.0405 0
    endloop
  endfacet
  facet normal -0.382658 -0.92389 0
    outer loop
      vertex 18.61 -10.4145 0
      vertex 18.7609 -10.477 5
      vertex 18.61 -10.4145 5
    endloop
  endfacet
  facet normal -0.382658 -0.92389 -0
    outer loop
      vertex 18.7609 -10.477 5
      vertex 18.61 -10.4145 0
      vertex 18.7609 -10.477 0
    endloop
  endfacet
  facet normal 0.518718 0.854945 -0
    outer loop
      vertex 26.2968 -9.2689 0
      vertex 20.6743 -5.85758 5
      vertex 26.2968 -9.2689 5
    endloop
  endfacet
  facet normal 0.518718 0.854945 0
    outer loop
      vertex 20.6743 -5.85758 5
      vertex 26.2968 -9.2689 0
      vertex 20.6743 -5.85758 0
    endloop
  endfacet
  facet normal 0 0 -1
    outer loop
      vertex 5.85758 -20.6743 0
      vertex 10.477 -18.7609 0
      vertex 12.0405 -25.1488 0
    endloop
  endfacet
  facet normal 0 0 -1
    outer loop
      vertex 13.5393 -16.4977 0
      vertex 9.56926 -3.27177 0
      vertex 10 -3.3 0
    endloop
  endfacet
  facet normal 0 0 -1
    outer loop
      vertex 5.85758 -20.6743 0
      vertex 12.0405 -25.1488 0
      vertex 9.2689 -26.2968 0
    endloop
  endfacet
  facet normal -0 0 -1
    outer loop
      vertex 10.477 -18.7609 0
      vertex 5.85758 -20.6743 0
      vertex 10.4145 -18.61 0
    endloop
  endfacet
  facet normal 0 0 -1
    outer loop
      vertex 5.79509 -20.5234 0
      vertex 10.4145 -18.61 0
      vertex 5.85758 -20.6743 0
    endloop
  endfacet
  facet normal 0 0 -1
    outer loop
      vertex -1.9512 -9.92311 0
      vertex 10.4145 -18.61 0
      vertex 5.79509 -20.5234 0
    endloop
  endfacet
  facet normal 0 0 -1
    outer loop
      vertex 11.8571 -17.7453 0
      vertex 9.1459 -3.18755 0
      vertex 9.56926 -3.27177 0
    endloop
  endfacet
  facet normal 0 0 -1
    outer loop
      vertex 10.4145 -18.61 0
      vertex -1.81245 -9.51436 0
      vertex 9.1459 -3.18755 0
    endloop
  endfacet
  facet normal -0 0 -1
    outer loop
      vertex 9.1459 -3.18755 0
      vertex -1.81245 -9.51436 0
      vertex 8.73715 -3.0488 0
    endloop
  endfacet
  facet normal 0 -0 -1
    outer loop
      vertex -1.72823 -9.09099 0
      vertex 8.73715 -3.0488 0
      vertex -1.81245 -9.51436 0
    endloop
  endfacet
  facet normal -0 0 -1
    outer loop
      vertex 8.73715 -3.0488 0
      vertex -1.72823 -9.09099 0
      vertex 8.35 -2.85788 0
    endloop
  endfacet
  facet normal 0 -0 -1
    outer loop
      vertex -1.7 -8.66025 0
      vertex 8.35 -2.85788 0
      vertex -1.72823 -9.09099 0
    endloop
  endfacet
  facet normal -0 0 -1
    outer loop
      vertex 8.35 -2.85788 0
      vertex -1.7 -8.66025 0
      vertex 7.99109 -2.61807 0
    endloop
  endfacet
  facet normal -0 0 -1
    outer loop
      vertex 7.99109 -2.61807 0
      vertex -1.72823 -8.22952 0
      vertex 7.66655 -2.33345 0
    endloop
  endfacet
  facet normal -0 0 -1
    outer loop
      vertex 7.66655 -2.33345 0
      vertex -1.81244 -7.80615 0
      vertex 7.38193 -2.00891 0
    endloop
  endfacet
  facet normal 0 0 -1
    outer loop
      vertex -1.81244 -7.80615 0
      vertex 7.66655 -2.33345 0
      vertex -1.72823 -8.22952 0
    endloop
  endfacet
  facet normal 0 0 -1
    outer loop
      vertex 12.3335 2.33345 0
      vertex 20.5234 5.79509 0
      vertex 12.6181 2.00891 0
    endloop
  endfacet
  facet normal 0 0 -1
    outer loop
      vertex 12.0089 2.61807 0
      vertex 20.5234 5.79509 0
      vertex 12.3335 2.33345 0
    endloop
  endfacet
  facet normal -0 0 -1
    outer loop
      vertex 20.5234 5.79509 0
      vertex 12.0089 2.61807 0
      vertex 18.61 10.4145 0
    endloop
  endfacet
  facet normal 0 0 -1
    outer loop
      vertex 11.65 2.85788 0
      vertex 18.61 10.4145 0
      vertex 12.0089 2.61807 0
    endloop
  endfacet
  facet normal 0 0 -1
    outer loop
      vertex 11.2629 3.0488 0
      vertex 18.61 10.4145 0
      vertex 11.65 2.85788 0
    endloop
  endfacet
  facet normal -0 0 -1
    outer loop
      vertex 18.61 10.4145 0
      vertex 11.2629 3.0488 0
      vertex 17.7453 11.8571 0
    endloop
  endfacet
  facet normal 0 0 -1
    outer loop
      vertex 10.8541 3.18755 0
      vertex 17.7453 11.8571 0
      vertex 11.2629 3.0488 0
    endloop
  endfacet
  facet normal -0 0 -1
    outer loop
      vertex 17.7453 11.8571 0
      vertex 10.8541 3.18755 0
      vertex 16.4977 13.5393 0
    endloop
  endfacet
  facet normal 0 0 -1
    outer loop
      vertex 10.4307 3.27177 0
      vertex 16.4977 13.5393 0
      vertex 10.8541 3.18755 0
    endloop
  endfacet
  facet normal -0 0 -1
    outer loop
      vertex 16.4977 13.5393 0
      vertex 10.4307 3.27177 0
      vertex 15.0912 15.0912 0
    endloop
  endfacet
  facet normal 0 0 -1
    outer loop
      vertex 10 3.3 0
      vertex 15.0912 15.0912 0
      vertex 10.4307 3.27177 0
    endloop
  endfacet
  facet normal -0 0 -1
    outer loop
      vertex 15.0912 15.0912 0
      vertex 10 3.3 0
      vertex 13.5393 16.4977 0
    endloop
  endfacet
  facet normal 0 0 -1
    outer loop
      vertex 9.56926 3.27177 0
      vertex 13.5393 16.4977 0
      vertex 10 3.3 0
    endloop
  endfacet
  facet normal -0 0 -1
    outer loop
      vertex 13.5393 16.4977 0
      vertex 9.56926 3.27177 0
      vertex 11.8571 17.7453 0
    endloop
  endfacet
  facet normal 0 0 -1
    outer loop
      vertex 25.1488 -12.0405 0
      vertex 20.6743 -5.85758 0
      vertex 26.2968 -9.2689 0
    endloop
  endfacet
  facet normal 0 0 -1
    outer loop
      vertex 18.7609 -10.477 0
      vertex 20.6743 -5.85758 0
      vertex 25.1488 -12.0405 0
    endloop
  endfacet
  facet normal 0 0 -1
    outer loop
      vertex 18.61 -10.4145 0
      vertex 20.5234 -5.79509 0
      vertex 18.7609 -10.477 0
    endloop
  endfacet
  facet normal -0 0 -1
    outer loop
      vertex 20.6743 -5.85758 0
      vertex 18.7609 -10.477 0
      vertex 20.5234 -5.79509 0
    endloop
  endfacet
  facet normal 0 0 -1
    outer loop
      vertex 21.2394 -2.09189 0
      vertex 21.2394 2.09189 0
      vertex 21.3421 0 0
    endloop
  endfacet
  facet normal 0 0 -1
    outer loop
      vertex 20.9321 -4.16364 0
      vertex 21.2394 2.09189 0
      vertex 21.2394 -2.09189 0
    endloop
  endfacet
  facet normal 0 0 -1
    outer loop
      vertex 20.9321 -4.16364 0
      vertex 20.9321 4.16364 0
      vertex 21.2394 2.09189 0
    endloop
  endfacet
  facet normal 0 0 -1
    outer loop
      vertex 20.5234 -5.79509 0
      vertex 20.9321 4.16364 0
      vertex 20.9321 -4.16364 0
    endloop
  endfacet
  facet normal -0 0 -1
    outer loop
      vertex 20.9321 4.16364 0
      vertex 20.5234 -5.79509 0
      vertex 20.5234 5.79509 0
    endloop
  endfacet
  facet normal 0 0 -1
    outer loop
      vertex 20.6743 5.85758 0
      vertex 25.1488 12.0405 0
      vertex 26.2968 9.2689 0
    endloop
  endfacet
  facet normal 0 0 -1
    outer loop
      vertex 18.7609 10.477 0
      vertex 20.6743 5.85758 0
      vertex 20.5234 5.79509 0
    endloop
  endfacet
  facet normal 0 0 -1
    outer loop
      vertex 20.6743 5.85758 0
      vertex 18.7609 10.477 0
      vertex 25.1488 12.0405 0
    endloop
  endfacet
  facet normal 0 0 -1
    outer loop
      vertex 12.0089 -2.61807 0
      vertex 20.5234 -5.79509 0
      vertex 18.61 -10.4145 0
    endloop
  endfacet
  facet normal 0 -0 -1
    outer loop
      vertex 13.2718 -0.430736 0
      vertex 20.5234 -5.79509 0
      vertex 13.1876 -0.854102 0
    endloop
  endfacet
  facet normal 0 0 -1
    outer loop
      vertex 13.2718 0.430736 0
      vertex 20.5234 5.79509 0
      vertex 13.3 0 0
    endloop
  endfacet
  facet normal 0 0 -1
    outer loop
      vertex 11.2629 -3.0488 0
      vertex 18.61 -10.4145 0
      vertex 17.7453 -11.8571 0
    endloop
  endfacet
  facet normal 0 0 -1
    outer loop
      vertex 20.5234 5.79509 0
      vertex 18.61 10.4145 0
      vertex 18.7609 10.477 0
    endloop
  endfacet
  facet normal 0 0 -1
    outer loop
      vertex 10.8541 -3.18755 0
      vertex 17.7453 -11.8571 0
      vertex 16.4977 -13.5393 0
    endloop
  endfacet
  facet normal 0 0 -1
    outer loop
      vertex 13.1876 0.854102 0
      vertex 20.5234 5.79509 0
      vertex 13.2718 0.430736 0
    endloop
  endfacet
  facet normal 0 0 -1
    outer loop
      vertex 10.4307 -3.27177 0
      vertex 16.4977 -13.5393 0
      vertex 15.0912 -15.0912 0
    endloop
  endfacet
  facet normal 0 0 -1
    outer loop
      vertex 13.0488 1.26285 0
      vertex 20.5234 5.79509 0
      vertex 13.1876 0.854102 0
    endloop
  endfacet
  facet normal 0 0 -1
    outer loop
      vertex 10 -3.3 0
      vertex 15.0912 -15.0912 0
      vertex 13.5393 -16.4977 0
    endloop
  endfacet
  facet normal 0 0 -1
    outer loop
      vertex 12.8579 1.65 0
      vertex 20.5234 5.79509 0
      vertex 13.0488 1.26285 0
    endloop
  endfacet
  facet normal 0 0 -1
    outer loop
      vertex 12.6181 2.00891 0
      vertex 20.5234 5.79509 0
      vertex 12.8579 1.65 0
    endloop
  endfacet
  facet normal 0 0 -1
    outer loop
      vertex 20.5234 -5.79509 0
      vertex 13.3 0 0
      vertex 20.5234 5.79509 0
    endloop
  endfacet
  facet normal 0 -0 -1
    outer loop
      vertex 13.3 0 0
      vertex 20.5234 -5.79509 0
      vertex 13.2718 -0.430736 0
    endloop
  endfacet
  facet normal 0 0 -1
    outer loop
      vertex 20.5234 -5.79509 0
      vertex 13.0488 -1.26285 0
      vertex 13.1876 -0.854102 0
    endloop
  endfacet
  facet normal 0 0 -1
    outer loop
      vertex 20.5234 -5.79509 0
      vertex 12.8579 -1.65 0
      vertex 13.0488 -1.26285 0
    endloop
  endfacet
  facet normal 0 0 -1
    outer loop
      vertex 20.5234 -5.79509 0
      vertex 12.6181 -2.00891 0
      vertex 12.8579 -1.65 0
    endloop
  endfacet
  facet normal 0 0 -1
    outer loop
      vertex 20.5234 -5.79509 0
      vertex 12.3335 -2.33345 0
      vertex 12.6181 -2.00891 0
    endloop
  endfacet
  facet normal 0 0 -1
    outer loop
      vertex 20.5234 -5.79509 0
      vertex 12.0089 -2.61807 0
      vertex 12.3335 -2.33345 0
    endloop
  endfacet
  facet normal 0 0 -1
    outer loop
      vertex 9.56926 -3.27177 0
      vertex 13.5393 -16.4977 0
      vertex 11.8571 -17.7453 0
    endloop
  endfacet
  facet normal 0 0 -1
    outer loop
      vertex 18.61 -10.4145 0
      vertex 11.65 -2.85788 0
      vertex 12.0089 -2.61807 0
    endloop
  endfacet
  facet normal 0 0 -1
    outer loop
      vertex 18.61 -10.4145 0
      vertex 11.2629 -3.0488 0
      vertex 11.65 -2.85788 0
    endloop
  endfacet
  facet normal 0 0 -1
    outer loop
      vertex 17.7453 -11.8571 0
      vertex 10.8541 -3.18755 0
      vertex 11.2629 -3.0488 0
    endloop
  endfacet
  facet normal 0 0 -1
    outer loop
      vertex 16.4977 -13.5393 0
      vertex 10.4307 -3.27177 0
      vertex 10.8541 -3.18755 0
    endloop
  endfacet
  facet normal 0 0 -1
    outer loop
      vertex 9.1459 -3.18755 0
      vertex 11.8571 -17.7453 0
      vertex 10.4145 -18.61 0
    endloop
  endfacet
  facet normal 0 0 -1
    outer loop
      vertex 15.0912 -15.0912 0
      vertex 10 -3.3 0
      vertex 10.4307 -3.27177 0
    endloop
  endfacet
  facet normal 0 0 -1
    outer loop
      vertex 5.85758 20.6743 0
      vertex 10.477 18.7609 0
      vertex 10.4145 18.61 0
    endloop
  endfacet
  facet normal 0 0 -1
    outer loop
      vertex 9.1459 3.18755 0
      vertex 11.8571 17.7453 0
      vertex 9.56926 3.27177 0
    endloop
  endfacet
  facet normal 0 0 -1
    outer loop
      vertex 10.477 18.7609 0
      vertex 5.85758 20.6743 0
      vertex 12.0405 25.1488 0
    endloop
  endfacet
  facet normal -0 0 -1
    outer loop
      vertex 11.8571 17.7453 0
      vertex 9.1459 3.18755 0
      vertex 10.4145 18.61 0
    endloop
  endfacet
  facet normal 0 0 -1
    outer loop
      vertex -1.81245 9.51436 0
      vertex 10.4145 18.61 0
      vertex 9.1459 3.18755 0
    endloop
  endfacet
  facet normal 0 0 -1
    outer loop
      vertex -1.81245 9.51436 0
      vertex 9.1459 3.18755 0
      vertex 8.73715 3.0488 0
    endloop
  endfacet
  facet normal 0 0 -1
    outer loop
      vertex -1.72823 9.09099 0
      vertex 8.73715 3.0488 0
      vertex 8.35 2.85788 0
    endloop
  endfacet
  facet normal 0 0 -1
    outer loop
      vertex -1.7 8.66025 0
      vertex 8.35 2.85788 0
      vertex 7.99109 2.61807 0
    endloop
  endfacet
  facet normal 0 0 -1
    outer loop
      vertex -1.72823 8.22952 0
      vertex 7.99109 2.61807 0
      vertex 7.66655 2.33345 0
    endloop
  endfacet
  facet normal 0 0 -1
    outer loop
      vertex -1.81244 7.80615 0
      vertex 7.66655 2.33345 0
      vertex 7.38193 2.00891 0
    endloop
  endfacet
  facet normal 0 0 -1
    outer loop
      vertex -1.9512 7.3974 0
      vertex 7.38193 2.00891 0
      vertex 7.14212 1.65 0
    endloop
  endfacet
  facet normal 0 0 -1
    outer loop
      vertex -2.14212 7.01025 0
      vertex 7.14212 1.65 0
      vertex 6.9512 1.26285 0
    endloop
  endfacet
  facet normal 0 0 -1
    outer loop
      vertex -2.38193 6.65134 0
      vertex 6.9512 1.26285 0
      vertex 6.81245 0.854102 0
    endloop
  endfacet
  facet normal 0 0 -1
    outer loop
      vertex -2.66655 6.3268 0
      vertex 6.81245 0.854102 0
      vertex 6.72823 0.430736 0
    endloop
  endfacet
  facet normal -0 0 -1
    outer loop
      vertex 12.0405 25.1488 0
      vertex 5.85758 20.6743 0
      vertex 9.2689 26.2968 0
    endloop
  endfacet
  facet normal 0 0 -1
    outer loop
      vertex -2.99109 6.04219 0
      vertex 6.72823 0.430736 0
      vertex 6.7 0 0
    endloop
  endfacet
  facet normal 0 0 -1
    outer loop
      vertex -1.9512 -7.3974 0
      vertex 7.38193 -2.00891 0
      vertex -1.81244 -7.80615 0
    endloop
  endfacet
  facet normal -0 0 -1
    outer loop
      vertex 7.38193 -2.00891 0
      vertex -1.9512 -7.3974 0
      vertex 7.14212 -1.65 0
    endloop
  endfacet
  facet normal 0 0 -1
    outer loop
      vertex 10.4145 18.61 0
      vertex 5.79509 20.5234 0
      vertex 5.85758 20.6743 0
    endloop
  endfacet
  facet normal 0 0 -1
    outer loop
      vertex -2.14212 -10.3103 0
      vertex 5.79509 -20.5234 0
      vertex 4.16364 -20.9321 0
    endloop
  endfacet
  facet normal -0 0 -1
    outer loop
      vertex 6.9512 -1.26285 0
      vertex -2.38193 -6.65134 0
      vertex 6.81245 -0.854102 0
    endloop
  endfacet
  facet normal 0 0 -1
    outer loop
      vertex -2.38193 -10.6692 0
      vertex 4.16364 -20.9321 0
      vertex 2.09189 -21.2394 0
    endloop
  endfacet
  facet normal 0 0 -1
    outer loop
      vertex -2.38193 -6.65134 0
      vertex 6.9512 -1.26285 0
      vertex -2.14212 -7.01025 0
    endloop
  endfacet
  facet normal 0 0 -1
    outer loop
      vertex -2.99109 -11.2783 0
      vertex 2.09189 -21.2394 0
      vertex 0 -21.3421 0
    endloop
  endfacet
  facet normal -0 0 -1
    outer loop
      vertex 7.14212 -1.65 0
      vertex -2.14212 -7.01025 0
      vertex 6.9512 -1.26285 0
    endloop
  endfacet
  facet normal 0 0 -1
    outer loop
      vertex 7.66655 2.33345 0
      vertex -1.81244 7.80615 0
      vertex -1.72823 8.22952 0
    endloop
  endfacet
  facet normal 0 0 -1
    outer loop
      vertex -2.14212 -7.01025 0
      vertex 7.14212 -1.65 0
      vertex -1.9512 -7.3974 0
    endloop
  endfacet
  facet normal 0 0 -1
    outer loop
      vertex -1.72823 -8.22952 0
      vertex 7.99109 -2.61807 0
      vertex -1.7 -8.66025 0
    endloop
  endfacet
  facet normal 0 0 -1
    outer loop
      vertex 10.4145 -18.61 0
      vertex -1.9512 -9.92311 0
      vertex -1.81245 -9.51436 0
    endloop
  endfacet
  facet normal 0 0 -1
    outer loop
      vertex -3.35 -11.5181 0
      vertex 0 -21.3421 0
      vertex -2.09189 -21.2394 0
    endloop
  endfacet
  facet normal 0 0 -1
    outer loop
      vertex 5.79509 -20.5234 0
      vertex -2.14212 -10.3103 0
      vertex -1.9512 -9.92311 0
    endloop
  endfacet
  facet normal 0 0 -1
    outer loop
      vertex 4.16364 -20.9321 0
      vertex -2.38193 -10.6692 0
      vertex -2.14212 -10.3103 0
    endloop
  endfacet
  facet normal 0 0 -1
    outer loop
      vertex 2.09189 -21.2394 0
      vertex -2.66655 -10.9937 0
      vertex -2.38193 -10.6692 0
    endloop
  endfacet
  facet normal 0 0 -1
    outer loop
      vertex 2.09189 -21.2394 0
      vertex -2.99109 -11.2783 0
      vertex -2.66655 -10.9937 0
    endloop
  endfacet
  facet normal 0 0 -1
    outer loop
      vertex 0 -21.3421 0
      vertex -3.35 -11.5181 0
      vertex -2.99109 -11.2783 0
    endloop
  endfacet
  facet normal 0 0 -1
    outer loop
      vertex -2.09189 -21.2394 0
      vertex -3.73714 -11.7091 0
      vertex -3.35 -11.5181 0
    endloop
  endfacet
  facet normal 0 0 -1
    outer loop
      vertex -2.09189 -21.2394 0
      vertex -4.1459 -11.8478 0
      vertex -3.73714 -11.7091 0
    endloop
  endfacet
  facet normal 0 0 -1
    outer loop
      vertex -4.16364 -20.9321 0
      vertex -4.1459 -11.8478 0
      vertex -2.09189 -21.2394 0
    endloop
  endfacet
  facet normal 0 0 -1
    outer loop
      vertex -4.16364 -20.9321 0
      vertex -4.56926 -11.932 0
      vertex -4.1459 -11.8478 0
    endloop
  endfacet
  facet normal 0 0 -1
    outer loop
      vertex -5.79509 -20.5234 0
      vertex -4.56926 -11.932 0
      vertex -4.16364 -20.9321 0
    endloop
  endfacet
  facet normal 0 0 -1
    outer loop
      vertex -4.56926 -11.932 0
      vertex -5.79509 -20.5234 0
      vertex -5 -11.9603 0
    endloop
  endfacet
  facet normal -0 0 -1
    outer loop
      vertex -5 -11.9603 0
      vertex -5.79509 -20.5234 0
      vertex -5.43074 -11.932 0
    endloop
  endfacet
  facet normal 0 0 -1
    outer loop
      vertex -5.79509 -20.5234 0
      vertex -5.8541 -11.8478 0
      vertex -5.43074 -11.932 0
    endloop
  endfacet
  facet normal 0 0 -1
    outer loop
      vertex -10.4145 -18.61 0
      vertex -5.79509 -20.5234 0
      vertex -5.85758 -20.6743 0
    endloop
  endfacet
  facet normal 0 0 -1
    outer loop
      vertex -5.79509 -20.5234 0
      vertex -10.4145 -18.61 0
      vertex -5.8541 -11.8478 0
    endloop
  endfacet
  facet normal -0 0 -1
    outer loop
      vertex -5.8541 -11.8478 0
      vertex -10.4145 -18.61 0
      vertex -6.26286 -11.7091 0
    endloop
  endfacet
  facet normal -0 0 -1
    outer loop
      vertex -6.26286 -11.7091 0
      vertex -10.4145 -18.61 0
      vertex -6.65 -11.5181 0
    endloop
  endfacet
  facet normal -0 0 -1
    outer loop
      vertex -6.65 -11.5181 0
      vertex -10.4145 -18.61 0
      vertex -7.00891 -11.2783 0
    endloop
  endfacet
  facet normal 0 0 -1
    outer loop
      vertex -11.8571 -17.7453 0
      vertex -7.00891 -11.2783 0
      vertex -10.4145 -18.61 0
    endloop
  endfacet
  facet normal -0 0 -1
    outer loop
      vertex -7.00891 -11.2783 0
      vertex -11.8571 -17.7453 0
      vertex -7.33345 -10.9937 0
    endloop
  endfacet
  facet normal 0 0 -1
    outer loop
      vertex -13.5393 -16.4977 0
      vertex -7.33345 -10.9937 0
      vertex -11.8571 -17.7453 0
    endloop
  endfacet
  facet normal -0 0 -1
    outer loop
      vertex -7.33345 -10.9937 0
      vertex -13.5393 -16.4977 0
      vertex -7.61807 -10.6692 0
    endloop
  endfacet
  facet normal -0 0 -1
    outer loop
      vertex -7.85788 -10.3103 0
      vertex -15.0912 -15.0912 0
      vertex -8.0488 -9.92311 0
    endloop
  endfacet
  facet normal 0 0 -1
    outer loop
      vertex -15.0912 -15.0912 0
      vertex -7.85788 -10.3103 0
      vertex -13.5393 -16.4977 0
    endloop
  endfacet
  facet normal -0 0 -1
    outer loop
      vertex -7.61807 -10.6692 0
      vertex -13.5393 -16.4977 0
      vertex -7.85788 -10.3103 0
    endloop
  endfacet
  facet normal 0 0 -1
    outer loop
      vertex -10.4145 -18.61 0
      vertex -5.85758 -20.6743 0
      vertex -9.2689 -26.2968 0
    endloop
  endfacet
  facet normal 0 0 -1
    outer loop
      vertex -21.3421 0 0
      vertex -8.3 -8.66025 0
      vertex -21.2394 -2.09189 0
    endloop
  endfacet
  facet normal 0 0 -1
    outer loop
      vertex -8.3 8.66025 0
      vertex -20.9321 4.16364 0
      vertex -20.5234 5.79509 0
    endloop
  endfacet
  facet normal 0 0 -1
    outer loop
      vertex -8.3 -8.66025 0
      vertex -21.3421 0 0
      vertex -8.3 8.66025 0
    endloop
  endfacet
  facet normal 0 0 -1
    outer loop
      vertex -8.3 8.66025 0
      vertex -21.2394 2.09189 0
      vertex -20.9321 4.16364 0
    endloop
  endfacet
  facet normal 0 0 -1
    outer loop
      vertex -8.3 8.66025 0
      vertex -21.3421 0 0
      vertex -21.2394 2.09189 0
    endloop
  endfacet
  facet normal -0 0 -1
    outer loop
      vertex -8.18756 -9.51436 0
      vertex -16.4977 -13.5393 0
      vertex -8.27177 -9.09099 0
    endloop
  endfacet
  facet normal 0 0 -1
    outer loop
      vertex -8.3 8.66025 0
      vertex -11.8571 17.7453 0
      vertex -10.4145 18.61 0
    endloop
  endfacet
  facet normal 0 0 -1
    outer loop
      vertex -17.7453 -11.8571 0
      vertex -8.27177 -9.09099 0
      vertex -16.4977 -13.5393 0
    endloop
  endfacet
  facet normal 0 0 -1
    outer loop
      vertex -8.3 8.66025 0
      vertex -13.5393 16.4977 0
      vertex -11.8571 17.7453 0
    endloop
  endfacet
  facet normal -0 0 -1
    outer loop
      vertex -8.27177 -9.09099 0
      vertex -17.7453 -11.8571 0
      vertex -8.3 -8.66025 0
    endloop
  endfacet
  facet normal 0 0 -1
    outer loop
      vertex -8.3 8.66025 0
      vertex -15.0912 15.0912 0
      vertex -13.5393 16.4977 0
    endloop
  endfacet
  facet normal 0 0 -1
    outer loop
      vertex -18.61 -10.4145 0
      vertex -8.3 -8.66025 0
      vertex -17.7453 -11.8571 0
    endloop
  endfacet
  facet normal 0 0 -1
    outer loop
      vertex -8.3 8.66025 0
      vertex -16.4977 13.5393 0
      vertex -15.0912 15.0912 0
    endloop
  endfacet
  facet normal 0 0 -1
    outer loop
      vertex -20.5234 -5.79509 0
      vertex -8.3 -8.66025 0
      vertex -18.61 -10.4145 0
    endloop
  endfacet
  facet normal 0 0 -1
    outer loop
      vertex -20.9321 -4.16364 0
      vertex -8.3 -8.66025 0
      vertex -20.5234 -5.79509 0
    endloop
  endfacet
  facet normal 0 -0 -1
    outer loop
      vertex -17.7453 11.8571 0
      vertex -8.3 8.66025 0
      vertex -18.61 10.4145 0
    endloop
  endfacet
  facet normal 0 0 -1
    outer loop
      vertex -8.3 8.66025 0
      vertex -17.7453 11.8571 0
      vertex -16.4977 13.5393 0
    endloop
  endfacet
  facet normal 0 0 -1
    outer loop
      vertex -20.5234 -5.79509 0
      vertex -18.61 -10.4145 0
      vertex -18.7609 -10.477 0
    endloop
  endfacet
  facet normal 0 0 -1
    outer loop
      vertex -21.2394 -2.09189 0
      vertex -8.3 -8.66025 0
      vertex -20.9321 -4.16364 0
    endloop
  endfacet
  facet normal -0 0 -1
    outer loop
      vertex -8.3 8.66025 0
      vertex -20.5234 5.79509 0
      vertex -18.61 10.4145 0
    endloop
  endfacet
  facet normal 0 0 -1
    outer loop
      vertex -18.7609 -10.477 0
      vertex -20.6743 -5.85758 0
      vertex -20.5234 -5.79509 0
    endloop
  endfacet
  facet normal 0 0 -1
    outer loop
      vertex -25.1488 -12.0405 0
      vertex -20.6743 -5.85758 0
      vertex -18.7609 -10.477 0
    endloop
  endfacet
  facet normal 0 0 -1
    outer loop
      vertex -20.6743 -5.85758 0
      vertex -25.1488 -12.0405 0
      vertex -26.2968 -9.2689 0
    endloop
  endfacet
  facet normal 0 0 -1
    outer loop
      vertex -10.477 18.7609 0
      vertex -5.85758 20.6743 0
      vertex -10.4145 18.61 0
    endloop
  endfacet
  facet normal -0 0 -1
    outer loop
      vertex -5.85758 20.6743 0
      vertex -10.477 18.7609 0
      vertex -9.2689 26.2968 0
    endloop
  endfacet
  facet normal 0 0 -1
    outer loop
      vertex -9.2689 26.2968 0
      vertex -10.477 18.7609 0
      vertex -12.0405 25.1488 0
    endloop
  endfacet
  facet normal -0 0 -1
    outer loop
      vertex -18.61 10.4145 0
      vertex -20.5234 5.79509 0
      vertex -18.7609 10.477 0
    endloop
  endfacet
  facet normal 0 0 -1
    outer loop
      vertex -20.6743 5.85758 0
      vertex -18.7609 10.477 0
      vertex -20.5234 5.79509 0
    endloop
  endfacet
  facet normal 0 0 -1
    outer loop
      vertex -20.6743 5.85758 0
      vertex -25.1488 12.0405 0
      vertex -18.7609 10.477 0
    endloop
  endfacet
  facet normal 0 -0 -1
    outer loop
      vertex -25.1488 12.0405 0
      vertex -20.6743 5.85758 0
      vertex -26.2968 9.2689 0
    endloop
  endfacet
  facet normal 0 0 -1
    outer loop
      vertex 8.73715 3.0488 0
      vertex -1.72823 9.09099 0
      vertex -1.81245 9.51436 0
    endloop
  endfacet
  facet normal 0 0 -1
    outer loop
      vertex -1.9512 9.92311 0
      vertex 10.4145 18.61 0
      vertex -1.81245 9.51436 0
    endloop
  endfacet
  facet normal 0 0 -1
    outer loop
      vertex 7.99109 2.61807 0
      vertex -1.72823 8.22952 0
      vertex -1.7 8.66025 0
    endloop
  endfacet
  facet normal 0 0 -1
    outer loop
      vertex 8.35 2.85788 0
      vertex -1.7 8.66025 0
      vertex -1.72823 9.09099 0
    endloop
  endfacet
  facet normal 0 0 -1
    outer loop
      vertex -2.66655 -6.3268 0
      vertex 6.81245 -0.854102 0
      vertex -2.38193 -6.65134 0
    endloop
  endfacet
  facet normal 0 0 -1
    outer loop
      vertex 7.38193 2.00891 0
      vertex -1.9512 7.3974 0
      vertex -1.81244 7.80615 0
    endloop
  endfacet
  facet normal -0 0 -1
    outer loop
      vertex 6.81245 -0.854102 0
      vertex -2.66655 -6.3268 0
      vertex 6.72823 -0.430736 0
    endloop
  endfacet
  facet normal 0 0 -1
    outer loop
      vertex 7.14212 1.65 0
      vertex -2.14212 7.01025 0
      vertex -1.9512 7.3974 0
    endloop
  endfacet
  facet normal 0 0 -1
    outer loop
      vertex -2.99109 -6.04219 0
      vertex 6.72823 -0.430736 0
      vertex -2.66655 -6.3268 0
    endloop
  endfacet
  facet normal 0 0 -1
    outer loop
      vertex 6.9512 1.26285 0
      vertex -2.38193 6.65134 0
      vertex -2.14212 7.01025 0
    endloop
  endfacet
  facet normal -0 0 -1
    outer loop
      vertex 6.72823 -0.430736 0
      vertex -2.99109 -6.04219 0
      vertex 6.7 0 0
    endloop
  endfacet
  facet normal 0 0 -1
    outer loop
      vertex 6.81245 0.854102 0
      vertex -2.66655 6.3268 0
      vertex -2.38193 6.65134 0
    endloop
  endfacet
  facet normal 0 0 -1
    outer loop
      vertex -3.35 -5.80237 0
      vertex 6.7 0 0
      vertex -2.99109 -6.04219 0
    endloop
  endfacet
  facet normal 0 0 -1
    outer loop
      vertex 6.72823 0.430736 0
      vertex -2.99109 6.04219 0
      vertex -2.66655 6.3268 0
    endloop
  endfacet
  facet normal 0 0 -1
    outer loop
      vertex -3.35 5.80237 0
      vertex 6.7 0 0
      vertex -3.35 -5.80237 0
    endloop
  endfacet
  facet normal 0 0 -1
    outer loop
      vertex 6.7 0 0
      vertex -3.35 5.80237 0
      vertex -2.99109 6.04219 0
    endloop
  endfacet
  facet normal 0 0 -1
    outer loop
      vertex -3.73714 -5.61145 0
      vertex -3.35 5.80237 0
      vertex -3.35 -5.80237 0
    endloop
  endfacet
  facet normal 0 0 -1
    outer loop
      vertex -3.73714 -5.61145 0
      vertex -3.73714 5.61145 0
      vertex -3.35 5.80237 0
    endloop
  endfacet
  facet normal 0 0 -1
    outer loop
      vertex -4.1459 -5.4727 0
      vertex -3.73714 5.61145 0
      vertex -3.73714 -5.61145 0
    endloop
  endfacet
  facet normal 0 0 -1
    outer loop
      vertex -4.1459 -5.4727 0
      vertex -4.1459 5.4727 0
      vertex -3.73714 5.61145 0
    endloop
  endfacet
  facet normal 0 0 -1
    outer loop
      vertex -4.56926 -5.38849 0
      vertex -4.1459 5.4727 0
      vertex -4.1459 -5.4727 0
    endloop
  endfacet
  facet normal 0 0 -1
    outer loop
      vertex -4.56926 -5.38849 0
      vertex -4.56926 5.38849 0
      vertex -4.1459 5.4727 0
    endloop
  endfacet
  facet normal 0 0 -1
    outer loop
      vertex -5 -5.36025 0
      vertex -4.56926 5.38849 0
      vertex -4.56926 -5.38849 0
    endloop
  endfacet
  facet normal 0 0 -1
    outer loop
      vertex -5 -5.36025 0
      vertex -5 5.36025 0
      vertex -4.56926 5.38849 0
    endloop
  endfacet
  facet normal 0 0 -1
    outer loop
      vertex -5.43074 -5.38849 0
      vertex -5 5.36025 0
      vertex -5 -5.36025 0
    endloop
  endfacet
  facet normal 0 0 -1
    outer loop
      vertex -5.43074 -5.38849 0
      vertex -5.43074 5.38849 0
      vertex -5 5.36025 0
    endloop
  endfacet
  facet normal 0 0 -1
    outer loop
      vertex -5.8541 -5.4727 0
      vertex -5.43074 5.38849 0
      vertex -5.43074 -5.38849 0
    endloop
  endfacet
  facet normal 0 0 -1
    outer loop
      vertex -5.8541 -5.4727 0
      vertex -5.8541 5.4727 0
      vertex -5.43074 5.38849 0
    endloop
  endfacet
  facet normal 0 0 -1
    outer loop
      vertex -6.26286 -5.61145 0
      vertex -5.8541 5.4727 0
      vertex -5.8541 -5.4727 0
    endloop
  endfacet
  facet normal 0 0 -1
    outer loop
      vertex -6.26286 -5.61145 0
      vertex -6.26286 5.61145 0
      vertex -5.8541 5.4727 0
    endloop
  endfacet
  facet normal 0 0 -1
    outer loop
      vertex -6.65 -5.80237 0
      vertex -6.26286 5.61145 0
      vertex -6.26286 -5.61145 0
    endloop
  endfacet
  facet normal 0 0 -1
    outer loop
      vertex -6.65 -5.80237 0
      vertex -6.65 5.80237 0
      vertex -6.26286 5.61145 0
    endloop
  endfacet
  facet normal 0 0 -1
    outer loop
      vertex -7.00891 -6.04219 0
      vertex -6.65 5.80237 0
      vertex -6.65 -5.80237 0
    endloop
  endfacet
  facet normal 0 0 -1
    outer loop
      vertex -7.00891 -6.04219 0
      vertex -7.00891 6.04219 0
      vertex -6.65 5.80237 0
    endloop
  endfacet
  facet normal 0 0 -1
    outer loop
      vertex -7.33345 -6.3268 0
      vertex -7.00891 6.04219 0
      vertex -7.00891 -6.04219 0
    endloop
  endfacet
  facet normal 0 0 -1
    outer loop
      vertex -7.33345 -6.3268 0
      vertex -7.33345 6.3268 0
      vertex -7.00891 6.04219 0
    endloop
  endfacet
  facet normal 0 0 -1
    outer loop
      vertex -7.61807 -6.65134 0
      vertex -7.33345 6.3268 0
      vertex -7.33345 -6.3268 0
    endloop
  endfacet
  facet normal 0 0 -1
    outer loop
      vertex -7.61807 -6.65134 0
      vertex -7.61807 6.65134 0
      vertex -7.33345 6.3268 0
    endloop
  endfacet
  facet normal 0 0 -1
    outer loop
      vertex -7.85788 -7.01025 0
      vertex -7.61807 6.65134 0
      vertex -7.61807 -6.65134 0
    endloop
  endfacet
  facet normal 0 0 -1
    outer loop
      vertex -7.85788 -7.01025 0
      vertex -7.85788 7.01025 0
      vertex -7.61807 6.65134 0
    endloop
  endfacet
  facet normal 0 0 -1
    outer loop
      vertex -8.0488 -7.3974 0
      vertex -7.85788 7.01025 0
      vertex -7.85788 -7.01025 0
    endloop
  endfacet
  facet normal 0 0 -1
    outer loop
      vertex -8.0488 -7.3974 0
      vertex -8.0488 7.3974 0
      vertex -7.85788 7.01025 0
    endloop
  endfacet
  facet normal 0 0 -1
    outer loop
      vertex -8.18755 -7.80615 0
      vertex -8.0488 7.3974 0
      vertex -8.0488 -7.3974 0
    endloop
  endfacet
  facet normal 0 0 -1
    outer loop
      vertex -8.18755 -7.80615 0
      vertex -8.18755 7.80615 0
      vertex -8.0488 7.3974 0
    endloop
  endfacet
  facet normal 0 0 -1
    outer loop
      vertex -8.27177 -8.22952 0
      vertex -8.18755 7.80615 0
      vertex -8.18755 -7.80615 0
    endloop
  endfacet
  facet normal 0 0 -1
    outer loop
      vertex -8.27177 -8.22952 0
      vertex -8.27177 8.22952 0
      vertex -8.18755 7.80615 0
    endloop
  endfacet
  facet normal 0 0 -1
    outer loop
      vertex -8.3 -8.66025 0
      vertex -8.27177 8.22952 0
      vertex -8.27177 -8.22952 0
    endloop
  endfacet
  facet normal -0 0 -1
    outer loop
      vertex -8.27177 8.22952 0
      vertex -8.3 -8.66025 0
      vertex -8.3 8.66025 0
    endloop
  endfacet
  facet normal -0 0 -1
    outer loop
      vertex 10.4145 18.61 0
      vertex -1.9512 9.92311 0
      vertex 5.79509 20.5234 0
    endloop
  endfacet
  facet normal 0 0 -1
    outer loop
      vertex -2.14212 10.3103 0
      vertex 5.79509 20.5234 0
      vertex -1.9512 9.92311 0
    endloop
  endfacet
  facet normal -0 0 -1
    outer loop
      vertex 5.79509 20.5234 0
      vertex -2.14212 10.3103 0
      vertex 4.16364 20.9321 0
    endloop
  endfacet
  facet normal 0 0 -1
    outer loop
      vertex -2.38193 10.6692 0
      vertex 4.16364 20.9321 0
      vertex -2.14212 10.3103 0
    endloop
  endfacet
  facet normal -0 0 -1
    outer loop
      vertex 4.16364 20.9321 0
      vertex -2.38193 10.6692 0
      vertex 2.09189 21.2394 0
    endloop
  endfacet
  facet normal 0 0 -1
    outer loop
      vertex -2.66655 10.9937 0
      vertex 2.09189 21.2394 0
      vertex -2.38193 10.6692 0
    endloop
  endfacet
  facet normal 0 0 -1
    outer loop
      vertex -2.99109 11.2783 0
      vertex 2.09189 21.2394 0
      vertex -2.66655 10.9937 0
    endloop
  endfacet
  facet normal -0 0 -1
    outer loop
      vertex 2.09189 21.2394 0
      vertex -2.99109 11.2783 0
      vertex 0 21.3421 0
    endloop
  endfacet
  facet normal 0 0 -1
    outer loop
      vertex -3.35 11.5181 0
      vertex 0 21.3421 0
      vertex -2.99109 11.2783 0
    endloop
  endfacet
  facet normal 0 0 -1
    outer loop
      vertex 0 21.3421 0
      vertex -3.35 11.5181 0
      vertex -2.09189 21.2394 0
    endloop
  endfacet
  facet normal 0 0 -1
    outer loop
      vertex -3.73714 11.7091 0
      vertex -2.09189 21.2394 0
      vertex -3.35 11.5181 0
    endloop
  endfacet
  facet normal 0 0 -1
    outer loop
      vertex -4.1459 11.8478 0
      vertex -2.09189 21.2394 0
      vertex -3.73714 11.7091 0
    endloop
  endfacet
  facet normal 0 0 -1
    outer loop
      vertex -4.1459 11.8478 0
      vertex -4.16364 20.9321 0
      vertex -2.09189 21.2394 0
    endloop
  endfacet
  facet normal 0 0 -1
    outer loop
      vertex -4.56926 11.932 0
      vertex -4.16364 20.9321 0
      vertex -4.1459 11.8478 0
    endloop
  endfacet
  facet normal 0 0 -1
    outer loop
      vertex -5.79509 20.5234 0
      vertex -4.56926 11.932 0
      vertex -5 11.9603 0
    endloop
  endfacet
  facet normal 0 0 -1
    outer loop
      vertex -5.79509 20.5234 0
      vertex -5 11.9603 0
      vertex -5.43074 11.932 0
    endloop
  endfacet
  facet normal 0 0 -1
    outer loop
      vertex -4.56926 11.932 0
      vertex -5.79509 20.5234 0
      vertex -4.16364 20.9321 0
    endloop
  endfacet
  facet normal 0 0 -1
    outer loop
      vertex -5.8541 11.8478 0
      vertex -5.79509 20.5234 0
      vertex -5.43074 11.932 0
    endloop
  endfacet
  facet normal 0 0 -1
    outer loop
      vertex -10.4145 18.61 0
      vertex -5.8541 11.8478 0
      vertex -6.26286 11.7091 0
    endloop
  endfacet
  facet normal 0 0 -1
    outer loop
      vertex -10.4145 18.61 0
      vertex -6.26286 11.7091 0
      vertex -6.65 11.5181 0
    endloop
  endfacet
  facet normal 0 0 -1
    outer loop
      vertex -10.4145 18.61 0
      vertex -6.65 11.5181 0
      vertex -7.00891 11.2783 0
    endloop
  endfacet
  facet normal 0 0 -1
    outer loop
      vertex -10.4145 18.61 0
      vertex -7.00891 11.2783 0
      vertex -7.33345 10.9937 0
    endloop
  endfacet
  facet normal 0 0 -1
    outer loop
      vertex -5.8541 11.8478 0
      vertex -10.4145 18.61 0
      vertex -5.79509 20.5234 0
    endloop
  endfacet
  facet normal 0 0 -1
    outer loop
      vertex -10.4145 18.61 0
      vertex -7.33345 10.9937 0
      vertex -7.61807 10.6692 0
    endloop
  endfacet
  facet normal 0 0 -1
    outer loop
      vertex -10.4145 18.61 0
      vertex -7.61807 10.6692 0
      vertex -7.85788 10.3103 0
    endloop
  endfacet
  facet normal 0 0 -1
    outer loop
      vertex -10.4145 18.61 0
      vertex -7.85788 10.3103 0
      vertex -8.0488 9.92311 0
    endloop
  endfacet
  facet normal 0 0 -1
    outer loop
      vertex -10.4145 18.61 0
      vertex -8.0488 9.92311 0
      vertex -8.18756 9.51436 0
    endloop
  endfacet
  facet normal -0 0 -1
    outer loop
      vertex -5.79509 20.5234 0
      vertex -10.4145 18.61 0
      vertex -5.85758 20.6743 0
    endloop
  endfacet
  facet normal 0 0 -1
    outer loop
      vertex -10.4145 18.61 0
      vertex -8.18756 9.51436 0
      vertex -8.27177 9.09099 0
    endloop
  endfacet
  facet normal 0 0 -1
    outer loop
      vertex -10.4145 18.61 0
      vertex -8.27177 9.09099 0
      vertex -8.3 8.66025 0
    endloop
  endfacet
  facet normal 0 0 -1
    outer loop
      vertex -16.4977 -13.5393 0
      vertex -8.0488 -9.92311 0
      vertex -15.0912 -15.0912 0
    endloop
  endfacet
  facet normal -0 0 -1
    outer loop
      vertex -8.0488 -9.92311 0
      vertex -16.4977 -13.5393 0
      vertex -8.18756 -9.51436 0
    endloop
  endfacet
  facet normal 0 0 -1
    outer loop
      vertex -9.2689 -26.2968 0
      vertex -10.477 -18.7609 0
      vertex -10.4145 -18.61 0
    endloop
  endfacet
  facet normal 0 -0 -1
    outer loop
      vertex -10.477 -18.7609 0
      vertex -9.2689 -26.2968 0
      vertex -12.0405 -25.1488 0
    endloop
  endfacet
  facet normal 0.382606 0.923912 -0
    outer loop
      vertex 20.6743 -5.85758 0
      vertex 20.5234 -5.79509 5
      vertex 20.6743 -5.85758 5
    endloop
  endfacet
  facet normal 0.382606 0.923912 0
    outer loop
      vertex 20.5234 -5.79509 5
      vertex 20.6743 -5.85758 0
      vertex 20.5234 -5.79509 0
    endloop
  endfacet
  facet normal -0 0 1
    outer loop
      vertex 20.4231 -6.19529 5
      vertex 26.2968 -9.2689 5
      vertex 20.6743 -5.85758 5
    endloop
  endfacet
  facet normal 0 0 1
    outer loop
      vertex 20.4231 -6.19529 5
      vertex 20.6743 -5.85758 5
      vertex 20.5234 -5.79509 5
    endloop
  endfacet
  facet normal -0 0 1
    outer loop
      vertex 19.7176 -8.16728 5
      vertex 26.2968 -9.2689 5
      vertex 20.4231 -6.19529 5
    endloop
  endfacet
  facet normal 0 0 1
    outer loop
      vertex 26.2968 -9.2689 5
      vertex 19.7176 -8.16728 5
      vertex 25.1488 -12.0405 5
    endloop
  endfacet
  facet normal -0 0 1
    outer loop
      vertex 18.8221 -10.0606 5
      vertex 25.1488 -12.0405 5
      vertex 19.7176 -8.16728 5
    endloop
  endfacet
  facet normal 0 0 1
    outer loop
      vertex 18.8221 -10.0606 5
      vertex 18.7609 -10.477 5
      vertex 25.1488 -12.0405 5
    endloop
  endfacet
  facet normal 0 -0 1
    outer loop
      vertex 18.7609 -10.477 5
      vertex 18.8221 -10.0606 5
      vertex 18.61 -10.4145 5
    endloop
  endfacet
  facet normal -0.854945 -0.518718 0
    outer loop
      vertex 9.2689 -26.2968 0
      vertex 5.85758 -20.6743 5
      vertex 5.85758 -20.6743 0
    endloop
  endfacet
  facet normal -0.854945 -0.518718 0
    outer loop
      vertex 5.85758 -20.6743 5
      vertex 9.2689 -26.2968 0
      vertex 9.2689 -26.2968 5
    endloop
  endfacet
  facet normal 0.382674 -0.923884 0
    outer loop
      vertex 9.2689 -26.2968 0
      vertex 12.0405 -25.1488 5
      vertex 9.2689 -26.2968 5
    endloop
  endfacet
  facet normal 0.382674 -0.923884 0
    outer loop
      vertex 12.0405 -25.1488 5
      vertex 9.2689 -26.2968 0
      vertex 12.0405 -25.1488 0
    endloop
  endfacet
  facet normal -0.923912 -0.382606 0
    outer loop
      vertex 5.85758 -20.6743 0
      vertex 5.79509 -20.5234 5
      vertex 5.79509 -20.5234 0
    endloop
  endfacet
  facet normal -0.923912 -0.382606 0
    outer loop
      vertex 5.79509 -20.5234 5
      vertex 5.85758 -20.6743 0
      vertex 5.85758 -20.6743 5
    endloop
  endfacet
  facet normal 0.971328 0.237742 0
    outer loop
      vertex 12.0405 -25.1488 5
      vertex 10.477 -18.7609 0
      vertex 10.477 -18.7609 5
    endloop
  endfacet
  facet normal 0.971328 0.237742 0
    outer loop
      vertex 10.477 -18.7609 0
      vertex 12.0405 -25.1488 5
      vertex 12.0405 -25.1488 0
    endloop
  endfacet
  facet normal 0.92389 0.382658 0
    outer loop
      vertex 10.477 -18.7609 5
      vertex 10.4145 -18.61 0
      vertex 10.4145 -18.61 5
    endloop
  endfacet
  facet normal 0.92389 0.382658 0
    outer loop
      vertex 10.4145 -18.61 0
      vertex 10.477 -18.7609 5
      vertex 10.477 -18.7609 0
    endloop
  endfacet
  facet normal 0 0 1
    outer loop
      vertex 10.0606 -18.8221 5
      vertex 10.477 -18.7609 5
      vertex 10.4145 -18.61 5
    endloop
  endfacet
  facet normal 0 0 1
    outer loop
      vertex 10.477 -18.7609 5
      vertex 10.0606 -18.8221 5
      vertex 12.0405 -25.1488 5
    endloop
  endfacet
  facet normal -0 0 1
    outer loop
      vertex 8.16728 -19.7176 5
      vertex 12.0405 -25.1488 5
      vertex 10.0606 -18.8221 5
    endloop
  endfacet
  facet normal 0 0 1
    outer loop
      vertex 12.0405 -25.1488 5
      vertex 8.16728 -19.7176 5
      vertex 9.2689 -26.2968 5
    endloop
  endfacet
  facet normal -0 0 1
    outer loop
      vertex 6.19529 -20.4231 5
      vertex 9.2689 -26.2968 5
      vertex 8.16728 -19.7176 5
    endloop
  endfacet
  facet normal 0 0 1
    outer loop
      vertex 6.19529 -20.4231 5
      vertex 5.85758 -20.6743 5
      vertex 9.2689 -26.2968 5
    endloop
  endfacet
  facet normal 0 -0 1
    outer loop
      vertex 5.85758 -20.6743 5
      vertex 6.19529 -20.4231 5
      vertex 5.79509 -20.5234 5
    endloop
  endfacet
  facet normal -0.382674 -0.923884 0
    outer loop
      vertex -12.0405 -25.1488 0
      vertex -9.2689 -26.2968 5
      vertex -12.0405 -25.1488 5
    endloop
  endfacet
  facet normal -0.382674 -0.923884 -0
    outer loop
      vertex -9.2689 -26.2968 5
      vertex -12.0405 -25.1488 0
      vertex -9.2689 -26.2968 0
    endloop
  endfacet
  facet normal -0.971328 0.237742 0
    outer loop
      vertex -12.0405 -25.1488 0
      vertex -10.477 -18.7609 5
      vertex -10.477 -18.7609 0
    endloop
  endfacet
  facet normal -0.971328 0.237742 0
    outer loop
      vertex -10.477 -18.7609 5
      vertex -12.0405 -25.1488 0
      vertex -12.0405 -25.1488 5
    endloop
  endfacet
  facet normal -0.92389 0.382658 0
    outer loop
      vertex -10.477 -18.7609 0
      vertex -10.4145 -18.61 5
      vertex -10.4145 -18.61 0
    endloop
  endfacet
  facet normal -0.92389 0.382658 0
    outer loop
      vertex -10.4145 -18.61 5
      vertex -10.477 -18.7609 0
      vertex -10.477 -18.7609 5
    endloop
  endfacet
  facet normal 0.854945 -0.518718 0
    outer loop
      vertex -9.2689 -26.2968 5
      vertex -5.85758 -20.6743 0
      vertex -5.85758 -20.6743 5
    endloop
  endfacet
  facet normal 0.854945 -0.518718 0
    outer loop
      vertex -5.85758 -20.6743 0
      vertex -9.2689 -26.2968 5
      vertex -9.2689 -26.2968 0
    endloop
  endfacet
  facet normal 0.923912 -0.382606 0
    outer loop
      vertex -5.85758 -20.6743 5
      vertex -5.79509 -20.5234 0
      vertex -5.79509 -20.5234 5
    endloop
  endfacet
  facet normal 0.923912 -0.382606 0
    outer loop
      vertex -5.79509 -20.5234 0
      vertex -5.85758 -20.6743 5
      vertex -5.85758 -20.6743 0
    endloop
  endfacet
  facet normal 0 0 1
    outer loop
      vertex -6.19529 -20.4231 5
      vertex -5.85758 -20.6743 5
      vertex -5.79509 -20.5234 5
    endloop
  endfacet
  facet normal 0 0 1
    outer loop
      vertex -9.2689 -26.2968 5
      vertex -6.19529 -20.4231 5
      vertex -8.16728 -19.7176 5
    endloop
  endfacet
  facet normal 0 0 1
    outer loop
      vertex -6.19529 -20.4231 5
      vertex -9.2689 -26.2968 5
      vertex -5.85758 -20.6743 5
    endloop
  endfacet
  facet normal 0 0 1
    outer loop
      vertex -12.0405 -25.1488 5
      vertex -8.16728 -19.7176 5
      vertex -10.0606 -18.8221 5
    endloop
  endfacet
  facet normal -0 0 1
    outer loop
      vertex -10.477 -18.7609 5
      vertex -10.0606 -18.8221 5
      vertex -10.4145 -18.61 5
    endloop
  endfacet
  facet normal 0 0 1
    outer loop
      vertex -12.0405 -25.1488 5
      vertex -10.0606 -18.8221 5
      vertex -10.477 -18.7609 5
    endloop
  endfacet
  facet normal 0 0 1
    outer loop
      vertex -8.16728 -19.7176 5
      vertex -12.0405 -25.1488 5
      vertex -9.2689 -26.2968 5
    endloop
  endfacet
  facet normal -0.923884 -0.382674 0
    outer loop
      vertex -25.1488 -12.0405 0
      vertex -26.2968 -9.2689 5
      vertex -26.2968 -9.2689 0
    endloop
  endfacet
  facet normal -0.923884 -0.382674 0
    outer loop
      vertex -26.2968 -9.2689 5
      vertex -25.1488 -12.0405 0
      vertex -25.1488 -12.0405 5
    endloop
  endfacet
  facet normal -0.518718 0.854945 0
    outer loop
      vertex -20.6743 -5.85758 0
      vertex -26.2968 -9.2689 5
      vertex -20.6743 -5.85758 5
    endloop
  endfacet
  facet normal -0.518718 0.854945 0
    outer loop
      vertex -26.2968 -9.2689 5
      vertex -20.6743 -5.85758 0
      vertex -26.2968 -9.2689 0
    endloop
  endfacet
  facet normal -0.382606 0.923912 0
    outer loop
      vertex -20.5234 -5.79509 0
      vertex -20.6743 -5.85758 5
      vertex -20.5234 -5.79509 5
    endloop
  endfacet
  facet normal -0.382606 0.923912 0
    outer loop
      vertex -20.6743 -5.85758 5
      vertex -20.5234 -5.79509 0
      vertex -20.6743 -5.85758 0
    endloop
  endfacet
  facet normal 0.237742 -0.971328 0
    outer loop
      vertex -25.1488 -12.0405 0
      vertex -18.7609 -10.477 5
      vertex -25.1488 -12.0405 5
    endloop
  endfacet
  facet normal 0.237742 -0.971328 0
    outer loop
      vertex -18.7609 -10.477 5
      vertex -25.1488 -12.0405 0
      vertex -18.7609 -10.477 0
    endloop
  endfacet
  facet normal 0.382658 -0.92389 0
    outer loop
      vertex -18.7609 -10.477 0
      vertex -18.61 -10.4145 5
      vertex -18.7609 -10.477 5
    endloop
  endfacet
  facet normal 0.382658 -0.92389 0
    outer loop
      vertex -18.61 -10.4145 5
      vertex -18.7609 -10.477 0
      vertex -18.61 -10.4145 0
    endloop
  endfacet
  facet normal 0 0 1
    outer loop
      vertex -18.8221 -10.0606 5
      vertex -18.7609 -10.477 5
      vertex -18.61 -10.4145 5
    endloop
  endfacet
  facet normal 0 0 1
    outer loop
      vertex -25.1488 -12.0405 5
      vertex -18.8221 -10.0606 5
      vertex -19.7176 -8.16728 5
    endloop
  endfacet
  facet normal -0 0 1
    outer loop
      vertex -20.6743 -5.85758 5
      vertex -20.4231 -6.19529 5
      vertex -20.5234 -5.79509 5
    endloop
  endfacet
  facet normal 0 0 1
    outer loop
      vertex -26.2968 -9.2689 5
      vertex -20.4231 -6.19529 5
      vertex -20.6743 -5.85758 5
    endloop
  endfacet
  facet normal 0 0 1
    outer loop
      vertex -20.4231 -6.19529 5
      vertex -26.2968 -9.2689 5
      vertex -19.7176 -8.16728 5
    endloop
  endfacet
  facet normal 0 0 1
    outer loop
      vertex -18.8221 -10.0606 5
      vertex -25.1488 -12.0405 5
      vertex -18.7609 -10.477 5
    endloop
  endfacet
  facet normal 0 0 1
    outer loop
      vertex -19.7176 -8.16728 5
      vertex -26.2968 -9.2689 5
      vertex -25.1488 -12.0405 5
    endloop
  endfacet
  facet normal -0.923884 0.382674 0
    outer loop
      vertex -26.2968 9.2689 0
      vertex -25.1488 12.0405 5
      vertex -25.1488 12.0405 0
    endloop
  endfacet
  facet normal -0.923884 0.382674 0
    outer loop
      vertex -25.1488 12.0405 5
      vertex -26.2968 9.2689 0
      vertex -26.2968 9.2689 5
    endloop
  endfacet
  facet normal 0.237742 0.971328 -0
    outer loop
      vertex -18.7609 10.477 0
      vertex -25.1488 12.0405 5
      vertex -18.7609 10.477 5
    endloop
  endfacet
  facet normal 0.237742 0.971328 0
    outer loop
      vertex -25.1488 12.0405 5
      vertex -18.7609 10.477 0
      vertex -25.1488 12.0405 0
    endloop
  endfacet
  facet normal -0.518718 -0.854945 0
    outer loop
      vertex -26.2968 9.2689 0
      vertex -20.6743 5.85758 5
      vertex -26.2968 9.2689 5
    endloop
  endfacet
  facet normal -0.518718 -0.854945 -0
    outer loop
      vertex -20.6743 5.85758 5
      vertex -26.2968 9.2689 0
      vertex -20.6743 5.85758 0
    endloop
  endfacet
  facet normal 0.382658 0.92389 -0
    outer loop
      vertex -18.61 10.4145 0
      vertex -18.7609 10.477 5
      vertex -18.61 10.4145 5
    endloop
  endfacet
  facet normal 0.382658 0.92389 0
    outer loop
      vertex -18.7609 10.477 5
      vertex -18.61 10.4145 0
      vertex -18.7609 10.477 0
    endloop
  endfacet
  facet normal 0 0 1
    outer loop
      vertex -18.7609 10.477 5
      vertex -18.8221 10.0606 5
      vertex -18.61 10.4145 5
    endloop
  endfacet
  facet normal 0 0 1
    outer loop
      vertex -25.1488 12.0405 5
      vertex -18.8221 10.0606 5
      vertex -18.7609 10.477 5
    endloop
  endfacet
  facet normal 0 0 1
    outer loop
      vertex -20.4231 6.19529 5
      vertex -20.6743 5.85758 5
      vertex -20.5234 5.79509 5
    endloop
  endfacet
  facet normal 0 0 1
    outer loop
      vertex -26.2968 9.2689 5
      vertex -20.4231 6.19529 5
      vertex -19.7176 8.16728 5
    endloop
  endfacet
  facet normal 0 0 1
    outer loop
      vertex -18.8221 10.0606 5
      vertex -25.1488 12.0405 5
      vertex -19.7176 8.16728 5
    endloop
  endfacet
  facet normal -0 0 1
    outer loop
      vertex -26.2968 9.2689 5
      vertex -19.7176 8.16728 5
      vertex -25.1488 12.0405 5
    endloop
  endfacet
  facet normal 0 0 1
    outer loop
      vertex -20.4231 6.19529 5
      vertex -26.2968 9.2689 5
      vertex -20.6743 5.85758 5
    endloop
  endfacet
  facet normal -0.382606 -0.923912 0
    outer loop
      vertex -20.6743 5.85758 0
      vertex -20.5234 5.79509 5
      vertex -20.6743 5.85758 5
    endloop
  endfacet
  facet normal -0.382606 -0.923912 -0
    outer loop
      vertex -20.5234 5.79509 5
      vertex -20.6743 5.85758 0
      vertex -20.5234 5.79509 0
    endloop
  endfacet
  facet normal -0.382674 0.923884 0
    outer loop
      vertex -9.2689 26.2968 0
      vertex -12.0405 25.1488 5
      vertex -9.2689 26.2968 5
    endloop
  endfacet
  facet normal -0.382674 0.923884 0
    outer loop
      vertex -12.0405 25.1488 5
      vertex -9.2689 26.2968 0
      vertex -12.0405 25.1488 0
    endloop
  endfacet
  facet normal 0.854945 0.518718 0
    outer loop
      vertex -5.85758 20.6743 5
      vertex -9.2689 26.2968 0
      vertex -9.2689 26.2968 5
    endloop
  endfacet
  facet normal 0.854945 0.518718 0
    outer loop
      vertex -9.2689 26.2968 0
      vertex -5.85758 20.6743 5
      vertex -5.85758 20.6743 0
    endloop
  endfacet
  facet normal -0.971328 -0.237742 0
    outer loop
      vertex -10.477 18.7609 0
      vertex -12.0405 25.1488 5
      vertex -12.0405 25.1488 0
    endloop
  endfacet
  facet normal -0.971328 -0.237742 0
    outer loop
      vertex -12.0405 25.1488 5
      vertex -10.477 18.7609 0
      vertex -10.477 18.7609 5
    endloop
  endfacet
  facet normal 0.923912 0.382606 0
    outer loop
      vertex -5.79509 20.5234 5
      vertex -5.85758 20.6743 0
      vertex -5.85758 20.6743 5
    endloop
  endfacet
  facet normal 0.923912 0.382606 0
    outer loop
      vertex -5.85758 20.6743 0
      vertex -5.79509 20.5234 5
      vertex -5.79509 20.5234 0
    endloop
  endfacet
  facet normal 0 0 1
    outer loop
      vertex -5.85758 20.6743 5
      vertex -6.19529 20.4231 5
      vertex -5.79509 20.5234 5
    endloop
  endfacet
  facet normal 0 0 1
    outer loop
      vertex -9.2689 26.2968 5
      vertex -6.19529 20.4231 5
      vertex -5.85758 20.6743 5
    endloop
  endfacet
  facet normal 0 0 1
    outer loop
      vertex -6.19529 20.4231 5
      vertex -9.2689 26.2968 5
      vertex -8.16728 19.7176 5
    endloop
  endfacet
  facet normal -0 0 1
    outer loop
      vertex -12.0405 25.1488 5
      vertex -8.16728 19.7176 5
      vertex -9.2689 26.2968 5
    endloop
  endfacet
  facet normal 0 0 1
    outer loop
      vertex -8.16728 19.7176 5
      vertex -12.0405 25.1488 5
      vertex -10.0606 18.8221 5
    endloop
  endfacet
  facet normal 0 0 1
    outer loop
      vertex -10.0606 18.8221 5
      vertex -10.477 18.7609 5
      vertex -10.4145 18.61 5
    endloop
  endfacet
  facet normal 0 0 1
    outer loop
      vertex -10.0606 18.8221 5
      vertex -12.0405 25.1488 5
      vertex -10.477 18.7609 5
    endloop
  endfacet
  facet normal -0.92389 -0.382658 0
    outer loop
      vertex -10.4145 18.61 0
      vertex -10.477 18.7609 5
      vertex -10.477 18.7609 0
    endloop
  endfacet
  facet normal -0.92389 -0.382658 0
    outer loop
      vertex -10.477 18.7609 5
      vertex -10.4145 18.61 0
      vertex -10.4145 18.61 5
    endloop
  endfacet
  facet normal 0.971328 -0.237742 0
    outer loop
      vertex 10.477 18.7609 5
      vertex 12.0405 25.1488 0
      vertex 12.0405 25.1488 5
    endloop
  endfacet
  facet normal 0.971328 -0.237742 0
    outer loop
      vertex 12.0405 25.1488 0
      vertex 10.477 18.7609 5
      vertex 10.477 18.7609 0
    endloop
  endfacet
  facet normal 0.382674 0.923884 -0
    outer loop
      vertex 12.0405 25.1488 0
      vertex 9.2689 26.2968 5
      vertex 12.0405 25.1488 5
    endloop
  endfacet
  facet normal 0.382674 0.923884 0
    outer loop
      vertex 9.2689 26.2968 5
      vertex 12.0405 25.1488 0
      vertex 9.2689 26.2968 0
    endloop
  endfacet
  facet normal -0.854945 0.518718 0
    outer loop
      vertex 5.85758 20.6743 0
      vertex 9.2689 26.2968 5
      vertex 9.2689 26.2968 0
    endloop
  endfacet
  facet normal -0.854945 0.518718 0
    outer loop
      vertex 9.2689 26.2968 5
      vertex 5.85758 20.6743 0
      vertex 5.85758 20.6743 5
    endloop
  endfacet
  facet normal 0.92389 -0.382658 0
    outer loop
      vertex 10.4145 18.61 5
      vertex 10.477 18.7609 0
      vertex 10.477 18.7609 5
    endloop
  endfacet
  facet normal 0.92389 -0.382658 0
    outer loop
      vertex 10.477 18.7609 0
      vertex 10.4145 18.61 5
      vertex 10.4145 18.61 0
    endloop
  endfacet
  facet normal -0 0 1
    outer loop
      vertex 10.0606 18.8221 5
      vertex 10.477 18.7609 5
      vertex 12.0405 25.1488 5
    endloop
  endfacet
  facet normal 0 0 1
    outer loop
      vertex 10.477 18.7609 5
      vertex 10.0606 18.8221 5
      vertex 10.4145 18.61 5
    endloop
  endfacet
  facet normal 0 0 1
    outer loop
      vertex 8.16728 19.7176 5
      vertex 12.0405 25.1488 5
      vertex 9.2689 26.2968 5
    endloop
  endfacet
  facet normal 0 0 1
    outer loop
      vertex 12.0405 25.1488 5
      vertex 8.16728 19.7176 5
      vertex 10.0606 18.8221 5
    endloop
  endfacet
  facet normal 0 0 1
    outer loop
      vertex 9.2689 26.2968 5
      vertex 6.19529 20.4231 5
      vertex 8.16728 19.7176 5
    endloop
  endfacet
  facet normal -0 0 1
    outer loop
      vertex 5.85758 20.6743 5
      vertex 6.19529 20.4231 5
      vertex 9.2689 26.2968 5
    endloop
  endfacet
  facet normal 0 0 1
    outer loop
      vertex 6.19529 20.4231 5
      vertex 5.85758 20.6743 5
      vertex 5.79509 20.5234 5
    endloop
  endfacet
  facet normal -0.923912 0.382606 0
    outer loop
      vertex 5.79509 20.5234 0
      vertex 5.85758 20.6743 5
      vertex 5.85758 20.6743 0
    endloop
  endfacet
  facet normal -0.923912 0.382606 0
    outer loop
      vertex 5.85758 20.6743 5
      vertex 5.79509 20.5234 0
      vertex 5.79509 20.5234 5
    endloop
  endfacet
  facet normal 0.518718 -0.854945 0
    outer loop
      vertex 20.6743 5.85758 0
      vertex 26.2968 9.2689 5
      vertex 20.6743 5.85758 5
    endloop
  endfacet
  facet normal 0.518718 -0.854945 0
    outer loop
      vertex 26.2968 9.2689 5
      vertex 20.6743 5.85758 0
      vertex 26.2968 9.2689 0
    endloop
  endfacet
  facet normal 0.923884 0.382674 0
    outer loop
      vertex 26.2968 9.2689 5
      vertex 25.1488 12.0405 0
      vertex 25.1488 12.0405 5
    endloop
  endfacet
  facet normal 0.923884 0.382674 0
    outer loop
      vertex 25.1488 12.0405 0
      vertex 26.2968 9.2689 5
      vertex 26.2968 9.2689 0
    endloop
  endfacet
  facet normal -0.237742 0.971328 0
    outer loop
      vertex 25.1488 12.0405 0
      vertex 18.7609 10.477 5
      vertex 25.1488 12.0405 5
    endloop
  endfacet
  facet normal -0.237742 0.971328 0
    outer loop
      vertex 18.7609 10.477 5
      vertex 25.1488 12.0405 0
      vertex 18.7609 10.477 0
    endloop
  endfacet
  facet normal 0.382606 -0.923912 0
    outer loop
      vertex 20.5234 5.79509 0
      vertex 20.6743 5.85758 5
      vertex 20.5234 5.79509 5
    endloop
  endfacet
  facet normal 0.382606 -0.923912 0
    outer loop
      vertex 20.6743 5.85758 5
      vertex 20.5234 5.79509 0
      vertex 20.6743 5.85758 0
    endloop
  endfacet
  facet normal 0 0 1
    outer loop
      vertex 19.7176 8.16728 5
      vertex 26.2968 9.2689 5
      vertex 25.1488 12.0405 5
    endloop
  endfacet
  facet normal 0 0 1
    outer loop
      vertex 26.2968 9.2689 5
      vertex 20.4231 6.19529 5
      vertex 20.6743 5.85758 5
    endloop
  endfacet
  facet normal 0 0 1
    outer loop
      vertex 20.6743 5.85758 5
      vertex 20.4231 6.19529 5
      vertex 20.5234 5.79509 5
    endloop
  endfacet
  facet normal 0 0 1
    outer loop
      vertex 26.2968 9.2689 5
      vertex 19.7176 8.16728 5
      vertex 20.4231 6.19529 5
    endloop
  endfacet
  facet normal 0 0 1
    outer loop
      vertex 25.1488 12.0405 5
      vertex 18.8221 10.0606 5
      vertex 19.7176 8.16728 5
    endloop
  endfacet
  facet normal -0 0 1
    outer loop
      vertex 18.7609 10.477 5
      vertex 18.8221 10.0606 5
      vertex 25.1488 12.0405 5
    endloop
  endfacet
  facet normal 0 0 1
    outer loop
      vertex 18.8221 10.0606 5
      vertex 18.7609 10.477 5
      vertex 18.61 10.4145 5
    endloop
  endfacet
  facet normal -0.382658 0.92389 0
    outer loop
      vertex 18.7609 10.477 0
      vertex 18.61 10.4145 5
      vertex 18.7609 10.477 5
    endloop
  endfacet
  facet normal -0.382658 0.92389 0
    outer loop
      vertex 18.61 10.4145 5
      vertex 18.7609 10.477 0
      vertex 18.61 10.4145 0
    endloop
  endfacet
  facet normal -0.970025 0.243004 0
    outer loop
      vertex -20.5234 5.79509 0
      vertex -20.9321 4.16364 0
      vertex -20.5234 5.79509 5
    endloop
  endfacet
  facet normal -0.97 0.243106 0
    outer loop
      vertex -20.5234 5.79509 5
      vertex -20.4231 6.19529 7
      vertex -20.4231 6.19529 5
    endloop
  endfacet
  facet normal -0.970025 0.243004 0
    outer loop
      vertex -20.9321 4.16364 7
      vertex -20.5234 5.79509 5
      vertex -20.9321 4.16364 0
    endloop
  endfacet
  facet normal -0.97002 0.243024 1.73543e-05
    outer loop
      vertex -20.5234 5.79509 5
      vertex -20.9321 4.16364 7
      vertex -20.4231 6.19529 7
    endloop
  endfacet
  facet normal 0.857749 -0.514068 0
    outer loop
      vertex 18.8221 -10.0606 7
      vertex 18.61 -10.4145 5
      vertex 18.8221 -10.0606 5
    endloop
  endfacet
  facet normal 0.857725 -0.51411 9.99525e-06
    outer loop
      vertex 17.7453 -11.8571 7
      vertex 18.61 -10.4145 5
      vertex 18.8221 -10.0606 7
    endloop
  endfacet
  facet normal 0.857718 -0.51412 0
    outer loop
      vertex 17.7453 -11.8571 0
      vertex 18.61 -10.4145 5
      vertex 17.7453 -11.8571 7
    endloop
  endfacet
  facet normal 0.857718 -0.51412 0
    outer loop
      vertex 18.61 -10.4145 5
      vertex 17.7453 -11.8571 0
      vertex 18.61 -10.4145 0
    endloop
  endfacet
  facet normal 0.0490353 0.998797 -0
    outer loop
      vertex 2.09189 21.2394 0
      vertex 0 21.3421 7
      vertex 2.09189 21.2394 7
    endloop
  endfacet
  facet normal 0.0490353 0.998797 0
    outer loop
      vertex 0 21.3421 7
      vertex 2.09189 21.2394 0
      vertex 0 21.3421 0
    endloop
  endfacet
  facet normal -0.740965 0.671543 0
    outer loop
      vertex -16.4977 13.5393 0
      vertex -15.0912 15.0912 7
      vertex -15.0912 15.0912 0
    endloop
  endfacet
  facet normal -0.740965 0.671543 0
    outer loop
      vertex -15.0912 15.0912 7
      vertex -16.4977 13.5393 0
      vertex -16.4977 13.5393 7
    endloop
  endfacet
  facet normal -0.998797 0.0490353 0
    outer loop
      vertex -21.3421 0 0
      vertex -21.2394 2.09189 7
      vertex -21.2394 2.09189 0
    endloop
  endfacet
  facet normal -0.998797 0.0490353 0
    outer loop
      vertex -21.2394 2.09189 7
      vertex -21.3421 0 0
      vertex -21.3421 0 7
    endloop
  endfacet
  facet normal 0.243106 0.97 0
    outer loop
      vertex 5.79509 20.5234 5
      vertex 6.19529 20.4231 7
      vertex 6.19529 20.4231 5
    endloop
  endfacet
  facet normal 0.243024 0.97002 1.73543e-05
    outer loop
      vertex 6.19529 20.4231 7
      vertex 5.79509 20.5234 5
      vertex 4.16364 20.9321 7
    endloop
  endfacet
  facet normal 0.243004 0.970025 0
    outer loop
      vertex 4.16364 20.9321 0
      vertex 5.79509 20.5234 5
      vertex 5.79509 20.5234 0
    endloop
  endfacet
  facet normal 0.243004 0.970025 0
    outer loop
      vertex 5.79509 20.5234 5
      vertex 4.16364 20.9321 0
      vertex 4.16364 20.9321 7
    endloop
  endfacet
  facet normal -0.0490353 0.998797 0
    outer loop
      vertex 0 21.3421 0
      vertex -2.09189 21.2394 7
      vertex 0 21.3421 7
    endloop
  endfacet
  facet normal -0.0490353 0.998797 0
    outer loop
      vertex -2.09189 21.2394 7
      vertex 0 21.3421 0
      vertex -2.09189 21.2394 0
    endloop
  endfacet
  facet normal -0.243024 0.97002 1.73543e-05
    outer loop
      vertex -4.16364 20.9321 7
      vertex -5.79509 20.5234 5
      vertex -6.19529 20.4231 7
    endloop
  endfacet
  facet normal -0.243004 0.970025 0
    outer loop
      vertex -4.16364 20.9321 0
      vertex -5.79509 20.5234 5
      vertex -4.16364 20.9321 7
    endloop
  endfacet
  facet normal -0.243004 0.970025 0
    outer loop
      vertex -5.79509 20.5234 5
      vertex -4.16364 20.9321 0
      vertex -5.79509 20.5234 0
    endloop
  endfacet
  facet normal -0.243106 0.97 0
    outer loop
      vertex -6.19529 20.4231 7
      vertex -5.79509 20.5234 5
      vertex -6.19529 20.4231 5
    endloop
  endfacet
  facet normal 0.514068 -0.857749 0
    outer loop
      vertex 10.4145 -18.61 5
      vertex 10.0606 -18.8221 7
      vertex 10.0606 -18.8221 5
    endloop
  endfacet
  facet normal 0.51411 -0.857725 9.99525e-06
    outer loop
      vertex 10.0606 -18.8221 7
      vertex 10.4145 -18.61 5
      vertex 11.8571 -17.7453 7
    endloop
  endfacet
  facet normal 0.51412 -0.857718 0
    outer loop
      vertex 11.8571 -17.7453 0
      vertex 10.4145 -18.61 5
      vertex 10.4145 -18.61 0
    endloop
  endfacet
  facet normal 0.51412 -0.857718 0
    outer loop
      vertex 10.4145 -18.61 5
      vertex 11.8571 -17.7453 0
      vertex 11.8571 -17.7453 7
    endloop
  endfacet
  facet normal 0.803209 0.595698 0
    outer loop
      vertex 17.7453 11.8571 7
      vertex 16.4977 13.5393 0
      vertex 16.4977 13.5393 7
    endloop
  endfacet
  facet normal 0.803209 0.595698 0
    outer loop
      vertex 16.4977 13.5393 0
      vertex 17.7453 11.8571 7
      vertex 17.7453 11.8571 0
    endloop
  endfacet
  facet normal -0.970025 -0.243004 -0
    outer loop
      vertex -20.5234 -5.79509 5
      vertex -20.9321 -4.16364 0
      vertex -20.5234 -5.79509 0
    endloop
  endfacet
  facet normal -0.970025 -0.243004 0
    outer loop
      vertex -20.9321 -4.16364 0
      vertex -20.5234 -5.79509 5
      vertex -20.9321 -4.16364 7
    endloop
  endfacet
  facet normal -0.97 -0.243106 -0
    outer loop
      vertex -20.4231 -6.19529 7
      vertex -20.5234 -5.79509 5
      vertex -20.4231 -6.19529 5
    endloop
  endfacet
  facet normal -0.97002 -0.243024 1.73543e-05
    outer loop
      vertex -20.5234 -5.79509 5
      vertex -20.4231 -6.19529 7
      vertex -20.9321 -4.16364 7
    endloop
  endfacet
  facet normal -0.941558 0.336852 0
    outer loop
      vertex -20.4231 6.19529 5
      vertex -19.7176 8.16728 7
      vertex -19.7176 8.16728 5
    endloop
  endfacet
  facet normal -0.941558 0.336852 0
    outer loop
      vertex -19.7176 8.16728 7
      vertex -20.4231 6.19529 5
      vertex -20.4231 6.19529 7
    endloop
  endfacet
  facet normal 0.671543 0.740965 -0
    outer loop
      vertex 15.0912 15.0912 0
      vertex 13.5393 16.4977 7
      vertex 15.0912 15.0912 7
    endloop
  endfacet
  facet normal 0.671543 0.740965 0
    outer loop
      vertex 13.5393 16.4977 7
      vertex 15.0912 15.0912 0
      vertex 13.5393 16.4977 0
    endloop
  endfacet
  facet normal -0.0490353 -0.998797 0
    outer loop
      vertex -2.09189 -21.2394 0
      vertex 0 -21.3421 7
      vertex -2.09189 -21.2394 7
    endloop
  endfacet
  facet normal -0.0490353 -0.998797 -0
    outer loop
      vertex 0 -21.3421 7
      vertex -2.09189 -21.2394 0
      vertex 0 -21.3421 0
    endloop
  endfacet
  facet normal -0.51411 -0.857725 9.99525e-06
    outer loop
      vertex -11.8571 -17.7453 7
      vertex -10.4145 -18.61 5
      vertex -10.0606 -18.8221 7
    endloop
  endfacet
  facet normal -0.51412 -0.857718 0
    outer loop
      vertex -11.8571 -17.7453 0
      vertex -10.4145 -18.61 5
      vertex -11.8571 -17.7453 7
    endloop
  endfacet
  facet normal -0.51412 -0.857718 -0
    outer loop
      vertex -10.4145 -18.61 5
      vertex -11.8571 -17.7453 0
      vertex -10.4145 -18.61 0
    endloop
  endfacet
  facet normal -0.514068 -0.857749 -0
    outer loop
      vertex -10.0606 -18.8221 7
      vertex -10.4145 -18.61 5
      vertex -10.0606 -18.8221 5
    endloop
  endfacet
  facet normal -0.336852 0.941558 0
    outer loop
      vertex -6.19529 20.4231 5
      vertex -8.16728 19.7176 7
      vertex -6.19529 20.4231 7
    endloop
  endfacet
  facet normal -0.336852 0.941558 0
    outer loop
      vertex -8.16728 19.7176 7
      vertex -6.19529 20.4231 5
      vertex -8.16728 19.7176 5
    endloop
  endfacet
  facet normal -0.803209 0.595698 0
    outer loop
      vertex -17.7453 11.8571 0
      vertex -16.4977 13.5393 7
      vertex -16.4977 13.5393 0
    endloop
  endfacet
  facet normal -0.803209 0.595698 0
    outer loop
      vertex -16.4977 13.5393 7
      vertex -17.7453 11.8571 0
      vertex -17.7453 11.8571 7
    endloop
  endfacet
  facet normal -0.427565 0.903984 0
    outer loop
      vertex -8.16728 19.7176 5
      vertex -10.0606 18.8221 7
      vertex -8.16728 19.7176 7
    endloop
  endfacet
  facet normal -0.427565 0.903984 0
    outer loop
      vertex -10.0606 18.8221 7
      vertex -8.16728 19.7176 5
      vertex -10.0606 18.8221 5
    endloop
  endfacet
  facet normal 0.989178 -0.146723 0
    outer loop
      vertex 20.9321 -4.16364 7
      vertex 21.2394 -2.09189 0
      vertex 21.2394 -2.09189 7
    endloop
  endfacet
  facet normal 0.989178 -0.146723 0
    outer loop
      vertex 21.2394 -2.09189 0
      vertex 20.9321 -4.16364 7
      vertex 20.9321 -4.16364 0
    endloop
  endfacet
  facet normal 0.998797 -0.0490353 0
    outer loop
      vertex 21.2394 -2.09189 7
      vertex 21.3421 0 0
      vertex 21.3421 0 7
    endloop
  endfacet
  facet normal 0.998797 -0.0490353 0
    outer loop
      vertex 21.3421 0 0
      vertex 21.2394 -2.09189 7
      vertex 21.2394 -2.09189 0
    endloop
  endfacet
  facet normal 0.970025 -0.243004 0
    outer loop
      vertex 20.9321 -4.16364 7
      vertex 20.5234 -5.79509 5
      vertex 20.9321 -4.16364 0
    endloop
  endfacet
  facet normal 0.97002 -0.243024 1.73543e-05
    outer loop
      vertex 20.4231 -6.19529 7
      vertex 20.5234 -5.79509 5
      vertex 20.9321 -4.16364 7
    endloop
  endfacet
  facet normal 0.97 -0.243106 0
    outer loop
      vertex 20.5234 -5.79509 5
      vertex 20.4231 -6.19529 7
      vertex 20.4231 -6.19529 5
    endloop
  endfacet
  facet normal 0.970025 -0.243004 0
    outer loop
      vertex 20.9321 -4.16364 0
      vertex 20.5234 -5.79509 5
      vertex 20.5234 -5.79509 0
    endloop
  endfacet
  facet normal -0.514068 0.857749 0
    outer loop
      vertex -10.4145 18.61 5
      vertex -10.0606 18.8221 7
      vertex -10.0606 18.8221 5
    endloop
  endfacet
  facet normal -0.51411 0.857725 9.99525e-06
    outer loop
      vertex -10.0606 18.8221 7
      vertex -10.4145 18.61 5
      vertex -11.8571 17.7453 7
    endloop
  endfacet
  facet normal -0.51412 0.857718 0
    outer loop
      vertex -11.8571 17.7453 0
      vertex -10.4145 18.61 5
      vertex -10.4145 18.61 0
    endloop
  endfacet
  facet normal -0.51412 0.857718 0
    outer loop
      vertex -10.4145 18.61 5
      vertex -11.8571 17.7453 0
      vertex -11.8571 17.7453 7
    endloop
  endfacet
  facet normal 0.941558 0.336852 0
    outer loop
      vertex 20.4231 6.19529 7
      vertex 19.7176 8.16728 5
      vertex 19.7176 8.16728 7
    endloop
  endfacet
  facet normal 0.941558 0.336852 0
    outer loop
      vertex 19.7176 8.16728 5
      vertex 20.4231 6.19529 7
      vertex 20.4231 6.19529 5
    endloop
  endfacet
  facet normal 0.336852 0.941558 -0
    outer loop
      vertex 8.16728 19.7176 5
      vertex 6.19529 20.4231 7
      vertex 8.16728 19.7176 7
    endloop
  endfacet
  facet normal 0.336852 0.941558 0
    outer loop
      vertex 6.19529 20.4231 7
      vertex 8.16728 19.7176 5
      vertex 6.19529 20.4231 5
    endloop
  endfacet
  facet normal -0.146723 0.989178 0
    outer loop
      vertex -2.09189 21.2394 0
      vertex -4.16364 20.9321 7
      vertex -2.09189 21.2394 7
    endloop
  endfacet
  facet normal -0.146723 0.989178 0
    outer loop
      vertex -4.16364 20.9321 7
      vertex -2.09189 21.2394 0
      vertex -4.16364 20.9321 0
    endloop
  endfacet
  facet normal 0.97 0.243106 0
    outer loop
      vertex 20.4231 6.19529 7
      vertex 20.5234 5.79509 5
      vertex 20.4231 6.19529 5
    endloop
  endfacet
  facet normal 0.97002 0.243024 1.73543e-05
    outer loop
      vertex 20.9321 4.16364 7
      vertex 20.5234 5.79509 5
      vertex 20.4231 6.19529 7
    endloop
  endfacet
  facet normal 0.970025 0.243004 -0
    outer loop
      vertex 20.9321 4.16364 0
      vertex 20.5234 5.79509 5
      vertex 20.9321 4.16364 7
    endloop
  endfacet
  facet normal 0.970025 0.243004 0
    outer loop
      vertex 20.5234 5.79509 5
      vertex 20.9321 4.16364 0
      vertex 20.5234 5.79509 0
    endloop
  endfacet
  facet normal 0.857718 0.51412 0
    outer loop
      vertex 17.7453 11.8571 7
      vertex 18.61 10.4145 5
      vertex 17.7453 11.8571 0
    endloop
  endfacet
  facet normal 0.857725 0.51411 9.99525e-06
    outer loop
      vertex 18.8221 10.0606 7
      vertex 18.61 10.4145 5
      vertex 17.7453 11.8571 7
    endloop
  endfacet
  facet normal 0.857749 0.514068 0
    outer loop
      vertex 18.61 10.4145 5
      vertex 18.8221 10.0606 7
      vertex 18.8221 10.0606 5
    endloop
  endfacet
  facet normal 0.857718 0.51412 0
    outer loop
      vertex 17.7453 11.8571 0
      vertex 18.61 10.4145 5
      vertex 18.61 10.4145 0
    endloop
  endfacet
  facet normal -0.989178 -0.146723 0
    outer loop
      vertex -20.9321 -4.16364 0
      vertex -21.2394 -2.09189 7
      vertex -21.2394 -2.09189 0
    endloop
  endfacet
  facet normal -0.989178 -0.146723 0
    outer loop
      vertex -21.2394 -2.09189 7
      vertex -20.9321 -4.16364 0
      vertex -20.9321 -4.16364 7
    endloop
  endfacet
  facet normal -0.989178 0.146723 0
    outer loop
      vertex -21.2394 2.09189 0
      vertex -20.9321 4.16364 7
      vertex -20.9321 4.16364 0
    endloop
  endfacet
  facet normal -0.989178 0.146723 0
    outer loop
      vertex -20.9321 4.16364 7
      vertex -21.2394 2.09189 0
      vertex -21.2394 2.09189 7
    endloop
  endfacet
  facet normal -0.595698 0.803209 0
    outer loop
      vertex -11.8571 17.7453 0
      vertex -13.5393 16.4977 7
      vertex -11.8571 17.7453 7
    endloop
  endfacet
  facet normal -0.595698 0.803209 0
    outer loop
      vertex -13.5393 16.4977 7
      vertex -11.8571 17.7453 0
      vertex -13.5393 16.4977 0
    endloop
  endfacet
  facet normal -0.671543 0.740965 0
    outer loop
      vertex -13.5393 16.4977 0
      vertex -15.0912 15.0912 7
      vertex -13.5393 16.4977 7
    endloop
  endfacet
  facet normal -0.671543 0.740965 0
    outer loop
      vertex -15.0912 15.0912 7
      vertex -13.5393 16.4977 0
      vertex -15.0912 15.0912 0
    endloop
  endfacet
  facet normal -0.903984 -0.427565 0
    outer loop
      vertex -18.8221 -10.0606 5
      vertex -19.7176 -8.16728 7
      vertex -19.7176 -8.16728 5
    endloop
  endfacet
  facet normal -0.903984 -0.427565 0
    outer loop
      vertex -19.7176 -8.16728 7
      vertex -18.8221 -10.0606 5
      vertex -18.8221 -10.0606 7
    endloop
  endfacet
  facet normal -0.903984 0.427565 0
    outer loop
      vertex -19.7176 8.16728 5
      vertex -18.8221 10.0606 7
      vertex -18.8221 10.0606 5
    endloop
  endfacet
  facet normal -0.903984 0.427565 0
    outer loop
      vertex -18.8221 10.0606 7
      vertex -19.7176 8.16728 5
      vertex -19.7176 8.16728 7
    endloop
  endfacet
  facet normal -0.427565 -0.903984 0
    outer loop
      vertex -10.0606 -18.8221 5
      vertex -8.16728 -19.7176 7
      vertex -10.0606 -18.8221 7
    endloop
  endfacet
  facet normal -0.427565 -0.903984 -0
    outer loop
      vertex -8.16728 -19.7176 7
      vertex -10.0606 -18.8221 5
      vertex -8.16728 -19.7176 5
    endloop
  endfacet
  facet normal 0 0 1
    outer loop
      vertex 14 0 7
      vertex 21.3421 0 7
      vertex 21.2394 2.09189 7
    endloop
  endfacet
  facet normal 0 0 1
    outer loop
      vertex 13.8802 1.82737 7
      vertex 21.2394 2.09189 7
      vertex 20.9321 4.16364 7
    endloop
  endfacet
  facet normal 0 0 1
    outer loop
      vertex 21.3421 0 7
      vertex 14 0 7
      vertex 21.2394 -2.09189 7
    endloop
  endfacet
  facet normal 0 0 1
    outer loop
      vertex 13.523 3.62347 7
      vertex 20.9321 4.16364 7
      vertex 20.4231 6.19529 7
    endloop
  endfacet
  facet normal -0 0 1
    outer loop
      vertex 13.8802 -1.82737 7
      vertex 21.2394 -2.09189 7
      vertex 14 0 7
    endloop
  endfacet
  facet normal 0 0 1
    outer loop
      vertex 12.9343 5.35757 7
      vertex 20.4231 6.19529 7
      vertex 19.7176 8.16728 7
    endloop
  endfacet
  facet normal 0 0 1
    outer loop
      vertex 21.2394 -2.09189 7
      vertex 13.8802 -1.82737 7
      vertex 20.9321 -4.16364 7
    endloop
  endfacet
  facet normal 0 0 1
    outer loop
      vertex 12.9343 5.35757 7
      vertex 19.7176 8.16728 7
      vertex 18.8221 10.0606 7
    endloop
  endfacet
  facet normal -0 0 1
    outer loop
      vertex 13.523 -3.62347 7
      vertex 20.9321 -4.16364 7
      vertex 13.8802 -1.82737 7
    endloop
  endfacet
  facet normal 0 0 1
    outer loop
      vertex 12.1244 7 7
      vertex 18.8221 10.0606 7
      vertex 17.7453 11.8571 7
    endloop
  endfacet
  facet normal 0 0 1
    outer loop
      vertex 20.9321 -4.16364 7
      vertex 13.523 -3.62347 7
      vertex 20.4231 -6.19529 7
    endloop
  endfacet
  facet normal 0 0 1
    outer loop
      vertex 11.1069 8.52266 7
      vertex 17.7453 11.8571 7
      vertex 16.4977 13.5393 7
    endloop
  endfacet
  facet normal -0 0 1
    outer loop
      vertex 12.9343 -5.35757 7
      vertex 20.4231 -6.19529 7
      vertex 13.523 -3.62347 7
    endloop
  endfacet
  facet normal 0 0 1
    outer loop
      vertex 9.89949 9.89949 7
      vertex 16.4977 13.5393 7
      vertex 15.0912 15.0912 7
    endloop
  endfacet
  facet normal 0 0 1
    outer loop
      vertex 20.4231 -6.19529 7
      vertex 12.9343 -5.35757 7
      vertex 19.7176 -8.16728 7
    endloop
  endfacet
  facet normal 0 0 1
    outer loop
      vertex 19.7176 -8.16728 7
      vertex 12.9343 -5.35757 7
      vertex 18.8221 -10.0606 7
    endloop
  endfacet
  facet normal 0 0 1
    outer loop
      vertex 21.2394 2.09189 7
      vertex 13.8802 1.82737 7
      vertex 14 0 7
    endloop
  endfacet
  facet normal 0 0 1
    outer loop
      vertex 9.89949 9.89949 7
      vertex 15.0912 15.0912 7
      vertex 13.5393 16.4977 7
    endloop
  endfacet
  facet normal 0 0 1
    outer loop
      vertex 20.9321 4.16364 7
      vertex 13.523 3.62347 7
      vertex 13.8802 1.82737 7
    endloop
  endfacet
  facet normal 0 0 1
    outer loop
      vertex 20.4231 6.19529 7
      vertex 12.9343 5.35757 7
      vertex 13.523 3.62347 7
    endloop
  endfacet
  facet normal 0 0 1
    outer loop
      vertex 18.8221 10.0606 7
      vertex 12.1244 7 7
      vertex 12.9343 5.35757 7
    endloop
  endfacet
  facet normal 0 0 1
    outer loop
      vertex 8.52266 11.1069 7
      vertex 13.5393 16.4977 7
      vertex 11.8571 17.7453 7
    endloop
  endfacet
  facet normal 0 0 1
    outer loop
      vertex 17.7453 11.8571 7
      vertex 11.1069 8.52266 7
      vertex 12.1244 7 7
    endloop
  endfacet
  facet normal 0 0 1
    outer loop
      vertex 7 12.1244 7
      vertex 11.8571 17.7453 7
      vertex 10.0606 18.8221 7
    endloop
  endfacet
  facet normal 0 0 1
    outer loop
      vertex 16.4977 13.5393 7
      vertex 9.89949 9.89949 7
      vertex 11.1069 8.52266 7
    endloop
  endfacet
  facet normal 0 0 1
    outer loop
      vertex 13.5393 16.4977 7
      vertex 8.52266 11.1069 7
      vertex 9.89949 9.89949 7
    endloop
  endfacet
  facet normal 0 0 1
    outer loop
      vertex 5.35757 12.9343 7
      vertex 10.0606 18.8221 7
      vertex 8.16728 19.7176 7
    endloop
  endfacet
  facet normal 0 0 1
    outer loop
      vertex 11.8571 17.7453 7
      vertex 7 12.1244 7
      vertex 8.52266 11.1069 7
    endloop
  endfacet
  facet normal 0 0 1
    outer loop
      vertex 5.35757 12.9343 7
      vertex 8.16728 19.7176 7
      vertex 6.19529 20.4231 7
    endloop
  endfacet
  facet normal 0 0 1
    outer loop
      vertex 10.0606 18.8221 7
      vertex 5.35757 12.9343 7
      vertex 7 12.1244 7
    endloop
  endfacet
  facet normal 0 0 1
    outer loop
      vertex 3.62347 13.523 7
      vertex 6.19529 20.4231 7
      vertex 4.16364 20.9321 7
    endloop
  endfacet
  facet normal 0 0 1
    outer loop
      vertex 6.19529 20.4231 7
      vertex 3.62347 13.523 7
      vertex 5.35757 12.9343 7
    endloop
  endfacet
  facet normal 0 0 1
    outer loop
      vertex 1.82737 13.8802 7
      vertex 4.16364 20.9321 7
      vertex 2.09189 21.2394 7
    endloop
  endfacet
  facet normal 0 0 1
    outer loop
      vertex 4.16364 20.9321 7
      vertex 1.82737 13.8802 7
      vertex 3.62347 13.523 7
    endloop
  endfacet
  facet normal 0 0 1
    outer loop
      vertex 0 14 7
      vertex 2.09189 21.2394 7
      vertex 0 21.3421 7
    endloop
  endfacet
  facet normal 0 0 1
    outer loop
      vertex 2.09189 21.2394 7
      vertex 0 14 7
      vertex 1.82737 13.8802 7
    endloop
  endfacet
  facet normal -0 0 1
    outer loop
      vertex -2.09189 21.2394 7
      vertex 0 14 7
      vertex 0 21.3421 7
    endloop
  endfacet
  facet normal 0 0 1
    outer loop
      vertex 0 14 7
      vertex -2.09189 21.2394 7
      vertex -1.82737 13.8802 7
    endloop
  endfacet
  facet normal -0 0 1
    outer loop
      vertex -4.16364 20.9321 7
      vertex -1.82737 13.8802 7
      vertex -2.09189 21.2394 7
    endloop
  endfacet
  facet normal 0 0 1
    outer loop
      vertex -1.82737 13.8802 7
      vertex -4.16364 20.9321 7
      vertex -3.62347 13.523 7
    endloop
  endfacet
  facet normal -0 0 1
    outer loop
      vertex -6.19529 20.4231 7
      vertex -3.62347 13.523 7
      vertex -4.16364 20.9321 7
    endloop
  endfacet
  facet normal 0 0 1
    outer loop
      vertex -3.62347 13.523 7
      vertex -6.19529 20.4231 7
      vertex -5.35757 12.9343 7
    endloop
  endfacet
  facet normal -0 0 1
    outer loop
      vertex -8.16728 19.7176 7
      vertex -5.35757 12.9343 7
      vertex -6.19529 20.4231 7
    endloop
  endfacet
  facet normal -0 0 1
    outer loop
      vertex -10.0606 18.8221 7
      vertex -5.35757 12.9343 7
      vertex -8.16728 19.7176 7
    endloop
  endfacet
  facet normal 0 0 1
    outer loop
      vertex -5.35757 12.9343 7
      vertex -10.0606 18.8221 7
      vertex -7 12.1244 7
    endloop
  endfacet
  facet normal -0 0 1
    outer loop
      vertex -11.8571 17.7453 7
      vertex -7 12.1244 7
      vertex -10.0606 18.8221 7
    endloop
  endfacet
  facet normal 0 0 1
    outer loop
      vertex -7 12.1244 7
      vertex -11.8571 17.7453 7
      vertex -8.52266 11.1069 7
    endloop
  endfacet
  facet normal -0 0 1
    outer loop
      vertex -13.5393 16.4977 7
      vertex -8.52266 11.1069 7
      vertex -11.8571 17.7453 7
    endloop
  endfacet
  facet normal 0 0 1
    outer loop
      vertex -8.52266 11.1069 7
      vertex -13.5393 16.4977 7
      vertex -9.89949 9.89949 7
    endloop
  endfacet
  facet normal -0 0 1
    outer loop
      vertex -15.0912 15.0912 7
      vertex -9.89949 9.89949 7
      vertex -13.5393 16.4977 7
    endloop
  endfacet
  facet normal -0 0 1
    outer loop
      vertex -16.4977 13.5393 7
      vertex -9.89949 9.89949 7
      vertex -15.0912 15.0912 7
    endloop
  endfacet
  facet normal 0 0 1
    outer loop
      vertex -9.89949 9.89949 7
      vertex -16.4977 13.5393 7
      vertex -11.1069 8.52266 7
    endloop
  endfacet
  facet normal -0 0 1
    outer loop
      vertex -17.7453 11.8571 7
      vertex -11.1069 8.52266 7
      vertex -16.4977 13.5393 7
    endloop
  endfacet
  facet normal 0 0 1
    outer loop
      vertex -11.1069 8.52266 7
      vertex -17.7453 11.8571 7
      vertex -12.1244 7 7
    endloop
  endfacet
  facet normal -0 0 1
    outer loop
      vertex -18.8221 10.0606 7
      vertex -12.1244 7 7
      vertex -17.7453 11.8571 7
    endloop
  endfacet
  facet normal 0 0 1
    outer loop
      vertex -12.1244 7 7
      vertex -18.8221 10.0606 7
      vertex -12.9343 5.35757 7
    endloop
  endfacet
  facet normal -0 0 1
    outer loop
      vertex 12.1244 -7 7
      vertex 18.8221 -10.0606 7
      vertex 12.9343 -5.35757 7
    endloop
  endfacet
  facet normal 0 0 1
    outer loop
      vertex 18.8221 -10.0606 7
      vertex 12.1244 -7 7
      vertex 17.7453 -11.8571 7
    endloop
  endfacet
  facet normal -0 0 1
    outer loop
      vertex 11.1069 -8.52266 7
      vertex 17.7453 -11.8571 7
      vertex 12.1244 -7 7
    endloop
  endfacet
  facet normal 0 0 1
    outer loop
      vertex 17.7453 -11.8571 7
      vertex 11.1069 -8.52266 7
      vertex 16.4977 -13.5393 7
    endloop
  endfacet
  facet normal -0 0 1
    outer loop
      vertex 9.89949 -9.89949 7
      vertex 16.4977 -13.5393 7
      vertex 11.1069 -8.52266 7
    endloop
  endfacet
  facet normal 0 0 1
    outer loop
      vertex 16.4977 -13.5393 7
      vertex 9.89949 -9.89949 7
      vertex 15.0912 -15.0912 7
    endloop
  endfacet
  facet normal 0 0 1
    outer loop
      vertex 15.0912 -15.0912 7
      vertex 9.89949 -9.89949 7
      vertex 13.5393 -16.4977 7
    endloop
  endfacet
  facet normal -0 0 1
    outer loop
      vertex 8.52266 -11.1069 7
      vertex 13.5393 -16.4977 7
      vertex 9.89949 -9.89949 7
    endloop
  endfacet
  facet normal 0 0 1
    outer loop
      vertex 13.5393 -16.4977 7
      vertex 8.52266 -11.1069 7
      vertex 11.8571 -17.7453 7
    endloop
  endfacet
  facet normal -0 0 1
    outer loop
      vertex 7 -12.1244 7
      vertex 11.8571 -17.7453 7
      vertex 8.52266 -11.1069 7
    endloop
  endfacet
  facet normal 0 0 1
    outer loop
      vertex 11.8571 -17.7453 7
      vertex 7 -12.1244 7
      vertex 10.0606 -18.8221 7
    endloop
  endfacet
  facet normal -0 0 1
    outer loop
      vertex 5.35757 -12.9343 7
      vertex 10.0606 -18.8221 7
      vertex 7 -12.1244 7
    endloop
  endfacet
  facet normal 0 0 1
    outer loop
      vertex 10.0606 -18.8221 7
      vertex 5.35757 -12.9343 7
      vertex 8.16728 -19.7176 7
    endloop
  endfacet
  facet normal 0 0 1
    outer loop
      vertex 8.16728 -19.7176 7
      vertex 5.35757 -12.9343 7
      vertex 6.19529 -20.4231 7
    endloop
  endfacet
  facet normal -0 0 1
    outer loop
      vertex 3.62347 -13.523 7
      vertex 6.19529 -20.4231 7
      vertex 5.35757 -12.9343 7
    endloop
  endfacet
  facet normal 0 0 1
    outer loop
      vertex 6.19529 -20.4231 7
      vertex 3.62347 -13.523 7
      vertex 4.16364 -20.9321 7
    endloop
  endfacet
  facet normal -0 0 1
    outer loop
      vertex 1.82737 -13.8802 7
      vertex 4.16364 -20.9321 7
      vertex 3.62347 -13.523 7
    endloop
  endfacet
  facet normal 0 0 1
    outer loop
      vertex 4.16364 -20.9321 7
      vertex 1.82737 -13.8802 7
      vertex 2.09189 -21.2394 7
    endloop
  endfacet
  facet normal -0 0 1
    outer loop
      vertex 0 -14 7
      vertex 2.09189 -21.2394 7
      vertex 1.82737 -13.8802 7
    endloop
  endfacet
  facet normal 0 0 1
    outer loop
      vertex 0 -14 7
      vertex 0 -21.3421 7
      vertex 2.09189 -21.2394 7
    endloop
  endfacet
  facet normal 0 0 1
    outer loop
      vertex -2.09189 -21.2394 7
      vertex 0 -14 7
      vertex -1.82737 -13.8802 7
    endloop
  endfacet
  facet normal 0 0 1
    outer loop
      vertex 0 -14 7
      vertex -2.09189 -21.2394 7
      vertex 0 -21.3421 7
    endloop
  endfacet
  facet normal 0 0 1
    outer loop
      vertex -4.16364 -20.9321 7
      vertex -1.82737 -13.8802 7
      vertex -3.62347 -13.523 7
    endloop
  endfacet
  facet normal 0 0 1
    outer loop
      vertex -1.82737 -13.8802 7
      vertex -4.16364 -20.9321 7
      vertex -2.09189 -21.2394 7
    endloop
  endfacet
  facet normal 0 0 1
    outer loop
      vertex -6.19529 -20.4231 7
      vertex -3.62347 -13.523 7
      vertex -5.35757 -12.9343 7
    endloop
  endfacet
  facet normal 0 0 1
    outer loop
      vertex -3.62347 -13.523 7
      vertex -6.19529 -20.4231 7
      vertex -4.16364 -20.9321 7
    endloop
  endfacet
  facet normal 0 0 1
    outer loop
      vertex -10.0606 -18.8221 7
      vertex -5.35757 -12.9343 7
      vertex -7 -12.1244 7
    endloop
  endfacet
  facet normal 0 0 1
    outer loop
      vertex -5.35757 -12.9343 7
      vertex -8.16728 -19.7176 7
      vertex -6.19529 -20.4231 7
    endloop
  endfacet
  facet normal 0 0 1
    outer loop
      vertex -11.8571 -17.7453 7
      vertex -7 -12.1244 7
      vertex -8.52266 -11.1069 7
    endloop
  endfacet
  facet normal 0 0 1
    outer loop
      vertex -13.5393 -16.4977 7
      vertex -8.52266 -11.1069 7
      vertex -9.89949 -9.89949 7
    endloop
  endfacet
  facet normal 0 0 1
    outer loop
      vertex -5.35757 -12.9343 7
      vertex -10.0606 -18.8221 7
      vertex -8.16728 -19.7176 7
    endloop
  endfacet
  facet normal 0 0 1
    outer loop
      vertex -16.4977 -13.5393 7
      vertex -9.89949 -9.89949 7
      vertex -11.1069 -8.52266 7
    endloop
  endfacet
  facet normal 0 0 1
    outer loop
      vertex -7 -12.1244 7
      vertex -11.8571 -17.7453 7
      vertex -10.0606 -18.8221 7
    endloop
  endfacet
  facet normal 0 0 1
    outer loop
      vertex -17.7453 -11.8571 7
      vertex -11.1069 -8.52266 7
      vertex -12.1244 -7 7
    endloop
  endfacet
  facet normal 0 0 1
    outer loop
      vertex -18.8221 -10.0606 7
      vertex -12.1244 -7 7
      vertex -12.9343 -5.35757 7
    endloop
  endfacet
  facet normal 0 0 1
    outer loop
      vertex -20.4231 -6.19529 7
      vertex -12.9343 -5.35757 7
      vertex -13.523 -3.62347 7
    endloop
  endfacet
  facet normal 0 0 1
    outer loop
      vertex -8.52266 -11.1069 7
      vertex -13.5393 -16.4977 7
      vertex -11.8571 -17.7453 7
    endloop
  endfacet
  facet normal 0 0 1
    outer loop
      vertex -20.9321 -4.16364 7
      vertex -13.523 -3.62347 7
      vertex -13.8802 -1.82737 7
    endloop
  endfacet
  facet normal 0 0 1
    outer loop
      vertex -21.2394 -2.09189 7
      vertex -13.8802 -1.82737 7
      vertex -14 0 7
    endloop
  endfacet
  facet normal -0 0 1
    outer loop
      vertex -19.7176 8.16728 7
      vertex -12.9343 5.35757 7
      vertex -18.8221 10.0606 7
    endloop
  endfacet
  facet normal 0 0 1
    outer loop
      vertex -9.89949 -9.89949 7
      vertex -15.0912 -15.0912 7
      vertex -13.5393 -16.4977 7
    endloop
  endfacet
  facet normal -0 0 1
    outer loop
      vertex -20.4231 6.19529 7
      vertex -12.9343 5.35757 7
      vertex -19.7176 8.16728 7
    endloop
  endfacet
  facet normal 0 0 1
    outer loop
      vertex -9.89949 -9.89949 7
      vertex -16.4977 -13.5393 7
      vertex -15.0912 -15.0912 7
    endloop
  endfacet
  facet normal 0 0 1
    outer loop
      vertex -12.9343 5.35757 7
      vertex -20.4231 6.19529 7
      vertex -13.523 3.62347 7
    endloop
  endfacet
  facet normal 0 0 1
    outer loop
      vertex -11.1069 -8.52266 7
      vertex -17.7453 -11.8571 7
      vertex -16.4977 -13.5393 7
    endloop
  endfacet
  facet normal -0 0 1
    outer loop
      vertex -20.9321 4.16364 7
      vertex -13.523 3.62347 7
      vertex -20.4231 6.19529 7
    endloop
  endfacet
  facet normal 0 0 1
    outer loop
      vertex -12.1244 -7 7
      vertex -18.8221 -10.0606 7
      vertex -17.7453 -11.8571 7
    endloop
  endfacet
  facet normal 0 0 1
    outer loop
      vertex -13.523 3.62347 7
      vertex -20.9321 4.16364 7
      vertex -13.8802 1.82737 7
    endloop
  endfacet
  facet normal 0 0 1
    outer loop
      vertex -12.9343 -5.35757 7
      vertex -19.7176 -8.16728 7
      vertex -18.8221 -10.0606 7
    endloop
  endfacet
  facet normal -0 0 1
    outer loop
      vertex -21.2394 2.09189 7
      vertex -13.8802 1.82737 7
      vertex -20.9321 4.16364 7
    endloop
  endfacet
  facet normal 0 0 1
    outer loop
      vertex -12.9343 -5.35757 7
      vertex -20.4231 -6.19529 7
      vertex -19.7176 -8.16728 7
    endloop
  endfacet
  facet normal 0 0 1
    outer loop
      vertex -13.8802 1.82737 7
      vertex -21.2394 2.09189 7
      vertex -14 0 7
    endloop
  endfacet
  facet normal 0 0 1
    outer loop
      vertex -13.523 -3.62347 7
      vertex -20.9321 -4.16364 7
      vertex -20.4231 -6.19529 7
    endloop
  endfacet
  facet normal 0 0 1
    outer loop
      vertex -21.3421 0 7
      vertex -14 0 7
      vertex -21.2394 2.09189 7
    endloop
  endfacet
  facet normal 0 0 1
    outer loop
      vertex -13.8802 -1.82737 7
      vertex -21.2394 -2.09189 7
      vertex -20.9321 -4.16364 7
    endloop
  endfacet
  facet normal 0 0 1
    outer loop
      vertex -14 0 7
      vertex -21.3421 0 7
      vertex -21.2394 -2.09189 7
    endloop
  endfacet
  facet normal -0.998797 -0.0490353 0
    outer loop
      vertex -21.2394 -2.09189 0
      vertex -21.3421 0 7
      vertex -21.3421 0 0
    endloop
  endfacet
  facet normal -0.998797 -0.0490353 0
    outer loop
      vertex -21.3421 0 7
      vertex -21.2394 -2.09189 0
      vertex -21.2394 -2.09189 7
    endloop
  endfacet
  facet normal 0.903984 -0.427565 0
    outer loop
      vertex 18.8221 -10.0606 7
      vertex 19.7176 -8.16728 5
      vertex 19.7176 -8.16728 7
    endloop
  endfacet
  facet normal 0.903984 -0.427565 0
    outer loop
      vertex 19.7176 -8.16728 5
      vertex 18.8221 -10.0606 7
      vertex 18.8221 -10.0606 5
    endloop
  endfacet
  facet normal 0.989178 0.146723 0
    outer loop
      vertex 21.2394 2.09189 7
      vertex 20.9321 4.16364 0
      vertex 20.9321 4.16364 7
    endloop
  endfacet
  facet normal 0.989178 0.146723 0
    outer loop
      vertex 20.9321 4.16364 0
      vertex 21.2394 2.09189 7
      vertex 21.2394 2.09189 0
    endloop
  endfacet
  facet normal -0.857718 0.51412 0
    outer loop
      vertex -18.61 10.4145 5
      vertex -17.7453 11.8571 0
      vertex -18.61 10.4145 0
    endloop
  endfacet
  facet normal -0.857718 0.51412 0
    outer loop
      vertex -17.7453 11.8571 0
      vertex -18.61 10.4145 5
      vertex -17.7453 11.8571 7
    endloop
  endfacet
  facet normal -0.857749 0.514068 0
    outer loop
      vertex -18.8221 10.0606 7
      vertex -18.61 10.4145 5
      vertex -18.8221 10.0606 5
    endloop
  endfacet
  facet normal -0.857725 0.51411 9.99525e-06
    outer loop
      vertex -18.61 10.4145 5
      vertex -18.8221 10.0606 7
      vertex -17.7453 11.8571 7
    endloop
  endfacet
  facet normal 0.740965 0.671543 0
    outer loop
      vertex 16.4977 13.5393 7
      vertex 15.0912 15.0912 0
      vertex 15.0912 15.0912 7
    endloop
  endfacet
  facet normal 0.740965 0.671543 0
    outer loop
      vertex 15.0912 15.0912 0
      vertex 16.4977 13.5393 7
      vertex 16.4977 13.5393 0
    endloop
  endfacet
  facet normal -0.146723 -0.989178 0
    outer loop
      vertex -4.16364 -20.9321 0
      vertex -2.09189 -21.2394 7
      vertex -4.16364 -20.9321 7
    endloop
  endfacet
  facet normal -0.146723 -0.989178 -0
    outer loop
      vertex -2.09189 -21.2394 7
      vertex -4.16364 -20.9321 0
      vertex -2.09189 -21.2394 0
    endloop
  endfacet
  facet normal 0.243024 -0.97002 1.73543e-05
    outer loop
      vertex 4.16364 -20.9321 7
      vertex 5.79509 -20.5234 5
      vertex 6.19529 -20.4231 7
    endloop
  endfacet
  facet normal 0.243004 -0.970025 0
    outer loop
      vertex 4.16364 -20.9321 0
      vertex 5.79509 -20.5234 5
      vertex 4.16364 -20.9321 7
    endloop
  endfacet
  facet normal 0.243004 -0.970025 0
    outer loop
      vertex 5.79509 -20.5234 5
      vertex 4.16364 -20.9321 0
      vertex 5.79509 -20.5234 0
    endloop
  endfacet
  facet normal 0.243106 -0.97 0
    outer loop
      vertex 6.19529 -20.4231 7
      vertex 5.79509 -20.5234 5
      vertex 6.19529 -20.4231 5
    endloop
  endfacet
  facet normal -0.857718 -0.51412 0
    outer loop
      vertex -18.61 -10.4145 0
      vertex -17.7453 -11.8571 0
      vertex -18.61 -10.4145 5
    endloop
  endfacet
  facet normal -0.857749 -0.514068 0
    outer loop
      vertex -18.61 -10.4145 5
      vertex -18.8221 -10.0606 7
      vertex -18.8221 -10.0606 5
    endloop
  endfacet
  facet normal -0.857718 -0.51412 -0
    outer loop
      vertex -17.7453 -11.8571 7
      vertex -18.61 -10.4145 5
      vertex -17.7453 -11.8571 0
    endloop
  endfacet
  facet normal -0.857725 -0.51411 9.99525e-06
    outer loop
      vertex -18.61 -10.4145 5
      vertex -17.7453 -11.8571 7
      vertex -18.8221 -10.0606 7
    endloop
  endfacet
  facet normal -0.941558 -0.336852 0
    outer loop
      vertex -19.7176 -8.16728 5
      vertex -20.4231 -6.19529 7
      vertex -20.4231 -6.19529 5
    endloop
  endfacet
  facet normal -0.941558 -0.336852 0
    outer loop
      vertex -20.4231 -6.19529 7
      vertex -19.7176 -8.16728 5
      vertex -19.7176 -8.16728 7
    endloop
  endfacet
  facet normal 0.671543 -0.740965 0
    outer loop
      vertex 13.5393 -16.4977 0
      vertex 15.0912 -15.0912 7
      vertex 13.5393 -16.4977 7
    endloop
  endfacet
  facet normal 0.671543 -0.740965 0
    outer loop
      vertex 15.0912 -15.0912 7
      vertex 13.5393 -16.4977 0
      vertex 15.0912 -15.0912 0
    endloop
  endfacet
  facet normal -0.740965 -0.671543 0
    outer loop
      vertex -15.0912 -15.0912 0
      vertex -16.4977 -13.5393 7
      vertex -16.4977 -13.5393 0
    endloop
  endfacet
  facet normal -0.740965 -0.671543 0
    outer loop
      vertex -16.4977 -13.5393 7
      vertex -15.0912 -15.0912 0
      vertex -15.0912 -15.0912 7
    endloop
  endfacet
  facet normal 0.595698 0.803209 -0
    outer loop
      vertex 13.5393 16.4977 0
      vertex 11.8571 17.7453 7
      vertex 13.5393 16.4977 7
    endloop
  endfacet
  facet normal 0.595698 0.803209 0
    outer loop
      vertex 11.8571 17.7453 7
      vertex 13.5393 16.4977 0
      vertex 11.8571 17.7453 0
    endloop
  endfacet
  facet normal 0.941558 -0.336852 0
    outer loop
      vertex 19.7176 -8.16728 7
      vertex 20.4231 -6.19529 5
      vertex 20.4231 -6.19529 7
    endloop
  endfacet
  facet normal 0.941558 -0.336852 0
    outer loop
      vertex 20.4231 -6.19529 5
      vertex 19.7176 -8.16728 7
      vertex 19.7176 -8.16728 5
    endloop
  endfacet
  facet normal 0.427565 0.903984 -0
    outer loop
      vertex 10.0606 18.8221 5
      vertex 8.16728 19.7176 7
      vertex 10.0606 18.8221 7
    endloop
  endfacet
  facet normal 0.427565 0.903984 0
    outer loop
      vertex 8.16728 19.7176 7
      vertex 10.0606 18.8221 5
      vertex 8.16728 19.7176 5
    endloop
  endfacet
  facet normal -0.803209 -0.595698 0
    outer loop
      vertex -16.4977 -13.5393 0
      vertex -17.7453 -11.8571 7
      vertex -17.7453 -11.8571 0
    endloop
  endfacet
  facet normal -0.803209 -0.595698 0
    outer loop
      vertex -17.7453 -11.8571 7
      vertex -16.4977 -13.5393 0
      vertex -16.4977 -13.5393 7
    endloop
  endfacet
  facet normal 0.51411 0.857725 9.99525e-06
    outer loop
      vertex 11.8571 17.7453 7
      vertex 10.4145 18.61 5
      vertex 10.0606 18.8221 7
    endloop
  endfacet
  facet normal 0.51412 0.857718 -0
    outer loop
      vertex 11.8571 17.7453 0
      vertex 10.4145 18.61 5
      vertex 11.8571 17.7453 7
    endloop
  endfacet
  facet normal 0.51412 0.857718 0
    outer loop
      vertex 10.4145 18.61 5
      vertex 11.8571 17.7453 0
      vertex 10.4145 18.61 0
    endloop
  endfacet
  facet normal 0.514068 0.857749 0
    outer loop
      vertex 10.0606 18.8221 7
      vertex 10.4145 18.61 5
      vertex 10.0606 18.8221 5
    endloop
  endfacet
  facet normal 0.903984 0.427565 0
    outer loop
      vertex 19.7176 8.16728 7
      vertex 18.8221 10.0606 5
      vertex 18.8221 10.0606 7
    endloop
  endfacet
  facet normal 0.903984 0.427565 0
    outer loop
      vertex 18.8221 10.0606 5
      vertex 19.7176 8.16728 7
      vertex 19.7176 8.16728 5
    endloop
  endfacet
  facet normal 0.803209 -0.595698 0
    outer loop
      vertex 16.4977 -13.5393 7
      vertex 17.7453 -11.8571 0
      vertex 17.7453 -11.8571 7
    endloop
  endfacet
  facet normal 0.803209 -0.595698 0
    outer loop
      vertex 17.7453 -11.8571 0
      vertex 16.4977 -13.5393 7
      vertex 16.4977 -13.5393 0
    endloop
  endfacet
  facet normal 0.427565 -0.903984 0
    outer loop
      vertex 8.16728 -19.7176 5
      vertex 10.0606 -18.8221 7
      vertex 8.16728 -19.7176 7
    endloop
  endfacet
  facet normal 0.427565 -0.903984 0
    outer loop
      vertex 10.0606 -18.8221 7
      vertex 8.16728 -19.7176 5
      vertex 10.0606 -18.8221 5
    endloop
  endfacet
  facet normal -0.595698 -0.803209 0
    outer loop
      vertex -13.5393 -16.4977 0
      vertex -11.8571 -17.7453 7
      vertex -13.5393 -16.4977 7
    endloop
  endfacet
  facet normal -0.595698 -0.803209 -0
    outer loop
      vertex -11.8571 -17.7453 7
      vertex -13.5393 -16.4977 0
      vertex -11.8571 -17.7453 0
    endloop
  endfacet
  facet normal 0.146723 0.989178 -0
    outer loop
      vertex 4.16364 20.9321 0
      vertex 2.09189 21.2394 7
      vertex 4.16364 20.9321 7
    endloop
  endfacet
  facet normal 0.146723 0.989178 0
    outer loop
      vertex 2.09189 21.2394 7
      vertex 4.16364 20.9321 0
      vertex 2.09189 21.2394 0
    endloop
  endfacet
  facet normal -0.336852 -0.941558 0
    outer loop
      vertex -8.16728 -19.7176 5
      vertex -6.19529 -20.4231 7
      vertex -8.16728 -19.7176 7
    endloop
  endfacet
  facet normal -0.336852 -0.941558 -0
    outer loop
      vertex -6.19529 -20.4231 7
      vertex -8.16728 -19.7176 5
      vertex -6.19529 -20.4231 5
    endloop
  endfacet
  facet normal -0.243106 -0.97 0
    outer loop
      vertex -5.79509 -20.5234 5
      vertex -6.19529 -20.4231 7
      vertex -6.19529 -20.4231 5
    endloop
  endfacet
  facet normal -0.243024 -0.97002 1.73543e-05
    outer loop
      vertex -6.19529 -20.4231 7
      vertex -5.79509 -20.5234 5
      vertex -4.16364 -20.9321 7
    endloop
  endfacet
  facet normal -0.243004 -0.970025 0
    outer loop
      vertex -4.16364 -20.9321 0
      vertex -5.79509 -20.5234 5
      vertex -5.79509 -20.5234 0
    endloop
  endfacet
  facet normal -0.243004 -0.970025 0
    outer loop
      vertex -5.79509 -20.5234 5
      vertex -4.16364 -20.9321 0
      vertex -4.16364 -20.9321 7
    endloop
  endfacet
  facet normal 0.740965 -0.671543 0
    outer loop
      vertex 15.0912 -15.0912 7
      vertex 16.4977 -13.5393 0
      vertex 16.4977 -13.5393 7
    endloop
  endfacet
  facet normal 0.740965 -0.671543 0
    outer loop
      vertex 16.4977 -13.5393 0
      vertex 15.0912 -15.0912 7
      vertex 15.0912 -15.0912 0
    endloop
  endfacet
  facet normal 0.595698 -0.803209 0
    outer loop
      vertex 11.8571 -17.7453 0
      vertex 13.5393 -16.4977 7
      vertex 11.8571 -17.7453 7
    endloop
  endfacet
  facet normal 0.595698 -0.803209 0
    outer loop
      vertex 13.5393 -16.4977 7
      vertex 11.8571 -17.7453 0
      vertex 13.5393 -16.4977 0
    endloop
  endfacet
  facet normal 0.0490353 -0.998797 0
    outer loop
      vertex 0 -21.3421 0
      vertex 2.09189 -21.2394 7
      vertex 0 -21.3421 7
    endloop
  endfacet
  facet normal 0.0490353 -0.998797 0
    outer loop
      vertex 2.09189 -21.2394 7
      vertex 0 -21.3421 0
      vertex 2.09189 -21.2394 0
    endloop
  endfacet
  facet normal 0.146723 -0.989178 0
    outer loop
      vertex 2.09189 -21.2394 0
      vertex 4.16364 -20.9321 7
      vertex 2.09189 -21.2394 7
    endloop
  endfacet
  facet normal 0.146723 -0.989178 0
    outer loop
      vertex 4.16364 -20.9321 7
      vertex 2.09189 -21.2394 0
      vertex 4.16364 -20.9321 0
    endloop
  endfacet
  facet normal 0.998797 0.0490353 0
    outer loop
      vertex 21.3421 0 7
      vertex 21.2394 2.09189 0
      vertex 21.2394 2.09189 7
    endloop
  endfacet
  facet normal 0.998797 0.0490353 0
    outer loop
      vertex 21.2394 2.09189 0
      vertex 21.3421 0 7
      vertex 21.3421 0 0
    endloop
  endfacet
  facet normal 0.336852 -0.941558 0
    outer loop
      vertex 6.19529 -20.4231 5
      vertex 8.16728 -19.7176 7
      vertex 6.19529 -20.4231 7
    endloop
  endfacet
  facet normal 0.336852 -0.941558 0
    outer loop
      vertex 8.16728 -19.7176 7
      vertex 6.19529 -20.4231 5
      vertex 8.16728 -19.7176 5
    endloop
  endfacet
  facet normal -0.671543 -0.740965 0
    outer loop
      vertex -15.0912 -15.0912 0
      vertex -13.5393 -16.4977 7
      vertex -15.0912 -15.0912 7
    endloop
  endfacet
  facet normal -0.671543 -0.740965 -0
    outer loop
      vertex -13.5393 -16.4977 7
      vertex -15.0912 -15.0912 0
      vertex -13.5393 -16.4977 0
    endloop
  endfacet
  facet normal -0.0654183 -0.997858 0
    outer loop
      vertex -1.82737 -13.8802 7
      vertex 0 -14 10.5
      vertex -1.82737 -13.8802 10.5
    endloop
  endfacet
  facet normal -0.0654183 -0.997858 -0
    outer loop
      vertex 0 -14 10.5
      vertex -1.82737 -13.8802 7
      vertex 0 -14 7
    endloop
  endfacet
  facet normal -0.980792 0.195055 0
    outer loop
      vertex -13.8802 1.82737 7
      vertex -13.523 3.62347 10.5
      vertex -13.523 3.62347 7
    endloop
  endfacet
  facet normal -0.980792 0.195055 0
    outer loop
      vertex -13.523 3.62347 10.5
      vertex -13.8802 1.82737 7
      vertex -13.8802 1.82737 10.5
    endloop
  endfacet
  facet normal -0.946921 0.321465 0
    outer loop
      vertex -13.523 3.62347 7
      vertex -12.9343 5.35757 10.5
      vertex -12.9343 5.35757 7
    endloop
  endfacet
  facet normal -0.946921 0.321465 0
    outer loop
      vertex -12.9343 5.35757 10.5
      vertex -13.523 3.62347 7
      vertex -13.523 3.62347 10.5
    endloop
  endfacet
  facet normal -0.0654183 0.997858 0
    outer loop
      vertex 0 14 7
      vertex -1.82737 13.8802 10.5
      vertex 0 14 10.5
    endloop
  endfacet
  facet normal -0.0654183 0.997858 0
    outer loop
      vertex -1.82737 13.8802 10.5
      vertex 0 14 7
      vertex -1.82737 13.8802 7
    endloop
  endfacet
  facet normal 0.659334 -0.75185 0
    outer loop
      vertex 8.52266 -11.1069 7
      vertex 9.89949 -9.89949 10.5
      vertex 8.52266 -11.1069 10.5
    endloop
  endfacet
  facet normal 0.659334 -0.75185 0
    outer loop
      vertex 9.89949 -9.89949 10.5
      vertex 8.52266 -11.1069 7
      vertex 9.89949 -9.89949 7
    endloop
  endfacet
  facet normal 0.997858 -0.0654183 0
    outer loop
      vertex 13.8802 -1.82737 10.5
      vertex 14 0 7
      vertex 14 0 10.5
    endloop
  endfacet
  facet normal 0.997858 -0.0654183 0
    outer loop
      vertex 14 0 7
      vertex 13.8802 -1.82737 10.5
      vertex 13.8802 -1.82737 7
    endloop
  endfacet
  facet normal -0.997858 0.0654183 0
    outer loop
      vertex -14 0 7
      vertex -13.8802 1.82737 10.5
      vertex -13.8802 1.82737 7
    endloop
  endfacet
  facet normal -0.997858 0.0654183 0
    outer loop
      vertex -13.8802 1.82737 10.5
      vertex -14 0 7
      vertex -14 0 10.5
    endloop
  endfacet
  facet normal 0.659334 0.75185 -0
    outer loop
      vertex 9.89949 9.89949 7
      vertex 8.52266 11.1069 10.5
      vertex 9.89949 9.89949 10.5
    endloop
  endfacet
  facet normal 0.659334 0.75185 0
    outer loop
      vertex 8.52266 11.1069 10.5
      vertex 9.89949 9.89949 7
      vertex 8.52266 11.1069 7
    endloop
  endfacet
  facet normal -0.997858 -0.0654183 0
    outer loop
      vertex -13.8802 -1.82737 7
      vertex -14 0 10.5
      vertex -14 0 7
    endloop
  endfacet
  facet normal -0.997858 -0.0654183 0
    outer loop
      vertex -14 0 10.5
      vertex -13.8802 -1.82737 7
      vertex -13.8802 -1.82737 10.5
    endloop
  endfacet
  facet normal -0.75185 0.659334 0
    outer loop
      vertex -11.1069 8.52266 7
      vertex -9.89949 9.89949 10.5
      vertex -9.89949 9.89949 7
    endloop
  endfacet
  facet normal -0.75185 0.659334 0
    outer loop
      vertex -9.89949 9.89949 10.5
      vertex -11.1069 8.52266 7
      vertex -11.1069 8.52266 10.5
    endloop
  endfacet
  facet normal -0.896885 -0.442264 0
    outer loop
      vertex -12.1244 -7 7
      vertex -12.9343 -5.35757 10.5
      vertex -12.9343 -5.35757 7
    endloop
  endfacet
  facet normal -0.896885 -0.442264 0
    outer loop
      vertex -12.9343 -5.35757 10.5
      vertex -12.1244 -7 7
      vertex -12.1244 -7 10.5
    endloop
  endfacet
  facet normal -0.831447 0.555605 0
    outer loop
      vertex -12.1244 7 7
      vertex -11.1069 8.52266 10.5
      vertex -11.1069 8.52266 7
    endloop
  endfacet
  facet normal -0.831447 0.555605 0
    outer loop
      vertex -11.1069 8.52266 10.5
      vertex -12.1244 7 7
      vertex -12.1244 7 10.5
    endloop
  endfacet
  facet normal -0.896885 0.442264 0
    outer loop
      vertex -12.9343 5.35757 7
      vertex -12.1244 7 10.5
      vertex -12.1244 7 7
    endloop
  endfacet
  facet normal -0.896885 0.442264 0
    outer loop
      vertex -12.1244 7 10.5
      vertex -12.9343 5.35757 7
      vertex -12.9343 5.35757 10.5
    endloop
  endfacet
  facet normal 0.831447 -0.555605 0
    outer loop
      vertex 11.1069 -8.52266 10.5
      vertex 12.1244 -7 7
      vertex 12.1244 -7 10.5
    endloop
  endfacet
  facet normal 0.831447 -0.555605 0
    outer loop
      vertex 12.1244 -7 7
      vertex 11.1069 -8.52266 10.5
      vertex 11.1069 -8.52266 7
    endloop
  endfacet
  facet normal -0.442264 -0.896885 0
    outer loop
      vertex -7 -12.1244 7
      vertex -5.35757 -12.9343 10.5
      vertex -7 -12.1244 10.5
    endloop
  endfacet
  facet normal -0.442264 -0.896885 -0
    outer loop
      vertex -5.35757 -12.9343 10.5
      vertex -7 -12.1244 7
      vertex -5.35757 -12.9343 7
    endloop
  endfacet
  facet normal -0.195055 0.980792 0
    outer loop
      vertex -1.82737 13.8802 7
      vertex -3.62347 13.523 10.5
      vertex -1.82737 13.8802 10.5
    endloop
  endfacet
  facet normal -0.195055 0.980792 0
    outer loop
      vertex -3.62347 13.523 10.5
      vertex -1.82737 13.8802 7
      vertex -3.62347 13.523 7
    endloop
  endfacet
  facet normal 0.997858 0.0654183 0
    outer loop
      vertex 14 0 10.5
      vertex 13.8802 1.82737 7
      vertex 13.8802 1.82737 10.5
    endloop
  endfacet
  facet normal 0.997858 0.0654183 0
    outer loop
      vertex 13.8802 1.82737 7
      vertex 14 0 10.5
      vertex 14 0 7
    endloop
  endfacet
  facet normal -0.442264 0.896885 0
    outer loop
      vertex -5.35757 12.9343 7
      vertex -7 12.1244 10.5
      vertex -5.35757 12.9343 10.5
    endloop
  endfacet
  facet normal -0.442264 0.896885 0
    outer loop
      vertex -7 12.1244 10.5
      vertex -5.35757 12.9343 7
      vertex -7 12.1244 7
    endloop
  endfacet
  facet normal 0.442264 0.896885 -0
    outer loop
      vertex 7 12.1244 7
      vertex 5.35757 12.9343 10.5
      vertex 7 12.1244 10.5
    endloop
  endfacet
  facet normal 0.442264 0.896885 0
    outer loop
      vertex 5.35757 12.9343 10.5
      vertex 7 12.1244 7
      vertex 5.35757 12.9343 7
    endloop
  endfacet
  facet normal 0.75185 0.659334 0
    outer loop
      vertex 11.1069 8.52266 10.5
      vertex 9.89949 9.89949 7
      vertex 9.89949 9.89949 10.5
    endloop
  endfacet
  facet normal 0.75185 0.659334 0
    outer loop
      vertex 9.89949 9.89949 7
      vertex 11.1069 8.52266 10.5
      vertex 11.1069 8.52266 7
    endloop
  endfacet
  facet normal -0.946921 -0.321465 0
    outer loop
      vertex -12.9343 -5.35757 7
      vertex -13.523 -3.62347 10.5
      vertex -13.523 -3.62347 7
    endloop
  endfacet
  facet normal -0.946921 -0.321465 0
    outer loop
      vertex -13.523 -3.62347 10.5
      vertex -12.9343 -5.35757 7
      vertex -12.9343 -5.35757 10.5
    endloop
  endfacet
  facet normal 0.980792 0.195055 0
    outer loop
      vertex 13.8802 1.82737 10.5
      vertex 13.523 3.62347 7
      vertex 13.523 3.62347 10.5
    endloop
  endfacet
  facet normal 0.980792 0.195055 0
    outer loop
      vertex 13.523 3.62347 7
      vertex 13.8802 1.82737 10.5
      vertex 13.8802 1.82737 7
    endloop
  endfacet
  facet normal 0.555605 0.831447 -0
    outer loop
      vertex 8.52266 11.1069 7
      vertex 7 12.1244 10.5
      vertex 8.52266 11.1069 10.5
    endloop
  endfacet
  facet normal 0.555605 0.831447 0
    outer loop
      vertex 7 12.1244 10.5
      vertex 8.52266 11.1069 7
      vertex 7 12.1244 7
    endloop
  endfacet
  facet normal -0.659334 -0.75185 0
    outer loop
      vertex -9.89949 -9.89949 7
      vertex -8.52266 -11.1069 10.5
      vertex -9.89949 -9.89949 10.5
    endloop
  endfacet
  facet normal -0.659334 -0.75185 -0
    outer loop
      vertex -8.52266 -11.1069 10.5
      vertex -9.89949 -9.89949 7
      vertex -8.52266 -11.1069 7
    endloop
  endfacet
  facet normal 0.321465 0.946921 -0
    outer loop
      vertex 5.35757 12.9343 7
      vertex 3.62347 13.523 10.5
      vertex 5.35757 12.9343 10.5
    endloop
  endfacet
  facet normal 0.321465 0.946921 0
    outer loop
      vertex 3.62347 13.523 10.5
      vertex 5.35757 12.9343 7
      vertex 3.62347 13.523 7
    endloop
  endfacet
  facet normal -0.831447 -0.555605 0
    outer loop
      vertex -11.1069 -8.52266 7
      vertex -12.1244 -7 10.5
      vertex -12.1244 -7 7
    endloop
  endfacet
  facet normal -0.831447 -0.555605 0
    outer loop
      vertex -12.1244 -7 10.5
      vertex -11.1069 -8.52266 7
      vertex -11.1069 -8.52266 10.5
    endloop
  endfacet
  facet normal -0.555605 -0.831447 0
    outer loop
      vertex -8.52266 -11.1069 7
      vertex -7 -12.1244 10.5
      vertex -8.52266 -11.1069 10.5
    endloop
  endfacet
  facet normal -0.555605 -0.831447 -0
    outer loop
      vertex -7 -12.1244 10.5
      vertex -8.52266 -11.1069 7
      vertex -7 -12.1244 7
    endloop
  endfacet
  facet normal -0.75185 -0.659334 0
    outer loop
      vertex -9.89949 -9.89949 7
      vertex -11.1069 -8.52266 10.5
      vertex -11.1069 -8.52266 7
    endloop
  endfacet
  facet normal -0.75185 -0.659334 0
    outer loop
      vertex -11.1069 -8.52266 10.5
      vertex -9.89949 -9.89949 7
      vertex -9.89949 -9.89949 10.5
    endloop
  endfacet
  facet normal -0.980792 -0.195055 0
    outer loop
      vertex -13.523 -3.62347 7
      vertex -13.8802 -1.82737 10.5
      vertex -13.8802 -1.82737 7
    endloop
  endfacet
  facet normal -0.980792 -0.195055 0
    outer loop
      vertex -13.8802 -1.82737 10.5
      vertex -13.523 -3.62347 7
      vertex -13.523 -3.62347 10.5
    endloop
  endfacet
  facet normal 0.0654183 0.997858 -0
    outer loop
      vertex 1.82737 13.8802 7
      vertex 0 14 10.5
      vertex 1.82737 13.8802 10.5
    endloop
  endfacet
  facet normal 0.0654183 0.997858 0
    outer loop
      vertex 0 14 10.5
      vertex 1.82737 13.8802 7
      vertex 0 14 7
    endloop
  endfacet
  facet normal 0.896885 -0.442264 0
    outer loop
      vertex 12.1244 -7 10.5
      vertex 12.9343 -5.35757 7
      vertex 12.9343 -5.35757 10.5
    endloop
  endfacet
  facet normal 0.896885 -0.442264 0
    outer loop
      vertex 12.9343 -5.35757 7
      vertex 12.1244 -7 10.5
      vertex 12.1244 -7 7
    endloop
  endfacet
  facet normal 0.555605 -0.831447 0
    outer loop
      vertex 7 -12.1244 7
      vertex 8.52266 -11.1069 10.5
      vertex 7 -12.1244 10.5
    endloop
  endfacet
  facet normal 0.555605 -0.831447 0
    outer loop
      vertex 8.52266 -11.1069 10.5
      vertex 7 -12.1244 7
      vertex 8.52266 -11.1069 7
    endloop
  endfacet
  facet normal 0.896885 0.442264 0
    outer loop
      vertex 12.9343 5.35757 10.5
      vertex 12.1244 7 7
      vertex 12.1244 7 10.5
    endloop
  endfacet
  facet normal 0.896885 0.442264 0
    outer loop
      vertex 12.1244 7 7
      vertex 12.9343 5.35757 10.5
      vertex 12.9343 5.35757 7
    endloop
  endfacet
  facet normal 0.442264 -0.896885 0
    outer loop
      vertex 5.35757 -12.9343 7
      vertex 7 -12.1244 10.5
      vertex 5.35757 -12.9343 10.5
    endloop
  endfacet
  facet normal 0.442264 -0.896885 0
    outer loop
      vertex 7 -12.1244 10.5
      vertex 5.35757 -12.9343 7
      vertex 7 -12.1244 7
    endloop
  endfacet
  facet normal -0.555605 0.831447 0
    outer loop
      vertex -7 12.1244 7
      vertex -8.52266 11.1069 10.5
      vertex -7 12.1244 10.5
    endloop
  endfacet
  facet normal -0.555605 0.831447 0
    outer loop
      vertex -8.52266 11.1069 10.5
      vertex -7 12.1244 7
      vertex -8.52266 11.1069 7
    endloop
  endfacet
  facet normal 0.321465 -0.946921 0
    outer loop
      vertex 3.62347 -13.523 7
      vertex 5.35757 -12.9343 10.5
      vertex 3.62347 -13.523 10.5
    endloop
  endfacet
  facet normal 0.321465 -0.946921 0
    outer loop
      vertex 5.35757 -12.9343 10.5
      vertex 3.62347 -13.523 7
      vertex 5.35757 -12.9343 7
    endloop
  endfacet
  facet normal 0.980792 -0.195055 0
    outer loop
      vertex 13.523 -3.62347 10.5
      vertex 13.8802 -1.82737 7
      vertex 13.8802 -1.82737 10.5
    endloop
  endfacet
  facet normal 0.980792 -0.195055 0
    outer loop
      vertex 13.8802 -1.82737 7
      vertex 13.523 -3.62347 10.5
      vertex 13.523 -3.62347 7
    endloop
  endfacet
  facet normal -0.321465 -0.946921 0
    outer loop
      vertex -5.35757 -12.9343 7
      vertex -3.62347 -13.523 10.5
      vertex -5.35757 -12.9343 10.5
    endloop
  endfacet
  facet normal -0.321465 -0.946921 -0
    outer loop
      vertex -3.62347 -13.523 10.5
      vertex -5.35757 -12.9343 7
      vertex -3.62347 -13.523 7
    endloop
  endfacet
  facet normal -0.659334 0.75185 0
    outer loop
      vertex -8.52266 11.1069 7
      vertex -9.89949 9.89949 10.5
      vertex -8.52266 11.1069 10.5
    endloop
  endfacet
  facet normal -0.659334 0.75185 0
    outer loop
      vertex -9.89949 9.89949 10.5
      vertex -8.52266 11.1069 7
      vertex -9.89949 9.89949 7
    endloop
  endfacet
  facet normal -0.195055 -0.980792 0
    outer loop
      vertex -3.62347 -13.523 7
      vertex -1.82737 -13.8802 10.5
      vertex -3.62347 -13.523 10.5
    endloop
  endfacet
  facet normal -0.195055 -0.980792 -0
    outer loop
      vertex -1.82737 -13.8802 10.5
      vertex -3.62347 -13.523 7
      vertex -1.82737 -13.8802 7
    endloop
  endfacet
  facet normal 0.946921 0.321465 0
    outer loop
      vertex 13.523 3.62347 10.5
      vertex 12.9343 5.35757 7
      vertex 12.9343 5.35757 10.5
    endloop
  endfacet
  facet normal 0.946921 0.321465 0
    outer loop
      vertex 12.9343 5.35757 7
      vertex 13.523 3.62347 10.5
      vertex 13.523 3.62347 7
    endloop
  endfacet
  facet normal 0.195055 0.980792 -0
    outer loop
      vertex 3.62347 13.523 7
      vertex 1.82737 13.8802 10.5
      vertex 3.62347 13.523 10.5
    endloop
  endfacet
  facet normal 0.195055 0.980792 0
    outer loop
      vertex 1.82737 13.8802 10.5
      vertex 3.62347 13.523 7
      vertex 1.82737 13.8802 7
    endloop
  endfacet
  facet normal 0.0654183 -0.997858 0
    outer loop
      vertex 0 -14 7
      vertex 1.82737 -13.8802 10.5
      vertex 0 -14 10.5
    endloop
  endfacet
  facet normal 0.0654183 -0.997858 0
    outer loop
      vertex 1.82737 -13.8802 10.5
      vertex 0 -14 7
      vertex 1.82737 -13.8802 7
    endloop
  endfacet
  facet normal 0.946921 -0.321465 0
    outer loop
      vertex 12.9343 -5.35757 10.5
      vertex 13.523 -3.62347 7
      vertex 13.523 -3.62347 10.5
    endloop
  endfacet
  facet normal 0.946921 -0.321465 0
    outer loop
      vertex 13.523 -3.62347 7
      vertex 12.9343 -5.35757 10.5
      vertex 12.9343 -5.35757 7
    endloop
  endfacet
  facet normal 0.75185 -0.659334 0
    outer loop
      vertex 9.89949 -9.89949 10.5
      vertex 11.1069 -8.52266 7
      vertex 11.1069 -8.52266 10.5
    endloop
  endfacet
  facet normal 0.75185 -0.659334 0
    outer loop
      vertex 11.1069 -8.52266 7
      vertex 9.89949 -9.89949 10.5
      vertex 9.89949 -9.89949 7
    endloop
  endfacet
  facet normal 0.195055 -0.980792 0
    outer loop
      vertex 1.82737 -13.8802 7
      vertex 3.62347 -13.523 10.5
      vertex 1.82737 -13.8802 10.5
    endloop
  endfacet
  facet normal 0.195055 -0.980792 0
    outer loop
      vertex 3.62347 -13.523 10.5
      vertex 1.82737 -13.8802 7
      vertex 3.62347 -13.523 7
    endloop
  endfacet
  facet normal -0.321465 0.946921 0
    outer loop
      vertex -3.62347 13.523 7
      vertex -5.35757 12.9343 10.5
      vertex -3.62347 13.523 10.5
    endloop
  endfacet
  facet normal -0.321465 0.946921 0
    outer loop
      vertex -5.35757 12.9343 10.5
      vertex -3.62347 13.523 7
      vertex -5.35757 12.9343 7
    endloop
  endfacet
  facet normal 0.831447 0.555605 0
    outer loop
      vertex 12.1244 7 10.5
      vertex 11.1069 8.52266 7
      vertex 11.1069 8.52266 10.5
    endloop
  endfacet
  facet normal 0.831447 0.555605 0
    outer loop
      vertex 11.1069 8.52266 7
      vertex 12.1244 7 10.5
      vertex 12.1244 7 7
    endloop
  endfacet
  facet normal -0 0 1
    outer loop
      vertex -3.96511 7.31155 10.5
      vertex -0.794067 1.91705 10.5
      vertex -3.79792 7.45817 10.5
    endloop
  endfacet
  facet normal 0 0 1
    outer loop
      vertex -1.6 -1.31587 10.5
      vertex -3.31454 -8.43836 10.5
      vertex -3.3 -8.66025 10.5
    endloop
  endfacet
  facet normal 0 0 1
    outer loop
      vertex -0.794067 1.91705 10.5
      vertex -3.96511 7.31155 10.5
      vertex -1.0375 1.797 10.5
    endloop
  endfacet
  facet normal 0 0 1
    outer loop
      vertex -1.6 -1.31587 10.5
      vertex -3.35793 -8.22026 10.5
      vertex -3.31454 -8.43836 10.5
    endloop
  endfacet
  facet normal -0 0 1
    outer loop
      vertex -4.15 7.18801 10.5
      vertex -1.0375 1.797 10.5
      vertex -3.96511 7.31155 10.5
    endloop
  endfacet
  facet normal 0 0 1
    outer loop
      vertex -1.6 -1.31587 10.5
      vertex -3.42941 -8.00969 10.5
      vertex -3.35793 -8.22026 10.5
    endloop
  endfacet
  facet normal 0 0 1
    outer loop
      vertex -1.0375 1.797 10.5
      vertex -4.15 7.18801 10.5
      vertex -1.26318 1.64621 10.5
    endloop
  endfacet
  facet normal 0 0 1
    outer loop
      vertex -1.6 -1.31587 10.5
      vertex -3.52776 -7.81025 10.5
      vertex -3.42941 -8.00969 10.5
    endloop
  endfacet
  facet normal -0 0 1
    outer loop
      vertex -4.34944 7.08966 10.5
      vertex -1.26318 1.64621 10.5
      vertex -4.15 7.18801 10.5
    endloop
  endfacet
  facet normal 0 0 1
    outer loop
      vertex -1.6 -1.31587 10.5
      vertex -3.6513 -7.62536 10.5
      vertex -3.52776 -7.81025 10.5
    endloop
  endfacet
  facet normal -0 0 1
    outer loop
      vertex -4.56001 7.01818 10.5
      vertex -1.26318 1.64621 10.5
      vertex -4.34944 7.08966 10.5
    endloop
  endfacet
  facet normal 0 0 1
    outer loop
      vertex -1.6 -1.31587 10.5
      vertex -3.79792 -7.45817 10.5
      vertex -3.6513 -7.62536 10.5
    endloop
  endfacet
  facet normal 0 0 1
    outer loop
      vertex -1.26318 1.64621 10.5
      vertex -4.56001 7.01818 10.5
      vertex -1.46725 1.46725 10.5
    endloop
  endfacet
  facet normal 0 0 1
    outer loop
      vertex -1.6 -1.31587 10.5
      vertex -3.96511 -7.31155 10.5
      vertex -3.79792 -7.45817 10.5
    endloop
  endfacet
  facet normal -0 0 1
    outer loop
      vertex -4.77811 6.9748 10.5
      vertex -1.46725 1.46725 10.5
      vertex -4.56001 7.01818 10.5
    endloop
  endfacet
  facet normal 0 0 1
    outer loop
      vertex -1.6 -1.31587 10.5
      vertex -4.15 -7.18801 10.5
      vertex -3.96511 -7.31155 10.5
    endloop
  endfacet
  facet normal 0 0 1
    outer loop
      vertex -1.46725 1.46725 10.5
      vertex -4.77811 6.9748 10.5
      vertex -1.6 1.31587 10.5
    endloop
  endfacet
  facet normal 0 0 1
    outer loop
      vertex -1.6 -1.31587 10.5
      vertex -4.34944 -7.08966 10.5
      vertex -4.15 -7.18801 10.5
    endloop
  endfacet
  facet normal -0 0 1
    outer loop
      vertex -5 6.96026 10.5
      vertex -1.6 1.31587 10.5
      vertex -4.77811 6.9748 10.5
    endloop
  endfacet
  facet normal 0 0 1
    outer loop
      vertex -1.6 -1.31587 10.5
      vertex -4.56001 -7.01818 10.5
      vertex -4.34944 -7.08966 10.5
    endloop
  endfacet
  facet normal 0 0 1
    outer loop
      vertex -5.22189 6.9748 10.5
      vertex -1.6 1.31587 10.5
      vertex -5 6.96026 10.5
    endloop
  endfacet
  facet normal 0 0 1
    outer loop
      vertex -1.6 -1.31587 10.5
      vertex -4.77811 -6.9748 10.5
      vertex -4.56001 -7.01818 10.5
    endloop
  endfacet
  facet normal 0 0 1
    outer loop
      vertex -5.43999 7.01818 10.5
      vertex -1.6 1.31587 10.5
      vertex -5.22189 6.9748 10.5
    endloop
  endfacet
  facet normal 0 0 1
    outer loop
      vertex -1.6 -1.31587 10.5
      vertex -5 -6.96026 10.5
      vertex -4.77811 -6.9748 10.5
    endloop
  endfacet
  facet normal 0 0 1
    outer loop
      vertex -5.65056 7.08966 10.5
      vertex -1.6 1.31587 10.5
      vertex -5.43999 7.01818 10.5
    endloop
  endfacet
  facet normal 0 0 1
    outer loop
      vertex -1.6 -1.31587 10.5
      vertex -5.22189 -6.9748 10.5
      vertex -5 -6.96026 10.5
    endloop
  endfacet
  facet normal 0 0 1
    outer loop
      vertex -14 0 10.5
      vertex -1.6 1.31587 10.5
      vertex -13.8802 1.82737 10.5
    endloop
  endfacet
  facet normal 0 0 1
    outer loop
      vertex -1.6 -1.31587 10.5
      vertex -5.43999 -7.01818 10.5
      vertex -5.22189 -6.9748 10.5
    endloop
  endfacet
  facet normal 0 0 1
    outer loop
      vertex -1.6 1.31587 10.5
      vertex -5.65056 7.08966 10.5
      vertex -13.8802 1.82737 10.5
    endloop
  endfacet
  facet normal 0 -0 1
    outer loop
      vertex -13.8802 -1.82737 10.5
      vertex -1.6 -1.31587 10.5
      vertex -14 0 10.5
    endloop
  endfacet
  facet normal 0 0 1
    outer loop
      vertex -13.523 3.62347 10.5
      vertex -5.65056 7.08966 10.5
      vertex -5.85 7.18801 10.5
    endloop
  endfacet
  facet normal 0 -0 1
    outer loop
      vertex -5.65056 -7.08966 10.5
      vertex -1.6 -1.31587 10.5
      vertex -13.8802 -1.82737 10.5
    endloop
  endfacet
  facet normal 0 0 1
    outer loop
      vertex -12.9343 5.35757 10.5
      vertex -5.85 7.18801 10.5
      vertex -6.03489 7.31155 10.5
    endloop
  endfacet
  facet normal 0 0 1
    outer loop
      vertex -1.6 -1.31587 10.5
      vertex -5.65056 -7.08966 10.5
      vertex -5.43999 -7.01818 10.5
    endloop
  endfacet
  facet normal 0 0 1
    outer loop
      vertex -12.9343 5.35757 10.5
      vertex -6.03489 7.31155 10.5
      vertex -6.20208 7.45817 10.5
    endloop
  endfacet
  facet normal -0 -0 1
    outer loop
      vertex -13.523 -3.62347 10.5
      vertex -5.65056 -7.08966 10.5
      vertex -13.8802 -1.82737 10.5
    endloop
  endfacet
  facet normal 0 0 1
    outer loop
      vertex -12.1244 7 10.5
      vertex -6.20208 7.45817 10.5
      vertex -6.3487 7.62536 10.5
    endloop
  endfacet
  facet normal 0 0 1
    outer loop
      vertex -5.65056 -7.08966 10.5
      vertex -13.523 -3.62347 10.5
      vertex -5.85 -7.18801 10.5
    endloop
  endfacet
  facet normal 0 0 1
    outer loop
      vertex -12.1244 7 10.5
      vertex -6.3487 7.62536 10.5
      vertex -6.47224 7.81025 10.5
    endloop
  endfacet
  facet normal -0 -0 1
    outer loop
      vertex -12.9343 -5.35757 10.5
      vertex -5.85 -7.18801 10.5
      vertex -13.523 -3.62347 10.5
    endloop
  endfacet
  facet normal 0 0 1
    outer loop
      vertex -11.1069 8.52266 10.5
      vertex -6.47224 7.81025 10.5
      vertex -6.57059 8.00969 10.5
    endloop
  endfacet
  facet normal 0 0 1
    outer loop
      vertex -5.85 -7.18801 10.5
      vertex -12.9343 -5.35757 10.5
      vertex -6.03489 -7.31155 10.5
    endloop
  endfacet
  facet normal 0 0 1
    outer loop
      vertex -11.1069 8.52266 10.5
      vertex -6.57059 8.00969 10.5
      vertex -6.64207 8.22026 10.5
    endloop
  endfacet
  facet normal 0 0 1
    outer loop
      vertex -6.03489 -7.31155 10.5
      vertex -12.9343 -5.35757 10.5
      vertex -6.20208 -7.45817 10.5
    endloop
  endfacet
  facet normal 0 0 1
    outer loop
      vertex -9.89949 9.89949 10.5
      vertex -6.64207 8.22026 10.5
      vertex -6.68546 8.43836 10.5
    endloop
  endfacet
  facet normal -0 -0 1
    outer loop
      vertex -12.1244 -7 10.5
      vertex -6.20208 -7.45817 10.5
      vertex -12.9343 -5.35757 10.5
    endloop
  endfacet
  facet normal 0 0 1
    outer loop
      vertex -9.89949 9.89949 10.5
      vertex -6.68546 8.43836 10.5
      vertex -6.7 8.66025 10.5
    endloop
  endfacet
  facet normal 0 0 1
    outer loop
      vertex -6.20208 -7.45817 10.5
      vertex -12.1244 -7 10.5
      vertex -6.3487 -7.62536 10.5
    endloop
  endfacet
  facet normal -0 0 1
    outer loop
      vertex -3.35793 -9.10025 10.5
      vertex 1.82737 -13.8802 10.5
      vertex -3.31454 -8.88215 10.5
    endloop
  endfacet
  facet normal 0 0 1
    outer loop
      vertex 1.82737 -13.8802 10.5
      vertex -3.35793 -9.10025 10.5
      vertex 0 -14 10.5
    endloop
  endfacet
  facet normal -0 0 1
    outer loop
      vertex -3.42941 -9.31082 10.5
      vertex 0 -14 10.5
      vertex -3.35793 -9.10025 10.5
    endloop
  endfacet
  facet normal -0 0 1
    outer loop
      vertex -3.52776 -9.51025 10.5
      vertex 0 -14 10.5
      vertex -3.42941 -9.31082 10.5
    endloop
  endfacet
  facet normal 0 0 1
    outer loop
      vertex 0 -14 10.5
      vertex -3.52776 -9.51025 10.5
      vertex -1.82737 -13.8802 10.5
    endloop
  endfacet
  facet normal -0 0 1
    outer loop
      vertex -3.6513 -9.69515 10.5
      vertex -1.82737 -13.8802 10.5
      vertex -3.52776 -9.51025 10.5
    endloop
  endfacet
  facet normal -0 0 1
    outer loop
      vertex -3.79792 -9.86234 10.5
      vertex -1.82737 -13.8802 10.5
      vertex -3.6513 -9.69515 10.5
    endloop
  endfacet
  facet normal 0 0 1
    outer loop
      vertex -1.82737 -13.8802 10.5
      vertex -3.79792 -9.86234 10.5
      vertex -3.62347 -13.523 10.5
    endloop
  endfacet
  facet normal -0 0 1
    outer loop
      vertex -3.96511 -10.009 10.5
      vertex -3.62347 -13.523 10.5
      vertex -3.79792 -9.86234 10.5
    endloop
  endfacet
  facet normal -0 0 1
    outer loop
      vertex -4.15 -10.1325 10.5
      vertex -3.62347 -13.523 10.5
      vertex -3.96511 -10.009 10.5
    endloop
  endfacet
  facet normal -0 0 1
    outer loop
      vertex -4.34944 -10.2308 10.5
      vertex -3.62347 -13.523 10.5
      vertex -4.15 -10.1325 10.5
    endloop
  endfacet
  facet normal -0 0 1
    outer loop
      vertex -4.56001 -10.3023 10.5
      vertex -3.62347 -13.523 10.5
      vertex -4.34944 -10.2308 10.5
    endloop
  endfacet
  facet normal 0 0 1
    outer loop
      vertex -5.35757 -12.9343 10.5
      vertex -4.56001 -10.3023 10.5
      vertex -4.77811 -10.3457 10.5
    endloop
  endfacet
  facet normal 0 0 1
    outer loop
      vertex -5.35757 -12.9343 10.5
      vertex -4.77811 -10.3457 10.5
      vertex -5 -10.3603 10.5
    endloop
  endfacet
  facet normal 0 0 1
    outer loop
      vertex -5.35757 -12.9343 10.5
      vertex -5 -10.3603 10.5
      vertex -5.22189 -10.3457 10.5
    endloop
  endfacet
  facet normal 0 0 1
    outer loop
      vertex -4.56001 -10.3023 10.5
      vertex -5.35757 -12.9343 10.5
      vertex -3.62347 -13.523 10.5
    endloop
  endfacet
  facet normal 0 0 1
    outer loop
      vertex -5.43999 -10.3023 10.5
      vertex -5.35757 -12.9343 10.5
      vertex -5.22189 -10.3457 10.5
    endloop
  endfacet
  facet normal 0 0 1
    outer loop
      vertex -7 -12.1244 10.5
      vertex -5.43999 -10.3023 10.5
      vertex -5.65056 -10.2308 10.5
    endloop
  endfacet
  facet normal 0 0 1
    outer loop
      vertex -7 -12.1244 10.5
      vertex -5.65056 -10.2308 10.5
      vertex -5.85 -10.1325 10.5
    endloop
  endfacet
  facet normal 0 0 1
    outer loop
      vertex -7 -12.1244 10.5
      vertex -5.85 -10.1325 10.5
      vertex -6.03489 -10.009 10.5
    endloop
  endfacet
  facet normal 0 0 1
    outer loop
      vertex -7 -12.1244 10.5
      vertex -6.03489 -10.009 10.5
      vertex -6.20208 -9.86234 10.5
    endloop
  endfacet
  facet normal 0 0 1
    outer loop
      vertex -8.52266 -11.1069 10.5
      vertex -6.20208 -9.86234 10.5
      vertex -6.3487 -9.69515 10.5
    endloop
  endfacet
  facet normal 0 0 1
    outer loop
      vertex -8.52266 -11.1069 10.5
      vertex -6.3487 -9.69515 10.5
      vertex -6.47224 -9.51025 10.5
    endloop
  endfacet
  facet normal 0 0 1
    outer loop
      vertex -8.52266 -11.1069 10.5
      vertex -6.47224 -9.51025 10.5
      vertex -6.57059 -9.31082 10.5
    endloop
  endfacet
  facet normal 0 0 1
    outer loop
      vertex -8.52266 -11.1069 10.5
      vertex -6.57059 -9.31082 10.5
      vertex -6.64207 -9.10025 10.5
    endloop
  endfacet
  facet normal 0 0 1
    outer loop
      vertex -5.43999 -10.3023 10.5
      vertex -7 -12.1244 10.5
      vertex -5.35757 -12.9343 10.5
    endloop
  endfacet
  facet normal 0 0 1
    outer loop
      vertex -9.89949 -9.89949 10.5
      vertex -6.64207 -9.10025 10.5
      vertex -6.68546 -8.88215 10.5
    endloop
  endfacet
  facet normal 0 0 1
    outer loop
      vertex -9.89949 -9.89949 10.5
      vertex -6.68546 -8.88215 10.5
      vertex -6.7 -8.66025 10.5
    endloop
  endfacet
  facet normal 0 0 1
    outer loop
      vertex -6.68546 8.88215 10.5
      vertex -9.89949 9.89949 10.5
      vertex -6.7 8.66025 10.5
    endloop
  endfacet
  facet normal 0 0 1
    outer loop
      vertex -6.64207 8.22026 10.5
      vertex -9.89949 9.89949 10.5
      vertex -11.1069 8.52266 10.5
    endloop
  endfacet
  facet normal 0 0 1
    outer loop
      vertex -6.20208 -9.86234 10.5
      vertex -8.52266 -11.1069 10.5
      vertex -7 -12.1244 10.5
    endloop
  endfacet
  facet normal 0 0 1
    outer loop
      vertex -6.47224 7.81025 10.5
      vertex -11.1069 8.52266 10.5
      vertex -12.1244 7 10.5
    endloop
  endfacet
  facet normal 0 0 1
    outer loop
      vertex -6.64207 -9.10025 10.5
      vertex -9.89949 -9.89949 10.5
      vertex -8.52266 -11.1069 10.5
    endloop
  endfacet
  facet normal 0 0 1
    outer loop
      vertex -6.20208 7.45817 10.5
      vertex -12.1244 7 10.5
      vertex -12.9343 5.35757 10.5
    endloop
  endfacet
  facet normal 0 0 1
    outer loop
      vertex -6.68546 -8.43836 10.5
      vertex -9.89949 -9.89949 10.5
      vertex -6.7 -8.66025 10.5
    endloop
  endfacet
  facet normal 0 0 1
    outer loop
      vertex -5.85 7.18801 10.5
      vertex -12.9343 5.35757 10.5
      vertex -13.523 3.62347 10.5
    endloop
  endfacet
  facet normal 0 0 1
    outer loop
      vertex -6.64207 -8.22026 10.5
      vertex -9.89949 -9.89949 10.5
      vertex -6.68546 -8.43836 10.5
    endloop
  endfacet
  facet normal 0 0 1
    outer loop
      vertex -5.65056 7.08966 10.5
      vertex -13.523 3.62347 10.5
      vertex -13.8802 1.82737 10.5
    endloop
  endfacet
  facet normal 0 -0 1
    outer loop
      vertex -9.89949 -9.89949 10.5
      vertex -6.64207 -8.22026 10.5
      vertex -11.1069 -8.52266 10.5
    endloop
  endfacet
  facet normal 0 0 1
    outer loop
      vertex -1.6 1.31587 10.5
      vertex -14 0 10.5
      vertex -1.6 -1.31587 10.5
    endloop
  endfacet
  facet normal 0 0 1
    outer loop
      vertex -6.57059 -8.00969 10.5
      vertex -11.1069 -8.52266 10.5
      vertex -6.64207 -8.22026 10.5
    endloop
  endfacet
  facet normal 0 0 1
    outer loop
      vertex -6.3487 -7.62536 10.5
      vertex -12.1244 -7 10.5
      vertex -6.47224 -7.81025 10.5
    endloop
  endfacet
  facet normal 0 0 1
    outer loop
      vertex -6.47224 -7.81025 10.5
      vertex -11.1069 -8.52266 10.5
      vertex -6.57059 -8.00969 10.5
    endloop
  endfacet
  facet normal 0 -0 1
    outer loop
      vertex -11.1069 -8.52266 10.5
      vertex -6.47224 -7.81025 10.5
      vertex -12.1244 -7 10.5
    endloop
  endfacet
  facet normal 0 0 1
    outer loop
      vertex 1.46725 -1.46725 10.5
      vertex 8.79792 -1.20208 10.5
      vertex 1.64621 -1.26318 10.5
    endloop
  endfacet
  facet normal 0 0 1
    outer loop
      vertex 8.79792 -1.20208 10.5
      vertex 1.46725 -1.46725 10.5
      vertex 8.96511 -1.3487 10.5
    endloop
  endfacet
  facet normal 0 0 1
    outer loop
      vertex 8.96511 -1.3487 10.5
      vertex 1.46725 -1.46725 10.5
      vertex 8.52266 -11.1069 10.5
    endloop
  endfacet
  facet normal -0 0 1
    outer loop
      vertex 1.26318 -1.64621 10.5
      vertex 8.52266 -11.1069 10.5
      vertex 1.46725 -1.46725 10.5
    endloop
  endfacet
  facet normal 0 0 1
    outer loop
      vertex 8.52266 -11.1069 10.5
      vertex 1.26318 -1.64621 10.5
      vertex 7 -12.1244 10.5
    endloop
  endfacet
  facet normal -0 0 1
    outer loop
      vertex 1.0375 -1.797 10.5
      vertex 7 -12.1244 10.5
      vertex 1.26318 -1.64621 10.5
    endloop
  endfacet
  facet normal 0 0 1
    outer loop
      vertex 7 -12.1244 10.5
      vertex 1.0375 -1.797 10.5
      vertex 5.35757 -12.9343 10.5
    endloop
  endfacet
  facet normal -0 0 1
    outer loop
      vertex 0.794067 -1.91705 10.5
      vertex 5.35757 -12.9343 10.5
      vertex 1.0375 -1.797 10.5
    endloop
  endfacet
  facet normal 0 0 1
    outer loop
      vertex 5.35757 -12.9343 10.5
      vertex 0.794067 -1.91705 10.5
      vertex 3.62347 -13.523 10.5
    endloop
  endfacet
  facet normal -0 0 1
    outer loop
      vertex 0.537049 -2.0043 10.5
      vertex 3.62347 -13.523 10.5
      vertex 0.794067 -1.91705 10.5
    endloop
  endfacet
  facet normal -0 0 1
    outer loop
      vertex -3.3 -8.66025 10.5
      vertex 3.62347 -13.523 10.5
      vertex 0.537049 -2.0043 10.5
    endloop
  endfacet
  facet normal 0 0 1
    outer loop
      vertex -3.3 -8.66025 10.5
      vertex 0.537049 -2.0043 10.5
      vertex 0.270842 -2.05725 10.5
    endloop
  endfacet
  facet normal 0 0 1
    outer loop
      vertex -3.3 -8.66025 10.5
      vertex 0.270842 -2.05725 10.5
      vertex 0 -2.075 10.5
    endloop
  endfacet
  facet normal 0 0 1
    outer loop
      vertex 3.62347 -13.523 10.5
      vertex -3.3 -8.66025 10.5
      vertex 1.82737 -13.8802 10.5
    endloop
  endfacet
  facet normal 0 0 1
    outer loop
      vertex -3.3 -8.66025 10.5
      vertex 0 -2.075 10.5
      vertex -0.270842 -2.05725 10.5
    endloop
  endfacet
  facet normal 0 0 1
    outer loop
      vertex -3.3 -8.66025 10.5
      vertex -0.270842 -2.05725 10.5
      vertex -0.537049 -2.0043 10.5
    endloop
  endfacet
  facet normal 0 0 1
    outer loop
      vertex -3.3 -8.66025 10.5
      vertex -0.537049 -2.0043 10.5
      vertex -0.794067 -1.91705 10.5
    endloop
  endfacet
  facet normal 0 0 1
    outer loop
      vertex -3.3 -8.66025 10.5
      vertex -0.794067 -1.91705 10.5
      vertex -1.0375 -1.797 10.5
    endloop
  endfacet
  facet normal 0 0 1
    outer loop
      vertex -3.3 -8.66025 10.5
      vertex -1.0375 -1.797 10.5
      vertex -1.26318 -1.64621 10.5
    endloop
  endfacet
  facet normal 0 0 1
    outer loop
      vertex -3.3 -8.66025 10.5
      vertex -1.26318 -1.64621 10.5
      vertex -1.46725 -1.46725 10.5
    endloop
  endfacet
  facet normal 0 0 1
    outer loop
      vertex -3.3 -8.66025 10.5
      vertex -1.46725 -1.46725 10.5
      vertex -1.6 -1.31587 10.5
    endloop
  endfacet
  facet normal -0 0 1
    outer loop
      vertex -3.31454 -8.88215 10.5
      vertex 1.82737 -13.8802 10.5
      vertex -3.3 -8.66025 10.5
    endloop
  endfacet
  facet normal -0 0 1
    outer loop
      vertex -3.79792 7.45817 10.5
      vertex -0.537049 2.0043 10.5
      vertex -3.6513 7.62536 10.5
    endloop
  endfacet
  facet normal 0 0 1
    outer loop
      vertex -0.537049 2.0043 10.5
      vertex -3.79792 7.45817 10.5
      vertex -0.794067 1.91705 10.5
    endloop
  endfacet
  facet normal 0 0 1
    outer loop
      vertex -1.82737 13.8802 10.5
      vertex -3.31454 8.88215 10.5
      vertex -3.3 8.66025 10.5
    endloop
  endfacet
  facet normal 0 0 1
    outer loop
      vertex -1.82737 13.8802 10.5
      vertex -3.35793 9.10025 10.5
      vertex -3.31454 8.88215 10.5
    endloop
  endfacet
  facet normal 0 0 1
    outer loop
      vertex -1.82737 13.8802 10.5
      vertex -3.42941 9.31082 10.5
      vertex -3.35793 9.10025 10.5
    endloop
  endfacet
  facet normal 0 0 1
    outer loop
      vertex -1.82737 13.8802 10.5
      vertex -3.52776 9.51025 10.5
      vertex -3.42941 9.31082 10.5
    endloop
  endfacet
  facet normal 0 0 1
    outer loop
      vertex -3.79792 9.86234 10.5
      vertex -1.82737 13.8802 10.5
      vertex -3.62347 13.523 10.5
    endloop
  endfacet
  facet normal 0 0 1
    outer loop
      vertex -1.82737 13.8802 10.5
      vertex -3.6513 9.69515 10.5
      vertex -3.52776 9.51025 10.5
    endloop
  endfacet
  facet normal 0 0 1
    outer loop
      vertex -1.82737 13.8802 10.5
      vertex -3.79792 9.86234 10.5
      vertex -3.6513 9.69515 10.5
    endloop
  endfacet
  facet normal 0 0 1
    outer loop
      vertex -3.62347 13.523 10.5
      vertex -3.96511 10.009 10.5
      vertex -3.79792 9.86234 10.5
    endloop
  endfacet
  facet normal 0 0 1
    outer loop
      vertex -3.62347 13.523 10.5
      vertex -4.15 10.1325 10.5
      vertex -3.96511 10.009 10.5
    endloop
  endfacet
  facet normal 0 0 1
    outer loop
      vertex -3.62347 13.523 10.5
      vertex -4.34944 10.2308 10.5
      vertex -4.15 10.1325 10.5
    endloop
  endfacet
  facet normal 0 0 1
    outer loop
      vertex -3.62347 13.523 10.5
      vertex -4.56001 10.3023 10.5
      vertex -4.34944 10.2308 10.5
    endloop
  endfacet
  facet normal -0 0 1
    outer loop
      vertex -5.35757 12.9343 10.5
      vertex -4.56001 10.3023 10.5
      vertex -3.62347 13.523 10.5
    endloop
  endfacet
  facet normal 0 0 1
    outer loop
      vertex -4.56001 10.3023 10.5
      vertex -5.35757 12.9343 10.5
      vertex -4.77811 10.3457 10.5
    endloop
  endfacet
  facet normal 0 0 1
    outer loop
      vertex -4.77811 10.3457 10.5
      vertex -5.35757 12.9343 10.5
      vertex -5 10.3603 10.5
    endloop
  endfacet
  facet normal 0 0 1
    outer loop
      vertex -5 10.3603 10.5
      vertex -5.35757 12.9343 10.5
      vertex -5.22189 10.3457 10.5
    endloop
  endfacet
  facet normal 0 0 1
    outer loop
      vertex -5.35757 12.9343 10.5
      vertex -5.43999 10.3023 10.5
      vertex -5.22189 10.3457 10.5
    endloop
  endfacet
  facet normal -0 0 1
    outer loop
      vertex -7 12.1244 10.5
      vertex -5.43999 10.3023 10.5
      vertex -5.35757 12.9343 10.5
    endloop
  endfacet
  facet normal 0 0 1
    outer loop
      vertex -5.43999 10.3023 10.5
      vertex -7 12.1244 10.5
      vertex -5.65056 10.2308 10.5
    endloop
  endfacet
  facet normal 0 0 1
    outer loop
      vertex -5.65056 10.2308 10.5
      vertex -7 12.1244 10.5
      vertex -5.85 10.1325 10.5
    endloop
  endfacet
  facet normal 0 0 1
    outer loop
      vertex -5.85 10.1325 10.5
      vertex -7 12.1244 10.5
      vertex -6.03489 10.009 10.5
    endloop
  endfacet
  facet normal 0 0 1
    outer loop
      vertex -6.03489 10.009 10.5
      vertex -7 12.1244 10.5
      vertex -6.20208 9.86234 10.5
    endloop
  endfacet
  facet normal -0 0 1
    outer loop
      vertex -8.52266 11.1069 10.5
      vertex -6.20208 9.86234 10.5
      vertex -7 12.1244 10.5
    endloop
  endfacet
  facet normal 0 0 1
    outer loop
      vertex -6.20208 9.86234 10.5
      vertex -8.52266 11.1069 10.5
      vertex -6.3487 9.69515 10.5
    endloop
  endfacet
  facet normal 0 0 1
    outer loop
      vertex -6.3487 9.69515 10.5
      vertex -8.52266 11.1069 10.5
      vertex -6.47224 9.51025 10.5
    endloop
  endfacet
  facet normal 0 0 1
    outer loop
      vertex -6.64207 9.10025 10.5
      vertex -9.89949 9.89949 10.5
      vertex -6.68546 8.88215 10.5
    endloop
  endfacet
  facet normal -0 0 1
    outer loop
      vertex -9.89949 9.89949 10.5
      vertex -6.64207 9.10025 10.5
      vertex -8.52266 11.1069 10.5
    endloop
  endfacet
  facet normal 0 0 1
    outer loop
      vertex -6.57059 9.31082 10.5
      vertex -8.52266 11.1069 10.5
      vertex -6.64207 9.10025 10.5
    endloop
  endfacet
  facet normal 0 0 1
    outer loop
      vertex -6.47224 9.51025 10.5
      vertex -8.52266 11.1069 10.5
      vertex -6.57059 9.31082 10.5
    endloop
  endfacet
  facet normal -0 0 1
    outer loop
      vertex 11.6421 0.439992 10.5
      vertex 14 0 10.5
      vertex 13.8802 1.82737 10.5
    endloop
  endfacet
  facet normal 0 0 1
    outer loop
      vertex 11.2021 1.20208 10.5
      vertex 13.8802 1.82737 10.5
      vertex 13.523 3.62347 10.5
    endloop
  endfacet
  facet normal 0 0 1
    outer loop
      vertex 14 0 10.5
      vertex 11.6421 0.439992 10.5
      vertex 11.6855 0.221894 10.5
    endloop
  endfacet
  facet normal 0 0 1
    outer loop
      vertex 10.44 1.64207 10.5
      vertex 13.523 3.62347 10.5
      vertex 12.9343 5.35757 10.5
    endloop
  endfacet
  facet normal 0 0 1
    outer loop
      vertex 11.6855 -0.221894 10.5
      vertex 14 0 10.5
      vertex 11.7 0 10.5
    endloop
  endfacet
  facet normal 0 0 1
    outer loop
      vertex 10 1.7 10.5
      vertex 12.9343 5.35757 10.5
      vertex 12.1244 7 10.5
    endloop
  endfacet
  facet normal 0 0 1
    outer loop
      vertex 11.6421 -0.439992 10.5
      vertex 14 0 10.5
      vertex 11.6855 -0.221894 10.5
    endloop
  endfacet
  facet normal -0 0 1
    outer loop
      vertex 11.5706 -0.650561 10.5
      vertex 13.8802 -1.82737 10.5
      vertex 11.6421 -0.439992 10.5
    endloop
  endfacet
  facet normal 0 0 1
    outer loop
      vertex 14 0 10.5
      vertex 11.6421 -0.439992 10.5
      vertex 13.8802 -1.82737 10.5
    endloop
  endfacet
  facet normal 0 0 1
    outer loop
      vertex 14 0 10.5
      vertex 11.6855 0.221894 10.5
      vertex 11.7 0 10.5
    endloop
  endfacet
  facet normal 0 0 1
    outer loop
      vertex 13.8802 1.82737 10.5
      vertex 11.5706 0.650561 10.5
      vertex 11.6421 0.439992 10.5
    endloop
  endfacet
  facet normal 0 0 1
    outer loop
      vertex 13.8802 1.82737 10.5
      vertex 11.4722 0.849999 10.5
      vertex 11.5706 0.650561 10.5
    endloop
  endfacet
  facet normal 0 0 1
    outer loop
      vertex 13.8802 1.82737 10.5
      vertex 11.3487 1.03489 10.5
      vertex 11.4722 0.849999 10.5
    endloop
  endfacet
  facet normal 0 0 1
    outer loop
      vertex 13.8802 1.82737 10.5
      vertex 11.2021 1.20208 10.5
      vertex 11.3487 1.03489 10.5
    endloop
  endfacet
  facet normal 0 0 1
    outer loop
      vertex 9.56001 1.64207 10.5
      vertex 12.1244 7 10.5
      vertex 11.1069 8.52266 10.5
    endloop
  endfacet
  facet normal 0 0 1
    outer loop
      vertex 13.523 3.62347 10.5
      vertex 11.0349 1.3487 10.5
      vertex 11.2021 1.20208 10.5
    endloop
  endfacet
  facet normal 0 0 1
    outer loop
      vertex 13.523 3.62347 10.5
      vertex 10.85 1.47224 10.5
      vertex 11.0349 1.3487 10.5
    endloop
  endfacet
  facet normal 0 0 1
    outer loop
      vertex 13.523 3.62347 10.5
      vertex 10.6506 1.57059 10.5
      vertex 10.85 1.47224 10.5
    endloop
  endfacet
  facet normal 0 0 1
    outer loop
      vertex 13.523 3.62347 10.5
      vertex 10.44 1.64207 10.5
      vertex 10.6506 1.57059 10.5
    endloop
  endfacet
  facet normal 0 0 1
    outer loop
      vertex 12.9343 5.35757 10.5
      vertex 10.2219 1.68546 10.5
      vertex 10.44 1.64207 10.5
    endloop
  endfacet
  facet normal 0 0 1
    outer loop
      vertex 12.9343 5.35757 10.5
      vertex 10 1.7 10.5
      vertex 10.2219 1.68546 10.5
    endloop
  endfacet
  facet normal 0 0 1
    outer loop
      vertex 9.15 1.47224 10.5
      vertex 11.1069 8.52266 10.5
      vertex 9.89949 9.89949 10.5
    endloop
  endfacet
  facet normal 0 0 1
    outer loop
      vertex 12.1244 7 10.5
      vertex 9.77811 1.68546 10.5
      vertex 10 1.7 10.5
    endloop
  endfacet
  facet normal 0 0 1
    outer loop
      vertex 12.1244 7 10.5
      vertex 9.56001 1.64207 10.5
      vertex 9.77811 1.68546 10.5
    endloop
  endfacet
  facet normal 0 0 1
    outer loop
      vertex 11.1069 8.52266 10.5
      vertex 9.34944 1.57059 10.5
      vertex 9.56001 1.64207 10.5
    endloop
  endfacet
  facet normal 0 0 1
    outer loop
      vertex 11.1069 8.52266 10.5
      vertex 9.15 1.47224 10.5
      vertex 9.34944 1.57059 10.5
    endloop
  endfacet
  facet normal 0 0 1
    outer loop
      vertex 9.89949 9.89949 10.5
      vertex 8.96511 1.3487 10.5
      vertex 9.15 1.47224 10.5
    endloop
  endfacet
  facet normal -0 0 1
    outer loop
      vertex 1.46725 1.46725 10.5
      vertex 8.96511 1.3487 10.5
      vertex 9.89949 9.89949 10.5
    endloop
  endfacet
  facet normal 0 0 1
    outer loop
      vertex 8.96511 1.3487 10.5
      vertex 1.46725 1.46725 10.5
      vertex 8.79792 1.20208 10.5
    endloop
  endfacet
  facet normal -0 -0 1
    outer loop
      vertex 1.64621 1.26318 10.5
      vertex 8.79792 1.20208 10.5
      vertex 1.46725 1.46725 10.5
    endloop
  endfacet
  facet normal 0 0 1
    outer loop
      vertex 1.46725 1.46725 10.5
      vertex 9.89949 9.89949 10.5
      vertex 8.52266 11.1069 10.5
    endloop
  endfacet
  facet normal 0 0 1
    outer loop
      vertex 8.79792 1.20208 10.5
      vertex 1.64621 1.26318 10.5
      vertex 8.6513 1.03489 10.5
    endloop
  endfacet
  facet normal -0 -0 1
    outer loop
      vertex 1.797 1.0375 10.5
      vertex 8.6513 1.03489 10.5
      vertex 1.64621 1.26318 10.5
    endloop
  endfacet
  facet normal 0 0 1
    outer loop
      vertex 8.6513 1.03489 10.5
      vertex 1.797 1.0375 10.5
      vertex 8.52776 0.849999 10.5
    endloop
  endfacet
  facet normal 0 -0 1
    outer loop
      vertex 1.91705 0.794067 10.5
      vertex 8.52776 0.849999 10.5
      vertex 1.797 1.0375 10.5
    endloop
  endfacet
  facet normal 0 0 1
    outer loop
      vertex 1.26318 1.64621 10.5
      vertex 8.52266 11.1069 10.5
      vertex 7 12.1244 10.5
    endloop
  endfacet
  facet normal -0 0 1
    outer loop
      vertex 11.4722 -0.849999 10.5
      vertex 13.8802 -1.82737 10.5
      vertex 11.5706 -0.650561 10.5
    endloop
  endfacet
  facet normal -0 0 1
    outer loop
      vertex 11.3487 -1.03489 10.5
      vertex 13.8802 -1.82737 10.5
      vertex 11.4722 -0.849999 10.5
    endloop
  endfacet
  facet normal -0 0 1
    outer loop
      vertex 11.2021 -1.20208 10.5
      vertex 13.8802 -1.82737 10.5
      vertex 11.3487 -1.03489 10.5
    endloop
  endfacet
  facet normal 0 0 1
    outer loop
      vertex 13.8802 -1.82737 10.5
      vertex 11.2021 -1.20208 10.5
      vertex 13.523 -3.62347 10.5
    endloop
  endfacet
  facet normal -0 0 1
    outer loop
      vertex 11.0349 -1.3487 10.5
      vertex 13.523 -3.62347 10.5
      vertex 11.2021 -1.20208 10.5
    endloop
  endfacet
  facet normal -0 0 1
    outer loop
      vertex 10.85 -1.47224 10.5
      vertex 13.523 -3.62347 10.5
      vertex 11.0349 -1.3487 10.5
    endloop
  endfacet
  facet normal -0 0 1
    outer loop
      vertex 10.6506 -1.57059 10.5
      vertex 13.523 -3.62347 10.5
      vertex 10.85 -1.47224 10.5
    endloop
  endfacet
  facet normal -0 0 1
    outer loop
      vertex 10.44 -1.64207 10.5
      vertex 13.523 -3.62347 10.5
      vertex 10.6506 -1.57059 10.5
    endloop
  endfacet
  facet normal 0 0 1
    outer loop
      vertex 13.523 -3.62347 10.5
      vertex 10.44 -1.64207 10.5
      vertex 12.9343 -5.35757 10.5
    endloop
  endfacet
  facet normal -0 0 1
    outer loop
      vertex 10.2219 -1.68546 10.5
      vertex 12.9343 -5.35757 10.5
      vertex 10.44 -1.64207 10.5
    endloop
  endfacet
  facet normal -0 0 1
    outer loop
      vertex 10 -1.7 10.5
      vertex 12.9343 -5.35757 10.5
      vertex 10.2219 -1.68546 10.5
    endloop
  endfacet
  facet normal 0 0 1
    outer loop
      vertex 12.9343 -5.35757 10.5
      vertex 10 -1.7 10.5
      vertex 12.1244 -7 10.5
    endloop
  endfacet
  facet normal 0 0 1
    outer loop
      vertex 9.77811 -1.68546 10.5
      vertex 12.1244 -7 10.5
      vertex 10 -1.7 10.5
    endloop
  endfacet
  facet normal 0 0 1
    outer loop
      vertex 9.56001 -1.64207 10.5
      vertex 12.1244 -7 10.5
      vertex 9.77811 -1.68546 10.5
    endloop
  endfacet
  facet normal 0 0 1
    outer loop
      vertex 12.1244 -7 10.5
      vertex 9.56001 -1.64207 10.5
      vertex 11.1069 -8.52266 10.5
    endloop
  endfacet
  facet normal 0 0 1
    outer loop
      vertex 9.34944 -1.57059 10.5
      vertex 11.1069 -8.52266 10.5
      vertex 9.56001 -1.64207 10.5
    endloop
  endfacet
  facet normal 0 0 1
    outer loop
      vertex 9.15 -1.47224 10.5
      vertex 11.1069 -8.52266 10.5
      vertex 9.34944 -1.57059 10.5
    endloop
  endfacet
  facet normal 0 0 1
    outer loop
      vertex 11.1069 -8.52266 10.5
      vertex 9.15 -1.47224 10.5
      vertex 9.89949 -9.89949 10.5
    endloop
  endfacet
  facet normal 0 0 1
    outer loop
      vertex 8.96511 -1.3487 10.5
      vertex 9.89949 -9.89949 10.5
      vertex 9.15 -1.47224 10.5
    endloop
  endfacet
  facet normal 0 0 1
    outer loop
      vertex 8.52776 -0.849999 10.5
      vertex 1.797 -1.0375 10.5
      vertex 8.6513 -1.03489 10.5
    endloop
  endfacet
  facet normal 0 0 1
    outer loop
      vertex 1.91705 -0.794067 10.5
      vertex 8.42941 -0.650561 10.5
      vertex 2.0043 -0.537049 10.5
    endloop
  endfacet
  facet normal 0 0 1
    outer loop
      vertex 8.35793 -0.439992 10.5
      vertex 2.0043 -0.537049 10.5
      vertex 8.42941 -0.650561 10.5
    endloop
  endfacet
  facet normal 0 0 1
    outer loop
      vertex 8.96511 -1.3487 10.5
      vertex 8.52266 -11.1069 10.5
      vertex 9.89949 -9.89949 10.5
    endloop
  endfacet
  facet normal 0 0 1
    outer loop
      vertex 2.0043 -0.537049 10.5
      vertex 8.35793 -0.439992 10.5
      vertex 2.05725 -0.270842 10.5
    endloop
  endfacet
  facet normal 0 0 1
    outer loop
      vertex 8.31454 -0.221894 10.5
      vertex 2.05725 -0.270842 10.5
      vertex 8.35793 -0.439992 10.5
    endloop
  endfacet
  facet normal 0 0 1
    outer loop
      vertex 2.05725 -0.270842 10.5
      vertex 8.31454 -0.221894 10.5
      vertex 2.075 0 10.5
    endloop
  endfacet
  facet normal -0 0 1
    outer loop
      vertex 2.075 0 10.5
      vertex 8.31454 -0.221894 10.5
      vertex 8.3 0 10.5
    endloop
  endfacet
  facet normal 0 0 1
    outer loop
      vertex 8.52776 0.849999 10.5
      vertex 1.91705 0.794067 10.5
      vertex 8.42941 0.650561 10.5
    endloop
  endfacet
  facet normal 0 0 1
    outer loop
      vertex 8.42941 -0.650561 10.5
      vertex 1.91705 -0.794067 10.5
      vertex 8.52776 -0.849999 10.5
    endloop
  endfacet
  facet normal 0 0 1
    outer loop
      vertex 1.0375 1.797 10.5
      vertex 7 12.1244 10.5
      vertex 5.35757 12.9343 10.5
    endloop
  endfacet
  facet normal 0 0 1
    outer loop
      vertex 1.797 -1.0375 10.5
      vertex 8.52776 -0.849999 10.5
      vertex 1.91705 -0.794067 10.5
    endloop
  endfacet
  facet normal 0 0 1
    outer loop
      vertex 0.794067 1.91705 10.5
      vertex 5.35757 12.9343 10.5
      vertex 3.62347 13.523 10.5
    endloop
  endfacet
  facet normal 0 0 1
    outer loop
      vertex 1.64621 -1.26318 10.5
      vertex 8.6513 -1.03489 10.5
      vertex 1.797 -1.0375 10.5
    endloop
  endfacet
  facet normal 0 0 1
    outer loop
      vertex 8.6513 -1.03489 10.5
      vertex 1.64621 -1.26318 10.5
      vertex 8.79792 -1.20208 10.5
    endloop
  endfacet
  facet normal 0 0 1
    outer loop
      vertex 8.3 0 10.5
      vertex 2.05725 0.270842 10.5
      vertex 2.075 0 10.5
    endloop
  endfacet
  facet normal 0 0 1
    outer loop
      vertex 8.31454 0.221894 10.5
      vertex 2.05725 0.270842 10.5
      vertex 8.3 0 10.5
    endloop
  endfacet
  facet normal 0 0 1
    outer loop
      vertex 8.35793 0.439992 10.5
      vertex 2.05725 0.270842 10.5
      vertex 8.31454 0.221894 10.5
    endloop
  endfacet
  facet normal 0 0 1
    outer loop
      vertex -3.3 8.66025 10.5
      vertex 3.62347 13.523 10.5
      vertex 1.82737 13.8802 10.5
    endloop
  endfacet
  facet normal 0 -0 1
    outer loop
      vertex 2.05725 0.270842 10.5
      vertex 8.35793 0.439992 10.5
      vertex 2.0043 0.537049 10.5
    endloop
  endfacet
  facet normal 0 0 1
    outer loop
      vertex 8.42941 0.650561 10.5
      vertex 2.0043 0.537049 10.5
      vertex 8.35793 0.439992 10.5
    endloop
  endfacet
  facet normal 0 -0 1
    outer loop
      vertex 2.0043 0.537049 10.5
      vertex 8.42941 0.650561 10.5
      vertex 1.91705 0.794067 10.5
    endloop
  endfacet
  facet normal 0 0 1
    outer loop
      vertex 8.52266 11.1069 10.5
      vertex 1.26318 1.64621 10.5
      vertex 1.46725 1.46725 10.5
    endloop
  endfacet
  facet normal 0 0 1
    outer loop
      vertex 7 12.1244 10.5
      vertex 1.0375 1.797 10.5
      vertex 1.26318 1.64621 10.5
    endloop
  endfacet
  facet normal 0 0 1
    outer loop
      vertex 5.35757 12.9343 10.5
      vertex 0.794067 1.91705 10.5
      vertex 1.0375 1.797 10.5
    endloop
  endfacet
  facet normal 0 0 1
    outer loop
      vertex 3.62347 13.523 10.5
      vertex 0.537049 2.0043 10.5
      vertex 0.794067 1.91705 10.5
    endloop
  endfacet
  facet normal 0 0 1
    outer loop
      vertex -3.31454 8.43836 10.5
      vertex 3.62347 13.523 10.5
      vertex -3.3 8.66025 10.5
    endloop
  endfacet
  facet normal 0 0 1
    outer loop
      vertex -3.3 8.66025 10.5
      vertex 1.82737 13.8802 10.5
      vertex 0 14 10.5
    endloop
  endfacet
  facet normal 0 0 1
    outer loop
      vertex 3.62347 13.523 10.5
      vertex -3.31454 8.43836 10.5
      vertex 0.537049 2.0043 10.5
    endloop
  endfacet
  facet normal -0 0 1
    outer loop
      vertex -3.35793 8.22026 10.5
      vertex 0.537049 2.0043 10.5
      vertex -3.31454 8.43836 10.5
    endloop
  endfacet
  facet normal 0 0 1
    outer loop
      vertex -3.3 8.66025 10.5
      vertex 0 14 10.5
      vertex -1.82737 13.8802 10.5
    endloop
  endfacet
  facet normal 0 0 1
    outer loop
      vertex 0.537049 2.0043 10.5
      vertex -3.35793 8.22026 10.5
      vertex 0.270842 2.05725 10.5
    endloop
  endfacet
  facet normal -0 0 1
    outer loop
      vertex -3.42941 8.00969 10.5
      vertex 0.270842 2.05725 10.5
      vertex -3.35793 8.22026 10.5
    endloop
  endfacet
  facet normal 0 0 1
    outer loop
      vertex 0.270842 2.05725 10.5
      vertex -3.42941 8.00969 10.5
      vertex 0 2.075 10.5
    endloop
  endfacet
  facet normal -0 0 1
    outer loop
      vertex -3.52776 7.81025 10.5
      vertex 0 2.075 10.5
      vertex -3.42941 8.00969 10.5
    endloop
  endfacet
  facet normal 0 0 1
    outer loop
      vertex 0 2.075 10.5
      vertex -3.52776 7.81025 10.5
      vertex -0.270842 2.05725 10.5
    endloop
  endfacet
  facet normal 0 0 1
    outer loop
      vertex -0.270842 2.05725 10.5
      vertex -3.6513 7.62536 10.5
      vertex -0.537049 2.0043 10.5
    endloop
  endfacet
  facet normal -0 0 1
    outer loop
      vertex -3.6513 7.62536 10.5
      vertex -0.270842 2.05725 10.5
      vertex -3.52776 7.81025 10.5
    endloop
  endfacet
  facet normal 0.0653961 0.997859 -0
    outer loop
      vertex 0 -2.075 4.5
      vertex -0.270842 -2.05725 10.5
      vertex 0 -2.075 10.5
    endloop
  endfacet
  facet normal 0.0653961 0.997859 0
    outer loop
      vertex -0.270842 -2.05725 10.5
      vertex 0 -2.075 4.5
      vertex -0.270842 -2.05725 4.5
    endloop
  endfacet
  facet normal -0.659336 -0.751848 0
    outer loop
      vertex 1.26318 1.64621 4.5
      vertex 1.46725 1.46725 10.5
      vertex 1.26318 1.64621 10.5
    endloop
  endfacet
  facet normal -0.659336 -0.751848 -0
    outer loop
      vertex 1.46725 1.46725 10.5
      vertex 1.26318 1.64621 4.5
      vertex 1.46725 1.46725 4.5
    endloop
  endfacet
  facet normal -0.831477 0.555559 0
    outer loop
      vertex 1.64621 -1.26318 4.5
      vertex 1.797 -1.0375 10.5
      vertex 1.797 -1.0375 4.5
    endloop
  endfacet
  facet normal -0.831477 0.555559 0
    outer loop
      vertex 1.797 -1.0375 10.5
      vertex 1.64621 -1.26318 4.5
      vertex 1.64621 -1.26318 10.5
    endloop
  endfacet
  facet normal -0.195084 0.980787 0
    outer loop
      vertex 0.537049 -2.0043 4.5
      vertex 0.270842 -2.05725 10.5
      vertex 0.537049 -2.0043 10.5
    endloop
  endfacet
  facet normal -0.195084 0.980787 0
    outer loop
      vertex 0.270842 -2.05725 10.5
      vertex 0.537049 -2.0043 4.5
      vertex 0.270842 -2.05725 4.5
    endloop
  endfacet
  facet normal 0.659336 -0.751848 0
    outer loop
      vertex -1.46725 1.46725 4.5
      vertex -1.26318 1.64621 10.5
      vertex -1.46725 1.46725 10.5
    endloop
  endfacet
  facet normal 0.659336 -0.751848 0
    outer loop
      vertex -1.26318 1.64621 10.5
      vertex -1.46725 1.46725 4.5
      vertex -1.26318 1.64621 4.5
    endloop
  endfacet
  facet normal 0.751856 0.659327 0
    outer loop
      vertex -1.46725 -1.46725 10.5
      vertex -1.6 -1.31587 4.5
      vertex -1.6 -1.31587 10.5
    endloop
  endfacet
  facet normal 0.751856 0.659327 0
    outer loop
      vertex -1.6 -1.31587 4.5
      vertex -1.46725 -1.46725 10.5
      vertex -1.46725 -1.46725 4.5
    endloop
  endfacet
  facet normal 0.751856 -0.659327 0
    outer loop
      vertex -1.6 1.31587 10.5
      vertex -1.46725 1.46725 4.5
      vertex -1.46725 1.46725 10.5
    endloop
  endfacet
  facet normal 0.751856 -0.659327 0
    outer loop
      vertex -1.46725 1.46725 4.5
      vertex -1.6 1.31587 10.5
      vertex -1.6 1.31587 4.5
    endloop
  endfacet
  facet normal -0.946925 0.321453 0
    outer loop
      vertex 1.91705 -0.794067 4.5
      vertex 2.0043 -0.537049 10.5
      vertex 2.0043 -0.537049 4.5
    endloop
  endfacet
  facet normal -0.946925 0.321453 0
    outer loop
      vertex 2.0043 -0.537049 10.5
      vertex 1.91705 -0.794067 4.5
      vertex 1.91705 -0.794067 10.5
    endloop
  endfacet
  facet normal 0.321453 0.946925 -0
    outer loop
      vertex -0.537049 -2.0043 4.5
      vertex -0.794067 -1.91705 10.5
      vertex -0.537049 -2.0043 10.5
    endloop
  endfacet
  facet normal 0.321453 0.946925 0
    outer loop
      vertex -0.794067 -1.91705 10.5
      vertex -0.537049 -2.0043 4.5
      vertex -0.794067 -1.91705 4.5
    endloop
  endfacet
  facet normal -0.0653961 0.997859 0
    outer loop
      vertex 0.270842 -2.05725 4.5
      vertex 0 -2.075 10.5
      vertex 0.270842 -2.05725 10.5
    endloop
  endfacet
  facet normal -0.0653961 0.997859 0
    outer loop
      vertex 0 -2.075 10.5
      vertex 0.270842 -2.05725 4.5
      vertex 0 -2.075 4.5
    endloop
  endfacet
  facet normal -0.321453 -0.946925 0
    outer loop
      vertex 0.537049 2.0043 4.5
      vertex 0.794067 1.91705 10.5
      vertex 0.537049 2.0043 10.5
    endloop
  endfacet
  facet normal -0.321453 -0.946925 -0
    outer loop
      vertex 0.794067 1.91705 10.5
      vertex 0.537049 2.0043 4.5
      vertex 0.794067 1.91705 4.5
    endloop
  endfacet
  facet normal -0.751848 -0.659336 0
    outer loop
      vertex 1.64621 1.26318 4.5
      vertex 1.46725 1.46725 10.5
      vertex 1.46725 1.46725 4.5
    endloop
  endfacet
  facet normal -0.751848 -0.659336 0
    outer loop
      vertex 1.46725 1.46725 10.5
      vertex 1.64621 1.26318 4.5
      vertex 1.64621 1.26318 10.5
    endloop
  endfacet
  facet normal -0.442295 0.89687 0
    outer loop
      vertex 1.0375 -1.797 4.5
      vertex 0.794067 -1.91705 10.5
      vertex 1.0375 -1.797 10.5
    endloop
  endfacet
  facet normal -0.442295 0.89687 0
    outer loop
      vertex 0.794067 -1.91705 10.5
      vertex 1.0375 -1.797 4.5
      vertex 0.794067 -1.91705 4.5
    endloop
  endfacet
  facet normal -0.0653961 -0.997859 0
    outer loop
      vertex 0 2.075 4.5
      vertex 0.270842 2.05725 10.5
      vertex 0 2.075 10.5
    endloop
  endfacet
  facet normal -0.0653961 -0.997859 -0
    outer loop
      vertex 0.270842 2.05725 10.5
      vertex 0 2.075 4.5
      vertex 0.270842 2.05725 4.5
    endloop
  endfacet
  facet normal 0.555559 0.831477 -0
    outer loop
      vertex -1.0375 -1.797 4.5
      vertex -1.26318 -1.64621 10.5
      vertex -1.0375 -1.797 10.5
    endloop
  endfacet
  facet normal 0.555559 0.831477 0
    outer loop
      vertex -1.26318 -1.64621 10.5
      vertex -1.0375 -1.797 4.5
      vertex -1.26318 -1.64621 4.5
    endloop
  endfacet
  facet normal -0.980787 0.195084 0
    outer loop
      vertex 2.0043 -0.537049 4.5
      vertex 2.05725 -0.270842 10.5
      vertex 2.05725 -0.270842 4.5
    endloop
  endfacet
  facet normal -0.980787 0.195084 0
    outer loop
      vertex 2.05725 -0.270842 10.5
      vertex 2.0043 -0.537049 4.5
      vertex 2.0043 -0.537049 10.5
    endloop
  endfacet
  facet normal 0.195084 -0.980787 0
    outer loop
      vertex -0.537049 2.0043 4.5
      vertex -0.270842 2.05725 10.5
      vertex -0.537049 2.0043 10.5
    endloop
  endfacet
  facet normal 0.195084 -0.980787 0
    outer loop
      vertex -0.270842 2.05725 10.5
      vertex -0.537049 2.0043 4.5
      vertex -0.270842 2.05725 4.5
    endloop
  endfacet
  facet normal 0.321453 -0.946925 0
    outer loop
      vertex -0.794067 1.91705 4.5
      vertex -0.537049 2.0043 10.5
      vertex -0.794067 1.91705 10.5
    endloop
  endfacet
  facet normal 0.321453 -0.946925 0
    outer loop
      vertex -0.537049 2.0043 10.5
      vertex -0.794067 1.91705 4.5
      vertex -0.537049 2.0043 4.5
    endloop
  endfacet
  facet normal 0.555559 -0.831477 0
    outer loop
      vertex -1.26318 1.64621 4.5
      vertex -1.0375 1.797 10.5
      vertex -1.26318 1.64621 10.5
    endloop
  endfacet
  facet normal 0.555559 -0.831477 0
    outer loop
      vertex -1.0375 1.797 10.5
      vertex -1.26318 1.64621 4.5
      vertex -1.0375 1.797 4.5
    endloop
  endfacet
  facet normal -0.195084 -0.980787 0
    outer loop
      vertex 0.270842 2.05725 4.5
      vertex 0.537049 2.0043 10.5
      vertex 0.270842 2.05725 10.5
    endloop
  endfacet
  facet normal -0.195084 -0.980787 -0
    outer loop
      vertex 0.537049 2.0043 10.5
      vertex 0.270842 2.05725 4.5
      vertex 0.537049 2.0043 4.5
    endloop
  endfacet
  facet normal 0.659336 0.751848 -0
    outer loop
      vertex -1.26318 -1.64621 4.5
      vertex -1.46725 -1.46725 10.5
      vertex -1.26318 -1.64621 10.5
    endloop
  endfacet
  facet normal 0.659336 0.751848 0
    outer loop
      vertex -1.46725 -1.46725 10.5
      vertex -1.26318 -1.64621 4.5
      vertex -1.46725 -1.46725 4.5
    endloop
  endfacet
  facet normal -0.89687 -0.442295 0
    outer loop
      vertex 1.91705 0.794067 4.5
      vertex 1.797 1.0375 10.5
      vertex 1.797 1.0375 4.5
    endloop
  endfacet
  facet normal -0.89687 -0.442295 0
    outer loop
      vertex 1.797 1.0375 10.5
      vertex 1.91705 0.794067 4.5
      vertex 1.91705 0.794067 10.5
    endloop
  endfacet
  facet normal 0.195084 0.980787 -0
    outer loop
      vertex -0.270842 -2.05725 4.5
      vertex -0.537049 -2.0043 10.5
      vertex -0.270842 -2.05725 10.5
    endloop
  endfacet
  facet normal 0.195084 0.980787 0
    outer loop
      vertex -0.537049 -2.0043 10.5
      vertex -0.270842 -2.05725 4.5
      vertex -0.537049 -2.0043 4.5
    endloop
  endfacet
  facet normal -0.659336 0.751848 0
    outer loop
      vertex 1.46725 -1.46725 4.5
      vertex 1.26318 -1.64621 10.5
      vertex 1.46725 -1.46725 10.5
    endloop
  endfacet
  facet normal -0.659336 0.751848 0
    outer loop
      vertex 1.26318 -1.64621 10.5
      vertex 1.46725 -1.46725 4.5
      vertex 1.26318 -1.64621 4.5
    endloop
  endfacet
  facet normal -0.751848 0.659336 0
    outer loop
      vertex 1.46725 -1.46725 4.5
      vertex 1.64621 -1.26318 10.5
      vertex 1.64621 -1.26318 4.5
    endloop
  endfacet
  facet normal -0.751848 0.659336 0
    outer loop
      vertex 1.64621 -1.26318 10.5
      vertex 1.46725 -1.46725 4.5
      vertex 1.46725 -1.46725 10.5
    endloop
  endfacet
  facet normal 0.0653961 -0.997859 0
    outer loop
      vertex -0.270842 2.05725 4.5
      vertex 0 2.075 10.5
      vertex -0.270842 2.05725 10.5
    endloop
  endfacet
  facet normal 0.0653961 -0.997859 0
    outer loop
      vertex 0 2.075 10.5
      vertex -0.270842 2.05725 4.5
      vertex 0 2.075 4.5
    endloop
  endfacet
  facet normal 0.442295 -0.89687 0
    outer loop
      vertex -1.0375 1.797 4.5
      vertex -0.794067 1.91705 10.5
      vertex -1.0375 1.797 10.5
    endloop
  endfacet
  facet normal 0.442295 -0.89687 0
    outer loop
      vertex -0.794067 1.91705 10.5
      vertex -1.0375 1.797 4.5
      vertex -0.794067 1.91705 4.5
    endloop
  endfacet
  facet normal -0.997859 0.0653961 0
    outer loop
      vertex 2.05725 -0.270842 4.5
      vertex 2.075 0 10.5
      vertex 2.075 0 4.5
    endloop
  endfacet
  facet normal -0.997859 0.0653961 0
    outer loop
      vertex 2.075 0 10.5
      vertex 2.05725 -0.270842 4.5
      vertex 2.05725 -0.270842 10.5
    endloop
  endfacet
  facet normal 0.442295 0.89687 -0
    outer loop
      vertex -0.794067 -1.91705 4.5
      vertex -1.0375 -1.797 10.5
      vertex -0.794067 -1.91705 10.5
    endloop
  endfacet
  facet normal 0.442295 0.89687 0
    outer loop
      vertex -1.0375 -1.797 10.5
      vertex -0.794067 -1.91705 4.5
      vertex -1.0375 -1.797 4.5
    endloop
  endfacet
  facet normal -0.980787 -0.195084 0
    outer loop
      vertex 2.05725 0.270842 4.5
      vertex 2.0043 0.537049 10.5
      vertex 2.0043 0.537049 4.5
    endloop
  endfacet
  facet normal -0.980787 -0.195084 0
    outer loop
      vertex 2.0043 0.537049 10.5
      vertex 2.05725 0.270842 4.5
      vertex 2.05725 0.270842 10.5
    endloop
  endfacet
  facet normal -0.89687 0.442295 0
    outer loop
      vertex 1.797 -1.0375 4.5
      vertex 1.91705 -0.794067 10.5
      vertex 1.91705 -0.794067 4.5
    endloop
  endfacet
  facet normal -0.89687 0.442295 0
    outer loop
      vertex 1.91705 -0.794067 10.5
      vertex 1.797 -1.0375 4.5
      vertex 1.797 -1.0375 10.5
    endloop
  endfacet
  facet normal -0.946925 -0.321453 0
    outer loop
      vertex 2.0043 0.537049 4.5
      vertex 1.91705 0.794067 10.5
      vertex 1.91705 0.794067 4.5
    endloop
  endfacet
  facet normal -0.946925 -0.321453 0
    outer loop
      vertex 1.91705 0.794067 10.5
      vertex 2.0043 0.537049 4.5
      vertex 2.0043 0.537049 10.5
    endloop
  endfacet
  facet normal -0.997859 -0.0653961 0
    outer loop
      vertex 2.075 0 4.5
      vertex 2.05725 0.270842 10.5
      vertex 2.05725 0.270842 4.5
    endloop
  endfacet
  facet normal -0.997859 -0.0653961 0
    outer loop
      vertex 2.05725 0.270842 10.5
      vertex 2.075 0 4.5
      vertex 2.075 0 10.5
    endloop
  endfacet
  facet normal -0.321453 0.946925 0
    outer loop
      vertex 0.794067 -1.91705 4.5
      vertex 0.537049 -2.0043 10.5
      vertex 0.794067 -1.91705 10.5
    endloop
  endfacet
  facet normal -0.321453 0.946925 0
    outer loop
      vertex 0.537049 -2.0043 10.5
      vertex 0.794067 -1.91705 4.5
      vertex 0.537049 -2.0043 4.5
    endloop
  endfacet
  facet normal -0.442295 -0.89687 0
    outer loop
      vertex 0.794067 1.91705 4.5
      vertex 1.0375 1.797 10.5
      vertex 0.794067 1.91705 10.5
    endloop
  endfacet
  facet normal -0.442295 -0.89687 -0
    outer loop
      vertex 1.0375 1.797 10.5
      vertex 0.794067 1.91705 4.5
      vertex 1.0375 1.797 4.5
    endloop
  endfacet
  facet normal -0.555559 -0.831477 0
    outer loop
      vertex 1.0375 1.797 4.5
      vertex 1.26318 1.64621 10.5
      vertex 1.0375 1.797 10.5
    endloop
  endfacet
  facet normal -0.555559 -0.831477 -0
    outer loop
      vertex 1.26318 1.64621 10.5
      vertex 1.0375 1.797 4.5
      vertex 1.26318 1.64621 4.5
    endloop
  endfacet
  facet normal -0.831477 -0.555559 0
    outer loop
      vertex 1.797 1.0375 4.5
      vertex 1.64621 1.26318 10.5
      vertex 1.64621 1.26318 4.5
    endloop
  endfacet
  facet normal -0.831477 -0.555559 0
    outer loop
      vertex 1.64621 1.26318 10.5
      vertex 1.797 1.0375 4.5
      vertex 1.797 1.0375 10.5
    endloop
  endfacet
  facet normal -0.555559 0.831477 0
    outer loop
      vertex 1.26318 -1.64621 4.5
      vertex 1.0375 -1.797 10.5
      vertex 1.26318 -1.64621 10.5
    endloop
  endfacet
  facet normal -0.555559 0.831477 0
    outer loop
      vertex 1.0375 -1.797 10.5
      vertex 1.26318 -1.64621 4.5
      vertex 1.0375 -1.797 4.5
    endloop
  endfacet
  facet normal 0 0 1
    outer loop
      vertex 2.05725 0.270842 4.5
      vertex 2.05725 -0.270842 4.5
      vertex 2.075 0 4.5
    endloop
  endfacet
  facet normal 0 0 1
    outer loop
      vertex 2.0043 0.537049 4.5
      vertex 2.05725 -0.270842 4.5
      vertex 2.05725 0.270842 4.5
    endloop
  endfacet
  facet normal 0 0 1
    outer loop
      vertex 2.0043 0.537049 4.5
      vertex 2.0043 -0.537049 4.5
      vertex 2.05725 -0.270842 4.5
    endloop
  endfacet
  facet normal 0 0 1
    outer loop
      vertex 1.91705 0.794067 4.5
      vertex 2.0043 -0.537049 4.5
      vertex 2.0043 0.537049 4.5
    endloop
  endfacet
  facet normal 0 0 1
    outer loop
      vertex 1.91705 0.794067 4.5
      vertex 1.91705 -0.794067 4.5
      vertex 2.0043 -0.537049 4.5
    endloop
  endfacet
  facet normal 0 0 1
    outer loop
      vertex 1.797 1.0375 4.5
      vertex 1.91705 -0.794067 4.5
      vertex 1.91705 0.794067 4.5
    endloop
  endfacet
  facet normal 0 0 1
    outer loop
      vertex 1.797 1.0375 4.5
      vertex 1.797 -1.0375 4.5
      vertex 1.91705 -0.794067 4.5
    endloop
  endfacet
  facet normal 0 0 1
    outer loop
      vertex 1.64621 1.26318 4.5
      vertex 1.797 -1.0375 4.5
      vertex 1.797 1.0375 4.5
    endloop
  endfacet
  facet normal 0 0 1
    outer loop
      vertex 1.64621 1.26318 4.5
      vertex 1.64621 -1.26318 4.5
      vertex 1.797 -1.0375 4.5
    endloop
  endfacet
  facet normal 0 0 1
    outer loop
      vertex 1.46725 1.46725 4.5
      vertex 1.64621 -1.26318 4.5
      vertex 1.64621 1.26318 4.5
    endloop
  endfacet
  facet normal 0 0 1
    outer loop
      vertex 1.46725 1.46725 4.5
      vertex 1.46725 -1.46725 4.5
      vertex 1.64621 -1.26318 4.5
    endloop
  endfacet
  facet normal 0 0 1
    outer loop
      vertex 1.26318 1.64621 4.5
      vertex 1.46725 -1.46725 4.5
      vertex 1.46725 1.46725 4.5
    endloop
  endfacet
  facet normal 0 0 1
    outer loop
      vertex 1.26318 1.64621 4.5
      vertex 1.26318 -1.64621 4.5
      vertex 1.46725 -1.46725 4.5
    endloop
  endfacet
  facet normal 0 0 1
    outer loop
      vertex 1.0375 1.797 4.5
      vertex 1.26318 -1.64621 4.5
      vertex 1.26318 1.64621 4.5
    endloop
  endfacet
  facet normal 0 0 1
    outer loop
      vertex 1.0375 1.797 4.5
      vertex 1.0375 -1.797 4.5
      vertex 1.26318 -1.64621 4.5
    endloop
  endfacet
  facet normal 0 0 1
    outer loop
      vertex 0.794067 1.91705 4.5
      vertex 1.0375 -1.797 4.5
      vertex 1.0375 1.797 4.5
    endloop
  endfacet
  facet normal 0 0 1
    outer loop
      vertex 0.794067 1.91705 4.5
      vertex 0.794067 -1.91705 4.5
      vertex 1.0375 -1.797 4.5
    endloop
  endfacet
  facet normal 0 0 1
    outer loop
      vertex 0.537049 2.0043 4.5
      vertex 0.794067 -1.91705 4.5
      vertex 0.794067 1.91705 4.5
    endloop
  endfacet
  facet normal 0 0 1
    outer loop
      vertex 0.537049 2.0043 4.5
      vertex 0.537049 -2.0043 4.5
      vertex 0.794067 -1.91705 4.5
    endloop
  endfacet
  facet normal 0 0 1
    outer loop
      vertex 0.270842 2.05725 4.5
      vertex 0.537049 -2.0043 4.5
      vertex 0.537049 2.0043 4.5
    endloop
  endfacet
  facet normal 0 0 1
    outer loop
      vertex 0.270842 2.05725 4.5
      vertex 0.270842 -2.05725 4.5
      vertex 0.537049 -2.0043 4.5
    endloop
  endfacet
  facet normal 0 0 1
    outer loop
      vertex 0 2.075 4.5
      vertex 0.270842 -2.05725 4.5
      vertex 0.270842 2.05725 4.5
    endloop
  endfacet
  facet normal 0 0 1
    outer loop
      vertex 0 2.075 4.5
      vertex 0 -2.075 4.5
      vertex 0.270842 -2.05725 4.5
    endloop
  endfacet
  facet normal -0 0 1
    outer loop
      vertex -0.270842 2.05725 4.5
      vertex 0 -2.075 4.5
      vertex 0 2.075 4.5
    endloop
  endfacet
  facet normal 0 0 1
    outer loop
      vertex -0.270842 2.05725 4.5
      vertex -0.270842 -2.05725 4.5
      vertex 0 -2.075 4.5
    endloop
  endfacet
  facet normal -0 0 1
    outer loop
      vertex -0.537049 2.0043 4.5
      vertex -0.270842 -2.05725 4.5
      vertex -0.270842 2.05725 4.5
    endloop
  endfacet
  facet normal 0 0 1
    outer loop
      vertex -0.537049 2.0043 4.5
      vertex -0.537049 -2.0043 4.5
      vertex -0.270842 -2.05725 4.5
    endloop
  endfacet
  facet normal -0 0 1
    outer loop
      vertex -0.794067 1.91705 4.5
      vertex -0.537049 -2.0043 4.5
      vertex -0.537049 2.0043 4.5
    endloop
  endfacet
  facet normal 0 0 1
    outer loop
      vertex -0.794067 1.91705 4.5
      vertex -0.794067 -1.91705 4.5
      vertex -0.537049 -2.0043 4.5
    endloop
  endfacet
  facet normal -0 0 1
    outer loop
      vertex -1.0375 1.797 4.5
      vertex -0.794067 -1.91705 4.5
      vertex -0.794067 1.91705 4.5
    endloop
  endfacet
  facet normal 0 0 1
    outer loop
      vertex -1.0375 1.797 4.5
      vertex -1.0375 -1.797 4.5
      vertex -0.794067 -1.91705 4.5
    endloop
  endfacet
  facet normal -0 0 1
    outer loop
      vertex -1.26318 1.64621 4.5
      vertex -1.0375 -1.797 4.5
      vertex -1.0375 1.797 4.5
    endloop
  endfacet
  facet normal 0 0 1
    outer loop
      vertex -1.26318 1.64621 4.5
      vertex -1.26318 -1.64621 4.5
      vertex -1.0375 -1.797 4.5
    endloop
  endfacet
  facet normal 0 0 1
    outer loop
      vertex -1.6 1.31587 4.5
      vertex -1.26318 1.64621 4.5
      vertex -1.46725 1.46725 4.5
    endloop
  endfacet
  facet normal 0 0 1
    outer loop
      vertex -1.26318 1.64621 4.5
      vertex -1.6 1.31587 4.5
      vertex -1.26318 -1.64621 4.5
    endloop
  endfacet
  facet normal -0 0 1
    outer loop
      vertex -1.6 -1.31587 4.5
      vertex -1.26318 -1.64621 4.5
      vertex -1.6 1.31587 4.5
    endloop
  endfacet
  facet normal 0 0 1
    outer loop
      vertex -1.26318 -1.64621 4.5
      vertex -1.6 -1.31587 4.5
      vertex -1.46725 -1.46725 4.5
    endloop
  endfacet
  facet normal 1 -0 0
    outer loop
      vertex -1.6 -1.31587 10.5
      vertex -1.6 1.31587 4.5
      vertex -1.6 1.31587 10.5
    endloop
  endfacet
  facet normal 1 0 0
    outer loop
      vertex -1.6 1.31587 4.5
      vertex -1.6 -1.31587 10.5
      vertex -1.6 -1.31587 4.5
    endloop
  endfacet
  facet normal 0.980779 -0.195123 0
    outer loop
      vertex 8.31454 0.221894 10.5
      vertex 8.35793 0.439992 3.5
      vertex 8.35793 0.439992 10.5
    endloop
  endfacet
  facet normal 0.980779 -0.195123 0
    outer loop
      vertex 8.35793 0.439992 3.5
      vertex 8.31454 0.221894 10.5
      vertex 8.31454 0.221894 3.5
    endloop
  endfacet
  facet normal 0.99786 -0.0653866 0
    outer loop
      vertex 8.3 0 10.5
      vertex 8.31454 0.221894 3.5
      vertex 8.31454 0.221894 10.5
    endloop
  endfacet
  facet normal 0.99786 -0.0653866 0
    outer loop
      vertex 8.31454 0.221894 3.5
      vertex 8.3 0 10.5
      vertex 8.3 0 3.5
    endloop
  endfacet
  facet normal 0.0653877 0.99786 -0
    outer loop
      vertex 10 -1.7 3.5
      vertex 9.77811 -1.68546 10.5
      vertex 10 -1.7 10.5
    endloop
  endfacet
  facet normal 0.0653877 0.99786 0
    outer loop
      vertex 9.77811 -1.68546 10.5
      vertex 10 -1.7 3.5
      vertex 9.77811 -1.68546 3.5
    endloop
  endfacet
  facet normal -0.659319 -0.751863 0
    outer loop
      vertex 11.0349 1.3487 3.5
      vertex 11.2021 1.20208 10.5
      vertex 11.0349 1.3487 10.5
    endloop
  endfacet
  facet normal -0.659319 -0.751863 -0
    outer loop
      vertex 11.2021 1.20208 10.5
      vertex 11.0349 1.3487 3.5
      vertex 11.2021 1.20208 3.5
    endloop
  endfacet
  facet normal -0.831553 0.555445 0
    outer loop
      vertex 11.3487 -1.03489 3.5
      vertex 11.4722 -0.849999 10.5
      vertex 11.4722 -0.849999 3.5
    endloop
  endfacet
  facet normal -0.831553 0.555445 0
    outer loop
      vertex 11.4722 -0.849999 10.5
      vertex 11.3487 -1.03489 3.5
      vertex 11.3487 -1.03489 10.5
    endloop
  endfacet
  facet normal -0.195122 0.980779 0
    outer loop
      vertex 10.44 -1.64207 3.5
      vertex 10.2219 -1.68546 10.5
      vertex 10.44 -1.64207 10.5
    endloop
  endfacet
  facet normal -0.195122 0.980779 0
    outer loop
      vertex 10.2219 -1.68546 10.5
      vertex 10.44 -1.64207 3.5
      vertex 10.2219 -1.68546 3.5
    endloop
  endfacet
  facet normal 0.659342 -0.751844 0
    outer loop
      vertex 8.79792 1.20208 3.5
      vertex 8.96511 1.3487 10.5
      vertex 8.79792 1.20208 10.5
    endloop
  endfacet
  facet normal 0.659342 -0.751844 0
    outer loop
      vertex 8.96511 1.3487 10.5
      vertex 8.79792 1.20208 3.5
      vertex 8.96511 1.3487 3.5
    endloop
  endfacet
  facet normal 0.946928 0.321445 0
    outer loop
      vertex 8.42941 -0.650561 10.5
      vertex 8.35793 -0.439992 3.5
      vertex 8.35793 -0.439992 10.5
    endloop
  endfacet
  facet normal 0.946928 0.321445 0
    outer loop
      vertex 8.35793 -0.439992 3.5
      vertex 8.42941 -0.650561 10.5
      vertex 8.42941 -0.650561 3.5
    endloop
  endfacet
  facet normal 0.751844 0.659342 0
    outer loop
      vertex 8.79792 -1.20208 10.5
      vertex 8.6513 -1.03489 3.5
      vertex 8.6513 -1.03489 10.5
    endloop
  endfacet
  facet normal 0.751844 0.659342 0
    outer loop
      vertex 8.6513 -1.03489 3.5
      vertex 8.79792 -1.20208 10.5
      vertex 8.79792 -1.20208 3.5
    endloop
  endfacet
  facet normal 0.751844 -0.659342 0
    outer loop
      vertex 8.6513 1.03489 10.5
      vertex 8.79792 1.20208 3.5
      vertex 8.79792 1.20208 10.5
    endloop
  endfacet
  facet normal 0.751844 -0.659342 0
    outer loop
      vertex 8.79792 1.20208 3.5
      vertex 8.6513 1.03489 10.5
      vertex 8.6513 1.03489 3.5
    endloop
  endfacet
  facet normal -0.946901 0.321526 0
    outer loop
      vertex 11.5706 -0.650561 3.5
      vertex 11.6421 -0.439992 10.5
      vertex 11.6421 -0.439992 3.5
    endloop
  endfacet
  facet normal -0.946901 0.321526 0
    outer loop
      vertex 11.6421 -0.439992 10.5
      vertex 11.5706 -0.650561 3.5
      vertex 11.5706 -0.650561 10.5
    endloop
  endfacet
  facet normal 0.321444 0.946929 -0
    outer loop
      vertex 9.56001 -1.64207 3.5
      vertex 9.34944 -1.57059 10.5
      vertex 9.56001 -1.64207 10.5
    endloop
  endfacet
  facet normal 0.321444 0.946929 0
    outer loop
      vertex 9.34944 -1.57059 10.5
      vertex 9.56001 -1.64207 3.5
      vertex 9.34944 -1.57059 3.5
    endloop
  endfacet
  facet normal -0.0653848 0.99786 0
    outer loop
      vertex 10.2219 -1.68546 3.5
      vertex 10 -1.7 10.5
      vertex 10.2219 -1.68546 10.5
    endloop
  endfacet
  facet normal -0.0653848 0.99786 0
    outer loop
      vertex 10 -1.7 10.5
      vertex 10.2219 -1.68546 3.5
      vertex 10 -1.7 3.5
    endloop
  endfacet
  facet normal -0.321403 -0.946943 0
    outer loop
      vertex 10.44 1.64207 3.5
      vertex 10.6506 1.57059 10.5
      vertex 10.44 1.64207 10.5
    endloop
  endfacet
  facet normal -0.321403 -0.946943 -0
    outer loop
      vertex 10.6506 1.57059 10.5
      vertex 10.44 1.64207 3.5
      vertex 10.6506 1.57059 3.5
    endloop
  endfacet
  facet normal 0.946928 -0.321445 0
    outer loop
      vertex 8.35793 0.439992 10.5
      vertex 8.42941 0.650561 3.5
      vertex 8.42941 0.650561 10.5
    endloop
  endfacet
  facet normal 0.946928 -0.321445 0
    outer loop
      vertex 8.42941 0.650561 3.5
      vertex 8.35793 0.439992 10.5
      vertex 8.35793 0.439992 3.5
    endloop
  endfacet
  facet normal -0.751888 -0.659291 0
    outer loop
      vertex 11.3487 1.03489 3.5
      vertex 11.2021 1.20208 10.5
      vertex 11.2021 1.20208 3.5
    endloop
  endfacet
  facet normal -0.751888 -0.659291 0
    outer loop
      vertex 11.2021 1.20208 10.5
      vertex 11.3487 1.03489 3.5
      vertex 11.3487 1.03489 10.5
    endloop
  endfacet
  facet normal -0.442349 0.896843 0
    outer loop
      vertex 10.85 -1.47224 3.5
      vertex 10.6506 -1.57059 10.5
      vertex 10.85 -1.47224 10.5
    endloop
  endfacet
  facet normal -0.442349 0.896843 0
    outer loop
      vertex 10.6506 -1.57059 10.5
      vertex 10.85 -1.47224 3.5
      vertex 10.6506 -1.57059 3.5
    endloop
  endfacet
  facet normal -0.0653848 -0.99786 0
    outer loop
      vertex 10 1.7 3.5
      vertex 10.2219 1.68546 10.5
      vertex 10 1.7 10.5
    endloop
  endfacet
  facet normal -0.0653848 -0.99786 -0
    outer loop
      vertex 10.2219 1.68546 10.5
      vertex 10 1.7 3.5
      vertex 10.2219 1.68546 3.5
    endloop
  endfacet
  facet normal 0.896876 0.442282 0
    outer loop
      vertex 8.52776 -0.849999 10.5
      vertex 8.42941 -0.650561 3.5
      vertex 8.42941 -0.650561 10.5
    endloop
  endfacet
  facet normal 0.896876 0.442282 0
    outer loop
      vertex 8.42941 -0.650561 3.5
      vertex 8.52776 -0.849999 10.5
      vertex 8.52776 -0.849999 3.5
    endloop
  endfacet
  facet normal 0.555572 0.831469 -0
    outer loop
      vertex 9.15 -1.47224 3.5
      vertex 8.96511 -1.3487 10.5
      vertex 9.15 -1.47224 10.5
    endloop
  endfacet
  facet normal 0.555572 0.831469 0
    outer loop
      vertex 8.96511 -1.3487 10.5
      vertex 9.15 -1.47224 3.5
      vertex 8.96511 -1.3487 3.5
    endloop
  endfacet
  facet normal -0.98077 0.195167 0
    outer loop
      vertex 11.6421 -0.439992 3.5
      vertex 11.6855 -0.221894 10.5
      vertex 11.6855 -0.221894 3.5
    endloop
  endfacet
  facet normal -0.98077 0.195167 0
    outer loop
      vertex 11.6855 -0.221894 10.5
      vertex 11.6421 -0.439992 3.5
      vertex 11.6421 -0.439992 10.5
    endloop
  endfacet
  facet normal 0.195122 -0.980779 0
    outer loop
      vertex 9.56001 1.64207 3.5
      vertex 9.77811 1.68546 10.5
      vertex 9.56001 1.64207 10.5
    endloop
  endfacet
  facet normal 0.195122 -0.980779 0
    outer loop
      vertex 9.77811 1.68546 10.5
      vertex 9.56001 1.64207 3.5
      vertex 9.77811 1.68546 3.5
    endloop
  endfacet
  facet normal 0.83147 -0.55557 0
    outer loop
      vertex 8.52776 0.849999 10.5
      vertex 8.6513 1.03489 3.5
      vertex 8.6513 1.03489 10.5
    endloop
  endfacet
  facet normal 0.83147 -0.55557 0
    outer loop
      vertex 8.6513 1.03489 3.5
      vertex 8.52776 0.849999 10.5
      vertex 8.52776 0.849999 3.5
    endloop
  endfacet
  facet normal 0.99786 0.0653866 0
    outer loop
      vertex 8.31454 -0.221894 10.5
      vertex 8.3 0 3.5
      vertex 8.3 0 10.5
    endloop
  endfacet
  facet normal 0.99786 0.0653866 0
    outer loop
      vertex 8.3 0 3.5
      vertex 8.31454 -0.221894 10.5
      vertex 8.31454 -0.221894 3.5
    endloop
  endfacet
  facet normal 0.321444 -0.946929 0
    outer loop
      vertex 9.34944 1.57059 3.5
      vertex 9.56001 1.64207 10.5
      vertex 9.34944 1.57059 10.5
    endloop
  endfacet
  facet normal 0.321444 -0.946929 0
    outer loop
      vertex 9.56001 1.64207 10.5
      vertex 9.34944 1.57059 3.5
      vertex 9.56001 1.64207 3.5
    endloop
  endfacet
  facet normal 0.555572 -0.831469 0
    outer loop
      vertex 8.96511 1.3487 3.5
      vertex 9.15 1.47224 10.5
      vertex 8.96511 1.3487 10.5
    endloop
  endfacet
  facet normal 0.555572 -0.831469 0
    outer loop
      vertex 9.15 1.47224 10.5
      vertex 8.96511 1.3487 3.5
      vertex 9.15 1.47224 3.5
    endloop
  endfacet
  facet normal -0.195122 -0.980779 0
    outer loop
      vertex 10.2219 1.68546 3.5
      vertex 10.44 1.64207 10.5
      vertex 10.2219 1.68546 10.5
    endloop
  endfacet
  facet normal -0.195122 -0.980779 -0
    outer loop
      vertex 10.44 1.64207 10.5
      vertex 10.2219 1.68546 3.5
      vertex 10.44 1.64207 3.5
    endloop
  endfacet
  facet normal 0.659342 0.751844 -0
    outer loop
      vertex 8.96511 -1.3487 3.5
      vertex 8.79792 -1.20208 10.5
      vertex 8.96511 -1.3487 10.5
    endloop
  endfacet
  facet normal 0.659342 0.751844 0
    outer loop
      vertex 8.79792 -1.20208 10.5
      vertex 8.96511 -1.3487 3.5
      vertex 8.79792 -1.20208 3.5
    endloop
  endfacet
  facet normal -0.896787 -0.442463 0
    outer loop
      vertex 11.5706 0.650561 3.5
      vertex 11.4722 0.849999 10.5
      vertex 11.4722 0.849999 3.5
    endloop
  endfacet
  facet normal -0.896787 -0.442463 0
    outer loop
      vertex 11.4722 0.849999 10.5
      vertex 11.5706 0.650561 3.5
      vertex 11.5706 0.650561 10.5
    endloop
  endfacet
  facet normal 0.980779 0.195123 0
    outer loop
      vertex 8.35793 -0.439992 10.5
      vertex 8.31454 -0.221894 3.5
      vertex 8.31454 -0.221894 10.5
    endloop
  endfacet
  facet normal 0.980779 0.195123 0
    outer loop
      vertex 8.31454 -0.221894 3.5
      vertex 8.35793 -0.439992 10.5
      vertex 8.35793 -0.439992 3.5
    endloop
  endfacet
  facet normal 0.195122 0.980779 -0
    outer loop
      vertex 9.77811 -1.68546 3.5
      vertex 9.56001 -1.64207 10.5
      vertex 9.77811 -1.68546 10.5
    endloop
  endfacet
  facet normal 0.195122 0.980779 0
    outer loop
      vertex 9.56001 -1.64207 10.5
      vertex 9.77811 -1.68546 3.5
      vertex 9.56001 -1.64207 3.5
    endloop
  endfacet
  facet normal -0.659319 0.751863 0
    outer loop
      vertex 11.2021 -1.20208 3.5
      vertex 11.0349 -1.3487 10.5
      vertex 11.2021 -1.20208 10.5
    endloop
  endfacet
  facet normal -0.659319 0.751863 0
    outer loop
      vertex 11.0349 -1.3487 10.5
      vertex 11.2021 -1.20208 3.5
      vertex 11.0349 -1.3487 3.5
    endloop
  endfacet
  facet normal -0.751888 0.659291 0
    outer loop
      vertex 11.2021 -1.20208 3.5
      vertex 11.3487 -1.03489 10.5
      vertex 11.3487 -1.03489 3.5
    endloop
  endfacet
  facet normal -0.751888 0.659291 0
    outer loop
      vertex 11.3487 -1.03489 10.5
      vertex 11.2021 -1.20208 3.5
      vertex 11.2021 -1.20208 10.5
    endloop
  endfacet
  facet normal 0.0653877 -0.99786 0
    outer loop
      vertex 9.77811 1.68546 3.5
      vertex 10 1.7 10.5
      vertex 9.77811 1.68546 10.5
    endloop
  endfacet
  facet normal 0.0653877 -0.99786 0
    outer loop
      vertex 10 1.7 10.5
      vertex 9.77811 1.68546 3.5
      vertex 10 1.7 3.5
    endloop
  endfacet
  facet normal 0.442278 -0.896878 0
    outer loop
      vertex 9.15 1.47224 3.5
      vertex 9.34944 1.57059 10.5
      vertex 9.15 1.47224 10.5
    endloop
  endfacet
  facet normal 0.442278 -0.896878 0
    outer loop
      vertex 9.34944 1.57059 10.5
      vertex 9.15 1.47224 3.5
      vertex 9.34944 1.57059 3.5
    endloop
  endfacet
  facet normal 0.83147 0.55557 0
    outer loop
      vertex 8.6513 -1.03489 10.5
      vertex 8.52776 -0.849999 3.5
      vertex 8.52776 -0.849999 10.5
    endloop
  endfacet
  facet normal 0.83147 0.55557 0
    outer loop
      vertex 8.52776 -0.849999 3.5
      vertex 8.6513 -1.03489 10.5
      vertex 8.6513 -1.03489 3.5
    endloop
  endfacet
  facet normal -0.997872 0.0652074 0
    outer loop
      vertex 11.6855 -0.221894 3.5
      vertex 11.7 0 10.5
      vertex 11.7 0 3.5
    endloop
  endfacet
  facet normal -0.997872 0.0652074 0
    outer loop
      vertex 11.7 0 10.5
      vertex 11.6855 -0.221894 3.5
      vertex 11.6855 -0.221894 10.5
    endloop
  endfacet
  facet normal 0.442278 0.896878 -0
    outer loop
      vertex 9.34944 -1.57059 3.5
      vertex 9.15 -1.47224 10.5
      vertex 9.34944 -1.57059 10.5
    endloop
  endfacet
  facet normal 0.442278 0.896878 0
    outer loop
      vertex 9.15 -1.47224 10.5
      vertex 9.34944 -1.57059 3.5
      vertex 9.15 -1.47224 3.5
    endloop
  endfacet
  facet normal -0.98077 -0.195167 0
    outer loop
      vertex 11.6855 0.221894 3.5
      vertex 11.6421 0.439992 10.5
      vertex 11.6421 0.439992 3.5
    endloop
  endfacet
  facet normal -0.98077 -0.195167 0
    outer loop
      vertex 11.6421 0.439992 10.5
      vertex 11.6855 0.221894 3.5
      vertex 11.6855 0.221894 10.5
    endloop
  endfacet
  facet normal -0.896787 0.442463 0
    outer loop
      vertex 11.4722 -0.849999 3.5
      vertex 11.5706 -0.650561 10.5
      vertex 11.5706 -0.650561 3.5
    endloop
  endfacet
  facet normal -0.896787 0.442463 0
    outer loop
      vertex 11.5706 -0.650561 10.5
      vertex 11.4722 -0.849999 3.5
      vertex 11.4722 -0.849999 10.5
    endloop
  endfacet
  facet normal -0.946901 -0.321526 0
    outer loop
      vertex 11.6421 0.439992 3.5
      vertex 11.5706 0.650561 10.5
      vertex 11.5706 0.650561 3.5
    endloop
  endfacet
  facet normal -0.946901 -0.321526 0
    outer loop
      vertex 11.5706 0.650561 10.5
      vertex 11.6421 0.439992 3.5
      vertex 11.6421 0.439992 10.5
    endloop
  endfacet
  facet normal -0.555551 -0.831483 0
    outer loop
      vertex 10.85 1.47224 3.5
      vertex 11.0349 1.3487 10.5
      vertex 10.85 1.47224 10.5
    endloop
  endfacet
  facet normal -0.555551 -0.831483 -0
    outer loop
      vertex 11.0349 1.3487 10.5
      vertex 10.85 1.47224 3.5
      vertex 11.0349 1.3487 3.5
    endloop
  endfacet
  facet normal 0.896876 -0.442282 0
    outer loop
      vertex 8.42941 0.650561 10.5
      vertex 8.52776 0.849999 3.5
      vertex 8.52776 0.849999 10.5
    endloop
  endfacet
  facet normal 0.896876 -0.442282 0
    outer loop
      vertex 8.52776 0.849999 3.5
      vertex 8.42941 0.650561 10.5
      vertex 8.42941 0.650561 3.5
    endloop
  endfacet
  facet normal -0.997872 -0.0652074 0
    outer loop
      vertex 11.7 0 3.5
      vertex 11.6855 0.221894 10.5
      vertex 11.6855 0.221894 3.5
    endloop
  endfacet
  facet normal -0.997872 -0.0652074 0
    outer loop
      vertex 11.6855 0.221894 10.5
      vertex 11.7 0 3.5
      vertex 11.7 0 10.5
    endloop
  endfacet
  facet normal -0.321403 0.946943 0
    outer loop
      vertex 10.6506 -1.57059 3.5
      vertex 10.44 -1.64207 10.5
      vertex 10.6506 -1.57059 10.5
    endloop
  endfacet
  facet normal -0.321403 0.946943 0
    outer loop
      vertex 10.44 -1.64207 10.5
      vertex 10.6506 -1.57059 3.5
      vertex 10.44 -1.64207 3.5
    endloop
  endfacet
  facet normal -0.442349 -0.896843 0
    outer loop
      vertex 10.6506 1.57059 3.5
      vertex 10.85 1.47224 10.5
      vertex 10.6506 1.57059 10.5
    endloop
  endfacet
  facet normal -0.442349 -0.896843 -0
    outer loop
      vertex 10.85 1.47224 10.5
      vertex 10.6506 1.57059 3.5
      vertex 10.85 1.47224 3.5
    endloop
  endfacet
  facet normal -0.831553 -0.555445 0
    outer loop
      vertex 11.4722 0.849999 3.5
      vertex 11.3487 1.03489 10.5
      vertex 11.3487 1.03489 3.5
    endloop
  endfacet
  facet normal -0.831553 -0.555445 0
    outer loop
      vertex 11.3487 1.03489 10.5
      vertex 11.4722 0.849999 3.5
      vertex 11.4722 0.849999 10.5
    endloop
  endfacet
  facet normal -0.555551 0.831483 0
    outer loop
      vertex 11.0349 -1.3487 3.5
      vertex 10.85 -1.47224 10.5
      vertex 11.0349 -1.3487 10.5
    endloop
  endfacet
  facet normal -0.555551 0.831483 0
    outer loop
      vertex 10.85 -1.47224 10.5
      vertex 11.0349 -1.3487 3.5
      vertex 10.85 -1.47224 3.5
    endloop
  endfacet
  facet normal 0.980782 -0.195107 0
    outer loop
      vertex 6.72823 0.430736 3.5
      vertex 6.81245 0.854102 0
      vertex 6.81245 0.854102 3.5
    endloop
  endfacet
  facet normal 0.980782 -0.195107 0
    outer loop
      vertex 6.81245 0.854102 0
      vertex 6.72823 0.430736 3.5
      vertex 6.72823 0.430736 0
    endloop
  endfacet
  facet normal 0.997859 -0.0653987 0
    outer loop
      vertex 6.7 0 3.5
      vertex 6.72823 0.430736 0
      vertex 6.72823 0.430736 3.5
    endloop
  endfacet
  facet normal 0.997859 -0.0653987 0
    outer loop
      vertex 6.72823 0.430736 0
      vertex 6.7 0 3.5
      vertex 6.7 0 0
    endloop
  endfacet
  facet normal 0.946931 -0.321437 0
    outer loop
      vertex 6.81245 0.854102 3.5
      vertex 6.9512 1.26285 0
      vertex 6.9512 1.26285 3.5
    endloop
  endfacet
  facet normal 0.946931 -0.321437 0
    outer loop
      vertex 6.9512 1.26285 0
      vertex 6.81245 0.854102 3.5
      vertex 6.81245 0.854102 0
    endloop
  endfacet
  facet normal 0.896874 0.442286 0
    outer loop
      vertex 7.14212 -1.65 3.5
      vertex 6.9512 -1.26285 0
      vertex 6.9512 -1.26285 3.5
    endloop
  endfacet
  facet normal 0.896874 0.442286 0
    outer loop
      vertex 6.9512 -1.26285 0
      vertex 7.14212 -1.65 3.5
      vertex 7.14212 -1.65 0
    endloop
  endfacet
  facet normal 0.0653981 -0.997859 0
    outer loop
      vertex 9.56926 3.27177 0
      vertex 10 3.3 3.5
      vertex 9.56926 3.27177 3.5
    endloop
  endfacet
  facet normal 0.0653981 -0.997859 0
    outer loop
      vertex 10 3.3 3.5
      vertex 9.56926 3.27177 0
      vertex 10 3.3 0
    endloop
  endfacet
  facet normal -0.896892 -0.442249 0
    outer loop
      vertex 13.0488 1.26285 0
      vertex 12.8579 1.65 3.5
      vertex 12.8579 1.65 0
    endloop
  endfacet
  facet normal -0.896892 -0.442249 0
    outer loop
      vertex 12.8579 1.65 3.5
      vertex 13.0488 1.26285 0
      vertex 13.0488 1.26285 3.5
    endloop
  endfacet
  facet normal 0.321435 -0.946931 0
    outer loop
      vertex 8.73715 3.0488 0
      vertex 9.1459 3.18755 3.5
      vertex 8.73715 3.0488 3.5
    endloop
  endfacet
  facet normal 0.321435 -0.946931 0
    outer loop
      vertex 9.1459 3.18755 3.5
      vertex 8.73715 3.0488 0
      vertex 9.1459 3.18755 0
    endloop
  endfacet
  facet normal 0.980782 0.195107 0
    outer loop
      vertex 6.81245 -0.854102 3.5
      vertex 6.72823 -0.430736 0
      vertex 6.72823 -0.430736 3.5
    endloop
  endfacet
  facet normal 0.980782 0.195107 0
    outer loop
      vertex 6.72823 -0.430736 0
      vertex 6.81245 -0.854102 3.5
      vertex 6.81245 -0.854102 0
    endloop
  endfacet
  facet normal 0.555561 -0.831476 0
    outer loop
      vertex 7.99109 2.61807 0
      vertex 8.35 2.85788 3.5
      vertex 7.99109 2.61807 3.5
    endloop
  endfacet
  facet normal 0.555561 -0.831476 0
    outer loop
      vertex 8.35 2.85788 3.5
      vertex 7.99109 2.61807 0
      vertex 8.35 2.85788 0
    endloop
  endfacet
  facet normal -0.980791 0.195062 0
    outer loop
      vertex 13.1876 -0.854102 0
      vertex 13.2718 -0.430736 3.5
      vertex 13.2718 -0.430736 0
    endloop
  endfacet
  facet normal -0.980791 0.195062 0
    outer loop
      vertex 13.2718 -0.430736 3.5
      vertex 13.1876 -0.854102 0
      vertex 13.1876 -0.854102 3.5
    endloop
  endfacet
  facet normal -0.896892 0.442249 0
    outer loop
      vertex 12.8579 -1.65 0
      vertex 13.0488 -1.26285 3.5
      vertex 13.0488 -1.26285 0
    endloop
  endfacet
  facet normal -0.896892 0.442249 0
    outer loop
      vertex 13.0488 -1.26285 3.5
      vertex 12.8579 -1.65 0
      vertex 12.8579 -1.65 3.5
    endloop
  endfacet
  facet normal 0.321435 0.946931 -0
    outer loop
      vertex 9.1459 -3.18755 0
      vertex 8.73715 -3.0488 3.5
      vertex 9.1459 -3.18755 3.5
    endloop
  endfacet
  facet normal 0.321435 0.946931 0
    outer loop
      vertex 8.73715 -3.0488 3.5
      vertex 9.1459 -3.18755 0
      vertex 8.73715 -3.0488 0
    endloop
  endfacet
  facet normal 0.896874 -0.442286 0
    outer loop
      vertex 6.9512 1.26285 3.5
      vertex 7.14212 1.65 0
      vertex 7.14212 1.65 3.5
    endloop
  endfacet
  facet normal 0.896874 -0.442286 0
    outer loop
      vertex 7.14212 1.65 0
      vertex 6.9512 1.26285 3.5
      vertex 6.9512 1.26285 0
    endloop
  endfacet
  facet normal -0.195091 -0.980785 0
    outer loop
      vertex 10.4307 3.27177 0
      vertex 10.8541 3.18755 3.5
      vertex 10.4307 3.27177 3.5
    endloop
  endfacet
  facet normal -0.195091 -0.980785 -0
    outer loop
      vertex 10.8541 3.18755 3.5
      vertex 10.4307 3.27177 0
      vertex 10.8541 3.18755 0
    endloop
  endfacet
  facet normal -0.3214 0.946943 0
    outer loop
      vertex 11.2629 -3.0488 0
      vertex 10.8541 -3.18755 3.5
      vertex 11.2629 -3.0488 3.5
    endloop
  endfacet
  facet normal -0.3214 0.946943 0
    outer loop
      vertex 10.8541 -3.18755 3.5
      vertex 11.2629 -3.0488 0
      vertex 10.8541 -3.18755 0
    endloop
  endfacet
  facet normal 0.946931 0.321437 0
    outer loop
      vertex 6.9512 -1.26285 3.5
      vertex 6.81245 -0.854102 0
      vertex 6.81245 -0.854102 3.5
    endloop
  endfacet
  facet normal 0.946931 0.321437 0
    outer loop
      vertex 6.81245 -0.854102 0
      vertex 6.9512 -1.26285 3.5
      vertex 6.9512 -1.26285 0
    endloop
  endfacet
  facet normal 0.0653981 0.997859 -0
    outer loop
      vertex 10 -3.3 0
      vertex 9.56926 -3.27177 3.5
      vertex 10 -3.3 3.5
    endloop
  endfacet
  facet normal 0.0653981 0.997859 0
    outer loop
      vertex 9.56926 -3.27177 3.5
      vertex 10 -3.3 0
      vertex 9.56926 -3.27177 0
    endloop
  endfacet
  facet normal 0.555561 0.831476 -0
    outer loop
      vertex 8.35 -2.85788 0
      vertex 7.99109 -2.61807 3.5
      vertex 8.35 -2.85788 3.5
    endloop
  endfacet
  facet normal 0.555561 0.831476 0
    outer loop
      vertex 7.99109 -2.61807 3.5
      vertex 8.35 -2.85788 0
      vertex 7.99109 -2.61807 0
    endloop
  endfacet
  facet normal -0.3214 -0.946943 0
    outer loop
      vertex 10.8541 3.18755 0
      vertex 11.2629 3.0488 3.5
      vertex 10.8541 3.18755 3.5
    endloop
  endfacet
  facet normal -0.3214 -0.946943 -0
    outer loop
      vertex 11.2629 3.0488 3.5
      vertex 10.8541 3.18755 0
      vertex 11.2629 3.0488 0
    endloop
  endfacet
  facet normal 0.831476 -0.555561 0
    outer loop
      vertex 7.14212 1.65 3.5
      vertex 7.38193 2.00891 0
      vertex 7.38193 2.00891 3.5
    endloop
  endfacet
  facet normal 0.831476 -0.555561 0
    outer loop
      vertex 7.38193 2.00891 0
      vertex 7.14212 1.65 3.5
      vertex 7.14212 1.65 0
    endloop
  endfacet
  facet normal 0.195109 0.980782 -0
    outer loop
      vertex 9.56926 -3.27177 0
      vertex 9.1459 -3.18755 3.5
      vertex 9.56926 -3.27177 3.5
    endloop
  endfacet
  facet normal 0.195109 0.980782 0
    outer loop
      vertex 9.1459 -3.18755 3.5
      vertex 9.56926 -3.27177 0
      vertex 9.1459 -3.18755 0
    endloop
  endfacet
  facet normal -0.831487 0.555545 0
    outer loop
      vertex 12.6181 -2.00891 0
      vertex 12.8579 -1.65 3.5
      vertex 12.8579 -1.65 0
    endloop
  endfacet
  facet normal -0.831487 0.555545 0
    outer loop
      vertex 12.8579 -1.65 3.5
      vertex 12.6181 -2.00891 0
      vertex 12.6181 -2.00891 3.5
    endloop
  endfacet
  facet normal 0.659354 -0.751833 0
    outer loop
      vertex 7.66655 2.33345 0
      vertex 7.99109 2.61807 3.5
      vertex 7.66655 2.33345 3.5
    endloop
  endfacet
  facet normal 0.659354 -0.751833 0
    outer loop
      vertex 7.99109 2.61807 3.5
      vertex 7.66655 2.33345 0
      vertex 7.99109 2.61807 0
    endloop
  endfacet
  facet normal -0.946896 -0.321541 0
    outer loop
      vertex 13.1876 0.854102 0
      vertex 13.0488 1.26285 3.5
      vertex 13.0488 1.26285 0
    endloop
  endfacet
  facet normal -0.946896 -0.321541 0
    outer loop
      vertex 13.0488 1.26285 3.5
      vertex 13.1876 0.854102 0
      vertex 13.1876 0.854102 3.5
    endloop
  endfacet
  facet normal -0.442332 -0.896851 0
    outer loop
      vertex 11.2629 3.0488 0
      vertex 11.65 2.85788 3.5
      vertex 11.2629 3.0488 3.5
    endloop
  endfacet
  facet normal -0.442332 -0.896851 -0
    outer loop
      vertex 11.65 2.85788 3.5
      vertex 11.2629 3.0488 0
      vertex 11.65 2.85788 0
    endloop
  endfacet
  facet normal 0.831476 0.555561 0
    outer loop
      vertex 7.38193 -2.00891 3.5
      vertex 7.14212 -1.65 0
      vertex 7.14212 -1.65 3.5
    endloop
  endfacet
  facet normal 0.831476 0.555561 0
    outer loop
      vertex 7.14212 -1.65 0
      vertex 7.38193 -2.00891 3.5
      vertex 7.38193 -2.00891 0
    endloop
  endfacet
  facet normal 0 0 -1
    outer loop
      vertex 11.7 0 3.5
      vertex 13.3 0 3.5
      vertex 13.2718 -0.430736 3.5
    endloop
  endfacet
  facet normal 0 0 -1
    outer loop
      vertex 11.6855 -0.221894 3.5
      vertex 13.2718 -0.430736 3.5
      vertex 13.1876 -0.854102 3.5
    endloop
  endfacet
  facet normal 0 0 -1
    outer loop
      vertex 13.3 0 3.5
      vertex 11.7 0 3.5
      vertex 13.2718 0.430736 3.5
    endloop
  endfacet
  facet normal 0 0 -1
    outer loop
      vertex 11.6421 -0.439992 3.5
      vertex 13.1876 -0.854102 3.5
      vertex 13.0488 -1.26285 3.5
    endloop
  endfacet
  facet normal 0 0 -1
    outer loop
      vertex 11.6855 0.221894 3.5
      vertex 13.2718 0.430736 3.5
      vertex 11.7 0 3.5
    endloop
  endfacet
  facet normal 0 0 -1
    outer loop
      vertex 11.5706 -0.650561 3.5
      vertex 13.0488 -1.26285 3.5
      vertex 12.8579 -1.65 3.5
    endloop
  endfacet
  facet normal -0 0 -1
    outer loop
      vertex 13.2718 0.430736 3.5
      vertex 11.6855 0.221894 3.5
      vertex 13.1876 0.854102 3.5
    endloop
  endfacet
  facet normal 0 0 -1
    outer loop
      vertex 11.4722 -0.849999 3.5
      vertex 12.8579 -1.65 3.5
      vertex 12.6181 -2.00891 3.5
    endloop
  endfacet
  facet normal 0 0 -1
    outer loop
      vertex 11.6421 0.439992 3.5
      vertex 13.1876 0.854102 3.5
      vertex 11.6855 0.221894 3.5
    endloop
  endfacet
  facet normal 0 0 -1
    outer loop
      vertex 11.3487 -1.03489 3.5
      vertex 12.6181 -2.00891 3.5
      vertex 12.3335 -2.33345 3.5
    endloop
  endfacet
  facet normal -0 0 -1
    outer loop
      vertex 13.1876 0.854102 3.5
      vertex 11.6421 0.439992 3.5
      vertex 13.0488 1.26285 3.5
    endloop
  endfacet
  facet normal 0 0 -1
    outer loop
      vertex 11.2021 -1.20208 3.5
      vertex 12.3335 -2.33345 3.5
      vertex 12.0089 -2.61807 3.5
    endloop
  endfacet
  facet normal 0 0 -1
    outer loop
      vertex 11.5706 0.650561 3.5
      vertex 13.0488 1.26285 3.5
      vertex 11.6421 0.439992 3.5
    endloop
  endfacet
  facet normal -0 0 -1
    outer loop
      vertex 13.0488 1.26285 3.5
      vertex 11.5706 0.650561 3.5
      vertex 12.8579 1.65 3.5
    endloop
  endfacet
  facet normal 0 0 -1
    outer loop
      vertex 13.2718 -0.430736 3.5
      vertex 11.6855 -0.221894 3.5
      vertex 11.7 0 3.5
    endloop
  endfacet
  facet normal 0 0 -1
    outer loop
      vertex 11.0349 -1.3487 3.5
      vertex 12.0089 -2.61807 3.5
      vertex 11.65 -2.85788 3.5
    endloop
  endfacet
  facet normal 0 0 -1
    outer loop
      vertex 13.1876 -0.854102 3.5
      vertex 11.6421 -0.439992 3.5
      vertex 11.6855 -0.221894 3.5
    endloop
  endfacet
  facet normal 0 0 -1
    outer loop
      vertex 13.0488 -1.26285 3.5
      vertex 11.5706 -0.650561 3.5
      vertex 11.6421 -0.439992 3.5
    endloop
  endfacet
  facet normal 0 0 -1
    outer loop
      vertex 12.8579 -1.65 3.5
      vertex 11.4722 -0.849999 3.5
      vertex 11.5706 -0.650561 3.5
    endloop
  endfacet
  facet normal 0 0 -1
    outer loop
      vertex 12.6181 -2.00891 3.5
      vertex 11.3487 -1.03489 3.5
      vertex 11.4722 -0.849999 3.5
    endloop
  endfacet
  facet normal 0 0 -1
    outer loop
      vertex 10.85 -1.47224 3.5
      vertex 11.65 -2.85788 3.5
      vertex 11.2629 -3.0488 3.5
    endloop
  endfacet
  facet normal 0 0 -1
    outer loop
      vertex 12.3335 -2.33345 3.5
      vertex 11.2021 -1.20208 3.5
      vertex 11.3487 -1.03489 3.5
    endloop
  endfacet
  facet normal 0 0 -1
    outer loop
      vertex 12.0089 -2.61807 3.5
      vertex 11.0349 -1.3487 3.5
      vertex 11.2021 -1.20208 3.5
    endloop
  endfacet
  facet normal 0 0 -1
    outer loop
      vertex 10.6506 -1.57059 3.5
      vertex 11.2629 -3.0488 3.5
      vertex 10.8541 -3.18755 3.5
    endloop
  endfacet
  facet normal 0 0 -1
    outer loop
      vertex 11.65 -2.85788 3.5
      vertex 10.85 -1.47224 3.5
      vertex 11.0349 -1.3487 3.5
    endloop
  endfacet
  facet normal 0 0 -1
    outer loop
      vertex 11.2629 -3.0488 3.5
      vertex 10.6506 -1.57059 3.5
      vertex 10.85 -1.47224 3.5
    endloop
  endfacet
  facet normal 0 0 -1
    outer loop
      vertex 10.8541 -3.18755 3.5
      vertex 10.44 -1.64207 3.5
      vertex 10.6506 -1.57059 3.5
    endloop
  endfacet
  facet normal 0 0 -1
    outer loop
      vertex 10.4307 -3.27177 3.5
      vertex 10.44 -1.64207 3.5
      vertex 10.8541 -3.18755 3.5
    endloop
  endfacet
  facet normal 0 0 -1
    outer loop
      vertex 10.4307 -3.27177 3.5
      vertex 10.2219 -1.68546 3.5
      vertex 10.44 -1.64207 3.5
    endloop
  endfacet
  facet normal 0 0 -1
    outer loop
      vertex 10 -3.3 3.5
      vertex 10.2219 -1.68546 3.5
      vertex 10.4307 -3.27177 3.5
    endloop
  endfacet
  facet normal 0 0 -1
    outer loop
      vertex 10 -3.3 3.5
      vertex 10 -1.7 3.5
      vertex 10.2219 -1.68546 3.5
    endloop
  endfacet
  facet normal 0 0 -1
    outer loop
      vertex 10 -3.3 3.5
      vertex 9.77811 -1.68546 3.5
      vertex 10 -1.7 3.5
    endloop
  endfacet
  facet normal 0 0 -1
    outer loop
      vertex 9.56926 -3.27177 3.5
      vertex 9.77811 -1.68546 3.5
      vertex 10 -3.3 3.5
    endloop
  endfacet
  facet normal 0 0 -1
    outer loop
      vertex 9.56926 -3.27177 3.5
      vertex 9.56001 -1.64207 3.5
      vertex 9.77811 -1.68546 3.5
    endloop
  endfacet
  facet normal 0 0 -1
    outer loop
      vertex 9.1459 -3.18755 3.5
      vertex 9.56001 -1.64207 3.5
      vertex 9.56926 -3.27177 3.5
    endloop
  endfacet
  facet normal -0 0 -1
    outer loop
      vertex 9.56001 -1.64207 3.5
      vertex 9.1459 -3.18755 3.5
      vertex 9.34944 -1.57059 3.5
    endloop
  endfacet
  facet normal 0 0 -1
    outer loop
      vertex 8.73715 -3.0488 3.5
      vertex 9.34944 -1.57059 3.5
      vertex 9.1459 -3.18755 3.5
    endloop
  endfacet
  facet normal -0 0 -1
    outer loop
      vertex 9.34944 -1.57059 3.5
      vertex 8.73715 -3.0488 3.5
      vertex 9.15 -1.47224 3.5
    endloop
  endfacet
  facet normal 0 0 -1
    outer loop
      vertex 8.35 -2.85788 3.5
      vertex 9.15 -1.47224 3.5
      vertex 8.73715 -3.0488 3.5
    endloop
  endfacet
  facet normal -0 0 -1
    outer loop
      vertex 9.15 -1.47224 3.5
      vertex 8.35 -2.85788 3.5
      vertex 8.96511 -1.3487 3.5
    endloop
  endfacet
  facet normal 0 0 -1
    outer loop
      vertex 7.99109 -2.61807 3.5
      vertex 8.96511 -1.3487 3.5
      vertex 8.35 -2.85788 3.5
    endloop
  endfacet
  facet normal -0 0 -1
    outer loop
      vertex 8.96511 -1.3487 3.5
      vertex 7.99109 -2.61807 3.5
      vertex 8.79792 -1.20208 3.5
    endloop
  endfacet
  facet normal 0 0 -1
    outer loop
      vertex 7.66655 -2.33345 3.5
      vertex 8.79792 -1.20208 3.5
      vertex 7.99109 -2.61807 3.5
    endloop
  endfacet
  facet normal -0 0 -1
    outer loop
      vertex 8.79792 -1.20208 3.5
      vertex 7.66655 -2.33345 3.5
      vertex 8.6513 -1.03489 3.5
    endloop
  endfacet
  facet normal 0 0 -1
    outer loop
      vertex 7.38193 -2.00891 3.5
      vertex 8.6513 -1.03489 3.5
      vertex 7.66655 -2.33345 3.5
    endloop
  endfacet
  facet normal -0 0 -1
    outer loop
      vertex 8.6513 -1.03489 3.5
      vertex 7.38193 -2.00891 3.5
      vertex 8.52776 -0.849999 3.5
    endloop
  endfacet
  facet normal 0 0 -1
    outer loop
      vertex 7.14212 -1.65 3.5
      vertex 8.52776 -0.849999 3.5
      vertex 7.38193 -2.00891 3.5
    endloop
  endfacet
  facet normal -0 0 -1
    outer loop
      vertex 8.52776 -0.849999 3.5
      vertex 7.14212 -1.65 3.5
      vertex 8.42941 -0.650561 3.5
    endloop
  endfacet
  facet normal 0 0 -1
    outer loop
      vertex 11.4722 0.849999 3.5
      vertex 12.8579 1.65 3.5
      vertex 11.5706 0.650561 3.5
    endloop
  endfacet
  facet normal -0 0 -1
    outer loop
      vertex 12.8579 1.65 3.5
      vertex 11.4722 0.849999 3.5
      vertex 12.6181 2.00891 3.5
    endloop
  endfacet
  facet normal 0 0 -1
    outer loop
      vertex 11.3487 1.03489 3.5
      vertex 12.6181 2.00891 3.5
      vertex 11.4722 0.849999 3.5
    endloop
  endfacet
  facet normal -0 0 -1
    outer loop
      vertex 12.6181 2.00891 3.5
      vertex 11.3487 1.03489 3.5
      vertex 12.3335 2.33345 3.5
    endloop
  endfacet
  facet normal 0 0 -1
    outer loop
      vertex 11.2021 1.20208 3.5
      vertex 12.3335 2.33345 3.5
      vertex 11.3487 1.03489 3.5
    endloop
  endfacet
  facet normal -0 0 -1
    outer loop
      vertex 12.3335 2.33345 3.5
      vertex 11.2021 1.20208 3.5
      vertex 12.0089 2.61807 3.5
    endloop
  endfacet
  facet normal 0 0 -1
    outer loop
      vertex 11.0349 1.3487 3.5
      vertex 12.0089 2.61807 3.5
      vertex 11.2021 1.20208 3.5
    endloop
  endfacet
  facet normal -0 0 -1
    outer loop
      vertex 12.0089 2.61807 3.5
      vertex 11.0349 1.3487 3.5
      vertex 11.65 2.85788 3.5
    endloop
  endfacet
  facet normal 0 0 -1
    outer loop
      vertex 10.85 1.47224 3.5
      vertex 11.65 2.85788 3.5
      vertex 11.0349 1.3487 3.5
    endloop
  endfacet
  facet normal -0 0 -1
    outer loop
      vertex 11.65 2.85788 3.5
      vertex 10.85 1.47224 3.5
      vertex 11.2629 3.0488 3.5
    endloop
  endfacet
  facet normal 0 0 -1
    outer loop
      vertex 10.6506 1.57059 3.5
      vertex 11.2629 3.0488 3.5
      vertex 10.85 1.47224 3.5
    endloop
  endfacet
  facet normal -0 0 -1
    outer loop
      vertex 11.2629 3.0488 3.5
      vertex 10.6506 1.57059 3.5
      vertex 10.8541 3.18755 3.5
    endloop
  endfacet
  facet normal 0 0 -1
    outer loop
      vertex 10.44 1.64207 3.5
      vertex 10.8541 3.18755 3.5
      vertex 10.6506 1.57059 3.5
    endloop
  endfacet
  facet normal 0 0 -1
    outer loop
      vertex 10.44 1.64207 3.5
      vertex 10.4307 3.27177 3.5
      vertex 10.8541 3.18755 3.5
    endloop
  endfacet
  facet normal 0 0 -1
    outer loop
      vertex 10.2219 1.68546 3.5
      vertex 10.4307 3.27177 3.5
      vertex 10.44 1.64207 3.5
    endloop
  endfacet
  facet normal 0 0 -1
    outer loop
      vertex 10 1.7 3.5
      vertex 10.4307 3.27177 3.5
      vertex 10.2219 1.68546 3.5
    endloop
  endfacet
  facet normal 0 0 -1
    outer loop
      vertex 10 1.7 3.5
      vertex 10 3.3 3.5
      vertex 10.4307 3.27177 3.5
    endloop
  endfacet
  facet normal 0 0 -1
    outer loop
      vertex 9.77811 1.68546 3.5
      vertex 10 3.3 3.5
      vertex 10 1.7 3.5
    endloop
  endfacet
  facet normal 0 0 -1
    outer loop
      vertex 9.77811 1.68546 3.5
      vertex 9.56926 3.27177 3.5
      vertex 10 3.3 3.5
    endloop
  endfacet
  facet normal 0 0 -1
    outer loop
      vertex 9.56001 1.64207 3.5
      vertex 9.56926 3.27177 3.5
      vertex 9.77811 1.68546 3.5
    endloop
  endfacet
  facet normal 0 0 -1
    outer loop
      vertex 9.1459 3.18755 3.5
      vertex 9.56001 1.64207 3.5
      vertex 9.34944 1.57059 3.5
    endloop
  endfacet
  facet normal 0 0 -1
    outer loop
      vertex 8.73715 3.0488 3.5
      vertex 9.34944 1.57059 3.5
      vertex 9.15 1.47224 3.5
    endloop
  endfacet
  facet normal 0 0 -1
    outer loop
      vertex 9.56001 1.64207 3.5
      vertex 9.1459 3.18755 3.5
      vertex 9.56926 3.27177 3.5
    endloop
  endfacet
  facet normal 0 0 -1
    outer loop
      vertex 8.35 2.85788 3.5
      vertex 9.15 1.47224 3.5
      vertex 8.96511 1.3487 3.5
    endloop
  endfacet
  facet normal 0 0 -1
    outer loop
      vertex 7.99109 2.61807 3.5
      vertex 8.96511 1.3487 3.5
      vertex 8.79792 1.20208 3.5
    endloop
  endfacet
  facet normal 0 0 -1
    outer loop
      vertex 9.34944 1.57059 3.5
      vertex 8.73715 3.0488 3.5
      vertex 9.1459 3.18755 3.5
    endloop
  endfacet
  facet normal 0 0 -1
    outer loop
      vertex 7.66655 2.33345 3.5
      vertex 8.79792 1.20208 3.5
      vertex 8.6513 1.03489 3.5
    endloop
  endfacet
  facet normal 0 0 -1
    outer loop
      vertex 7.38193 2.00891 3.5
      vertex 8.6513 1.03489 3.5
      vertex 8.52776 0.849999 3.5
    endloop
  endfacet
  facet normal 0 0 -1
    outer loop
      vertex 7.14212 1.65 3.5
      vertex 8.52776 0.849999 3.5
      vertex 8.42941 0.650561 3.5
    endloop
  endfacet
  facet normal 0 0 -1
    outer loop
      vertex 6.9512 1.26285 3.5
      vertex 8.42941 0.650561 3.5
      vertex 8.35793 0.439992 3.5
    endloop
  endfacet
  facet normal 0 0 -1
    outer loop
      vertex 9.15 1.47224 3.5
      vertex 8.35 2.85788 3.5
      vertex 8.73715 3.0488 3.5
    endloop
  endfacet
  facet normal 0 0 -1
    outer loop
      vertex 6.81245 0.854102 3.5
      vertex 8.35793 0.439992 3.5
      vertex 8.31454 0.221894 3.5
    endloop
  endfacet
  facet normal 0 0 -1
    outer loop
      vertex 6.72823 0.430736 3.5
      vertex 8.31454 0.221894 3.5
      vertex 8.3 0 3.5
    endloop
  endfacet
  facet normal 0 0 -1
    outer loop
      vertex 6.9512 -1.26285 3.5
      vertex 8.42941 -0.650561 3.5
      vertex 7.14212 -1.65 3.5
    endloop
  endfacet
  facet normal 0 0 -1
    outer loop
      vertex 8.96511 1.3487 3.5
      vertex 7.99109 2.61807 3.5
      vertex 8.35 2.85788 3.5
    endloop
  endfacet
  facet normal -0 0 -1
    outer loop
      vertex 8.42941 -0.650561 3.5
      vertex 6.9512 -1.26285 3.5
      vertex 8.35793 -0.439992 3.5
    endloop
  endfacet
  facet normal 0 0 -1
    outer loop
      vertex 8.79792 1.20208 3.5
      vertex 7.66655 2.33345 3.5
      vertex 7.99109 2.61807 3.5
    endloop
  endfacet
  facet normal 0 0 -1
    outer loop
      vertex 6.81245 -0.854102 3.5
      vertex 8.35793 -0.439992 3.5
      vertex 6.9512 -1.26285 3.5
    endloop
  endfacet
  facet normal 0 0 -1
    outer loop
      vertex 8.6513 1.03489 3.5
      vertex 7.38193 2.00891 3.5
      vertex 7.66655 2.33345 3.5
    endloop
  endfacet
  facet normal -0 0 -1
    outer loop
      vertex 8.35793 -0.439992 3.5
      vertex 6.81245 -0.854102 3.5
      vertex 8.31454 -0.221894 3.5
    endloop
  endfacet
  facet normal 0 0 -1
    outer loop
      vertex 8.52776 0.849999 3.5
      vertex 7.14212 1.65 3.5
      vertex 7.38193 2.00891 3.5
    endloop
  endfacet
  facet normal 0 0 -1
    outer loop
      vertex 6.72823 -0.430736 3.5
      vertex 8.31454 -0.221894 3.5
      vertex 6.81245 -0.854102 3.5
    endloop
  endfacet
  facet normal 0 0 -1
    outer loop
      vertex 8.42941 0.650561 3.5
      vertex 6.9512 1.26285 3.5
      vertex 7.14212 1.65 3.5
    endloop
  endfacet
  facet normal -0 0 -1
    outer loop
      vertex 8.31454 -0.221894 3.5
      vertex 6.72823 -0.430736 3.5
      vertex 8.3 0 3.5
    endloop
  endfacet
  facet normal 0 0 -1
    outer loop
      vertex 8.35793 0.439992 3.5
      vertex 6.81245 0.854102 3.5
      vertex 6.9512 1.26285 3.5
    endloop
  endfacet
  facet normal 0 0 -1
    outer loop
      vertex 6.7 0 3.5
      vertex 8.3 0 3.5
      vertex 6.72823 -0.430736 3.5
    endloop
  endfacet
  facet normal 0 0 -1
    outer loop
      vertex 8.31454 0.221894 3.5
      vertex 6.72823 0.430736 3.5
      vertex 6.81245 0.854102 3.5
    endloop
  endfacet
  facet normal 0 0 -1
    outer loop
      vertex 8.3 0 3.5
      vertex 6.7 0 3.5
      vertex 6.72823 0.430736 3.5
    endloop
  endfacet
  facet normal 0.751833 -0.659354 0
    outer loop
      vertex 7.38193 2.00891 3.5
      vertex 7.66655 2.33345 0
      vertex 7.66655 2.33345 3.5
    endloop
  endfacet
  facet normal 0.751833 -0.659354 0
    outer loop
      vertex 7.66655 2.33345 0
      vertex 7.38193 2.00891 3.5
      vertex 7.38193 2.00891 0
    endloop
  endfacet
  facet normal 0.997859 0.0653987 0
    outer loop
      vertex 6.72823 -0.430736 3.5
      vertex 6.7 0 0
      vertex 6.7 0 3.5
    endloop
  endfacet
  facet normal 0.997859 0.0653987 0
    outer loop
      vertex 6.7 0 0
      vertex 6.72823 -0.430736 3.5
      vertex 6.72823 -0.430736 0
    endloop
  endfacet
  facet normal -0.442332 0.896851 0
    outer loop
      vertex 11.65 -2.85788 0
      vertex 11.2629 -3.0488 3.5
      vertex 11.65 -2.85788 3.5
    endloop
  endfacet
  facet normal -0.442332 0.896851 0
    outer loop
      vertex 11.2629 -3.0488 3.5
      vertex 11.65 -2.85788 0
      vertex 11.2629 -3.0488 0
    endloop
  endfacet
  facet normal 0.442286 0.896874 -0
    outer loop
      vertex 8.73715 -3.0488 0
      vertex 8.35 -2.85788 3.5
      vertex 8.73715 -3.0488 3.5
    endloop
  endfacet
  facet normal 0.442286 0.896874 0
    outer loop
      vertex 8.35 -2.85788 3.5
      vertex 8.73715 -3.0488 0
      vertex 8.35 -2.85788 0
    endloop
  endfacet
  facet normal 0.442286 -0.896874 0
    outer loop
      vertex 8.35 2.85788 0
      vertex 8.73715 3.0488 3.5
      vertex 8.35 2.85788 3.5
    endloop
  endfacet
  facet normal 0.442286 -0.896874 0
    outer loop
      vertex 8.73715 3.0488 3.5
      vertex 8.35 2.85788 0
      vertex 8.73715 3.0488 0
    endloop
  endfacet
  facet normal -0.997864 0.0653295 0
    outer loop
      vertex 13.2718 -0.430736 0
      vertex 13.3 0 3.5
      vertex 13.3 0 0
    endloop
  endfacet
  facet normal -0.997864 0.0653295 0
    outer loop
      vertex 13.3 0 3.5
      vertex 13.2718 -0.430736 0
      vertex 13.2718 -0.430736 3.5
    endloop
  endfacet
  facet normal -0.946896 0.321541 0
    outer loop
      vertex 13.0488 -1.26285 0
      vertex 13.1876 -0.854102 3.5
      vertex 13.1876 -0.854102 0
    endloop
  endfacet
  facet normal -0.946896 0.321541 0
    outer loop
      vertex 13.1876 -0.854102 3.5
      vertex 13.0488 -1.26285 0
      vertex 13.0488 -1.26285 3.5
    endloop
  endfacet
  facet normal 0.195109 -0.980782 0
    outer loop
      vertex 9.1459 3.18755 0
      vertex 9.56926 3.27177 3.5
      vertex 9.1459 3.18755 3.5
    endloop
  endfacet
  facet normal 0.195109 -0.980782 0
    outer loop
      vertex 9.56926 3.27177 3.5
      vertex 9.1459 3.18755 0
      vertex 9.56926 3.27177 0
    endloop
  endfacet
  facet normal -0.997864 -0.0653295 0
    outer loop
      vertex 13.3 0 0
      vertex 13.2718 0.430736 3.5
      vertex 13.2718 0.430736 0
    endloop
  endfacet
  facet normal -0.997864 -0.0653295 0
    outer loop
      vertex 13.2718 0.430736 3.5
      vertex 13.3 0 0
      vertex 13.3 0 3.5
    endloop
  endfacet
  facet normal -0.659285 -0.751893 0
    outer loop
      vertex 12.0089 2.61807 0
      vertex 12.3335 2.33345 3.5
      vertex 12.0089 2.61807 3.5
    endloop
  endfacet
  facet normal -0.659285 -0.751893 -0
    outer loop
      vertex 12.3335 2.33345 3.5
      vertex 12.0089 2.61807 0
      vertex 12.3335 2.33345 0
    endloop
  endfacet
  facet normal -0.555571 -0.831469 0
    outer loop
      vertex 11.65 2.85788 0
      vertex 12.0089 2.61807 3.5
      vertex 11.65 2.85788 3.5
    endloop
  endfacet
  facet normal -0.555571 -0.831469 -0
    outer loop
      vertex 12.0089 2.61807 3.5
      vertex 11.65 2.85788 0
      vertex 12.0089 2.61807 0
    endloop
  endfacet
  facet normal -0.195091 0.980785 0
    outer loop
      vertex 10.8541 -3.18755 0
      vertex 10.4307 -3.27177 3.5
      vertex 10.8541 -3.18755 3.5
    endloop
  endfacet
  facet normal -0.195091 0.980785 0
    outer loop
      vertex 10.4307 -3.27177 3.5
      vertex 10.8541 -3.18755 0
      vertex 10.4307 -3.27177 0
    endloop
  endfacet
  facet normal 0.659354 0.751833 -0
    outer loop
      vertex 7.99109 -2.61807 0
      vertex 7.66655 -2.33345 3.5
      vertex 7.99109 -2.61807 3.5
    endloop
  endfacet
  facet normal 0.659354 0.751833 0
    outer loop
      vertex 7.66655 -2.33345 3.5
      vertex 7.99109 -2.61807 0
      vertex 7.66655 -2.33345 0
    endloop
  endfacet
  facet normal 0.751833 0.659354 0
    outer loop
      vertex 7.66655 -2.33345 3.5
      vertex 7.38193 -2.00891 0
      vertex 7.38193 -2.00891 3.5
    endloop
  endfacet
  facet normal 0.751833 0.659354 0
    outer loop
      vertex 7.38193 -2.00891 0
      vertex 7.66655 -2.33345 3.5
      vertex 7.66655 -2.33345 0
    endloop
  endfacet
  facet normal -0.751856 0.659328 0
    outer loop
      vertex 12.3335 -2.33345 0
      vertex 12.6181 -2.00891 3.5
      vertex 12.6181 -2.00891 0
    endloop
  endfacet
  facet normal -0.751856 0.659328 0
    outer loop
      vertex 12.6181 -2.00891 3.5
      vertex 12.3335 -2.33345 0
      vertex 12.3335 -2.33345 3.5
    endloop
  endfacet
  facet normal -0.0654041 0.997859 0
    outer loop
      vertex 10.4307 -3.27177 0
      vertex 10 -3.3 3.5
      vertex 10.4307 -3.27177 3.5
    endloop
  endfacet
  facet normal -0.0654041 0.997859 0
    outer loop
      vertex 10 -3.3 3.5
      vertex 10.4307 -3.27177 0
      vertex 10 -3.3 0
    endloop
  endfacet
  facet normal -0.831487 -0.555545 0
    outer loop
      vertex 12.8579 1.65 0
      vertex 12.6181 2.00891 3.5
      vertex 12.6181 2.00891 0
    endloop
  endfacet
  facet normal -0.831487 -0.555545 0
    outer loop
      vertex 12.6181 2.00891 3.5
      vertex 12.8579 1.65 0
      vertex 12.8579 1.65 3.5
    endloop
  endfacet
  facet normal -0.980791 -0.195062 0
    outer loop
      vertex 13.2718 0.430736 0
      vertex 13.1876 0.854102 3.5
      vertex 13.1876 0.854102 0
    endloop
  endfacet
  facet normal -0.980791 -0.195062 0
    outer loop
      vertex 13.1876 0.854102 3.5
      vertex 13.2718 0.430736 0
      vertex 13.2718 0.430736 3.5
    endloop
  endfacet
  facet normal -0.0654041 -0.997859 0
    outer loop
      vertex 10 3.3 0
      vertex 10.4307 3.27177 3.5
      vertex 10 3.3 3.5
    endloop
  endfacet
  facet normal -0.0654041 -0.997859 -0
    outer loop
      vertex 10.4307 3.27177 3.5
      vertex 10 3.3 0
      vertex 10.4307 3.27177 0
    endloop
  endfacet
  facet normal -0.659285 0.751893 0
    outer loop
      vertex 12.3335 -2.33345 0
      vertex 12.0089 -2.61807 3.5
      vertex 12.3335 -2.33345 3.5
    endloop
  endfacet
  facet normal -0.659285 0.751893 0
    outer loop
      vertex 12.0089 -2.61807 3.5
      vertex 12.3335 -2.33345 0
      vertex 12.0089 -2.61807 0
    endloop
  endfacet
  facet normal -0.555571 0.831469 0
    outer loop
      vertex 12.0089 -2.61807 0
      vertex 11.65 -2.85788 3.5
      vertex 12.0089 -2.61807 3.5
    endloop
  endfacet
  facet normal -0.555571 0.831469 0
    outer loop
      vertex 11.65 -2.85788 3.5
      vertex 12.0089 -2.61807 0
      vertex 11.65 -2.85788 0
    endloop
  endfacet
  facet normal -0.751856 -0.659328 0
    outer loop
      vertex 12.6181 2.00891 0
      vertex 12.3335 2.33345 3.5
      vertex 12.3335 2.33345 0
    endloop
  endfacet
  facet normal -0.751856 -0.659328 0
    outer loop
      vertex 12.3335 2.33345 3.5
      vertex 12.6181 2.00891 0
      vertex 12.6181 2.00891 3.5
    endloop
  endfacet
  facet normal -0.659342 -0.751844 0
    outer loop
      vertex -3.96511 -7.31155 3.5
      vertex -3.79792 -7.45817 10.5
      vertex -3.96511 -7.31155 10.5
    endloop
  endfacet
  facet normal -0.659342 -0.751844 -0
    outer loop
      vertex -3.79792 -7.45817 10.5
      vertex -3.96511 -7.31155 3.5
      vertex -3.79792 -7.45817 3.5
    endloop
  endfacet
  facet normal -0.555572 -0.831469 0
    outer loop
      vertex -4.15 -7.18801 3.5
      vertex -3.96511 -7.31155 10.5
      vertex -4.15 -7.18801 10.5
    endloop
  endfacet
  facet normal -0.555572 -0.831469 -0
    outer loop
      vertex -3.96511 -7.31155 10.5
      vertex -4.15 -7.18801 3.5
      vertex -3.96511 -7.31155 3.5
    endloop
  endfacet
  facet normal 0.831469 -0.555572 0
    outer loop
      vertex -6.47224 -7.81025 10.5
      vertex -6.3487 -7.62536 3.5
      vertex -6.3487 -7.62536 10.5
    endloop
  endfacet
  facet normal 0.831469 -0.555572 0
    outer loop
      vertex -6.3487 -7.62536 3.5
      vertex -6.47224 -7.81025 10.5
      vertex -6.47224 -7.81025 3.5
    endloop
  endfacet
  facet normal -0.321525 0.946901 0
    outer loop
      vertex -4.34944 -10.2308 3.5
      vertex -4.56001 -10.3023 10.5
      vertex -4.34944 -10.2308 10.5
    endloop
  endfacet
  facet normal -0.321525 0.946901 0
    outer loop
      vertex -4.56001 -10.3023 10.5
      vertex -4.34944 -10.2308 3.5
      vertex -4.56001 -10.3023 3.5
    endloop
  endfacet
  facet normal 0.896869 0.442296 0
    outer loop
      vertex -6.47224 -9.51025 10.5
      vertex -6.57059 -9.31082 3.5
      vertex -6.57059 -9.31082 10.5
    endloop
  endfacet
  facet normal 0.896869 0.442296 0
    outer loop
      vertex -6.57059 -9.31082 3.5
      vertex -6.47224 -9.51025 10.5
      vertex -6.47224 -9.51025 3.5
    endloop
  endfacet
  facet normal 0.946929 -0.321444 0
    outer loop
      vertex -6.64207 -8.22026 10.5
      vertex -6.57059 -8.00969 3.5
      vertex -6.57059 -8.00969 10.5
    endloop
  endfacet
  facet normal 0.946929 -0.321444 0
    outer loop
      vertex -6.57059 -8.00969 3.5
      vertex -6.64207 -8.22026 10.5
      vertex -6.64207 -8.22026 3.5
    endloop
  endfacet
  facet normal -0.980779 -0.195122 0
    outer loop
      vertex -3.31454 -8.43836 3.5
      vertex -3.35793 -8.22026 10.5
      vertex -3.35793 -8.22026 3.5
    endloop
  endfacet
  facet normal -0.980779 -0.195122 0
    outer loop
      vertex -3.35793 -8.22026 10.5
      vertex -3.31454 -8.43836 3.5
      vertex -3.31454 -8.43836 10.5
    endloop
  endfacet
  facet normal -0.195078 -0.980788 0
    outer loop
      vertex -4.77811 -6.9748 3.5
      vertex -4.56001 -7.01818 10.5
      vertex -4.77811 -6.9748 10.5
    endloop
  endfacet
  facet normal -0.195078 -0.980788 -0
    outer loop
      vertex -4.56001 -7.01818 10.5
      vertex -4.77811 -6.9748 3.5
      vertex -4.56001 -7.01818 3.5
    endloop
  endfacet
  facet normal 0.195078 -0.980788 0
    outer loop
      vertex -5.43999 -7.01818 3.5
      vertex -5.22189 -6.9748 10.5
      vertex -5.43999 -7.01818 10.5
    endloop
  endfacet
  facet normal 0.195078 -0.980788 0
    outer loop
      vertex -5.22189 -6.9748 10.5
      vertex -5.43999 -7.01818 3.5
      vertex -5.22189 -6.9748 3.5
    endloop
  endfacet
  facet normal -0.946929 -0.321444 0
    outer loop
      vertex -3.35793 -8.22026 3.5
      vertex -3.42941 -8.00969 10.5
      vertex -3.42941 -8.00969 3.5
    endloop
  endfacet
  facet normal -0.946929 -0.321444 0
    outer loop
      vertex -3.42941 -8.00969 10.5
      vertex -3.35793 -8.22026 3.5
      vertex -3.35793 -8.22026 10.5
    endloop
  endfacet
  facet normal 0.751844 0.659342 0
    outer loop
      vertex -6.20208 -9.86234 10.5
      vertex -6.3487 -9.69515 3.5
      vertex -6.3487 -9.69515 10.5
    endloop
  endfacet
  facet normal 0.751844 0.659342 0
    outer loop
      vertex -6.3487 -9.69515 3.5
      vertex -6.20208 -9.86234 10.5
      vertex -6.20208 -9.86234 3.5
    endloop
  endfacet
  facet normal 0.659342 -0.751844 0
    outer loop
      vertex -6.20208 -7.45817 3.5
      vertex -6.03489 -7.31155 10.5
      vertex -6.20208 -7.45817 10.5
    endloop
  endfacet
  facet normal 0.659342 -0.751844 0
    outer loop
      vertex -6.03489 -7.31155 10.5
      vertex -6.20208 -7.45817 3.5
      vertex -6.03489 -7.31155 3.5
    endloop
  endfacet
  facet normal 0.896878 -0.442278 0
    outer loop
      vertex -6.57059 -8.00969 10.5
      vertex -6.47224 -7.81025 3.5
      vertex -6.47224 -7.81025 10.5
    endloop
  endfacet
  facet normal 0.896878 -0.442278 0
    outer loop
      vertex -6.47224 -7.81025 3.5
      vertex -6.57059 -8.00969 10.5
      vertex -6.57059 -8.00969 3.5
    endloop
  endfacet
  facet normal -0.659443 0.751754 0
    outer loop
      vertex -3.79792 -9.86234 3.5
      vertex -3.96511 -10.009 10.5
      vertex -3.79792 -9.86234 10.5
    endloop
  endfacet
  facet normal -0.659443 0.751754 0
    outer loop
      vertex -3.96511 -10.009 10.5
      vertex -3.79792 -9.86234 3.5
      vertex -3.96511 -10.009 3.5
    endloop
  endfacet
  facet normal -0.751844 -0.659342 0
    outer loop
      vertex -3.6513 -7.62536 3.5
      vertex -3.79792 -7.45817 10.5
      vertex -3.79792 -7.45817 3.5
    endloop
  endfacet
  facet normal -0.751844 -0.659342 0
    outer loop
      vertex -3.79792 -7.45817 10.5
      vertex -3.6513 -7.62536 3.5
      vertex -3.6513 -7.62536 10.5
    endloop
  endfacet
  facet normal -0.195165 0.98077 0
    outer loop
      vertex -4.56001 -10.3023 3.5
      vertex -4.77811 -10.3457 10.5
      vertex -4.56001 -10.3023 10.5
    endloop
  endfacet
  facet normal -0.195165 0.98077 0
    outer loop
      vertex -4.77811 -10.3457 10.5
      vertex -4.56001 -10.3023 3.5
      vertex -4.77811 -10.3457 3.5
    endloop
  endfacet
  facet normal 0.99786 -0.0653877 0
    outer loop
      vertex -6.7 -8.66025 10.5
      vertex -6.68546 -8.43836 3.5
      vertex -6.68546 -8.43836 10.5
    endloop
  endfacet
  facet normal 0.99786 -0.0653877 0
    outer loop
      vertex -6.68546 -8.43836 3.5
      vertex -6.7 -8.66025 10.5
      vertex -6.7 -8.66025 3.5
    endloop
  endfacet
  facet normal -0.831483 0.555551 0
    outer loop
      vertex -3.6513 -9.69515 3.5
      vertex -3.52776 -9.51025 10.5
      vertex -3.52776 -9.51025 3.5
    endloop
  endfacet
  facet normal -0.831483 0.555551 0
    outer loop
      vertex -3.52776 -9.51025 10.5
      vertex -3.6513 -9.69515 3.5
      vertex -3.6513 -9.69515 10.5
    endloop
  endfacet
  facet normal -0.0653877 -0.99786 0
    outer loop
      vertex -5 -6.96026 3.5
      vertex -4.77811 -6.9748 10.5
      vertex -5 -6.96026 10.5
    endloop
  endfacet
  facet normal -0.0653877 -0.99786 -0
    outer loop
      vertex -4.77811 -6.9748 10.5
      vertex -5 -6.96026 3.5
      vertex -4.77811 -6.9748 3.5
    endloop
  endfacet
  facet normal 0.442278 -0.896878 0
    outer loop
      vertex -5.85 -7.18801 3.5
      vertex -5.65056 -7.08966 10.5
      vertex -5.85 -7.18801 10.5
    endloop
  endfacet
  facet normal 0.442278 -0.896878 0
    outer loop
      vertex -5.65056 -7.08966 10.5
      vertex -5.85 -7.18801 3.5
      vertex -5.65056 -7.08966 3.5
    endloop
  endfacet
  facet normal 0.659443 0.751754 -0
    outer loop
      vertex -6.03489 -10.009 3.5
      vertex -6.20208 -9.86234 10.5
      vertex -6.03489 -10.009 10.5
    endloop
  endfacet
  facet normal 0.659443 0.751754 0
    outer loop
      vertex -6.20208 -9.86234 10.5
      vertex -6.03489 -10.009 3.5
      vertex -6.20208 -9.86234 3.5
    endloop
  endfacet
  facet normal -0.946929 0.321444 0
    outer loop
      vertex -3.42941 -9.31082 3.5
      vertex -3.35793 -9.10025 10.5
      vertex -3.35793 -9.10025 3.5
    endloop
  endfacet
  facet normal -0.946929 0.321444 0
    outer loop
      vertex -3.35793 -9.10025 10.5
      vertex -3.42941 -9.31082 3.5
      vertex -3.42941 -9.31082 10.5
    endloop
  endfacet
  facet normal -0.896878 -0.442278 0
    outer loop
      vertex -3.42941 -8.00969 3.5
      vertex -3.52776 -7.81025 10.5
      vertex -3.52776 -7.81025 3.5
    endloop
  endfacet
  facet normal -0.896878 -0.442278 0
    outer loop
      vertex -3.52776 -7.81025 10.5
      vertex -3.42941 -8.00969 3.5
      vertex -3.42941 -8.00969 10.5
    endloop
  endfacet
  facet normal -0.442278 -0.896878 0
    outer loop
      vertex -4.34944 -7.08966 3.5
      vertex -4.15 -7.18801 10.5
      vertex -4.34944 -7.08966 10.5
    endloop
  endfacet
  facet normal -0.442278 -0.896878 -0
    outer loop
      vertex -4.15 -7.18801 10.5
      vertex -4.34944 -7.08966 3.5
      vertex -4.15 -7.18801 3.5
    endloop
  endfacet
  facet normal -0.980779 0.195122 0
    outer loop
      vertex -3.35793 -9.10025 3.5
      vertex -3.31454 -8.88215 10.5
      vertex -3.31454 -8.88215 3.5
    endloop
  endfacet
  facet normal -0.980779 0.195122 0
    outer loop
      vertex -3.31454 -8.88215 10.5
      vertex -3.35793 -9.10025 3.5
      vertex -3.35793 -9.10025 10.5
    endloop
  endfacet
  facet normal -0.99786 -0.0653877 0
    outer loop
      vertex -3.3 -8.66025 3.5
      vertex -3.31454 -8.43836 10.5
      vertex -3.31454 -8.43836 3.5
    endloop
  endfacet
  facet normal -0.99786 -0.0653877 0
    outer loop
      vertex -3.31454 -8.43836 10.5
      vertex -3.3 -8.66025 3.5
      vertex -3.3 -8.66025 10.5
    endloop
  endfacet
  facet normal -0.751844 0.659342 0
    outer loop
      vertex -3.79792 -9.86234 3.5
      vertex -3.6513 -9.69515 10.5
      vertex -3.6513 -9.69515 3.5
    endloop
  endfacet
  facet normal -0.751844 0.659342 0
    outer loop
      vertex -3.6513 -9.69515 10.5
      vertex -3.79792 -9.86234 3.5
      vertex -3.79792 -9.86234 10.5
    endloop
  endfacet
  facet normal 0.321444 -0.946929 0
    outer loop
      vertex -5.65056 -7.08966 3.5
      vertex -5.43999 -7.01818 10.5
      vertex -5.65056 -7.08966 10.5
    endloop
  endfacet
  facet normal 0.321444 -0.946929 0
    outer loop
      vertex -5.43999 -7.01818 10.5
      vertex -5.65056 -7.08966 3.5
      vertex -5.43999 -7.01818 3.5
    endloop
  endfacet
  facet normal 0.0656564 0.997842 -0
    outer loop
      vertex -5 -10.3603 3.5
      vertex -5.22189 -10.3457 10.5
      vertex -5 -10.3603 10.5
    endloop
  endfacet
  facet normal 0.0656564 0.997842 0
    outer loop
      vertex -5.22189 -10.3457 10.5
      vertex -5 -10.3603 3.5
      vertex -5.22189 -10.3457 3.5
    endloop
  endfacet
  facet normal -0.321444 -0.946929 0
    outer loop
      vertex -4.56001 -7.01818 3.5
      vertex -4.34944 -7.08966 10.5
      vertex -4.56001 -7.01818 10.5
    endloop
  endfacet
  facet normal -0.321444 -0.946929 -0
    outer loop
      vertex -4.34944 -7.08966 10.5
      vertex -4.56001 -7.01818 3.5
      vertex -4.34944 -7.08966 3.5
    endloop
  endfacet
  facet normal 0.751844 -0.659342 0
    outer loop
      vertex -6.3487 -7.62536 10.5
      vertex -6.20208 -7.45817 3.5
      vertex -6.20208 -7.45817 10.5
    endloop
  endfacet
  facet normal 0.751844 -0.659342 0
    outer loop
      vertex -6.20208 -7.45817 3.5
      vertex -6.3487 -7.62536 10.5
      vertex -6.3487 -7.62536 3.5
    endloop
  endfacet
  facet normal 0.980779 0.195122 0
    outer loop
      vertex -6.64207 -9.10025 10.5
      vertex -6.68546 -8.88215 3.5
      vertex -6.68546 -8.88215 10.5
    endloop
  endfacet
  facet normal 0.980779 0.195122 0
    outer loop
      vertex -6.68546 -8.88215 3.5
      vertex -6.64207 -9.10025 10.5
      vertex -6.64207 -9.10025 3.5
    endloop
  endfacet
  facet normal 0.946929 0.321444 0
    outer loop
      vertex -6.57059 -9.31082 10.5
      vertex -6.64207 -9.10025 3.5
      vertex -6.64207 -9.10025 10.5
    endloop
  endfacet
  facet normal 0.946929 0.321444 0
    outer loop
      vertex -6.64207 -9.10025 3.5
      vertex -6.57059 -9.31082 10.5
      vertex -6.57059 -9.31082 3.5
    endloop
  endfacet
  facet normal -0.896869 0.442296 0
    outer loop
      vertex -3.52776 -9.51025 3.5
      vertex -3.42941 -9.31082 10.5
      vertex -3.42941 -9.31082 3.5
    endloop
  endfacet
  facet normal -0.896869 0.442296 0
    outer loop
      vertex -3.42941 -9.31082 10.5
      vertex -3.52776 -9.51025 3.5
      vertex -3.52776 -9.51025 10.5
    endloop
  endfacet
  facet normal -0.99786 0.0653848 0
    outer loop
      vertex -3.31454 -8.88215 3.5
      vertex -3.3 -8.66025 10.5
      vertex -3.3 -8.66025 3.5
    endloop
  endfacet
  facet normal -0.99786 0.0653848 0
    outer loop
      vertex -3.3 -8.66025 10.5
      vertex -3.31454 -8.88215 3.5
      vertex -3.31454 -8.88215 10.5
    endloop
  endfacet
  facet normal 0.0653877 -0.99786 0
    outer loop
      vertex -5.22189 -6.9748 3.5
      vertex -5 -6.96026 10.5
      vertex -5.22189 -6.9748 10.5
    endloop
  endfacet
  facet normal 0.0653877 -0.99786 0
    outer loop
      vertex -5 -6.96026 10.5
      vertex -5.22189 -6.9748 3.5
      vertex -5 -6.96026 3.5
    endloop
  endfacet
  facet normal 0.555447 0.831552 -0
    outer loop
      vertex -5.85 -10.1325 3.5
      vertex -6.03489 -10.009 10.5
      vertex -5.85 -10.1325 10.5
    endloop
  endfacet
  facet normal 0.555447 0.831552 0
    outer loop
      vertex -6.03489 -10.009 10.5
      vertex -5.85 -10.1325 3.5
      vertex -6.03489 -10.009 3.5
    endloop
  endfacet
  facet normal 0.555572 -0.831469 0
    outer loop
      vertex -6.03489 -7.31155 3.5
      vertex -5.85 -7.18801 10.5
      vertex -6.03489 -7.31155 10.5
    endloop
  endfacet
  facet normal 0.555572 -0.831469 0
    outer loop
      vertex -5.85 -7.18801 10.5
      vertex -6.03489 -7.31155 3.5
      vertex -5.85 -7.18801 3.5
    endloop
  endfacet
  facet normal 0.321525 0.946901 -0
    outer loop
      vertex -5.43999 -10.3023 3.5
      vertex -5.65056 -10.2308 10.5
      vertex -5.43999 -10.3023 10.5
    endloop
  endfacet
  facet normal 0.321525 0.946901 0
    outer loop
      vertex -5.65056 -10.2308 10.5
      vertex -5.43999 -10.3023 3.5
      vertex -5.65056 -10.2308 3.5
    endloop
  endfacet
  facet normal 0.831483 0.555551 0
    outer loop
      vertex -6.3487 -9.69515 10.5
      vertex -6.47224 -9.51025 3.5
      vertex -6.47224 -9.51025 10.5
    endloop
  endfacet
  facet normal 0.831483 0.555551 0
    outer loop
      vertex -6.47224 -9.51025 3.5
      vertex -6.3487 -9.69515 10.5
      vertex -6.3487 -9.69515 3.5
    endloop
  endfacet
  facet normal 0.195165 0.98077 -0
    outer loop
      vertex -5.22189 -10.3457 3.5
      vertex -5.43999 -10.3023 10.5
      vertex -5.22189 -10.3457 10.5
    endloop
  endfacet
  facet normal 0.195165 0.98077 0
    outer loop
      vertex -5.43999 -10.3023 10.5
      vertex -5.22189 -10.3457 3.5
      vertex -5.43999 -10.3023 3.5
    endloop
  endfacet
  facet normal -0.442097 0.896967 0
    outer loop
      vertex -4.15 -10.1325 3.5
      vertex -4.34944 -10.2308 10.5
      vertex -4.15 -10.1325 10.5
    endloop
  endfacet
  facet normal -0.442097 0.896967 0
    outer loop
      vertex -4.34944 -10.2308 10.5
      vertex -4.15 -10.1325 3.5
      vertex -4.34944 -10.2308 3.5
    endloop
  endfacet
  facet normal -0.831469 -0.555572 0
    outer loop
      vertex -3.52776 -7.81025 3.5
      vertex -3.6513 -7.62536 10.5
      vertex -3.6513 -7.62536 3.5
    endloop
  endfacet
  facet normal -0.831469 -0.555572 0
    outer loop
      vertex -3.6513 -7.62536 10.5
      vertex -3.52776 -7.81025 3.5
      vertex -3.52776 -7.81025 10.5
    endloop
  endfacet
  facet normal 0.442097 0.896967 -0
    outer loop
      vertex -5.65056 -10.2308 3.5
      vertex -5.85 -10.1325 10.5
      vertex -5.65056 -10.2308 10.5
    endloop
  endfacet
  facet normal 0.442097 0.896967 0
    outer loop
      vertex -5.85 -10.1325 10.5
      vertex -5.65056 -10.2308 3.5
      vertex -5.85 -10.1325 3.5
    endloop
  endfacet
  facet normal 0.980779 -0.195122 0
    outer loop
      vertex -6.68546 -8.43836 10.5
      vertex -6.64207 -8.22026 3.5
      vertex -6.64207 -8.22026 10.5
    endloop
  endfacet
  facet normal 0.980779 -0.195122 0
    outer loop
      vertex -6.64207 -8.22026 3.5
      vertex -6.68546 -8.43836 10.5
      vertex -6.68546 -8.43836 3.5
    endloop
  endfacet
  facet normal -0.555447 0.831552 0
    outer loop
      vertex -3.96511 -10.009 3.5
      vertex -4.15 -10.1325 10.5
      vertex -3.96511 -10.009 10.5
    endloop
  endfacet
  facet normal -0.555447 0.831552 0
    outer loop
      vertex -4.15 -10.1325 10.5
      vertex -3.96511 -10.009 3.5
      vertex -4.15 -10.1325 3.5
    endloop
  endfacet
  facet normal -0.0656564 0.997842 0
    outer loop
      vertex -4.77811 -10.3457 3.5
      vertex -5 -10.3603 10.5
      vertex -4.77811 -10.3457 10.5
    endloop
  endfacet
  facet normal -0.0656564 0.997842 0
    outer loop
      vertex -5 -10.3603 10.5
      vertex -4.77811 -10.3457 3.5
      vertex -5 -10.3603 3.5
    endloop
  endfacet
  facet normal 0.99786 0.0653848 0
    outer loop
      vertex -6.68546 -8.88215 10.5
      vertex -6.7 -8.66025 3.5
      vertex -6.7 -8.66025 10.5
    endloop
  endfacet
  facet normal 0.99786 0.0653848 0
    outer loop
      vertex -6.7 -8.66025 3.5
      vertex -6.68546 -8.88215 10.5
      vertex -6.68546 -8.88215 3.5
    endloop
  endfacet
  facet normal -0.659341 -0.751844 0
    outer loop
      vertex -2.99109 -6.04219 0
      vertex -2.66655 -6.3268 3.5
      vertex -2.99109 -6.04219 3.5
    endloop
  endfacet
  facet normal -0.659341 -0.751844 -0
    outer loop
      vertex -2.66655 -6.3268 3.5
      vertex -2.99109 -6.04219 0
      vertex -2.66655 -6.3268 0
    endloop
  endfacet
  facet normal -0.555577 -0.831465 0
    outer loop
      vertex -3.35 -5.80237 0
      vertex -2.99109 -6.04219 3.5
      vertex -3.35 -5.80237 3.5
    endloop
  endfacet
  facet normal -0.555577 -0.831465 -0
    outer loop
      vertex -2.99109 -6.04219 3.5
      vertex -3.35 -5.80237 0
      vertex -2.99109 -6.04219 0
    endloop
  endfacet
  facet normal -0.751833 -0.659354 0
    outer loop
      vertex -2.38193 -6.65134 0
      vertex -2.66655 -6.3268 3.5
      vertex -2.66655 -6.3268 0
    endloop
  endfacet
  facet normal -0.751833 -0.659354 0
    outer loop
      vertex -2.66655 -6.3268 3.5
      vertex -2.38193 -6.65134 0
      vertex -2.38193 -6.65134 3.5
    endloop
  endfacet
  facet normal -0.0654211 -0.997858 0
    outer loop
      vertex -5 -5.36025 0
      vertex -4.56926 -5.38849 3.5
      vertex -5 -5.36025 3.5
    endloop
  endfacet
  facet normal -0.0654211 -0.997858 -0
    outer loop
      vertex -4.56926 -5.38849 3.5
      vertex -5 -5.36025 0
      vertex -4.56926 -5.38849 0
    endloop
  endfacet
  facet normal -0.896892 0.44225 0
    outer loop
      vertex -2.14212 -10.3103 0
      vertex -1.9512 -9.92311 3.5
      vertex -1.9512 -9.92311 0
    endloop
  endfacet
  facet normal -0.896892 0.44225 0
    outer loop
      vertex -1.9512 -9.92311 3.5
      vertex -2.14212 -10.3103 0
      vertex -2.14212 -10.3103 3.5
    endloop
  endfacet
  facet normal 0.0655595 0.997849 -0
    outer loop
      vertex -5 -11.9603 0
      vertex -5.43074 -11.932 3.5
      vertex -5 -11.9603 3.5
    endloop
  endfacet
  facet normal 0.0655595 0.997849 0
    outer loop
      vertex -5.43074 -11.932 3.5
      vertex -5 -11.9603 0
      vertex -5.43074 -11.932 0
    endloop
  endfacet
  facet normal -0.980782 0.195105 0
    outer loop
      vertex -1.81245 -9.51436 0
      vertex -1.72823 -9.09099 3.5
      vertex -1.72823 -9.09099 0
    endloop
  endfacet
  facet normal -0.980782 0.195105 0
    outer loop
      vertex -1.72823 -9.09099 3.5
      vertex -1.81245 -9.51436 0
      vertex -1.81245 -9.51436 3.5
    endloop
  endfacet
  facet normal -0.321428 -0.946934 0
    outer loop
      vertex -4.1459 -5.4727 0
      vertex -3.73714 -5.61145 3.5
      vertex -4.1459 -5.4727 3.5
    endloop
  endfacet
  facet normal -0.321428 -0.946934 -0
    outer loop
      vertex -3.73714 -5.61145 3.5
      vertex -4.1459 -5.4727 0
      vertex -3.73714 -5.61145 0
    endloop
  endfacet
  facet normal -0.997859 -0.0653996 0
    outer loop
      vertex -1.7 -8.66025 0
      vertex -1.72823 -8.22952 3.5
      vertex -1.72823 -8.22952 0
    endloop
  endfacet
  facet normal -0.997859 -0.0653996 0
    outer loop
      vertex -1.72823 -8.22952 3.5
      vertex -1.7 -8.66025 0
      vertex -1.7 -8.66025 3.5
    endloop
  endfacet
  facet normal 0.659328 0.751856 -0
    outer loop
      vertex -7.00891 -11.2783 0
      vertex -7.33345 -10.9937 3.5
      vertex -7.00891 -11.2783 3.5
    endloop
  endfacet
  facet normal 0.659328 0.751856 0
    outer loop
      vertex -7.33345 -10.9937 3.5
      vertex -7.00891 -11.2783 0
      vertex -7.33345 -10.9937 0
    endloop
  endfacet
  facet normal 0.831469 0.555571 0
    outer loop
      vertex -7.61807 -10.6692 3.5
      vertex -7.85788 -10.3103 0
      vertex -7.85788 -10.3103 3.5
    endloop
  endfacet
  facet normal 0.831469 0.555571 0
    outer loop
      vertex -7.85788 -10.3103 0
      vertex -7.61807 -10.6692 3.5
      vertex -7.61807 -10.6692 0
    endloop
  endfacet
  facet normal 0.659341 -0.751844 0
    outer loop
      vertex -7.33345 -6.3268 0
      vertex -7.00891 -6.04219 3.5
      vertex -7.33345 -6.3268 3.5
    endloop
  endfacet
  facet normal 0.659341 -0.751844 0
    outer loop
      vertex -7.00891 -6.04219 3.5
      vertex -7.33345 -6.3268 0
      vertex -7.00891 -6.04219 0
    endloop
  endfacet
  facet normal -0.831476 -0.555561 0
    outer loop
      vertex -2.14212 -7.01025 0
      vertex -2.38193 -6.65134 3.5
      vertex -2.38193 -6.65134 0
    endloop
  endfacet
  facet normal -0.831476 -0.555561 0
    outer loop
      vertex -2.38193 -6.65134 3.5
      vertex -2.14212 -7.01025 0
      vertex -2.14212 -7.01025 3.5
    endloop
  endfacet
  facet normal -0.751793 0.6594 0
    outer loop
      vertex -2.66655 -10.9937 0
      vertex -2.38193 -10.6692 3.5
      vertex -2.38193 -10.6692 0
    endloop
  endfacet
  facet normal -0.751793 0.6594 0
    outer loop
      vertex -2.38193 -10.6692 3.5
      vertex -2.66655 -10.9937 0
      vertex -2.66655 -10.9937 3.5
    endloop
  endfacet
  facet normal 0.980782 -0.195105 0
    outer loop
      vertex -8.27177 -8.22952 3.5
      vertex -8.18755 -7.80615 0
      vertex -8.18755 -7.80615 3.5
    endloop
  endfacet
  facet normal 0.980782 -0.195105 0
    outer loop
      vertex -8.18755 -7.80615 0
      vertex -8.27177 -8.22952 3.5
      vertex -8.27177 -8.22952 0
    endloop
  endfacet
  facet normal -0.195087 -0.980786 0
    outer loop
      vertex -4.56926 -5.38849 0
      vertex -4.1459 -5.4727 3.5
      vertex -4.56926 -5.38849 3.5
    endloop
  endfacet
  facet normal -0.195087 -0.980786 -0
    outer loop
      vertex -4.1459 -5.4727 3.5
      vertex -4.56926 -5.38849 0
      vertex -4.1459 -5.4727 0
    endloop
  endfacet
  facet normal 0.831476 -0.555561 0
    outer loop
      vertex -7.85788 -7.01025 3.5
      vertex -7.61807 -6.65134 0
      vertex -7.61807 -6.65134 3.5
    endloop
  endfacet
  facet normal 0.831476 -0.555561 0
    outer loop
      vertex -7.61807 -6.65134 0
      vertex -7.85788 -7.01025 3.5
      vertex -7.85788 -7.01025 0
    endloop
  endfacet
  facet normal 0.442296 -0.896869 0
    outer loop
      vertex -6.65 -5.80237 0
      vertex -6.26286 -5.61145 3.5
      vertex -6.65 -5.80237 3.5
    endloop
  endfacet
  facet normal 0.442296 -0.896869 0
    outer loop
      vertex -6.26286 -5.61145 3.5
      vertex -6.65 -5.80237 0
      vertex -6.26286 -5.61145 0
    endloop
  endfacet
  facet normal -0.659328 0.751856 0
    outer loop
      vertex -2.66655 -10.9937 0
      vertex -2.99109 -11.2783 3.5
      vertex -2.66655 -10.9937 3.5
    endloop
  endfacet
  facet normal -0.659328 0.751856 0
    outer loop
      vertex -2.99109 -11.2783 3.5
      vertex -2.66655 -10.9937 0
      vertex -2.99109 -11.2783 0
    endloop
  endfacet
  facet normal -0.896874 -0.442286 0
    outer loop
      vertex -1.9512 -7.3974 0
      vertex -2.14212 -7.01025 3.5
      vertex -2.14212 -7.01025 0
    endloop
  endfacet
  facet normal -0.896874 -0.442286 0
    outer loop
      vertex -2.14212 -7.01025 3.5
      vertex -1.9512 -7.3974 0
      vertex -1.9512 -7.3974 3.5
    endloop
  endfacet
  facet normal 0.751833 -0.659354 0
    outer loop
      vertex -7.61807 -6.65134 3.5
      vertex -7.33345 -6.3268 0
      vertex -7.33345 -6.3268 3.5
    endloop
  endfacet
  facet normal 0.751833 -0.659354 0
    outer loop
      vertex -7.33345 -6.3268 0
      vertex -7.61807 -6.65134 3.5
      vertex -7.61807 -6.65134 0
    endloop
  endfacet
  facet normal 0.896892 0.44225 0
    outer loop
      vertex -7.85788 -10.3103 3.5
      vertex -8.0488 -9.92311 0
      vertex -8.0488 -9.92311 3.5
    endloop
  endfacet
  facet normal 0.896892 0.44225 0
    outer loop
      vertex -8.0488 -9.92311 0
      vertex -7.85788 -10.3103 3.5
      vertex -7.85788 -10.3103 0
    endloop
  endfacet
  facet normal -0.980787 -0.195082 0
    outer loop
      vertex -1.72823 -8.22952 0
      vertex -1.81244 -7.80615 3.5
      vertex -1.81244 -7.80615 0
    endloop
  endfacet
  facet normal -0.980787 -0.195082 0
    outer loop
      vertex -1.81244 -7.80615 3.5
      vertex -1.72823 -8.22952 0
      vertex -1.72823 -8.22952 3.5
    endloop
  endfacet
  facet normal 0.195065 0.98079 -0
    outer loop
      vertex -5.43074 -11.932 0
      vertex -5.8541 -11.8478 3.5
      vertex -5.43074 -11.932 3.5
    endloop
  endfacet
  facet normal 0.195065 0.98079 0
    outer loop
      vertex -5.8541 -11.8478 3.5
      vertex -5.43074 -11.932 0
      vertex -5.8541 -11.8478 0
    endloop
  endfacet
  facet normal -0.555545 0.831487 0
    outer loop
      vertex -2.99109 -11.2783 0
      vertex -3.35 -11.5181 3.5
      vertex -2.99109 -11.2783 3.5
    endloop
  endfacet
  facet normal -0.555545 0.831487 0
    outer loop
      vertex -3.35 -11.5181 3.5
      vertex -2.99109 -11.2783 0
      vertex -3.35 -11.5181 0
    endloop
  endfacet
  facet normal 0.0654211 -0.997858 0
    outer loop
      vertex -5.43074 -5.38849 0
      vertex -5 -5.36025 3.5
      vertex -5.43074 -5.38849 3.5
    endloop
  endfacet
  facet normal 0.0654211 -0.997858 0
    outer loop
      vertex -5 -5.36025 3.5
      vertex -5.43074 -5.38849 0
      vertex -5 -5.36025 0
    endloop
  endfacet
  facet normal 0 0 -1
    outer loop
      vertex -3.3 -8.66025 3.5
      vertex -1.7 -8.66025 3.5
      vertex -1.72823 -9.09099 3.5
    endloop
  endfacet
  facet normal 0 0 -1
    outer loop
      vertex -1.7 -8.66025 3.5
      vertex -3.3 -8.66025 3.5
      vertex -1.72823 -8.22952 3.5
    endloop
  endfacet
  facet normal 0 0 -1
    outer loop
      vertex -3.31454 -8.88215 3.5
      vertex -1.72823 -9.09099 3.5
      vertex -1.81245 -9.51436 3.5
    endloop
  endfacet
  facet normal 0 0 -1
    outer loop
      vertex -3.31454 -8.43836 3.5
      vertex -1.72823 -8.22952 3.5
      vertex -3.3 -8.66025 3.5
    endloop
  endfacet
  facet normal 0 0 -1
    outer loop
      vertex -3.35793 -9.10025 3.5
      vertex -1.81245 -9.51436 3.5
      vertex -1.9512 -9.92311 3.5
    endloop
  endfacet
  facet normal 0 0 -1
    outer loop
      vertex -3.42941 -9.31082 3.5
      vertex -1.9512 -9.92311 3.5
      vertex -2.14212 -10.3103 3.5
    endloop
  endfacet
  facet normal -0 0 -1
    outer loop
      vertex -1.72823 -8.22952 3.5
      vertex -3.31454 -8.43836 3.5
      vertex -1.81244 -7.80615 3.5
    endloop
  endfacet
  facet normal 0 0 -1
    outer loop
      vertex -3.52776 -9.51025 3.5
      vertex -2.14212 -10.3103 3.5
      vertex -2.38193 -10.6692 3.5
    endloop
  endfacet
  facet normal 0 0 -1
    outer loop
      vertex -3.35793 -8.22026 3.5
      vertex -1.81244 -7.80615 3.5
      vertex -3.31454 -8.43836 3.5
    endloop
  endfacet
  facet normal 0 0 -1
    outer loop
      vertex -3.6513 -9.69515 3.5
      vertex -2.38193 -10.6692 3.5
      vertex -2.66655 -10.9937 3.5
    endloop
  endfacet
  facet normal -0 0 -1
    outer loop
      vertex -1.81244 -7.80615 3.5
      vertex -3.35793 -8.22026 3.5
      vertex -1.9512 -7.3974 3.5
    endloop
  endfacet
  facet normal 0 0 -1
    outer loop
      vertex -3.79792 -9.86234 3.5
      vertex -2.66655 -10.9937 3.5
      vertex -2.99109 -11.2783 3.5
    endloop
  endfacet
  facet normal 0 0 -1
    outer loop
      vertex -3.42941 -8.00969 3.5
      vertex -1.9512 -7.3974 3.5
      vertex -3.35793 -8.22026 3.5
    endloop
  endfacet
  facet normal -0 0 -1
    outer loop
      vertex -1.9512 -7.3974 3.5
      vertex -3.42941 -8.00969 3.5
      vertex -2.14212 -7.01025 3.5
    endloop
  endfacet
  facet normal 0 0 -1
    outer loop
      vertex -1.72823 -9.09099 3.5
      vertex -3.31454 -8.88215 3.5
      vertex -3.3 -8.66025 3.5
    endloop
  endfacet
  facet normal 0 0 -1
    outer loop
      vertex -3.96511 -10.009 3.5
      vertex -2.99109 -11.2783 3.5
      vertex -3.35 -11.5181 3.5
    endloop
  endfacet
  facet normal 0 0 -1
    outer loop
      vertex -1.81245 -9.51436 3.5
      vertex -3.35793 -9.10025 3.5
      vertex -3.31454 -8.88215 3.5
    endloop
  endfacet
  facet normal 0 0 -1
    outer loop
      vertex -1.9512 -9.92311 3.5
      vertex -3.42941 -9.31082 3.5
      vertex -3.35793 -9.10025 3.5
    endloop
  endfacet
  facet normal 0 0 -1
    outer loop
      vertex -2.14212 -10.3103 3.5
      vertex -3.52776 -9.51025 3.5
      vertex -3.42941 -9.31082 3.5
    endloop
  endfacet
  facet normal 0 0 -1
    outer loop
      vertex -2.38193 -10.6692 3.5
      vertex -3.6513 -9.69515 3.5
      vertex -3.52776 -9.51025 3.5
    endloop
  endfacet
  facet normal 0 0 -1
    outer loop
      vertex -4.15 -10.1325 3.5
      vertex -3.35 -11.5181 3.5
      vertex -3.73714 -11.7091 3.5
    endloop
  endfacet
  facet normal 0 0 -1
    outer loop
      vertex -2.66655 -10.9937 3.5
      vertex -3.79792 -9.86234 3.5
      vertex -3.6513 -9.69515 3.5
    endloop
  endfacet
  facet normal 0 0 -1
    outer loop
      vertex -2.99109 -11.2783 3.5
      vertex -3.96511 -10.009 3.5
      vertex -3.79792 -9.86234 3.5
    endloop
  endfacet
  facet normal 0 0 -1
    outer loop
      vertex -4.34944 -10.2308 3.5
      vertex -3.73714 -11.7091 3.5
      vertex -4.1459 -11.8478 3.5
    endloop
  endfacet
  facet normal 0 0 -1
    outer loop
      vertex -3.35 -11.5181 3.5
      vertex -4.15 -10.1325 3.5
      vertex -3.96511 -10.009 3.5
    endloop
  endfacet
  facet normal 0 0 -1
    outer loop
      vertex -3.73714 -11.7091 3.5
      vertex -4.34944 -10.2308 3.5
      vertex -4.15 -10.1325 3.5
    endloop
  endfacet
  facet normal 0 0 -1
    outer loop
      vertex -4.1459 -11.8478 3.5
      vertex -4.56001 -10.3023 3.5
      vertex -4.34944 -10.2308 3.5
    endloop
  endfacet
  facet normal 0 0 -1
    outer loop
      vertex -4.56926 -11.932 3.5
      vertex -4.56001 -10.3023 3.5
      vertex -4.1459 -11.8478 3.5
    endloop
  endfacet
  facet normal 0 0 -1
    outer loop
      vertex -4.56926 -11.932 3.5
      vertex -4.77811 -10.3457 3.5
      vertex -4.56001 -10.3023 3.5
    endloop
  endfacet
  facet normal 0 0 -1
    outer loop
      vertex -5 -11.9603 3.5
      vertex -4.77811 -10.3457 3.5
      vertex -4.56926 -11.932 3.5
    endloop
  endfacet
  facet normal 0 0 -1
    outer loop
      vertex -5 -11.9603 3.5
      vertex -5 -10.3603 3.5
      vertex -4.77811 -10.3457 3.5
    endloop
  endfacet
  facet normal 0 0 -1
    outer loop
      vertex -5 -11.9603 3.5
      vertex -5.22189 -10.3457 3.5
      vertex -5 -10.3603 3.5
    endloop
  endfacet
  facet normal 0 0 -1
    outer loop
      vertex -5.43074 -11.932 3.5
      vertex -5.22189 -10.3457 3.5
      vertex -5 -11.9603 3.5
    endloop
  endfacet
  facet normal 0 0 -1
    outer loop
      vertex -5.43074 -11.932 3.5
      vertex -5.43999 -10.3023 3.5
      vertex -5.22189 -10.3457 3.5
    endloop
  endfacet
  facet normal 0 0 -1
    outer loop
      vertex -5.8541 -11.8478 3.5
      vertex -5.43999 -10.3023 3.5
      vertex -5.43074 -11.932 3.5
    endloop
  endfacet
  facet normal -0 0 -1
    outer loop
      vertex -5.43999 -10.3023 3.5
      vertex -5.8541 -11.8478 3.5
      vertex -5.65056 -10.2308 3.5
    endloop
  endfacet
  facet normal 0 0 -1
    outer loop
      vertex -6.26286 -11.7091 3.5
      vertex -5.65056 -10.2308 3.5
      vertex -5.8541 -11.8478 3.5
    endloop
  endfacet
  facet normal -0 0 -1
    outer loop
      vertex -5.65056 -10.2308 3.5
      vertex -6.26286 -11.7091 3.5
      vertex -5.85 -10.1325 3.5
    endloop
  endfacet
  facet normal 0 0 -1
    outer loop
      vertex -6.65 -11.5181 3.5
      vertex -5.85 -10.1325 3.5
      vertex -6.26286 -11.7091 3.5
    endloop
  endfacet
  facet normal -0 0 -1
    outer loop
      vertex -5.85 -10.1325 3.5
      vertex -6.65 -11.5181 3.5
      vertex -6.03489 -10.009 3.5
    endloop
  endfacet
  facet normal 0 0 -1
    outer loop
      vertex -7.00891 -11.2783 3.5
      vertex -6.03489 -10.009 3.5
      vertex -6.65 -11.5181 3.5
    endloop
  endfacet
  facet normal -0 0 -1
    outer loop
      vertex -6.03489 -10.009 3.5
      vertex -7.00891 -11.2783 3.5
      vertex -6.20208 -9.86234 3.5
    endloop
  endfacet
  facet normal 0 0 -1
    outer loop
      vertex -7.33345 -10.9937 3.5
      vertex -6.20208 -9.86234 3.5
      vertex -7.00891 -11.2783 3.5
    endloop
  endfacet
  facet normal -0 0 -1
    outer loop
      vertex -6.20208 -9.86234 3.5
      vertex -7.33345 -10.9937 3.5
      vertex -6.3487 -9.69515 3.5
    endloop
  endfacet
  facet normal 0 0 -1
    outer loop
      vertex -7.61807 -10.6692 3.5
      vertex -6.3487 -9.69515 3.5
      vertex -7.33345 -10.9937 3.5
    endloop
  endfacet
  facet normal -0 0 -1
    outer loop
      vertex -6.3487 -9.69515 3.5
      vertex -7.61807 -10.6692 3.5
      vertex -6.47224 -9.51025 3.5
    endloop
  endfacet
  facet normal 0 0 -1
    outer loop
      vertex -7.85788 -10.3103 3.5
      vertex -6.47224 -9.51025 3.5
      vertex -7.61807 -10.6692 3.5
    endloop
  endfacet
  facet normal -0 0 -1
    outer loop
      vertex -6.47224 -9.51025 3.5
      vertex -7.85788 -10.3103 3.5
      vertex -6.57059 -9.31082 3.5
    endloop
  endfacet
  facet normal 0 0 -1
    outer loop
      vertex -3.52776 -7.81025 3.5
      vertex -2.14212 -7.01025 3.5
      vertex -3.42941 -8.00969 3.5
    endloop
  endfacet
  facet normal -0 0 -1
    outer loop
      vertex -2.14212 -7.01025 3.5
      vertex -3.52776 -7.81025 3.5
      vertex -2.38193 -6.65134 3.5
    endloop
  endfacet
  facet normal 0 0 -1
    outer loop
      vertex -3.6513 -7.62536 3.5
      vertex -2.38193 -6.65134 3.5
      vertex -3.52776 -7.81025 3.5
    endloop
  endfacet
  facet normal -0 0 -1
    outer loop
      vertex -2.38193 -6.65134 3.5
      vertex -3.6513 -7.62536 3.5
      vertex -2.66655 -6.3268 3.5
    endloop
  endfacet
  facet normal 0 0 -1
    outer loop
      vertex -3.79792 -7.45817 3.5
      vertex -2.66655 -6.3268 3.5
      vertex -3.6513 -7.62536 3.5
    endloop
  endfacet
  facet normal -0 0 -1
    outer loop
      vertex -2.66655 -6.3268 3.5
      vertex -3.79792 -7.45817 3.5
      vertex -2.99109 -6.04219 3.5
    endloop
  endfacet
  facet normal 0 0 -1
    outer loop
      vertex -3.96511 -7.31155 3.5
      vertex -2.99109 -6.04219 3.5
      vertex -3.79792 -7.45817 3.5
    endloop
  endfacet
  facet normal -0 0 -1
    outer loop
      vertex -2.99109 -6.04219 3.5
      vertex -3.96511 -7.31155 3.5
      vertex -3.35 -5.80237 3.5
    endloop
  endfacet
  facet normal 0 0 -1
    outer loop
      vertex -4.15 -7.18801 3.5
      vertex -3.35 -5.80237 3.5
      vertex -3.96511 -7.31155 3.5
    endloop
  endfacet
  facet normal -0 0 -1
    outer loop
      vertex -3.35 -5.80237 3.5
      vertex -4.15 -7.18801 3.5
      vertex -3.73714 -5.61145 3.5
    endloop
  endfacet
  facet normal 0 0 -1
    outer loop
      vertex -4.34944 -7.08966 3.5
      vertex -3.73714 -5.61145 3.5
      vertex -4.15 -7.18801 3.5
    endloop
  endfacet
  facet normal -0 0 -1
    outer loop
      vertex -3.73714 -5.61145 3.5
      vertex -4.34944 -7.08966 3.5
      vertex -4.1459 -5.4727 3.5
    endloop
  endfacet
  facet normal 0 0 -1
    outer loop
      vertex -4.56001 -7.01818 3.5
      vertex -4.1459 -5.4727 3.5
      vertex -4.34944 -7.08966 3.5
    endloop
  endfacet
  facet normal 0 0 -1
    outer loop
      vertex -4.56001 -7.01818 3.5
      vertex -4.56926 -5.38849 3.5
      vertex -4.1459 -5.4727 3.5
    endloop
  endfacet
  facet normal 0 0 -1
    outer loop
      vertex -4.77811 -6.9748 3.5
      vertex -4.56926 -5.38849 3.5
      vertex -4.56001 -7.01818 3.5
    endloop
  endfacet
  facet normal 0 0 -1
    outer loop
      vertex -5 -6.96026 3.5
      vertex -4.56926 -5.38849 3.5
      vertex -4.77811 -6.9748 3.5
    endloop
  endfacet
  facet normal 0 0 -1
    outer loop
      vertex -5 -6.96026 3.5
      vertex -5 -5.36025 3.5
      vertex -4.56926 -5.38849 3.5
    endloop
  endfacet
  facet normal 0 0 -1
    outer loop
      vertex -5.22189 -6.9748 3.5
      vertex -5 -5.36025 3.5
      vertex -5 -6.96026 3.5
    endloop
  endfacet
  facet normal 0 0 -1
    outer loop
      vertex -5.22189 -6.9748 3.5
      vertex -5.43074 -5.38849 3.5
      vertex -5 -5.36025 3.5
    endloop
  endfacet
  facet normal 0 0 -1
    outer loop
      vertex -5.43999 -7.01818 3.5
      vertex -5.43074 -5.38849 3.5
      vertex -5.22189 -6.9748 3.5
    endloop
  endfacet
  facet normal 0 0 -1
    outer loop
      vertex -5.8541 -5.4727 3.5
      vertex -5.43999 -7.01818 3.5
      vertex -5.65056 -7.08966 3.5
    endloop
  endfacet
  facet normal 0 0 -1
    outer loop
      vertex -6.26286 -5.61145 3.5
      vertex -5.65056 -7.08966 3.5
      vertex -5.85 -7.18801 3.5
    endloop
  endfacet
  facet normal 0 0 -1
    outer loop
      vertex -5.43999 -7.01818 3.5
      vertex -5.8541 -5.4727 3.5
      vertex -5.43074 -5.38849 3.5
    endloop
  endfacet
  facet normal 0 0 -1
    outer loop
      vertex -6.65 -5.80237 3.5
      vertex -5.85 -7.18801 3.5
      vertex -6.03489 -7.31155 3.5
    endloop
  endfacet
  facet normal 0 0 -1
    outer loop
      vertex -7.00891 -6.04219 3.5
      vertex -6.03489 -7.31155 3.5
      vertex -6.20208 -7.45817 3.5
    endloop
  endfacet
  facet normal 0 0 -1
    outer loop
      vertex -5.65056 -7.08966 3.5
      vertex -6.26286 -5.61145 3.5
      vertex -5.8541 -5.4727 3.5
    endloop
  endfacet
  facet normal 0 0 -1
    outer loop
      vertex -7.33345 -6.3268 3.5
      vertex -6.20208 -7.45817 3.5
      vertex -6.3487 -7.62536 3.5
    endloop
  endfacet
  facet normal 0 0 -1
    outer loop
      vertex -7.61807 -6.65134 3.5
      vertex -6.3487 -7.62536 3.5
      vertex -6.47224 -7.81025 3.5
    endloop
  endfacet
  facet normal 0 0 -1
    outer loop
      vertex -7.85788 -7.01025 3.5
      vertex -6.47224 -7.81025 3.5
      vertex -6.57059 -8.00969 3.5
    endloop
  endfacet
  facet normal 0 0 -1
    outer loop
      vertex -8.0488 -7.3974 3.5
      vertex -6.57059 -8.00969 3.5
      vertex -6.64207 -8.22026 3.5
    endloop
  endfacet
  facet normal 0 0 -1
    outer loop
      vertex -5.85 -7.18801 3.5
      vertex -6.65 -5.80237 3.5
      vertex -6.26286 -5.61145 3.5
    endloop
  endfacet
  facet normal 0 0 -1
    outer loop
      vertex -8.18755 -7.80615 3.5
      vertex -6.64207 -8.22026 3.5
      vertex -6.68546 -8.43836 3.5
    endloop
  endfacet
  facet normal 0 0 -1
    outer loop
      vertex -8.27177 -8.22952 3.5
      vertex -6.68546 -8.43836 3.5
      vertex -6.7 -8.66025 3.5
    endloop
  endfacet
  facet normal 0 0 -1
    outer loop
      vertex -8.0488 -9.92311 3.5
      vertex -6.57059 -9.31082 3.5
      vertex -7.85788 -10.3103 3.5
    endloop
  endfacet
  facet normal 0 0 -1
    outer loop
      vertex -6.03489 -7.31155 3.5
      vertex -7.00891 -6.04219 3.5
      vertex -6.65 -5.80237 3.5
    endloop
  endfacet
  facet normal -0 0 -1
    outer loop
      vertex -6.57059 -9.31082 3.5
      vertex -8.0488 -9.92311 3.5
      vertex -6.64207 -9.10025 3.5
    endloop
  endfacet
  facet normal 0 0 -1
    outer loop
      vertex -6.20208 -7.45817 3.5
      vertex -7.33345 -6.3268 3.5
      vertex -7.00891 -6.04219 3.5
    endloop
  endfacet
  facet normal 0 0 -1
    outer loop
      vertex -8.18756 -9.51436 3.5
      vertex -6.64207 -9.10025 3.5
      vertex -8.0488 -9.92311 3.5
    endloop
  endfacet
  facet normal 0 0 -1
    outer loop
      vertex -6.3487 -7.62536 3.5
      vertex -7.61807 -6.65134 3.5
      vertex -7.33345 -6.3268 3.5
    endloop
  endfacet
  facet normal 0 0 -1
    outer loop
      vertex -6.47224 -7.81025 3.5
      vertex -7.85788 -7.01025 3.5
      vertex -7.61807 -6.65134 3.5
    endloop
  endfacet
  facet normal -0 0 -1
    outer loop
      vertex -6.64207 -9.10025 3.5
      vertex -8.18756 -9.51436 3.5
      vertex -6.68546 -8.88215 3.5
    endloop
  endfacet
  facet normal 0 0 -1
    outer loop
      vertex -8.27177 -9.09099 3.5
      vertex -6.68546 -8.88215 3.5
      vertex -8.18756 -9.51436 3.5
    endloop
  endfacet
  facet normal 0 0 -1
    outer loop
      vertex -6.57059 -8.00969 3.5
      vertex -8.0488 -7.3974 3.5
      vertex -7.85788 -7.01025 3.5
    endloop
  endfacet
  facet normal 0 0 -1
    outer loop
      vertex -6.64207 -8.22026 3.5
      vertex -8.18755 -7.80615 3.5
      vertex -8.0488 -7.3974 3.5
    endloop
  endfacet
  facet normal -0 0 -1
    outer loop
      vertex -6.68546 -8.88215 3.5
      vertex -8.27177 -9.09099 3.5
      vertex -6.7 -8.66025 3.5
    endloop
  endfacet
  facet normal 0 0 -1
    outer loop
      vertex -8.3 -8.66025 3.5
      vertex -6.7 -8.66025 3.5
      vertex -8.27177 -9.09099 3.5
    endloop
  endfacet
  facet normal 0 0 -1
    outer loop
      vertex -6.68546 -8.43836 3.5
      vertex -8.27177 -8.22952 3.5
      vertex -8.18755 -7.80615 3.5
    endloop
  endfacet
  facet normal 0 0 -1
    outer loop
      vertex -6.7 -8.66025 3.5
      vertex -8.3 -8.66025 3.5
      vertex -8.27177 -8.22952 3.5
    endloop
  endfacet
  facet normal -0.946924 -0.321456 0
    outer loop
      vertex -1.81244 -7.80615 0
      vertex -1.9512 -7.3974 3.5
      vertex -1.9512 -7.3974 0
    endloop
  endfacet
  facet normal -0.946924 -0.321456 0
    outer loop
      vertex -1.9512 -7.3974 3.5
      vertex -1.81244 -7.80615 0
      vertex -1.81244 -7.80615 3.5
    endloop
  endfacet
  facet normal -0.442296 -0.896869 0
    outer loop
      vertex -3.73714 -5.61145 0
      vertex -3.35 -5.80237 3.5
      vertex -3.73714 -5.61145 3.5
    endloop
  endfacet
  facet normal -0.442296 -0.896869 -0
    outer loop
      vertex -3.35 -5.80237 3.5
      vertex -3.73714 -5.61145 0
      vertex -3.35 -5.80237 0
    endloop
  endfacet
  facet normal 0.997859 -0.0653996 0
    outer loop
      vertex -8.3 -8.66025 3.5
      vertex -8.27177 -8.22952 0
      vertex -8.27177 -8.22952 3.5
    endloop
  endfacet
  facet normal 0.997859 -0.0653996 0
    outer loop
      vertex -8.27177 -8.22952 0
      vertex -8.3 -8.66025 3.5
      vertex -8.3 -8.66025 0
    endloop
  endfacet
  facet normal 0.555577 -0.831465 0
    outer loop
      vertex -7.00891 -6.04219 0
      vertex -6.65 -5.80237 3.5
      vertex -7.00891 -6.04219 3.5
    endloop
  endfacet
  facet normal 0.555577 -0.831465 0
    outer loop
      vertex -6.65 -5.80237 3.5
      vertex -7.00891 -6.04219 0
      vertex -6.65 -5.80237 0
    endloop
  endfacet
  facet normal -0.997859 0.0653981 0
    outer loop
      vertex -1.72823 -9.09099 0
      vertex -1.7 -8.66025 3.5
      vertex -1.7 -8.66025 0
    endloop
  endfacet
  facet normal -0.997859 0.0653981 0
    outer loop
      vertex -1.7 -8.66025 3.5
      vertex -1.72823 -9.09099 0
      vertex -1.72823 -9.09099 3.5
    endloop
  endfacet
  facet normal 0.555545 0.831487 -0
    outer loop
      vertex -6.65 -11.5181 0
      vertex -7.00891 -11.2783 3.5
      vertex -6.65 -11.5181 3.5
    endloop
  endfacet
  facet normal 0.555545 0.831487 0
    outer loop
      vertex -7.00891 -11.2783 3.5
      vertex -6.65 -11.5181 0
      vertex -7.00891 -11.2783 0
    endloop
  endfacet
  facet normal 0.751793 0.6594 0
    outer loop
      vertex -7.33345 -10.9937 3.5
      vertex -7.61807 -10.6692 0
      vertex -7.61807 -10.6692 3.5
    endloop
  endfacet
  facet normal 0.751793 0.6594 0
    outer loop
      vertex -7.61807 -10.6692 0
      vertex -7.33345 -10.9937 3.5
      vertex -7.33345 -10.9937 0
    endloop
  endfacet
  facet normal -0.946931 0.321435 0
    outer loop
      vertex -1.9512 -9.92311 0
      vertex -1.81245 -9.51436 3.5
      vertex -1.81245 -9.51436 0
    endloop
  endfacet
  facet normal -0.946931 0.321435 0
    outer loop
      vertex -1.81245 -9.51436 3.5
      vertex -1.9512 -9.92311 0
      vertex -1.9512 -9.92311 3.5
    endloop
  endfacet
  facet normal 0.442445 0.896796 -0
    outer loop
      vertex -6.26286 -11.7091 0
      vertex -6.65 -11.5181 3.5
      vertex -6.26286 -11.7091 3.5
    endloop
  endfacet
  facet normal 0.442445 0.896796 0
    outer loop
      vertex -6.65 -11.5181 3.5
      vertex -6.26286 -11.7091 0
      vertex -6.65 -11.5181 0
    endloop
  endfacet
  facet normal -0.321325 0.946969 0
    outer loop
      vertex -3.73714 -11.7091 0
      vertex -4.1459 -11.8478 3.5
      vertex -3.73714 -11.7091 3.5
    endloop
  endfacet
  facet normal -0.321325 0.946969 0
    outer loop
      vertex -4.1459 -11.8478 3.5
      vertex -3.73714 -11.7091 0
      vertex -4.1459 -11.8478 0
    endloop
  endfacet
  facet normal -0.442445 0.896796 0
    outer loop
      vertex -3.35 -11.5181 0
      vertex -3.73714 -11.7091 3.5
      vertex -3.35 -11.5181 3.5
    endloop
  endfacet
  facet normal -0.442445 0.896796 0
    outer loop
      vertex -3.73714 -11.7091 3.5
      vertex -3.35 -11.5181 0
      vertex -3.73714 -11.7091 0
    endloop
  endfacet
  facet normal 0.946931 -0.321435 0
    outer loop
      vertex -8.18755 -7.80615 3.5
      vertex -8.0488 -7.3974 0
      vertex -8.0488 -7.3974 3.5
    endloop
  endfacet
  facet normal 0.946931 -0.321435 0
    outer loop
      vertex -8.0488 -7.3974 0
      vertex -8.18755 -7.80615 3.5
      vertex -8.18755 -7.80615 0
    endloop
  endfacet
  facet normal 0.321428 -0.946934 0
    outer loop
      vertex -6.26286 -5.61145 0
      vertex -5.8541 -5.4727 3.5
      vertex -6.26286 -5.61145 3.5
    endloop
  endfacet
  facet normal 0.321428 -0.946934 0
    outer loop
      vertex -5.8541 -5.4727 3.5
      vertex -6.26286 -5.61145 0
      vertex -5.8541 -5.4727 0
    endloop
  endfacet
  facet normal 0.195087 -0.980786 0
    outer loop
      vertex -5.8541 -5.4727 0
      vertex -5.43074 -5.38849 3.5
      vertex -5.8541 -5.4727 3.5
    endloop
  endfacet
  facet normal 0.195087 -0.980786 0
    outer loop
      vertex -5.43074 -5.38849 3.5
      vertex -5.8541 -5.4727 0
      vertex -5.43074 -5.38849 0
    endloop
  endfacet
  facet normal 0.946924 0.321456 0
    outer loop
      vertex -8.0488 -9.92311 3.5
      vertex -8.18756 -9.51436 0
      vertex -8.18756 -9.51436 3.5
    endloop
  endfacet
  facet normal 0.946924 0.321456 0
    outer loop
      vertex -8.18756 -9.51436 0
      vertex -8.0488 -9.92311 3.5
      vertex -8.0488 -9.92311 0
    endloop
  endfacet
  facet normal 0.896874 -0.442286 0
    outer loop
      vertex -8.0488 -7.3974 3.5
      vertex -7.85788 -7.01025 0
      vertex -7.85788 -7.01025 3.5
    endloop
  endfacet
  facet normal 0.896874 -0.442286 0
    outer loop
      vertex -7.85788 -7.01025 0
      vertex -8.0488 -7.3974 3.5
      vertex -8.0488 -7.3974 0
    endloop
  endfacet
  facet normal -0.0655595 0.997849 0
    outer loop
      vertex -4.56926 -11.932 0
      vertex -5 -11.9603 3.5
      vertex -4.56926 -11.932 3.5
    endloop
  endfacet
  facet normal -0.0655595 0.997849 0
    outer loop
      vertex -5 -11.9603 3.5
      vertex -4.56926 -11.932 0
      vertex -5 -11.9603 0
    endloop
  endfacet
  facet normal 0.321325 0.946969 -0
    outer loop
      vertex -5.8541 -11.8478 0
      vertex -6.26286 -11.7091 3.5
      vertex -5.8541 -11.8478 3.5
    endloop
  endfacet
  facet normal 0.321325 0.946969 0
    outer loop
      vertex -6.26286 -11.7091 3.5
      vertex -5.8541 -11.8478 0
      vertex -6.26286 -11.7091 0
    endloop
  endfacet
  facet normal -0.831469 0.555571 0
    outer loop
      vertex -2.38193 -10.6692 0
      vertex -2.14212 -10.3103 3.5
      vertex -2.14212 -10.3103 0
    endloop
  endfacet
  facet normal -0.831469 0.555571 0
    outer loop
      vertex -2.14212 -10.3103 3.5
      vertex -2.38193 -10.6692 0
      vertex -2.38193 -10.6692 3.5
    endloop
  endfacet
  facet normal 0.980787 0.195082 0
    outer loop
      vertex -8.18756 -9.51436 3.5
      vertex -8.27177 -9.09099 0
      vertex -8.27177 -9.09099 3.5
    endloop
  endfacet
  facet normal 0.980787 0.195082 0
    outer loop
      vertex -8.27177 -9.09099 0
      vertex -8.18756 -9.51436 3.5
      vertex -8.18756 -9.51436 0
    endloop
  endfacet
  facet normal 0.997859 0.0653981 0
    outer loop
      vertex -8.27177 -9.09099 3.5
      vertex -8.3 -8.66025 0
      vertex -8.3 -8.66025 3.5
    endloop
  endfacet
  facet normal 0.997859 0.0653981 0
    outer loop
      vertex -8.3 -8.66025 0
      vertex -8.27177 -9.09099 3.5
      vertex -8.27177 -9.09099 0
    endloop
  endfacet
  facet normal -0.195065 0.98079 0
    outer loop
      vertex -4.1459 -11.8478 0
      vertex -4.56926 -11.932 3.5
      vertex -4.1459 -11.8478 3.5
    endloop
  endfacet
  facet normal -0.195065 0.98079 0
    outer loop
      vertex -4.56926 -11.932 3.5
      vertex -4.1459 -11.8478 0
      vertex -4.56926 -11.932 0
    endloop
  endfacet
  facet normal -0.321444 0.946929 0
    outer loop
      vertex -4.34944 7.08966 3.5
      vertex -4.56001 7.01818 10.5
      vertex -4.34944 7.08966 10.5
    endloop
  endfacet
  facet normal -0.321444 0.946929 0
    outer loop
      vertex -4.56001 7.01818 10.5
      vertex -4.34944 7.08966 3.5
      vertex -4.56001 7.01818 3.5
    endloop
  endfacet
  facet normal -0.442278 0.896878 0
    outer loop
      vertex -4.15 7.18801 3.5
      vertex -4.34944 7.08966 10.5
      vertex -4.15 7.18801 10.5
    endloop
  endfacet
  facet normal -0.442278 0.896878 0
    outer loop
      vertex -4.34944 7.08966 10.5
      vertex -4.15 7.18801 3.5
      vertex -4.34944 7.08966 3.5
    endloop
  endfacet
  facet normal -0.896869 -0.442296 0
    outer loop
      vertex -3.42941 9.31082 3.5
      vertex -3.52776 9.51025 10.5
      vertex -3.52776 9.51025 3.5
    endloop
  endfacet
  facet normal -0.896869 -0.442296 0
    outer loop
      vertex -3.52776 9.51025 10.5
      vertex -3.42941 9.31082 3.5
      vertex -3.42941 9.31082 10.5
    endloop
  endfacet
  facet normal 0.980779 -0.195122 0
    outer loop
      vertex -6.68546 8.88215 10.5
      vertex -6.64207 9.10025 3.5
      vertex -6.64207 9.10025 10.5
    endloop
  endfacet
  facet normal 0.980779 -0.195122 0
    outer loop
      vertex -6.64207 9.10025 3.5
      vertex -6.68546 8.88215 10.5
      vertex -6.68546 8.88215 3.5
    endloop
  endfacet
  facet normal -0.0656564 -0.997842 0
    outer loop
      vertex -5 10.3603 3.5
      vertex -4.77811 10.3457 10.5
      vertex -5 10.3603 10.5
    endloop
  endfacet
  facet normal -0.0656564 -0.997842 -0
    outer loop
      vertex -4.77811 10.3457 10.5
      vertex -5 10.3603 3.5
      vertex -4.77811 10.3457 3.5
    endloop
  endfacet
  facet normal -0.751844 -0.659342 0
    outer loop
      vertex -3.6513 9.69515 3.5
      vertex -3.79792 9.86234 10.5
      vertex -3.79792 9.86234 3.5
    endloop
  endfacet
  facet normal -0.751844 -0.659342 0
    outer loop
      vertex -3.79792 9.86234 10.5
      vertex -3.6513 9.69515 3.5
      vertex -3.6513 9.69515 10.5
    endloop
  endfacet
  facet normal 0.321444 0.946929 -0
    outer loop
      vertex -5.43999 7.01818 3.5
      vertex -5.65056 7.08966 10.5
      vertex -5.43999 7.01818 10.5
    endloop
  endfacet
  facet normal 0.321444 0.946929 0
    outer loop
      vertex -5.65056 7.08966 10.5
      vertex -5.43999 7.01818 3.5
      vertex -5.65056 7.08966 3.5
    endloop
  endfacet
  facet normal -0.751844 0.659342 0
    outer loop
      vertex -3.79792 7.45817 3.5
      vertex -3.6513 7.62536 10.5
      vertex -3.6513 7.62536 3.5
    endloop
  endfacet
  facet normal -0.751844 0.659342 0
    outer loop
      vertex -3.6513 7.62536 10.5
      vertex -3.79792 7.45817 3.5
      vertex -3.79792 7.45817 10.5
    endloop
  endfacet
  facet normal -0.946929 0.321444 0
    outer loop
      vertex -3.42941 8.00969 3.5
      vertex -3.35793 8.22026 10.5
      vertex -3.35793 8.22026 3.5
    endloop
  endfacet
  facet normal -0.946929 0.321444 0
    outer loop
      vertex -3.35793 8.22026 10.5
      vertex -3.42941 8.00969 3.5
      vertex -3.42941 8.00969 10.5
    endloop
  endfacet
  facet normal 0.195078 0.980788 -0
    outer loop
      vertex -5.22189 6.9748 3.5
      vertex -5.43999 7.01818 10.5
      vertex -5.22189 6.9748 10.5
    endloop
  endfacet
  facet normal 0.195078 0.980788 0
    outer loop
      vertex -5.43999 7.01818 10.5
      vertex -5.22189 6.9748 3.5
      vertex -5.43999 7.01818 3.5
    endloop
  endfacet
  facet normal 0.195165 -0.98077 0
    outer loop
      vertex -5.43999 10.3023 3.5
      vertex -5.22189 10.3457 10.5
      vertex -5.43999 10.3023 10.5
    endloop
  endfacet
  facet normal 0.195165 -0.98077 0
    outer loop
      vertex -5.22189 10.3457 10.5
      vertex -5.43999 10.3023 3.5
      vertex -5.22189 10.3457 3.5
    endloop
  endfacet
  facet normal -0.980779 -0.195122 0
    outer loop
      vertex -3.31454 8.88215 3.5
      vertex -3.35793 9.10025 10.5
      vertex -3.35793 9.10025 3.5
    endloop
  endfacet
  facet normal -0.980779 -0.195122 0
    outer loop
      vertex -3.35793 9.10025 10.5
      vertex -3.31454 8.88215 3.5
      vertex -3.31454 8.88215 10.5
    endloop
  endfacet
  facet normal -0.831483 -0.555551 0
    outer loop
      vertex -3.52776 9.51025 3.5
      vertex -3.6513 9.69515 10.5
      vertex -3.6513 9.69515 3.5
    endloop
  endfacet
  facet normal -0.831483 -0.555551 0
    outer loop
      vertex -3.6513 9.69515 10.5
      vertex -3.52776 9.51025 3.5
      vertex -3.52776 9.51025 10.5
    endloop
  endfacet
  facet normal 0.980779 0.195122 0
    outer loop
      vertex -6.64207 8.22026 10.5
      vertex -6.68546 8.43836 3.5
      vertex -6.68546 8.43836 10.5
    endloop
  endfacet
  facet normal 0.980779 0.195122 0
    outer loop
      vertex -6.68546 8.43836 3.5
      vertex -6.64207 8.22026 10.5
      vertex -6.64207 8.22026 3.5
    endloop
  endfacet
  facet normal -0.195078 0.980788 0
    outer loop
      vertex -4.56001 7.01818 3.5
      vertex -4.77811 6.9748 10.5
      vertex -4.56001 7.01818 10.5
    endloop
  endfacet
  facet normal -0.195078 0.980788 0
    outer loop
      vertex -4.77811 6.9748 10.5
      vertex -4.56001 7.01818 3.5
      vertex -4.77811 6.9748 3.5
    endloop
  endfacet
  facet normal 0.946929 -0.321444 0
    outer loop
      vertex -6.64207 9.10025 10.5
      vertex -6.57059 9.31082 3.5
      vertex -6.57059 9.31082 10.5
    endloop
  endfacet
  facet normal 0.946929 -0.321444 0
    outer loop
      vertex -6.57059 9.31082 3.5
      vertex -6.64207 9.10025 10.5
      vertex -6.64207 9.10025 3.5
    endloop
  endfacet
  facet normal -0.555447 -0.831552 0
    outer loop
      vertex -4.15 10.1325 3.5
      vertex -3.96511 10.009 10.5
      vertex -4.15 10.1325 10.5
    endloop
  endfacet
  facet normal -0.555447 -0.831552 -0
    outer loop
      vertex -3.96511 10.009 10.5
      vertex -4.15 10.1325 3.5
      vertex -3.96511 10.009 3.5
    endloop
  endfacet
  facet normal 0.896878 0.442278 0
    outer loop
      vertex -6.47224 7.81025 10.5
      vertex -6.57059 8.00969 3.5
      vertex -6.57059 8.00969 10.5
    endloop
  endfacet
  facet normal 0.896878 0.442278 0
    outer loop
      vertex -6.57059 8.00969 3.5
      vertex -6.47224 7.81025 10.5
      vertex -6.47224 7.81025 3.5
    endloop
  endfacet
  facet normal -0.831469 0.555572 0
    outer loop
      vertex -3.6513 7.62536 3.5
      vertex -3.52776 7.81025 10.5
      vertex -3.52776 7.81025 3.5
    endloop
  endfacet
  facet normal -0.831469 0.555572 0
    outer loop
      vertex -3.52776 7.81025 10.5
      vertex -3.6513 7.62536 3.5
      vertex -3.6513 7.62536 10.5
    endloop
  endfacet
  facet normal -0.99786 0.0653877 0
    outer loop
      vertex -3.31454 8.43836 3.5
      vertex -3.3 8.66025 10.5
      vertex -3.3 8.66025 3.5
    endloop
  endfacet
  facet normal -0.99786 0.0653877 0
    outer loop
      vertex -3.3 8.66025 10.5
      vertex -3.31454 8.43836 3.5
      vertex -3.31454 8.43836 10.5
    endloop
  endfacet
  facet normal 0.321525 -0.946901 0
    outer loop
      vertex -5.65056 10.2308 3.5
      vertex -5.43999 10.3023 10.5
      vertex -5.65056 10.2308 10.5
    endloop
  endfacet
  facet normal 0.321525 -0.946901 0
    outer loop
      vertex -5.43999 10.3023 10.5
      vertex -5.65056 10.2308 3.5
      vertex -5.43999 10.3023 3.5
    endloop
  endfacet
  facet normal 0.751844 0.659342 0
    outer loop
      vertex -6.20208 7.45817 10.5
      vertex -6.3487 7.62536 3.5
      vertex -6.3487 7.62536 10.5
    endloop
  endfacet
  facet normal 0.751844 0.659342 0
    outer loop
      vertex -6.3487 7.62536 3.5
      vertex -6.20208 7.45817 10.5
      vertex -6.20208 7.45817 3.5
    endloop
  endfacet
  facet normal 0.0653877 0.99786 -0
    outer loop
      vertex -5 6.96026 3.5
      vertex -5.22189 6.9748 10.5
      vertex -5 6.96026 10.5
    endloop
  endfacet
  facet normal 0.0653877 0.99786 0
    outer loop
      vertex -5.22189 6.9748 10.5
      vertex -5 6.96026 3.5
      vertex -5.22189 6.9748 3.5
    endloop
  endfacet
  facet normal -0.555572 0.831469 0
    outer loop
      vertex -3.96511 7.31155 3.5
      vertex -4.15 7.18801 10.5
      vertex -3.96511 7.31155 10.5
    endloop
  endfacet
  facet normal -0.555572 0.831469 0
    outer loop
      vertex -4.15 7.18801 10.5
      vertex -3.96511 7.31155 3.5
      vertex -4.15 7.18801 3.5
    endloop
  endfacet
  facet normal 0.659342 0.751844 -0
    outer loop
      vertex -6.03489 7.31155 3.5
      vertex -6.20208 7.45817 10.5
      vertex -6.03489 7.31155 10.5
    endloop
  endfacet
  facet normal 0.659342 0.751844 0
    outer loop
      vertex -6.20208 7.45817 10.5
      vertex -6.03489 7.31155 3.5
      vertex -6.20208 7.45817 3.5
    endloop
  endfacet
  facet normal 0.442278 0.896878 -0
    outer loop
      vertex -5.65056 7.08966 3.5
      vertex -5.85 7.18801 10.5
      vertex -5.65056 7.08966 10.5
    endloop
  endfacet
  facet normal 0.442278 0.896878 0
    outer loop
      vertex -5.85 7.18801 10.5
      vertex -5.65056 7.08966 3.5
      vertex -5.85 7.18801 3.5
    endloop
  endfacet
  facet normal 0.946929 0.321444 0
    outer loop
      vertex -6.57059 8.00969 10.5
      vertex -6.64207 8.22026 3.5
      vertex -6.64207 8.22026 10.5
    endloop
  endfacet
  facet normal 0.946929 0.321444 0
    outer loop
      vertex -6.64207 8.22026 3.5
      vertex -6.57059 8.00969 10.5
      vertex -6.57059 8.00969 3.5
    endloop
  endfacet
  facet normal -0.980779 0.195122 0
    outer loop
      vertex -3.35793 8.22026 3.5
      vertex -3.31454 8.43836 10.5
      vertex -3.31454 8.43836 3.5
    endloop
  endfacet
  facet normal -0.980779 0.195122 0
    outer loop
      vertex -3.31454 8.43836 10.5
      vertex -3.35793 8.22026 3.5
      vertex -3.35793 8.22026 10.5
    endloop
  endfacet
  facet normal 0.831483 -0.555551 0
    outer loop
      vertex -6.47224 9.51025 10.5
      vertex -6.3487 9.69515 3.5
      vertex -6.3487 9.69515 10.5
    endloop
  endfacet
  facet normal 0.831483 -0.555551 0
    outer loop
      vertex -6.3487 9.69515 3.5
      vertex -6.47224 9.51025 10.5
      vertex -6.47224 9.51025 3.5
    endloop
  endfacet
  facet normal -0.659342 0.751844 0
    outer loop
      vertex -3.79792 7.45817 3.5
      vertex -3.96511 7.31155 10.5
      vertex -3.79792 7.45817 10.5
    endloop
  endfacet
  facet normal -0.659342 0.751844 0
    outer loop
      vertex -3.96511 7.31155 10.5
      vertex -3.79792 7.45817 3.5
      vertex -3.96511 7.31155 3.5
    endloop
  endfacet
  facet normal -0.946929 -0.321444 0
    outer loop
      vertex -3.35793 9.10025 3.5
      vertex -3.42941 9.31082 10.5
      vertex -3.42941 9.31082 3.5
    endloop
  endfacet
  facet normal -0.946929 -0.321444 0
    outer loop
      vertex -3.42941 9.31082 10.5
      vertex -3.35793 9.10025 3.5
      vertex -3.35793 9.10025 10.5
    endloop
  endfacet
  facet normal -0.321525 -0.946901 0
    outer loop
      vertex -4.56001 10.3023 3.5
      vertex -4.34944 10.2308 10.5
      vertex -4.56001 10.3023 10.5
    endloop
  endfacet
  facet normal -0.321525 -0.946901 -0
    outer loop
      vertex -4.34944 10.2308 10.5
      vertex -4.56001 10.3023 3.5
      vertex -4.34944 10.2308 3.5
    endloop
  endfacet
  facet normal -0.195165 -0.98077 0
    outer loop
      vertex -4.77811 10.3457 3.5
      vertex -4.56001 10.3023 10.5
      vertex -4.77811 10.3457 10.5
    endloop
  endfacet
  facet normal -0.195165 -0.98077 -0
    outer loop
      vertex -4.56001 10.3023 10.5
      vertex -4.77811 10.3457 3.5
      vertex -4.56001 10.3023 3.5
    endloop
  endfacet
  facet normal 0.831469 0.555572 0
    outer loop
      vertex -6.3487 7.62536 10.5
      vertex -6.47224 7.81025 3.5
      vertex -6.47224 7.81025 10.5
    endloop
  endfacet
  facet normal 0.831469 0.555572 0
    outer loop
      vertex -6.47224 7.81025 3.5
      vertex -6.3487 7.62536 10.5
      vertex -6.3487 7.62536 3.5
    endloop
  endfacet
  facet normal 0.555572 0.831469 -0
    outer loop
      vertex -5.85 7.18801 3.5
      vertex -6.03489 7.31155 10.5
      vertex -5.85 7.18801 10.5
    endloop
  endfacet
  facet normal 0.555572 0.831469 0
    outer loop
      vertex -6.03489 7.31155 10.5
      vertex -5.85 7.18801 3.5
      vertex -6.03489 7.31155 3.5
    endloop
  endfacet
  facet normal -0.896878 0.442278 0
    outer loop
      vertex -3.52776 7.81025 3.5
      vertex -3.42941 8.00969 10.5
      vertex -3.42941 8.00969 3.5
    endloop
  endfacet
  facet normal -0.896878 0.442278 0
    outer loop
      vertex -3.42941 8.00969 10.5
      vertex -3.52776 7.81025 3.5
      vertex -3.52776 7.81025 10.5
    endloop
  endfacet
  facet normal 0.442097 -0.896967 0
    outer loop
      vertex -5.85 10.1325 3.5
      vertex -5.65056 10.2308 10.5
      vertex -5.85 10.1325 10.5
    endloop
  endfacet
  facet normal 0.442097 -0.896967 0
    outer loop
      vertex -5.65056 10.2308 10.5
      vertex -5.85 10.1325 3.5
      vertex -5.65056 10.2308 3.5
    endloop
  endfacet
  facet normal -0.99786 -0.0653848 0
    outer loop
      vertex -3.3 8.66025 3.5
      vertex -3.31454 8.88215 10.5
      vertex -3.31454 8.88215 3.5
    endloop
  endfacet
  facet normal -0.99786 -0.0653848 0
    outer loop
      vertex -3.31454 8.88215 10.5
      vertex -3.3 8.66025 3.5
      vertex -3.3 8.66025 10.5
    endloop
  endfacet
  facet normal 0.659443 -0.751754 0
    outer loop
      vertex -6.20208 9.86234 3.5
      vertex -6.03489 10.009 10.5
      vertex -6.20208 9.86234 10.5
    endloop
  endfacet
  facet normal 0.659443 -0.751754 0
    outer loop
      vertex -6.03489 10.009 10.5
      vertex -6.20208 9.86234 3.5
      vertex -6.03489 10.009 3.5
    endloop
  endfacet
  facet normal 0.0656564 -0.997842 0
    outer loop
      vertex -5.22189 10.3457 3.5
      vertex -5 10.3603 10.5
      vertex -5.22189 10.3457 10.5
    endloop
  endfacet
  facet normal 0.0656564 -0.997842 0
    outer loop
      vertex -5 10.3603 10.5
      vertex -5.22189 10.3457 3.5
      vertex -5 10.3603 3.5
    endloop
  endfacet
  facet normal 0.751844 -0.659342 0
    outer loop
      vertex -6.3487 9.69515 10.5
      vertex -6.20208 9.86234 3.5
      vertex -6.20208 9.86234 10.5
    endloop
  endfacet
  facet normal 0.751844 -0.659342 0
    outer loop
      vertex -6.20208 9.86234 3.5
      vertex -6.3487 9.69515 10.5
      vertex -6.3487 9.69515 3.5
    endloop
  endfacet
  facet normal 0.99786 -0.0653848 0
    outer loop
      vertex -6.7 8.66025 10.5
      vertex -6.68546 8.88215 3.5
      vertex -6.68546 8.88215 10.5
    endloop
  endfacet
  facet normal 0.99786 -0.0653848 0
    outer loop
      vertex -6.68546 8.88215 3.5
      vertex -6.7 8.66025 10.5
      vertex -6.7 8.66025 3.5
    endloop
  endfacet
  facet normal -0.0653877 0.99786 0
    outer loop
      vertex -4.77811 6.9748 3.5
      vertex -5 6.96026 10.5
      vertex -4.77811 6.9748 10.5
    endloop
  endfacet
  facet normal -0.0653877 0.99786 0
    outer loop
      vertex -5 6.96026 10.5
      vertex -4.77811 6.9748 3.5
      vertex -5 6.96026 3.5
    endloop
  endfacet
  facet normal 0.555447 -0.831552 0
    outer loop
      vertex -6.03489 10.009 3.5
      vertex -5.85 10.1325 10.5
      vertex -6.03489 10.009 10.5
    endloop
  endfacet
  facet normal 0.555447 -0.831552 0
    outer loop
      vertex -5.85 10.1325 10.5
      vertex -6.03489 10.009 3.5
      vertex -5.85 10.1325 3.5
    endloop
  endfacet
  facet normal -0.659443 -0.751754 0
    outer loop
      vertex -3.96511 10.009 3.5
      vertex -3.79792 9.86234 10.5
      vertex -3.96511 10.009 10.5
    endloop
  endfacet
  facet normal -0.659443 -0.751754 -0
    outer loop
      vertex -3.79792 9.86234 10.5
      vertex -3.96511 10.009 3.5
      vertex -3.79792 9.86234 3.5
    endloop
  endfacet
  facet normal 0.99786 0.0653877 0
    outer loop
      vertex -6.68546 8.43836 10.5
      vertex -6.7 8.66025 3.5
      vertex -6.7 8.66025 10.5
    endloop
  endfacet
  facet normal 0.99786 0.0653877 0
    outer loop
      vertex -6.7 8.66025 3.5
      vertex -6.68546 8.43836 10.5
      vertex -6.68546 8.43836 3.5
    endloop
  endfacet
  facet normal 0.896869 -0.442296 0
    outer loop
      vertex -6.57059 9.31082 10.5
      vertex -6.47224 9.51025 3.5
      vertex -6.47224 9.51025 10.5
    endloop
  endfacet
  facet normal 0.896869 -0.442296 0
    outer loop
      vertex -6.47224 9.51025 3.5
      vertex -6.57059 9.31082 10.5
      vertex -6.57059 9.31082 3.5
    endloop
  endfacet
  facet normal -0.442097 -0.896967 0
    outer loop
      vertex -4.34944 10.2308 3.5
      vertex -4.15 10.1325 10.5
      vertex -4.34944 10.2308 10.5
    endloop
  endfacet
  facet normal -0.442097 -0.896967 -0
    outer loop
      vertex -4.15 10.1325 10.5
      vertex -4.34944 10.2308 3.5
      vertex -4.15 10.1325 3.5
    endloop
  endfacet
  facet normal -0.321428 0.946934 0
    outer loop
      vertex -3.73714 5.61145 0
      vertex -4.1459 5.4727 3.5
      vertex -3.73714 5.61145 3.5
    endloop
  endfacet
  facet normal -0.321428 0.946934 0
    outer loop
      vertex -4.1459 5.4727 3.5
      vertex -3.73714 5.61145 0
      vertex -4.1459 5.4727 0
    endloop
  endfacet
  facet normal -0.442296 0.896869 0
    outer loop
      vertex -3.35 5.80237 0
      vertex -3.73714 5.61145 3.5
      vertex -3.35 5.80237 3.5
    endloop
  endfacet
  facet normal -0.442296 0.896869 0
    outer loop
      vertex -3.73714 5.61145 3.5
      vertex -3.35 5.80237 0
      vertex -3.73714 5.61145 0
    endloop
  endfacet
  facet normal -0.195087 0.980786 0
    outer loop
      vertex -4.1459 5.4727 0
      vertex -4.56926 5.38849 3.5
      vertex -4.1459 5.4727 3.5
    endloop
  endfacet
  facet normal -0.195087 0.980786 0
    outer loop
      vertex -4.56926 5.38849 3.5
      vertex -4.1459 5.4727 0
      vertex -4.56926 5.38849 0
    endloop
  endfacet
  facet normal -0.831476 0.555561 0
    outer loop
      vertex -2.38193 6.65134 0
      vertex -2.14212 7.01025 3.5
      vertex -2.14212 7.01025 0
    endloop
  endfacet
  facet normal -0.831476 0.555561 0
    outer loop
      vertex -2.14212 7.01025 3.5
      vertex -2.38193 6.65134 0
      vertex -2.38193 6.65134 3.5
    endloop
  endfacet
  facet normal 0.831476 0.555561 0
    outer loop
      vertex -7.61807 6.65134 3.5
      vertex -7.85788 7.01025 0
      vertex -7.85788 7.01025 3.5
    endloop
  endfacet
  facet normal 0.831476 0.555561 0
    outer loop
      vertex -7.85788 7.01025 0
      vertex -7.61807 6.65134 3.5
      vertex -7.61807 6.65134 0
    endloop
  endfacet
  facet normal 0.831469 -0.555571 0
    outer loop
      vertex -7.85788 10.3103 3.5
      vertex -7.61807 10.6692 0
      vertex -7.61807 10.6692 3.5
    endloop
  endfacet
  facet normal 0.831469 -0.555571 0
    outer loop
      vertex -7.61807 10.6692 0
      vertex -7.85788 10.3103 3.5
      vertex -7.85788 10.3103 0
    endloop
  endfacet
  facet normal 0.659341 0.751844 -0
    outer loop
      vertex -7.00891 6.04219 0
      vertex -7.33345 6.3268 3.5
      vertex -7.00891 6.04219 3.5
    endloop
  endfacet
  facet normal 0.659341 0.751844 0
    outer loop
      vertex -7.33345 6.3268 3.5
      vertex -7.00891 6.04219 0
      vertex -7.33345 6.3268 0
    endloop
  endfacet
  facet normal -0.659341 0.751844 0
    outer loop
      vertex -2.66655 6.3268 0
      vertex -2.99109 6.04219 3.5
      vertex -2.66655 6.3268 3.5
    endloop
  endfacet
  facet normal -0.659341 0.751844 0
    outer loop
      vertex -2.99109 6.04219 3.5
      vertex -2.66655 6.3268 0
      vertex -2.99109 6.04219 0
    endloop
  endfacet
  facet normal 0.442296 0.896869 -0
    outer loop
      vertex -6.26286 5.61145 0
      vertex -6.65 5.80237 3.5
      vertex -6.26286 5.61145 3.5
    endloop
  endfacet
  facet normal 0.442296 0.896869 0
    outer loop
      vertex -6.65 5.80237 3.5
      vertex -6.26286 5.61145 0
      vertex -6.65 5.80237 0
    endloop
  endfacet
  facet normal 0.321325 -0.946969 0
    outer loop
      vertex -6.26286 11.7091 0
      vertex -5.8541 11.8478 3.5
      vertex -6.26286 11.7091 3.5
    endloop
  endfacet
  facet normal 0.321325 -0.946969 0
    outer loop
      vertex -5.8541 11.8478 3.5
      vertex -6.26286 11.7091 0
      vertex -5.8541 11.8478 0
    endloop
  endfacet
  facet normal 0.0655595 -0.997849 0
    outer loop
      vertex -5.43074 11.932 0
      vertex -5 11.9603 3.5
      vertex -5.43074 11.932 3.5
    endloop
  endfacet
  facet normal 0.0655595 -0.997849 0
    outer loop
      vertex -5 11.9603 3.5
      vertex -5.43074 11.932 0
      vertex -5 11.9603 0
    endloop
  endfacet
  facet normal -0.980782 -0.195105 0
    outer loop
      vertex -1.72823 9.09099 0
      vertex -1.81245 9.51436 3.5
      vertex -1.81245 9.51436 0
    endloop
  endfacet
  facet normal -0.980782 -0.195105 0
    outer loop
      vertex -1.81245 9.51436 3.5
      vertex -1.72823 9.09099 0
      vertex -1.72823 9.09099 3.5
    endloop
  endfacet
  facet normal -0.0654211 0.997858 0
    outer loop
      vertex -4.56926 5.38849 0
      vertex -5 5.36025 3.5
      vertex -4.56926 5.38849 3.5
    endloop
  endfacet
  facet normal -0.0654211 0.997858 0
    outer loop
      vertex -5 5.36025 3.5
      vertex -4.56926 5.38849 0
      vertex -5 5.36025 0
    endloop
  endfacet
  facet normal 0.946931 0.321435 0
    outer loop
      vertex -8.0488 7.3974 3.5
      vertex -8.18755 7.80615 0
      vertex -8.18755 7.80615 3.5
    endloop
  endfacet
  facet normal 0.946931 0.321435 0
    outer loop
      vertex -8.18755 7.80615 0
      vertex -8.0488 7.3974 3.5
      vertex -8.0488 7.3974 0
    endloop
  endfacet
  facet normal -0.659328 -0.751856 0
    outer loop
      vertex -2.99109 11.2783 0
      vertex -2.66655 10.9937 3.5
      vertex -2.99109 11.2783 3.5
    endloop
  endfacet
  facet normal -0.659328 -0.751856 -0
    outer loop
      vertex -2.66655 10.9937 3.5
      vertex -2.99109 11.2783 0
      vertex -2.66655 10.9937 0
    endloop
  endfacet
  facet normal -0.751833 0.659354 0
    outer loop
      vertex -2.66655 6.3268 0
      vertex -2.38193 6.65134 3.5
      vertex -2.38193 6.65134 0
    endloop
  endfacet
  facet normal -0.751833 0.659354 0
    outer loop
      vertex -2.38193 6.65134 3.5
      vertex -2.66655 6.3268 0
      vertex -2.66655 6.3268 3.5
    endloop
  endfacet
  facet normal -0.896892 -0.44225 0
    outer loop
      vertex -1.9512 9.92311 0
      vertex -2.14212 10.3103 3.5
      vertex -2.14212 10.3103 0
    endloop
  endfacet
  facet normal -0.896892 -0.44225 0
    outer loop
      vertex -2.14212 10.3103 3.5
      vertex -1.9512 9.92311 0
      vertex -1.9512 9.92311 3.5
    endloop
  endfacet
  facet normal -0.997859 0.0653996 0
    outer loop
      vertex -1.72823 8.22952 0
      vertex -1.7 8.66025 3.5
      vertex -1.7 8.66025 0
    endloop
  endfacet
  facet normal -0.997859 0.0653996 0
    outer loop
      vertex -1.7 8.66025 3.5
      vertex -1.72823 8.22952 0
      vertex -1.72823 8.22952 3.5
    endloop
  endfacet
  facet normal 0.980782 0.195105 0
    outer loop
      vertex -8.18755 7.80615 3.5
      vertex -8.27177 8.22952 0
      vertex -8.27177 8.22952 3.5
    endloop
  endfacet
  facet normal 0.980782 0.195105 0
    outer loop
      vertex -8.27177 8.22952 0
      vertex -8.18755 7.80615 3.5
      vertex -8.18755 7.80615 0
    endloop
  endfacet
  facet normal 0.0654211 0.997858 -0
    outer loop
      vertex -5 5.36025 0
      vertex -5.43074 5.38849 3.5
      vertex -5 5.36025 3.5
    endloop
  endfacet
  facet normal 0.0654211 0.997858 0
    outer loop
      vertex -5.43074 5.38849 3.5
      vertex -5 5.36025 0
      vertex -5.43074 5.38849 0
    endloop
  endfacet
  facet normal -0.946931 -0.321435 0
    outer loop
      vertex -1.81245 9.51436 0
      vertex -1.9512 9.92311 3.5
      vertex -1.9512 9.92311 0
    endloop
  endfacet
  facet normal -0.946931 -0.321435 0
    outer loop
      vertex -1.9512 9.92311 3.5
      vertex -1.81245 9.51436 0
      vertex -1.81245 9.51436 3.5
    endloop
  endfacet
  facet normal -0.0655595 -0.997849 0
    outer loop
      vertex -5 11.9603 0
      vertex -4.56926 11.932 3.5
      vertex -5 11.9603 3.5
    endloop
  endfacet
  facet normal -0.0655595 -0.997849 -0
    outer loop
      vertex -4.56926 11.932 3.5
      vertex -5 11.9603 0
      vertex -4.56926 11.932 0
    endloop
  endfacet
  facet normal 0.321428 0.946934 -0
    outer loop
      vertex -5.8541 5.4727 0
      vertex -6.26286 5.61145 3.5
      vertex -5.8541 5.4727 3.5
    endloop
  endfacet
  facet normal 0.321428 0.946934 0
    outer loop
      vertex -6.26286 5.61145 3.5
      vertex -5.8541 5.4727 0
      vertex -6.26286 5.61145 0
    endloop
  endfacet
  facet normal 0.751793 -0.6594 0
    outer loop
      vertex -7.61807 10.6692 3.5
      vertex -7.33345 10.9937 0
      vertex -7.33345 10.9937 3.5
    endloop
  endfacet
  facet normal 0.751793 -0.6594 0
    outer loop
      vertex -7.33345 10.9937 0
      vertex -7.61807 10.6692 3.5
      vertex -7.61807 10.6692 0
    endloop
  endfacet
  facet normal 0.997859 0.0653996 0
    outer loop
      vertex -8.27177 8.22952 3.5
      vertex -8.3 8.66025 0
      vertex -8.3 8.66025 3.5
    endloop
  endfacet
  facet normal 0.997859 0.0653996 0
    outer loop
      vertex -8.3 8.66025 0
      vertex -8.27177 8.22952 3.5
      vertex -8.27177 8.22952 0
    endloop
  endfacet
  facet normal -0.896874 0.442286 0
    outer loop
      vertex -2.14212 7.01025 0
      vertex -1.9512 7.3974 3.5
      vertex -1.9512 7.3974 0
    endloop
  endfacet
  facet normal -0.896874 0.442286 0
    outer loop
      vertex -1.9512 7.3974 3.5
      vertex -2.14212 7.01025 0
      vertex -2.14212 7.01025 3.5
    endloop
  endfacet
  facet normal 0 0 -1
    outer loop
      vertex -1.72823 8.22952 3.5
      vertex -3.31454 8.43836 3.5
      vertex -3.3 8.66025 3.5
    endloop
  endfacet
  facet normal 0 0 -1
    outer loop
      vertex -3.96511 7.31155 3.5
      vertex -2.99109 6.04219 3.5
      vertex -3.35 5.80237 3.5
    endloop
  endfacet
  facet normal 0 0 -1
    outer loop
      vertex -2.66655 6.3268 3.5
      vertex -3.35793 8.22026 3.5
      vertex -3.31454 8.43836 3.5
    endloop
  endfacet
  facet normal 0 0 -1
    outer loop
      vertex -2.66655 6.3268 3.5
      vertex -3.42941 8.00969 3.5
      vertex -3.35793 8.22026 3.5
    endloop
  endfacet
  facet normal 0 0 -1
    outer loop
      vertex -2.66655 6.3268 3.5
      vertex -3.52776 7.81025 3.5
      vertex -3.42941 8.00969 3.5
    endloop
  endfacet
  facet normal 0 0 -1
    outer loop
      vertex -2.66655 6.3268 3.5
      vertex -3.6513 7.62536 3.5
      vertex -3.52776 7.81025 3.5
    endloop
  endfacet
  facet normal 0 0 -1
    outer loop
      vertex -4.15 7.18801 3.5
      vertex -3.35 5.80237 3.5
      vertex -3.73714 5.61145 3.5
    endloop
  endfacet
  facet normal 0 0 -1
    outer loop
      vertex -2.66655 6.3268 3.5
      vertex -3.79792 7.45817 3.5
      vertex -3.6513 7.62536 3.5
    endloop
  endfacet
  facet normal 0 0 -1
    outer loop
      vertex -2.99109 6.04219 3.5
      vertex -3.96511 7.31155 3.5
      vertex -3.79792 7.45817 3.5
    endloop
  endfacet
  facet normal 0 0 -1
    outer loop
      vertex -4.34944 7.08966 3.5
      vertex -3.73714 5.61145 3.5
      vertex -4.1459 5.4727 3.5
    endloop
  endfacet
  facet normal 0 0 -1
    outer loop
      vertex -3.35 5.80237 3.5
      vertex -4.15 7.18801 3.5
      vertex -3.96511 7.31155 3.5
    endloop
  endfacet
  facet normal 0 0 -1
    outer loop
      vertex -3.73714 5.61145 3.5
      vertex -4.34944 7.08966 3.5
      vertex -4.15 7.18801 3.5
    endloop
  endfacet
  facet normal 0 0 -1
    outer loop
      vertex -4.1459 5.4727 3.5
      vertex -4.56001 7.01818 3.5
      vertex -4.34944 7.08966 3.5
    endloop
  endfacet
  facet normal 0 0 -1
    outer loop
      vertex -4.56926 5.38849 3.5
      vertex -4.56001 7.01818 3.5
      vertex -4.1459 5.4727 3.5
    endloop
  endfacet
  facet normal 0 0 -1
    outer loop
      vertex -4.56926 5.38849 3.5
      vertex -4.77811 6.9748 3.5
      vertex -4.56001 7.01818 3.5
    endloop
  endfacet
  facet normal 0 0 -1
    outer loop
      vertex -5 5.36025 3.5
      vertex -4.77811 6.9748 3.5
      vertex -4.56926 5.38849 3.5
    endloop
  endfacet
  facet normal 0 0 -1
    outer loop
      vertex -5 5.36025 3.5
      vertex -5 6.96026 3.5
      vertex -4.77811 6.9748 3.5
    endloop
  endfacet
  facet normal 0 0 -1
    outer loop
      vertex -5 5.36025 3.5
      vertex -5.22189 6.9748 3.5
      vertex -5 6.96026 3.5
    endloop
  endfacet
  facet normal 0 0 -1
    outer loop
      vertex -5.43074 5.38849 3.5
      vertex -5.22189 6.9748 3.5
      vertex -5 5.36025 3.5
    endloop
  endfacet
  facet normal 0 0 -1
    outer loop
      vertex -5.43074 5.38849 3.5
      vertex -5.43999 7.01818 3.5
      vertex -5.22189 6.9748 3.5
    endloop
  endfacet
  facet normal 0 0 -1
    outer loop
      vertex -5.8541 5.4727 3.5
      vertex -5.43999 7.01818 3.5
      vertex -5.43074 5.38849 3.5
    endloop
  endfacet
  facet normal -0 0 -1
    outer loop
      vertex -5.43999 7.01818 3.5
      vertex -5.8541 5.4727 3.5
      vertex -5.65056 7.08966 3.5
    endloop
  endfacet
  facet normal 0 0 -1
    outer loop
      vertex -6.26286 5.61145 3.5
      vertex -5.65056 7.08966 3.5
      vertex -5.8541 5.4727 3.5
    endloop
  endfacet
  facet normal -0 0 -1
    outer loop
      vertex -5.65056 7.08966 3.5
      vertex -6.26286 5.61145 3.5
      vertex -5.85 7.18801 3.5
    endloop
  endfacet
  facet normal 0 0 -1
    outer loop
      vertex -6.65 5.80237 3.5
      vertex -5.85 7.18801 3.5
      vertex -6.26286 5.61145 3.5
    endloop
  endfacet
  facet normal -0 0 -1
    outer loop
      vertex -5.85 7.18801 3.5
      vertex -6.65 5.80237 3.5
      vertex -6.03489 7.31155 3.5
    endloop
  endfacet
  facet normal 0 0 -1
    outer loop
      vertex -7.00891 6.04219 3.5
      vertex -6.03489 7.31155 3.5
      vertex -6.65 5.80237 3.5
    endloop
  endfacet
  facet normal -0 0 -1
    outer loop
      vertex -6.03489 7.31155 3.5
      vertex -7.00891 6.04219 3.5
      vertex -6.20208 7.45817 3.5
    endloop
  endfacet
  facet normal 0 0 -1
    outer loop
      vertex -7.33345 6.3268 3.5
      vertex -6.20208 7.45817 3.5
      vertex -7.00891 6.04219 3.5
    endloop
  endfacet
  facet normal -0 0 -1
    outer loop
      vertex -6.20208 7.45817 3.5
      vertex -7.33345 6.3268 3.5
      vertex -6.3487 7.62536 3.5
    endloop
  endfacet
  facet normal 0 0 -1
    outer loop
      vertex -7.61807 6.65134 3.5
      vertex -6.3487 7.62536 3.5
      vertex -7.33345 6.3268 3.5
    endloop
  endfacet
  facet normal -0 0 -1
    outer loop
      vertex -6.3487 7.62536 3.5
      vertex -7.61807 6.65134 3.5
      vertex -6.47224 7.81025 3.5
    endloop
  endfacet
  facet normal 0 0 -1
    outer loop
      vertex -7.85788 7.01025 3.5
      vertex -6.47224 7.81025 3.5
      vertex -7.61807 6.65134 3.5
    endloop
  endfacet
  facet normal -0 0 -1
    outer loop
      vertex -6.47224 7.81025 3.5
      vertex -7.85788 7.01025 3.5
      vertex -6.57059 8.00969 3.5
    endloop
  endfacet
  facet normal 0 0 -1
    outer loop
      vertex -8.0488 7.3974 3.5
      vertex -6.57059 8.00969 3.5
      vertex -7.85788 7.01025 3.5
    endloop
  endfacet
  facet normal 0 0 -1
    outer loop
      vertex -6.7 8.66025 3.5
      vertex -7.33345 10.9937 3.5
      vertex -7.00891 11.2783 3.5
    endloop
  endfacet
  facet normal -0 0 -1
    outer loop
      vertex -6.57059 8.00969 3.5
      vertex -8.0488 7.3974 3.5
      vertex -6.64207 8.22026 3.5
    endloop
  endfacet
  facet normal 0 0 -1
    outer loop
      vertex -6.7 8.66025 3.5
      vertex -7.61807 10.6692 3.5
      vertex -7.33345 10.9937 3.5
    endloop
  endfacet
  facet normal 0 0 -1
    outer loop
      vertex -8.18755 7.80615 3.5
      vertex -6.64207 8.22026 3.5
      vertex -8.0488 7.3974 3.5
    endloop
  endfacet
  facet normal -0 0 -1
    outer loop
      vertex -6.64207 8.22026 3.5
      vertex -8.18755 7.80615 3.5
      vertex -6.68546 8.43836 3.5
    endloop
  endfacet
  facet normal 0 0 -1
    outer loop
      vertex -6.7 8.66025 3.5
      vertex -7.85788 10.3103 3.5
      vertex -7.61807 10.6692 3.5
    endloop
  endfacet
  facet normal 0 0 -1
    outer loop
      vertex -8.27177 8.22952 3.5
      vertex -6.68546 8.43836 3.5
      vertex -8.18755 7.80615 3.5
    endloop
  endfacet
  facet normal 0 0 -1
    outer loop
      vertex -6.7 8.66025 3.5
      vertex -8.0488 9.92311 3.5
      vertex -7.85788 10.3103 3.5
    endloop
  endfacet
  facet normal -0 0 -1
    outer loop
      vertex -6.68546 8.43836 3.5
      vertex -8.27177 8.22952 3.5
      vertex -6.7 8.66025 3.5
    endloop
  endfacet
  facet normal 0 0 -1
    outer loop
      vertex -6.7 8.66025 3.5
      vertex -8.18756 9.51436 3.5
      vertex -8.0488 9.92311 3.5
    endloop
  endfacet
  facet normal 0 0 -1
    outer loop
      vertex -8.3 8.66025 3.5
      vertex -6.7 8.66025 3.5
      vertex -8.27177 8.22952 3.5
    endloop
  endfacet
  facet normal 0 0 -1
    outer loop
      vertex -6.7 8.66025 3.5
      vertex -8.27177 9.09099 3.5
      vertex -8.18756 9.51436 3.5
    endloop
  endfacet
  facet normal 0 0 -1
    outer loop
      vertex -6.7 8.66025 3.5
      vertex -8.3 8.66025 3.5
      vertex -8.27177 9.09099 3.5
    endloop
  endfacet
  facet normal 0 0 -1
    outer loop
      vertex -3.3 8.66025 3.5
      vertex -1.7 8.66025 3.5
      vertex -1.72823 8.22952 3.5
    endloop
  endfacet
  facet normal 0 0 -1
    outer loop
      vertex -3.31454 8.43836 3.5
      vertex -1.72823 8.22952 3.5
      vertex -1.81244 7.80615 3.5
    endloop
  endfacet
  facet normal 0 0 -1
    outer loop
      vertex -1.7 8.66025 3.5
      vertex -3.3 8.66025 3.5
      vertex -1.72823 9.09099 3.5
    endloop
  endfacet
  facet normal 0 0 -1
    outer loop
      vertex -3.31454 8.43836 3.5
      vertex -1.81244 7.80615 3.5
      vertex -1.9512 7.3974 3.5
    endloop
  endfacet
  facet normal 0 0 -1
    outer loop
      vertex -3.31454 8.88215 3.5
      vertex -1.72823 9.09099 3.5
      vertex -3.3 8.66025 3.5
    endloop
  endfacet
  facet normal 0 0 -1
    outer loop
      vertex -3.31454 8.43836 3.5
      vertex -1.9512 7.3974 3.5
      vertex -2.14212 7.01025 3.5
    endloop
  endfacet
  facet normal -0 0 -1
    outer loop
      vertex -1.72823 9.09099 3.5
      vertex -3.31454 8.88215 3.5
      vertex -1.81245 9.51436 3.5
    endloop
  endfacet
  facet normal 0 0 -1
    outer loop
      vertex -3.35793 9.10025 3.5
      vertex -1.81245 9.51436 3.5
      vertex -3.31454 8.88215 3.5
    endloop
  endfacet
  facet normal 0 0 -1
    outer loop
      vertex -3.31454 8.43836 3.5
      vertex -2.14212 7.01025 3.5
      vertex -2.38193 6.65134 3.5
    endloop
  endfacet
  facet normal -0 0 -1
    outer loop
      vertex -1.81245 9.51436 3.5
      vertex -3.35793 9.10025 3.5
      vertex -1.9512 9.92311 3.5
    endloop
  endfacet
  facet normal 0 0 -1
    outer loop
      vertex -3.31454 8.43836 3.5
      vertex -2.38193 6.65134 3.5
      vertex -2.66655 6.3268 3.5
    endloop
  endfacet
  facet normal 0 0 -1
    outer loop
      vertex -3.42941 9.31082 3.5
      vertex -1.9512 9.92311 3.5
      vertex -3.35793 9.10025 3.5
    endloop
  endfacet
  facet normal 0 0 -1
    outer loop
      vertex -3.79792 7.45817 3.5
      vertex -2.66655 6.3268 3.5
      vertex -2.99109 6.04219 3.5
    endloop
  endfacet
  facet normal -0 0 -1
    outer loop
      vertex -1.9512 9.92311 3.5
      vertex -3.42941 9.31082 3.5
      vertex -2.14212 10.3103 3.5
    endloop
  endfacet
  facet normal 0 0 -1
    outer loop
      vertex -3.52776 9.51025 3.5
      vertex -2.14212 10.3103 3.5
      vertex -3.42941 9.31082 3.5
    endloop
  endfacet
  facet normal -0 0 -1
    outer loop
      vertex -2.14212 10.3103 3.5
      vertex -3.52776 9.51025 3.5
      vertex -2.38193 10.6692 3.5
    endloop
  endfacet
  facet normal 0 0 -1
    outer loop
      vertex -3.6513 9.69515 3.5
      vertex -2.38193 10.6692 3.5
      vertex -3.52776 9.51025 3.5
    endloop
  endfacet
  facet normal -0 0 -1
    outer loop
      vertex -2.38193 10.6692 3.5
      vertex -3.6513 9.69515 3.5
      vertex -2.66655 10.9937 3.5
    endloop
  endfacet
  facet normal 0 0 -1
    outer loop
      vertex -3.79792 9.86234 3.5
      vertex -2.66655 10.9937 3.5
      vertex -3.6513 9.69515 3.5
    endloop
  endfacet
  facet normal -0 0 -1
    outer loop
      vertex -2.66655 10.9937 3.5
      vertex -3.79792 9.86234 3.5
      vertex -2.99109 11.2783 3.5
    endloop
  endfacet
  facet normal 0 0 -1
    outer loop
      vertex -3.96511 10.009 3.5
      vertex -2.99109 11.2783 3.5
      vertex -3.79792 9.86234 3.5
    endloop
  endfacet
  facet normal -0 0 -1
    outer loop
      vertex -2.99109 11.2783 3.5
      vertex -3.96511 10.009 3.5
      vertex -3.35 11.5181 3.5
    endloop
  endfacet
  facet normal 0 0 -1
    outer loop
      vertex -4.15 10.1325 3.5
      vertex -3.35 11.5181 3.5
      vertex -3.96511 10.009 3.5
    endloop
  endfacet
  facet normal -0 0 -1
    outer loop
      vertex -3.35 11.5181 3.5
      vertex -4.15 10.1325 3.5
      vertex -3.73714 11.7091 3.5
    endloop
  endfacet
  facet normal 0 0 -1
    outer loop
      vertex -4.34944 10.2308 3.5
      vertex -3.73714 11.7091 3.5
      vertex -4.15 10.1325 3.5
    endloop
  endfacet
  facet normal -0 0 -1
    outer loop
      vertex -3.73714 11.7091 3.5
      vertex -4.34944 10.2308 3.5
      vertex -4.1459 11.8478 3.5
    endloop
  endfacet
  facet normal 0 0 -1
    outer loop
      vertex -4.56001 10.3023 3.5
      vertex -4.1459 11.8478 3.5
      vertex -4.34944 10.2308 3.5
    endloop
  endfacet
  facet normal 0 0 -1
    outer loop
      vertex -4.56001 10.3023 3.5
      vertex -4.56926 11.932 3.5
      vertex -4.1459 11.8478 3.5
    endloop
  endfacet
  facet normal 0 0 -1
    outer loop
      vertex -4.77811 10.3457 3.5
      vertex -4.56926 11.932 3.5
      vertex -4.56001 10.3023 3.5
    endloop
  endfacet
  facet normal 0 0 -1
    outer loop
      vertex -5 10.3603 3.5
      vertex -4.56926 11.932 3.5
      vertex -4.77811 10.3457 3.5
    endloop
  endfacet
  facet normal 0 0 -1
    outer loop
      vertex -5 10.3603 3.5
      vertex -5 11.9603 3.5
      vertex -4.56926 11.932 3.5
    endloop
  endfacet
  facet normal 0 0 -1
    outer loop
      vertex -5.22189 10.3457 3.5
      vertex -5 11.9603 3.5
      vertex -5 10.3603 3.5
    endloop
  endfacet
  facet normal 0 0 -1
    outer loop
      vertex -5.22189 10.3457 3.5
      vertex -5.43074 11.932 3.5
      vertex -5 11.9603 3.5
    endloop
  endfacet
  facet normal 0 0 -1
    outer loop
      vertex -5.43999 10.3023 3.5
      vertex -5.43074 11.932 3.5
      vertex -5.22189 10.3457 3.5
    endloop
  endfacet
  facet normal 0 0 -1
    outer loop
      vertex -5.8541 11.8478 3.5
      vertex -5.43999 10.3023 3.5
      vertex -5.65056 10.2308 3.5
    endloop
  endfacet
  facet normal 0 0 -1
    outer loop
      vertex -6.26286 11.7091 3.5
      vertex -5.65056 10.2308 3.5
      vertex -5.85 10.1325 3.5
    endloop
  endfacet
  facet normal 0 0 -1
    outer loop
      vertex -5.43999 10.3023 3.5
      vertex -5.8541 11.8478 3.5
      vertex -5.43074 11.932 3.5
    endloop
  endfacet
  facet normal 0 0 -1
    outer loop
      vertex -6.65 11.5181 3.5
      vertex -5.85 10.1325 3.5
      vertex -6.03489 10.009 3.5
    endloop
  endfacet
  facet normal 0 0 -1
    outer loop
      vertex -7.00891 11.2783 3.5
      vertex -6.03489 10.009 3.5
      vertex -6.20208 9.86234 3.5
    endloop
  endfacet
  facet normal 0 0 -1
    outer loop
      vertex -5.65056 10.2308 3.5
      vertex -6.26286 11.7091 3.5
      vertex -5.8541 11.8478 3.5
    endloop
  endfacet
  facet normal 0 0 -1
    outer loop
      vertex -7.00891 11.2783 3.5
      vertex -6.20208 9.86234 3.5
      vertex -6.3487 9.69515 3.5
    endloop
  endfacet
  facet normal 0 0 -1
    outer loop
      vertex -7.00891 11.2783 3.5
      vertex -6.3487 9.69515 3.5
      vertex -6.47224 9.51025 3.5
    endloop
  endfacet
  facet normal 0 0 -1
    outer loop
      vertex -7.00891 11.2783 3.5
      vertex -6.47224 9.51025 3.5
      vertex -6.57059 9.31082 3.5
    endloop
  endfacet
  facet normal 0 0 -1
    outer loop
      vertex -7.00891 11.2783 3.5
      vertex -6.57059 9.31082 3.5
      vertex -6.64207 9.10025 3.5
    endloop
  endfacet
  facet normal 0 0 -1
    outer loop
      vertex -5.85 10.1325 3.5
      vertex -6.65 11.5181 3.5
      vertex -6.26286 11.7091 3.5
    endloop
  endfacet
  facet normal 0 0 -1
    outer loop
      vertex -7.00891 11.2783 3.5
      vertex -6.64207 9.10025 3.5
      vertex -6.68546 8.88215 3.5
    endloop
  endfacet
  facet normal 0 0 -1
    outer loop
      vertex -7.00891 11.2783 3.5
      vertex -6.68546 8.88215 3.5
      vertex -6.7 8.66025 3.5
    endloop
  endfacet
  facet normal 0 0 -1
    outer loop
      vertex -6.03489 10.009 3.5
      vertex -7.00891 11.2783 3.5
      vertex -6.65 11.5181 3.5
    endloop
  endfacet
  facet normal 0.195087 0.980786 -0
    outer loop
      vertex -5.43074 5.38849 0
      vertex -5.8541 5.4727 3.5
      vertex -5.43074 5.38849 3.5
    endloop
  endfacet
  facet normal 0.195087 0.980786 0
    outer loop
      vertex -5.8541 5.4727 3.5
      vertex -5.43074 5.38849 0
      vertex -5.8541 5.4727 0
    endloop
  endfacet
  facet normal -0.555577 0.831465 0
    outer loop
      vertex -2.99109 6.04219 0
      vertex -3.35 5.80237 3.5
      vertex -2.99109 6.04219 3.5
    endloop
  endfacet
  facet normal -0.555577 0.831465 0
    outer loop
      vertex -3.35 5.80237 3.5
      vertex -2.99109 6.04219 0
      vertex -3.35 5.80237 0
    endloop
  endfacet
  facet normal -0.555545 -0.831487 0
    outer loop
      vertex -3.35 11.5181 0
      vertex -2.99109 11.2783 3.5
      vertex -3.35 11.5181 3.5
    endloop
  endfacet
  facet normal -0.555545 -0.831487 -0
    outer loop
      vertex -2.99109 11.2783 3.5
      vertex -3.35 11.5181 0
      vertex -2.99109 11.2783 0
    endloop
  endfacet
  facet normal -0.997859 -0.0653981 0
    outer loop
      vertex -1.7 8.66025 0
      vertex -1.72823 9.09099 3.5
      vertex -1.72823 9.09099 0
    endloop
  endfacet
  facet normal -0.997859 -0.0653981 0
    outer loop
      vertex -1.72823 9.09099 3.5
      vertex -1.7 8.66025 0
      vertex -1.7 8.66025 3.5
    endloop
  endfacet
  facet normal 0.555577 0.831465 -0
    outer loop
      vertex -6.65 5.80237 0
      vertex -7.00891 6.04219 3.5
      vertex -6.65 5.80237 3.5
    endloop
  endfacet
  facet normal 0.555577 0.831465 0
    outer loop
      vertex -7.00891 6.04219 3.5
      vertex -6.65 5.80237 0
      vertex -7.00891 6.04219 0
    endloop
  endfacet
  facet normal 0.442445 -0.896796 0
    outer loop
      vertex -6.65 11.5181 0
      vertex -6.26286 11.7091 3.5
      vertex -6.65 11.5181 3.5
    endloop
  endfacet
  facet normal 0.442445 -0.896796 0
    outer loop
      vertex -6.26286 11.7091 3.5
      vertex -6.65 11.5181 0
      vertex -6.26286 11.7091 0
    endloop
  endfacet
  facet normal 0.195065 -0.98079 0
    outer loop
      vertex -5.8541 11.8478 0
      vertex -5.43074 11.932 3.5
      vertex -5.8541 11.8478 3.5
    endloop
  endfacet
  facet normal 0.195065 -0.98079 0
    outer loop
      vertex -5.43074 11.932 3.5
      vertex -5.8541 11.8478 0
      vertex -5.43074 11.932 0
    endloop
  endfacet
  facet normal 0.751833 0.659354 0
    outer loop
      vertex -7.33345 6.3268 3.5
      vertex -7.61807 6.65134 0
      vertex -7.61807 6.65134 3.5
    endloop
  endfacet
  facet normal 0.751833 0.659354 0
    outer loop
      vertex -7.61807 6.65134 0
      vertex -7.33345 6.3268 3.5
      vertex -7.33345 6.3268 0
    endloop
  endfacet
  facet normal 0.555545 -0.831487 0
    outer loop
      vertex -7.00891 11.2783 0
      vertex -6.65 11.5181 3.5
      vertex -7.00891 11.2783 3.5
    endloop
  endfacet
  facet normal 0.555545 -0.831487 0
    outer loop
      vertex -6.65 11.5181 3.5
      vertex -7.00891 11.2783 0
      vertex -6.65 11.5181 0
    endloop
  endfacet
  facet normal 0.980787 -0.195082 0
    outer loop
      vertex -8.27177 9.09099 3.5
      vertex -8.18756 9.51436 0
      vertex -8.18756 9.51436 3.5
    endloop
  endfacet
  facet normal 0.980787 -0.195082 0
    outer loop
      vertex -8.18756 9.51436 0
      vertex -8.27177 9.09099 3.5
      vertex -8.27177 9.09099 0
    endloop
  endfacet
  facet normal 0.997859 -0.0653981 0
    outer loop
      vertex -8.3 8.66025 3.5
      vertex -8.27177 9.09099 0
      vertex -8.27177 9.09099 3.5
    endloop
  endfacet
  facet normal 0.997859 -0.0653981 0
    outer loop
      vertex -8.27177 9.09099 0
      vertex -8.3 8.66025 3.5
      vertex -8.3 8.66025 0
    endloop
  endfacet
  facet normal -0.751793 -0.6594 0
    outer loop
      vertex -2.38193 10.6692 0
      vertex -2.66655 10.9937 3.5
      vertex -2.66655 10.9937 0
    endloop
  endfacet
  facet normal -0.751793 -0.6594 0
    outer loop
      vertex -2.66655 10.9937 3.5
      vertex -2.38193 10.6692 0
      vertex -2.38193 10.6692 3.5
    endloop
  endfacet
  facet normal -0.980787 0.195082 0
    outer loop
      vertex -1.81244 7.80615 0
      vertex -1.72823 8.22952 3.5
      vertex -1.72823 8.22952 0
    endloop
  endfacet
  facet normal -0.980787 0.195082 0
    outer loop
      vertex -1.72823 8.22952 3.5
      vertex -1.81244 7.80615 0
      vertex -1.81244 7.80615 3.5
    endloop
  endfacet
  facet normal -0.946924 0.321456 0
    outer loop
      vertex -1.9512 7.3974 0
      vertex -1.81244 7.80615 3.5
      vertex -1.81244 7.80615 0
    endloop
  endfacet
  facet normal -0.946924 0.321456 0
    outer loop
      vertex -1.81244 7.80615 3.5
      vertex -1.9512 7.3974 0
      vertex -1.9512 7.3974 3.5
    endloop
  endfacet
  facet normal -0.195065 -0.98079 0
    outer loop
      vertex -4.56926 11.932 0
      vertex -4.1459 11.8478 3.5
      vertex -4.56926 11.932 3.5
    endloop
  endfacet
  facet normal -0.195065 -0.98079 -0
    outer loop
      vertex -4.1459 11.8478 3.5
      vertex -4.56926 11.932 0
      vertex -4.1459 11.8478 0
    endloop
  endfacet
  facet normal -0.831469 -0.555571 0
    outer loop
      vertex -2.14212 10.3103 0
      vertex -2.38193 10.6692 3.5
      vertex -2.38193 10.6692 0
    endloop
  endfacet
  facet normal -0.831469 -0.555571 0
    outer loop
      vertex -2.38193 10.6692 3.5
      vertex -2.14212 10.3103 0
      vertex -2.14212 10.3103 3.5
    endloop
  endfacet
  facet normal 0.896892 -0.44225 0
    outer loop
      vertex -8.0488 9.92311 3.5
      vertex -7.85788 10.3103 0
      vertex -7.85788 10.3103 3.5
    endloop
  endfacet
  facet normal 0.896892 -0.44225 0
    outer loop
      vertex -7.85788 10.3103 0
      vertex -8.0488 9.92311 3.5
      vertex -8.0488 9.92311 0
    endloop
  endfacet
  facet normal 0.659328 -0.751856 0
    outer loop
      vertex -7.33345 10.9937 0
      vertex -7.00891 11.2783 3.5
      vertex -7.33345 10.9937 3.5
    endloop
  endfacet
  facet normal 0.659328 -0.751856 0
    outer loop
      vertex -7.00891 11.2783 3.5
      vertex -7.33345 10.9937 0
      vertex -7.00891 11.2783 0
    endloop
  endfacet
  facet normal 0.896874 0.442286 0
    outer loop
      vertex -7.85788 7.01025 3.5
      vertex -8.0488 7.3974 0
      vertex -8.0488 7.3974 3.5
    endloop
  endfacet
  facet normal 0.896874 0.442286 0
    outer loop
      vertex -8.0488 7.3974 0
      vertex -7.85788 7.01025 3.5
      vertex -7.85788 7.01025 0
    endloop
  endfacet
  facet normal -0.321325 -0.946969 0
    outer loop
      vertex -4.1459 11.8478 0
      vertex -3.73714 11.7091 3.5
      vertex -4.1459 11.8478 3.5
    endloop
  endfacet
  facet normal -0.321325 -0.946969 -0
    outer loop
      vertex -3.73714 11.7091 3.5
      vertex -4.1459 11.8478 0
      vertex -3.73714 11.7091 0
    endloop
  endfacet
  facet normal -0.442445 -0.896796 0
    outer loop
      vertex -3.73714 11.7091 0
      vertex -3.35 11.5181 3.5
      vertex -3.73714 11.7091 3.5
    endloop
  endfacet
  facet normal -0.442445 -0.896796 -0
    outer loop
      vertex -3.35 11.5181 3.5
      vertex -3.73714 11.7091 0
      vertex -3.35 11.5181 0
    endloop
  endfacet
  facet normal 0.946924 -0.321456 0
    outer loop
      vertex -8.18756 9.51436 3.5
      vertex -8.0488 9.92311 0
      vertex -8.0488 9.92311 3.5
    endloop
  endfacet
  facet normal 0.946924 -0.321456 0
    outer loop
      vertex -8.0488 9.92311 0
      vertex -8.18756 9.51436 3.5
      vertex -8.18756 9.51436 0
    endloop
  endfacet
endsolid OpenSCAD_Model
