solid OpenSCAD_Model
  facet normal -0.309027 -0.951053 0
    outer loop
      vertex -12.1779 -14.237 -18.4
      vertex -10.095 -14.9138 -7
      vertex -12.1779 -14.237 -7
    endloop
  endfacet
  facet normal -0.309027 -0.951053 -0
    outer loop
      vertex -10.095 -14.9138 -7
      vertex -12.1779 -14.237 -18.4
      vertex -10.095 -14.9138 -18.4
    endloop
  endfacet
  facet normal -0.805534 -0.527959 0.269025
    outer loop
      vertex -13.9497 -12.0044 -4.09061
      vertex -15.237 -11.0224 -6.01797
      vertex -13.9497 -12.7075 -5.47044
    endloop
  endfacet
  facet normal 0.949916 0.278445 0.141877
    outer loop
      vertex 83.9138 8.88591 -6.35635
      vertex 83.9138 9.04145 -6.66161
      vertex 83.237 10.571 -5.13206
    endloop
  endfacet
  facet normal -0.305549 0.940453 0.148959
    outer loop
      vertex -10.095 14.5754 -4.86351
      vertex -10.095 14.9138 -7
      vertex -12.1779 13.9318 -5.07265
    endloop
  endfacet
  facet normal 0 -0.707002 0.707212
    outer loop
      vertex 70.8867 -12.0638 -1.4066
      vertex 75.6665 -12.3335 -1.67622
      vertex 75.4301 -12.0638 -1.4066
    endloop
  endfacet
  facet normal -1.41469e-05 -0.707127 0.707086
    outer loop
      vertex 70.8867 -12.0638 -1.4066
      vertex 75.9911 -12.6181 -1.96083
      vertex 75.6665 -12.3335 -1.67622
    endloop
  endfacet
  facet normal -4.06451e-06 -0.707081 0.707133
    outer loop
      vertex 69.5 -12.9904 -2.33314
      vertex 75.9911 -12.6181 -1.96083
      vertex 70.8867 -12.0638 -1.4066
    endloop
  endfacet
  facet normal 2.1118e-06 -0.707135 0.707079
    outer loop
      vertex 75.9911 -12.6181 -1.96083
      vertex 69.5 -12.9904 -2.33314
      vertex 76.35 -12.8579 -2.20065
    endloop
  endfacet
  facet normal 2.37207e-06 -0.707141 0.707072
    outer loop
      vertex 69.5 -12.9904 -2.33314
      vertex 76.7371 -13.0488 -2.39157
      vertex 76.35 -12.8579 -2.20065
    endloop
  endfacet
  facet normal 2.69772e-06 -0.707121 0.707092
    outer loop
      vertex 68.2772 -13.5934 -2.93616
      vertex 76.7371 -13.0488 -2.39157
      vertex 69.5 -12.9904 -2.33314
    endloop
  endfacet
  facet normal 0 -0.7071 0.707113
    outer loop
      vertex 78.095 -13.5934 -2.93616
      vertex 76.7371 -13.0488 -2.39157
      vertex 68.2772 -13.5934 -2.93616
    endloop
  endfacet
  facet normal 5.30877e-06 -0.707135 0.707078
    outer loop
      vertex 77.1459 -13.1876 -2.53032
      vertex 78.095 -13.5934 -2.93616
      vertex 77.5693 -13.2718 -2.61453
    endloop
  endfacet
  facet normal -0.000534489 -0.707766 0.706447
    outer loop
      vertex 76.7371 -13.0488 -2.39157
      vertex 78.095 -13.5934 -2.93616
      vertex 77.1459 -13.1876 -2.53032
    endloop
  endfacet
  facet normal -0.000218665 -0.707142 0.707071
    outer loop
      vertex 78 -13.3 -2.64276
      vertex 78.095 -13.5934 -2.93616
      vertex 78.095 -13.2938 -2.63653
    endloop
  endfacet
  facet normal 5.03202e-05 -0.707099 0.707115
    outer loop
      vertex 77.5693 -13.2718 -2.61453
      vertex 78.095 -13.5934 -2.93616
      vertex 78 -13.3 -2.64276
    endloop
  endfacet
  facet normal 0 -0.707098 0.707116
    outer loop
      vertex -10.095 -13.5934 -2.93616
      vertex 24.7814 -12.0638 -1.4066
      vertex -10.095 -12.0638 -1.4066
    endloop
  endfacet
  facet normal -1.7035e-05 -0.706903 0.70731
    outer loop
      vertex 24.7814 -12.0638 -1.4066
      vertex -10.095 -13.5934 -2.93616
      vertex 25.1459 -12.1876 -1.53032
    endloop
  endfacet
  facet normal 2.12171e-06 -0.707143 0.70707
    outer loop
      vertex 25.1459 -12.1876 -1.53032
      vertex -10.095 -13.5934 -2.93616
      vertex 25.5693 -12.2718 -1.61453
    endloop
  endfacet
  facet normal 1.7415e-05 -0.70735 0.706864
    outer loop
      vertex 25.5693 -12.2718 -1.61453
      vertex -10.095 -13.5934 -2.93616
      vertex 26 -12.3 -1.64276
    endloop
  endfacet
  facet normal 0 -0.707107 0.707107
    outer loop
      vertex 55.7228 -13.5934 -2.93616
      vertex 26 -12.3 -1.64276
      vertex -10.095 -13.5934 -2.93616
    endloop
  endfacet
  facet normal -1.11932e-06 -0.70712 0.707094
    outer loop
      vertex 26 -12.3 -1.64276
      vertex 55.7228 -13.5934 -2.93616
      vertex 54.5 -12.9904 -2.33314
    endloop
  endfacet
  facet normal 1.26987e-05 -0.706897 0.707317
    outer loop
      vertex 54.5 -12.9904 -2.33314
      vertex 27.2186 -12.0638 -1.4066
      vertex 26.8541 -12.1876 -1.53032
    endloop
  endfacet
  facet normal -1.68147e-06 -0.707145 0.707069
    outer loop
      vertex 54.5 -12.9904 -2.33314
      vertex 26.8541 -12.1876 -1.53032
      vertex 26.4307 -12.2718 -1.61453
    endloop
  endfacet
  facet normal -1.36584e-05 -0.707378 0.706835
    outer loop
      vertex 54.5 -12.9904 -2.33314
      vertex 26.4307 -12.2718 -1.61453
      vertex 26 -12.3 -1.64276
    endloop
  endfacet
  facet normal 0 -0.707084 0.70713
    outer loop
      vertex 27.2186 -12.0638 -1.4066
      vertex 54.5 -12.9904 -2.33314
      vertex 53.1133 -12.0638 -1.4066
    endloop
  endfacet
  facet normal 0.309027 -0.951053 0
    outer loop
      vertex 78.095 -14.9138 -18.4
      vertex 80.1779 -14.237 -7
      vertex 78.095 -14.9138 -7
    endloop
  endfacet
  facet normal 0.309027 -0.951053 0
    outer loop
      vertex 80.1779 -14.237 -7
      vertex 78.095 -14.9138 -18.4
      vertex 80.1779 -14.237 -18.4
    endloop
  endfacet
  facet normal 0.305561 -0.848398 0.432265
    outer loop
      vertex 78.095 -13.5934 -2.93616
      vertex 78.095 -14.5754 -4.86351
      vertex 80.1779 -13.0459 -3.33396
    endloop
  endfacet
  facet normal -0.305572 0.432281 0.848386
    outer loop
      vertex -10.095 10.1365 -0.424568
      vertex -12.1779 11.666 -1.95412
      vertex -12.1779 9.92735 -1.06822
    endloop
  endfacet
  facet normal 0 1 0
    outer loop
      vertex 78.095 14.9138 -7
      vertex 63.3149 14.9138 -12.41
      vertex 63.3149 14.9138 -7
    endloop
  endfacet
  facet normal 0 1 0
    outer loop
      vertex 63.3149 14.9138 -12.41
      vertex 78.095 14.9138 -18.4
      vertex 60.6851 14.9138 -12.41
    endloop
  endfacet
  facet normal 0 1 -0
    outer loop
      vertex 78.095 14.9138 -18.4
      vertex 63.3149 14.9138 -12.41
      vertex 78.095 14.9138 -7
    endloop
  endfacet
  facet normal 0 1 -0
    outer loop
      vertex 60.6851 14.9138 -12.41
      vertex -10.095 14.9138 -7
      vertex 60.6851 14.9138 -7
    endloop
  endfacet
  facet normal 0 1 0
    outer loop
      vertex -10.095 14.9138 -18.4
      vertex 60.6851 14.9138 -12.41
      vertex 78.095 14.9138 -18.4
    endloop
  endfacet
  facet normal 0 1 0
    outer loop
      vertex 60.6851 14.9138 -12.41
      vertex -10.095 14.9138 -18.4
      vertex -10.095 14.9138 -7
    endloop
  endfacet
  facet normal -0.949916 -0.0488816 0.308659
    outer loop
      vertex -15.9138 -8 -5.90496
      vertex -15.9138 -8.33839 -5.95855
      vertex -15.237 -8 -3.82207
    endloop
  endfacet
  facet normal -0.809014 0.587789 0
    outer loop
      vertex -15.237 11.1779 -18.4
      vertex -13.9497 12.9497 -7
      vertex -13.9497 12.9497 -18.4
    endloop
  endfacet
  facet normal -0.809014 0.587789 0
    outer loop
      vertex -13.9497 12.9497 -7
      vertex -15.237 11.1779 -18.4
      vertex -15.237 11.1779 -7
    endloop
  endfacet
  facet normal 0.309027 0.951053 -0
    outer loop
      vertex 80.1779 14.237 -18.4
      vertex 78.095 14.9138 -7
      vertex 80.1779 14.237 -7
    endloop
  endfacet
  facet normal 0.309027 0.951053 0
    outer loop
      vertex 78.095 14.9138 -7
      vertex 80.1779 14.237 -18.4
      vertex 78.095 14.9138 -18.4
    endloop
  endfacet
  facet normal -0 0.454045 0.890979
    outer loop
      vertex -10.095 12.0638 -1.4066
      vertex 52.8686 11.9003 -1.32328
      vertex 53.1133 12.0638 -1.4066
    endloop
  endfacet
  facet normal -1.72405e-07 0.453992 0.891006
    outer loop
      vertex -10.095 12.0638 -1.4066
      vertex 51.3934 10.6066 -0.664104
      vertex 52.8686 11.9003 -1.32328
    endloop
  endfacet
  facet normal 1.35571e-07 0.454003 0.891
    outer loop
      vertex -10.095 12.0638 -1.4066
      vertex 50.9811 10.1365 -0.424568
      vertex 51.3934 10.6066 -0.664104
    endloop
  endfacet
  facet normal 0 0.453999 0.891002
    outer loop
      vertex 50.9811 10.1365 -0.424568
      vertex -10.095 12.0638 -1.4066
      vertex -10.095 10.1365 -0.424568
    endloop
  endfacet
  facet normal 0 0.45405 0.890976
    outer loop
      vertex 74.7282 10.4307 -0.574495
      vertex 73.0189 10.1365 -0.424568
      vertex 74.7089 10.1365 -0.424568
    endloop
  endfacet
  facet normal 1.96889e-05 0.453959 0.891023
    outer loop
      vertex 74.8124 10.8541 -0.790211
      vertex 73.0189 10.1365 -0.424568
      vertex 74.7282 10.4307 -0.574495
    endloop
  endfacet
  facet normal 5.87247e-06 0.453947 0.891028
    outer loop
      vertex 72.6066 10.6066 -0.664104
      vertex 74.8124 10.8541 -0.790211
      vertex 74.9512 11.2629 -0.998481
    endloop
  endfacet
  facet normal -2.70435e-05 0.454041 0.890981
    outer loop
      vertex 72.6066 10.6066 -0.664104
      vertex 74.9512 11.2629 -0.998481
      vertex 75.1421 11.65 -1.19574
    endloop
  endfacet
  facet normal 4.50411e-07 0.454013 0.890995
    outer loop
      vertex 71.1314 11.9003 -1.32328
      vertex 75.1421 11.65 -1.19574
      vertex 75.3819 12.0089 -1.37862
    endloop
  endfacet
  facet normal -1.80443e-06 0.454083 0.89096
    outer loop
      vertex 71.1314 11.9003 -1.32328
      vertex 75.3819 12.0089 -1.37862
      vertex 75.4301 12.0638 -1.4066
    endloop
  endfacet
  facet normal -1.76739e-06 0.454001 0.891001
    outer loop
      vertex 74.8124 10.8541 -0.790211
      vertex 72.6066 10.6066 -0.664104
      vertex 73.0189 10.1365 -0.424568
    endloop
  endfacet
  facet normal -1.24705e-06 0.453991 0.891006
    outer loop
      vertex 75.1421 11.65 -1.19574
      vertex 71.1314 11.9003 -1.32328
      vertex 72.6066 10.6066 -0.664104
    endloop
  endfacet
  facet normal 0 0.454045 0.890979
    outer loop
      vertex 71.1314 11.9003 -1.32328
      vertex 75.4301 12.0638 -1.4066
      vertex 70.8867 12.0638 -1.4066
    endloop
  endfacet
  facet normal -0.305581 0.940448 0.148922
    outer loop
      vertex -10.095 14.9138 -7
      vertex -12.1779 14.237 -7
      vertex -12.1779 13.9318 -5.07265
    endloop
  endfacet
  facet normal 0.805533 0.585259 0.0926736
    outer loop
      vertex 83.237 11.0224 -6.01797
      vertex 81.9497 12.9497 -7
      vertex 81.9497 12.7075 -5.47044
    endloop
  endfacet
  facet normal -0.305552 -0.848396 0.432276
    outer loop
      vertex -12.1779 -13.0459 -3.33396
      vertex -12.1779 -13.9318 -5.07265
      vertex -10.095 -14.5754 -4.86351
    endloop
  endfacet
  facet normal -0.305569 -0.148954 0.940447
    outer loop
      vertex -12.1779 -8 -0.762955
      vertex -12.1779 -9.92735 -1.06822
      vertex -10.095 -8 -0.0861816
    endloop
  endfacet
  facet normal -0.805534 -0.0926952 0.585254
    outer loop
      vertex -15.237 -8 -3.82207
      vertex -15.237 -8.98204 -3.97761
      vertex -13.9497 -8 -2.05025
    endloop
  endfacet
  facet normal -0.80553 -0.527969 0.269017
    outer loop
      vertex -15.237 -10.571 -5.13206
      vertex -15.237 -11.0224 -6.01797
      vertex -13.9497 -12.0044 -4.09061
    endloop
  endfacet
  facet normal -0.949916 -0.278445 0.141877
    outer loop
      vertex -15.237 -10.571 -5.13206
      vertex -15.9138 -9.04145 -6.66161
      vertex -15.237 -11.0224 -6.01797
    endloop
  endfacet
  facet normal -0 0.156433 0.987689
    outer loop
      vertex -10.095 10.1365 -0.424568
      vertex 50.0997 9.13142 -0.265381
      vertex 50.9811 10.1365 -0.424568
    endloop
  endfacet
  facet normal 3.40976e-08 0.156435 0.987688
    outer loop
      vertex -10.095 10.1365 -0.424568
      vertex 49.3437 8 -0.0861816
      vertex 50.0997 9.13142 -0.265381
    endloop
  endfacet
  facet normal 0 0.156434 0.987688
    outer loop
      vertex 49.3437 8 -0.0861816
      vertex -10.095 10.1365 -0.424568
      vertex -10.095 8 -0.0861816
    endloop
  endfacet
  facet normal -9.28225e-07 0.156434 0.987688
    outer loop
      vertex 74.9512 8.73715 -0.202934
      vertex 73.9003 9.13142 -0.265381
      vertex 74.6563 8 -0.0861816
    endloop
  endfacet
  facet normal -0 0.156417 0.987691
    outer loop
      vertex 73.0189 10.1365 -0.424568
      vertex 74.7 10 -0.402951
      vertex 74.7089 10.1365 -0.424568
    endloop
  endfacet
  facet normal 1.39163e-06 0.156434 0.987688
    outer loop
      vertex 74.7 10 -0.402951
      vertex 73.0189 10.1365 -0.424568
      vertex 73.9003 9.13142 -0.265381
    endloop
  endfacet
  facet normal 0 0.156434 0.987688
    outer loop
      vertex 75.1421 8.35 -0.141616
      vertex 74.6563 8 -0.0861816
      vertex 75.376 8 -0.0861816
    endloop
  endfacet
  facet normal 4.95835e-07 0.156433 0.987689
    outer loop
      vertex 74.9512 8.73715 -0.202934
      vertex 74.6563 8 -0.0861816
      vertex 75.1421 8.35 -0.141616
    endloop
  endfacet
  facet normal -4.51775e-07 0.156435 0.987688
    outer loop
      vertex 73.9003 9.13142 -0.265381
      vertex 74.9512 8.73715 -0.202934
      vertex 74.8124 9.1459 -0.267674
    endloop
  endfacet
  facet normal -4.89349e-07 0.156437 0.987688
    outer loop
      vertex 73.9003 9.13142 -0.265381
      vertex 74.8124 9.1459 -0.267674
      vertex 74.7282 9.56926 -0.334729
    endloop
  endfacet
  facet normal 1.70534e-06 0.156433 0.987689
    outer loop
      vertex 73.9003 9.13142 -0.265381
      vertex 74.7282 9.56926 -0.334729
      vertex 74.7 10 -0.402951
    endloop
  endfacet
  facet normal 3.46427e-08 -0.156433 0.987689
    outer loop
      vertex 22.7282 -8.56926 -0.176344
      vertex -10.095 -8 -0.0861816
      vertex 22.7 -9 -0.244566
    endloop
  endfacet
  facet normal -4.51629e-10 -0.156435 0.987688
    outer loop
      vertex 22.8124 -8.1459 -0.10929
      vertex -10.095 -8 -0.0861816
      vertex 22.7282 -8.56926 -0.176344
    endloop
  endfacet
  facet normal 0 -0.156435 0.987688
    outer loop
      vertex -10.095 -8 -0.0861816
      vertex 22.8124 -8.1459 -0.10929
      vertex 22.862 -8 -0.0861816
    endloop
  endfacet
  facet normal 2.63688e-08 -0.156434 0.987688
    outer loop
      vertex -10.095 -10.1365 -0.424568
      vertex 22.7 -9 -0.244566
      vertex -10.095 -8 -0.0861816
    endloop
  endfacet
  facet normal 1.68487e-08 -0.156433 0.987689
    outer loop
      vertex 22.7 -9 -0.244566
      vertex -10.095 -10.1365 -0.424568
      vertex 22.7282 -9.43074 -0.312788
    endloop
  endfacet
  facet normal 1.10125e-07 -0.156438 0.987688
    outer loop
      vertex 22.7282 -9.43074 -0.312788
      vertex -10.095 -10.1365 -0.424568
      vertex 22.8124 -9.8541 -0.379843
    endloop
  endfacet
  facet normal 0 -0.156425 0.98769
    outer loop
      vertex 22.8124 -9.8541 -0.379843
      vertex -10.095 -10.1365 -0.424568
      vertex 22.9083 -10.1365 -0.424568
    endloop
  endfacet
  facet normal -4.89349e-07 -0.156437 0.987688
    outer loop
      vertex 74.8124 -9.1459 -0.267674
      vertex 73.9003 -9.13142 -0.265381
      vertex 74.7282 -9.56926 -0.334729
    endloop
  endfacet
  facet normal -4.51775e-07 -0.156435 0.987688
    outer loop
      vertex 74.9512 -8.73715 -0.202934
      vertex 73.9003 -9.13142 -0.265381
      vertex 74.8124 -9.1459 -0.267674
    endloop
  endfacet
  facet normal -9.28225e-07 -0.156434 0.987688
    outer loop
      vertex 73.9003 -9.13142 -0.265381
      vertex 74.9512 -8.73715 -0.202934
      vertex 74.6563 -8 -0.0861816
    endloop
  endfacet
  facet normal 4.95835e-07 -0.156433 0.987689
    outer loop
      vertex 75.1421 -8.35 -0.141616
      vertex 74.6563 -8 -0.0861816
      vertex 74.9512 -8.73715 -0.202934
    endloop
  endfacet
  facet normal 0 -0.156434 0.987688
    outer loop
      vertex 74.6563 -8 -0.0861816
      vertex 75.1421 -8.35 -0.141616
      vertex 75.376 -8 -0.0861816
    endloop
  endfacet
  facet normal 1.70534e-06 -0.156433 0.987689
    outer loop
      vertex 74.7282 -9.56926 -0.334729
      vertex 73.9003 -9.13142 -0.265381
      vertex 74.7 -10 -0.402951
    endloop
  endfacet
  facet normal 1.39163e-06 -0.156434 0.987688
    outer loop
      vertex 73.0189 -10.1365 -0.424568
      vertex 74.7 -10 -0.402951
      vertex 73.9003 -9.13142 -0.265381
    endloop
  endfacet
  facet normal 0 -0.156417 0.987691
    outer loop
      vertex 74.7 -10 -0.402951
      vertex 73.0189 -10.1365 -0.424568
      vertex 74.7089 -10.1365 -0.424568
    endloop
  endfacet
  facet normal -5.66098e-08 -0.156433 0.987689
    outer loop
      vertex 49.3437 -8 -0.0861816
      vertex 29.2718 -8.56926 -0.176344
      vertex 29.3 -9 -0.244566
    endloop
  endfacet
  facet normal 7.36931e-10 -0.156435 0.987688
    outer loop
      vertex 49.3437 -8 -0.0861816
      vertex 29.1876 -8.1459 -0.10929
      vertex 29.2718 -8.56926 -0.176344
    endloop
  endfacet
  facet normal 0 -0.156435 0.987688
    outer loop
      vertex 29.1876 -8.1459 -0.10929
      vertex 49.3437 -8 -0.0861816
      vertex 29.138 -8 -0.0861816
    endloop
  endfacet
  facet normal -5.69808e-08 -0.156433 0.987689
    outer loop
      vertex 29.2718 -9.43074 -0.312788
      vertex 49.3437 -8 -0.0861816
      vertex 29.3 -9 -0.244566
    endloop
  endfacet
  facet normal 2.5764e-07 -0.156438 0.987688
    outer loop
      vertex 29.1876 -9.8541 -0.379843
      vertex 49.3437 -8 -0.0861816
      vertex 29.2718 -9.43074 -0.312788
    endloop
  endfacet
  facet normal -9.59495e-07 -0.156425 0.98769
    outer loop
      vertex 29.0917 -10.1365 -0.424568
      vertex 49.3437 -8 -0.0861816
      vertex 29.1876 -9.8541 -0.379843
    endloop
  endfacet
  facet normal 9.57303e-08 -0.156434 0.987688
    outer loop
      vertex 49.3437 -8 -0.0861816
      vertex 29.0917 -10.1365 -0.424568
      vertex 50.0997 -9.13142 -0.265381
    endloop
  endfacet
  facet normal 0 -0.156433 0.987689
    outer loop
      vertex 50.0997 -9.13142 -0.265381
      vertex 29.0917 -10.1365 -0.424568
      vertex 50.9811 -10.1365 -0.424568
    endloop
  endfacet
  facet normal 0.949916 -0.141877 0.278445
    outer loop
      vertex 83.237 -9.86794 -4.429
      vertex 83.9138 -8.64365 -6.11409
      vertex 83.9138 -8.33839 -5.95855
    endloop
  endfacet
  facet normal 0.582593 0.574681 0.574741
    outer loop
      vertex 80.3335 12.3335 -2.77936
      vertex 80.1779 13.0459 -3.33396
      vertex 80.1779 12.4698 -2.75792
    endloop
  endfacet
  facet normal 0.583075 0.574426 0.574507
    outer loop
      vertex 81.9497 12.0044 -4.09061
      vertex 80.3335 12.3335 -2.77936
      vertex 80.6181 12.0089 -2.74365
    endloop
  endfacet
  facet normal 0.583038 0.574538 0.574433
    outer loop
      vertex 80.3335 12.3335 -2.77936
      vertex 81.9497 12.0044 -4.09061
      vertex 80.1779 13.0459 -3.33396
    endloop
  endfacet
  facet normal 0.583045 0.574487 0.574477
    outer loop
      vertex 80.8579 11.65 -2.62812
      vertex 81.9497 12.0044 -4.09061
      vertex 80.6181 12.0089 -2.74365
    endloop
  endfacet
  facet normal 0.583051 0.574542 0.574415
    outer loop
      vertex 81.9497 10.9094 -2.99557
      vertex 80.8579 11.65 -2.62812
      vertex 81.0293 11.3025 -2.45452
    endloop
  endfacet
  facet normal 0.583039 0.574495 0.574474
    outer loop
      vertex 80.8579 11.65 -2.62812
      vertex 81.9497 10.9094 -2.99557
      vertex 81.9497 12.0044 -4.09061
    endloop
  endfacet
  facet normal 0 -1 0
    outer loop
      vertex -10.095 -14.9138 -7
      vertex 60.6851 -14.9138 -12.41
      vertex 60.6851 -14.9138 -7
    endloop
  endfacet
  facet normal 0 -1 0
    outer loop
      vertex 78.095 -14.9138 -18.4
      vertex 60.6851 -14.9138 -12.41
      vertex -10.095 -14.9138 -18.4
    endloop
  endfacet
  facet normal 0 -1 0
    outer loop
      vertex -10.095 -14.9138 -18.4
      vertex 60.6851 -14.9138 -12.41
      vertex -10.095 -14.9138 -7
    endloop
  endfacet
  facet normal 0 -1 0
    outer loop
      vertex 63.3149 -14.9138 -12.41
      vertex 78.095 -14.9138 -7
      vertex 63.3149 -14.9138 -7
    endloop
  endfacet
  facet normal 0 -1 0
    outer loop
      vertex 63.3149 -14.9138 -12.41
      vertex 78.095 -14.9138 -18.4
      vertex 78.095 -14.9138 -7
    endloop
  endfacet
  facet normal 0 -1 0
    outer loop
      vertex 60.6851 -14.9138 -12.41
      vertex 78.095 -14.9138 -18.4
      vertex 63.3149 -14.9138 -12.41
    endloop
  endfacet
  facet normal -0.583024 -0.802456 0.127071
    outer loop
      vertex -13.9497 -12.9497 -7
      vertex -12.1779 -14.237 -7
      vertex -12.1779 -13.9318 -5.07265
    endloop
  endfacet
  facet normal -0.305552 0.848396 0.432276
    outer loop
      vertex -10.095 14.5754 -4.86351
      vertex -12.1779 13.9318 -5.07265
      vertex -12.1779 13.0459 -3.33396
    endloop
  endfacet
  facet normal -0.949915 -0.141876 0.278446
    outer loop
      vertex -15.237 -8.98204 -3.97761
      vertex -15.9138 -8.33839 -5.95855
      vertex -15.237 -9.86794 -4.429
    endloop
  endfacet
  facet normal -0.949915 0.220976 0.220976
    outer loop
      vertex -15.9138 8.88591 -6.35635
      vertex -15.237 9.86794 -4.429
      vertex -15.237 10.571 -5.13206
    endloop
  endfacet
  facet normal -0.949915 0.220976 0.220976
    outer loop
      vertex -15.237 9.86794 -4.429
      vertex -15.9138 8.88591 -6.35635
      vertex -15.9138 8.64365 -6.11409
    endloop
  endfacet
  facet normal -0.805532 0.419006 0.418991
    outer loop
      vertex -15.237 10.571 -5.13206
      vertex -13.9497 10.9094 -2.99557
      vertex -13.9497 12.0044 -4.09061
    endloop
  endfacet
  facet normal -0.805535 0.418995 0.418995
    outer loop
      vertex -13.9497 10.9094 -2.99557
      vertex -15.237 10.571 -5.13206
      vertex -15.237 9.86794 -4.429
    endloop
  endfacet
  facet normal -0.805534 -0.0926957 0.585254
    outer loop
      vertex -13.9497 -8 -2.05025
      vertex -15.237 -8.98204 -3.97761
      vertex -13.9497 -9.52956 -2.29251
    endloop
  endfacet
  facet normal -0.949915 -0.308662 0.0488753
    outer loop
      vertex -15.9138 -9.04145 -6.66161
      vertex -15.237 -11.1779 -7
      vertex -15.237 -11.0224 -6.01797
    endloop
  endfacet
  facet normal -1 0 0
    outer loop
      vertex -15.9138 8 -5.90496
      vertex -15.9138 9.09504 -7
      vertex -15.9138 9.09504 -18.4
    endloop
  endfacet
  facet normal -1 0 0
    outer loop
      vertex -15.9138 9.09504 -7
      vertex -15.9138 8 -5.90496
      vertex -15.9138 9.04145 -6.66161
    endloop
  endfacet
  facet normal -1 0 0
    outer loop
      vertex -15.9138 9.04145 -6.66161
      vertex -15.9138 8 -5.90496
      vertex -15.9138 8.88591 -6.35635
    endloop
  endfacet
  facet normal -1 0 0
    outer loop
      vertex -15.9138 8.88591 -6.35635
      vertex -15.9138 8 -5.90496
      vertex -15.9138 8.64365 -6.11409
    endloop
  endfacet
  facet normal -1 0 0
    outer loop
      vertex -15.9138 8.64365 -6.11409
      vertex -15.9138 8 -5.90496
      vertex -15.9138 8.33839 -5.95855
    endloop
  endfacet
  facet normal -1 0 0
    outer loop
      vertex -15.9138 9.09504 -18.4
      vertex -15.9138 -8 -5.90496
      vertex -15.9138 8 -5.90496
    endloop
  endfacet
  facet normal -1 0 0
    outer loop
      vertex -15.9138 -9.09504 -18.4
      vertex -15.9138 -8 -5.90496
      vertex -15.9138 9.09504 -18.4
    endloop
  endfacet
  facet normal -1 0 0
    outer loop
      vertex -15.9138 -8 -5.90496
      vertex -15.9138 -9.09504 -7
      vertex -15.9138 -8.33839 -5.95855
    endloop
  endfacet
  facet normal -1 0 0
    outer loop
      vertex -15.9138 -8.33839 -5.95855
      vertex -15.9138 -9.09504 -7
      vertex -15.9138 -8.64365 -6.11409
    endloop
  endfacet
  facet normal -1 0 0
    outer loop
      vertex -15.9138 -8.64365 -6.11409
      vertex -15.9138 -9.09504 -7
      vertex -15.9138 -8.88591 -6.35635
    endloop
  endfacet
  facet normal -1 0 0
    outer loop
      vertex -15.9138 -8 -5.90496
      vertex -15.9138 -9.09504 -18.4
      vertex -15.9138 -9.09504 -7
    endloop
  endfacet
  facet normal -1 0 0
    outer loop
      vertex -15.9138 -8.88591 -6.35635
      vertex -15.9138 -9.09504 -7
      vertex -15.9138 -9.04145 -6.66161
    endloop
  endfacet
  facet normal 0.951051 0.309033 0
    outer loop
      vertex 83.9138 9.09504 -7
      vertex 83.237 11.1779 -18.4
      vertex 83.237 11.1779 -7
    endloop
  endfacet
  facet normal 0.951051 0.309033 0
    outer loop
      vertex 83.237 11.1779 -18.4
      vertex 83.9138 9.09504 -7
      vertex 83.9138 9.09504 -18.4
    endloop
  endfacet
  facet normal 0.305552 -0.848396 0.432276
    outer loop
      vertex 78.095 -14.5754 -4.86351
      vertex 80.1779 -13.9318 -5.07265
      vertex 80.1779 -13.0459 -3.33396
    endloop
  endfacet
  facet normal 0.583088 0.368738 0.723906
    outer loop
      vertex 81.9497 10.9094 -2.99557
      vertex 81.1876 10.8541 -2.35355
      vertex 81.2533 10.5234 -2.23802
    endloop
  endfacet
  facet normal 0.583048 0.368872 0.723871
    outer loop
      vertex 81.9497 10.9094 -2.99557
      vertex 81.0488 11.2629 -2.45007
      vertex 81.1876 10.8541 -2.35355
    endloop
  endfacet
  facet normal 0.583025 0.368465 0.724096
    outer loop
      vertex 81.0488 11.2629 -2.45007
      vertex 81.9497 10.9094 -2.99557
      vertex 81.0293 11.3025 -2.45452
    endloop
  endfacet
  facet normal 0 0.987687 0.15644
    outer loop
      vertex 78.095 14.9138 -7
      vertex 65.4472 14.5754 -4.86351
      vertex 78.095 14.5754 -4.86351
    endloop
  endfacet
  facet normal 3.75415e-06 0.987684 0.156462
    outer loop
      vertex 65.4472 14.5754 -4.86351
      vertex 78.095 14.9138 -7
      vertex 63.9579 14.8717 -6.7339
    endloop
  endfacet
  facet normal 0 0.987715 0.156268
    outer loop
      vertex 63.9579 14.8717 -6.7339
      vertex 78.095 14.9138 -7
      vertex 63.3149 14.9138 -7
    endloop
  endfacet
  facet normal -7.65729e-07 0.987684 0.156464
    outer loop
      vertex -10.095 14.9138 -7
      vertex 58.5528 14.5754 -4.86351
      vertex 60.0421 14.8717 -6.7339
    endloop
  endfacet
  facet normal -0 0.987715 0.156268
    outer loop
      vertex -10.095 14.9138 -7
      vertex 60.0421 14.8717 -6.7339
      vertex 60.6851 14.9138 -7
    endloop
  endfacet
  facet normal 0 0.987687 0.15644
    outer loop
      vertex 58.5528 14.5754 -4.86351
      vertex -10.095 14.9138 -7
      vertex -10.095 14.5754 -4.86351
    endloop
  endfacet
  facet normal 0.305569 0.673365 0.673206
    outer loop
      vertex 78.8541 13.1876 -2.87482
      vertex 80.1779 13.0459 -3.33396
      vertex 78.095 13.5934 -2.93616
    endloop
  endfacet
  facet normal 0.305569 0.673301 0.673271
    outer loop
      vertex 79.65 12.8579 -2.90636
      vertex 80.1779 13.0459 -3.33396
      vertex 79.2629 13.0488 -2.92158
    endloop
  endfacet
  facet normal 0.30557 0.6733 0.673271
    outer loop
      vertex 80.0089 12.6181 -2.82944
      vertex 80.1779 13.0459 -3.33396
      vertex 79.65 12.8579 -2.90636
    endloop
  endfacet
  facet normal 0.305816 0.673195 0.673265
    outer loop
      vertex 80.1779 13.0459 -3.33396
      vertex 80.0089 12.6181 -2.82944
      vertex 80.1779 12.4698 -2.75792
    endloop
  endfacet
  facet normal 0.305565 0.67332 0.673253
    outer loop
      vertex 78.4307 13.2718 -2.76689
      vertex 78.095 13.5934 -2.93616
      vertex 78.095 13.2938 -2.63653
    endloop
  endfacet
  facet normal 0.305527 0.6733 0.673291
    outer loop
      vertex 78.8541 13.1876 -2.87482
      vertex 78.095 13.5934 -2.93616
      vertex 78.4307 13.2718 -2.76689
    endloop
  endfacet
  facet normal 0.305598 0.673223 0.673335
    outer loop
      vertex 80.1779 13.0459 -3.33396
      vertex 78.8541 13.1876 -2.87482
      vertex 79.2629 13.0488 -2.92158
    endloop
  endfacet
  facet normal 0.805534 0.527959 0.269025
    outer loop
      vertex 81.9497 12.0044 -4.09061
      vertex 83.237 11.0224 -6.01797
      vertex 81.9497 12.7075 -5.47044
    endloop
  endfacet
  facet normal -0.305569 0.432284 0.848385
    outer loop
      vertex -10.095 12.0638 -1.4066
      vertex -12.1779 11.666 -1.95412
      vertex -10.095 10.1365 -0.424568
    endloop
  endfacet
  facet normal 0.949915 0.308662 0.0488753
    outer loop
      vertex 83.9138 9.04145 -6.66161
      vertex 83.237 11.1779 -7
      vertex 83.237 11.0224 -6.01797
    endloop
  endfacet
  facet normal 0.80553 -0.527969 0.269017
    outer loop
      vertex 81.9497 -12.0044 -4.09061
      vertex 83.237 -11.0224 -6.01797
      vertex 83.237 -10.571 -5.13206
    endloop
  endfacet
  facet normal -0.58302 -0.368847 0.723906
    outer loop
      vertex -13.9497 -9.52956 -2.29251
      vertex -13.9497 -10.9094 -2.99557
      vertex -12.1779 -9.92735 -1.06822
    endloop
  endfacet
  facet normal -0.309016 0 0.951057
    outer loop
      vertex -12.1779 8 -0.762955
      vertex -10.095 -8 -0.0861816
      vertex -10.095 8 -0.0861816
    endloop
  endfacet
  facet normal -0.309016 0 0.951057
    outer loop
      vertex -10.095 -8 -0.0861816
      vertex -12.1779 8 -0.762955
      vertex -12.1779 -8 -0.762955
    endloop
  endfacet
  facet normal -0.305581 -0.940448 0.148922
    outer loop
      vertex -12.1779 -14.237 -7
      vertex -10.095 -14.9138 -7
      vertex -12.1779 -13.9318 -5.07265
    endloop
  endfacet
  facet normal -0.583031 0.574476 0.574501
    outer loop
      vertex -13.9497 12.0044 -4.09061
      vertex -12.1779 11.666 -1.95412
      vertex -12.1779 13.0459 -3.33396
    endloop
  endfacet
  facet normal -0.58301 0.57451 0.574489
    outer loop
      vertex -12.1779 11.666 -1.95412
      vertex -13.9497 12.0044 -4.09061
      vertex -13.9497 10.9094 -2.99557
    endloop
  endfacet
  facet normal -0.949915 -0.048887 0.30866
    outer loop
      vertex -15.237 -8 -3.82207
      vertex -15.9138 -8.33839 -5.95855
      vertex -15.237 -8.98204 -3.97761
    endloop
  endfacet
  facet normal -0.949916 -0.278445 0.141877
    outer loop
      vertex -15.9138 -8.88591 -6.35635
      vertex -15.9138 -9.04145 -6.66161
      vertex -15.237 -10.571 -5.13206
    endloop
  endfacet
  facet normal -0.809018 0 0.587784
    outer loop
      vertex -15.237 -8 -3.82207
      vertex -13.9497 8 -2.05025
      vertex -15.237 8 -3.82207
    endloop
  endfacet
  facet normal -0.809018 0 0.587784
    outer loop
      vertex -13.9497 8 -2.05025
      vertex -15.237 -8 -3.82207
      vertex -13.9497 -8 -2.05025
    endloop
  endfacet
  facet normal -0.583035 -0.723897 0.368841
    outer loop
      vertex -13.9497 -12.0044 -4.09061
      vertex -12.1779 -13.9318 -5.07265
      vertex -12.1779 -13.0459 -3.33396
    endloop
  endfacet
  facet normal -0.305549 -0.940453 0.148959
    outer loop
      vertex -12.1779 -13.9318 -5.07265
      vertex -10.095 -14.9138 -7
      vertex -10.095 -14.5754 -4.86351
    endloop
  endfacet
  facet normal -0.949916 -0.141877 0.278445
    outer loop
      vertex -15.9138 -8.33839 -5.95855
      vertex -15.9138 -8.64365 -6.11409
      vertex -15.237 -9.86794 -4.429
    endloop
  endfacet
  facet normal -0.805535 -0.269012 0.527964
    outer loop
      vertex -15.237 -8.98204 -3.97761
      vertex -15.237 -9.86794 -4.429
      vertex -13.9497 -10.9094 -2.99557
    endloop
  endfacet
  facet normal -0.805533 -0.585259 0.0926732
    outer loop
      vertex -15.237 -11.1779 -7
      vertex -13.9497 -12.9497 -7
      vertex -15.237 -11.0224 -6.01797
    endloop
  endfacet
  facet normal -0.805533 -0.585259 0.0926736
    outer loop
      vertex -15.237 -11.0224 -6.01797
      vertex -13.9497 -12.9497 -7
      vertex -13.9497 -12.7075 -5.47044
    endloop
  endfacet
  facet normal -0.305571 0.148951 0.940447
    outer loop
      vertex -10.095 10.1365 -0.424568
      vertex -12.1779 9.92735 -1.06822
      vertex -10.095 8 -0.0861816
    endloop
  endfacet
  facet normal 0.583045 0.368838 0.72389
    outer loop
      vertex 81.9497 10.9094 -2.99557
      vertex 81.3 10 -2.00892
      vertex 81.9497 9.52956 -2.29251
    endloop
  endfacet
  facet normal 0.58306 0.368824 0.723886
    outer loop
      vertex 81.9497 10.9094 -2.99557
      vertex 81.2718 10.4307 -2.20565
      vertex 81.3 10 -2.00892
    endloop
  endfacet
  facet normal 0.582874 0.369101 0.723894
    outer loop
      vertex 81.2718 10.4307 -2.20565
      vertex 81.9497 10.9094 -2.99557
      vertex 81.2533 10.5234 -2.23802
    endloop
  endfacet
  facet normal 0.583028 0.368792 0.723927
    outer loop
      vertex 81.9497 9.52956 -2.29251
      vertex 81.3 10 -2.00892
      vertex 81.279 9.68014 -1.82906
    endloop
  endfacet
  facet normal -0.583024 0.802456 0.127071
    outer loop
      vertex -12.1779 14.237 -7
      vertex -13.9497 12.9497 -7
      vertex -12.1779 13.9318 -5.07265
    endloop
  endfacet
  facet normal 0.305552 0.848396 0.432276
    outer loop
      vertex 80.1779 13.0459 -3.33396
      vertex 80.1779 13.9318 -5.07265
      vertex 78.095 14.5754 -4.86351
    endloop
  endfacet
  facet normal 0.583035 0.723897 0.368841
    outer loop
      vertex 81.9497 12.0044 -4.09061
      vertex 80.1779 13.9318 -5.07265
      vertex 80.1779 13.0459 -3.33396
    endloop
  endfacet
  facet normal -0.583021 0.723896 0.368865
    outer loop
      vertex -12.1779 13.9318 -5.07265
      vertex -13.9497 12.7075 -5.47044
      vertex -13.9497 12.0044 -4.09061
    endloop
  endfacet
  facet normal -0.58302 -0.127097 0.802455
    outer loop
      vertex -13.9497 -8 -2.05025
      vertex -13.9497 -9.52956 -2.29251
      vertex -12.1779 -9.92735 -1.06822
    endloop
  endfacet
  facet normal 0.305581 -0.940448 0.148922
    outer loop
      vertex 80.1779 -13.9318 -5.07265
      vertex 78.095 -14.9138 -7
      vertex 80.1779 -14.237 -7
    endloop
  endfacet
  facet normal 0.305549 -0.940453 0.148959
    outer loop
      vertex 78.095 -14.5754 -4.86351
      vertex 78.095 -14.9138 -7
      vertex 80.1779 -13.9318 -5.07265
    endloop
  endfacet
  facet normal 0.583024 -0.802456 0.127071
    outer loop
      vertex 80.1779 -13.9318 -5.07265
      vertex 80.1779 -14.237 -7
      vertex 81.9497 -12.9497 -7
    endloop
  endfacet
  facet normal -0.949915 -0.220976 0.220976
    outer loop
      vertex -15.9138 -8.88591 -6.35635
      vertex -15.237 -9.86794 -4.429
      vertex -15.9138 -8.64365 -6.11409
    endloop
  endfacet
  facet normal -0.949915 -0.220976 0.220976
    outer loop
      vertex -15.237 -9.86794 -4.429
      vertex -15.9138 -8.88591 -6.35635
      vertex -15.237 -10.571 -5.13206
    endloop
  endfacet
  facet normal -0.949916 0.278445 0.141877
    outer loop
      vertex -15.237 10.571 -5.13206
      vertex -15.9138 9.04145 -6.66161
      vertex -15.9138 8.88591 -6.35635
    endloop
  endfacet
  facet normal -0.583035 0.723897 0.368841
    outer loop
      vertex -12.1779 13.0459 -3.33396
      vertex -12.1779 13.9318 -5.07265
      vertex -13.9497 12.0044 -4.09061
    endloop
  endfacet
  facet normal -0.949916 0.141877 0.278445
    outer loop
      vertex -15.237 9.86794 -4.429
      vertex -15.9138 8.64365 -6.11409
      vertex -15.9138 8.33839 -5.95855
    endloop
  endfacet
  facet normal -0.949915 0.308662 0.0488753
    outer loop
      vertex -15.237 11.0224 -6.01797
      vertex -15.237 11.1779 -7
      vertex -15.9138 9.04145 -6.66161
    endloop
  endfacet
  facet normal -0.805533 0.585259 0.0926732
    outer loop
      vertex -13.9497 12.9497 -7
      vertex -15.237 11.1779 -7
      vertex -15.237 11.0224 -6.01797
    endloop
  endfacet
  facet normal 0 0.891013 0.453978
    outer loop
      vertex 78.095 14.5754 -4.86351
      vertex 68.2772 13.5934 -2.93616
      vertex 78.095 13.5934 -2.93616
    endloop
  endfacet
  facet normal 3.87633e-06 0.891005 0.453994
    outer loop
      vertex 68.2772 13.5934 -2.93616
      vertex 78.095 14.5754 -4.86351
      vertex 67.7402 13.8582 -3.45585
    endloop
  endfacet
  facet normal 3.1079e-06 0.891007 0.453989
    outer loop
      vertex 67.7402 13.8582 -3.45585
      vertex 78.095 14.5754 -4.86351
      vertex 65.8823 14.4889 -4.69366
    endloop
  endfacet
  facet normal 0 0.891098 0.453812
    outer loop
      vertex 65.8823 14.4889 -4.69366
      vertex 78.095 14.5754 -4.86351
      vertex 65.4472 14.5754 -4.86351
    endloop
  endfacet
  facet normal -6.75082e-07 0.891004 0.453996
    outer loop
      vertex -10.095 14.5754 -4.86351
      vertex 55.7228 13.5934 -2.93616
      vertex 56.2598 13.8582 -3.45585
    endloop
  endfacet
  facet normal -5.65934e-07 0.891006 0.453992
    outer loop
      vertex -10.095 14.5754 -4.86351
      vertex 56.2598 13.8582 -3.45585
      vertex 58.1177 14.4889 -4.69366
    endloop
  endfacet
  facet normal -0 0.891098 0.453812
    outer loop
      vertex -10.095 14.5754 -4.86351
      vertex 58.1177 14.4889 -4.69366
      vertex 58.5528 14.5754 -4.86351
    endloop
  endfacet
  facet normal 0 0.891013 0.453978
    outer loop
      vertex 55.7228 13.5934 -2.93616
      vertex -10.095 14.5754 -4.86351
      vertex -10.095 13.5934 -2.93616
    endloop
  endfacet
  facet normal 0.305561 0.848398 0.432265
    outer loop
      vertex 80.1779 13.0459 -3.33396
      vertex 78.095 14.5754 -4.86351
      vertex 78.095 13.5934 -2.93616
    endloop
  endfacet
  facet normal -0.949915 0.308663 0.0488822
    outer loop
      vertex -15.237 11.1779 -7
      vertex -15.9138 9.09504 -7
      vertex -15.9138 9.04145 -6.66161
    endloop
  endfacet
  facet normal -0.805533 0.585259 0.0926736
    outer loop
      vertex -13.9497 12.7075 -5.47044
      vertex -13.9497 12.9497 -7
      vertex -15.237 11.0224 -6.01797
    endloop
  endfacet
  facet normal -0.583021 -0.802459 0.127066
    outer loop
      vertex -13.9497 -12.7075 -5.47044
      vertex -13.9497 -12.9497 -7
      vertex -12.1779 -13.9318 -5.07265
    endloop
  endfacet
  facet normal -0.583021 -0.723896 0.368865
    outer loop
      vertex -13.9497 -12.0044 -4.09061
      vertex -13.9497 -12.7075 -5.47044
      vertex -12.1779 -13.9318 -5.07265
    endloop
  endfacet
  facet normal -0.587789 -0.809014 0
    outer loop
      vertex -13.9497 -12.9497 -18.4
      vertex -12.1779 -14.237 -7
      vertex -13.9497 -12.9497 -7
    endloop
  endfacet
  facet normal -0.587789 -0.809014 -0
    outer loop
      vertex -12.1779 -14.237 -7
      vertex -13.9497 -12.9497 -18.4
      vertex -12.1779 -14.237 -18.4
    endloop
  endfacet
  facet normal -0.30557 -0.673277 0.673294
    outer loop
      vertex -12.1779 -11.666 -1.95412
      vertex -10.095 -13.5934 -2.93616
      vertex -10.095 -12.0638 -1.4066
    endloop
  endfacet
  facet normal -0.305563 -0.673273 0.673302
    outer loop
      vertex -10.095 -13.5934 -2.93616
      vertex -12.1779 -11.666 -1.95412
      vertex -12.1779 -13.0459 -3.33396
    endloop
  endfacet
  facet normal 0.805534 0.0926961 0.585254
    outer loop
      vertex 83.237 8 -3.82207
      vertex 83.237 8.98203 -3.97761
      vertex 81.9497 8 -2.05025
    endloop
  endfacet
  facet normal 0.805535 -0.418995 0.418995
    outer loop
      vertex 81.9497 -10.9094 -2.99557
      vertex 83.237 -10.571 -5.13206
      vertex 83.237 -9.86794 -4.429
    endloop
  endfacet
  facet normal 0.805532 -0.419006 0.418991
    outer loop
      vertex 83.237 -10.571 -5.13206
      vertex 81.9497 -10.9094 -2.99557
      vertex 81.9497 -12.0044 -4.09061
    endloop
  endfacet
  facet normal -6.37478e-07 0.707084 0.707129
    outer loop
      vertex -10.095 13.5934 -2.93616
      vertex 53.1133 12.0638 -1.4066
      vertex 54.5 12.9904 -2.33314
    endloop
  endfacet
  facet normal -0 0.707119 0.707095
    outer loop
      vertex -10.095 13.5934 -2.93616
      vertex 54.5 12.9904 -2.33314
      vertex 55.7228 13.5934 -2.93616
    endloop
  endfacet
  facet normal 0 0.707098 0.707116
    outer loop
      vertex 53.1133 12.0638 -1.4066
      vertex -10.095 13.5934 -2.93616
      vertex -10.095 12.0638 -1.4066
    endloop
  endfacet
  facet normal -0.000218665 0.707142 0.707071
    outer loop
      vertex 78.095 13.2938 -2.63653
      vertex 78.095 13.5934 -2.93616
      vertex 78 13.3 -2.64276
    endloop
  endfacet
  facet normal 0 0.707002 0.707212
    outer loop
      vertex 75.6665 12.3335 -1.67622
      vertex 70.8867 12.0638 -1.4066
      vertex 75.4301 12.0638 -1.4066
    endloop
  endfacet
  facet normal -1.41469e-05 0.707127 0.707086
    outer loop
      vertex 75.9911 12.6181 -1.96083
      vertex 70.8867 12.0638 -1.4066
      vertex 75.6665 12.3335 -1.67622
    endloop
  endfacet
  facet normal 2.1118e-06 0.707135 0.707079
    outer loop
      vertex 69.5 12.9904 -2.33314
      vertex 75.9911 12.6181 -1.96083
      vertex 76.35 12.8579 -2.20065
    endloop
  endfacet
  facet normal -4.06451e-06 0.707081 0.707133
    outer loop
      vertex 75.9911 12.6181 -1.96083
      vertex 69.5 12.9904 -2.33314
      vertex 70.8867 12.0638 -1.4066
    endloop
  endfacet
  facet normal 2.37207e-06 0.707141 0.707072
    outer loop
      vertex 76.7371 13.0488 -2.39157
      vertex 69.5 12.9904 -2.33314
      vertex 76.35 12.8579 -2.20065
    endloop
  endfacet
  facet normal -0.000534489 0.707766 0.706447
    outer loop
      vertex 78.095 13.5934 -2.93616
      vertex 76.7371 13.0488 -2.39157
      vertex 77.1459 13.1876 -2.53032
    endloop
  endfacet
  facet normal 5.30877e-06 0.707135 0.707078
    outer loop
      vertex 78.095 13.5934 -2.93616
      vertex 77.1459 13.1876 -2.53032
      vertex 77.5693 13.2718 -2.61453
    endloop
  endfacet
  facet normal 5.03202e-05 0.707099 0.707115
    outer loop
      vertex 78.095 13.5934 -2.93616
      vertex 77.5693 13.2718 -2.61453
      vertex 78 13.3 -2.64276
    endloop
  endfacet
  facet normal 0 0.7071 0.707113
    outer loop
      vertex 76.7371 13.0488 -2.39157
      vertex 78.095 13.5934 -2.93616
      vertex 68.2772 13.5934 -2.93616
    endloop
  endfacet
  facet normal 2.69772e-06 0.707121 0.707092
    outer loop
      vertex 76.7371 13.0488 -2.39157
      vertex 68.2772 13.5934 -2.93616
      vertex 69.5 12.9904 -2.33314
    endloop
  endfacet
  facet normal 0.305581 0.940448 0.148922
    outer loop
      vertex 80.1779 13.9318 -5.07265
      vertex 80.1779 14.237 -7
      vertex 78.095 14.9138 -7
    endloop
  endfacet
  facet normal 0.305549 0.940453 0.148959
    outer loop
      vertex 80.1779 13.9318 -5.07265
      vertex 78.095 14.9138 -7
      vertex 78.095 14.5754 -4.86351
    endloop
  endfacet
  facet normal 0.583024 0.802456 0.127071
    outer loop
      vertex 80.1779 13.9318 -5.07265
      vertex 81.9497 12.9497 -7
      vertex 80.1779 14.237 -7
    endloop
  endfacet
  facet normal 0.805533 0.585259 0.0926732
    outer loop
      vertex 83.237 11.0224 -6.01797
      vertex 83.237 11.1779 -7
      vertex 81.9497 12.9497 -7
    endloop
  endfacet
  facet normal 0.949916 -0.278445 0.141877
    outer loop
      vertex 83.237 -11.0224 -6.01797
      vertex 83.9138 -9.04145 -6.66161
      vertex 83.237 -10.571 -5.13206
    endloop
  endfacet
  facet normal 0.587786 0.00393546 0.809007
    outer loop
      vertex 80.6181 7.99109 -1.08273
      vertex 81.9497 8 -2.05025
      vertex 80.624 8 -1.08706
    endloop
  endfacet
  facet normal 0.587808 -4.92908e-06 0.809001
    outer loop
      vertex 80.3335 7.66655 -0.875946
      vertex 81.9497 8 -2.05025
      vertex 80.6181 7.99109 -1.08273
    endloop
  endfacet
  facet normal 0.587875 -0.00050706 0.808951
    outer loop
      vertex 80.1779 7.53016 -0.762955
      vertex 81.9497 8 -2.05025
      vertex 80.3335 7.66655 -0.875946
    endloop
  endfacet
  facet normal 0.587786 -0.00393546 0.809007
    outer loop
      vertex 81.9497 -8 -2.05025
      vertex 80.6181 -7.99109 -1.08273
      vertex 80.624 -8 -1.08706
    endloop
  endfacet
  facet normal 0.587787 0 0.809015
    outer loop
      vertex 81.9497 8 -2.05025
      vertex 80.1779 7.53016 -0.762955
      vertex 81.9497 -8 -2.05025
    endloop
  endfacet
  facet normal 0.587808 4.92908e-06 0.809001
    outer loop
      vertex 81.9497 -8 -2.05025
      vertex 80.3335 -7.66655 -0.875946
      vertex 80.6181 -7.99109 -1.08273
    endloop
  endfacet
  facet normal 0.587787 -0 0.809015
    outer loop
      vertex 80.1779 -7.53016 -0.762955
      vertex 81.9497 -8 -2.05025
      vertex 80.1779 7.53016 -0.762955
    endloop
  endfacet
  facet normal 0.587875 0.00050706 0.808951
    outer loop
      vertex 81.9497 -8 -2.05025
      vertex 80.1779 -7.53016 -0.762955
      vertex 80.3335 -7.66655 -0.875946
    endloop
  endfacet
  facet normal 0.809014 0.587789 0
    outer loop
      vertex 83.237 11.1779 -7
      vertex 81.9497 12.9497 -18.4
      vertex 81.9497 12.9497 -7
    endloop
  endfacet
  facet normal 0.809014 0.587789 0
    outer loop
      vertex 81.9497 12.9497 -18.4
      vertex 83.237 11.1779 -7
      vertex 83.237 11.1779 -18.4
    endloop
  endfacet
  facet normal 0.587789 0.809014 -0
    outer loop
      vertex 81.9497 12.9497 -18.4
      vertex 80.1779 14.237 -7
      vertex 81.9497 12.9497 -7
    endloop
  endfacet
  facet normal 0.587789 0.809014 0
    outer loop
      vertex 80.1779 14.237 -7
      vertex 81.9497 12.9497 -18.4
      vertex 80.1779 14.237 -18.4
    endloop
  endfacet
  facet normal 0.949915 0.308663 0.0488822
    outer loop
      vertex 83.9138 9.04145 -6.66161
      vertex 83.9138 9.09504 -7
      vertex 83.237 11.1779 -7
    endloop
  endfacet
  facet normal 0.949915 -0.308662 0.0488753
    outer loop
      vertex 83.237 -11.0224 -6.01797
      vertex 83.237 -11.1779 -7
      vertex 83.9138 -9.04145 -6.66161
    endloop
  endfacet
  facet normal 0.805534 -0.269011 0.527966
    outer loop
      vertex 81.9497 -10.9094 -2.99557
      vertex 83.237 -8.98204 -3.97761
      vertex 81.9497 -9.52956 -2.29251
    endloop
  endfacet
  facet normal 0.949916 -0.0488816 0.308659
    outer loop
      vertex 83.237 -8 -3.82207
      vertex 83.9138 -8.33839 -5.95855
      vertex 83.9138 -8 -5.90496
    endloop
  endfacet
  facet normal 0.949916 0.0488816 0.308659
    outer loop
      vertex 83.9138 8 -5.90496
      vertex 83.9138 8.33839 -5.95855
      vertex 83.237 8 -3.82207
    endloop
  endfacet
  facet normal -0.305569 0.148954 0.940447
    outer loop
      vertex -10.095 8 -0.0861816
      vertex -12.1779 9.92735 -1.06822
      vertex -12.1779 8 -0.762955
    endloop
  endfacet
  facet normal -0.583021 0.127097 0.802455
    outer loop
      vertex -12.1779 9.92735 -1.06822
      vertex -13.9497 8 -2.05025
      vertex -12.1779 8 -0.762955
    endloop
  endfacet
  facet normal 0 -0.987687 0.15644
    outer loop
      vertex -10.095 -14.9138 -7
      vertex 58.5528 -14.5754 -4.86351
      vertex -10.095 -14.5754 -4.86351
    endloop
  endfacet
  facet normal -7.65729e-07 -0.987684 0.156464
    outer loop
      vertex 58.5528 -14.5754 -4.86351
      vertex -10.095 -14.9138 -7
      vertex 60.0421 -14.8717 -6.7339
    endloop
  endfacet
  facet normal 0 -0.987715 0.156268
    outer loop
      vertex 60.0421 -14.8717 -6.7339
      vertex -10.095 -14.9138 -7
      vertex 60.6851 -14.9138 -7
    endloop
  endfacet
  facet normal 3.75415e-06 -0.987684 0.156462
    outer loop
      vertex 78.095 -14.9138 -7
      vertex 65.4472 -14.5754 -4.86351
      vertex 63.9579 -14.8717 -6.7339
    endloop
  endfacet
  facet normal 0 -0.987715 0.156268
    outer loop
      vertex 78.095 -14.9138 -7
      vertex 63.9579 -14.8717 -6.7339
      vertex 63.3149 -14.9138 -7
    endloop
  endfacet
  facet normal 0 -0.987687 0.15644
    outer loop
      vertex 65.4472 -14.5754 -4.86351
      vertex 78.095 -14.9138 -7
      vertex 78.095 -14.5754 -4.86351
    endloop
  endfacet
  facet normal -0.305569 -0.432284 0.848385
    outer loop
      vertex -10.095 -10.1365 -0.424568
      vertex -12.1779 -11.666 -1.95412
      vertex -10.095 -12.0638 -1.4066
    endloop
  endfacet
  facet normal 0.305569 -0.673365 0.673206
    outer loop
      vertex 80.1779 -13.0459 -3.33396
      vertex 78.8541 -13.1876 -2.87482
      vertex 78.095 -13.5934 -2.93616
    endloop
  endfacet
  facet normal 0.30554 -0.673321 0.673264
    outer loop
      vertex 78.4307 -13.2718 -2.76688
      vertex 78.095 -13.5934 -2.93616
      vertex 78.8541 -13.1876 -2.87482
    endloop
  endfacet
  facet normal 0.305547 -0.673324 0.673257
    outer loop
      vertex 78.095 -13.5934 -2.93616
      vertex 78.4307 -13.2718 -2.76688
      vertex 78.095 -13.2938 -2.63653
    endloop
  endfacet
  facet normal 0.305816 -0.673195 0.673265
    outer loop
      vertex 80.0089 -12.6181 -2.82944
      vertex 80.1779 -13.0459 -3.33396
      vertex 80.1779 -12.4698 -2.75792
    endloop
  endfacet
  facet normal 0.30557 -0.6733 0.673271
    outer loop
      vertex 79.65 -12.8579 -2.90636
      vertex 80.1779 -13.0459 -3.33396
      vertex 80.0089 -12.6181 -2.82944
    endloop
  endfacet
  facet normal 0.305569 -0.673301 0.673271
    outer loop
      vertex 79.2629 -13.0488 -2.92158
      vertex 80.1779 -13.0459 -3.33396
      vertex 79.65 -12.8579 -2.90636
    endloop
  endfacet
  facet normal 0.305598 -0.673223 0.673335
    outer loop
      vertex 78.8541 -13.1876 -2.87482
      vertex 80.1779 -13.0459 -3.33396
      vertex 79.2629 -13.0488 -2.92158
    endloop
  endfacet
  facet normal -0.305571 -0.148951 0.940447
    outer loop
      vertex -10.095 -8 -0.0861816
      vertex -12.1779 -9.92735 -1.06822
      vertex -10.095 -10.1365 -0.424568
    endloop
  endfacet
  facet normal -0.305561 -0.848398 0.432265
    outer loop
      vertex -12.1779 -13.0459 -3.33396
      vertex -10.095 -14.5754 -4.86351
      vertex -10.095 -13.5934 -2.93616
    endloop
  endfacet
  facet normal -0.809014 -0.587789 0
    outer loop
      vertex -13.9497 -12.9497 -18.4
      vertex -15.237 -11.1779 -7
      vertex -15.237 -11.1779 -18.4
    endloop
  endfacet
  facet normal -0.809014 -0.587789 0
    outer loop
      vertex -15.237 -11.1779 -7
      vertex -13.9497 -12.9497 -18.4
      vertex -13.9497 -12.9497 -7
    endloop
  endfacet
  facet normal -0.949916 0.0488816 0.308659
    outer loop
      vertex -15.237 8 -3.82207
      vertex -15.9138 8.33839 -5.95855
      vertex -15.9138 8 -5.90496
    endloop
  endfacet
  facet normal -0.951053 0 0.309029
    outer loop
      vertex -15.9138 -8 -5.90496
      vertex -15.237 8 -3.82207
      vertex -15.9138 8 -5.90496
    endloop
  endfacet
  facet normal -0.951053 0 0.309029
    outer loop
      vertex -15.237 8 -3.82207
      vertex -15.9138 -8 -5.90496
      vertex -15.237 -8 -3.82207
    endloop
  endfacet
  facet normal -0.949915 0.141875 0.278447
    outer loop
      vertex -15.237 9.86794 -4.429
      vertex -15.9138 8.33839 -5.95855
      vertex -15.237 8.98203 -3.97761
    endloop
  endfacet
  facet normal -0.805534 0.527959 0.269025
    outer loop
      vertex -13.9497 12.7075 -5.47044
      vertex -15.237 11.0224 -6.01797
      vertex -13.9497 12.0044 -4.09061
    endloop
  endfacet
  facet normal -0.30557 0.673277 0.673294
    outer loop
      vertex -10.095 13.5934 -2.93616
      vertex -12.1779 11.666 -1.95412
      vertex -10.095 12.0638 -1.4066
    endloop
  endfacet
  facet normal -0.305563 0.673273 0.673302
    outer loop
      vertex -12.1779 11.666 -1.95412
      vertex -10.095 13.5934 -2.93616
      vertex -12.1779 13.0459 -3.33396
    endloop
  endfacet
  facet normal -0.583021 0.802459 0.127066
    outer loop
      vertex -12.1779 13.9318 -5.07265
      vertex -13.9497 12.9497 -7
      vertex -13.9497 12.7075 -5.47044
    endloop
  endfacet
  facet normal -0.949916 0.278445 0.141877
    outer loop
      vertex -15.237 11.0224 -6.01797
      vertex -15.9138 9.04145 -6.66161
      vertex -15.237 10.571 -5.13206
    endloop
  endfacet
  facet normal -0.951051 0.309033 0
    outer loop
      vertex -15.9138 9.09504 -18.4
      vertex -15.237 11.1779 -7
      vertex -15.237 11.1779 -18.4
    endloop
  endfacet
  facet normal -0.951051 0.309033 0
    outer loop
      vertex -15.237 11.1779 -7
      vertex -15.9138 9.09504 -18.4
      vertex -15.9138 9.09504 -7
    endloop
  endfacet
  facet normal 0 -0.453999 0.891002
    outer loop
      vertex -10.095 -12.0638 -1.4066
      vertex 22.9083 -10.1365 -0.424568
      vertex -10.095 -10.1365 -0.424568
    endloop
  endfacet
  facet normal -7.49398e-06 -0.453897 0.891054
    outer loop
      vertex 22.9083 -10.1365 -0.424568
      vertex -10.095 -12.0638 -1.4066
      vertex 22.9512 -10.2629 -0.488955
    endloop
  endfacet
  facet normal 1.82833e-06 -0.454033 0.890985
    outer loop
      vertex 22.9512 -10.2629 -0.488955
      vertex -10.095 -12.0638 -1.4066
      vertex 23.1421 -10.65 -0.686216
    endloop
  endfacet
  facet normal 2.0753e-07 -0.454003 0.891
    outer loop
      vertex 23.1421 -10.65 -0.686216
      vertex -10.095 -12.0638 -1.4066
      vertex 23.3819 -11.0089 -0.869091
    endloop
  endfacet
  facet normal -3.0491e-06 -0.453921 0.891042
    outer loop
      vertex 23.3819 -11.0089 -0.869091
      vertex -10.095 -12.0638 -1.4066
      vertex 23.6665 -11.3335 -1.03445
    endloop
  endfacet
  facet normal -5.23434e-07 -0.454013 0.890995
    outer loop
      vertex 23.6665 -11.3335 -1.03445
      vertex -10.095 -12.0638 -1.4066
      vertex 23.9911 -11.6181 -1.17947
    endloop
  endfacet
  facet normal -6.08445e-07 -0.454008 0.890997
    outer loop
      vertex 23.9911 -11.6181 -1.17947
      vertex -10.095 -12.0638 -1.4066
      vertex 24.35 -11.8579 -1.30166
    endloop
  endfacet
  facet normal -4.14215e-07 -0.454034 0.890984
    outer loop
      vertex 24.35 -11.8579 -1.30166
      vertex -10.095 -12.0638 -1.4066
      vertex 24.7371 -12.0488 -1.39894
    endloop
  endfacet
  facet normal 0 -0.454797 0.890595
    outer loop
      vertex 24.7371 -12.0488 -1.39894
      vertex -10.095 -12.0638 -1.4066
      vertex 24.7814 -12.0638 -1.4066
    endloop
  endfacet
  facet normal 0 -0.453895 0.891055
    outer loop
      vertex 29.0488 -10.2629 -0.488955
      vertex 50.9811 -10.1365 -0.424568
      vertex 29.0917 -10.1365 -0.424568
    endloop
  endfacet
  facet normal 1.00852e-06 -0.454034 0.890984
    outer loop
      vertex 28.8579 -10.65 -0.686216
      vertex 50.9811 -10.1365 -0.424568
      vertex 29.0488 -10.2629 -0.488955
    endloop
  endfacet
  facet normal 9.63508e-08 -0.454003 0.891
    outer loop
      vertex 28.6181 -11.0089 -0.869091
      vertex 50.9811 -10.1365 -0.424568
      vertex 28.8579 -10.65 -0.686216
    endloop
  endfacet
  facet normal 5.87579e-09 -0.454001 0.891001
    outer loop
      vertex 50.9811 -10.1365 -0.424568
      vertex 28.6181 -11.0089 -0.869091
      vertex 51.3934 -10.6066 -0.664103
    endloop
  endfacet
  facet normal -1.85828e-06 -0.453917 0.891044
    outer loop
      vertex 28.3335 -11.3335 -1.03445
      vertex 51.3934 -10.6066 -0.664103
      vertex 28.6181 -11.0089 -0.869091
    endloop
  endfacet
  facet normal 1.09116e-06 -0.453992 0.891006
    outer loop
      vertex 51.3934 -10.6066 -0.664103
      vertex 28.3335 -11.3335 -1.03445
      vertex 52.8686 -11.9003 -1.32328
    endloop
  endfacet
  facet normal 4.57764e-07 -0.454013 0.890995
    outer loop
      vertex 28.0089 -11.6181 -1.17947
      vertex 52.8686 -11.9003 -1.32328
      vertex 28.3335 -11.3335 -1.03445
    endloop
  endfacet
  facet normal 5.32014e-07 -0.454008 0.890997
    outer loop
      vertex 27.65 -11.8579 -1.30166
      vertex 52.8686 -11.9003 -1.32328
      vertex 28.0089 -11.6181 -1.17947
    endloop
  endfacet
  facet normal 4.55361e-07 -0.454044 0.890979
    outer loop
      vertex 52.8686 -11.9003 -1.32328
      vertex 27.65 -11.8579 -1.30166
      vertex 53.1133 -12.0638 -1.4066
    endloop
  endfacet
  facet normal 5.57964e-07 -0.454034 0.890984
    outer loop
      vertex 27.2629 -12.0488 -1.39894
      vertex 53.1133 -12.0638 -1.4066
      vertex 27.65 -11.8579 -1.30166
    endloop
  endfacet
  facet normal 0 -0.454797 0.890595
    outer loop
      vertex 53.1133 -12.0638 -1.4066
      vertex 27.2629 -12.0488 -1.39894
      vertex 27.2186 -12.0638 -1.4066
    endloop
  endfacet
  facet normal 0 -0.45405 0.890976
    outer loop
      vertex 73.0189 -10.1365 -0.424568
      vertex 74.7282 -10.4307 -0.574495
      vertex 74.7089 -10.1365 -0.424568
    endloop
  endfacet
  facet normal 1.96889e-05 -0.453959 0.891023
    outer loop
      vertex 73.0189 -10.1365 -0.424568
      vertex 74.8124 -10.8541 -0.790211
      vertex 74.7282 -10.4307 -0.574495
    endloop
  endfacet
  facet normal -1.20603e-06 -0.454 0.891002
    outer loop
      vertex 72.6066 -10.6066 -0.664103
      vertex 74.8124 -10.8541 -0.790211
      vertex 73.0189 -10.1365 -0.424568
    endloop
  endfacet
  facet normal 6.29242e-06 -0.453947 0.891029
    outer loop
      vertex 74.8124 -10.8541 -0.790211
      vertex 72.6066 -10.6066 -0.664103
      vertex 74.9512 -11.2629 -0.998481
    endloop
  endfacet
  facet normal -2.66027e-05 -0.454041 0.890981
    outer loop
      vertex 74.9512 -11.2629 -0.998481
      vertex 72.6066 -10.6066 -0.664103
      vertex 75.1421 -11.65 -1.19574
    endloop
  endfacet
  facet normal -1.20077e-06 -0.453992 0.891006
    outer loop
      vertex 71.1314 -11.9003 -1.32328
      vertex 75.1421 -11.65 -1.19574
      vertex 72.6066 -10.6066 -0.664103
    endloop
  endfacet
  facet normal 4.50411e-07 -0.454013 0.890995
    outer loop
      vertex 75.1421 -11.65 -1.19574
      vertex 71.1314 -11.9003 -1.32328
      vertex 75.3819 -12.0089 -1.37862
    endloop
  endfacet
  facet normal -1.80443e-06 -0.454083 0.89096
    outer loop
      vertex 75.3819 -12.0089 -1.37862
      vertex 71.1314 -11.9003 -1.32328
      vertex 75.4301 -12.0638 -1.4066
    endloop
  endfacet
  facet normal 0 -0.454045 0.890979
    outer loop
      vertex 75.4301 -12.0638 -1.4066
      vertex 71.1314 -11.9003 -1.32328
      vertex 70.8867 -12.0638 -1.4066
    endloop
  endfacet
  facet normal -0.587787 0 0.809015
    outer loop
      vertex -13.9497 8 -2.05025
      vertex -12.1779 -8 -0.762955
      vertex -12.1779 8 -0.762955
    endloop
  endfacet
  facet normal -0.587787 0 0.809015
    outer loop
      vertex -12.1779 -8 -0.762955
      vertex -13.9497 8 -2.05025
      vertex -13.9497 -8 -2.05025
    endloop
  endfacet
  facet normal 0.309056 0 0.951044
    outer loop
      vertex 80.0089 7.38193 -0.708036
      vertex 80.1779 -7.53016 -0.762955
      vertex 80.1779 7.53016 -0.762955
    endloop
  endfacet
  facet normal 0.309056 0 0.951044
    outer loop
      vertex 80.0089 7.38193 -0.708036
      vertex 80.0089 -7.38193 -0.708036
      vertex 80.1779 -7.53016 -0.762955
    endloop
  endfacet
  facet normal 0.309027 0 0.951053
    outer loop
      vertex 79.65 7.14212 -0.591418
      vertex 80.0089 -7.38193 -0.708036
      vertex 80.0089 7.38193 -0.708036
    endloop
  endfacet
  facet normal 0.309027 0 0.951053
    outer loop
      vertex 79.65 7.14212 -0.591418
      vertex 79.65 -7.14212 -0.591418
      vertex 80.0089 -7.38193 -0.708036
    endloop
  endfacet
  facet normal 0.309049 0 0.951046
    outer loop
      vertex 79.2629 6.9512 -0.465627
      vertex 79.65 -7.14212 -0.591418
      vertex 79.65 7.14212 -0.591418
    endloop
  endfacet
  facet normal 0.309049 0 0.951046
    outer loop
      vertex 79.2629 6.9512 -0.465627
      vertex 79.2629 -6.9512 -0.465627
      vertex 79.65 -7.14212 -0.591418
    endloop
  endfacet
  facet normal 0.308983 0 0.951068
    outer loop
      vertex 78.8541 6.81245 -0.332816
      vertex 79.2629 -6.9512 -0.465627
      vertex 79.2629 6.9512 -0.465627
    endloop
  endfacet
  facet normal 0.308983 0 0.951068
    outer loop
      vertex 78.8541 6.81245 -0.332816
      vertex 78.8541 -6.81245 -0.332816
      vertex 79.2629 -6.9512 -0.465627
    endloop
  endfacet
  facet normal 0.308997 0 0.951063
    outer loop
      vertex 78.4307 6.72823 -0.195255
      vertex 78.8541 -6.81245 -0.332816
      vertex 78.8541 6.81245 -0.332816
    endloop
  endfacet
  facet normal 0.308997 0 0.951063
    outer loop
      vertex 78.4307 6.72823 -0.195255
      vertex 78.4307 -6.72823 -0.195255
      vertex 78.8541 -6.81245 -0.332816
    endloop
  endfacet
  facet normal 0.309012 0 0.951058
    outer loop
      vertex 78.095 6.70623 -0.0861816
      vertex 78.4307 -6.72823 -0.195255
      vertex 78.4307 6.72823 -0.195255
    endloop
  endfacet
  facet normal 0.309012 0 0.951058
    outer loop
      vertex 78.4307 -6.72823 -0.195255
      vertex 78.095 6.70623 -0.0861816
      vertex 78.095 -6.70623 -0.0861816
    endloop
  endfacet
  facet normal 0.809014 -0.587789 0
    outer loop
      vertex 81.9497 -12.9497 -7
      vertex 83.237 -11.1779 -18.4
      vertex 83.237 -11.1779 -7
    endloop
  endfacet
  facet normal 0.809014 -0.587789 0
    outer loop
      vertex 83.237 -11.1779 -18.4
      vertex 81.9497 -12.9497 -7
      vertex 81.9497 -12.9497 -18.4
    endloop
  endfacet
  facet normal 0.805533 -0.585259 0.0926732
    outer loop
      vertex 83.237 -11.0224 -6.01797
      vertex 81.9497 -12.9497 -7
      vertex 83.237 -11.1779 -7
    endloop
  endfacet
  facet normal 0.949915 0.141875 0.278447
    outer loop
      vertex 83.237 8.98203 -3.97761
      vertex 83.9138 8.33839 -5.95855
      vertex 83.237 9.86794 -4.429
    endloop
  endfacet
  facet normal 0.587789 -0.809014 0
    outer loop
      vertex 80.1779 -14.237 -18.4
      vertex 81.9497 -12.9497 -7
      vertex 80.1779 -14.237 -7
    endloop
  endfacet
  facet normal 0.587789 -0.809014 0
    outer loop
      vertex 81.9497 -12.9497 -7
      vertex 80.1779 -14.237 -18.4
      vertex 81.9497 -12.9497 -18.4
    endloop
  endfacet
  facet normal 0 0 1
    outer loop
      vertex 28.3335 -6.66655 -0.0861816
      vertex 47 0 -0.0861816
      vertex 47.1283 1.95789 -0.0861816
    endloop
  endfacet
  facet normal 0 0 1
    outer loop
      vertex 27.65 -6.14212 -0.0861816
      vertex 47.1283 1.95789 -0.0861816
      vertex 47.5111 3.88229 -0.0861816
    endloop
  endfacet
  facet normal 0 0 1
    outer loop
      vertex 26.8541 -5.81245 -0.0861816
      vertex 47.5111 3.88229 -0.0861816
      vertex 48.1418 5.74025 -0.0861816
    endloop
  endfacet
  facet normal 0 0 1
    outer loop
      vertex 26.4307 -5.72823 -0.0861816
      vertex 48.1418 5.74025 -0.0861816
      vertex 49.0096 7.5 -0.0861816
    endloop
  endfacet
  facet normal 0 0 1
    outer loop
      vertex 3.18198 3.18198 -0.0861816
      vertex 49.0096 7.5 -0.0861816
      vertex 49.3437 8 -0.0861816
    endloop
  endfacet
  facet normal 0 0 1
    outer loop
      vertex 47 0 -0.0861816
      vertex 29.0488 -7.73715 -0.0861816
      vertex 29.138 -8 -0.0861816
    endloop
  endfacet
  facet normal 0 0 1
    outer loop
      vertex 47 0 -0.0861816
      vertex 28.8579 -7.35 -0.0861816
      vertex 29.0488 -7.73715 -0.0861816
    endloop
  endfacet
  facet normal 0 0 1
    outer loop
      vertex 47 0 -0.0861816
      vertex 28.6181 -6.99109 -0.0861816
      vertex 28.8579 -7.35 -0.0861816
    endloop
  endfacet
  facet normal 0 0 1
    outer loop
      vertex 47 0 -0.0861816
      vertex 28.3335 -6.66655 -0.0861816
      vertex 28.6181 -6.99109 -0.0861816
    endloop
  endfacet
  facet normal 0 0 1
    outer loop
      vertex 47.1283 1.95789 -0.0861816
      vertex 28.0089 -6.38193 -0.0861816
      vertex 28.3335 -6.66655 -0.0861816
    endloop
  endfacet
  facet normal 0 0 1
    outer loop
      vertex 47.1283 1.95789 -0.0861816
      vertex 27.65 -6.14212 -0.0861816
      vertex 28.0089 -6.38193 -0.0861816
    endloop
  endfacet
  facet normal 0 0 1
    outer loop
      vertex 47.5111 3.88229 -0.0861816
      vertex 27.2629 -5.9512 -0.0861816
      vertex 27.65 -6.14212 -0.0861816
    endloop
  endfacet
  facet normal 0 0 1
    outer loop
      vertex 47.5111 3.88229 -0.0861816
      vertex 26.8541 -5.81245 -0.0861816
      vertex 27.2629 -5.9512 -0.0861816
    endloop
  endfacet
  facet normal 0 0 1
    outer loop
      vertex 48.1418 5.74025 -0.0861816
      vertex 26.4307 -5.72823 -0.0861816
      vertex 26.8541 -5.81245 -0.0861816
    endloop
  endfacet
  facet normal 0 0 1
    outer loop
      vertex 49.0096 7.5 -0.0861816
      vertex 26 -5.7 -0.0861816
      vertex 26.4307 -5.72823 -0.0861816
    endloop
  endfacet
  facet normal 0 0 1
    outer loop
      vertex 49.0096 7.5 -0.0861816
      vertex 3.18198 3.18198 -0.0861816
      vertex 26 -5.7 -0.0861816
    endloop
  endfacet
  facet normal 0 0 1
    outer loop
      vertex 26 -5.7 -0.0861816
      vertex 3.18198 3.18198 -0.0861816
      vertex 25.5693 -5.72823 -0.0861816
    endloop
  endfacet
  facet normal -0 -0 1
    outer loop
      vertex 3.57009 2.73943 -0.0861816
      vertex 25.5693 -5.72823 -0.0861816
      vertex 3.18198 3.18198 -0.0861816
    endloop
  endfacet
  facet normal 0 0 1
    outer loop
      vertex 25.5693 -5.72823 -0.0861816
      vertex 3.57009 2.73943 -0.0861816
      vertex 25.1459 -5.81245 -0.0861816
    endloop
  endfacet
  facet normal -0 0 1
    outer loop
      vertex 4.34667 -1.16469 -0.0861816
      vertex 23.1421 -7.35 -0.0861816
      vertex 4.4615 -0.587367 -0.0861816
    endloop
  endfacet
  facet normal 0 0 1
    outer loop
      vertex 23.3819 -6.99109 -0.0861816
      vertex 4.4615 -0.587367 -0.0861816
      vertex 23.1421 -7.35 -0.0861816
    endloop
  endfacet
  facet normal -0 0 1
    outer loop
      vertex 4.4615 -0.587367 -0.0861816
      vertex 23.3819 -6.99109 -0.0861816
      vertex 4.5 0 -0.0861816
    endloop
  endfacet
  facet normal 0 0 1
    outer loop
      vertex 23.6665 -6.66655 -0.0861816
      vertex 4.5 0 -0.0861816
      vertex 23.3819 -6.99109 -0.0861816
    endloop
  endfacet
  facet normal 0 0 1
    outer loop
      vertex 4.4615 0.587367 -0.0861816
      vertex 23.6665 -6.66655 -0.0861816
      vertex 23.9911 -6.38193 -0.0861816
    endloop
  endfacet
  facet normal 0 0 1
    outer loop
      vertex 4.34667 1.16469 -0.0861816
      vertex 23.9911 -6.38193 -0.0861816
      vertex 24.35 -6.14212 -0.0861816
    endloop
  endfacet
  facet normal -0 -0 1
    outer loop
      vertex 3.89711 2.25 -0.0861816
      vertex 25.1459 -5.81245 -0.0861816
      vertex 3.57009 2.73943 -0.0861816
    endloop
  endfacet
  facet normal 0 0 1
    outer loop
      vertex 23.6665 -6.66655 -0.0861816
      vertex 4.4615 0.587367 -0.0861816
      vertex 4.5 0 -0.0861816
    endloop
  endfacet
  facet normal 0 0 1
    outer loop
      vertex 23.9911 -6.38193 -0.0861816
      vertex 4.34667 1.16469 -0.0861816
      vertex 4.4615 0.587367 -0.0861816
    endloop
  endfacet
  facet normal 0 0 1
    outer loop
      vertex 24.35 -6.14212 -0.0861816
      vertex 4.15746 1.72207 -0.0861816
      vertex 4.34667 1.16469 -0.0861816
    endloop
  endfacet
  facet normal 0 0 1
    outer loop
      vertex 24.7371 -5.9512 -0.0861816
      vertex 4.15746 1.72207 -0.0861816
      vertex 24.35 -6.14212 -0.0861816
    endloop
  endfacet
  facet normal -0 -0 1
    outer loop
      vertex 4.15746 1.72207 -0.0861816
      vertex 24.7371 -5.9512 -0.0861816
      vertex 3.89711 2.25 -0.0861816
    endloop
  endfacet
  facet normal 0 0 1
    outer loop
      vertex 25.1459 -5.81245 -0.0861816
      vertex 3.89711 2.25 -0.0861816
      vertex 24.7371 -5.9512 -0.0861816
    endloop
  endfacet
  facet normal 0 0 1
    outer loop
      vertex 49.3437 8 -0.0861816
      vertex 2.73943 3.57009 -0.0861816
      vertex 3.18198 3.18198 -0.0861816
    endloop
  endfacet
  facet normal 0 0 1
    outer loop
      vertex 49.3437 8 -0.0861816
      vertex 2.25 3.89711 -0.0861816
      vertex 2.73943 3.57009 -0.0861816
    endloop
  endfacet
  facet normal 0 0 1
    outer loop
      vertex 49.3437 8 -0.0861816
      vertex 1.72207 4.15746 -0.0861816
      vertex 2.25 3.89711 -0.0861816
    endloop
  endfacet
  facet normal 0 0 1
    outer loop
      vertex 49.3437 8 -0.0861816
      vertex 1.16469 4.34667 -0.0861816
      vertex 1.72207 4.15746 -0.0861816
    endloop
  endfacet
  facet normal -0 0 1
    outer loop
      vertex -10.095 8 -0.0861816
      vertex 1.16469 4.34667 -0.0861816
      vertex 49.3437 8 -0.0861816
    endloop
  endfacet
  facet normal 0 0 1
    outer loop
      vertex 1.16469 4.34667 -0.0861816
      vertex -10.095 8 -0.0861816
      vertex 0.587367 4.4615 -0.0861816
    endloop
  endfacet
  facet normal 0 0 1
    outer loop
      vertex 0.587367 4.4615 -0.0861816
      vertex -10.095 8 -0.0861816
      vertex 0 4.5 -0.0861816
    endloop
  endfacet
  facet normal 0 0 1
    outer loop
      vertex -4.4615 0.587367 -0.0861816
      vertex -10.095 8 -0.0861816
      vertex -4.5 0 -0.0861816
    endloop
  endfacet
  facet normal 0 0 1
    outer loop
      vertex -4.34667 1.16469 -0.0861816
      vertex -10.095 8 -0.0861816
      vertex -4.4615 0.587367 -0.0861816
    endloop
  endfacet
  facet normal 0 0 1
    outer loop
      vertex -4.15746 1.72207 -0.0861816
      vertex -10.095 8 -0.0861816
      vertex -4.34667 1.16469 -0.0861816
    endloop
  endfacet
  facet normal 0 0 1
    outer loop
      vertex -3.89711 2.25 -0.0861816
      vertex -10.095 8 -0.0861816
      vertex -4.15746 1.72207 -0.0861816
    endloop
  endfacet
  facet normal 0 0 1
    outer loop
      vertex -3.57009 2.73943 -0.0861816
      vertex -10.095 8 -0.0861816
      vertex -3.89711 2.25 -0.0861816
    endloop
  endfacet
  facet normal 0 0 1
    outer loop
      vertex -3.18198 3.18198 -0.0861816
      vertex -10.095 8 -0.0861816
      vertex -3.57009 2.73943 -0.0861816
    endloop
  endfacet
  facet normal 0 0 1
    outer loop
      vertex -2.73943 3.57009 -0.0861816
      vertex -10.095 8 -0.0861816
      vertex -3.18198 3.18198 -0.0861816
    endloop
  endfacet
  facet normal 0 0 1
    outer loop
      vertex -2.25 3.89711 -0.0861816
      vertex -10.095 8 -0.0861816
      vertex -2.73943 3.57009 -0.0861816
    endloop
  endfacet
  facet normal 0 0 1
    outer loop
      vertex -1.72207 4.15746 -0.0861816
      vertex -10.095 8 -0.0861816
      vertex -2.25 3.89711 -0.0861816
    endloop
  endfacet
  facet normal 0 0 1
    outer loop
      vertex -1.16469 4.34667 -0.0861816
      vertex -10.095 8 -0.0861816
      vertex -1.72207 4.15746 -0.0861816
    endloop
  endfacet
  facet normal 0 0 1
    outer loop
      vertex -0.587367 4.4615 -0.0861816
      vertex -10.095 8 -0.0861816
      vertex -1.16469 4.34667 -0.0861816
    endloop
  endfacet
  facet normal 0 0 1
    outer loop
      vertex 0 4.5 -0.0861816
      vertex -10.095 8 -0.0861816
      vertex -0.587367 4.4615 -0.0861816
    endloop
  endfacet
  facet normal 0 0 1
    outer loop
      vertex 49.0096 -7.5 -0.0861816
      vertex 29.138 -8 -0.0861816
      vertex 49.3437 -8 -0.0861816
    endloop
  endfacet
  facet normal 0 0 1
    outer loop
      vertex 48.1418 -5.74025 -0.0861816
      vertex 29.138 -8 -0.0861816
      vertex 49.0096 -7.5 -0.0861816
    endloop
  endfacet
  facet normal 0 0 1
    outer loop
      vertex 47.5111 -3.88229 -0.0861816
      vertex 29.138 -8 -0.0861816
      vertex 48.1418 -5.74025 -0.0861816
    endloop
  endfacet
  facet normal 0 0 1
    outer loop
      vertex 47.1283 -1.95789 -0.0861816
      vertex 29.138 -8 -0.0861816
      vertex 47.5111 -3.88229 -0.0861816
    endloop
  endfacet
  facet normal 0 0 1
    outer loop
      vertex 29.138 -8 -0.0861816
      vertex 47.1283 -1.95789 -0.0861816
      vertex 47 0 -0.0861816
    endloop
  endfacet
  facet normal 0 0 1
    outer loop
      vertex 23.1421 -7.35 -0.0861816
      vertex 4.34667 -1.16469 -0.0861816
      vertex 22.9512 -7.73715 -0.0861816
    endloop
  endfacet
  facet normal 0 0 1
    outer loop
      vertex 22.9512 -7.73715 -0.0861816
      vertex 4.34667 -1.16469 -0.0861816
      vertex 22.862 -8 -0.0861816
    endloop
  endfacet
  facet normal -0 0 1
    outer loop
      vertex 4.15746 -1.72207 -0.0861816
      vertex 22.862 -8 -0.0861816
      vertex 4.34667 -1.16469 -0.0861816
    endloop
  endfacet
  facet normal -0 0 1
    outer loop
      vertex 3.89711 -2.25 -0.0861816
      vertex 22.862 -8 -0.0861816
      vertex 4.15746 -1.72207 -0.0861816
    endloop
  endfacet
  facet normal -0 0 1
    outer loop
      vertex 3.57009 -2.73943 -0.0861816
      vertex 22.862 -8 -0.0861816
      vertex 3.89711 -2.25 -0.0861816
    endloop
  endfacet
  facet normal -0 0 1
    outer loop
      vertex 3.18198 -3.18198 -0.0861816
      vertex 22.862 -8 -0.0861816
      vertex 3.57009 -2.73943 -0.0861816
    endloop
  endfacet
  facet normal -0 0 1
    outer loop
      vertex 2.73943 -3.57009 -0.0861816
      vertex 22.862 -8 -0.0861816
      vertex 3.18198 -3.18198 -0.0861816
    endloop
  endfacet
  facet normal -0 0 1
    outer loop
      vertex 2.25 -3.89711 -0.0861816
      vertex 22.862 -8 -0.0861816
      vertex 2.73943 -3.57009 -0.0861816
    endloop
  endfacet
  facet normal -0 0 1
    outer loop
      vertex 1.72207 -4.15746 -0.0861816
      vertex 22.862 -8 -0.0861816
      vertex 2.25 -3.89711 -0.0861816
    endloop
  endfacet
  facet normal -0 0 1
    outer loop
      vertex 1.16469 -4.34667 -0.0861816
      vertex 22.862 -8 -0.0861816
      vertex 1.72207 -4.15746 -0.0861816
    endloop
  endfacet
  facet normal -0 0 1
    outer loop
      vertex 0.587367 -4.4615 -0.0861816
      vertex 22.862 -8 -0.0861816
      vertex 1.16469 -4.34667 -0.0861816
    endloop
  endfacet
  facet normal 0 0 1
    outer loop
      vertex -10.095 -8 -0.0861816
      vertex 0.587367 -4.4615 -0.0861816
      vertex 0 -4.5 -0.0861816
    endloop
  endfacet
  facet normal 0 0 1
    outer loop
      vertex -10.095 -8 -0.0861816
      vertex 0 -4.5 -0.0861816
      vertex -0.587367 -4.4615 -0.0861816
    endloop
  endfacet
  facet normal 0 0 1
    outer loop
      vertex -10.095 -8 -0.0861816
      vertex -4.5 0 -0.0861816
      vertex -10.095 8 -0.0861816
    endloop
  endfacet
  facet normal 0 0 1
    outer loop
      vertex -4.5 0 -0.0861816
      vertex -10.095 -8 -0.0861816
      vertex -4.4615 -0.587367 -0.0861816
    endloop
  endfacet
  facet normal 0 0 1
    outer loop
      vertex -4.4615 -0.587367 -0.0861816
      vertex -10.095 -8 -0.0861816
      vertex -4.34667 -1.16469 -0.0861816
    endloop
  endfacet
  facet normal 0 0 1
    outer loop
      vertex -4.34667 -1.16469 -0.0861816
      vertex -10.095 -8 -0.0861816
      vertex -4.15746 -1.72207 -0.0861816
    endloop
  endfacet
  facet normal 0 0 1
    outer loop
      vertex 0.587367 -4.4615 -0.0861816
      vertex -10.095 -8 -0.0861816
      vertex 22.862 -8 -0.0861816
    endloop
  endfacet
  facet normal 0 0 1
    outer loop
      vertex -1.16469 -4.34667 -0.0861816
      vertex -10.095 -8 -0.0861816
      vertex -0.587367 -4.4615 -0.0861816
    endloop
  endfacet
  facet normal 0 0 1
    outer loop
      vertex -1.72207 -4.15746 -0.0861816
      vertex -10.095 -8 -0.0861816
      vertex -1.16469 -4.34667 -0.0861816
    endloop
  endfacet
  facet normal 0 0 1
    outer loop
      vertex -2.25 -3.89711 -0.0861816
      vertex -10.095 -8 -0.0861816
      vertex -1.72207 -4.15746 -0.0861816
    endloop
  endfacet
  facet normal 0 0 1
    outer loop
      vertex -2.73943 -3.57009 -0.0861816
      vertex -10.095 -8 -0.0861816
      vertex -2.25 -3.89711 -0.0861816
    endloop
  endfacet
  facet normal 0 0 1
    outer loop
      vertex -3.18198 -3.18198 -0.0861816
      vertex -10.095 -8 -0.0861816
      vertex -2.73943 -3.57009 -0.0861816
    endloop
  endfacet
  facet normal 0 0 1
    outer loop
      vertex -3.57009 -2.73943 -0.0861816
      vertex -10.095 -8 -0.0861816
      vertex -3.18198 -3.18198 -0.0861816
    endloop
  endfacet
  facet normal 0 0 1
    outer loop
      vertex -3.89711 -2.25 -0.0861816
      vertex -10.095 -8 -0.0861816
      vertex -3.57009 -2.73943 -0.0861816
    endloop
  endfacet
  facet normal 0 0 1
    outer loop
      vertex -4.15746 -1.72207 -0.0861816
      vertex -10.095 -8 -0.0861816
      vertex -3.89711 -2.25 -0.0861816
    endloop
  endfacet
  facet normal 0 0 1
    outer loop
      vertex 76.4889 3.88229 -0.0861816
      vertex 78.095 6.70623 -0.0861816
      vertex 78 6.7 -0.0861816
    endloop
  endfacet
  facet normal 0 0 1
    outer loop
      vertex 78.095 6.70623 -0.0861816
      vertex 77 0 -0.0861816
      vertex 78.095 -6.70623 -0.0861816
    endloop
  endfacet
  facet normal 0 0 1
    outer loop
      vertex 76.4889 3.88229 -0.0861816
      vertex 78 6.7 -0.0861816
      vertex 77.5693 6.72823 -0.0861816
    endloop
  endfacet
  facet normal -0 0 1
    outer loop
      vertex 76.8717 -1.95789 -0.0861816
      vertex 78.095 -6.70623 -0.0861816
      vertex 77 0 -0.0861816
    endloop
  endfacet
  facet normal 0 0 1
    outer loop
      vertex 75.8582 5.74025 -0.0861816
      vertex 77.5693 6.72823 -0.0861816
      vertex 77.1459 6.81245 -0.0861816
    endloop
  endfacet
  facet normal -0 0 1
    outer loop
      vertex 76.4889 -3.88229 -0.0861816
      vertex 78.095 -6.70623 -0.0861816
      vertex 76.8717 -1.95789 -0.0861816
    endloop
  endfacet
  facet normal 0 0 1
    outer loop
      vertex 78.095 -6.70623 -0.0861816
      vertex 76.4889 -3.88229 -0.0861816
      vertex 78 -6.7 -0.0861816
    endloop
  endfacet
  facet normal 0 0 1
    outer loop
      vertex 78.095 6.70623 -0.0861816
      vertex 76.8717 1.95789 -0.0861816
      vertex 77 0 -0.0861816
    endloop
  endfacet
  facet normal 0 0 1
    outer loop
      vertex 75.8582 5.74025 -0.0861816
      vertex 77.1459 6.81245 -0.0861816
      vertex 76.7371 6.9512 -0.0861816
    endloop
  endfacet
  facet normal 0 0 1
    outer loop
      vertex 78.095 6.70623 -0.0861816
      vertex 76.4889 3.88229 -0.0861816
      vertex 76.8717 1.95789 -0.0861816
    endloop
  endfacet
  facet normal 0 0 1
    outer loop
      vertex 75.8582 5.74025 -0.0861816
      vertex 76.7371 6.9512 -0.0861816
      vertex 76.35 7.14212 -0.0861816
    endloop
  endfacet
  facet normal 0 0 1
    outer loop
      vertex 75.8582 5.74025 -0.0861816
      vertex 76.35 7.14212 -0.0861816
      vertex 75.9911 7.38193 -0.0861816
    endloop
  endfacet
  facet normal 0 0 1
    outer loop
      vertex 77.5693 6.72823 -0.0861816
      vertex 75.8582 5.74025 -0.0861816
      vertex 76.4889 3.88229 -0.0861816
    endloop
  endfacet
  facet normal -0 0 1
    outer loop
      vertex 74.9904 7.5 -0.0861816
      vertex 75.9911 7.38193 -0.0861816
      vertex 75.6665 7.66655 -0.0861816
    endloop
  endfacet
  facet normal 0 0 1
    outer loop
      vertex 74.9904 7.5 -0.0861816
      vertex 75.6665 7.66655 -0.0861816
      vertex 75.3819 7.99109 -0.0861816
    endloop
  endfacet
  facet normal 0 0 1
    outer loop
      vertex 74.9904 7.5 -0.0861816
      vertex 75.3819 7.99109 -0.0861816
      vertex 75.376 8 -0.0861816
    endloop
  endfacet
  facet normal 0 0 1
    outer loop
      vertex 75.9911 7.38193 -0.0861816
      vertex 74.9904 7.5 -0.0861816
      vertex 75.8582 5.74025 -0.0861816
    endloop
  endfacet
  facet normal 0 -0 1
    outer loop
      vertex 74.9904 7.5 -0.0861816
      vertex 75.376 8 -0.0861816
      vertex 74.6563 8 -0.0861816
    endloop
  endfacet
  facet normal 0 0 1
    outer loop
      vertex 78 -6.7 -0.0861816
      vertex 76.4889 -3.88229 -0.0861816
      vertex 77.5693 -6.72823 -0.0861816
    endloop
  endfacet
  facet normal -0 0 1
    outer loop
      vertex 75.8582 -5.74025 -0.0861816
      vertex 77.5693 -6.72823 -0.0861816
      vertex 76.4889 -3.88229 -0.0861816
    endloop
  endfacet
  facet normal 0 0 1
    outer loop
      vertex 77.5693 -6.72823 -0.0861816
      vertex 75.8582 -5.74025 -0.0861816
      vertex 77.1459 -6.81245 -0.0861816
    endloop
  endfacet
  facet normal 0 0 1
    outer loop
      vertex 77.1459 -6.81245 -0.0861816
      vertex 75.8582 -5.74025 -0.0861816
      vertex 76.7371 -6.9512 -0.0861816
    endloop
  endfacet
  facet normal 0 0 1
    outer loop
      vertex 76.7371 -6.9512 -0.0861816
      vertex 75.8582 -5.74025 -0.0861816
      vertex 76.35 -7.14212 -0.0861816
    endloop
  endfacet
  facet normal 0 0 1
    outer loop
      vertex 76.35 -7.14212 -0.0861816
      vertex 75.8582 -5.74025 -0.0861816
      vertex 75.9911 -7.38193 -0.0861816
    endloop
  endfacet
  facet normal 0 0 1
    outer loop
      vertex 74.9904 -7.5 -0.0861816
      vertex 75.9911 -7.38193 -0.0861816
      vertex 75.8582 -5.74025 -0.0861816
    endloop
  endfacet
  facet normal 0 0 1
    outer loop
      vertex 75.9911 -7.38193 -0.0861816
      vertex 74.9904 -7.5 -0.0861816
      vertex 75.6665 -7.66655 -0.0861816
    endloop
  endfacet
  facet normal 0 0 1
    outer loop
      vertex 75.6665 -7.66655 -0.0861816
      vertex 74.9904 -7.5 -0.0861816
      vertex 75.3819 -7.99109 -0.0861816
    endloop
  endfacet
  facet normal 0 0 1
    outer loop
      vertex 75.3819 -7.99109 -0.0861816
      vertex 74.9904 -7.5 -0.0861816
      vertex 75.376 -8 -0.0861816
    endloop
  endfacet
  facet normal 0 0 1
    outer loop
      vertex 75.376 -8 -0.0861816
      vertex 74.9904 -7.5 -0.0861816
      vertex 74.6563 -8 -0.0861816
    endloop
  endfacet
  facet normal 0.583088 -0.368738 0.723906
    outer loop
      vertex 81.1876 -10.8541 -2.35355
      vertex 81.9497 -10.9094 -2.99557
      vertex 81.2533 -10.5234 -2.23802
    endloop
  endfacet
  facet normal 0.583048 -0.368872 0.723871
    outer loop
      vertex 81.0488 -11.2629 -2.45007
      vertex 81.9497 -10.9094 -2.99557
      vertex 81.1876 -10.8541 -2.35355
    endloop
  endfacet
  facet normal 0.583025 -0.368465 0.724096
    outer loop
      vertex 81.9497 -10.9094 -2.99557
      vertex 81.0488 -11.2629 -2.45007
      vertex 81.0293 -11.3025 -2.45452
    endloop
  endfacet
  facet normal 0.805534 0.0926956 0.585254
    outer loop
      vertex 81.9497 8 -2.05025
      vertex 83.237 8.98203 -3.97761
      vertex 81.9497 9.52956 -2.29251
    endloop
  endfacet
  facet normal 0.583046 0.127114 0.802433
    outer loop
      vertex 81.0488 8.73715 -1.51243
      vertex 81.9497 8 -2.05025
      vertex 81.109 8.91453 -1.58427
    endloop
  endfacet
  facet normal 0.583042 0.127105 0.802438
    outer loop
      vertex 80.8579 8.35 -1.3124
      vertex 81.9497 8 -2.05025
      vertex 81.0488 8.73715 -1.51243
    endloop
  endfacet
  facet normal 0.583029 0.127017 0.802461
    outer loop
      vertex 81.9497 8 -2.05025
      vertex 80.8579 8.35 -1.3124
      vertex 80.624 8 -1.08706
    endloop
  endfacet
  facet normal 0.583021 0.802459 0.127066
    outer loop
      vertex 81.9497 12.7075 -5.47044
      vertex 81.9497 12.9497 -7
      vertex 80.1779 13.9318 -5.07265
    endloop
  endfacet
  facet normal 0.583021 0.723896 0.368865
    outer loop
      vertex 81.9497 12.0044 -4.09061
      vertex 81.9497 12.7075 -5.47044
      vertex 80.1779 13.9318 -5.07265
    endloop
  endfacet
  facet normal 0.949916 0.141877 0.278445
    outer loop
      vertex 83.9138 8.33839 -5.95855
      vertex 83.9138 8.64365 -6.11409
      vertex 83.237 9.86794 -4.429
    endloop
  endfacet
  facet normal 0.805534 -0.0926952 0.585254
    outer loop
      vertex 81.9497 -8 -2.05025
      vertex 83.237 -8.98204 -3.97761
      vertex 83.237 -8 -3.82207
    endloop
  endfacet
  facet normal 0.583046 -0.127114 0.802433
    outer loop
      vertex 81.9497 -8 -2.05025
      vertex 81.0488 -8.73715 -1.51243
      vertex 81.109 -8.91453 -1.58427
    endloop
  endfacet
  facet normal 0.583042 -0.127105 0.802438
    outer loop
      vertex 81.9497 -8 -2.05025
      vertex 80.8579 -8.35 -1.3124
      vertex 81.0488 -8.73715 -1.51243
    endloop
  endfacet
  facet normal 0.583029 -0.127017 0.802461
    outer loop
      vertex 80.8579 -8.35 -1.3124
      vertex 81.9497 -8 -2.05025
      vertex 80.624 -8 -1.08706
    endloop
  endfacet
  facet normal 0.805534 -0.0926957 0.585254
    outer loop
      vertex 81.9497 -9.52956 -2.29251
      vertex 83.237 -8.98204 -3.97761
      vertex 81.9497 -8 -2.05025
    endloop
  endfacet
  facet normal 3.87633e-06 -0.891005 0.453994
    outer loop
      vertex 78.095 -14.5754 -4.86351
      vertex 68.2772 -13.5934 -2.93616
      vertex 67.7402 -13.8582 -3.45585
    endloop
  endfacet
  facet normal 3.1079e-06 -0.891007 0.453989
    outer loop
      vertex 78.095 -14.5754 -4.86351
      vertex 67.7402 -13.8582 -3.45585
      vertex 65.8823 -14.4889 -4.69366
    endloop
  endfacet
  facet normal 0 -0.891098 0.453812
    outer loop
      vertex 78.095 -14.5754 -4.86351
      vertex 65.8823 -14.4889 -4.69366
      vertex 65.4472 -14.5754 -4.86351
    endloop
  endfacet
  facet normal 0 -0.891013 0.453978
    outer loop
      vertex 68.2772 -13.5934 -2.93616
      vertex 78.095 -14.5754 -4.86351
      vertex 78.095 -13.5934 -2.93616
    endloop
  endfacet
  facet normal 0 -0.891013 0.453978
    outer loop
      vertex -10.095 -14.5754 -4.86351
      vertex 55.7228 -13.5934 -2.93616
      vertex -10.095 -13.5934 -2.93616
    endloop
  endfacet
  facet normal -6.75082e-07 -0.891004 0.453996
    outer loop
      vertex 55.7228 -13.5934 -2.93616
      vertex -10.095 -14.5754 -4.86351
      vertex 56.2598 -13.8582 -3.45585
    endloop
  endfacet
  facet normal -5.65934e-07 -0.891006 0.453992
    outer loop
      vertex 56.2598 -13.8582 -3.45585
      vertex -10.095 -14.5754 -4.86351
      vertex 58.1177 -14.4889 -4.69366
    endloop
  endfacet
  facet normal 0 -0.891098 0.453812
    outer loop
      vertex 58.1177 -14.4889 -4.69366
      vertex -10.095 -14.5754 -4.86351
      vertex 58.5528 -14.5754 -4.86351
    endloop
  endfacet
  facet normal 0.583035 -0.723897 0.368841
    outer loop
      vertex 80.1779 -13.0459 -3.33396
      vertex 80.1779 -13.9318 -5.07265
      vertex 81.9497 -12.0044 -4.09061
    endloop
  endfacet
  facet normal 0.583051 -0.574542 0.574415
    outer loop
      vertex 80.8579 -11.65 -2.62812
      vertex 81.9497 -10.9094 -2.99557
      vertex 81.0293 -11.3025 -2.45452
    endloop
  endfacet
  facet normal 0.583039 -0.574495 0.574474
    outer loop
      vertex 80.8579 -11.65 -2.62812
      vertex 81.9497 -12.0044 -4.09061
      vertex 81.9497 -10.9094 -2.99557
    endloop
  endfacet
  facet normal 0.583045 -0.574487 0.574477
    outer loop
      vertex 80.6181 -12.0089 -2.74365
      vertex 81.9497 -12.0044 -4.09061
      vertex 80.8579 -11.65 -2.62812
    endloop
  endfacet
  facet normal 0.583075 -0.574426 0.574507
    outer loop
      vertex 80.3335 -12.3335 -2.77936
      vertex 81.9497 -12.0044 -4.09061
      vertex 80.6181 -12.0089 -2.74365
    endloop
  endfacet
  facet normal 0.582593 -0.574681 0.574741
    outer loop
      vertex 80.1779 -13.0459 -3.33396
      vertex 80.3335 -12.3335 -2.77936
      vertex 80.1779 -12.4698 -2.75792
    endloop
  endfacet
  facet normal 0.583038 -0.574538 0.574433
    outer loop
      vertex 80.3335 -12.3335 -2.77936
      vertex 80.1779 -13.0459 -3.33396
      vertex 81.9497 -12.0044 -4.09061
    endloop
  endfacet
  facet normal 0.583021 -0.723896 0.368865
    outer loop
      vertex 80.1779 -13.9318 -5.07265
      vertex 81.9497 -12.7075 -5.47044
      vertex 81.9497 -12.0044 -4.09061
    endloop
  endfacet
  facet normal 0.583021 -0.802459 0.127066
    outer loop
      vertex 80.1779 -13.9318 -5.07265
      vertex 81.9497 -12.9497 -7
      vertex 81.9497 -12.7075 -5.47044
    endloop
  endfacet
  facet normal -0.58302 0.127097 0.802455
    outer loop
      vertex -12.1779 9.92735 -1.06822
      vertex -13.9497 9.52956 -2.29251
      vertex -13.9497 8 -2.05025
    endloop
  endfacet
  facet normal -0.58302 0.368847 0.723906
    outer loop
      vertex -12.1779 9.92735 -1.06822
      vertex -13.9497 10.9094 -2.99557
      vertex -13.9497 9.52956 -2.29251
    endloop
  endfacet
  facet normal -0.951051 -0.309033 0
    outer loop
      vertex -15.237 -11.1779 -18.4
      vertex -15.9138 -9.09504 -7
      vertex -15.9138 -9.09504 -18.4
    endloop
  endfacet
  facet normal -0.951051 -0.309033 0
    outer loop
      vertex -15.9138 -9.09504 -7
      vertex -15.237 -11.1779 -18.4
      vertex -15.237 -11.1779 -7
    endloop
  endfacet
  facet normal -0.949915 0.0488875 0.30866
    outer loop
      vertex -15.237 8.98203 -3.97761
      vertex -15.9138 8.33839 -5.95855
      vertex -15.237 8 -3.82207
    endloop
  endfacet
  facet normal -0.805534 0.0926961 0.585254
    outer loop
      vertex -13.9497 8 -2.05025
      vertex -15.237 8.98203 -3.97761
      vertex -15.237 8 -3.82207
    endloop
  endfacet
  facet normal -0.305561 0.848398 0.432265
    outer loop
      vertex -10.095 13.5934 -2.93616
      vertex -10.095 14.5754 -4.86351
      vertex -12.1779 13.0459 -3.33396
    endloop
  endfacet
  facet normal -0.309027 0.951053 0
    outer loop
      vertex -10.095 14.9138 -18.4
      vertex -12.1779 14.237 -7
      vertex -10.095 14.9138 -7
    endloop
  endfacet
  facet normal -0.309027 0.951053 0
    outer loop
      vertex -12.1779 14.237 -7
      vertex -10.095 14.9138 -18.4
      vertex -12.1779 14.237 -18.4
    endloop
  endfacet
  facet normal -0.587789 0.809014 0
    outer loop
      vertex -12.1779 14.237 -18.4
      vertex -13.9497 12.9497 -7
      vertex -12.1779 14.237 -7
    endloop
  endfacet
  facet normal -0.587789 0.809014 0
    outer loop
      vertex -13.9497 12.9497 -7
      vertex -12.1779 14.237 -18.4
      vertex -13.9497 12.9497 -18.4
    endloop
  endfacet
  facet normal -0.583021 -0.127097 0.802455
    outer loop
      vertex -12.1779 -8 -0.762955
      vertex -13.9497 -8 -2.05025
      vertex -12.1779 -9.92735 -1.06822
    endloop
  endfacet
  facet normal -0.58301 -0.57451 0.574489
    outer loop
      vertex -13.9497 -12.0044 -4.09061
      vertex -12.1779 -11.666 -1.95412
      vertex -13.9497 -10.9094 -2.99557
    endloop
  endfacet
  facet normal -0.583031 -0.574476 0.574501
    outer loop
      vertex -12.1779 -11.666 -1.95412
      vertex -13.9497 -12.0044 -4.09061
      vertex -12.1779 -13.0459 -3.33396
    endloop
  endfacet
  facet normal 0.805534 -0.527959 0.269025
    outer loop
      vertex 81.9497 -12.7075 -5.47044
      vertex 83.237 -11.0224 -6.01797
      vertex 81.9497 -12.0044 -4.09061
    endloop
  endfacet
  facet normal 0.805533 -0.585259 0.0926736
    outer loop
      vertex 81.9497 -12.7075 -5.47044
      vertex 81.9497 -12.9497 -7
      vertex 83.237 -11.0224 -6.01797
    endloop
  endfacet
  facet normal 0.951051 -0.309033 0
    outer loop
      vertex 83.237 -11.1779 -7
      vertex 83.9138 -9.09504 -18.4
      vertex 83.9138 -9.09504 -7
    endloop
  endfacet
  facet normal 0.951051 -0.309033 0
    outer loop
      vertex 83.9138 -9.09504 -18.4
      vertex 83.237 -11.1779 -7
      vertex 83.237 -11.1779 -18.4
    endloop
  endfacet
  facet normal 0.949916 0.278445 0.141877
    outer loop
      vertex 83.237 10.571 -5.13206
      vertex 83.9138 9.04145 -6.66161
      vertex 83.237 11.0224 -6.01797
    endloop
  endfacet
  facet normal 0.80553 0.527969 0.269017
    outer loop
      vertex 83.237 10.571 -5.13206
      vertex 83.237 11.0224 -6.01797
      vertex 81.9497 12.0044 -4.09061
    endloop
  endfacet
  facet normal 0.949915 -0.220976 0.220976
    outer loop
      vertex 83.237 -9.86794 -4.429
      vertex 83.9138 -8.88591 -6.35635
      vertex 83.9138 -8.64365 -6.11409
    endloop
  endfacet
  facet normal 0.949915 -0.220976 0.220976
    outer loop
      vertex 83.9138 -8.88591 -6.35635
      vertex 83.237 -9.86794 -4.429
      vertex 83.237 -10.571 -5.13206
    endloop
  endfacet
  facet normal 0.949915 -0.141876 0.278446
    outer loop
      vertex 83.237 -9.86794 -4.429
      vertex 83.9138 -8.33839 -5.95855
      vertex 83.237 -8.98204 -3.97761
    endloop
  endfacet
  facet normal 0.951053 -0 0.309029
    outer loop
      vertex 83.237 -8 -3.82207
      vertex 83.9138 8 -5.90496
      vertex 83.237 8 -3.82207
    endloop
  endfacet
  facet normal 0.951053 0 0.309029
    outer loop
      vertex 83.9138 8 -5.90496
      vertex 83.237 -8 -3.82207
      vertex 83.9138 -8 -5.90496
    endloop
  endfacet
  facet normal 0.949915 0.0488875 0.30866
    outer loop
      vertex 83.237 8 -3.82207
      vertex 83.9138 8.33839 -5.95855
      vertex 83.237 8.98203 -3.97761
    endloop
  endfacet
  facet normal 0.805535 -0.269012 0.527964
    outer loop
      vertex 81.9497 -10.9094 -2.99557
      vertex 83.237 -9.86794 -4.429
      vertex 83.237 -8.98204 -3.97761
    endloop
  endfacet
  facet normal 0.583034 -0.127096 0.802445
    outer loop
      vertex 81.109 -8.91453 -1.58427
      vertex 81.9497 -9.52956 -2.29251
      vertex 81.9497 -8 -2.05025
    endloop
  endfacet
  facet normal 0.583049 -0.127421 0.802382
    outer loop
      vertex 81.9497 -9.52956 -2.29251
      vertex 81.2718 -9.56926 -1.80622
      vertex 81.279 -9.68014 -1.82906
    endloop
  endfacet
  facet normal 0.583061 -0.1271 0.802425
    outer loop
      vertex 81.9497 -9.52956 -2.29251
      vertex 81.1876 -9.1459 -1.67798
      vertex 81.2718 -9.56926 -1.80622
    endloop
  endfacet
  facet normal 0.583147 -0.126884 0.802396
    outer loop
      vertex 81.9497 -9.52956 -2.29251
      vertex 81.109 -8.91453 -1.58427
      vertex 81.1876 -9.1459 -1.67798
    endloop
  endfacet
  facet normal 0.583045 -0.368838 0.72389
    outer loop
      vertex 81.9497 -9.52956 -2.29251
      vertex 81.3 -10 -2.00892
      vertex 81.9497 -10.9094 -2.99557
    endloop
  endfacet
  facet normal 0.583028 -0.368792 0.723927
    outer loop
      vertex 81.3 -10 -2.00892
      vertex 81.9497 -9.52956 -2.29251
      vertex 81.279 -9.68014 -1.82906
    endloop
  endfacet
  facet normal 0.58306 -0.368824 0.723886
    outer loop
      vertex 81.2718 -10.4307 -2.20565
      vertex 81.9497 -10.9094 -2.99557
      vertex 81.3 -10 -2.00892
    endloop
  endfacet
  facet normal 0.582874 -0.369101 0.723894
    outer loop
      vertex 81.9497 -10.9094 -2.99557
      vertex 81.2718 -10.4307 -2.20565
      vertex 81.2533 -10.5234 -2.23802
    endloop
  endfacet
  facet normal 0.583049 0.127421 0.802382
    outer loop
      vertex 81.2718 9.56926 -1.80622
      vertex 81.9497 9.52956 -2.29251
      vertex 81.279 9.68014 -1.82906
    endloop
  endfacet
  facet normal 0.583061 0.1271 0.802425
    outer loop
      vertex 81.1876 9.1459 -1.67798
      vertex 81.9497 9.52956 -2.29251
      vertex 81.2718 9.56926 -1.80622
    endloop
  endfacet
  facet normal 0.583147 0.126884 0.802396
    outer loop
      vertex 81.109 8.91453 -1.58427
      vertex 81.9497 9.52956 -2.29251
      vertex 81.1876 9.1459 -1.67798
    endloop
  endfacet
  facet normal 0.583034 0.127096 0.802445
    outer loop
      vertex 81.9497 9.52956 -2.29251
      vertex 81.109 8.91453 -1.58427
      vertex 81.9497 8 -2.05025
    endloop
  endfacet
  facet normal -0.949915 -0.308663 0.0488822
    outer loop
      vertex -15.9138 -9.09504 -7
      vertex -15.237 -11.1779 -7
      vertex -15.9138 -9.04145 -6.66161
    endloop
  endfacet
  facet normal -0.805535 0.26901 0.527966
    outer loop
      vertex -13.9497 10.9094 -2.99557
      vertex -15.237 9.86794 -4.429
      vertex -15.237 8.98203 -3.97761
    endloop
  endfacet
  facet normal -0.80553 0.527969 0.269017
    outer loop
      vertex -13.9497 12.0044 -4.09061
      vertex -15.237 11.0224 -6.01797
      vertex -15.237 10.571 -5.13206
    endloop
  endfacet
  facet normal -0.583015 0.368854 0.723906
    outer loop
      vertex -12.1779 11.666 -1.95412
      vertex -13.9497 10.9094 -2.99557
      vertex -12.1779 9.92735 -1.06822
    endloop
  endfacet
  facet normal -0.305572 -0.432281 0.848386
    outer loop
      vertex -12.1779 -9.92735 -1.06822
      vertex -12.1779 -11.666 -1.95412
      vertex -10.095 -10.1365 -0.424568
    endloop
  endfacet
  facet normal -0.805534 -0.269011 0.527966
    outer loop
      vertex -13.9497 -9.52956 -2.29251
      vertex -15.237 -8.98204 -3.97761
      vertex -13.9497 -10.9094 -2.99557
    endloop
  endfacet
  facet normal -0.583015 -0.368854 0.723906
    outer loop
      vertex -12.1779 -9.92735 -1.06822
      vertex -13.9497 -10.9094 -2.99557
      vertex -12.1779 -11.666 -1.95412
    endloop
  endfacet
  facet normal 0.805535 0.26901 0.527966
    outer loop
      vertex 83.237 8.98203 -3.97761
      vertex 83.237 9.86794 -4.429
      vertex 81.9497 10.9094 -2.99557
    endloop
  endfacet
  facet normal 0.805535 0.26901 0.527965
    outer loop
      vertex 81.9497 9.52956 -2.29251
      vertex 83.237 8.98203 -3.97761
      vertex 81.9497 10.9094 -2.99557
    endloop
  endfacet
  facet normal 0.949916 -0.278445 0.141877
    outer loop
      vertex 83.237 -10.571 -5.13206
      vertex 83.9138 -9.04145 -6.66161
      vertex 83.9138 -8.88591 -6.35635
    endloop
  endfacet
  facet normal 0.949915 -0.308663 0.0488822
    outer loop
      vertex 83.9138 -9.04145 -6.66161
      vertex 83.237 -11.1779 -7
      vertex 83.9138 -9.09504 -7
    endloop
  endfacet
  facet normal -0.805535 0.26901 0.527965
    outer loop
      vertex -13.9497 10.9094 -2.99557
      vertex -15.237 8.98203 -3.97761
      vertex -13.9497 9.52956 -2.29251
    endloop
  endfacet
  facet normal -0.805534 0.0926956 0.585254
    outer loop
      vertex -13.9497 9.52956 -2.29251
      vertex -15.237 8.98203 -3.97761
      vertex -13.9497 8 -2.05025
    endloop
  endfacet
  facet normal -0.805535 -0.418995 0.418995
    outer loop
      vertex -15.237 -10.571 -5.13206
      vertex -13.9497 -10.9094 -2.99557
      vertex -15.237 -9.86794 -4.429
    endloop
  endfacet
  facet normal -0.805532 -0.419006 0.418991
    outer loop
      vertex -13.9497 -10.9094 -2.99557
      vertex -15.237 -10.571 -5.13206
      vertex -13.9497 -12.0044 -4.09061
    endloop
  endfacet
  facet normal 0.809018 -0 0.587784
    outer loop
      vertex 81.9497 -8 -2.05025
      vertex 83.237 8 -3.82207
      vertex 81.9497 8 -2.05025
    endloop
  endfacet
  facet normal 0.809018 0 0.587784
    outer loop
      vertex 83.237 8 -3.82207
      vertex 81.9497 -8 -2.05025
      vertex 83.237 -8 -3.82207
    endloop
  endfacet
  facet normal 0.949915 -0.048887 0.30866
    outer loop
      vertex 83.237 -8.98204 -3.97761
      vertex 83.9138 -8.33839 -5.95855
      vertex 83.237 -8 -3.82207
    endloop
  endfacet
  facet normal 0.949915 0.220976 0.220976
    outer loop
      vertex 83.237 9.86794 -4.429
      vertex 83.9138 8.88591 -6.35635
      vertex 83.237 10.571 -5.13206
    endloop
  endfacet
  facet normal 0.949915 0.220976 0.220976
    outer loop
      vertex 83.9138 8.88591 -6.35635
      vertex 83.237 9.86794 -4.429
      vertex 83.9138 8.64365 -6.11409
    endloop
  endfacet
  facet normal 0.805532 0.419006 0.418991
    outer loop
      vertex 81.9497 10.9094 -2.99557
      vertex 83.237 10.571 -5.13206
      vertex 81.9497 12.0044 -4.09061
    endloop
  endfacet
  facet normal 0.805535 0.418995 0.418995
    outer loop
      vertex 83.237 10.571 -5.13206
      vertex 81.9497 10.9094 -2.99557
      vertex 83.237 9.86794 -4.429
    endloop
  endfacet
  facet normal 1 0 0
    outer loop
      vertex 83.9138 8 -5.90496
      vertex 83.9138 9.09504 -7
      vertex 83.9138 9.04145 -6.66161
    endloop
  endfacet
  facet normal 1 0 0
    outer loop
      vertex 83.9138 8 -5.90496
      vertex 83.9138 9.04145 -6.66161
      vertex 83.9138 8.88591 -6.35635
    endloop
  endfacet
  facet normal 1 0 0
    outer loop
      vertex 83.9138 8 -5.90496
      vertex 83.9138 8.88591 -6.35635
      vertex 83.9138 8.64365 -6.11409
    endloop
  endfacet
  facet normal 1 0 0
    outer loop
      vertex 83.9138 8 -5.90496
      vertex 83.9138 8.64365 -6.11409
      vertex 83.9138 8.33839 -5.95855
    endloop
  endfacet
  facet normal 1 0 0
    outer loop
      vertex 83.9138 9.09504 -7
      vertex 83.9138 8 -5.90496
      vertex 83.9138 9.09504 -18.4
    endloop
  endfacet
  facet normal 1 -0 0
    outer loop
      vertex 83.9138 -8 -5.90496
      vertex 83.9138 9.09504 -18.4
      vertex 83.9138 8 -5.90496
    endloop
  endfacet
  facet normal 1 0 0
    outer loop
      vertex 83.9138 -9.09504 -7
      vertex 83.9138 -8 -5.90496
      vertex 83.9138 -8.33839 -5.95855
    endloop
  endfacet
  facet normal 1 0 0
    outer loop
      vertex 83.9138 -9.09504 -7
      vertex 83.9138 -8.33839 -5.95855
      vertex 83.9138 -8.64365 -6.11409
    endloop
  endfacet
  facet normal 1 0 0
    outer loop
      vertex 83.9138 -9.09504 -7
      vertex 83.9138 -8.64365 -6.11409
      vertex 83.9138 -8.88591 -6.35635
    endloop
  endfacet
  facet normal 1 0 0
    outer loop
      vertex 83.9138 -9.09504 -7
      vertex 83.9138 -8.88591 -6.35635
      vertex 83.9138 -9.04145 -6.66161
    endloop
  endfacet
  facet normal 1 0 0
    outer loop
      vertex 83.9138 -9.09504 -18.4
      vertex 83.9138 -8 -5.90496
      vertex 83.9138 -9.09504 -7
    endloop
  endfacet
  facet normal 1 0 0
    outer loop
      vertex 83.9138 -8 -5.90496
      vertex 83.9138 -9.09504 -18.4
      vertex 83.9138 9.09504 -18.4
    endloop
  endfacet
  facet normal 0 0 -1
    outer loop
      vertex 28.0284 -8.45648 -18.4
      vertex 39.3 -7.1 -18.4
      vertex 28.082 -8.72589 -18.4
    endloop
  endfacet
  facet normal 0 0 -1
    outer loop
      vertex 27.9401 -8.19636 -18.4
      vertex 39.3 -7.1 -18.4
      vertex 28.0284 -8.45648 -18.4
    endloop
  endfacet
  facet normal -0 0 -1
    outer loop
      vertex 39.3 -7.1 -18.4
      vertex 27.9401 -8.19636 -18.4
      vertex 39.3 -4 -18.4
    endloop
  endfacet
  facet normal 0 0 -1
    outer loop
      vertex 27.8187 -7.95 -18.4
      vertex 39.3 -4 -18.4
      vertex 27.9401 -8.19636 -18.4
    endloop
  endfacet
  facet normal 0 0 -1
    outer loop
      vertex 27.666 -7.7216 -18.4
      vertex 39.3 -4 -18.4
      vertex 27.8187 -7.95 -18.4
    endloop
  endfacet
  facet normal 0 0 -1
    outer loop
      vertex 27.4849 -7.51508 -18.4
      vertex 39.3 -4 -18.4
      vertex 27.666 -7.7216 -18.4
    endloop
  endfacet
  facet normal 0 0 -1
    outer loop
      vertex 27.2784 -7.33396 -18.4
      vertex 39.3 -4 -18.4
      vertex 27.4849 -7.51508 -18.4
    endloop
  endfacet
  facet normal 0 0 -1
    outer loop
      vertex 27.05 -7.18135 -18.4
      vertex 39.3 -4 -18.4
      vertex 27.2784 -7.33396 -18.4
    endloop
  endfacet
  facet normal 0 0 -1
    outer loop
      vertex 26.8036 -7.05985 -18.4
      vertex 39.3 -4 -18.4
      vertex 27.05 -7.18135 -18.4
    endloop
  endfacet
  facet normal 0 0 -1
    outer loop
      vertex 26.5435 -6.97156 -18.4
      vertex 39.3 -4 -18.4
      vertex 26.8036 -7.05985 -18.4
    endloop
  endfacet
  facet normal 0 0 -1
    outer loop
      vertex 26.2741 -6.91796 -18.4
      vertex 39.3 -4 -18.4
      vertex 26.5435 -6.97156 -18.4
    endloop
  endfacet
  facet normal 0 0 -1
    outer loop
      vertex 26 -6.9 -18.4
      vertex 39.3 -4 -18.4
      vertex 26.2741 -6.91796 -18.4
    endloop
  endfacet
  facet normal 0 0 -1
    outer loop
      vertex 16 -4 -18.4
      vertex 26 -6.9 -18.4
      vertex 25.7259 -6.91796 -18.4
    endloop
  endfacet
  facet normal 0 0 -1
    outer loop
      vertex 16 -4 -18.4
      vertex 25.7259 -6.91796 -18.4
      vertex 25.4565 -6.97156 -18.4
    endloop
  endfacet
  facet normal 0 0 -1
    outer loop
      vertex 26 -6.9 -18.4
      vertex 16 -4 -18.4
      vertex 39.3 -4 -18.4
    endloop
  endfacet
  facet normal 0 0 -1
    outer loop
      vertex 25.1964 -7.05985 -18.4
      vertex 16 -4 -18.4
      vertex 25.4565 -6.97156 -18.4
    endloop
  endfacet
  facet normal 0 0 -1
    outer loop
      vertex 24.95 -7.18135 -18.4
      vertex 16 -4 -18.4
      vertex 25.1964 -7.05985 -18.4
    endloop
  endfacet
  facet normal 0 0 -1
    outer loop
      vertex 24.7216 -7.33396 -18.4
      vertex 16 -4 -18.4
      vertex 24.95 -7.18135 -18.4
    endloop
  endfacet
  facet normal 0 0 -1
    outer loop
      vertex 24.5151 -7.51508 -18.4
      vertex 16 -4 -18.4
      vertex 24.7216 -7.33396 -18.4
    endloop
  endfacet
  facet normal 0 0 -1
    outer loop
      vertex 24.334 -7.7216 -18.4
      vertex 16 -4 -18.4
      vertex 24.5151 -7.51508 -18.4
    endloop
  endfacet
  facet normal 0 0 -1
    outer loop
      vertex 24.1813 -7.95 -18.4
      vertex 16 -4 -18.4
      vertex 24.334 -7.7216 -18.4
    endloop
  endfacet
  facet normal 0 0 -1
    outer loop
      vertex 24.0599 -8.19636 -18.4
      vertex 16 -4 -18.4
      vertex 24.1813 -7.95 -18.4
    endloop
  endfacet
  facet normal 0 0 -1
    outer loop
      vertex 23.9716 -8.45648 -18.4
      vertex 16 -4 -18.4
      vertex 24.0599 -8.19636 -18.4
    endloop
  endfacet
  facet normal 0 0 -1
    outer loop
      vertex 23.918 -8.72589 -18.4
      vertex 16 -4 -18.4
      vertex 23.9716 -8.45648 -18.4
    endloop
  endfacet
  facet normal 0 0 -1
    outer loop
      vertex 16 -4 -18.4
      vertex 23.918 -8.72589 -18.4
      vertex 23.9 -9 -18.4
    endloop
  endfacet
  facet normal 0 0 -1
    outer loop
      vertex 39.3 4 -18.4
      vertex 16 4 -18.4
      vertex 39.3 7.1 -18.4
    endloop
  endfacet
  facet normal 0 0 -1
    outer loop
      vertex 79.9401 -9.19636 -18.4
      vertex 83.9138 -9.09504 -18.4
      vertex 80.0284 -9.45648 -18.4
    endloop
  endfacet
  facet normal 0 0 -1
    outer loop
      vertex 83.9138 9.09504 -18.4
      vertex 80.082 9.72589 -18.4
      vertex 80.1 10 -18.4
    endloop
  endfacet
  facet normal 0 0 -1
    outer loop
      vertex 79.8186 -8.95 -18.4
      vertex 83.9138 -9.09504 -18.4
      vertex 79.9401 -9.19636 -18.4
    endloop
  endfacet
  facet normal 0 0 -1
    outer loop
      vertex 83.9138 9.09504 -18.4
      vertex 80.0284 9.45648 -18.4
      vertex 80.082 9.72589 -18.4
    endloop
  endfacet
  facet normal 0 0 -1
    outer loop
      vertex 79.666 -8.7216 -18.4
      vertex 83.9138 -9.09504 -18.4
      vertex 79.8186 -8.95 -18.4
    endloop
  endfacet
  facet normal 0 0 -1
    outer loop
      vertex 83.9138 9.09504 -18.4
      vertex 79.9401 9.19636 -18.4
      vertex 80.0284 9.45648 -18.4
    endloop
  endfacet
  facet normal 0 0 -1
    outer loop
      vertex 79.4849 -8.51508 -18.4
      vertex 83.9138 -9.09504 -18.4
      vertex 79.666 -8.7216 -18.4
    endloop
  endfacet
  facet normal -0 0 -1
    outer loop
      vertex 83.9138 9.09504 -18.4
      vertex 79.8186 8.95 -18.4
      vertex 79.9401 9.19636 -18.4
    endloop
  endfacet
  facet normal 0 0 -1
    outer loop
      vertex 79.2784 -8.33396 -18.4
      vertex 83.9138 -9.09504 -18.4
      vertex 79.4849 -8.51508 -18.4
    endloop
  endfacet
  facet normal 0 0 -1
    outer loop
      vertex 83.9138 9.09504 -18.4
      vertex 79.666 8.7216 -18.4
      vertex 79.8186 8.95 -18.4
    endloop
  endfacet
  facet normal 0 0 -1
    outer loop
      vertex 79.05 -8.18135 -18.4
      vertex 83.9138 -9.09504 -18.4
      vertex 79.2784 -8.33396 -18.4
    endloop
  endfacet
  facet normal 0 0 -1
    outer loop
      vertex 83.9138 9.09504 -18.4
      vertex 79.4849 8.51508 -18.4
      vertex 79.666 8.7216 -18.4
    endloop
  endfacet
  facet normal 0 0 -1
    outer loop
      vertex 83.9138 -9.09504 -18.4
      vertex 79.05 -8.18135 -18.4
      vertex 83.9138 9.09504 -18.4
    endloop
  endfacet
  facet normal 0 0 -1
    outer loop
      vertex 83.9138 9.09504 -18.4
      vertex 79.2784 8.33396 -18.4
      vertex 79.4849 8.51508 -18.4
    endloop
  endfacet
  facet normal 0 0 -1
    outer loop
      vertex 79.05 8.18135 -18.4
      vertex 83.9138 9.09504 -18.4
      vertex 79.05 -8.18135 -18.4
    endloop
  endfacet
  facet normal 0 0 -1
    outer loop
      vertex 83.9138 9.09504 -18.4
      vertex 79.05 8.18135 -18.4
      vertex 79.2784 8.33396 -18.4
    endloop
  endfacet
  facet normal 0 0 -1
    outer loop
      vertex 78.8036 -8.05985 -18.4
      vertex 79.05 8.18135 -18.4
      vertex 79.05 -8.18135 -18.4
    endloop
  endfacet
  facet normal 0 0 -1
    outer loop
      vertex 78.8036 -8.05985 -18.4
      vertex 78.8036 8.05985 -18.4
      vertex 79.05 8.18135 -18.4
    endloop
  endfacet
  facet normal 0 0 -1
    outer loop
      vertex 78.5435 -7.97156 -18.4
      vertex 78.8036 8.05985 -18.4
      vertex 78.8036 -8.05985 -18.4
    endloop
  endfacet
  facet normal 0 0 -1
    outer loop
      vertex 78.5435 -7.97156 -18.4
      vertex 78.5435 7.97156 -18.4
      vertex 78.8036 8.05985 -18.4
    endloop
  endfacet
  facet normal 0 0 -1
    outer loop
      vertex 78.2741 -7.91796 -18.4
      vertex 78.5435 7.97156 -18.4
      vertex 78.5435 -7.97156 -18.4
    endloop
  endfacet
  facet normal 0 0 -1
    outer loop
      vertex 78.2741 -7.91796 -18.4
      vertex 78.2741 7.91796 -18.4
      vertex 78.5435 7.97156 -18.4
    endloop
  endfacet
  facet normal 0 0 -1
    outer loop
      vertex 78 -7.9 -18.4
      vertex 78.2741 7.91796 -18.4
      vertex 78.2741 -7.91796 -18.4
    endloop
  endfacet
  facet normal 0 0 -1
    outer loop
      vertex 78 -7.9 -18.4
      vertex 78 7.9 -18.4
      vertex 78.2741 7.91796 -18.4
    endloop
  endfacet
  facet normal 0 0 -1
    outer loop
      vertex 77.7259 -7.91796 -18.4
      vertex 78 7.9 -18.4
      vertex 78 -7.9 -18.4
    endloop
  endfacet
  facet normal 0 0 -1
    outer loop
      vertex 77.7259 -7.91796 -18.4
      vertex 77.7259 7.91796 -18.4
      vertex 78 7.9 -18.4
    endloop
  endfacet
  facet normal 0 0 -1
    outer loop
      vertex 73.5 -7.1 -18.4
      vertex 77.7259 -7.91796 -18.4
      vertex 77.4565 -7.97156 -18.4
    endloop
  endfacet
  facet normal 0 0 -1
    outer loop
      vertex 77.7259 -7.91796 -18.4
      vertex 73.5 -7.1 -18.4
      vertex 77.7259 7.91796 -18.4
    endloop
  endfacet
  facet normal 0 0 -1
    outer loop
      vertex 73.5 -7.1 -18.4
      vertex 77.4565 -7.97156 -18.4
      vertex 77.1964 -8.05985 -18.4
    endloop
  endfacet
  facet normal 0 0 -1
    outer loop
      vertex 73.5 7.1 -18.4
      vertex 77.7259 7.91796 -18.4
      vertex 73.5 -7.1 -18.4
    endloop
  endfacet
  facet normal 0 0 -1
    outer loop
      vertex 73.5 -7.1 -18.4
      vertex 77.1964 -8.05985 -18.4
      vertex 76.95 -8.18135 -18.4
    endloop
  endfacet
  facet normal -0 0 -1
    outer loop
      vertex 77.7259 7.91796 -18.4
      vertex 73.5 7.1 -18.4
      vertex 77.4565 7.97156 -18.4
    endloop
  endfacet
  facet normal 0 0 -1
    outer loop
      vertex 73.5 -7.1 -18.4
      vertex 76.95 -8.18135 -18.4
      vertex 76.7216 -8.33396 -18.4
    endloop
  endfacet
  facet normal -0 0 -1
    outer loop
      vertex 77.4565 7.97156 -18.4
      vertex 73.5 7.1 -18.4
      vertex 77.1964 8.05985 -18.4
    endloop
  endfacet
  facet normal 0 0 -1
    outer loop
      vertex 73.5 -7.1 -18.4
      vertex 76.7216 -8.33396 -18.4
      vertex 76.5151 -8.51508 -18.4
    endloop
  endfacet
  facet normal -0 0 -1
    outer loop
      vertex 77.1964 8.05985 -18.4
      vertex 73.5 7.1 -18.4
      vertex 76.95 8.18135 -18.4
    endloop
  endfacet
  facet normal 0 0 -1
    outer loop
      vertex 73.5 -7.1 -18.4
      vertex 76.5151 -8.51508 -18.4
      vertex 76.334 -8.7216 -18.4
    endloop
  endfacet
  facet normal -0 0 -1
    outer loop
      vertex 76.95 8.18135 -18.4
      vertex 73.5 7.1 -18.4
      vertex 76.7216 8.33396 -18.4
    endloop
  endfacet
  facet normal 0 0 -1
    outer loop
      vertex 73.5 -7.1 -18.4
      vertex 76.334 -8.7216 -18.4
      vertex 76.1813 -8.95 -18.4
    endloop
  endfacet
  facet normal -0 0 -1
    outer loop
      vertex 76.7216 8.33396 -18.4
      vertex 73.5 7.1 -18.4
      vertex 76.5151 8.51508 -18.4
    endloop
  endfacet
  facet normal 0 0 -1
    outer loop
      vertex 73.5 -7.1 -18.4
      vertex 76.1813 -8.95 -18.4
      vertex 76.0599 -9.19636 -18.4
    endloop
  endfacet
  facet normal -0 0 -1
    outer loop
      vertex 76.5151 8.51508 -18.4
      vertex 73.5 7.1 -18.4
      vertex 76.334 8.7216 -18.4
    endloop
  endfacet
  facet normal 0 0 -1
    outer loop
      vertex 73.5 -7.1 -18.4
      vertex 76.0599 -9.19636 -18.4
      vertex 75.9716 -9.45648 -18.4
    endloop
  endfacet
  facet normal -0 0 -1
    outer loop
      vertex 76.334 8.7216 -18.4
      vertex 73.5 7.1 -18.4
      vertex 76.1813 8.95 -18.4
    endloop
  endfacet
  facet normal 0 0 -1
    outer loop
      vertex 73.5 -7.1 -18.4
      vertex 75.9716 -9.45648 -18.4
      vertex 75.918 -9.72589 -18.4
    endloop
  endfacet
  facet normal -0 0 -1
    outer loop
      vertex 76.1813 8.95 -18.4
      vertex 73.5 7.1 -18.4
      vertex 76.0599 9.19636 -18.4
    endloop
  endfacet
  facet normal 0 0 -1
    outer loop
      vertex 73.5 -7.1 -18.4
      vertex 75.918 -9.72589 -18.4
      vertex 75.9 -10 -18.4
    endloop
  endfacet
  facet normal -0 0 -1
    outer loop
      vertex 76.0599 9.19636 -18.4
      vertex 73.5 7.1 -18.4
      vertex 75.9716 9.45648 -18.4
    endloop
  endfacet
  facet normal 0 0 -1
    outer loop
      vertex 80.082 -9.72589 -18.4
      vertex 83.237 -11.1779 -18.4
      vertex 80.1 -10 -18.4
    endloop
  endfacet
  facet normal 0 0 -1
    outer loop
      vertex 83.237 -11.1779 -18.4
      vertex 80.082 -9.72589 -18.4
      vertex 83.9138 -9.09504 -18.4
    endloop
  endfacet
  facet normal 0 0 -1
    outer loop
      vertex 79.9401 -10.8036 -18.4
      vertex 83.237 -11.1779 -18.4
      vertex 81.9497 -12.9497 -18.4
    endloop
  endfacet
  facet normal 0 0 -1
    outer loop
      vertex 80.0284 -9.45648 -18.4
      vertex 83.9138 -9.09504 -18.4
      vertex 80.082 -9.72589 -18.4
    endloop
  endfacet
  facet normal 0 0 -1
    outer loop
      vertex 79.4849 -11.4849 -18.4
      vertex 81.9497 -12.9497 -18.4
      vertex 80.1779 -14.237 -18.4
    endloop
  endfacet
  facet normal 0 0 -1
    outer loop
      vertex 83.9138 9.09504 -18.4
      vertex 80.1 10 -18.4
      vertex 83.237 11.1779 -18.4
    endloop
  endfacet
  facet normal 0 0 -1
    outer loop
      vertex 80.082 10.2741 -18.4
      vertex 83.237 11.1779 -18.4
      vertex 80.1 10 -18.4
    endloop
  endfacet
  facet normal 0 0 -1
    outer loop
      vertex 83.237 -11.1779 -18.4
      vertex 80.082 -10.2741 -18.4
      vertex 80.1 -10 -18.4
    endloop
  endfacet
  facet normal 0 0 -1
    outer loop
      vertex 83.237 -11.1779 -18.4
      vertex 80.0284 -10.5435 -18.4
      vertex 80.082 -10.2741 -18.4
    endloop
  endfacet
  facet normal 0 0 -1
    outer loop
      vertex 83.237 -11.1779 -18.4
      vertex 79.9401 -10.8036 -18.4
      vertex 80.0284 -10.5435 -18.4
    endloop
  endfacet
  facet normal 0 0 -1
    outer loop
      vertex 81.9497 -12.9497 -18.4
      vertex 79.8186 -11.05 -18.4
      vertex 79.9401 -10.8036 -18.4
    endloop
  endfacet
  facet normal 0 0 -1
    outer loop
      vertex 81.9497 -12.9497 -18.4
      vertex 79.666 -11.2784 -18.4
      vertex 79.8186 -11.05 -18.4
    endloop
  endfacet
  facet normal 0 0 -1
    outer loop
      vertex 81.9497 -12.9497 -18.4
      vertex 79.4849 -11.4849 -18.4
      vertex 79.666 -11.2784 -18.4
    endloop
  endfacet
  facet normal 0 0 -1
    outer loop
      vertex 80.1779 -14.237 -18.4
      vertex 79.2784 -11.666 -18.4
      vertex 79.4849 -11.4849 -18.4
    endloop
  endfacet
  facet normal 0 0 -1
    outer loop
      vertex 80.1779 -14.237 -18.4
      vertex 79.05 -11.8187 -18.4
      vertex 79.2784 -11.666 -18.4
    endloop
  endfacet
  facet normal 0 0 -1
    outer loop
      vertex 80.1779 -14.237 -18.4
      vertex 78.8036 -11.9401 -18.4
      vertex 79.05 -11.8187 -18.4
    endloop
  endfacet
  facet normal 0 0 -1
    outer loop
      vertex 80.1779 -14.237 -18.4
      vertex 78.5435 -12.0284 -18.4
      vertex 78.8036 -11.9401 -18.4
    endloop
  endfacet
  facet normal 0 0 -1
    outer loop
      vertex 78.095 -14.9138 -18.4
      vertex 78.5435 -12.0284 -18.4
      vertex 80.1779 -14.237 -18.4
    endloop
  endfacet
  facet normal 0 0 -1
    outer loop
      vertex 78.5435 -12.0284 -18.4
      vertex 78.095 -14.9138 -18.4
      vertex 78.2741 -12.082 -18.4
    endloop
  endfacet
  facet normal 0 0 -1
    outer loop
      vertex 78.095 -14.9138 -18.4
      vertex 78 -12.1 -18.4
      vertex 78.2741 -12.082 -18.4
    endloop
  endfacet
  facet normal 0 0 -1
    outer loop
      vertex 78.095 -14.9138 -18.4
      vertex 77.7259 -12.082 -18.4
      vertex 78 -12.1 -18.4
    endloop
  endfacet
  facet normal 0 0 -1
    outer loop
      vertex 78.095 -14.9138 -18.4
      vertex 77.4565 -12.0284 -18.4
      vertex 77.7259 -12.082 -18.4
    endloop
  endfacet
  facet normal 0 0 -1
    outer loop
      vertex 78.095 -14.9138 -18.4
      vertex 77.1964 -11.9401 -18.4
      vertex 77.4565 -12.0284 -18.4
    endloop
  endfacet
  facet normal 0 0 -1
    outer loop
      vertex 78.095 -14.9138 -18.4
      vertex 76.95 -11.8187 -18.4
      vertex 77.1964 -11.9401 -18.4
    endloop
  endfacet
  facet normal 0 0 -1
    outer loop
      vertex 78.095 -14.9138 -18.4
      vertex 76.7216 -11.666 -18.4
      vertex 76.95 -11.8187 -18.4
    endloop
  endfacet
  facet normal 0 0 -1
    outer loop
      vertex 78.095 -14.9138 -18.4
      vertex 76.5151 -11.4849 -18.4
      vertex 76.7216 -11.666 -18.4
    endloop
  endfacet
  facet normal 0 0 -1
    outer loop
      vertex 78.095 -14.9138 -18.4
      vertex 76.334 -11.2784 -18.4
      vertex 76.5151 -11.4849 -18.4
    endloop
  endfacet
  facet normal 0 0 -1
    outer loop
      vertex 78.095 -14.9138 -18.4
      vertex 76.1813 -11.05 -18.4
      vertex 76.334 -11.2784 -18.4
    endloop
  endfacet
  facet normal -0 0 -1
    outer loop
      vertex 75.9716 9.45648 -18.4
      vertex 73.5 7.1 -18.4
      vertex 75.918 9.72589 -18.4
    endloop
  endfacet
  facet normal 0 0 -1
    outer loop
      vertex 75.918 -10.2741 -18.4
      vertex 73.5 -7.1 -18.4
      vertex 75.9 -10 -18.4
    endloop
  endfacet
  facet normal 0 0 -1
    outer loop
      vertex 75.9716 -10.5435 -18.4
      vertex 73.5 -7.1 -18.4
      vertex 75.918 -10.2741 -18.4
    endloop
  endfacet
  facet normal 0 0 -1
    outer loop
      vertex 76.0599 -10.8036 -18.4
      vertex 73.5 -7.1 -18.4
      vertex 75.9716 -10.5435 -18.4
    endloop
  endfacet
  facet normal 0 0 -1
    outer loop
      vertex 76.1813 -11.05 -18.4
      vertex 73.5 -7.1 -18.4
      vertex 76.0599 -10.8036 -18.4
    endloop
  endfacet
  facet normal 0 0 -1
    outer loop
      vertex 39.3 -7.1 -18.4
      vertex 76.1813 -11.05 -18.4
      vertex 78.095 -14.9138 -18.4
    endloop
  endfacet
  facet normal 0 0 -1
    outer loop
      vertex 76.1813 -11.05 -18.4
      vertex 39.3 -7.1 -18.4
      vertex 73.5 -7.1 -18.4
    endloop
  endfacet
  facet normal 0 0 -1
    outer loop
      vertex 28.082 -8.72589 -18.4
      vertex 39.3 -7.1 -18.4
      vertex 28.1 -9 -18.4
    endloop
  endfacet
  facet normal 0 0 -1
    outer loop
      vertex 26.8036 -10.9401 -18.4
      vertex 39.3 -7.1 -18.4
      vertex 78.095 -14.9138 -18.4
    endloop
  endfacet
  facet normal 0 0 -1
    outer loop
      vertex 39.3 -7.1 -18.4
      vertex 28.082 -9.2741 -18.4
      vertex 28.1 -9 -18.4
    endloop
  endfacet
  facet normal 0 0 -1
    outer loop
      vertex 39.3 -7.1 -18.4
      vertex 28.0284 -9.54352 -18.4
      vertex 28.082 -9.2741 -18.4
    endloop
  endfacet
  facet normal 0 0 -1
    outer loop
      vertex 39.3 -7.1 -18.4
      vertex 27.9401 -9.80363 -18.4
      vertex 28.0284 -9.54352 -18.4
    endloop
  endfacet
  facet normal 0 0 -1
    outer loop
      vertex 39.3 -7.1 -18.4
      vertex 27.8187 -10.05 -18.4
      vertex 27.9401 -9.80363 -18.4
    endloop
  endfacet
  facet normal 0 0 -1
    outer loop
      vertex 39.3 -7.1 -18.4
      vertex 27.666 -10.2784 -18.4
      vertex 27.8187 -10.05 -18.4
    endloop
  endfacet
  facet normal 0 0 -1
    outer loop
      vertex 39.3 -7.1 -18.4
      vertex 27.4849 -10.4849 -18.4
      vertex 27.666 -10.2784 -18.4
    endloop
  endfacet
  facet normal 0 0 -1
    outer loop
      vertex 39.3 -7.1 -18.4
      vertex 27.2784 -10.666 -18.4
      vertex 27.4849 -10.4849 -18.4
    endloop
  endfacet
  facet normal 0 0 -1
    outer loop
      vertex 39.3 -7.1 -18.4
      vertex 27.05 -10.8187 -18.4
      vertex 27.2784 -10.666 -18.4
    endloop
  endfacet
  facet normal 0 0 -1
    outer loop
      vertex 39.3 -7.1 -18.4
      vertex 26.8036 -10.9401 -18.4
      vertex 27.05 -10.8187 -18.4
    endloop
  endfacet
  facet normal 0 0 -1
    outer loop
      vertex 78.095 -14.9138 -18.4
      vertex 26.5435 -11.0284 -18.4
      vertex 26.8036 -10.9401 -18.4
    endloop
  endfacet
  facet normal 0 0 -1
    outer loop
      vertex 78.095 -14.9138 -18.4
      vertex 26.2741 -11.082 -18.4
      vertex 26.5435 -11.0284 -18.4
    endloop
  endfacet
  facet normal 0 0 -1
    outer loop
      vertex 78.095 -14.9138 -18.4
      vertex 26 -11.1 -18.4
      vertex 26.2741 -11.082 -18.4
    endloop
  endfacet
  facet normal 0 0 -1
    outer loop
      vertex -10.095 -14.9138 -18.4
      vertex 26 -11.1 -18.4
      vertex 78.095 -14.9138 -18.4
    endloop
  endfacet
  facet normal 0 0 -1
    outer loop
      vertex 23.918 -9.2741 -18.4
      vertex 16 -4 -18.4
      vertex 23.9 -9 -18.4
    endloop
  endfacet
  facet normal 0 0 -1
    outer loop
      vertex 23.9716 -9.54352 -18.4
      vertex 16 -4 -18.4
      vertex 23.918 -9.2741 -18.4
    endloop
  endfacet
  facet normal 0 0 -1
    outer loop
      vertex 24.0599 -9.80363 -18.4
      vertex 16 -4 -18.4
      vertex 23.9716 -9.54352 -18.4
    endloop
  endfacet
  facet normal 0 0 -1
    outer loop
      vertex 24.1813 -10.05 -18.4
      vertex 16 -4 -18.4
      vertex 24.0599 -9.80363 -18.4
    endloop
  endfacet
  facet normal 0 0 -1
    outer loop
      vertex 24.334 -10.2784 -18.4
      vertex 16 -4 -18.4
      vertex 24.1813 -10.05 -18.4
    endloop
  endfacet
  facet normal 0 0 -1
    outer loop
      vertex -10.095 -14.9138 -18.4
      vertex 24.334 -10.2784 -18.4
      vertex 24.5151 -10.4849 -18.4
    endloop
  endfacet
  facet normal 0 0 -1
    outer loop
      vertex -10.095 -14.9138 -18.4
      vertex 24.5151 -10.4849 -18.4
      vertex 24.7216 -10.666 -18.4
    endloop
  endfacet
  facet normal 0 0 -1
    outer loop
      vertex 16 -4 -18.4
      vertex 4.5 0 -18.4
      vertex 16 4 -18.4
    endloop
  endfacet
  facet normal 0 0 -1
    outer loop
      vertex 24.334 -10.2784 -18.4
      vertex 1.72207 -4.15746 -18.4
      vertex 16 -4 -18.4
    endloop
  endfacet
  facet normal 0 0 -1
    outer loop
      vertex -10.095 -14.9138 -18.4
      vertex 24.7216 -10.666 -18.4
      vertex 24.95 -10.8187 -18.4
    endloop
  endfacet
  facet normal 0 0 -1
    outer loop
      vertex 16 -4 -18.4
      vertex 4.4615 -0.587367 -18.4
      vertex 4.5 0 -18.4
    endloop
  endfacet
  facet normal 0 0 -1
    outer loop
      vertex 16 -4 -18.4
      vertex 4.34667 -1.16469 -18.4
      vertex 4.4615 -0.587367 -18.4
    endloop
  endfacet
  facet normal 0 0 -1
    outer loop
      vertex -10.095 -14.9138 -18.4
      vertex 24.95 -10.8187 -18.4
      vertex 25.1964 -10.9401 -18.4
    endloop
  endfacet
  facet normal 0 0 -1
    outer loop
      vertex 16 -4 -18.4
      vertex 4.15746 -1.72207 -18.4
      vertex 4.34667 -1.16469 -18.4
    endloop
  endfacet
  facet normal 0 0 -1
    outer loop
      vertex 16 -4 -18.4
      vertex 3.89711 -2.25 -18.4
      vertex 4.15746 -1.72207 -18.4
    endloop
  endfacet
  facet normal 0 0 -1
    outer loop
      vertex 16 -4 -18.4
      vertex 3.57009 -2.73943 -18.4
      vertex 3.89711 -2.25 -18.4
    endloop
  endfacet
  facet normal 0 0 -1
    outer loop
      vertex 16 -4 -18.4
      vertex 3.18198 -3.18198 -18.4
      vertex 3.57009 -2.73943 -18.4
    endloop
  endfacet
  facet normal 0 0 -1
    outer loop
      vertex 16 -4 -18.4
      vertex 2.73943 -3.57009 -18.4
      vertex 3.18198 -3.18198 -18.4
    endloop
  endfacet
  facet normal 0 0 -1
    outer loop
      vertex -10.095 -14.9138 -18.4
      vertex 25.1964 -10.9401 -18.4
      vertex 25.4565 -11.0284 -18.4
    endloop
  endfacet
  facet normal 0 0 -1
    outer loop
      vertex 16 -4 -18.4
      vertex 2.25 -3.89711 -18.4
      vertex 2.73943 -3.57009 -18.4
    endloop
  endfacet
  facet normal -0 0 -1
    outer loop
      vertex 16 -4 -18.4
      vertex 1.72207 -4.15746 -18.4
      vertex 2.25 -3.89711 -18.4
    endloop
  endfacet
  facet normal -0 0 -1
    outer loop
      vertex 24.334 -10.2784 -18.4
      vertex -10.095 -14.9138 -18.4
      vertex 1.72207 -4.15746 -18.4
    endloop
  endfacet
  facet normal 0 0 -1
    outer loop
      vertex 1.72207 -4.15746 -18.4
      vertex -10.095 -14.9138 -18.4
      vertex 1.16469 -4.34667 -18.4
    endloop
  endfacet
  facet normal 0 0 -1
    outer loop
      vertex 1.16469 -4.34667 -18.4
      vertex -10.095 -14.9138 -18.4
      vertex 0.587367 -4.4615 -18.4
    endloop
  endfacet
  facet normal 0 0 -1
    outer loop
      vertex 0.587367 -4.4615 -18.4
      vertex -10.095 -14.9138 -18.4
      vertex 0 -4.5 -18.4
    endloop
  endfacet
  facet normal -0 0 -1
    outer loop
      vertex 0 -4.5 -18.4
      vertex -10.095 -14.9138 -18.4
      vertex -0.587367 -4.4615 -18.4
    endloop
  endfacet
  facet normal -0 0 -1
    outer loop
      vertex -4.34667 -1.16469 -18.4
      vertex -15.9138 -9.09504 -18.4
      vertex -4.4615 -0.587367 -18.4
    endloop
  endfacet
  facet normal -0 0 -1
    outer loop
      vertex -4.15746 -1.72207 -18.4
      vertex -15.9138 -9.09504 -18.4
      vertex -4.34667 -1.16469 -18.4
    endloop
  endfacet
  facet normal -0 0 -1
    outer loop
      vertex -3.89711 -2.25 -18.4
      vertex -15.9138 -9.09504 -18.4
      vertex -4.15746 -1.72207 -18.4
    endloop
  endfacet
  facet normal -0 0 -1
    outer loop
      vertex -3.57009 -2.73943 -18.4
      vertex -15.9138 -9.09504 -18.4
      vertex -3.89711 -2.25 -18.4
    endloop
  endfacet
  facet normal 0 0 -1
    outer loop
      vertex -15.9138 -9.09504 -18.4
      vertex -3.57009 -2.73943 -18.4
      vertex -10.095 -14.9138 -18.4
    endloop
  endfacet
  facet normal -0 0 -1
    outer loop
      vertex -3.18198 -3.18198 -18.4
      vertex -10.095 -14.9138 -18.4
      vertex -3.57009 -2.73943 -18.4
    endloop
  endfacet
  facet normal -0 0 -1
    outer loop
      vertex -2.73943 -3.57009 -18.4
      vertex -10.095 -14.9138 -18.4
      vertex -3.18198 -3.18198 -18.4
    endloop
  endfacet
  facet normal -0 0 -1
    outer loop
      vertex -2.25 -3.89711 -18.4
      vertex -10.095 -14.9138 -18.4
      vertex -2.73943 -3.57009 -18.4
    endloop
  endfacet
  facet normal -0 0 -1
    outer loop
      vertex -1.72207 -4.15746 -18.4
      vertex -10.095 -14.9138 -18.4
      vertex -2.25 -3.89711 -18.4
    endloop
  endfacet
  facet normal -0 0 -1
    outer loop
      vertex -1.16469 -4.34667 -18.4
      vertex -10.095 -14.9138 -18.4
      vertex -1.72207 -4.15746 -18.4
    endloop
  endfacet
  facet normal -0 0 -1
    outer loop
      vertex -0.587367 -4.4615 -18.4
      vertex -10.095 -14.9138 -18.4
      vertex -1.16469 -4.34667 -18.4
    endloop
  endfacet
  facet normal -0 0 -1
    outer loop
      vertex 25.7259 -11.082 -18.4
      vertex -10.095 -14.9138 -18.4
      vertex 25.4565 -11.0284 -18.4
    endloop
  endfacet
  facet normal -0 0 -1
    outer loop
      vertex 26 -11.1 -18.4
      vertex -10.095 -14.9138 -18.4
      vertex 25.7259 -11.082 -18.4
    endloop
  endfacet
  facet normal 0 0 -1
    outer loop
      vertex 80.0284 10.5435 -18.4
      vertex 83.237 11.1779 -18.4
      vertex 80.082 10.2741 -18.4
    endloop
  endfacet
  facet normal 0 0 -1
    outer loop
      vertex 79.9401 10.8036 -18.4
      vertex 83.237 11.1779 -18.4
      vertex 80.0284 10.5435 -18.4
    endloop
  endfacet
  facet normal -0 0 -1
    outer loop
      vertex 83.237 11.1779 -18.4
      vertex 79.9401 10.8036 -18.4
      vertex 81.9497 12.9497 -18.4
    endloop
  endfacet
  facet normal 0 0 -1
    outer loop
      vertex 79.8186 11.05 -18.4
      vertex 81.9497 12.9497 -18.4
      vertex 79.9401 10.8036 -18.4
    endloop
  endfacet
  facet normal 0 0 -1
    outer loop
      vertex 79.666 11.2784 -18.4
      vertex 81.9497 12.9497 -18.4
      vertex 79.8186 11.05 -18.4
    endloop
  endfacet
  facet normal 0 0 -1
    outer loop
      vertex 79.4849 11.4849 -18.4
      vertex 81.9497 12.9497 -18.4
      vertex 79.666 11.2784 -18.4
    endloop
  endfacet
  facet normal -0 0 -1
    outer loop
      vertex 81.9497 12.9497 -18.4
      vertex 79.4849 11.4849 -18.4
      vertex 80.1779 14.237 -18.4
    endloop
  endfacet
  facet normal 0 0 -1
    outer loop
      vertex 79.2784 11.666 -18.4
      vertex 80.1779 14.237 -18.4
      vertex 79.4849 11.4849 -18.4
    endloop
  endfacet
  facet normal 0 0 -1
    outer loop
      vertex 79.05 11.8187 -18.4
      vertex 80.1779 14.237 -18.4
      vertex 79.2784 11.666 -18.4
    endloop
  endfacet
  facet normal 0 0 -1
    outer loop
      vertex 78.8036 11.9401 -18.4
      vertex 80.1779 14.237 -18.4
      vertex 79.05 11.8187 -18.4
    endloop
  endfacet
  facet normal 0 0 -1
    outer loop
      vertex 78.5435 12.0284 -18.4
      vertex 80.1779 14.237 -18.4
      vertex 78.8036 11.9401 -18.4
    endloop
  endfacet
  facet normal 0 0 -1
    outer loop
      vertex 78.095 14.9138 -18.4
      vertex 78.5435 12.0284 -18.4
      vertex 78.2741 12.082 -18.4
    endloop
  endfacet
  facet normal 0 0 -1
    outer loop
      vertex 78.5435 12.0284 -18.4
      vertex 78.095 14.9138 -18.4
      vertex 80.1779 14.237 -18.4
    endloop
  endfacet
  facet normal 0 0 -1
    outer loop
      vertex 78 12.1 -18.4
      vertex 78.095 14.9138 -18.4
      vertex 78.2741 12.082 -18.4
    endloop
  endfacet
  facet normal 0 0 -1
    outer loop
      vertex 77.7259 12.082 -18.4
      vertex 78.095 14.9138 -18.4
      vertex 78 12.1 -18.4
    endloop
  endfacet
  facet normal 0 0 -1
    outer loop
      vertex 77.4565 12.0284 -18.4
      vertex 78.095 14.9138 -18.4
      vertex 77.7259 12.082 -18.4
    endloop
  endfacet
  facet normal 0 0 -1
    outer loop
      vertex 77.1964 11.9401 -18.4
      vertex 78.095 14.9138 -18.4
      vertex 77.4565 12.0284 -18.4
    endloop
  endfacet
  facet normal 0 0 -1
    outer loop
      vertex 76.95 11.8187 -18.4
      vertex 78.095 14.9138 -18.4
      vertex 77.1964 11.9401 -18.4
    endloop
  endfacet
  facet normal 0 0 -1
    outer loop
      vertex 76.7216 11.666 -18.4
      vertex 78.095 14.9138 -18.4
      vertex 76.95 11.8187 -18.4
    endloop
  endfacet
  facet normal 0 0 -1
    outer loop
      vertex 76.5151 11.4849 -18.4
      vertex 78.095 14.9138 -18.4
      vertex 76.7216 11.666 -18.4
    endloop
  endfacet
  facet normal 0 0 -1
    outer loop
      vertex 76.334 11.2784 -18.4
      vertex 78.095 14.9138 -18.4
      vertex 76.5151 11.4849 -18.4
    endloop
  endfacet
  facet normal 0 0 -1
    outer loop
      vertex 76.1813 11.05 -18.4
      vertex 78.095 14.9138 -18.4
      vertex 76.334 11.2784 -18.4
    endloop
  endfacet
  facet normal -0 0 -1
    outer loop
      vertex 75.918 9.72589 -18.4
      vertex 73.5 7.1 -18.4
      vertex 75.9 10 -18.4
    endloop
  endfacet
  facet normal -0 0 -1
    outer loop
      vertex 75.9 10 -18.4
      vertex 73.5 7.1 -18.4
      vertex 75.918 10.2741 -18.4
    endloop
  endfacet
  facet normal 0 0 -1
    outer loop
      vertex 73.5 7.1 -18.4
      vertex 75.9716 10.5435 -18.4
      vertex 75.918 10.2741 -18.4
    endloop
  endfacet
  facet normal 0 0 -1
    outer loop
      vertex 73.5 7.1 -18.4
      vertex 76.0599 10.8036 -18.4
      vertex 75.9716 10.5435 -18.4
    endloop
  endfacet
  facet normal 0 0 -1
    outer loop
      vertex 73.5 7.1 -18.4
      vertex 76.1813 11.05 -18.4
      vertex 76.0599 10.8036 -18.4
    endloop
  endfacet
  facet normal 0 0 -1
    outer loop
      vertex 39.3 7.1 -18.4
      vertex 76.1813 11.05 -18.4
      vertex 73.5 7.1 -18.4
    endloop
  endfacet
  facet normal -0 0 -1
    outer loop
      vertex 76.1813 11.05 -18.4
      vertex 39.3 7.1 -18.4
      vertex 78.095 14.9138 -18.4
    endloop
  endfacet
  facet normal 0 0 -1
    outer loop
      vertex -10.095 14.9138 -18.4
      vertex 39.3 7.1 -18.4
      vertex 16 4 -18.4
    endloop
  endfacet
  facet normal 0 0 -1
    outer loop
      vertex 4.4615 0.587367 -18.4
      vertex 16 4 -18.4
      vertex 4.5 0 -18.4
    endloop
  endfacet
  facet normal 0 0 -1
    outer loop
      vertex 4.34667 1.16469 -18.4
      vertex 16 4 -18.4
      vertex 4.4615 0.587367 -18.4
    endloop
  endfacet
  facet normal 0 0 -1
    outer loop
      vertex 4.15746 1.72207 -18.4
      vertex 16 4 -18.4
      vertex 4.34667 1.16469 -18.4
    endloop
  endfacet
  facet normal 0 0 -1
    outer loop
      vertex 3.89711 2.25 -18.4
      vertex 16 4 -18.4
      vertex 4.15746 1.72207 -18.4
    endloop
  endfacet
  facet normal 0 0 -1
    outer loop
      vertex 3.57009 2.73943 -18.4
      vertex 16 4 -18.4
      vertex 3.89711 2.25 -18.4
    endloop
  endfacet
  facet normal 0 0 -1
    outer loop
      vertex 3.18198 3.18198 -18.4
      vertex 16 4 -18.4
      vertex 3.57009 2.73943 -18.4
    endloop
  endfacet
  facet normal 0 0 -1
    outer loop
      vertex 2.73943 3.57009 -18.4
      vertex 16 4 -18.4
      vertex 3.18198 3.18198 -18.4
    endloop
  endfacet
  facet normal 0 0 -1
    outer loop
      vertex 2.25 3.89711 -18.4
      vertex 16 4 -18.4
      vertex 2.73943 3.57009 -18.4
    endloop
  endfacet
  facet normal 0 0 -1
    outer loop
      vertex 1.72207 4.15746 -18.4
      vertex 16 4 -18.4
      vertex 2.25 3.89711 -18.4
    endloop
  endfacet
  facet normal 0 0 -1
    outer loop
      vertex 16 4 -18.4
      vertex 1.72207 4.15746 -18.4
      vertex -10.095 14.9138 -18.4
    endloop
  endfacet
  facet normal 0 0 -1
    outer loop
      vertex -10.095 14.9138 -18.4
      vertex 1.72207 4.15746 -18.4
      vertex 1.16469 4.34667 -18.4
    endloop
  endfacet
  facet normal 0 0 -1
    outer loop
      vertex -10.095 14.9138 -18.4
      vertex 1.16469 4.34667 -18.4
      vertex 0.587367 4.4615 -18.4
    endloop
  endfacet
  facet normal 0 0 -1
    outer loop
      vertex -10.095 14.9138 -18.4
      vertex 0.587367 4.4615 -18.4
      vertex 0 4.5 -18.4
    endloop
  endfacet
  facet normal 0 0 -1
    outer loop
      vertex -10.095 14.9138 -18.4
      vertex 0 4.5 -18.4
      vertex -0.587367 4.4615 -18.4
    endloop
  endfacet
  facet normal -0 0 -1
    outer loop
      vertex -4.4615 -0.587367 -18.4
      vertex -15.9138 -9.09504 -18.4
      vertex -4.5 0 -18.4
    endloop
  endfacet
  facet normal 0 0 -1
    outer loop
      vertex -15.9138 9.09504 -18.4
      vertex -4.5 0 -18.4
      vertex -15.9138 -9.09504 -18.4
    endloop
  endfacet
  facet normal 0 0 -1
    outer loop
      vertex -4.5 0 -18.4
      vertex -15.9138 9.09504 -18.4
      vertex -4.4615 0.587367 -18.4
    endloop
  endfacet
  facet normal 0 0 -1
    outer loop
      vertex 39.3 7.1 -18.4
      vertex -10.095 14.9138 -18.4
      vertex 78.095 14.9138 -18.4
    endloop
  endfacet
  facet normal 0 0 -1
    outer loop
      vertex -1.16469 4.34667 -18.4
      vertex -10.095 14.9138 -18.4
      vertex -0.587367 4.4615 -18.4
    endloop
  endfacet
  facet normal 0 0 -1
    outer loop
      vertex -1.72207 4.15746 -18.4
      vertex -10.095 14.9138 -18.4
      vertex -1.16469 4.34667 -18.4
    endloop
  endfacet
  facet normal 0 0 -1
    outer loop
      vertex -2.25 3.89711 -18.4
      vertex -10.095 14.9138 -18.4
      vertex -1.72207 4.15746 -18.4
    endloop
  endfacet
  facet normal 0 0 -1
    outer loop
      vertex -2.73943 3.57009 -18.4
      vertex -10.095 14.9138 -18.4
      vertex -2.25 3.89711 -18.4
    endloop
  endfacet
  facet normal 0 0 -1
    outer loop
      vertex -3.18198 3.18198 -18.4
      vertex -10.095 14.9138 -18.4
      vertex -2.73943 3.57009 -18.4
    endloop
  endfacet
  facet normal 0 0 -1
    outer loop
      vertex -3.57009 2.73943 -18.4
      vertex -10.095 14.9138 -18.4
      vertex -3.18198 3.18198 -18.4
    endloop
  endfacet
  facet normal 0 0 -1
    outer loop
      vertex -15.9138 9.09504 -18.4
      vertex -3.57009 2.73943 -18.4
      vertex -3.89711 2.25 -18.4
    endloop
  endfacet
  facet normal 0 0 -1
    outer loop
      vertex -15.9138 9.09504 -18.4
      vertex -3.89711 2.25 -18.4
      vertex -4.15746 1.72207 -18.4
    endloop
  endfacet
  facet normal 0 0 -1
    outer loop
      vertex -4.4615 0.587367 -18.4
      vertex -15.9138 9.09504 -18.4
      vertex -4.34667 1.16469 -18.4
    endloop
  endfacet
  facet normal 0 0 -1
    outer loop
      vertex -15.9138 -9.09504 -18.4
      vertex -10.095 -14.9138 -18.4
      vertex -12.1779 -14.237 -18.4
    endloop
  endfacet
  facet normal 0 0 -1
    outer loop
      vertex -4.34667 1.16469 -18.4
      vertex -15.9138 9.09504 -18.4
      vertex -4.15746 1.72207 -18.4
    endloop
  endfacet
  facet normal 0 0 -1
    outer loop
      vertex -15.9138 -9.09504 -18.4
      vertex -12.1779 -14.237 -18.4
      vertex -13.9497 -12.9497 -18.4
    endloop
  endfacet
  facet normal 0 0 -1
    outer loop
      vertex -3.57009 2.73943 -18.4
      vertex -15.9138 9.09504 -18.4
      vertex -10.095 14.9138 -18.4
    endloop
  endfacet
  facet normal 0 0 -1
    outer loop
      vertex -15.9138 -9.09504 -18.4
      vertex -13.9497 -12.9497 -18.4
      vertex -15.237 -11.1779 -18.4
    endloop
  endfacet
  facet normal 0 0 -1
    outer loop
      vertex -10.095 14.9138 -18.4
      vertex -15.9138 9.09504 -18.4
      vertex -12.1779 14.237 -18.4
    endloop
  endfacet
  facet normal 0 0 -1
    outer loop
      vertex -12.1779 14.237 -18.4
      vertex -15.9138 9.09504 -18.4
      vertex -13.9497 12.9497 -18.4
    endloop
  endfacet
  facet normal 0 0 -1
    outer loop
      vertex -13.9497 12.9497 -18.4
      vertex -15.9138 9.09504 -18.4
      vertex -15.237 11.1779 -18.4
    endloop
  endfacet
  facet normal 0.831475 0.555562 0
    outer loop
      vertex -3.57009 -2.73943 -0.0861816
      vertex -3.89711 -2.25 -18.4
      vertex -3.89711 -2.25 -0.0861816
    endloop
  endfacet
  facet normal 0.831475 0.555562 0
    outer loop
      vertex -3.89711 -2.25 -18.4
      vertex -3.57009 -2.73943 -0.0861816
      vertex -3.57009 -2.73943 -18.4
    endloop
  endfacet
  facet normal -0.980787 -0.195079 0
    outer loop
      vertex 4.4615 0.587367 -18.4
      vertex 4.34667 1.16469 -0.0861816
      vertex 4.34667 1.16469 -18.4
    endloop
  endfacet
  facet normal -0.980787 -0.195079 0
    outer loop
      vertex 4.34667 1.16469 -0.0861816
      vertex 4.4615 0.587367 -18.4
      vertex 4.4615 0.587367 -0.0861816
    endloop
  endfacet
  facet normal 0.442294 0.89687 -0
    outer loop
      vertex -1.72207 -4.15746 -18.4
      vertex -2.25 -3.89711 -0.0861816
      vertex -1.72207 -4.15746 -0.0861816
    endloop
  endfacet
  facet normal 0.442294 0.89687 0
    outer loop
      vertex -2.25 -3.89711 -0.0861816
      vertex -1.72207 -4.15746 -18.4
      vertex -2.25 -3.89711 -18.4
    endloop
  endfacet
  facet normal 0.442294 -0.89687 0
    outer loop
      vertex -2.25 3.89711 -18.4
      vertex -1.72207 4.15746 -0.0861816
      vertex -2.25 3.89711 -0.0861816
    endloop
  endfacet
  facet normal 0.442294 -0.89687 0
    outer loop
      vertex -1.72207 4.15746 -0.0861816
      vertex -2.25 3.89711 -18.4
      vertex -1.72207 4.15746 -18.4
    endloop
  endfacet
  facet normal 0.997859 0.0654064 0
    outer loop
      vertex -4.4615 -0.587367 -0.0861816
      vertex -4.5 0 -18.4
      vertex -4.5 0 -0.0861816
    endloop
  endfacet
  facet normal 0.997859 0.0654064 0
    outer loop
      vertex -4.5 0 -18.4
      vertex -4.4615 -0.587367 -0.0861816
      vertex -4.4615 -0.587367 -18.4
    endloop
  endfacet
  facet normal -0.555562 -0.831475 0
    outer loop
      vertex 2.25 3.89711 -18.4
      vertex 2.73943 3.57009 -0.0861816
      vertex 2.25 3.89711 -0.0861816
    endloop
  endfacet
  facet normal -0.555562 -0.831475 -0
    outer loop
      vertex 2.73943 3.57009 -0.0861816
      vertex 2.25 3.89711 -18.4
      vertex 2.73943 3.57009 -18.4
    endloop
  endfacet
  facet normal 0.321447 -0.946928 0
    outer loop
      vertex -1.72207 4.15746 -18.4
      vertex -1.16469 4.34667 -0.0861816
      vertex -1.72207 4.15746 -0.0861816
    endloop
  endfacet
  facet normal 0.321447 -0.946928 0
    outer loop
      vertex -1.16469 4.34667 -0.0861816
      vertex -1.72207 4.15746 -18.4
      vertex -1.16469 4.34667 -18.4
    endloop
  endfacet
  facet normal 0.751836 0.65935 0
    outer loop
      vertex -3.18198 -3.18198 -0.0861816
      vertex -3.57009 -2.73943 -18.4
      vertex -3.57009 -2.73943 -0.0861816
    endloop
  endfacet
  facet normal 0.751836 0.65935 0
    outer loop
      vertex -3.57009 -2.73943 -18.4
      vertex -3.18198 -3.18198 -0.0861816
      vertex -3.18198 -3.18198 -18.4
    endloop
  endfacet
  facet normal -0.751836 -0.65935 0
    outer loop
      vertex 3.57009 2.73943 -18.4
      vertex 3.18198 3.18198 -0.0861816
      vertex 3.18198 3.18198 -18.4
    endloop
  endfacet
  facet normal -0.751836 -0.65935 0
    outer loop
      vertex 3.18198 3.18198 -0.0861816
      vertex 3.57009 2.73943 -18.4
      vertex 3.57009 2.73943 -0.0861816
    endloop
  endfacet
  facet normal -0.0654064 -0.997859 0
    outer loop
      vertex 0 4.5 -18.4
      vertex 0.587367 4.4615 -0.0861816
      vertex 0 4.5 -0.0861816
    endloop
  endfacet
  facet normal -0.0654064 -0.997859 -0
    outer loop
      vertex 0.587367 4.4615 -0.0861816
      vertex 0 4.5 -18.4
      vertex 0.587367 4.4615 -18.4
    endloop
  endfacet
  facet normal 0.946928 0.321447 0
    outer loop
      vertex -4.15746 -1.72207 -0.0861816
      vertex -4.34667 -1.16469 -18.4
      vertex -4.34667 -1.16469 -0.0861816
    endloop
  endfacet
  facet normal 0.946928 0.321447 0
    outer loop
      vertex -4.34667 -1.16469 -18.4
      vertex -4.15746 -1.72207 -0.0861816
      vertex -4.15746 -1.72207 -18.4
    endloop
  endfacet
  facet normal -0.321447 -0.946928 0
    outer loop
      vertex 1.16469 4.34667 -18.4
      vertex 1.72207 4.15746 -0.0861816
      vertex 1.16469 4.34667 -0.0861816
    endloop
  endfacet
  facet normal -0.321447 -0.946928 -0
    outer loop
      vertex 1.72207 4.15746 -0.0861816
      vertex 1.16469 4.34667 -18.4
      vertex 1.72207 4.15746 -18.4
    endloop
  endfacet
  facet normal -0.65935 0.751836 0
    outer loop
      vertex 3.18198 -3.18198 -18.4
      vertex 2.73943 -3.57009 -0.0861816
      vertex 3.18198 -3.18198 -0.0861816
    endloop
  endfacet
  facet normal -0.65935 0.751836 0
    outer loop
      vertex 2.73943 -3.57009 -0.0861816
      vertex 3.18198 -3.18198 -18.4
      vertex 2.73943 -3.57009 -18.4
    endloop
  endfacet
  facet normal -0.997859 -0.0654064 0
    outer loop
      vertex 4.5 0 -18.4
      vertex 4.4615 0.587367 -0.0861816
      vertex 4.4615 0.587367 -18.4
    endloop
  endfacet
  facet normal -0.997859 -0.0654064 0
    outer loop
      vertex 4.4615 0.587367 -0.0861816
      vertex 4.5 0 -18.4
      vertex 4.5 0 -0.0861816
    endloop
  endfacet
  facet normal -0.980787 0.195079 0
    outer loop
      vertex 4.34667 -1.16469 -18.4
      vertex 4.4615 -0.587367 -0.0861816
      vertex 4.4615 -0.587367 -18.4
    endloop
  endfacet
  facet normal -0.980787 0.195079 0
    outer loop
      vertex 4.4615 -0.587367 -0.0861816
      vertex 4.34667 -1.16469 -18.4
      vertex 4.34667 -1.16469 -0.0861816
    endloop
  endfacet
  facet normal -0.946928 0.321447 0
    outer loop
      vertex 4.15746 -1.72207 -18.4
      vertex 4.34667 -1.16469 -0.0861816
      vertex 4.34667 -1.16469 -18.4
    endloop
  endfacet
  facet normal -0.946928 0.321447 0
    outer loop
      vertex 4.34667 -1.16469 -0.0861816
      vertex 4.15746 -1.72207 -18.4
      vertex 4.15746 -1.72207 -0.0861816
    endloop
  endfacet
  facet normal -0.831475 0.555562 0
    outer loop
      vertex 3.57009 -2.73943 -18.4
      vertex 3.89711 -2.25 -0.0861816
      vertex 3.89711 -2.25 -18.4
    endloop
  endfacet
  facet normal -0.831475 0.555562 0
    outer loop
      vertex 3.89711 -2.25 -0.0861816
      vertex 3.57009 -2.73943 -18.4
      vertex 3.57009 -2.73943 -0.0861816
    endloop
  endfacet
  facet normal -0.442294 -0.89687 0
    outer loop
      vertex 1.72207 4.15746 -18.4
      vertex 2.25 3.89711 -0.0861816
      vertex 1.72207 4.15746 -0.0861816
    endloop
  endfacet
  facet normal -0.442294 -0.89687 -0
    outer loop
      vertex 2.25 3.89711 -0.0861816
      vertex 1.72207 4.15746 -18.4
      vertex 2.25 3.89711 -18.4
    endloop
  endfacet
  facet normal 0.980787 0.195079 0
    outer loop
      vertex -4.34667 -1.16469 -0.0861816
      vertex -4.4615 -0.587367 -18.4
      vertex -4.4615 -0.587367 -0.0861816
    endloop
  endfacet
  facet normal 0.980787 0.195079 0
    outer loop
      vertex -4.4615 -0.587367 -18.4
      vertex -4.34667 -1.16469 -0.0861816
      vertex -4.34667 -1.16469 -18.4
    endloop
  endfacet
  facet normal 0.65935 -0.751836 0
    outer loop
      vertex -3.18198 3.18198 -18.4
      vertex -2.73943 3.57009 -0.0861816
      vertex -3.18198 3.18198 -0.0861816
    endloop
  endfacet
  facet normal 0.65935 -0.751836 0
    outer loop
      vertex -2.73943 3.57009 -0.0861816
      vertex -3.18198 3.18198 -18.4
      vertex -2.73943 3.57009 -18.4
    endloop
  endfacet
  facet normal -0.195079 -0.980787 0
    outer loop
      vertex 0.587367 4.4615 -18.4
      vertex 1.16469 4.34667 -0.0861816
      vertex 0.587367 4.4615 -0.0861816
    endloop
  endfacet
  facet normal -0.195079 -0.980787 -0
    outer loop
      vertex 1.16469 4.34667 -0.0861816
      vertex 0.587367 4.4615 -18.4
      vertex 1.16469 4.34667 -18.4
    endloop
  endfacet
  facet normal -0.946928 -0.321447 0
    outer loop
      vertex 4.34667 1.16469 -18.4
      vertex 4.15746 1.72207 -0.0861816
      vertex 4.15746 1.72207 -18.4
    endloop
  endfacet
  facet normal -0.946928 -0.321447 0
    outer loop
      vertex 4.15746 1.72207 -0.0861816
      vertex 4.34667 1.16469 -18.4
      vertex 4.34667 1.16469 -0.0861816
    endloop
  endfacet
  facet normal -0.831475 -0.555562 0
    outer loop
      vertex 3.89711 2.25 -18.4
      vertex 3.57009 2.73943 -0.0861816
      vertex 3.57009 2.73943 -18.4
    endloop
  endfacet
  facet normal -0.831475 -0.555562 0
    outer loop
      vertex 3.57009 2.73943 -0.0861816
      vertex 3.89711 2.25 -18.4
      vertex 3.89711 2.25 -0.0861816
    endloop
  endfacet
  facet normal 0.89687 -0.442294 0
    outer loop
      vertex -4.15746 1.72207 -0.0861816
      vertex -3.89711 2.25 -18.4
      vertex -3.89711 2.25 -0.0861816
    endloop
  endfacet
  facet normal 0.89687 -0.442294 0
    outer loop
      vertex -3.89711 2.25 -18.4
      vertex -4.15746 1.72207 -0.0861816
      vertex -4.15746 1.72207 -18.4
    endloop
  endfacet
  facet normal 0.321447 0.946928 -0
    outer loop
      vertex -1.16469 -4.34667 -18.4
      vertex -1.72207 -4.15746 -0.0861816
      vertex -1.16469 -4.34667 -0.0861816
    endloop
  endfacet
  facet normal 0.321447 0.946928 0
    outer loop
      vertex -1.72207 -4.15746 -0.0861816
      vertex -1.16469 -4.34667 -18.4
      vertex -1.72207 -4.15746 -18.4
    endloop
  endfacet
  facet normal 0.751836 -0.65935 0
    outer loop
      vertex -3.57009 2.73943 -0.0861816
      vertex -3.18198 3.18198 -18.4
      vertex -3.18198 3.18198 -0.0861816
    endloop
  endfacet
  facet normal 0.751836 -0.65935 0
    outer loop
      vertex -3.18198 3.18198 -18.4
      vertex -3.57009 2.73943 -0.0861816
      vertex -3.57009 2.73943 -18.4
    endloop
  endfacet
  facet normal -0.321447 0.946928 0
    outer loop
      vertex 1.72207 -4.15746 -18.4
      vertex 1.16469 -4.34667 -0.0861816
      vertex 1.72207 -4.15746 -0.0861816
    endloop
  endfacet
  facet normal -0.321447 0.946928 0
    outer loop
      vertex 1.16469 -4.34667 -0.0861816
      vertex 1.72207 -4.15746 -18.4
      vertex 1.16469 -4.34667 -18.4
    endloop
  endfacet
  facet normal 0.997859 -0.0654064 0
    outer loop
      vertex -4.5 0 -0.0861816
      vertex -4.4615 0.587367 -18.4
      vertex -4.4615 0.587367 -0.0861816
    endloop
  endfacet
  facet normal 0.997859 -0.0654064 0
    outer loop
      vertex -4.4615 0.587367 -18.4
      vertex -4.5 0 -0.0861816
      vertex -4.5 0 -18.4
    endloop
  endfacet
  facet normal -0.751836 0.65935 0
    outer loop
      vertex 3.18198 -3.18198 -18.4
      vertex 3.57009 -2.73943 -0.0861816
      vertex 3.57009 -2.73943 -18.4
    endloop
  endfacet
  facet normal -0.751836 0.65935 0
    outer loop
      vertex 3.57009 -2.73943 -0.0861816
      vertex 3.18198 -3.18198 -18.4
      vertex 3.18198 -3.18198 -0.0861816
    endloop
  endfacet
  facet normal -0.442294 0.89687 0
    outer loop
      vertex 2.25 -3.89711 -18.4
      vertex 1.72207 -4.15746 -0.0861816
      vertex 2.25 -3.89711 -0.0861816
    endloop
  endfacet
  facet normal -0.442294 0.89687 0
    outer loop
      vertex 1.72207 -4.15746 -0.0861816
      vertex 2.25 -3.89711 -18.4
      vertex 1.72207 -4.15746 -18.4
    endloop
  endfacet
  facet normal 0.195079 0.980787 -0
    outer loop
      vertex -0.587367 -4.4615 -18.4
      vertex -1.16469 -4.34667 -0.0861816
      vertex -0.587367 -4.4615 -0.0861816
    endloop
  endfacet
  facet normal 0.195079 0.980787 0
    outer loop
      vertex -1.16469 -4.34667 -0.0861816
      vertex -0.587367 -4.4615 -18.4
      vertex -1.16469 -4.34667 -18.4
    endloop
  endfacet
  facet normal -0.0654064 0.997859 0
    outer loop
      vertex 0.587367 -4.4615 -18.4
      vertex 0 -4.5 -0.0861816
      vertex 0.587367 -4.4615 -0.0861816
    endloop
  endfacet
  facet normal -0.0654064 0.997859 0
    outer loop
      vertex 0 -4.5 -0.0861816
      vertex 0.587367 -4.4615 -18.4
      vertex 0 -4.5 -18.4
    endloop
  endfacet
  facet normal -0.555562 0.831475 0
    outer loop
      vertex 2.73943 -3.57009 -18.4
      vertex 2.25 -3.89711 -0.0861816
      vertex 2.73943 -3.57009 -0.0861816
    endloop
  endfacet
  facet normal -0.555562 0.831475 0
    outer loop
      vertex 2.25 -3.89711 -0.0861816
      vertex 2.73943 -3.57009 -18.4
      vertex 2.25 -3.89711 -18.4
    endloop
  endfacet
  facet normal -0.997859 0.0654064 0
    outer loop
      vertex 4.4615 -0.587367 -18.4
      vertex 4.5 0 -0.0861816
      vertex 4.5 0 -18.4
    endloop
  endfacet
  facet normal -0.997859 0.0654064 0
    outer loop
      vertex 4.5 0 -0.0861816
      vertex 4.4615 -0.587367 -18.4
      vertex 4.4615 -0.587367 -0.0861816
    endloop
  endfacet
  facet normal -0.195079 0.980787 0
    outer loop
      vertex 1.16469 -4.34667 -18.4
      vertex 0.587367 -4.4615 -0.0861816
      vertex 1.16469 -4.34667 -0.0861816
    endloop
  endfacet
  facet normal -0.195079 0.980787 0
    outer loop
      vertex 0.587367 -4.4615 -0.0861816
      vertex 1.16469 -4.34667 -18.4
      vertex 0.587367 -4.4615 -18.4
    endloop
  endfacet
  facet normal 0.555562 -0.831475 0
    outer loop
      vertex -2.73943 3.57009 -18.4
      vertex -2.25 3.89711 -0.0861816
      vertex -2.73943 3.57009 -0.0861816
    endloop
  endfacet
  facet normal 0.555562 -0.831475 0
    outer loop
      vertex -2.25 3.89711 -0.0861816
      vertex -2.73943 3.57009 -18.4
      vertex -2.25 3.89711 -18.4
    endloop
  endfacet
  facet normal 0.195079 -0.980787 0
    outer loop
      vertex -1.16469 4.34667 -18.4
      vertex -0.587367 4.4615 -0.0861816
      vertex -1.16469 4.34667 -0.0861816
    endloop
  endfacet
  facet normal 0.195079 -0.980787 0
    outer loop
      vertex -0.587367 4.4615 -0.0861816
      vertex -1.16469 4.34667 -18.4
      vertex -0.587367 4.4615 -18.4
    endloop
  endfacet
  facet normal 0.0654064 -0.997859 0
    outer loop
      vertex -0.587367 4.4615 -18.4
      vertex 0 4.5 -0.0861816
      vertex -0.587367 4.4615 -0.0861816
    endloop
  endfacet
  facet normal 0.0654064 -0.997859 0
    outer loop
      vertex 0 4.5 -0.0861816
      vertex -0.587367 4.4615 -18.4
      vertex 0 4.5 -18.4
    endloop
  endfacet
  facet normal 0.89687 0.442294 0
    outer loop
      vertex -3.89711 -2.25 -0.0861816
      vertex -4.15746 -1.72207 -18.4
      vertex -4.15746 -1.72207 -0.0861816
    endloop
  endfacet
  facet normal 0.89687 0.442294 0
    outer loop
      vertex -4.15746 -1.72207 -18.4
      vertex -3.89711 -2.25 -0.0861816
      vertex -3.89711 -2.25 -18.4
    endloop
  endfacet
  facet normal 0.0654064 0.997859 -0
    outer loop
      vertex 0 -4.5 -18.4
      vertex -0.587367 -4.4615 -0.0861816
      vertex 0 -4.5 -0.0861816
    endloop
  endfacet
  facet normal 0.0654064 0.997859 0
    outer loop
      vertex -0.587367 -4.4615 -0.0861816
      vertex 0 -4.5 -18.4
      vertex -0.587367 -4.4615 -18.4
    endloop
  endfacet
  facet normal 0.946928 -0.321447 0
    outer loop
      vertex -4.34667 1.16469 -0.0861816
      vertex -4.15746 1.72207 -18.4
      vertex -4.15746 1.72207 -0.0861816
    endloop
  endfacet
  facet normal 0.946928 -0.321447 0
    outer loop
      vertex -4.15746 1.72207 -18.4
      vertex -4.34667 1.16469 -0.0861816
      vertex -4.34667 1.16469 -18.4
    endloop
  endfacet
  facet normal 0.65935 0.751836 -0
    outer loop
      vertex -2.73943 -3.57009 -18.4
      vertex -3.18198 -3.18198 -0.0861816
      vertex -2.73943 -3.57009 -0.0861816
    endloop
  endfacet
  facet normal 0.65935 0.751836 0
    outer loop
      vertex -3.18198 -3.18198 -0.0861816
      vertex -2.73943 -3.57009 -18.4
      vertex -3.18198 -3.18198 -18.4
    endloop
  endfacet
  facet normal -0.89687 0.442294 0
    outer loop
      vertex 3.89711 -2.25 -18.4
      vertex 4.15746 -1.72207 -0.0861816
      vertex 4.15746 -1.72207 -18.4
    endloop
  endfacet
  facet normal -0.89687 0.442294 0
    outer loop
      vertex 4.15746 -1.72207 -0.0861816
      vertex 3.89711 -2.25 -18.4
      vertex 3.89711 -2.25 -0.0861816
    endloop
  endfacet
  facet normal -0.89687 -0.442294 0
    outer loop
      vertex 4.15746 1.72207 -18.4
      vertex 3.89711 2.25 -0.0861816
      vertex 3.89711 2.25 -18.4
    endloop
  endfacet
  facet normal -0.89687 -0.442294 0
    outer loop
      vertex 3.89711 2.25 -0.0861816
      vertex 4.15746 1.72207 -18.4
      vertex 4.15746 1.72207 -0.0861816
    endloop
  endfacet
  facet normal -0.65935 -0.751836 0
    outer loop
      vertex 2.73943 3.57009 -18.4
      vertex 3.18198 3.18198 -0.0861816
      vertex 2.73943 3.57009 -0.0861816
    endloop
  endfacet
  facet normal -0.65935 -0.751836 -0
    outer loop
      vertex 3.18198 3.18198 -0.0861816
      vertex 2.73943 3.57009 -18.4
      vertex 3.18198 3.18198 -18.4
    endloop
  endfacet
  facet normal 0.980787 -0.195079 0
    outer loop
      vertex -4.4615 0.587367 -0.0861816
      vertex -4.34667 1.16469 -18.4
      vertex -4.34667 1.16469 -0.0861816
    endloop
  endfacet
  facet normal 0.980787 -0.195079 0
    outer loop
      vertex -4.34667 1.16469 -18.4
      vertex -4.4615 0.587367 -0.0861816
      vertex -4.4615 0.587367 -18.4
    endloop
  endfacet
  facet normal 0.555562 0.831475 -0
    outer loop
      vertex -2.25 -3.89711 -18.4
      vertex -2.73943 -3.57009 -0.0861816
      vertex -2.25 -3.89711 -0.0861816
    endloop
  endfacet
  facet normal 0.555562 0.831475 0
    outer loop
      vertex -2.73943 -3.57009 -0.0861816
      vertex -2.25 -3.89711 -18.4
      vertex -2.73943 -3.57009 -18.4
    endloop
  endfacet
  facet normal 0.831475 -0.555562 0
    outer loop
      vertex -3.89711 2.25 -0.0861816
      vertex -3.57009 2.73943 -18.4
      vertex -3.57009 2.73943 -0.0861816
    endloop
  endfacet
  facet normal 0.831475 -0.555562 0
    outer loop
      vertex -3.57009 2.73943 -18.4
      vertex -3.89711 2.25 -0.0861816
      vertex -3.89711 2.25 -18.4
    endloop
  endfacet
  facet normal 0.980732 -0.195358 0
    outer loop
      vertex 69.4077 0.117473 -13.3
      vertex 69.4307 0.232937 -18.4
      vertex 69.4307 0.232937 -13.3
    endloop
  endfacet
  facet normal 0.980732 -0.195358 0
    outer loop
      vertex 69.4307 0.232937 -18.4
      vertex 69.4077 0.117473 -13.3
      vertex 69.4077 0.117473 -18.4
    endloop
  endfacet
  facet normal 0.980732 0.195358 0
    outer loop
      vertex 69.4307 -0.232937 -13.3
      vertex 69.4077 -0.117473 -18.4
      vertex 69.4077 -0.117473 -13.3
    endloop
  endfacet
  facet normal 0.980732 0.195358 0
    outer loop
      vertex 69.4077 -0.117473 -18.4
      vertex 69.4307 -0.232937 -13.3
      vertex 69.4307 -0.232937 -18.4
    endloop
  endfacet
  facet normal 0.997859 0.0654066 0
    outer loop
      vertex 69.4077 -0.117473 -13.3
      vertex 69.4 0 -18.4
      vertex 69.4 0 -13.3
    endloop
  endfacet
  facet normal 0.997859 0.0654066 0
    outer loop
      vertex 69.4 0 -18.4
      vertex 69.4077 -0.117473 -13.3
      vertex 69.4077 -0.117473 -18.4
    endloop
  endfacet
  facet normal 0.0653917 -0.99786 0
    outer loop
      vertex 70.1825 0.8923 -18.4
      vertex 70.3 0.9 -13.3
      vertex 70.1825 0.8923 -13.3
    endloop
  endfacet
  facet normal 0.0653917 -0.99786 0
    outer loop
      vertex 70.3 0.9 -13.3
      vertex 70.1825 0.8923 -18.4
      vertex 70.3 0.9 -18.4
    endloop
  endfacet
  facet normal -0.947038 -0.321122 0
    outer loop
      vertex 71.1693 0.232937 -18.4
      vertex 71.1315 0.344415 -13.3
      vertex 71.1315 0.344415 -18.4
    endloop
  endfacet
  facet normal -0.947038 -0.321122 0
    outer loop
      vertex 71.1315 0.344415 -13.3
      vertex 71.1693 0.232937 -18.4
      vertex 71.1693 0.232937 -13.3
    endloop
  endfacet
  facet normal -0.659397 -0.751795 0
    outer loop
      vertex 70.8479 0.714018 -18.4
      vertex 70.9364 0.636395 -13.3
      vertex 70.8479 0.714018 -13.3
    endloop
  endfacet
  facet normal -0.659397 -0.751795 -0
    outer loop
      vertex 70.9364 0.636395 -13.3
      vertex 70.8479 0.714018 -18.4
      vertex 70.9364 0.636395 -18.4
    endloop
  endfacet
  facet normal -0.321377 -0.946951 0
    outer loop
      vertex 70.5329 0.869332 -18.4
      vertex 70.6444 0.831491 -13.3
      vertex 70.5329 0.869332 -13.3
    endloop
  endfacet
  facet normal -0.321377 -0.946951 -0
    outer loop
      vertex 70.6444 0.831491 -13.3
      vertex 70.5329 0.869332 -18.4
      vertex 70.6444 0.831491 -18.4
    endloop
  endfacet
  facet normal 0.896767 -0.442502 0
    outer loop
      vertex 69.4685 0.344415 -13.3
      vertex 69.5206 0.45 -18.4
      vertex 69.5206 0.45 -13.3
    endloop
  endfacet
  facet normal 0.896767 -0.442502 0
    outer loop
      vertex 69.5206 0.45 -18.4
      vertex 69.4685 0.344415 -13.3
      vertex 69.4685 0.344415 -18.4
    endloop
  endfacet
  facet normal -0.980732 0.195358 0
    outer loop
      vertex 71.1693 -0.232937 -18.4
      vertex 71.1923 -0.117473 -13.3
      vertex 71.1923 -0.117473 -18.4
    endloop
  endfacet
  facet normal -0.980732 0.195358 0
    outer loop
      vertex 71.1923 -0.117473 -13.3
      vertex 71.1693 -0.232937 -18.4
      vertex 71.1693 -0.232937 -13.3
    endloop
  endfacet
  facet normal -0.555513 0.831508 0
    outer loop
      vertex 70.8479 -0.714018 -18.4
      vertex 70.75 -0.779423 -13.3
      vertex 70.8479 -0.714018 -13.3
    endloop
  endfacet
  facet normal -0.555513 0.831508 0
    outer loop
      vertex 70.75 -0.779423 -13.3
      vertex 70.8479 -0.714018 -18.4
      vertex 70.75 -0.779423 -18.4
    endloop
  endfacet
  facet normal 0.751929 0.659244 0
    outer loop
      vertex 69.6636 -0.636395 -13.3
      vertex 69.586 -0.547885 -18.4
      vertex 69.586 -0.547885 -13.3
    endloop
  endfacet
  facet normal 0.751929 0.659244 0
    outer loop
      vertex 69.586 -0.547885 -18.4
      vertex 69.6636 -0.636395 -13.3
      vertex 69.6636 -0.636395 -18.4
    endloop
  endfacet
  facet normal 0.751929 -0.659244 0
    outer loop
      vertex 69.586 0.547885 -13.3
      vertex 69.6636 0.636395 -18.4
      vertex 69.6636 0.636395 -13.3
    endloop
  endfacet
  facet normal 0.751929 -0.659244 0
    outer loop
      vertex 69.6636 0.636395 -18.4
      vertex 69.586 0.547885 -13.3
      vertex 69.586 0.547885 -18.4
    endloop
  endfacet
  facet normal -0.947038 0.321122 0
    outer loop
      vertex 71.1315 -0.344415 -18.4
      vertex 71.1693 -0.232937 -13.3
      vertex 71.1693 -0.232937 -18.4
    endloop
  endfacet
  facet normal -0.947038 0.321122 0
    outer loop
      vertex 71.1693 -0.232937 -13.3
      vertex 71.1315 -0.344415 -18.4
      vertex 71.1315 -0.344415 -13.3
    endloop
  endfacet
  facet normal -0.442233 0.8969 0
    outer loop
      vertex 70.75 -0.779423 -18.4
      vertex 70.6444 -0.831491 -13.3
      vertex 70.75 -0.779423 -13.3
    endloop
  endfacet
  facet normal -0.442233 0.8969 0
    outer loop
      vertex 70.6444 -0.831491 -13.3
      vertex 70.75 -0.779423 -18.4
      vertex 70.6444 -0.831491 -18.4
    endloop
  endfacet
  facet normal -0.980732 -0.195358 0
    outer loop
      vertex 71.1923 0.117473 -18.4
      vertex 71.1693 0.232937 -13.3
      vertex 71.1693 0.232937 -18.4
    endloop
  endfacet
  facet normal -0.980732 -0.195358 0
    outer loop
      vertex 71.1693 0.232937 -13.3
      vertex 71.1923 0.117473 -18.4
      vertex 71.1923 0.117473 -13.3
    endloop
  endfacet
  facet normal 0.831488 -0.555543 0
    outer loop
      vertex 69.5206 0.45 -13.3
      vertex 69.586 0.547885 -18.4
      vertex 69.586 0.547885 -13.3
    endloop
  endfacet
  facet normal 0.831488 -0.555543 0
    outer loop
      vertex 69.586 0.547885 -18.4
      vertex 69.5206 0.45 -13.3
      vertex 69.5206 0.45 -18.4
    endloop
  endfacet
  facet normal -0.831488 -0.555543 0
    outer loop
      vertex 71.0794 0.45 -18.4
      vertex 71.014 0.547885 -13.3
      vertex 71.014 0.547885 -18.4
    endloop
  endfacet
  facet normal -0.831488 -0.555543 0
    outer loop
      vertex 71.014 0.547885 -13.3
      vertex 71.0794 0.45 -18.4
      vertex 71.0794 0.45 -13.3
    endloop
  endfacet
  facet normal -0.0653917 -0.99786 0
    outer loop
      vertex 70.3 0.9 -18.4
      vertex 70.4175 0.8923 -13.3
      vertex 70.3 0.9 -13.3
    endloop
  endfacet
  facet normal -0.0653917 -0.99786 -0
    outer loop
      vertex 70.4175 0.8923 -13.3
      vertex 70.3 0.9 -18.4
      vertex 70.4175 0.8923 -18.4
    endloop
  endfacet
  facet normal -0.997859 0.0654066 0
    outer loop
      vertex 71.1923 -0.117473 -18.4
      vertex 71.2 0 -13.3
      vertex 71.2 0 -18.4
    endloop
  endfacet
  facet normal -0.997859 0.0654066 0
    outer loop
      vertex 71.2 0 -13.3
      vertex 71.1923 -0.117473 -18.4
      vertex 71.1923 -0.117473 -13.3
    endloop
  endfacet
  facet normal 0 0 -1
    outer loop
      vertex 71.1923 -0.117473 -13.3
      vertex 71.1923 0.117473 -13.3
      vertex 71.2 0 -13.3
    endloop
  endfacet
  facet normal 0 0 -1
    outer loop
      vertex 71.1693 -0.232937 -13.3
      vertex 71.1923 0.117473 -13.3
      vertex 71.1923 -0.117473 -13.3
    endloop
  endfacet
  facet normal 0 0 -1
    outer loop
      vertex 71.1693 -0.232937 -13.3
      vertex 71.1693 0.232937 -13.3
      vertex 71.1923 0.117473 -13.3
    endloop
  endfacet
  facet normal 0 0 -1
    outer loop
      vertex 71.1315 -0.344415 -13.3
      vertex 71.1693 0.232937 -13.3
      vertex 71.1693 -0.232937 -13.3
    endloop
  endfacet
  facet normal 0 0 -1
    outer loop
      vertex 71.1315 -0.344415 -13.3
      vertex 71.1315 0.344415 -13.3
      vertex 71.1693 0.232937 -13.3
    endloop
  endfacet
  facet normal 0 0 -1
    outer loop
      vertex 71.0794 -0.45 -13.3
      vertex 71.1315 0.344415 -13.3
      vertex 71.1315 -0.344415 -13.3
    endloop
  endfacet
  facet normal 0 0 -1
    outer loop
      vertex 71.0794 -0.45 -13.3
      vertex 71.0794 0.45 -13.3
      vertex 71.1315 0.344415 -13.3
    endloop
  endfacet
  facet normal 0 0 -1
    outer loop
      vertex 71.014 -0.547885 -13.3
      vertex 71.0794 0.45 -13.3
      vertex 71.0794 -0.45 -13.3
    endloop
  endfacet
  facet normal 0 0 -1
    outer loop
      vertex 71.014 -0.547885 -13.3
      vertex 71.014 0.547885 -13.3
      vertex 71.0794 0.45 -13.3
    endloop
  endfacet
  facet normal 0 0 -1
    outer loop
      vertex 70.9364 -0.636395 -13.3
      vertex 71.014 0.547885 -13.3
      vertex 71.014 -0.547885 -13.3
    endloop
  endfacet
  facet normal 0 0 -1
    outer loop
      vertex 70.9364 -0.636395 -13.3
      vertex 70.9364 0.636395 -13.3
      vertex 71.014 0.547885 -13.3
    endloop
  endfacet
  facet normal 0 0 -1
    outer loop
      vertex 70.8479 -0.714018 -13.3
      vertex 70.9364 0.636395 -13.3
      vertex 70.9364 -0.636395 -13.3
    endloop
  endfacet
  facet normal 0 0 -1
    outer loop
      vertex 70.8479 -0.714018 -13.3
      vertex 70.8479 0.714018 -13.3
      vertex 70.9364 0.636395 -13.3
    endloop
  endfacet
  facet normal 0 0 -1
    outer loop
      vertex 70.75 -0.779423 -13.3
      vertex 70.8479 0.714018 -13.3
      vertex 70.8479 -0.714018 -13.3
    endloop
  endfacet
  facet normal 0 0 -1
    outer loop
      vertex 70.75 -0.779423 -13.3
      vertex 70.75 0.779423 -13.3
      vertex 70.8479 0.714018 -13.3
    endloop
  endfacet
  facet normal 0 0 -1
    outer loop
      vertex 70.6444 -0.831491 -13.3
      vertex 70.75 0.779423 -13.3
      vertex 70.75 -0.779423 -13.3
    endloop
  endfacet
  facet normal 0 0 -1
    outer loop
      vertex 70.6444 -0.831491 -13.3
      vertex 70.6444 0.831491 -13.3
      vertex 70.75 0.779423 -13.3
    endloop
  endfacet
  facet normal 0 0 -1
    outer loop
      vertex 70.5329 -0.869332 -13.3
      vertex 70.6444 0.831491 -13.3
      vertex 70.6444 -0.831491 -13.3
    endloop
  endfacet
  facet normal 0 0 -1
    outer loop
      vertex 70.5329 -0.869332 -13.3
      vertex 70.5329 0.869332 -13.3
      vertex 70.6444 0.831491 -13.3
    endloop
  endfacet
  facet normal 0 0 -1
    outer loop
      vertex 70.4175 -0.8923 -13.3
      vertex 70.5329 0.869332 -13.3
      vertex 70.5329 -0.869332 -13.3
    endloop
  endfacet
  facet normal 0 0 -1
    outer loop
      vertex 70.4175 -0.8923 -13.3
      vertex 70.4175 0.8923 -13.3
      vertex 70.5329 0.869332 -13.3
    endloop
  endfacet
  facet normal 0 0 -1
    outer loop
      vertex 70.3 -0.9 -13.3
      vertex 70.4175 0.8923 -13.3
      vertex 70.4175 -0.8923 -13.3
    endloop
  endfacet
  facet normal 0 0 -1
    outer loop
      vertex 70.3 -0.9 -13.3
      vertex 70.3 0.9 -13.3
      vertex 70.4175 0.8923 -13.3
    endloop
  endfacet
  facet normal 0 0 -1
    outer loop
      vertex 70.1825 -0.8923 -13.3
      vertex 70.3 0.9 -13.3
      vertex 70.3 -0.9 -13.3
    endloop
  endfacet
  facet normal 0 0 -1
    outer loop
      vertex 70.1825 -0.8923 -13.3
      vertex 70.1825 0.8923 -13.3
      vertex 70.3 0.9 -13.3
    endloop
  endfacet
  facet normal 0 0 -1
    outer loop
      vertex 70.0671 -0.869332 -13.3
      vertex 70.1825 0.8923 -13.3
      vertex 70.1825 -0.8923 -13.3
    endloop
  endfacet
  facet normal 0 0 -1
    outer loop
      vertex 70.0671 -0.869332 -13.3
      vertex 70.0671 0.869332 -13.3
      vertex 70.1825 0.8923 -13.3
    endloop
  endfacet
  facet normal 0 0 -1
    outer loop
      vertex 69.9556 -0.831491 -13.3
      vertex 70.0671 0.869332 -13.3
      vertex 70.0671 -0.869332 -13.3
    endloop
  endfacet
  facet normal 0 0 -1
    outer loop
      vertex 69.9556 -0.831491 -13.3
      vertex 69.9556 0.831491 -13.3
      vertex 70.0671 0.869332 -13.3
    endloop
  endfacet
  facet normal 0 0 -1
    outer loop
      vertex 69.85 -0.779423 -13.3
      vertex 69.9556 0.831491 -13.3
      vertex 69.9556 -0.831491 -13.3
    endloop
  endfacet
  facet normal 0 0 -1
    outer loop
      vertex 69.85 -0.779423 -13.3
      vertex 69.85 0.779423 -13.3
      vertex 69.9556 0.831491 -13.3
    endloop
  endfacet
  facet normal 0 0 -1
    outer loop
      vertex 69.7521 -0.714018 -13.3
      vertex 69.85 0.779423 -13.3
      vertex 69.85 -0.779423 -13.3
    endloop
  endfacet
  facet normal 0 0 -1
    outer loop
      vertex 69.7521 -0.714018 -13.3
      vertex 69.7521 0.714018 -13.3
      vertex 69.85 0.779423 -13.3
    endloop
  endfacet
  facet normal 0 0 -1
    outer loop
      vertex 69.6636 -0.636395 -13.3
      vertex 69.7521 0.714018 -13.3
      vertex 69.7521 -0.714018 -13.3
    endloop
  endfacet
  facet normal 0 0 -1
    outer loop
      vertex 69.6636 -0.636395 -13.3
      vertex 69.6636 0.636395 -13.3
      vertex 69.7521 0.714018 -13.3
    endloop
  endfacet
  facet normal 0 0 -1
    outer loop
      vertex 69.586 -0.547885 -13.3
      vertex 69.6636 0.636395 -13.3
      vertex 69.6636 -0.636395 -13.3
    endloop
  endfacet
  facet normal 0 0 -1
    outer loop
      vertex 69.586 -0.547885 -13.3
      vertex 69.586 0.547885 -13.3
      vertex 69.6636 0.636395 -13.3
    endloop
  endfacet
  facet normal 0 0 -1
    outer loop
      vertex 69.5206 -0.45 -13.3
      vertex 69.586 0.547885 -13.3
      vertex 69.586 -0.547885 -13.3
    endloop
  endfacet
  facet normal 0 0 -1
    outer loop
      vertex 69.5206 -0.45 -13.3
      vertex 69.5206 0.45 -13.3
      vertex 69.586 0.547885 -13.3
    endloop
  endfacet
  facet normal 0 0 -1
    outer loop
      vertex 69.4685 -0.344415 -13.3
      vertex 69.5206 0.45 -13.3
      vertex 69.5206 -0.45 -13.3
    endloop
  endfacet
  facet normal 0 0 -1
    outer loop
      vertex 69.4685 -0.344415 -13.3
      vertex 69.4685 0.344415 -13.3
      vertex 69.5206 0.45 -13.3
    endloop
  endfacet
  facet normal 0 0 -1
    outer loop
      vertex 69.4307 -0.232937 -13.3
      vertex 69.4685 0.344415 -13.3
      vertex 69.4685 -0.344415 -13.3
    endloop
  endfacet
  facet normal 0 0 -1
    outer loop
      vertex 69.4307 -0.232937 -13.3
      vertex 69.4307 0.232937 -13.3
      vertex 69.4685 0.344415 -13.3
    endloop
  endfacet
  facet normal 0 0 -1
    outer loop
      vertex 69.4077 -0.117473 -13.3
      vertex 69.4307 0.232937 -13.3
      vertex 69.4307 -0.232937 -13.3
    endloop
  endfacet
  facet normal 0 0 -1
    outer loop
      vertex 69.4077 -0.117473 -13.3
      vertex 69.4077 0.117473 -13.3
      vertex 69.4307 0.232937 -13.3
    endloop
  endfacet
  facet normal 0 -0 -1
    outer loop
      vertex 69.4077 0.117473 -13.3
      vertex 69.4077 -0.117473 -13.3
      vertex 69.4 0 -13.3
    endloop
  endfacet
  facet normal 0.947038 -0.321122 0
    outer loop
      vertex 69.4307 0.232937 -13.3
      vertex 69.4685 0.344415 -18.4
      vertex 69.4685 0.344415 -13.3
    endloop
  endfacet
  facet normal 0.947038 -0.321122 0
    outer loop
      vertex 69.4685 0.344415 -18.4
      vertex 69.4307 0.232937 -13.3
      vertex 69.4307 0.232937 -18.4
    endloop
  endfacet
  facet normal 0.659397 0.751795 -0
    outer loop
      vertex 69.7521 -0.714018 -18.4
      vertex 69.6636 -0.636395 -13.3
      vertex 69.7521 -0.714018 -13.3
    endloop
  endfacet
  facet normal 0.659397 0.751795 0
    outer loop
      vertex 69.6636 -0.636395 -13.3
      vertex 69.7521 -0.714018 -18.4
      vertex 69.6636 -0.636395 -18.4
    endloop
  endfacet
  facet normal -0.659397 0.751795 0
    outer loop
      vertex 70.9364 -0.636395 -18.4
      vertex 70.8479 -0.714018 -13.3
      vertex 70.9364 -0.636395 -13.3
    endloop
  endfacet
  facet normal -0.659397 0.751795 0
    outer loop
      vertex 70.8479 -0.714018 -13.3
      vertex 70.9364 -0.636395 -18.4
      vertex 70.8479 -0.714018 -18.4
    endloop
  endfacet
  facet normal 0.831488 0.555543 0
    outer loop
      vertex 69.586 -0.547885 -13.3
      vertex 69.5206 -0.45 -18.4
      vertex 69.5206 -0.45 -13.3
    endloop
  endfacet
  facet normal 0.831488 0.555543 0
    outer loop
      vertex 69.5206 -0.45 -18.4
      vertex 69.586 -0.547885 -13.3
      vertex 69.586 -0.547885 -18.4
    endloop
  endfacet
  facet normal 0.442233 0.8969 -0
    outer loop
      vertex 69.9556 -0.831491 -18.4
      vertex 69.85 -0.779423 -13.3
      vertex 69.9556 -0.831491 -13.3
    endloop
  endfacet
  facet normal 0.442233 0.8969 0
    outer loop
      vertex 69.85 -0.779423 -13.3
      vertex 69.9556 -0.831491 -18.4
      vertex 69.85 -0.779423 -18.4
    endloop
  endfacet
  facet normal 0.555513 -0.831508 0
    outer loop
      vertex 69.7521 0.714018 -18.4
      vertex 69.85 0.779423 -13.3
      vertex 69.7521 0.714018 -13.3
    endloop
  endfacet
  facet normal 0.555513 -0.831508 0
    outer loop
      vertex 69.85 0.779423 -13.3
      vertex 69.7521 0.714018 -18.4
      vertex 69.85 0.779423 -18.4
    endloop
  endfacet
  facet normal 0.997859 -0.0654066 0
    outer loop
      vertex 69.4 0 -13.3
      vertex 69.4077 0.117473 -18.4
      vertex 69.4077 0.117473 -13.3
    endloop
  endfacet
  facet normal 0.997859 -0.0654066 0
    outer loop
      vertex 69.4077 0.117473 -18.4
      vertex 69.4 0 -13.3
      vertex 69.4 0 -18.4
    endloop
  endfacet
  facet normal 0.321377 0.946951 -0
    outer loop
      vertex 70.0671 -0.869332 -18.4
      vertex 69.9556 -0.831491 -13.3
      vertex 70.0671 -0.869332 -13.3
    endloop
  endfacet
  facet normal 0.321377 0.946951 0
    outer loop
      vertex 69.9556 -0.831491 -13.3
      vertex 70.0671 -0.869332 -18.4
      vertex 69.9556 -0.831491 -18.4
    endloop
  endfacet
  facet normal -0.997859 -0.0654066 0
    outer loop
      vertex 71.2 0 -18.4
      vertex 71.1923 0.117473 -13.3
      vertex 71.1923 0.117473 -18.4
    endloop
  endfacet
  facet normal -0.997859 -0.0654066 0
    outer loop
      vertex 71.1923 0.117473 -13.3
      vertex 71.2 0 -18.4
      vertex 71.2 0 -13.3
    endloop
  endfacet
  facet normal 0.555513 0.831508 -0
    outer loop
      vertex 69.85 -0.779423 -18.4
      vertex 69.7521 -0.714018 -13.3
      vertex 69.85 -0.779423 -13.3
    endloop
  endfacet
  facet normal 0.555513 0.831508 0
    outer loop
      vertex 69.7521 -0.714018 -13.3
      vertex 69.85 -0.779423 -18.4
      vertex 69.7521 -0.714018 -18.4
    endloop
  endfacet
  facet normal -0.195201 -0.980763 0
    outer loop
      vertex 70.4175 0.8923 -18.4
      vertex 70.5329 0.869332 -13.3
      vertex 70.4175 0.8923 -13.3
    endloop
  endfacet
  facet normal -0.195201 -0.980763 -0
    outer loop
      vertex 70.5329 0.869332 -13.3
      vertex 70.4175 0.8923 -18.4
      vertex 70.5329 0.869332 -18.4
    endloop
  endfacet
  facet normal -0.555513 -0.831508 0
    outer loop
      vertex 70.75 0.779423 -18.4
      vertex 70.8479 0.714018 -13.3
      vertex 70.75 0.779423 -13.3
    endloop
  endfacet
  facet normal -0.555513 -0.831508 -0
    outer loop
      vertex 70.8479 0.714018 -13.3
      vertex 70.75 0.779423 -18.4
      vertex 70.8479 0.714018 -18.4
    endloop
  endfacet
  facet normal -0.0653917 0.99786 0
    outer loop
      vertex 70.4175 -0.8923 -18.4
      vertex 70.3 -0.9 -13.3
      vertex 70.4175 -0.8923 -13.3
    endloop
  endfacet
  facet normal -0.0653917 0.99786 0
    outer loop
      vertex 70.3 -0.9 -13.3
      vertex 70.4175 -0.8923 -18.4
      vertex 70.3 -0.9 -18.4
    endloop
  endfacet
  facet normal -0.896767 -0.442502 0
    outer loop
      vertex 71.1315 0.344415 -18.4
      vertex 71.0794 0.45 -13.3
      vertex 71.0794 0.45 -18.4
    endloop
  endfacet
  facet normal -0.896767 -0.442502 0
    outer loop
      vertex 71.0794 0.45 -13.3
      vertex 71.1315 0.344415 -18.4
      vertex 71.1315 0.344415 -13.3
    endloop
  endfacet
  facet normal 0.195201 -0.980763 0
    outer loop
      vertex 70.0671 0.869332 -18.4
      vertex 70.1825 0.8923 -13.3
      vertex 70.0671 0.869332 -13.3
    endloop
  endfacet
  facet normal 0.195201 -0.980763 0
    outer loop
      vertex 70.1825 0.8923 -13.3
      vertex 70.0671 0.869332 -18.4
      vertex 70.1825 0.8923 -18.4
    endloop
  endfacet
  facet normal 0.0653917 0.99786 -0
    outer loop
      vertex 70.3 -0.9 -18.4
      vertex 70.1825 -0.8923 -13.3
      vertex 70.3 -0.9 -13.3
    endloop
  endfacet
  facet normal 0.0653917 0.99786 0
    outer loop
      vertex 70.1825 -0.8923 -13.3
      vertex 70.3 -0.9 -18.4
      vertex 70.1825 -0.8923 -18.4
    endloop
  endfacet
  facet normal -0.751929 0.659244 0
    outer loop
      vertex 70.9364 -0.636395 -18.4
      vertex 71.014 -0.547885 -13.3
      vertex 71.014 -0.547885 -18.4
    endloop
  endfacet
  facet normal -0.751929 0.659244 0
    outer loop
      vertex 71.014 -0.547885 -13.3
      vertex 70.9364 -0.636395 -18.4
      vertex 70.9364 -0.636395 -13.3
    endloop
  endfacet
  facet normal -0.321377 0.946951 0
    outer loop
      vertex 70.6444 -0.831491 -18.4
      vertex 70.5329 -0.869332 -13.3
      vertex 70.6444 -0.831491 -13.3
    endloop
  endfacet
  facet normal -0.321377 0.946951 0
    outer loop
      vertex 70.5329 -0.869332 -13.3
      vertex 70.6444 -0.831491 -18.4
      vertex 70.5329 -0.869332 -18.4
    endloop
  endfacet
  facet normal 0.896767 0.442502 0
    outer loop
      vertex 69.5206 -0.45 -13.3
      vertex 69.4685 -0.344415 -18.4
      vertex 69.4685 -0.344415 -13.3
    endloop
  endfacet
  facet normal 0.896767 0.442502 0
    outer loop
      vertex 69.4685 -0.344415 -18.4
      vertex 69.5206 -0.45 -13.3
      vertex 69.5206 -0.45 -18.4
    endloop
  endfacet
  facet normal 0.947038 0.321122 0
    outer loop
      vertex 69.4685 -0.344415 -13.3
      vertex 69.4307 -0.232937 -18.4
      vertex 69.4307 -0.232937 -13.3
    endloop
  endfacet
  facet normal 0.947038 0.321122 0
    outer loop
      vertex 69.4307 -0.232937 -18.4
      vertex 69.4685 -0.344415 -13.3
      vertex 69.4685 -0.344415 -18.4
    endloop
  endfacet
  facet normal 0.442233 -0.8969 0
    outer loop
      vertex 69.85 0.779423 -18.4
      vertex 69.9556 0.831491 -13.3
      vertex 69.85 0.779423 -13.3
    endloop
  endfacet
  facet normal 0.442233 -0.8969 0
    outer loop
      vertex 69.9556 0.831491 -13.3
      vertex 69.85 0.779423 -18.4
      vertex 69.9556 0.831491 -18.4
    endloop
  endfacet
  facet normal -0.195201 0.980763 0
    outer loop
      vertex 70.5329 -0.869332 -18.4
      vertex 70.4175 -0.8923 -13.3
      vertex 70.5329 -0.869332 -13.3
    endloop
  endfacet
  facet normal -0.195201 0.980763 0
    outer loop
      vertex 70.4175 -0.8923 -13.3
      vertex 70.5329 -0.869332 -18.4
      vertex 70.4175 -0.8923 -18.4
    endloop
  endfacet
  facet normal -0.751929 -0.659244 0
    outer loop
      vertex 71.014 0.547885 -18.4
      vertex 70.9364 0.636395 -13.3
      vertex 70.9364 0.636395 -18.4
    endloop
  endfacet
  facet normal -0.751929 -0.659244 0
    outer loop
      vertex 70.9364 0.636395 -13.3
      vertex 71.014 0.547885 -18.4
      vertex 71.014 0.547885 -13.3
    endloop
  endfacet
  facet normal 0.321377 -0.946951 0
    outer loop
      vertex 69.9556 0.831491 -18.4
      vertex 70.0671 0.869332 -13.3
      vertex 69.9556 0.831491 -13.3
    endloop
  endfacet
  facet normal 0.321377 -0.946951 0
    outer loop
      vertex 70.0671 0.869332 -13.3
      vertex 69.9556 0.831491 -18.4
      vertex 70.0671 0.869332 -18.4
    endloop
  endfacet
  facet normal 0.195201 0.980763 -0
    outer loop
      vertex 70.1825 -0.8923 -18.4
      vertex 70.0671 -0.869332 -13.3
      vertex 70.1825 -0.8923 -13.3
    endloop
  endfacet
  facet normal 0.195201 0.980763 0
    outer loop
      vertex 70.0671 -0.869332 -13.3
      vertex 70.1825 -0.8923 -18.4
      vertex 70.0671 -0.869332 -18.4
    endloop
  endfacet
  facet normal -0.896767 0.442502 0
    outer loop
      vertex 71.0794 -0.45 -18.4
      vertex 71.1315 -0.344415 -13.3
      vertex 71.1315 -0.344415 -18.4
    endloop
  endfacet
  facet normal -0.896767 0.442502 0
    outer loop
      vertex 71.1315 -0.344415 -13.3
      vertex 71.0794 -0.45 -18.4
      vertex 71.0794 -0.45 -13.3
    endloop
  endfacet
  facet normal -0.831488 0.555543 0
    outer loop
      vertex 71.014 -0.547885 -18.4
      vertex 71.0794 -0.45 -13.3
      vertex 71.0794 -0.45 -18.4
    endloop
  endfacet
  facet normal -0.831488 0.555543 0
    outer loop
      vertex 71.0794 -0.45 -13.3
      vertex 71.014 -0.547885 -18.4
      vertex 71.014 -0.547885 -13.3
    endloop
  endfacet
  facet normal -0.442233 -0.8969 0
    outer loop
      vertex 70.6444 0.831491 -18.4
      vertex 70.75 0.779423 -13.3
      vertex 70.6444 0.831491 -13.3
    endloop
  endfacet
  facet normal -0.442233 -0.8969 -0
    outer loop
      vertex 70.75 0.779423 -13.3
      vertex 70.6444 0.831491 -18.4
      vertex 70.75 0.779423 -18.4
    endloop
  endfacet
  facet normal 0.659397 -0.751795 0
    outer loop
      vertex 69.6636 0.636395 -18.4
      vertex 69.7521 0.714018 -13.3
      vertex 69.6636 0.636395 -13.3
    endloop
  endfacet
  facet normal 0.659397 -0.751795 0
    outer loop
      vertex 69.7521 0.714018 -13.3
      vertex 69.6636 0.636395 -18.4
      vertex 69.7521 0.714018 -18.4
    endloop
  endfacet
  facet normal 0.321377 0.946951 -0
    outer loop
      vertex 42.2671 -0.869332 -18.3
      vertex 42.1556 -0.831491 -13.3
      vertex 42.2671 -0.869332 -13.3
    endloop
  endfacet
  facet normal 0.321377 0.946951 0
    outer loop
      vertex 42.1556 -0.831491 -13.3
      vertex 42.2671 -0.869332 -18.3
      vertex 42.1556 -0.831491 -18.3
    endloop
  endfacet
  facet normal 0.980732 0.195358 0
    outer loop
      vertex 41.6307 -0.232937 -13.3
      vertex 41.6077 -0.117473 -18.3
      vertex 41.6077 -0.117473 -13.3
    endloop
  endfacet
  facet normal 0.980732 0.195358 0
    outer loop
      vertex 41.6077 -0.117473 -18.3
      vertex 41.6307 -0.232937 -13.3
      vertex 41.6307 -0.232937 -18.3
    endloop
  endfacet
  facet normal 0.997859 0.0654066 0
    outer loop
      vertex 41.6077 -0.117473 -13.3
      vertex 41.6 0 -18.3
      vertex 41.6 0 -13.3
    endloop
  endfacet
  facet normal 0.997859 0.0654066 0
    outer loop
      vertex 41.6 0 -18.3
      vertex 41.6077 -0.117473 -13.3
      vertex 41.6077 -0.117473 -18.3
    endloop
  endfacet
  facet normal 0.947038 0.321122 0
    outer loop
      vertex 41.6685 -0.344415 -13.3
      vertex 41.6307 -0.232937 -18.3
      vertex 41.6307 -0.232937 -13.3
    endloop
  endfacet
  facet normal 0.947038 0.321122 0
    outer loop
      vertex 41.6307 -0.232937 -18.3
      vertex 41.6685 -0.344415 -13.3
      vertex 41.6685 -0.344415 -18.3
    endloop
  endfacet
  facet normal 0.442233 0.8969 -0
    outer loop
      vertex 42.1556 -0.831491 -18.3
      vertex 42.05 -0.779423 -13.3
      vertex 42.1556 -0.831491 -13.3
    endloop
  endfacet
  facet normal 0.442233 0.8969 0
    outer loop
      vertex 42.05 -0.779423 -13.3
      vertex 42.1556 -0.831491 -18.3
      vertex 42.05 -0.779423 -18.3
    endloop
  endfacet
  facet normal -0.997859 -0.0654066 0
    outer loop
      vertex 43.4 0 -18.3
      vertex 43.3923 0.117473 -13.3
      vertex 43.3923 0.117473 -18.3
    endloop
  endfacet
  facet normal -0.997859 -0.0654066 0
    outer loop
      vertex 43.3923 0.117473 -13.3
      vertex 43.4 0 -18.3
      vertex 43.4 0 -13.3
    endloop
  endfacet
  facet normal 0.896767 0.442502 0
    outer loop
      vertex 41.7206 -0.45 -13.3
      vertex 41.6685 -0.344415 -18.3
      vertex 41.6685 -0.344415 -13.3
    endloop
  endfacet
  facet normal 0.896767 0.442502 0
    outer loop
      vertex 41.6685 -0.344415 -18.3
      vertex 41.7206 -0.45 -13.3
      vertex 41.7206 -0.45 -18.3
    endloop
  endfacet
  facet normal 0.831488 0.555543 0
    outer loop
      vertex 41.786 -0.547885 -13.3
      vertex 41.7206 -0.45 -18.3
      vertex 41.7206 -0.45 -13.3
    endloop
  endfacet
  facet normal 0.831488 0.555543 0
    outer loop
      vertex 41.7206 -0.45 -18.3
      vertex 41.786 -0.547885 -13.3
      vertex 41.786 -0.547885 -18.3
    endloop
  endfacet
  facet normal -0.659397 0.751795 0
    outer loop
      vertex 43.1364 -0.636395 -18.3
      vertex 43.0479 -0.714018 -13.3
      vertex 43.1364 -0.636395 -13.3
    endloop
  endfacet
  facet normal -0.659397 0.751795 0
    outer loop
      vertex 43.0479 -0.714018 -13.3
      vertex 43.1364 -0.636395 -18.3
      vertex 43.0479 -0.714018 -18.3
    endloop
  endfacet
  facet normal 0.751929 0.659244 0
    outer loop
      vertex 41.8636 -0.636395 -13.3
      vertex 41.786 -0.547885 -18.3
      vertex 41.786 -0.547885 -13.3
    endloop
  endfacet
  facet normal 0.751929 0.659244 0
    outer loop
      vertex 41.786 -0.547885 -18.3
      vertex 41.8636 -0.636395 -13.3
      vertex 41.8636 -0.636395 -18.3
    endloop
  endfacet
  facet normal -0.980732 0.195358 0
    outer loop
      vertex 43.3693 -0.232937 -18.3
      vertex 43.3923 -0.117473 -13.3
      vertex 43.3923 -0.117473 -18.3
    endloop
  endfacet
  facet normal -0.980732 0.195358 0
    outer loop
      vertex 43.3923 -0.117473 -13.3
      vertex 43.3693 -0.232937 -18.3
      vertex 43.3693 -0.232937 -13.3
    endloop
  endfacet
  facet normal -0.555513 -0.831508 0
    outer loop
      vertex 42.95 0.779423 -18.3
      vertex 43.0479 0.714018 -13.3
      vertex 42.95 0.779423 -13.3
    endloop
  endfacet
  facet normal -0.555513 -0.831508 -0
    outer loop
      vertex 43.0479 0.714018 -13.3
      vertex 42.95 0.779423 -18.3
      vertex 43.0479 0.714018 -18.3
    endloop
  endfacet
  facet normal -0.997859 0.0654066 0
    outer loop
      vertex 43.3923 -0.117473 -18.3
      vertex 43.4 0 -13.3
      vertex 43.4 0 -18.3
    endloop
  endfacet
  facet normal -0.997859 0.0654066 0
    outer loop
      vertex 43.4 0 -13.3
      vertex 43.3923 -0.117473 -18.3
      vertex 43.3923 -0.117473 -13.3
    endloop
  endfacet
  facet normal -0.751929 -0.659244 0
    outer loop
      vertex 43.214 0.547885 -18.3
      vertex 43.1364 0.636395 -13.3
      vertex 43.1364 0.636395 -18.3
    endloop
  endfacet
  facet normal -0.751929 -0.659244 0
    outer loop
      vertex 43.1364 0.636395 -13.3
      vertex 43.214 0.547885 -18.3
      vertex 43.214 0.547885 -13.3
    endloop
  endfacet
  facet normal 0.555513 0.831508 -0
    outer loop
      vertex 42.05 -0.779423 -18.3
      vertex 41.9521 -0.714018 -13.3
      vertex 42.05 -0.779423 -13.3
    endloop
  endfacet
  facet normal 0.555513 0.831508 0
    outer loop
      vertex 41.9521 -0.714018 -13.3
      vertex 42.05 -0.779423 -18.3
      vertex 41.9521 -0.714018 -18.3
    endloop
  endfacet
  facet normal 0.195201 -0.980763 0
    outer loop
      vertex 42.2671 0.869332 -18.3
      vertex 42.3825 0.8923 -13.3
      vertex 42.2671 0.869332 -13.3
    endloop
  endfacet
  facet normal 0.195201 -0.980763 0
    outer loop
      vertex 42.3825 0.8923 -13.3
      vertex 42.2671 0.869332 -18.3
      vertex 42.3825 0.8923 -18.3
    endloop
  endfacet
  facet normal -0.442233 0.8969 0
    outer loop
      vertex 42.95 -0.779423 -18.3
      vertex 42.8444 -0.831491 -13.3
      vertex 42.95 -0.779423 -13.3
    endloop
  endfacet
  facet normal -0.442233 0.8969 0
    outer loop
      vertex 42.8444 -0.831491 -13.3
      vertex 42.95 -0.779423 -18.3
      vertex 42.8444 -0.831491 -18.3
    endloop
  endfacet
  facet normal -0.321377 -0.946951 0
    outer loop
      vertex 42.7329 0.869332 -18.3
      vertex 42.8444 0.831491 -13.3
      vertex 42.7329 0.869332 -13.3
    endloop
  endfacet
  facet normal -0.321377 -0.946951 -0
    outer loop
      vertex 42.8444 0.831491 -13.3
      vertex 42.7329 0.869332 -18.3
      vertex 42.8444 0.831491 -18.3
    endloop
  endfacet
  facet normal 0.980732 -0.195358 0
    outer loop
      vertex 41.6077 0.117473 -13.3
      vertex 41.6307 0.232937 -18.3
      vertex 41.6307 0.232937 -13.3
    endloop
  endfacet
  facet normal 0.980732 -0.195358 0
    outer loop
      vertex 41.6307 0.232937 -18.3
      vertex 41.6077 0.117473 -13.3
      vertex 41.6077 0.117473 -18.3
    endloop
  endfacet
  facet normal -0.751929 0.659244 0
    outer loop
      vertex 43.1364 -0.636395 -18.3
      vertex 43.214 -0.547885 -13.3
      vertex 43.214 -0.547885 -18.3
    endloop
  endfacet
  facet normal -0.751929 0.659244 0
    outer loop
      vertex 43.214 -0.547885 -13.3
      vertex 43.1364 -0.636395 -18.3
      vertex 43.1364 -0.636395 -13.3
    endloop
  endfacet
  facet normal 0.831488 -0.555543 0
    outer loop
      vertex 41.7206 0.45 -13.3
      vertex 41.786 0.547885 -18.3
      vertex 41.786 0.547885 -13.3
    endloop
  endfacet
  facet normal 0.831488 -0.555543 0
    outer loop
      vertex 41.786 0.547885 -18.3
      vertex 41.7206 0.45 -13.3
      vertex 41.7206 0.45 -18.3
    endloop
  endfacet
  facet normal -0.321377 0.946951 0
    outer loop
      vertex 42.8444 -0.831491 -18.3
      vertex 42.7329 -0.869332 -13.3
      vertex 42.8444 -0.831491 -13.3
    endloop
  endfacet
  facet normal -0.321377 0.946951 0
    outer loop
      vertex 42.7329 -0.869332 -13.3
      vertex 42.8444 -0.831491 -18.3
      vertex 42.7329 -0.869332 -18.3
    endloop
  endfacet
  facet normal -0.980732 -0.195358 0
    outer loop
      vertex 43.3923 0.117473 -18.3
      vertex 43.3693 0.232937 -13.3
      vertex 43.3693 0.232937 -18.3
    endloop
  endfacet
  facet normal -0.980732 -0.195358 0
    outer loop
      vertex 43.3693 0.232937 -13.3
      vertex 43.3923 0.117473 -18.3
      vertex 43.3923 0.117473 -13.3
    endloop
  endfacet
  facet normal -0.195201 -0.980763 0
    outer loop
      vertex 42.6175 0.8923 -18.3
      vertex 42.7329 0.869332 -13.3
      vertex 42.6175 0.8923 -13.3
    endloop
  endfacet
  facet normal -0.195201 -0.980763 -0
    outer loop
      vertex 42.7329 0.869332 -13.3
      vertex 42.6175 0.8923 -18.3
      vertex 42.7329 0.869332 -18.3
    endloop
  endfacet
  facet normal 0.947038 -0.321122 0
    outer loop
      vertex 41.6307 0.232937 -13.3
      vertex 41.6685 0.344415 -18.3
      vertex 41.6685 0.344415 -13.3
    endloop
  endfacet
  facet normal 0.947038 -0.321122 0
    outer loop
      vertex 41.6685 0.344415 -18.3
      vertex 41.6307 0.232937 -13.3
      vertex 41.6307 0.232937 -18.3
    endloop
  endfacet
  facet normal 0.0653917 -0.99786 0
    outer loop
      vertex 42.3825 0.8923 -18.3
      vertex 42.5 0.9 -13.3
      vertex 42.3825 0.8923 -13.3
    endloop
  endfacet
  facet normal 0.0653917 -0.99786 0
    outer loop
      vertex 42.5 0.9 -13.3
      vertex 42.3825 0.8923 -18.3
      vertex 42.5 0.9 -18.3
    endloop
  endfacet
  facet normal 0.751929 -0.659244 0
    outer loop
      vertex 41.786 0.547885 -13.3
      vertex 41.8636 0.636395 -18.3
      vertex 41.8636 0.636395 -13.3
    endloop
  endfacet
  facet normal 0.751929 -0.659244 0
    outer loop
      vertex 41.8636 0.636395 -18.3
      vertex 41.786 0.547885 -13.3
      vertex 41.786 0.547885 -18.3
    endloop
  endfacet
  facet normal -0.0653917 0.99786 0
    outer loop
      vertex 42.6175 -0.8923 -18.3
      vertex 42.5 -0.9 -13.3
      vertex 42.6175 -0.8923 -13.3
    endloop
  endfacet
  facet normal -0.0653917 0.99786 0
    outer loop
      vertex 42.5 -0.9 -13.3
      vertex 42.6175 -0.8923 -18.3
      vertex 42.5 -0.9 -18.3
    endloop
  endfacet
  facet normal 0.555513 -0.831508 0
    outer loop
      vertex 41.9521 0.714018 -18.3
      vertex 42.05 0.779423 -13.3
      vertex 41.9521 0.714018 -13.3
    endloop
  endfacet
  facet normal 0.555513 -0.831508 0
    outer loop
      vertex 42.05 0.779423 -13.3
      vertex 41.9521 0.714018 -18.3
      vertex 42.05 0.779423 -18.3
    endloop
  endfacet
  facet normal -0.659397 -0.751795 0
    outer loop
      vertex 43.0479 0.714018 -18.3
      vertex 43.1364 0.636395 -13.3
      vertex 43.0479 0.714018 -13.3
    endloop
  endfacet
  facet normal -0.659397 -0.751795 -0
    outer loop
      vertex 43.1364 0.636395 -13.3
      vertex 43.0479 0.714018 -18.3
      vertex 43.1364 0.636395 -18.3
    endloop
  endfacet
  facet normal 0.659397 0.751795 -0
    outer loop
      vertex 41.9521 -0.714018 -18.3
      vertex 41.8636 -0.636395 -13.3
      vertex 41.9521 -0.714018 -13.3
    endloop
  endfacet
  facet normal 0.659397 0.751795 0
    outer loop
      vertex 41.8636 -0.636395 -13.3
      vertex 41.9521 -0.714018 -18.3
      vertex 41.8636 -0.636395 -18.3
    endloop
  endfacet
  facet normal -0.896767 0.442502 0
    outer loop
      vertex 43.2794 -0.45 -18.3
      vertex 43.3315 -0.344415 -13.3
      vertex 43.3315 -0.344415 -18.3
    endloop
  endfacet
  facet normal -0.896767 0.442502 0
    outer loop
      vertex 43.3315 -0.344415 -13.3
      vertex 43.2794 -0.45 -18.3
      vertex 43.2794 -0.45 -13.3
    endloop
  endfacet
  facet normal 0.0653917 0.99786 -0
    outer loop
      vertex 42.5 -0.9 -18.3
      vertex 42.3825 -0.8923 -13.3
      vertex 42.5 -0.9 -13.3
    endloop
  endfacet
  facet normal 0.0653917 0.99786 0
    outer loop
      vertex 42.3825 -0.8923 -13.3
      vertex 42.5 -0.9 -18.3
      vertex 42.3825 -0.8923 -18.3
    endloop
  endfacet
  facet normal 0.997859 -0.0654066 0
    outer loop
      vertex 41.6 0 -13.3
      vertex 41.6077 0.117473 -18.3
      vertex 41.6077 0.117473 -13.3
    endloop
  endfacet
  facet normal 0.997859 -0.0654066 0
    outer loop
      vertex 41.6077 0.117473 -18.3
      vertex 41.6 0 -13.3
      vertex 41.6 0 -18.3
    endloop
  endfacet
  facet normal -0.195201 0.980763 0
    outer loop
      vertex 42.7329 -0.869332 -18.3
      vertex 42.6175 -0.8923 -13.3
      vertex 42.7329 -0.869332 -13.3
    endloop
  endfacet
  facet normal -0.195201 0.980763 0
    outer loop
      vertex 42.6175 -0.8923 -13.3
      vertex 42.7329 -0.869332 -18.3
      vertex 42.6175 -0.8923 -18.3
    endloop
  endfacet
  facet normal -0.555513 0.831508 0
    outer loop
      vertex 43.0479 -0.714018 -18.3
      vertex 42.95 -0.779423 -13.3
      vertex 43.0479 -0.714018 -13.3
    endloop
  endfacet
  facet normal -0.555513 0.831508 0
    outer loop
      vertex 42.95 -0.779423 -13.3
      vertex 43.0479 -0.714018 -18.3
      vertex 42.95 -0.779423 -18.3
    endloop
  endfacet
  facet normal -0.0653917 -0.99786 0
    outer loop
      vertex 42.5 0.9 -18.3
      vertex 42.6175 0.8923 -13.3
      vertex 42.5 0.9 -13.3
    endloop
  endfacet
  facet normal -0.0653917 -0.99786 -0
    outer loop
      vertex 42.6175 0.8923 -13.3
      vertex 42.5 0.9 -18.3
      vertex 42.6175 0.8923 -18.3
    endloop
  endfacet
  facet normal 0.896767 -0.442502 0
    outer loop
      vertex 41.6685 0.344415 -13.3
      vertex 41.7206 0.45 -18.3
      vertex 41.7206 0.45 -13.3
    endloop
  endfacet
  facet normal 0.896767 -0.442502 0
    outer loop
      vertex 41.7206 0.45 -18.3
      vertex 41.6685 0.344415 -13.3
      vertex 41.6685 0.344415 -18.3
    endloop
  endfacet
  facet normal -0.947038 0.321122 0
    outer loop
      vertex 43.3315 -0.344415 -18.3
      vertex 43.3693 -0.232937 -13.3
      vertex 43.3693 -0.232937 -18.3
    endloop
  endfacet
  facet normal -0.947038 0.321122 0
    outer loop
      vertex 43.3693 -0.232937 -13.3
      vertex 43.3315 -0.344415 -18.3
      vertex 43.3315 -0.344415 -13.3
    endloop
  endfacet
  facet normal -0.947038 -0.321122 0
    outer loop
      vertex 43.3693 0.232937 -18.3
      vertex 43.3315 0.344415 -13.3
      vertex 43.3315 0.344415 -18.3
    endloop
  endfacet
  facet normal -0.947038 -0.321122 0
    outer loop
      vertex 43.3315 0.344415 -13.3
      vertex 43.3693 0.232937 -18.3
      vertex 43.3693 0.232937 -13.3
    endloop
  endfacet
  facet normal -0.831488 0.555543 0
    outer loop
      vertex 43.214 -0.547885 -18.3
      vertex 43.2794 -0.45 -13.3
      vertex 43.2794 -0.45 -18.3
    endloop
  endfacet
  facet normal -0.831488 0.555543 0
    outer loop
      vertex 43.2794 -0.45 -13.3
      vertex 43.214 -0.547885 -18.3
      vertex 43.214 -0.547885 -13.3
    endloop
  endfacet
  facet normal 0.442233 -0.8969 0
    outer loop
      vertex 42.05 0.779423 -18.3
      vertex 42.1556 0.831491 -13.3
      vertex 42.05 0.779423 -13.3
    endloop
  endfacet
  facet normal 0.442233 -0.8969 0
    outer loop
      vertex 42.1556 0.831491 -13.3
      vertex 42.05 0.779423 -18.3
      vertex 42.1556 0.831491 -18.3
    endloop
  endfacet
  facet normal 0.321377 -0.946951 0
    outer loop
      vertex 42.1556 0.831491 -18.3
      vertex 42.2671 0.869332 -13.3
      vertex 42.1556 0.831491 -13.3
    endloop
  endfacet
  facet normal 0.321377 -0.946951 0
    outer loop
      vertex 42.2671 0.869332 -13.3
      vertex 42.1556 0.831491 -18.3
      vertex 42.2671 0.869332 -18.3
    endloop
  endfacet
  facet normal 0.659397 -0.751795 0
    outer loop
      vertex 41.8636 0.636395 -18.3
      vertex 41.9521 0.714018 -13.3
      vertex 41.8636 0.636395 -13.3
    endloop
  endfacet
  facet normal 0.659397 -0.751795 0
    outer loop
      vertex 41.9521 0.714018 -13.3
      vertex 41.8636 0.636395 -18.3
      vertex 41.9521 0.714018 -18.3
    endloop
  endfacet
  facet normal -0.896767 -0.442502 0
    outer loop
      vertex 43.3315 0.344415 -18.3
      vertex 43.2794 0.45 -13.3
      vertex 43.2794 0.45 -18.3
    endloop
  endfacet
  facet normal -0.896767 -0.442502 0
    outer loop
      vertex 43.2794 0.45 -13.3
      vertex 43.3315 0.344415 -18.3
      vertex 43.3315 0.344415 -13.3
    endloop
  endfacet
  facet normal 0.195201 0.980763 -0
    outer loop
      vertex 42.3825 -0.8923 -18.3
      vertex 42.2671 -0.869332 -13.3
      vertex 42.3825 -0.8923 -13.3
    endloop
  endfacet
  facet normal 0.195201 0.980763 0
    outer loop
      vertex 42.2671 -0.869332 -13.3
      vertex 42.3825 -0.8923 -18.3
      vertex 42.2671 -0.869332 -18.3
    endloop
  endfacet
  facet normal -0.442233 -0.8969 0
    outer loop
      vertex 42.8444 0.831491 -18.3
      vertex 42.95 0.779423 -13.3
      vertex 42.8444 0.831491 -13.3
    endloop
  endfacet
  facet normal -0.442233 -0.8969 -0
    outer loop
      vertex 42.95 0.779423 -13.3
      vertex 42.8444 0.831491 -18.3
      vertex 42.95 0.779423 -18.3
    endloop
  endfacet
  facet normal -0.831488 -0.555543 0
    outer loop
      vertex 43.2794 0.45 -18.3
      vertex 43.214 0.547885 -13.3
      vertex 43.214 0.547885 -18.3
    endloop
  endfacet
  facet normal -0.831488 -0.555543 0
    outer loop
      vertex 43.214 0.547885 -13.3
      vertex 43.2794 0.45 -18.3
      vertex 43.2794 0.45 -13.3
    endloop
  endfacet
  facet normal 0 0 -1
    outer loop
      vertex 43.3923 -0.117473 -13.3
      vertex 43.3923 0.117473 -13.3
      vertex 43.4 0 -13.3
    endloop
  endfacet
  facet normal 0 0 -1
    outer loop
      vertex 43.3693 -0.232937 -13.3
      vertex 43.3923 0.117473 -13.3
      vertex 43.3923 -0.117473 -13.3
    endloop
  endfacet
  facet normal 0 0 -1
    outer loop
      vertex 43.3693 -0.232937 -13.3
      vertex 43.3693 0.232937 -13.3
      vertex 43.3923 0.117473 -13.3
    endloop
  endfacet
  facet normal 0 0 -1
    outer loop
      vertex 43.3315 -0.344415 -13.3
      vertex 43.3693 0.232937 -13.3
      vertex 43.3693 -0.232937 -13.3
    endloop
  endfacet
  facet normal 0 0 -1
    outer loop
      vertex 43.3315 -0.344415 -13.3
      vertex 43.3315 0.344415 -13.3
      vertex 43.3693 0.232937 -13.3
    endloop
  endfacet
  facet normal 0 0 -1
    outer loop
      vertex 43.2794 -0.45 -13.3
      vertex 43.3315 0.344415 -13.3
      vertex 43.3315 -0.344415 -13.3
    endloop
  endfacet
  facet normal 0 0 -1
    outer loop
      vertex 43.2794 -0.45 -13.3
      vertex 43.2794 0.45 -13.3
      vertex 43.3315 0.344415 -13.3
    endloop
  endfacet
  facet normal 0 0 -1
    outer loop
      vertex 43.214 -0.547885 -13.3
      vertex 43.2794 0.45 -13.3
      vertex 43.2794 -0.45 -13.3
    endloop
  endfacet
  facet normal 0 0 -1
    outer loop
      vertex 43.214 -0.547885 -13.3
      vertex 43.214 0.547885 -13.3
      vertex 43.2794 0.45 -13.3
    endloop
  endfacet
  facet normal 0 0 -1
    outer loop
      vertex 43.1364 -0.636395 -13.3
      vertex 43.214 0.547885 -13.3
      vertex 43.214 -0.547885 -13.3
    endloop
  endfacet
  facet normal 0 0 -1
    outer loop
      vertex 43.1364 -0.636395 -13.3
      vertex 43.1364 0.636395 -13.3
      vertex 43.214 0.547885 -13.3
    endloop
  endfacet
  facet normal 0 0 -1
    outer loop
      vertex 43.0479 -0.714018 -13.3
      vertex 43.1364 0.636395 -13.3
      vertex 43.1364 -0.636395 -13.3
    endloop
  endfacet
  facet normal 0 0 -1
    outer loop
      vertex 43.0479 -0.714018 -13.3
      vertex 43.0479 0.714018 -13.3
      vertex 43.1364 0.636395 -13.3
    endloop
  endfacet
  facet normal 0 0 -1
    outer loop
      vertex 42.95 -0.779423 -13.3
      vertex 43.0479 0.714018 -13.3
      vertex 43.0479 -0.714018 -13.3
    endloop
  endfacet
  facet normal 0 0 -1
    outer loop
      vertex 42.95 -0.779423 -13.3
      vertex 42.95 0.779423 -13.3
      vertex 43.0479 0.714018 -13.3
    endloop
  endfacet
  facet normal 0 0 -1
    outer loop
      vertex 42.8444 -0.831491 -13.3
      vertex 42.95 0.779423 -13.3
      vertex 42.95 -0.779423 -13.3
    endloop
  endfacet
  facet normal 0 0 -1
    outer loop
      vertex 42.8444 -0.831491 -13.3
      vertex 42.8444 0.831491 -13.3
      vertex 42.95 0.779423 -13.3
    endloop
  endfacet
  facet normal 0 0 -1
    outer loop
      vertex 42.7329 -0.869332 -13.3
      vertex 42.8444 0.831491 -13.3
      vertex 42.8444 -0.831491 -13.3
    endloop
  endfacet
  facet normal 0 0 -1
    outer loop
      vertex 42.7329 -0.869332 -13.3
      vertex 42.7329 0.869332 -13.3
      vertex 42.8444 0.831491 -13.3
    endloop
  endfacet
  facet normal 0 0 -1
    outer loop
      vertex 42.6175 -0.8923 -13.3
      vertex 42.7329 0.869332 -13.3
      vertex 42.7329 -0.869332 -13.3
    endloop
  endfacet
  facet normal 0 0 -1
    outer loop
      vertex 42.6175 -0.8923 -13.3
      vertex 42.6175 0.8923 -13.3
      vertex 42.7329 0.869332 -13.3
    endloop
  endfacet
  facet normal 0 0 -1
    outer loop
      vertex 42.5 -0.9 -13.3
      vertex 42.6175 0.8923 -13.3
      vertex 42.6175 -0.8923 -13.3
    endloop
  endfacet
  facet normal 0 0 -1
    outer loop
      vertex 42.5 -0.9 -13.3
      vertex 42.5 0.9 -13.3
      vertex 42.6175 0.8923 -13.3
    endloop
  endfacet
  facet normal 0 0 -1
    outer loop
      vertex 42.3825 -0.8923 -13.3
      vertex 42.5 0.9 -13.3
      vertex 42.5 -0.9 -13.3
    endloop
  endfacet
  facet normal 0 0 -1
    outer loop
      vertex 42.3825 -0.8923 -13.3
      vertex 42.3825 0.8923 -13.3
      vertex 42.5 0.9 -13.3
    endloop
  endfacet
  facet normal 0 0 -1
    outer loop
      vertex 42.2671 -0.869332 -13.3
      vertex 42.3825 0.8923 -13.3
      vertex 42.3825 -0.8923 -13.3
    endloop
  endfacet
  facet normal 0 0 -1
    outer loop
      vertex 42.2671 -0.869332 -13.3
      vertex 42.2671 0.869332 -13.3
      vertex 42.3825 0.8923 -13.3
    endloop
  endfacet
  facet normal 0 0 -1
    outer loop
      vertex 42.1556 -0.831491 -13.3
      vertex 42.2671 0.869332 -13.3
      vertex 42.2671 -0.869332 -13.3
    endloop
  endfacet
  facet normal 0 0 -1
    outer loop
      vertex 42.1556 -0.831491 -13.3
      vertex 42.1556 0.831491 -13.3
      vertex 42.2671 0.869332 -13.3
    endloop
  endfacet
  facet normal 0 0 -1
    outer loop
      vertex 42.05 -0.779423 -13.3
      vertex 42.1556 0.831491 -13.3
      vertex 42.1556 -0.831491 -13.3
    endloop
  endfacet
  facet normal 0 0 -1
    outer loop
      vertex 42.05 -0.779423 -13.3
      vertex 42.05 0.779423 -13.3
      vertex 42.1556 0.831491 -13.3
    endloop
  endfacet
  facet normal 0 0 -1
    outer loop
      vertex 41.9521 -0.714018 -13.3
      vertex 42.05 0.779423 -13.3
      vertex 42.05 -0.779423 -13.3
    endloop
  endfacet
  facet normal 0 0 -1
    outer loop
      vertex 41.9521 -0.714018 -13.3
      vertex 41.9521 0.714018 -13.3
      vertex 42.05 0.779423 -13.3
    endloop
  endfacet
  facet normal 0 0 -1
    outer loop
      vertex 41.8636 -0.636395 -13.3
      vertex 41.9521 0.714018 -13.3
      vertex 41.9521 -0.714018 -13.3
    endloop
  endfacet
  facet normal 0 0 -1
    outer loop
      vertex 41.8636 -0.636395 -13.3
      vertex 41.8636 0.636395 -13.3
      vertex 41.9521 0.714018 -13.3
    endloop
  endfacet
  facet normal 0 0 -1
    outer loop
      vertex 41.786 -0.547885 -13.3
      vertex 41.8636 0.636395 -13.3
      vertex 41.8636 -0.636395 -13.3
    endloop
  endfacet
  facet normal 0 0 -1
    outer loop
      vertex 41.786 -0.547885 -13.3
      vertex 41.786 0.547885 -13.3
      vertex 41.8636 0.636395 -13.3
    endloop
  endfacet
  facet normal 0 0 -1
    outer loop
      vertex 41.7206 -0.45 -13.3
      vertex 41.786 0.547885 -13.3
      vertex 41.786 -0.547885 -13.3
    endloop
  endfacet
  facet normal 0 0 -1
    outer loop
      vertex 41.7206 -0.45 -13.3
      vertex 41.7206 0.45 -13.3
      vertex 41.786 0.547885 -13.3
    endloop
  endfacet
  facet normal 0 0 -1
    outer loop
      vertex 41.6685 -0.344415 -13.3
      vertex 41.7206 0.45 -13.3
      vertex 41.7206 -0.45 -13.3
    endloop
  endfacet
  facet normal 0 0 -1
    outer loop
      vertex 41.6685 -0.344415 -13.3
      vertex 41.6685 0.344415 -13.3
      vertex 41.7206 0.45 -13.3
    endloop
  endfacet
  facet normal 0 0 -1
    outer loop
      vertex 41.6307 -0.232937 -13.3
      vertex 41.6685 0.344415 -13.3
      vertex 41.6685 -0.344415 -13.3
    endloop
  endfacet
  facet normal 0 0 -1
    outer loop
      vertex 41.6307 -0.232937 -13.3
      vertex 41.6307 0.232937 -13.3
      vertex 41.6685 0.344415 -13.3
    endloop
  endfacet
  facet normal 0 0 -1
    outer loop
      vertex 41.6077 -0.117473 -13.3
      vertex 41.6307 0.232937 -13.3
      vertex 41.6307 -0.232937 -13.3
    endloop
  endfacet
  facet normal 0 0 -1
    outer loop
      vertex 41.6077 -0.117473 -13.3
      vertex 41.6077 0.117473 -13.3
      vertex 41.6307 0.232937 -13.3
    endloop
  endfacet
  facet normal 0 -0 -1
    outer loop
      vertex 41.6077 0.117473 -13.3
      vertex 41.6077 -0.117473 -13.3
      vertex 41.6 0 -13.3
    endloop
  endfacet
  facet normal 1 0 0
    outer loop
      vertex 44.7 6.4 -13.8
      vertex 44.7 4 -18.3
      vertex 44.7 6.4 -18.4
    endloop
  endfacet
  facet normal 1 0 0
    outer loop
      vertex 44.7 6.4 -13.8
      vertex 44.7 -4 -18.3
      vertex 44.7 4 -18.3
    endloop
  endfacet
  facet normal 1 -0 0
    outer loop
      vertex 44.7 -6.4 -13.8
      vertex 44.7 -4 -18.3
      vertex 44.7 6.4 -13.8
    endloop
  endfacet
  facet normal 1 0 0
    outer loop
      vertex 44.7 -6.4 -18.4
      vertex 44.7 -4 -18.3
      vertex 44.7 -6.4 -13.8
    endloop
  endfacet
  facet normal 1 0 0
    outer loop
      vertex 44.7 -4 -18.3
      vertex 44.7 -6.4 -18.4
      vertex 44.7 -4 -18.4
    endloop
  endfacet
  facet normal 1 0 0
    outer loop
      vertex 44.7 6.4 -18.4
      vertex 44.7 4 -18.3
      vertex 44.7 4 -18.4
    endloop
  endfacet
  facet normal 0 0 -1
    outer loop
      vertex 68.1 -6.4 -13.8
      vertex 68.0052 -2.48744 -13.8
      vertex 68.1 -2.20822 -13.8
    endloop
  endfacet
  facet normal 0 0 -1
    outer loop
      vertex 68.1 -6.4 -13.8
      vertex 67.6292 -3.25 -13.8
      vertex 68.0052 -2.48744 -13.8
    endloop
  endfacet
  facet normal 0 0 -1
    outer loop
      vertex 68.1 -6.4 -13.8
      vertex 67.1568 -3.95695 -13.8
      vertex 67.6292 -3.25 -13.8
    endloop
  endfacet
  facet normal 0 0 -1
    outer loop
      vertex 68.1 -6.4 -13.8
      vertex 66.5962 -4.59619 -13.8
      vertex 67.1568 -3.95695 -13.8
    endloop
  endfacet
  facet normal 0 0 -1
    outer loop
      vertex 68.1 -6.4 -13.8
      vertex 65.9569 -5.1568 -13.8
      vertex 66.5962 -4.59619 -13.8
    endloop
  endfacet
  facet normal 0 0 -1
    outer loop
      vertex 68.1 -6.4 -13.8
      vertex 65.25 -5.62916 -13.8
      vertex 65.9569 -5.1568 -13.8
    endloop
  endfacet
  facet normal 0 0 -1
    outer loop
      vertex 68.1 -6.4 -13.8
      vertex 64.4874 -6.00522 -13.8
      vertex 65.25 -5.62916 -13.8
    endloop
  endfacet
  facet normal 0 0 -1
    outer loop
      vertex 68.1 -6.4 -13.8
      vertex 63.6823 -6.27852 -13.8
      vertex 64.4874 -6.00522 -13.8
    endloop
  endfacet
  facet normal 0 -0 -1
    outer loop
      vertex 63.6823 -6.27852 -13.8
      vertex 68.1 -6.4 -13.8
      vertex 63.0716 -6.4 -13.8
    endloop
  endfacet
  facet normal -0 0 -1
    outer loop
      vertex 55.5556 -0.84842 -13.8
      vertex 44.7 -6.4 -13.8
      vertex 55.5 0 -13.8
    endloop
  endfacet
  facet normal -0 0 -1
    outer loop
      vertex 55.7215 -1.68232 -13.8
      vertex 44.7 -6.4 -13.8
      vertex 55.5556 -0.84842 -13.8
    endloop
  endfacet
  facet normal -0 0 -1
    outer loop
      vertex 55.9948 -2.48744 -13.8
      vertex 44.7 -6.4 -13.8
      vertex 55.7215 -1.68232 -13.8
    endloop
  endfacet
  facet normal -0 0 -1
    outer loop
      vertex 56.3708 -3.25 -13.8
      vertex 44.7 -6.4 -13.8
      vertex 55.9948 -2.48744 -13.8
    endloop
  endfacet
  facet normal -0 0 -1
    outer loop
      vertex 56.8432 -3.95695 -13.8
      vertex 44.7 -6.4 -13.8
      vertex 56.3708 -3.25 -13.8
    endloop
  endfacet
  facet normal -0 0 -1
    outer loop
      vertex 57.4038 -4.59619 -13.8
      vertex 44.7 -6.4 -13.8
      vertex 56.8432 -3.95695 -13.8
    endloop
  endfacet
  facet normal -0 0 -1
    outer loop
      vertex 58.0431 -5.1568 -13.8
      vertex 44.7 -6.4 -13.8
      vertex 57.4038 -4.59619 -13.8
    endloop
  endfacet
  facet normal -0 0 -1
    outer loop
      vertex 58.75 -5.62916 -13.8
      vertex 44.7 -6.4 -13.8
      vertex 58.0431 -5.1568 -13.8
    endloop
  endfacet
  facet normal -0 0 -1
    outer loop
      vertex 59.5126 -6.00522 -13.8
      vertex 44.7 -6.4 -13.8
      vertex 58.75 -5.62916 -13.8
    endloop
  endfacet
  facet normal -0 0 -1
    outer loop
      vertex 60.3177 -6.27852 -13.8
      vertex 44.7 -6.4 -13.8
      vertex 59.5126 -6.00522 -13.8
    endloop
  endfacet
  facet normal 0 0 -1
    outer loop
      vertex 44.7 -6.4 -13.8
      vertex 60.3177 -6.27852 -13.8
      vertex 60.9284 -6.4 -13.8
    endloop
  endfacet
  facet normal 0 0 -1
    outer loop
      vertex 44.7 6.4 -13.8
      vertex 55.5 0 -13.8
      vertex 44.7 -6.4 -13.8
    endloop
  endfacet
  facet normal 0 0 -1
    outer loop
      vertex 55.5 0 -13.8
      vertex 44.7 6.4 -13.8
      vertex 55.5556 0.84842 -13.8
    endloop
  endfacet
  facet normal 0 0 -1
    outer loop
      vertex 55.5556 0.84842 -13.8
      vertex 44.7 6.4 -13.8
      vertex 55.7215 1.68232 -13.8
    endloop
  endfacet
  facet normal 0 0 -1
    outer loop
      vertex 55.7215 1.68232 -13.8
      vertex 44.7 6.4 -13.8
      vertex 55.9948 2.48744 -13.8
    endloop
  endfacet
  facet normal 0 0 -1
    outer loop
      vertex 55.9948 2.48744 -13.8
      vertex 44.7 6.4 -13.8
      vertex 56.3708 3.25 -13.8
    endloop
  endfacet
  facet normal 0 0 -1
    outer loop
      vertex 56.3708 3.25 -13.8
      vertex 44.7 6.4 -13.8
      vertex 56.8432 3.95695 -13.8
    endloop
  endfacet
  facet normal 0 0 -1
    outer loop
      vertex 56.8432 3.95695 -13.8
      vertex 44.7 6.4 -13.8
      vertex 57.4038 4.59619 -13.8
    endloop
  endfacet
  facet normal 0 0 -1
    outer loop
      vertex 60.3177 6.27852 -13.8
      vertex 44.7 6.4 -13.8
      vertex 60.9284 6.4 -13.8
    endloop
  endfacet
  facet normal 0 0 -1
    outer loop
      vertex 59.5126 6.00522 -13.8
      vertex 44.7 6.4 -13.8
      vertex 60.3177 6.27852 -13.8
    endloop
  endfacet
  facet normal 0 0 -1
    outer loop
      vertex 58.75 5.62916 -13.8
      vertex 44.7 6.4 -13.8
      vertex 59.5126 6.00522 -13.8
    endloop
  endfacet
  facet normal 0 0 -1
    outer loop
      vertex 58.0431 5.1568 -13.8
      vertex 44.7 6.4 -13.8
      vertex 58.75 5.62916 -13.8
    endloop
  endfacet
  facet normal 0 0 -1
    outer loop
      vertex 57.4038 4.59619 -13.8
      vertex 44.7 6.4 -13.8
      vertex 58.0431 5.1568 -13.8
    endloop
  endfacet
  facet normal 0 0 -1
    outer loop
      vertex 68.0052 2.48744 -13.8
      vertex 68.1 6.4 -13.8
      vertex 68.1 2.20822 -13.8
    endloop
  endfacet
  facet normal 0 0 -1
    outer loop
      vertex 67.6292 3.25 -13.8
      vertex 68.1 6.4 -13.8
      vertex 68.0052 2.48744 -13.8
    endloop
  endfacet
  facet normal 0 0 -1
    outer loop
      vertex 67.1568 3.95695 -13.8
      vertex 68.1 6.4 -13.8
      vertex 67.6292 3.25 -13.8
    endloop
  endfacet
  facet normal 0 0 -1
    outer loop
      vertex 66.5962 4.59619 -13.8
      vertex 68.1 6.4 -13.8
      vertex 67.1568 3.95695 -13.8
    endloop
  endfacet
  facet normal 0 0 -1
    outer loop
      vertex 65.9569 5.1568 -13.8
      vertex 68.1 6.4 -13.8
      vertex 66.5962 4.59619 -13.8
    endloop
  endfacet
  facet normal 0 0 -1
    outer loop
      vertex 65.25 5.62916 -13.8
      vertex 68.1 6.4 -13.8
      vertex 65.9569 5.1568 -13.8
    endloop
  endfacet
  facet normal 0 0 -1
    outer loop
      vertex 64.4874 6.00522 -13.8
      vertex 68.1 6.4 -13.8
      vertex 65.25 5.62916 -13.8
    endloop
  endfacet
  facet normal 0 0 -1
    outer loop
      vertex 63.6823 6.27852 -13.8
      vertex 68.1 6.4 -13.8
      vertex 64.4874 6.00522 -13.8
    endloop
  endfacet
  facet normal -0 0 -1
    outer loop
      vertex 68.1 6.4 -13.8
      vertex 63.6823 6.27852 -13.8
      vertex 63.0716 6.4 -13.8
    endloop
  endfacet
  facet normal -1 0 0
    outer loop
      vertex 68.1 -6.4 -18.4
      vertex 68.1 -2.20822 -13.8
      vertex 68.1 -2.20822 -18.4
    endloop
  endfacet
  facet normal -1 -0 0
    outer loop
      vertex 68.1 -2.20822 -13.8
      vertex 68.1 -6.4 -18.4
      vertex 68.1 -6.4 -13.8
    endloop
  endfacet
  facet normal -1 0 0
    outer loop
      vertex 68.1 2.20822 -18.4
      vertex 68.1 6.4 -13.8
      vertex 68.1 6.4 -18.4
    endloop
  endfacet
  facet normal -1 -0 0
    outer loop
      vertex 68.1 6.4 -13.8
      vertex 68.1 2.20822 -18.4
      vertex 68.1 2.20822 -13.8
    endloop
  endfacet
  facet normal 0 1 -0
    outer loop
      vertex 68.1 -6.4 -18.4
      vertex 63.0716 -6.4 -13.8
      vertex 68.1 -6.4 -13.8
    endloop
  endfacet
  facet normal 0 1 0
    outer loop
      vertex 63.0716 -6.4 -13.8
      vertex 68.1 -6.4 -18.4
      vertex 63.0716 -6.4 -18.4
    endloop
  endfacet
  facet normal 0 1 -0
    outer loop
      vertex 60.9284 -6.4 -18.4
      vertex 44.7 -6.4 -13.8
      vertex 60.9284 -6.4 -13.8
    endloop
  endfacet
  facet normal 0 1 0
    outer loop
      vertex 44.7 -6.4 -13.8
      vertex 60.9284 -6.4 -18.4
      vertex 44.7 -6.4 -18.4
    endloop
  endfacet
  facet normal 0 -1 0
    outer loop
      vertex 63.0716 6.4 -18.4
      vertex 68.1 6.4 -13.8
      vertex 63.0716 6.4 -13.8
    endloop
  endfacet
  facet normal 0 -1 -0
    outer loop
      vertex 68.1 6.4 -13.8
      vertex 63.0716 6.4 -18.4
      vertex 68.1 6.4 -18.4
    endloop
  endfacet
  facet normal 0 -1 0
    outer loop
      vertex 44.7 6.4 -18.4
      vertex 60.9284 6.4 -13.8
      vertex 44.7 6.4 -13.8
    endloop
  endfacet
  facet normal 0 -1 -0
    outer loop
      vertex 60.9284 6.4 -13.8
      vertex 44.7 6.4 -18.4
      vertex 60.9284 6.4 -18.4
    endloop
  endfacet
  facet normal 0.980779 0.195121 0
    outer loop
      vertex 55.7215 -1.68232 -12.41
      vertex 55.5556 -0.84842 -13.8
      vertex 55.5556 -0.84842 -12.41
    endloop
  endfacet
  facet normal 0.980779 0.195121 0
    outer loop
      vertex 55.5556 -0.84842 -13.8
      vertex 55.7215 -1.68232 -12.41
      vertex 55.7215 -1.68232 -13.8
    endloop
  endfacet
  facet normal 0.99786 0.0653933 0
    outer loop
      vertex 55.5556 -0.84842 -12.41
      vertex 55.5 0 -13.8
      vertex 55.5 0 -12.41
    endloop
  endfacet
  facet normal 0.99786 0.0653933 0
    outer loop
      vertex 55.5 0 -13.8
      vertex 55.5556 -0.84842 -12.41
      vertex 55.5556 -0.84842 -13.8
    endloop
  endfacet
  facet normal 0.321445 0.946928 -0
    outer loop
      vertex 60.3177 -6.27852 -13.8
      vertex 59.5126 -6.00522 -12.41
      vertex 60.3177 -6.27852 -12.41
    endloop
  endfacet
  facet normal 0.321445 0.946928 0
    outer loop
      vertex 59.5126 -6.00522 -12.41
      vertex 60.3177 -6.27852 -13.8
      vertex 59.5126 -6.00522 -13.8
    endloop
  endfacet
  facet normal 0.55559 -0.831456 0
    outer loop
      vertex 58.0431 5.1568 -13.8
      vertex 58.75 5.62916 -12.41
      vertex 58.0431 5.1568 -12.41
    endloop
  endfacet
  facet normal 0.55559 -0.831456 0
    outer loop
      vertex 58.75 5.62916 -12.41
      vertex 58.0431 5.1568 -13.8
      vertex 58.75 5.62916 -13.8
    endloop
  endfacet
  facet normal 0.659319 0.751864 -0
    outer loop
      vertex 58.0431 -5.1568 -13.8
      vertex 57.4038 -4.59619 -12.41
      vertex 58.0431 -5.1568 -12.41
    endloop
  endfacet
  facet normal 0.659319 0.751864 0
    outer loop
      vertex 57.4038 -4.59619 -12.41
      vertex 58.0431 -5.1568 -13.8
      vertex 57.4038 -4.59619 -13.8
    endloop
  endfacet
  facet normal -0.195087 -0.980786 -4.53788e-06
    outer loop
      vertex 62.8484 6.44439 -12.41
      vertex 63.0716 6.4 -13.8
      vertex 63.6823 6.27852 -12.41
    endloop
  endfacet
  facet normal -0.19506 -0.980791 0
    outer loop
      vertex 62.8484 6.44439 -18.4
      vertex 63.0716 6.4 -13.8
      vertex 62.8484 6.44439 -12.41
    endloop
  endfacet
  facet normal -0.19506 -0.980791 -0
    outer loop
      vertex 63.0716 6.4 -13.8
      vertex 62.8484 6.44439 -18.4
      vertex 63.0716 6.4 -18.4
    endloop
  endfacet
  facet normal -0.195097 -0.980784 -0
    outer loop
      vertex 63.6823 6.27852 -12.41
      vertex 63.0716 6.4 -13.8
      vertex 63.6823 6.27852 -13.8
    endloop
  endfacet
  facet normal 0.751839 -0.659347 0
    outer loop
      vertex 56.8432 3.95695 -12.41
      vertex 57.4038 4.59619 -13.8
      vertex 57.4038 4.59619 -12.41
    endloop
  endfacet
  facet normal 0.751839 -0.659347 0
    outer loop
      vertex 57.4038 4.59619 -13.8
      vertex 56.8432 3.95695 -12.41
      vertex 56.8432 3.95695 -13.8
    endloop
  endfacet
  facet normal -0.946941 0.321409 0
    outer loop
      vertex 68.1 -2.20822 -13.8
      vertex 68.2785 -1.68232 -18.4
      vertex 68.1 -2.20822 -18.4
    endloop
  endfacet
  facet normal -0.946941 0.321409 0
    outer loop
      vertex 68.2785 -1.68232 -18.4
      vertex 68.1 -2.20822 -13.8
      vertex 68.2785 -1.68232 -12.41
    endloop
  endfacet
  facet normal -0.946912 0.321493 0
    outer loop
      vertex 68.0052 -2.48744 -12.41
      vertex 68.1 -2.20822 -13.8
      vertex 68.0052 -2.48744 -13.8
    endloop
  endfacet
  facet normal -0.946931 0.321438 -1.23114e-05
    outer loop
      vertex 68.1 -2.20822 -13.8
      vertex 68.0052 -2.48744 -12.41
      vertex 68.2785 -1.68232 -12.41
    endloop
  endfacet
  facet normal 0.0654066 0.997859 -0
    outer loop
      vertex 62 -6.5 -18.4
      vertex 61.1516 -6.44439 -12.41
      vertex 62 -6.5 -12.41
    endloop
  endfacet
  facet normal 0.0654066 0.997859 0
    outer loop
      vertex 61.1516 -6.44439 -12.41
      vertex 62 -6.5 -18.4
      vertex 61.1516 -6.44439 -18.4
    endloop
  endfacet
  facet normal -0.321445 0.946928 0
    outer loop
      vertex 64.4874 -6.00522 -13.8
      vertex 63.6823 -6.27852 -12.41
      vertex 64.4874 -6.00522 -12.41
    endloop
  endfacet
  facet normal -0.321445 0.946928 0
    outer loop
      vertex 63.6823 -6.27852 -12.41
      vertex 64.4874 -6.00522 -13.8
      vertex 63.6823 -6.27852 -13.8
    endloop
  endfacet
  facet normal -0.99786 -0.0653933 0
    outer loop
      vertex 68.5 0 -18.4
      vertex 68.4444 0.84842 -12.41
      vertex 68.4444 0.84842 -18.4
    endloop
  endfacet
  facet normal -0.99786 -0.0653933 0
    outer loop
      vertex 68.4444 0.84842 -12.41
      vertex 68.5 0 -18.4
      vertex 68.5 0 -12.41
    endloop
  endfacet
  facet normal -0.0654066 -0.997859 0
    outer loop
      vertex 62 6.5 -18.4
      vertex 62.8484 6.44439 -12.41
      vertex 62 6.5 -12.41
    endloop
  endfacet
  facet normal -0.0654066 -0.997859 -0
    outer loop
      vertex 62.8484 6.44439 -12.41
      vertex 62 6.5 -18.4
      vertex 62.8484 6.44439 -18.4
    endloop
  endfacet
  facet normal 0.99786 -0.0653933 0
    outer loop
      vertex 55.5 0 -12.41
      vertex 55.5556 0.84842 -13.8
      vertex 55.5556 0.84842 -12.41
    endloop
  endfacet
  facet normal 0.99786 -0.0653933 0
    outer loop
      vertex 55.5556 0.84842 -13.8
      vertex 55.5 0 -12.41
      vertex 55.5 0 -13.8
    endloop
  endfacet
  facet normal 0.751839 0.659347 0
    outer loop
      vertex 57.4038 -4.59619 -12.41
      vertex 56.8432 -3.95695 -13.8
      vertex 56.8432 -3.95695 -12.41
    endloop
  endfacet
  facet normal 0.751839 0.659347 0
    outer loop
      vertex 56.8432 -3.95695 -13.8
      vertex 57.4038 -4.59619 -12.41
      vertex 57.4038 -4.59619 -13.8
    endloop
  endfacet
  facet normal -0.946941 -0.321409 0
    outer loop
      vertex 68.1 2.20822 -18.4
      vertex 68.2785 1.68232 -18.4
      vertex 68.1 2.20822 -13.8
    endloop
  endfacet
  facet normal -0.946912 -0.321493 0
    outer loop
      vertex 68.1 2.20822 -13.8
      vertex 68.0052 2.48744 -12.41
      vertex 68.0052 2.48744 -13.8
    endloop
  endfacet
  facet normal -0.946931 -0.321438 -1.23114e-05
    outer loop
      vertex 68.1 2.20822 -13.8
      vertex 68.2785 1.68232 -12.41
      vertex 68.0052 2.48744 -12.41
    endloop
  endfacet
  facet normal -0.946941 -0.321409 -0
    outer loop
      vertex 68.2785 1.68232 -12.41
      vertex 68.1 2.20822 -13.8
      vertex 68.2785 1.68232 -18.4
    endloop
  endfacet
  facet normal -0.980779 -0.195121 0
    outer loop
      vertex 68.4444 0.84842 -18.4
      vertex 68.2785 1.68232 -12.41
      vertex 68.2785 1.68232 -18.4
    endloop
  endfacet
  facet normal -0.980779 -0.195121 0
    outer loop
      vertex 68.2785 1.68232 -12.41
      vertex 68.4444 0.84842 -18.4
      vertex 68.4444 0.84842 -12.41
    endloop
  endfacet
  facet normal -0.896897 -0.442239 0
    outer loop
      vertex 68.0052 2.48744 -13.8
      vertex 67.6292 3.25 -12.41
      vertex 67.6292 3.25 -13.8
    endloop
  endfacet
  facet normal -0.896897 -0.442239 0
    outer loop
      vertex 67.6292 3.25 -12.41
      vertex 68.0052 2.48744 -13.8
      vertex 68.0052 2.48744 -12.41
    endloop
  endfacet
  facet normal 0.195087 0.980786 -4.53788e-06
    outer loop
      vertex 61.1516 -6.44439 -12.41
      vertex 60.9284 -6.4 -13.8
      vertex 60.3177 -6.27852 -12.41
    endloop
  endfacet
  facet normal 0.19506 0.980791 -0
    outer loop
      vertex 61.1516 -6.44439 -18.4
      vertex 60.9284 -6.4 -13.8
      vertex 61.1516 -6.44439 -12.41
    endloop
  endfacet
  facet normal 0.19506 0.980791 0
    outer loop
      vertex 60.9284 -6.4 -13.8
      vertex 61.1516 -6.44439 -18.4
      vertex 60.9284 -6.4 -18.4
    endloop
  endfacet
  facet normal 0.195097 0.980784 0
    outer loop
      vertex 60.3177 -6.27852 -12.41
      vertex 60.9284 -6.4 -13.8
      vertex 60.3177 -6.27852 -13.8
    endloop
  endfacet
  facet normal -0.751839 -0.659347 0
    outer loop
      vertex 67.1568 3.95695 -13.8
      vertex 66.5962 4.59619 -12.41
      vertex 66.5962 4.59619 -13.8
    endloop
  endfacet
  facet normal -0.751839 -0.659347 0
    outer loop
      vertex 66.5962 4.59619 -12.41
      vertex 67.1568 3.95695 -13.8
      vertex 67.1568 3.95695 -12.41
    endloop
  endfacet
  facet normal -0.659319 0.751864 0
    outer loop
      vertex 66.5962 -4.59619 -13.8
      vertex 65.9569 -5.1568 -12.41
      vertex 66.5962 -4.59619 -12.41
    endloop
  endfacet
  facet normal -0.659319 0.751864 0
    outer loop
      vertex 65.9569 -5.1568 -12.41
      vertex 66.5962 -4.59619 -13.8
      vertex 65.9569 -5.1568 -13.8
    endloop
  endfacet
  facet normal -0.896897 0.442239 0
    outer loop
      vertex 67.6292 -3.25 -13.8
      vertex 68.0052 -2.48744 -12.41
      vertex 68.0052 -2.48744 -13.8
    endloop
  endfacet
  facet normal -0.896897 0.442239 0
    outer loop
      vertex 68.0052 -2.48744 -12.41
      vertex 67.6292 -3.25 -13.8
      vertex 67.6292 -3.25 -12.41
    endloop
  endfacet
  facet normal 0.831453 -0.555596 0
    outer loop
      vertex 56.3708 3.25 -12.41
      vertex 56.8432 3.95695 -13.8
      vertex 56.8432 3.95695 -12.41
    endloop
  endfacet
  facet normal 0.831453 -0.555596 0
    outer loop
      vertex 56.8432 3.95695 -13.8
      vertex 56.3708 3.25 -12.41
      vertex 56.3708 3.25 -13.8
    endloop
  endfacet
  facet normal 0.831453 0.555596 0
    outer loop
      vertex 56.8432 -3.95695 -12.41
      vertex 56.3708 -3.25 -13.8
      vertex 56.3708 -3.25 -12.41
    endloop
  endfacet
  facet normal 0.831453 0.555596 0
    outer loop
      vertex 56.3708 -3.25 -13.8
      vertex 56.8432 -3.95695 -12.41
      vertex 56.8432 -3.95695 -13.8
    endloop
  endfacet
  facet normal -0.751839 0.659347 0
    outer loop
      vertex 66.5962 -4.59619 -13.8
      vertex 67.1568 -3.95695 -12.41
      vertex 67.1568 -3.95695 -13.8
    endloop
  endfacet
  facet normal -0.751839 0.659347 0
    outer loop
      vertex 67.1568 -3.95695 -12.41
      vertex 66.5962 -4.59619 -13.8
      vertex 66.5962 -4.59619 -12.41
    endloop
  endfacet
  facet normal 0.659319 -0.751864 0
    outer loop
      vertex 57.4038 4.59619 -13.8
      vertex 58.0431 5.1568 -12.41
      vertex 57.4038 4.59619 -12.41
    endloop
  endfacet
  facet normal 0.659319 -0.751864 0
    outer loop
      vertex 58.0431 5.1568 -12.41
      vertex 57.4038 4.59619 -13.8
      vertex 58.0431 5.1568 -13.8
    endloop
  endfacet
  facet normal -0.831453 -0.555596 0
    outer loop
      vertex 67.6292 3.25 -13.8
      vertex 67.1568 3.95695 -12.41
      vertex 67.1568 3.95695 -13.8
    endloop
  endfacet
  facet normal -0.831453 -0.555596 0
    outer loop
      vertex 67.1568 3.95695 -12.41
      vertex 67.6292 3.25 -13.8
      vertex 67.6292 3.25 -12.41
    endloop
  endfacet
  facet normal -0.195097 0.980784 0
    outer loop
      vertex 63.0716 -6.4 -13.8
      vertex 63.6823 -6.27852 -12.41
      vertex 63.6823 -6.27852 -13.8
    endloop
  endfacet
  facet normal -0.195087 0.980786 -4.53788e-06
    outer loop
      vertex 63.6823 -6.27852 -12.41
      vertex 63.0716 -6.4 -13.8
      vertex 62.8484 -6.44439 -12.41
    endloop
  endfacet
  facet normal -0.19506 0.980791 0
    outer loop
      vertex 62.8484 -6.44439 -18.4
      vertex 63.0716 -6.4 -13.8
      vertex 63.0716 -6.4 -18.4
    endloop
  endfacet
  facet normal -0.19506 0.980791 0
    outer loop
      vertex 63.0716 -6.4 -13.8
      vertex 62.8484 -6.44439 -18.4
      vertex 62.8484 -6.44439 -12.41
    endloop
  endfacet
  facet normal 0.946931 -0.321438 0
    outer loop
      vertex 55.7215 1.68232 -12.41
      vertex 55.9948 2.48744 -13.8
      vertex 55.9948 2.48744 -12.41
    endloop
  endfacet
  facet normal 0.946931 -0.321438 0
    outer loop
      vertex 55.9948 2.48744 -13.8
      vertex 55.7215 1.68232 -12.41
      vertex 55.7215 1.68232 -13.8
    endloop
  endfacet
  facet normal 0.442277 0.896879 -0
    outer loop
      vertex 59.5126 -6.00522 -13.8
      vertex 58.75 -5.62916 -12.41
      vertex 59.5126 -6.00522 -12.41
    endloop
  endfacet
  facet normal 0.442277 0.896879 0
    outer loop
      vertex 58.75 -5.62916 -12.41
      vertex 59.5126 -6.00522 -13.8
      vertex 58.75 -5.62916 -13.8
    endloop
  endfacet
  facet normal -0.0654066 0.997859 0
    outer loop
      vertex 62.8484 -6.44439 -18.4
      vertex 62 -6.5 -12.41
      vertex 62.8484 -6.44439 -12.41
    endloop
  endfacet
  facet normal -0.0654066 0.997859 0
    outer loop
      vertex 62 -6.5 -12.41
      vertex 62.8484 -6.44439 -18.4
      vertex 62 -6.5 -18.4
    endloop
  endfacet
  facet normal 0.0654066 -0.997859 0
    outer loop
      vertex 61.1516 6.44439 -18.4
      vertex 62 6.5 -12.41
      vertex 61.1516 6.44439 -12.41
    endloop
  endfacet
  facet normal 0.0654066 -0.997859 0
    outer loop
      vertex 62 6.5 -12.41
      vertex 61.1516 6.44439 -18.4
      vertex 62 6.5 -18.4
    endloop
  endfacet
  facet normal 0.55559 0.831456 -0
    outer loop
      vertex 58.75 -5.62916 -13.8
      vertex 58.0431 -5.1568 -12.41
      vertex 58.75 -5.62916 -12.41
    endloop
  endfacet
  facet normal 0.55559 0.831456 0
    outer loop
      vertex 58.0431 -5.1568 -12.41
      vertex 58.75 -5.62916 -13.8
      vertex 58.0431 -5.1568 -13.8
    endloop
  endfacet
  facet normal -0.659319 -0.751864 0
    outer loop
      vertex 65.9569 5.1568 -13.8
      vertex 66.5962 4.59619 -12.41
      vertex 65.9569 5.1568 -12.41
    endloop
  endfacet
  facet normal -0.659319 -0.751864 -0
    outer loop
      vertex 66.5962 4.59619 -12.41
      vertex 65.9569 5.1568 -13.8
      vertex 66.5962 4.59619 -13.8
    endloop
  endfacet
  facet normal -0.980779 0.195121 0
    outer loop
      vertex 68.2785 -1.68232 -18.4
      vertex 68.4444 -0.84842 -12.41
      vertex 68.4444 -0.84842 -18.4
    endloop
  endfacet
  facet normal -0.980779 0.195121 0
    outer loop
      vertex 68.4444 -0.84842 -12.41
      vertex 68.2785 -1.68232 -18.4
      vertex 68.2785 -1.68232 -12.41
    endloop
  endfacet
  facet normal 0.896897 0.442239 0
    outer loop
      vertex 56.3708 -3.25 -12.41
      vertex 55.9948 -2.48744 -13.8
      vertex 55.9948 -2.48744 -12.41
    endloop
  endfacet
  facet normal 0.896897 0.442239 0
    outer loop
      vertex 55.9948 -2.48744 -13.8
      vertex 56.3708 -3.25 -12.41
      vertex 56.3708 -3.25 -13.8
    endloop
  endfacet
  facet normal 0.195097 -0.980784 0
    outer loop
      vertex 60.9284 6.4 -13.8
      vertex 60.3177 6.27852 -12.41
      vertex 60.3177 6.27852 -13.8
    endloop
  endfacet
  facet normal 0.195087 -0.980786 -4.53788e-06
    outer loop
      vertex 60.3177 6.27852 -12.41
      vertex 60.9284 6.4 -13.8
      vertex 61.1516 6.44439 -12.41
    endloop
  endfacet
  facet normal 0.19506 -0.980791 0
    outer loop
      vertex 61.1516 6.44439 -18.4
      vertex 60.9284 6.4 -13.8
      vertex 60.9284 6.4 -18.4
    endloop
  endfacet
  facet normal 0.19506 -0.980791 0
    outer loop
      vertex 60.9284 6.4 -13.8
      vertex 61.1516 6.44439 -18.4
      vertex 61.1516 6.44439 -12.41
    endloop
  endfacet
  facet normal 0.896897 -0.442239 0
    outer loop
      vertex 55.9948 2.48744 -12.41
      vertex 56.3708 3.25 -13.8
      vertex 56.3708 3.25 -12.41
    endloop
  endfacet
  facet normal 0.896897 -0.442239 0
    outer loop
      vertex 56.3708 3.25 -13.8
      vertex 55.9948 2.48744 -12.41
      vertex 55.9948 2.48744 -13.8
    endloop
  endfacet
  facet normal 0.980779 -0.195121 0
    outer loop
      vertex 55.5556 0.84842 -12.41
      vertex 55.7215 1.68232 -13.8
      vertex 55.7215 1.68232 -12.41
    endloop
  endfacet
  facet normal 0.980779 -0.195121 0
    outer loop
      vertex 55.7215 1.68232 -13.8
      vertex 55.5556 0.84842 -12.41
      vertex 55.5556 0.84842 -13.8
    endloop
  endfacet
  facet normal -0.55559 0.831456 0
    outer loop
      vertex 65.9569 -5.1568 -13.8
      vertex 65.25 -5.62916 -12.41
      vertex 65.9569 -5.1568 -12.41
    endloop
  endfacet
  facet normal -0.55559 0.831456 0
    outer loop
      vertex 65.25 -5.62916 -12.41
      vertex 65.9569 -5.1568 -13.8
      vertex 65.25 -5.62916 -13.8
    endloop
  endfacet
  facet normal 0.946931 0.321438 0
    outer loop
      vertex 55.9948 -2.48744 -12.41
      vertex 55.7215 -1.68232 -13.8
      vertex 55.7215 -1.68232 -12.41
    endloop
  endfacet
  facet normal 0.946931 0.321438 0
    outer loop
      vertex 55.7215 -1.68232 -13.8
      vertex 55.9948 -2.48744 -12.41
      vertex 55.9948 -2.48744 -13.8
    endloop
  endfacet
  facet normal 0.321445 -0.946928 0
    outer loop
      vertex 59.5126 6.00522 -13.8
      vertex 60.3177 6.27852 -12.41
      vertex 59.5126 6.00522 -12.41
    endloop
  endfacet
  facet normal 0.321445 -0.946928 0
    outer loop
      vertex 60.3177 6.27852 -12.41
      vertex 59.5126 6.00522 -13.8
      vertex 60.3177 6.27852 -13.8
    endloop
  endfacet
  facet normal 0.442277 -0.896879 0
    outer loop
      vertex 58.75 5.62916 -13.8
      vertex 59.5126 6.00522 -12.41
      vertex 58.75 5.62916 -12.41
    endloop
  endfacet
  facet normal 0.442277 -0.896879 0
    outer loop
      vertex 59.5126 6.00522 -12.41
      vertex 58.75 5.62916 -13.8
      vertex 59.5126 6.00522 -13.8
    endloop
  endfacet
  facet normal -0.99786 0.0653933 0
    outer loop
      vertex 68.4444 -0.84842 -18.4
      vertex 68.5 0 -12.41
      vertex 68.5 0 -18.4
    endloop
  endfacet
  facet normal -0.99786 0.0653933 0
    outer loop
      vertex 68.5 0 -12.41
      vertex 68.4444 -0.84842 -18.4
      vertex 68.4444 -0.84842 -12.41
    endloop
  endfacet
  facet normal -0.321445 -0.946928 0
    outer loop
      vertex 63.6823 6.27852 -13.8
      vertex 64.4874 6.00522 -12.41
      vertex 63.6823 6.27852 -12.41
    endloop
  endfacet
  facet normal -0.321445 -0.946928 -0
    outer loop
      vertex 64.4874 6.00522 -12.41
      vertex 63.6823 6.27852 -13.8
      vertex 64.4874 6.00522 -13.8
    endloop
  endfacet
  facet normal -0.442277 0.896879 0
    outer loop
      vertex 65.25 -5.62916 -13.8
      vertex 64.4874 -6.00522 -12.41
      vertex 65.25 -5.62916 -12.41
    endloop
  endfacet
  facet normal -0.442277 0.896879 0
    outer loop
      vertex 64.4874 -6.00522 -12.41
      vertex 65.25 -5.62916 -13.8
      vertex 64.4874 -6.00522 -13.8
    endloop
  endfacet
  facet normal -0.831453 0.555596 0
    outer loop
      vertex 67.1568 -3.95695 -13.8
      vertex 67.6292 -3.25 -12.41
      vertex 67.6292 -3.25 -13.8
    endloop
  endfacet
  facet normal -0.831453 0.555596 0
    outer loop
      vertex 67.6292 -3.25 -12.41
      vertex 67.1568 -3.95695 -13.8
      vertex 67.1568 -3.95695 -12.41
    endloop
  endfacet
  facet normal -0.442277 -0.896879 0
    outer loop
      vertex 64.4874 6.00522 -13.8
      vertex 65.25 5.62916 -12.41
      vertex 64.4874 6.00522 -12.41
    endloop
  endfacet
  facet normal -0.442277 -0.896879 -0
    outer loop
      vertex 65.25 5.62916 -12.41
      vertex 64.4874 6.00522 -13.8
      vertex 65.25 5.62916 -13.8
    endloop
  endfacet
  facet normal -0.55559 -0.831456 0
    outer loop
      vertex 65.25 5.62916 -13.8
      vertex 65.9569 5.1568 -12.41
      vertex 65.25 5.62916 -12.41
    endloop
  endfacet
  facet normal -0.55559 -0.831456 -0
    outer loop
      vertex 65.9569 5.1568 -12.41
      vertex 65.25 5.62916 -13.8
      vertex 65.9569 5.1568 -13.8
    endloop
  endfacet
  facet normal 0 0 -1
    outer loop
      vertex 44.7 4 -18.4
      vertex 39.3 4 -18.4
      vertex 44.7 6.4 -18.4
    endloop
  endfacet
  facet normal 0 0 -1
    outer loop
      vertex 73.5 -7.1 -18.4
      vertex 71.2 0 -18.4
      vertex 73.5 7.1 -18.4
    endloop
  endfacet
  facet normal 0 0 -1
    outer loop
      vertex 73.5 -7.1 -18.4
      vertex 71.1923 -0.117473 -18.4
      vertex 71.2 0 -18.4
    endloop
  endfacet
  facet normal 0 0 -1
    outer loop
      vertex 73.5 -7.1 -18.4
      vertex 71.1693 -0.232937 -18.4
      vertex 71.1923 -0.117473 -18.4
    endloop
  endfacet
  facet normal 0 0 -1
    outer loop
      vertex 73.5 -7.1 -18.4
      vertex 71.1315 -0.344415 -18.4
      vertex 71.1693 -0.232937 -18.4
    endloop
  endfacet
  facet normal 0 0 -1
    outer loop
      vertex 73.5 -7.1 -18.4
      vertex 71.0794 -0.45 -18.4
      vertex 71.1315 -0.344415 -18.4
    endloop
  endfacet
  facet normal 0 0 -1
    outer loop
      vertex 73.5 -7.1 -18.4
      vertex 71.014 -0.547885 -18.4
      vertex 71.0794 -0.45 -18.4
    endloop
  endfacet
  facet normal 0 0 -1
    outer loop
      vertex 73.5 -7.1 -18.4
      vertex 70.9364 -0.636395 -18.4
      vertex 71.014 -0.547885 -18.4
    endloop
  endfacet
  facet normal 0 0 -1
    outer loop
      vertex 73.5 -7.1 -18.4
      vertex 70.8479 -0.714018 -18.4
      vertex 70.9364 -0.636395 -18.4
    endloop
  endfacet
  facet normal 0 0 -1
    outer loop
      vertex 73.5 -7.1 -18.4
      vertex 70.75 -0.779423 -18.4
      vertex 70.8479 -0.714018 -18.4
    endloop
  endfacet
  facet normal 0 0 -1
    outer loop
      vertex 73.5 -7.1 -18.4
      vertex 70.6444 -0.831491 -18.4
      vertex 70.75 -0.779423 -18.4
    endloop
  endfacet
  facet normal 0 0 -1
    outer loop
      vertex 73.5 -7.1 -18.4
      vertex 70.5329 -0.869332 -18.4
      vertex 70.6444 -0.831491 -18.4
    endloop
  endfacet
  facet normal 0 0 -1
    outer loop
      vertex 73.5 -7.1 -18.4
      vertex 70.4175 -0.8923 -18.4
      vertex 70.5329 -0.869332 -18.4
    endloop
  endfacet
  facet normal 0 0 -1
    outer loop
      vertex 68.1 -6.4 -18.4
      vertex 70.4175 -0.8923 -18.4
      vertex 73.5 -7.1 -18.4
    endloop
  endfacet
  facet normal 0 0 -1
    outer loop
      vertex 68.1 -2.20822 -18.4
      vertex 70.4175 -0.8923 -18.4
      vertex 68.1 -6.4 -18.4
    endloop
  endfacet
  facet normal 0 0 -1
    outer loop
      vertex 70.4175 -0.8923 -18.4
      vertex 68.1 -2.20822 -18.4
      vertex 70.3 -0.9 -18.4
    endloop
  endfacet
  facet normal -0 0 -1
    outer loop
      vertex 70.3 -0.9 -18.4
      vertex 68.1 -2.20822 -18.4
      vertex 70.1825 -0.8923 -18.4
    endloop
  endfacet
  facet normal 0 -0 -1
    outer loop
      vertex 68.2785 -1.68232 -18.4
      vertex 70.0671 -0.869332 -18.4
      vertex 68.1 -2.20822 -18.4
    endloop
  endfacet
  facet normal -0 0 -1
    outer loop
      vertex 70.0671 -0.869332 -18.4
      vertex 68.2785 -1.68232 -18.4
      vertex 69.9556 -0.831491 -18.4
    endloop
  endfacet
  facet normal -0 0 -1
    outer loop
      vertex 69.9556 -0.831491 -18.4
      vertex 68.2785 -1.68232 -18.4
      vertex 69.85 -0.779423 -18.4
    endloop
  endfacet
  facet normal -0 0 -1
    outer loop
      vertex 69.85 -0.779423 -18.4
      vertex 68.2785 -1.68232 -18.4
      vertex 69.7521 -0.714018 -18.4
    endloop
  endfacet
  facet normal 0 -0 -1
    outer loop
      vertex 68.4444 -0.84842 -18.4
      vertex 69.7521 -0.714018 -18.4
      vertex 68.2785 -1.68232 -18.4
    endloop
  endfacet
  facet normal 0 0 -1
    outer loop
      vertex 69.4077 -0.117473 -18.4
      vertex 68.5 0 -18.4
      vertex 69.4 0 -18.4
    endloop
  endfacet
  facet normal 0 0 -1
    outer loop
      vertex 69.4307 -0.232937 -18.4
      vertex 68.5 0 -18.4
      vertex 69.4077 -0.117473 -18.4
    endloop
  endfacet
  facet normal 0 0 -1
    outer loop
      vertex 68.4444 -0.84842 -18.4
      vertex 69.4307 -0.232937 -18.4
      vertex 69.4685 -0.344415 -18.4
    endloop
  endfacet
  facet normal 0 0 -1
    outer loop
      vertex 68.4444 -0.84842 -18.4
      vertex 69.4685 -0.344415 -18.4
      vertex 69.5206 -0.45 -18.4
    endloop
  endfacet
  facet normal -0 0 -1
    outer loop
      vertex 69.7521 -0.714018 -18.4
      vertex 68.4444 -0.84842 -18.4
      vertex 69.6636 -0.636395 -18.4
    endloop
  endfacet
  facet normal -0 0 -1
    outer loop
      vertex 69.4307 -0.232937 -18.4
      vertex 68.4444 -0.84842 -18.4
      vertex 68.5 0 -18.4
    endloop
  endfacet
  facet normal -0 0 -1
    outer loop
      vertex 69.586 -0.547885 -18.4
      vertex 68.4444 -0.84842 -18.4
      vertex 69.5206 -0.45 -18.4
    endloop
  endfacet
  facet normal -0 0 -1
    outer loop
      vertex 70.1825 -0.8923 -18.4
      vertex 68.1 -2.20822 -18.4
      vertex 70.0671 -0.869332 -18.4
    endloop
  endfacet
  facet normal 0 0 -1
    outer loop
      vertex 62.8484 -6.44439 -18.4
      vertex 68.1 -6.4 -18.4
      vertex 73.5 -7.1 -18.4
    endloop
  endfacet
  facet normal -0 0 -1
    outer loop
      vertex 68.1 -6.4 -18.4
      vertex 62.8484 -6.44439 -18.4
      vertex 63.0716 -6.4 -18.4
    endloop
  endfacet
  facet normal 0 0 -1
    outer loop
      vertex 73.5 -7.1 -18.4
      vertex 62 -6.5 -18.4
      vertex 62.8484 -6.44439 -18.4
    endloop
  endfacet
  facet normal 0 0 -1
    outer loop
      vertex 61.1516 -6.44439 -18.4
      vertex 44.7 -6.4 -18.4
      vertex 60.9284 -6.4 -18.4
    endloop
  endfacet
  facet normal 0 0 -1
    outer loop
      vertex 39.3 -7.1 -18.4
      vertex 61.1516 -6.44439 -18.4
      vertex 62 -6.5 -18.4
    endloop
  endfacet
  facet normal 0 0 -1
    outer loop
      vertex 39.3 -7.1 -18.4
      vertex 62 -6.5 -18.4
      vertex 73.5 -7.1 -18.4
    endloop
  endfacet
  facet normal -0 0 -1
    outer loop
      vertex 61.1516 -6.44439 -18.4
      vertex 39.3 -7.1 -18.4
      vertex 44.7 -6.4 -18.4
    endloop
  endfacet
  facet normal 0 0 -1
    outer loop
      vertex 39.3 -4 -18.4
      vertex 44.7 -6.4 -18.4
      vertex 39.3 -7.1 -18.4
    endloop
  endfacet
  facet normal 0 0 -1
    outer loop
      vertex 44.7 -6.4 -18.4
      vertex 39.3 -4 -18.4
      vertex 44.7 -4 -18.4
    endloop
  endfacet
  facet normal 0 0 -1
    outer loop
      vertex 71.1923 0.117473 -18.4
      vertex 73.5 7.1 -18.4
      vertex 71.2 0 -18.4
    endloop
  endfacet
  facet normal 0 0 -1
    outer loop
      vertex 71.1693 0.232937 -18.4
      vertex 73.5 7.1 -18.4
      vertex 71.1923 0.117473 -18.4
    endloop
  endfacet
  facet normal 0 0 -1
    outer loop
      vertex 71.1315 0.344415 -18.4
      vertex 73.5 7.1 -18.4
      vertex 71.1693 0.232937 -18.4
    endloop
  endfacet
  facet normal 0 0 -1
    outer loop
      vertex 71.0794 0.45 -18.4
      vertex 73.5 7.1 -18.4
      vertex 71.1315 0.344415 -18.4
    endloop
  endfacet
  facet normal 0 0 -1
    outer loop
      vertex 71.014 0.547885 -18.4
      vertex 73.5 7.1 -18.4
      vertex 71.0794 0.45 -18.4
    endloop
  endfacet
  facet normal 0 0 -1
    outer loop
      vertex 70.9364 0.636395 -18.4
      vertex 73.5 7.1 -18.4
      vertex 71.014 0.547885 -18.4
    endloop
  endfacet
  facet normal 0 0 -1
    outer loop
      vertex 70.8479 0.714018 -18.4
      vertex 73.5 7.1 -18.4
      vertex 70.9364 0.636395 -18.4
    endloop
  endfacet
  facet normal 0 0 -1
    outer loop
      vertex 70.75 0.779423 -18.4
      vertex 73.5 7.1 -18.4
      vertex 70.8479 0.714018 -18.4
    endloop
  endfacet
  facet normal 0 0 -1
    outer loop
      vertex 70.6444 0.831491 -18.4
      vertex 73.5 7.1 -18.4
      vertex 70.75 0.779423 -18.4
    endloop
  endfacet
  facet normal 0 0 -1
    outer loop
      vertex 70.5329 0.869332 -18.4
      vertex 73.5 7.1 -18.4
      vertex 70.6444 0.831491 -18.4
    endloop
  endfacet
  facet normal 0 0 -1
    outer loop
      vertex 70.4175 0.8923 -18.4
      vertex 73.5 7.1 -18.4
      vertex 70.5329 0.869332 -18.4
    endloop
  endfacet
  facet normal 0 0 -1
    outer loop
      vertex 68.1 2.20822 -18.4
      vertex 70.4175 0.8923 -18.4
      vertex 70.3 0.9 -18.4
    endloop
  endfacet
  facet normal 0 0 -1
    outer loop
      vertex 68.1 2.20822 -18.4
      vertex 70.3 0.9 -18.4
      vertex 70.1825 0.8923 -18.4
    endloop
  endfacet
  facet normal 0 0 -1
    outer loop
      vertex 68.1 2.20822 -18.4
      vertex 70.1825 0.8923 -18.4
      vertex 70.0671 0.869332 -18.4
    endloop
  endfacet
  facet normal 0 0 -1
    outer loop
      vertex 68.2785 1.68232 -18.4
      vertex 70.0671 0.869332 -18.4
      vertex 69.9556 0.831491 -18.4
    endloop
  endfacet
  facet normal 0 0 -1
    outer loop
      vertex 68.2785 1.68232 -18.4
      vertex 69.9556 0.831491 -18.4
      vertex 69.85 0.779423 -18.4
    endloop
  endfacet
  facet normal 0 0 -1
    outer loop
      vertex 68.2785 1.68232 -18.4
      vertex 69.85 0.779423 -18.4
      vertex 69.7521 0.714018 -18.4
    endloop
  endfacet
  facet normal 0 0 -1
    outer loop
      vertex 68.4444 0.84842 -18.4
      vertex 69.7521 0.714018 -18.4
      vertex 69.6636 0.636395 -18.4
    endloop
  endfacet
  facet normal 0 0 -1
    outer loop
      vertex 68.4444 0.84842 -18.4
      vertex 69.6636 0.636395 -18.4
      vertex 69.586 0.547885 -18.4
    endloop
  endfacet
  facet normal 0 0 -1
    outer loop
      vertex 68.4444 0.84842 -18.4
      vertex 69.586 0.547885 -18.4
      vertex 69.5206 0.45 -18.4
    endloop
  endfacet
  facet normal 0 0 -1
    outer loop
      vertex 68.5 0 -18.4
      vertex 69.4077 0.117473 -18.4
      vertex 69.4 0 -18.4
    endloop
  endfacet
  facet normal 0 0 -1
    outer loop
      vertex 68.5 0 -18.4
      vertex 69.4307 0.232937 -18.4
      vertex 69.4077 0.117473 -18.4
    endloop
  endfacet
  facet normal 0 0 -1
    outer loop
      vertex 68.4444 0.84842 -18.4
      vertex 69.4307 0.232937 -18.4
      vertex 68.5 0 -18.4
    endloop
  endfacet
  facet normal 0 0 -1
    outer loop
      vertex 69.4307 0.232937 -18.4
      vertex 68.4444 0.84842 -18.4
      vertex 69.4685 0.344415 -18.4
    endloop
  endfacet
  facet normal 0 0 -1
    outer loop
      vertex 69.4685 0.344415 -18.4
      vertex 68.4444 0.84842 -18.4
      vertex 69.5206 0.45 -18.4
    endloop
  endfacet
  facet normal 0 0 -1
    outer loop
      vertex 69.7521 0.714018 -18.4
      vertex 68.4444 0.84842 -18.4
      vertex 68.2785 1.68232 -18.4
    endloop
  endfacet
  facet normal 0 0 -1
    outer loop
      vertex 70.0671 0.869332 -18.4
      vertex 68.2785 1.68232 -18.4
      vertex 68.1 2.20822 -18.4
    endloop
  endfacet
  facet normal 0 0 -1
    outer loop
      vertex 70.4175 0.8923 -18.4
      vertex 68.1 2.20822 -18.4
      vertex 68.1 6.4 -18.4
    endloop
  endfacet
  facet normal 0 0 -1
    outer loop
      vertex 70.4175 0.8923 -18.4
      vertex 68.1 6.4 -18.4
      vertex 73.5 7.1 -18.4
    endloop
  endfacet
  facet normal 0 0 -1
    outer loop
      vertex 62.8484 6.44439 -18.4
      vertex 68.1 6.4 -18.4
      vertex 63.0716 6.4 -18.4
    endloop
  endfacet
  facet normal 0 0 -1
    outer loop
      vertex 68.1 6.4 -18.4
      vertex 62.8484 6.44439 -18.4
      vertex 73.5 7.1 -18.4
    endloop
  endfacet
  facet normal 0 0 -1
    outer loop
      vertex 62 6.5 -18.4
      vertex 73.5 7.1 -18.4
      vertex 62.8484 6.44439 -18.4
    endloop
  endfacet
  facet normal 0 0 -1
    outer loop
      vertex 44.7 6.4 -18.4
      vertex 61.1516 6.44439 -18.4
      vertex 60.9284 6.4 -18.4
    endloop
  endfacet
  facet normal 0 0 -1
    outer loop
      vertex 39.3 7.1 -18.4
      vertex 61.1516 6.44439 -18.4
      vertex 44.7 6.4 -18.4
    endloop
  endfacet
  facet normal 0 0 -1
    outer loop
      vertex 61.1516 6.44439 -18.4
      vertex 39.3 7.1 -18.4
      vertex 62 6.5 -18.4
    endloop
  endfacet
  facet normal 0 0 -1
    outer loop
      vertex 62 6.5 -18.4
      vertex 39.3 7.1 -18.4
      vertex 73.5 7.1 -18.4
    endloop
  endfacet
  facet normal 0 0 -1
    outer loop
      vertex 39.3 7.1 -18.4
      vertex 44.7 6.4 -18.4
      vertex 39.3 4 -18.4
    endloop
  endfacet
  facet normal -0 0 -1
    outer loop
      vertex 69.6636 -0.636395 -18.4
      vertex 68.4444 -0.84842 -18.4
      vertex 69.586 -0.547885 -18.4
    endloop
  endfacet
  facet normal 0.98077 -0.195165 0
    outer loop
      vertex 24.3145 -8.77811 -4
      vertex 24.3579 -8.56001 -18.38
      vertex 24.3579 -8.56001 -4
    endloop
  endfacet
  facet normal 0.98077 -0.195165 0
    outer loop
      vertex 24.3579 -8.56001 -18.38
      vertex 24.3145 -8.77811 -4
      vertex 24.3145 -8.77811 -18.38
    endloop
  endfacet
  facet normal 0.997872 -0.0652086 0
    outer loop
      vertex 24.3 -9 -4
      vertex 24.3145 -8.77811 -18.38
      vertex 24.3145 -8.77811 -4
    endloop
  endfacet
  facet normal 0.997872 -0.0652086 0
    outer loop
      vertex 24.3145 -8.77811 -18.38
      vertex 24.3 -9 -4
      vertex 24.3 -9 -18.38
    endloop
  endfacet
  facet normal 0.0652057 0.997872 -0
    outer loop
      vertex 26 -10.7 -18.38
      vertex 25.7781 -10.6855 -4
      vertex 26 -10.7 -4
    endloop
  endfacet
  facet normal 0.0652057 0.997872 0
    outer loop
      vertex 25.7781 -10.6855 -4
      vertex 26 -10.7 -18.38
      vertex 25.7781 -10.6855 -18.38
    endloop
  endfacet
  facet normal -0.659319 -0.751863 0
    outer loop
      vertex 27.0349 -7.6513 -18.38
      vertex 27.2021 -7.79792 -4
      vertex 27.0349 -7.6513 -4
    endloop
  endfacet
  facet normal -0.659319 -0.751863 -0
    outer loop
      vertex 27.2021 -7.79792 -4
      vertex 27.0349 -7.6513 -18.38
      vertex 27.2021 -7.79792 -18.38
    endloop
  endfacet
  facet normal -0.831566 0.555426 0
    outer loop
      vertex 27.3487 -10.0349 -18.38
      vertex 27.4722 -9.85 -4
      vertex 27.4722 -9.85 -18.38
    endloop
  endfacet
  facet normal -0.831566 0.555426 0
    outer loop
      vertex 27.4722 -9.85 -4
      vertex 27.3487 -10.0349 -18.38
      vertex 27.3487 -10.0349 -4
    endloop
  endfacet
  facet normal -0.195165 0.98077 0
    outer loop
      vertex 26.44 -10.6421 -18.38
      vertex 26.2219 -10.6855 -4
      vertex 26.44 -10.6421 -4
    endloop
  endfacet
  facet normal -0.195165 0.98077 0
    outer loop
      vertex 26.2219 -10.6855 -4
      vertex 26.44 -10.6421 -18.38
      vertex 26.2219 -10.6855 -18.38
    endloop
  endfacet
  facet normal 0.659319 -0.751863 0
    outer loop
      vertex 24.7979 -7.79792 -18.38
      vertex 24.9651 -7.6513 -4
      vertex 24.7979 -7.79792 -4
    endloop
  endfacet
  facet normal 0.659319 -0.751863 0
    outer loop
      vertex 24.9651 -7.6513 -4
      vertex 24.7979 -7.79792 -18.38
      vertex 24.9651 -7.6513 -18.38
    endloop
  endfacet
  facet normal 0.946901 0.321525 0
    outer loop
      vertex 24.4294 -9.65056 -4
      vertex 24.3579 -9.43999 -18.38
      vertex 24.3579 -9.43999 -4
    endloop
  endfacet
  facet normal 0.946901 0.321525 0
    outer loop
      vertex 24.3579 -9.43999 -18.38
      vertex 24.4294 -9.65056 -4
      vertex 24.4294 -9.65056 -18.38
    endloop
  endfacet
  facet normal 0.751908 0.659268 0
    outer loop
      vertex 24.7979 -10.2021 -4
      vertex 24.6513 -10.0349 -18.38
      vertex 24.6513 -10.0349 -4
    endloop
  endfacet
  facet normal 0.751908 0.659268 0
    outer loop
      vertex 24.6513 -10.0349 -18.38
      vertex 24.7979 -10.2021 -4
      vertex 24.7979 -10.2021 -18.38
    endloop
  endfacet
  facet normal 0.751888 -0.659291 0
    outer loop
      vertex 24.6513 -7.96511 -4
      vertex 24.7979 -7.79792 -18.38
      vertex 24.7979 -7.79792 -4
    endloop
  endfacet
  facet normal 0.751888 -0.659291 0
    outer loop
      vertex 24.7979 -7.79792 -18.38
      vertex 24.6513 -7.96511 -4
      vertex 24.6513 -7.96511 -18.38
    endloop
  endfacet
  facet normal -0.946901 0.321525 0
    outer loop
      vertex 27.5706 -9.65056 -18.38
      vertex 27.6421 -9.43999 -4
      vertex 27.6421 -9.43999 -18.38
    endloop
  endfacet
  facet normal -0.946901 0.321525 0
    outer loop
      vertex 27.6421 -9.43999 -4
      vertex 27.5706 -9.65056 -18.38
      vertex 27.5706 -9.65056 -4
    endloop
  endfacet
  facet normal 0.321484 0.946915 -0
    outer loop
      vertex 25.56 -10.6421 -18.38
      vertex 25.3494 -10.5706 -4
      vertex 25.56 -10.6421 -4
    endloop
  endfacet
  facet normal 0.321484 0.946915 0
    outer loop
      vertex 25.3494 -10.5706 -4
      vertex 25.56 -10.6421 -18.38
      vertex 25.3494 -10.5706 -18.38
    endloop
  endfacet
  facet normal -0.0652057 0.997872 0
    outer loop
      vertex 26.2219 -10.6855 -18.38
      vertex 26 -10.7 -4
      vertex 26.2219 -10.6855 -4
    endloop
  endfacet
  facet normal -0.0652057 0.997872 0
    outer loop
      vertex 26 -10.7 -4
      vertex 26.2219 -10.6855 -18.38
      vertex 26 -10.7 -18.38
    endloop
  endfacet
  facet normal -0.321403 -0.946943 0
    outer loop
      vertex 26.44 -7.35793 -18.38
      vertex 26.6506 -7.42941 -4
      vertex 26.44 -7.35793 -4
    endloop
  endfacet
  facet normal -0.321403 -0.946943 -0
    outer loop
      vertex 26.6506 -7.42941 -4
      vertex 26.44 -7.35793 -18.38
      vertex 26.6506 -7.42941 -18.38
    endloop
  endfacet
  facet normal 0.946901 -0.321525 0
    outer loop
      vertex 24.3579 -8.56001 -4
      vertex 24.4294 -8.34944 -18.38
      vertex 24.4294 -8.34944 -4
    endloop
  endfacet
  facet normal 0.946901 -0.321525 0
    outer loop
      vertex 24.4294 -8.34944 -18.38
      vertex 24.3579 -8.56001 -4
      vertex 24.3579 -8.56001 -18.38
    endloop
  endfacet
  facet normal -0.751888 -0.659291 0
    outer loop
      vertex 27.3487 -7.96511 -18.38
      vertex 27.2021 -7.79792 -4
      vertex 27.2021 -7.79792 -18.38
    endloop
  endfacet
  facet normal -0.751888 -0.659291 0
    outer loop
      vertex 27.2021 -7.79792 -4
      vertex 27.3487 -7.96511 -18.38
      vertex 27.3487 -7.96511 -4
    endloop
  endfacet
  facet normal -0.44253 0.896754 0
    outer loop
      vertex 26.85 -10.4722 -18.38
      vertex 26.6506 -10.5706 -4
      vertex 26.85 -10.4722 -4
    endloop
  endfacet
  facet normal -0.44253 0.896754 0
    outer loop
      vertex 26.6506 -10.5706 -4
      vertex 26.85 -10.4722 -18.38
      vertex 26.6506 -10.5706 -18.38
    endloop
  endfacet
  facet normal -0.0653848 -0.99786 0
    outer loop
      vertex 26 -7.3 -18.38
      vertex 26.2219 -7.31454 -4
      vertex 26 -7.3 -4
    endloop
  endfacet
  facet normal -0.0653848 -0.99786 -0
    outer loop
      vertex 26.2219 -7.31454 -4
      vertex 26 -7.3 -18.38
      vertex 26.2219 -7.31454 -18.38
    endloop
  endfacet
  facet normal 0.896789 0.442459 0
    outer loop
      vertex 24.5278 -9.85 -4
      vertex 24.4294 -9.65056 -18.38
      vertex 24.4294 -9.65056 -4
    endloop
  endfacet
  facet normal 0.896789 0.442459 0
    outer loop
      vertex 24.4294 -9.65056 -18.38
      vertex 24.5278 -9.85 -4
      vertex 24.5278 -9.85 -18.38
    endloop
  endfacet
  facet normal 0.555426 0.831566 -0
    outer loop
      vertex 25.15 -10.4722 -18.38
      vertex 24.9651 -10.3487 -4
      vertex 25.15 -10.4722 -4
    endloop
  endfacet
  facet normal 0.555426 0.831566 0
    outer loop
      vertex 24.9651 -10.3487 -4
      vertex 25.15 -10.4722 -18.38
      vertex 24.9651 -10.3487 -18.38
    endloop
  endfacet
  facet normal -0.98077 0.195165 0
    outer loop
      vertex 27.6421 -9.43999 -18.38
      vertex 27.6855 -9.22189 -4
      vertex 27.6855 -9.22189 -18.38
    endloop
  endfacet
  facet normal -0.98077 0.195165 0
    outer loop
      vertex 27.6855 -9.22189 -4
      vertex 27.6421 -9.43999 -18.38
      vertex 27.6421 -9.43999 -4
    endloop
  endfacet
  facet normal 0.195122 -0.980779 0
    outer loop
      vertex 25.56 -7.35793 -18.38
      vertex 25.7781 -7.31454 -4
      vertex 25.56 -7.35793 -4
    endloop
  endfacet
  facet normal 0.195122 -0.980779 0
    outer loop
      vertex 25.7781 -7.31454 -4
      vertex 25.56 -7.35793 -18.38
      vertex 25.7781 -7.31454 -18.38
    endloop
  endfacet
  facet normal 0.831552 -0.555447 0
    outer loop
      vertex 24.5278 -8.15 -4
      vertex 24.6513 -7.96511 -18.38
      vertex 24.6513 -7.96511 -4
    endloop
  endfacet
  facet normal 0.831552 -0.555447 0
    outer loop
      vertex 24.6513 -7.96511 -18.38
      vertex 24.5278 -8.15 -4
      vertex 24.5278 -8.15 -18.38
    endloop
  endfacet
  facet normal 0.997872 0.0652086 0
    outer loop
      vertex 24.3145 -9.22189 -4
      vertex 24.3 -9 -18.38
      vertex 24.3 -9 -4
    endloop
  endfacet
  facet normal 0.997872 0.0652086 0
    outer loop
      vertex 24.3 -9 -18.38
      vertex 24.3145 -9.22189 -4
      vertex 24.3145 -9.22189 -18.38
    endloop
  endfacet
  facet normal 0.321403 -0.946943 0
    outer loop
      vertex 25.3494 -7.42941 -18.38
      vertex 25.56 -7.35793 -4
      vertex 25.3494 -7.42941 -4
    endloop
  endfacet
  facet normal 0.321403 -0.946943 0
    outer loop
      vertex 25.56 -7.35793 -4
      vertex 25.3494 -7.42941 -18.38
      vertex 25.56 -7.35793 -18.38
    endloop
  endfacet
  facet normal 0.555551 -0.831483 0
    outer loop
      vertex 24.9651 -7.6513 -18.38
      vertex 25.15 -7.52776 -4
      vertex 24.9651 -7.6513 -4
    endloop
  endfacet
  facet normal 0.555551 -0.831483 0
    outer loop
      vertex 25.15 -7.52776 -4
      vertex 24.9651 -7.6513 -18.38
      vertex 25.15 -7.52776 -18.38
    endloop
  endfacet
  facet normal -0.195122 -0.980779 0
    outer loop
      vertex 26.2219 -7.31454 -18.38
      vertex 26.44 -7.35793 -4
      vertex 26.2219 -7.31454 -4
    endloop
  endfacet
  facet normal -0.195122 -0.980779 -0
    outer loop
      vertex 26.44 -7.35793 -4
      vertex 26.2219 -7.31454 -18.38
      vertex 26.44 -7.35793 -18.38
    endloop
  endfacet
  facet normal 0.659268 0.751908 -0
    outer loop
      vertex 24.9651 -10.3487 -18.38
      vertex 24.7979 -10.2021 -4
      vertex 24.9651 -10.3487 -4
    endloop
  endfacet
  facet normal 0.659268 0.751908 0
    outer loop
      vertex 24.7979 -10.2021 -4
      vertex 24.9651 -10.3487 -18.38
      vertex 24.7979 -10.2021 -18.38
    endloop
  endfacet
  facet normal -0.896789 -0.442459 0
    outer loop
      vertex 27.5706 -8.34944 -18.38
      vertex 27.4722 -8.15 -4
      vertex 27.4722 -8.15 -18.38
    endloop
  endfacet
  facet normal -0.896789 -0.442459 0
    outer loop
      vertex 27.4722 -8.15 -4
      vertex 27.5706 -8.34944 -18.38
      vertex 27.5706 -8.34944 -4
    endloop
  endfacet
  facet normal 0.98077 0.195165 0
    outer loop
      vertex 24.3579 -9.43999 -4
      vertex 24.3145 -9.22189 -18.38
      vertex 24.3145 -9.22189 -4
    endloop
  endfacet
  facet normal 0.98077 0.195165 0
    outer loop
      vertex 24.3145 -9.22189 -18.38
      vertex 24.3579 -9.43999 -4
      vertex 24.3579 -9.43999 -18.38
    endloop
  endfacet
  facet normal 0.195165 0.98077 -0
    outer loop
      vertex 25.7781 -10.6855 -18.38
      vertex 25.56 -10.6421 -4
      vertex 25.7781 -10.6855 -4
    endloop
  endfacet
  facet normal 0.195165 0.98077 0
    outer loop
      vertex 25.56 -10.6421 -4
      vertex 25.7781 -10.6855 -18.38
      vertex 25.56 -10.6421 -18.38
    endloop
  endfacet
  facet normal -0.659268 0.751908 0
    outer loop
      vertex 27.2021 -10.2021 -18.38
      vertex 27.0349 -10.3487 -4
      vertex 27.2021 -10.2021 -4
    endloop
  endfacet
  facet normal -0.659268 0.751908 0
    outer loop
      vertex 27.0349 -10.3487 -4
      vertex 27.2021 -10.2021 -18.38
      vertex 27.0349 -10.3487 -18.38
    endloop
  endfacet
  facet normal -0.751908 0.659268 0
    outer loop
      vertex 27.2021 -10.2021 -18.38
      vertex 27.3487 -10.0349 -4
      vertex 27.3487 -10.0349 -18.38
    endloop
  endfacet
  facet normal -0.751908 0.659268 0
    outer loop
      vertex 27.3487 -10.0349 -4
      vertex 27.2021 -10.2021 -18.38
      vertex 27.2021 -10.2021 -4
    endloop
  endfacet
  facet normal 0.0653848 -0.99786 0
    outer loop
      vertex 25.7781 -7.31454 -18.38
      vertex 26 -7.3 -4
      vertex 25.7781 -7.31454 -4
    endloop
  endfacet
  facet normal 0.0653848 -0.99786 0
    outer loop
      vertex 26 -7.3 -4
      vertex 25.7781 -7.31454 -18.38
      vertex 26 -7.3 -18.38
    endloop
  endfacet
  facet normal 0.442349 -0.896843 0
    outer loop
      vertex 25.15 -7.52776 -18.38
      vertex 25.3494 -7.42941 -4
      vertex 25.15 -7.52776 -4
    endloop
  endfacet
  facet normal 0.442349 -0.896843 0
    outer loop
      vertex 25.3494 -7.42941 -4
      vertex 25.15 -7.52776 -18.38
      vertex 25.3494 -7.42941 -18.38
    endloop
  endfacet
  facet normal 0.831566 0.555426 0
    outer loop
      vertex 24.6513 -10.0349 -4
      vertex 24.5278 -9.85 -18.38
      vertex 24.5278 -9.85 -4
    endloop
  endfacet
  facet normal 0.831566 0.555426 0
    outer loop
      vertex 24.5278 -9.85 -18.38
      vertex 24.6513 -10.0349 -4
      vertex 24.6513 -10.0349 -18.38
    endloop
  endfacet
  facet normal -0.997872 0.0652086 0
    outer loop
      vertex 27.6855 -9.22189 -18.38
      vertex 27.7 -9 -4
      vertex 27.7 -9 -18.38
    endloop
  endfacet
  facet normal -0.997872 0.0652086 0
    outer loop
      vertex 27.7 -9 -4
      vertex 27.6855 -9.22189 -18.38
      vertex 27.6855 -9.22189 -4
    endloop
  endfacet
  facet normal 0.44253 0.896754 -0
    outer loop
      vertex 25.3494 -10.5706 -18.38
      vertex 25.15 -10.4722 -4
      vertex 25.3494 -10.5706 -4
    endloop
  endfacet
  facet normal 0.44253 0.896754 0
    outer loop
      vertex 25.15 -10.4722 -4
      vertex 25.3494 -10.5706 -18.38
      vertex 25.15 -10.4722 -18.38
    endloop
  endfacet
  facet normal -0.98077 -0.195165 0
    outer loop
      vertex 27.6855 -8.77811 -18.38
      vertex 27.6421 -8.56001 -4
      vertex 27.6421 -8.56001 -18.38
    endloop
  endfacet
  facet normal -0.98077 -0.195165 0
    outer loop
      vertex 27.6421 -8.56001 -4
      vertex 27.6855 -8.77811 -18.38
      vertex 27.6855 -8.77811 -4
    endloop
  endfacet
  facet normal -0.896789 0.442459 0
    outer loop
      vertex 27.4722 -9.85 -18.38
      vertex 27.5706 -9.65056 -4
      vertex 27.5706 -9.65056 -18.38
    endloop
  endfacet
  facet normal -0.896789 0.442459 0
    outer loop
      vertex 27.5706 -9.65056 -4
      vertex 27.4722 -9.85 -18.38
      vertex 27.4722 -9.85 -4
    endloop
  endfacet
  facet normal -0.946901 -0.321525 0
    outer loop
      vertex 27.6421 -8.56001 -18.38
      vertex 27.5706 -8.34944 -4
      vertex 27.5706 -8.34944 -18.38
    endloop
  endfacet
  facet normal -0.946901 -0.321525 0
    outer loop
      vertex 27.5706 -8.34944 -4
      vertex 27.6421 -8.56001 -18.38
      vertex 27.6421 -8.56001 -4
    endloop
  endfacet
  facet normal 0.896789 -0.442459 0
    outer loop
      vertex 24.4294 -8.34944 -4
      vertex 24.5278 -8.15 -18.38
      vertex 24.5278 -8.15 -4
    endloop
  endfacet
  facet normal 0.896789 -0.442459 0
    outer loop
      vertex 24.5278 -8.15 -18.38
      vertex 24.4294 -8.34944 -4
      vertex 24.4294 -8.34944 -18.38
    endloop
  endfacet
  facet normal -0.997872 -0.0652086 0
    outer loop
      vertex 27.7 -9 -18.38
      vertex 27.6855 -8.77811 -4
      vertex 27.6855 -8.77811 -18.38
    endloop
  endfacet
  facet normal -0.997872 -0.0652086 0
    outer loop
      vertex 27.6855 -8.77811 -4
      vertex 27.7 -9 -18.38
      vertex 27.7 -9 -4
    endloop
  endfacet
  facet normal -0.321484 0.946915 0
    outer loop
      vertex 26.6506 -10.5706 -18.38
      vertex 26.44 -10.6421 -4
      vertex 26.6506 -10.5706 -4
    endloop
  endfacet
  facet normal -0.321484 0.946915 0
    outer loop
      vertex 26.44 -10.6421 -4
      vertex 26.6506 -10.5706 -18.38
      vertex 26.44 -10.6421 -18.38
    endloop
  endfacet
  facet normal -0.442349 -0.896843 0
    outer loop
      vertex 26.6506 -7.42941 -18.38
      vertex 26.85 -7.52776 -4
      vertex 26.6506 -7.42941 -4
    endloop
  endfacet
  facet normal -0.442349 -0.896843 -0
    outer loop
      vertex 26.85 -7.52776 -4
      vertex 26.6506 -7.42941 -18.38
      vertex 26.85 -7.52776 -18.38
    endloop
  endfacet
  facet normal -0.555551 -0.831483 0
    outer loop
      vertex 26.85 -7.52776 -18.38
      vertex 27.0349 -7.6513 -4
      vertex 26.85 -7.52776 -4
    endloop
  endfacet
  facet normal -0.555551 -0.831483 -0
    outer loop
      vertex 27.0349 -7.6513 -4
      vertex 26.85 -7.52776 -18.38
      vertex 27.0349 -7.6513 -18.38
    endloop
  endfacet
  facet normal -0.831552 -0.555447 0
    outer loop
      vertex 27.4722 -8.15 -18.38
      vertex 27.3487 -7.96511 -4
      vertex 27.3487 -7.96511 -18.38
    endloop
  endfacet
  facet normal -0.831552 -0.555447 0
    outer loop
      vertex 27.3487 -7.96511 -4
      vertex 27.4722 -8.15 -18.38
      vertex 27.4722 -8.15 -4
    endloop
  endfacet
  facet normal -0.555426 0.831566 0
    outer loop
      vertex 27.0349 -10.3487 -18.38
      vertex 26.85 -10.4722 -4
      vertex 27.0349 -10.3487 -4
    endloop
  endfacet
  facet normal -0.555426 0.831566 0
    outer loop
      vertex 26.85 -10.4722 -4
      vertex 27.0349 -10.3487 -18.38
      vertex 26.85 -10.4722 -18.38
    endloop
  endfacet
  facet normal 0.98079 -0.195065 0
    outer loop
      vertex 22.7282 -8.56926 -0.176344
      vertex 22.8124 -8.1459 -4
      vertex 22.8124 -8.1459 -0.10929
    endloop
  endfacet
  facet normal 0.98079 -0.195065 0
    outer loop
      vertex 22.8124 -8.1459 -4
      vertex 22.7282 -8.56926 -0.176344
      vertex 22.7282 -8.56926 -4
    endloop
  endfacet
  facet normal 0.997864 -0.0653289 0
    outer loop
      vertex 22.7 -9 -0.244566
      vertex 22.7282 -8.56926 -4
      vertex 22.7282 -8.56926 -0.176344
    endloop
  endfacet
  facet normal 0.997864 -0.0653289 0
    outer loop
      vertex 22.7282 -8.56926 -4
      vertex 22.7 -9 -0.244566
      vertex 22.7 -9 -4
    endloop
  endfacet
  facet normal 0.946952 -0.321355 -0.00359821
    outer loop
      vertex 22.8124 -8.1459 -0.10929
      vertex 22.9512 -7.73715 -0.0861816
      vertex 22.862 -8 -0.0861816
    endloop
  endfacet
  facet normal 0.946896 -0.321539 0
    outer loop
      vertex 22.9512 -7.73715 -0.0861816
      vertex 22.8124 -8.1459 -0.10929
      vertex 22.9512 -7.73715 -4
    endloop
  endfacet
  facet normal 0.946896 -0.321539 0
    outer loop
      vertex 22.9512 -7.73715 -4
      vertex 22.8124 -8.1459 -0.10929
      vertex 22.8124 -8.1459 -4
    endloop
  endfacet
  facet normal 0.0654041 -0.997859 0
    outer loop
      vertex 25.5693 -5.72823 -4
      vertex 26 -5.7 -0.0861816
      vertex 25.5693 -5.72823 -0.0861816
    endloop
  endfacet
  facet normal 0.0654041 -0.997859 0
    outer loop
      vertex 26 -5.7 -0.0861816
      vertex 25.5693 -5.72823 -4
      vertex 26 -5.7 -4
    endloop
  endfacet
  facet normal -0.896892 -0.442249 0
    outer loop
      vertex 29.0488 -7.73715 -4
      vertex 28.8579 -7.35 -0.0861816
      vertex 28.8579 -7.35 -4
    endloop
  endfacet
  facet normal -0.896892 -0.442249 0
    outer loop
      vertex 28.8579 -7.35 -0.0861816
      vertex 29.0488 -7.73715 -4
      vertex 29.0488 -7.73715 -0.0861816
    endloop
  endfacet
  facet normal 0.3214 -0.946943 0
    outer loop
      vertex 24.7371 -5.9512 -4
      vertex 25.1459 -5.81245 -0.0861816
      vertex 24.7371 -5.9512 -0.0861816
    endloop
  endfacet
  facet normal 0.3214 -0.946943 0
    outer loop
      vertex 25.1459 -5.81245 -0.0861816
      vertex 24.7371 -5.9512 -4
      vertex 25.1459 -5.81245 -4
    endloop
  endfacet
  facet normal 0.98079 0.195065 0
    outer loop
      vertex 22.8124 -9.8541 -0.379843
      vertex 22.7282 -9.43074 -4
      vertex 22.7282 -9.43074 -0.312788
    endloop
  endfacet
  facet normal 0.98079 0.195065 0
    outer loop
      vertex 22.7282 -9.43074 -4
      vertex 22.8124 -9.8541 -0.379843
      vertex 22.8124 -9.8541 -4
    endloop
  endfacet
  facet normal 0.555571 -0.831469 0
    outer loop
      vertex 23.9911 -6.38193 -4
      vertex 24.35 -6.14212 -0.0861816
      vertex 23.9911 -6.38193 -0.0861816
    endloop
  endfacet
  facet normal 0.555571 -0.831469 0
    outer loop
      vertex 24.35 -6.14212 -0.0861816
      vertex 23.9911 -6.38193 -4
      vertex 24.35 -6.14212 -4
    endloop
  endfacet
  facet normal -0.98079 0.195065 0
    outer loop
      vertex 29.1876 -9.8541 -0.379843
      vertex 29.2718 -9.43074 -4
      vertex 29.1876 -9.8541 -4
    endloop
  endfacet
  facet normal -0.98079 0.195065 0
    outer loop
      vertex 29.2718 -9.43074 -4
      vertex 29.1876 -9.8541 -0.379843
      vertex 29.2718 -9.43074 -0.312788
    endloop
  endfacet
  facet normal -0.89687 0.442295 0
    outer loop
      vertex 28.8579 -10.65 -0.686216
      vertex 29.0488 -10.2629 -4
      vertex 28.8579 -10.65 -4
    endloop
  endfacet
  facet normal -0.89687 0.442295 0
    outer loop
      vertex 29.0488 -10.2629 -4
      vertex 28.8579 -10.65 -0.686216
      vertex 29.0488 -10.2629 -0.488955
    endloop
  endfacet
  facet normal 0.896892 -0.442249 0
    outer loop
      vertex 22.9512 -7.73715 -0.0861816
      vertex 23.1421 -7.35 -4
      vertex 23.1421 -7.35 -0.0861816
    endloop
  endfacet
  facet normal 0.896892 -0.442249 0
    outer loop
      vertex 23.1421 -7.35 -4
      vertex 22.9512 -7.73715 -0.0861816
      vertex 22.9512 -7.73715 -4
    endloop
  endfacet
  facet normal -0.195091 -0.980785 0
    outer loop
      vertex 26.4307 -5.72823 -4
      vertex 26.8541 -5.81245 -0.0861816
      vertex 26.4307 -5.72823 -0.0861816
    endloop
  endfacet
  facet normal -0.195091 -0.980785 -0
    outer loop
      vertex 26.8541 -5.81245 -0.0861816
      vertex 26.4307 -5.72823 -4
      vertex 26.8541 -5.81245 -4
    endloop
  endfacet
  facet normal -0.319788 0.947471 -0.00593419
    outer loop
      vertex 27.2629 -12.0488 -1.39894
      vertex 26.8541 -12.1876 -1.53032
      vertex 27.2186 -12.0638 -1.4066
    endloop
  endfacet
  facet normal -0.321504 0.946908 0
    outer loop
      vertex 27.2629 -12.0488 -4
      vertex 26.8541 -12.1876 -1.53032
      vertex 27.2629 -12.0488 -1.39894
    endloop
  endfacet
  facet normal -0.321504 0.946908 0
    outer loop
      vertex 26.8541 -12.1876 -1.53032
      vertex 27.2629 -12.0488 -4
      vertex 26.8541 -12.1876 -4
    endloop
  endfacet
  facet normal 0.946866 0.321627 -0.000513876
    outer loop
      vertex 22.9512 -10.2629 -0.488955
      vertex 22.8124 -9.8541 -0.379843
      vertex 22.9083 -10.1365 -0.424568
    endloop
  endfacet
  facet normal 0.946908 0.321504 0
    outer loop
      vertex 22.8124 -9.8541 -0.379843
      vertex 22.9512 -10.2629 -0.488955
      vertex 22.8124 -9.8541 -4
    endloop
  endfacet
  facet normal 0.946908 0.321504 0
    outer loop
      vertex 22.8124 -9.8541 -4
      vertex 22.9512 -10.2629 -0.488955
      vertex 22.9512 -10.2629 -4
    endloop
  endfacet
  facet normal 0.0653349 0.997863 0
    outer loop
      vertex 25.5693 -12.2718 -4
      vertex 26 -12.3 -1.64276
      vertex 26 -12.3 -4
    endloop
  endfacet
  facet normal 0.0653349 0.997863 0
    outer loop
      vertex 26 -12.3 -1.64276
      vertex 25.5693 -12.2718 -4
      vertex 25.5693 -12.2718 -1.61453
    endloop
  endfacet
  facet normal 0.555555 0.83148 0
    outer loop
      vertex 23.9911 -11.6181 -4
      vertex 24.35 -11.8579 -1.30166
      vertex 24.35 -11.8579 -4
    endloop
  endfacet
  facet normal 0.555555 0.83148 0
    outer loop
      vertex 24.35 -11.8579 -1.30166
      vertex 23.9911 -11.6181 -4
      vertex 23.9911 -11.6181 -1.17947
    endloop
  endfacet
  facet normal -0.3214 -0.946943 0
    outer loop
      vertex 26.8541 -5.81245 -4
      vertex 27.2629 -5.9512 -0.0861816
      vertex 26.8541 -5.81245 -0.0861816
    endloop
  endfacet
  facet normal -0.3214 -0.946943 -0
    outer loop
      vertex 27.2629 -5.9512 -0.0861816
      vertex 26.8541 -5.81245 -4
      vertex 27.2629 -5.9512 -4
    endloop
  endfacet
  facet normal 0.831487 -0.555545 0
    outer loop
      vertex 23.1421 -7.35 -0.0861816
      vertex 23.3819 -6.99109 -4
      vertex 23.3819 -6.99109 -0.0861816
    endloop
  endfacet
  facet normal 0.831487 -0.555545 0
    outer loop
      vertex 23.3819 -6.99109 -4
      vertex 23.1421 -7.35 -0.0861816
      vertex 23.1421 -7.35 -4
    endloop
  endfacet
  facet normal 0.195047 0.980794 0
    outer loop
      vertex 25.1459 -12.1876 -4
      vertex 25.5693 -12.2718 -1.61453
      vertex 25.5693 -12.2718 -4
    endloop
  endfacet
  facet normal 0.195047 0.980794 0
    outer loop
      vertex 25.5693 -12.2718 -1.61453
      vertex 25.1459 -12.1876 -4
      vertex 25.1459 -12.1876 -1.53032
    endloop
  endfacet
  facet normal -0.83148 0.555555 0
    outer loop
      vertex 28.6181 -11.0089 -0.869091
      vertex 28.8579 -10.65 -4
      vertex 28.6181 -11.0089 -4
    endloop
  endfacet
  facet normal -0.83148 0.555555 0
    outer loop
      vertex 28.8579 -10.65 -4
      vertex 28.6181 -11.0089 -0.869091
      vertex 28.8579 -10.65 -0.686216
    endloop
  endfacet
  facet normal -0.0654041 -0.997859 0
    outer loop
      vertex 26 -5.7 -4
      vertex 26.4307 -5.72823 -0.0861816
      vertex 26 -5.7 -0.0861816
    endloop
  endfacet
  facet normal -0.0654041 -0.997859 -0
    outer loop
      vertex 26.4307 -5.72823 -0.0861816
      vertex 26 -5.7 -4
      vertex 26.4307 -5.72823 -4
    endloop
  endfacet
  facet normal 0.659285 -0.751893 0
    outer loop
      vertex 23.6665 -6.66655 -4
      vertex 23.9911 -6.38193 -0.0861816
      vertex 23.6665 -6.66655 -0.0861816
    endloop
  endfacet
  facet normal 0.659285 -0.751893 0
    outer loop
      vertex 23.9911 -6.38193 -0.0861816
      vertex 23.6665 -6.66655 -4
      vertex 23.9911 -6.38193 -4
    endloop
  endfacet
  facet normal -0.946896 -0.321539 0
    outer loop
      vertex 29.1876 -8.1459 -0.10929
      vertex 29.0488 -7.73715 -0.0861816
      vertex 29.0488 -7.73715 -4
    endloop
  endfacet
  facet normal -0.946896 -0.321539 -0
    outer loop
      vertex 29.1876 -8.1459 -0.10929
      vertex 29.0488 -7.73715 -4
      vertex 29.1876 -8.1459 -4
    endloop
  endfacet
  facet normal -0.946952 -0.321355 -0.00359821
    outer loop
      vertex 29.0488 -7.73715 -0.0861816
      vertex 29.1876 -8.1459 -0.10929
      vertex 29.138 -8 -0.0861816
    endloop
  endfacet
  facet normal -0.442332 -0.896851 0
    outer loop
      vertex 27.2629 -5.9512 -4
      vertex 27.65 -6.14212 -0.0861816
      vertex 27.2629 -5.9512 -0.0861816
    endloop
  endfacet
  facet normal -0.442332 -0.896851 -0
    outer loop
      vertex 27.65 -6.14212 -0.0861816
      vertex 27.2629 -5.9512 -4
      vertex 27.65 -6.14212 -4
    endloop
  endfacet
  facet normal 0.83148 0.555555 0
    outer loop
      vertex 23.3819 -11.0089 -0.869091
      vertex 23.1421 -10.65 -4
      vertex 23.1421 -10.65 -0.686216
    endloop
  endfacet
  facet normal 0.83148 0.555555 0
    outer loop
      vertex 23.1421 -10.65 -4
      vertex 23.3819 -11.0089 -0.869091
      vertex 23.3819 -11.0089 -4
    endloop
  endfacet
  facet normal 0.751856 -0.659328 0
    outer loop
      vertex 23.3819 -6.99109 -0.0861816
      vertex 23.6665 -6.66655 -4
      vertex 23.6665 -6.66655 -0.0861816
    endloop
  endfacet
  facet normal 0.751856 -0.659328 0
    outer loop
      vertex 23.6665 -6.66655 -4
      vertex 23.3819 -6.99109 -0.0861816
      vertex 23.3819 -6.99109 -4
    endloop
  endfacet
  facet normal 0.997864 0.0653289 0
    outer loop
      vertex 22.7282 -9.43074 -0.312788
      vertex 22.7 -9 -4
      vertex 22.7 -9 -0.244566
    endloop
  endfacet
  facet normal 0.997864 0.0653289 0
    outer loop
      vertex 22.7 -9 -4
      vertex 22.7282 -9.43074 -0.312788
      vertex 22.7282 -9.43074 -4
    endloop
  endfacet
  facet normal 0.442295 0.89687 0
    outer loop
      vertex 24.35 -11.8579 -4
      vertex 24.7371 -12.0488 -1.39894
      vertex 24.7371 -12.0488 -4
    endloop
  endfacet
  facet normal 0.442295 0.89687 0
    outer loop
      vertex 24.7371 -12.0488 -1.39894
      vertex 24.35 -11.8579 -4
      vertex 24.35 -11.8579 -1.30166
    endloop
  endfacet
  facet normal 0.319788 0.947471 -0.00593419
    outer loop
      vertex 25.1459 -12.1876 -1.53032
      vertex 24.7371 -12.0488 -1.39894
      vertex 24.7814 -12.0638 -1.4066
    endloop
  endfacet
  facet normal 0.321504 0.946908 0
    outer loop
      vertex 24.7371 -12.0488 -4
      vertex 25.1459 -12.1876 -1.53032
      vertex 25.1459 -12.1876 -4
    endloop
  endfacet
  facet normal 0.321504 0.946908 0
    outer loop
      vertex 25.1459 -12.1876 -1.53032
      vertex 24.7371 -12.0488 -4
      vertex 24.7371 -12.0488 -1.39894
    endloop
  endfacet
  facet normal 0.442332 -0.896851 0
    outer loop
      vertex 24.35 -6.14212 -4
      vertex 24.7371 -5.9512 -0.0861816
      vertex 24.35 -6.14212 -0.0861816
    endloop
  endfacet
  facet normal 0.442332 -0.896851 0
    outer loop
      vertex 24.7371 -5.9512 -0.0861816
      vertex 24.35 -6.14212 -4
      vertex 24.7371 -5.9512 -4
    endloop
  endfacet
  facet normal -0.997864 0.0653289 0
    outer loop
      vertex 29.2718 -9.43074 -0.312788
      vertex 29.3 -9 -4
      vertex 29.2718 -9.43074 -4
    endloop
  endfacet
  facet normal -0.997864 0.0653289 0
    outer loop
      vertex 29.3 -9 -4
      vertex 29.2718 -9.43074 -0.312788
      vertex 29.3 -9 -0.244566
    endloop
  endfacet
  facet normal -0.98079 -0.195065 -0
    outer loop
      vertex 29.2718 -8.56926 -0.176344
      vertex 29.1876 -8.1459 -4
      vertex 29.2718 -8.56926 -4
    endloop
  endfacet
  facet normal -0.98079 -0.195065 0
    outer loop
      vertex 29.1876 -8.1459 -4
      vertex 29.2718 -8.56926 -0.176344
      vertex 29.1876 -8.1459 -0.10929
    endloop
  endfacet
  facet normal -0.946908 0.321504 0
    outer loop
      vertex 29.0488 -10.2629 -0.488955
      vertex 29.1876 -9.8541 -0.379843
      vertex 29.1876 -9.8541 -4
    endloop
  endfacet
  facet normal -0.946908 0.321504 0
    outer loop
      vertex 29.0488 -10.2629 -0.488955
      vertex 29.1876 -9.8541 -4
      vertex 29.0488 -10.2629 -4
    endloop
  endfacet
  facet normal -0.946866 0.321627 -0.000513876
    outer loop
      vertex 29.1876 -9.8541 -0.379843
      vertex 29.0488 -10.2629 -0.488955
      vertex 29.0917 -10.1365 -0.424568
    endloop
  endfacet
  facet normal 0.195091 -0.980785 0
    outer loop
      vertex 25.1459 -5.81245 -4
      vertex 25.5693 -5.72823 -0.0861816
      vertex 25.1459 -5.81245 -0.0861816
    endloop
  endfacet
  facet normal 0.195091 -0.980785 0
    outer loop
      vertex 25.5693 -5.72823 -0.0861816
      vertex 25.1459 -5.81245 -4
      vertex 25.5693 -5.72823 -4
    endloop
  endfacet
  facet normal -0.997864 -0.0653289 -0
    outer loop
      vertex 29.3 -9 -0.244566
      vertex 29.2718 -8.56926 -4
      vertex 29.3 -9 -4
    endloop
  endfacet
  facet normal -0.997864 -0.0653289 0
    outer loop
      vertex 29.2718 -8.56926 -4
      vertex 29.3 -9 -0.244566
      vertex 29.2718 -8.56926 -0.176344
    endloop
  endfacet
  facet normal 0 0 1
    outer loop
      vertex 27.7 -9 -4
      vertex 29.3 -9 -4
      vertex 29.2718 -8.56926 -4
    endloop
  endfacet
  facet normal 0 0 1
    outer loop
      vertex 27.6855 -8.77811 -4
      vertex 29.2718 -8.56926 -4
      vertex 29.1876 -8.1459 -4
    endloop
  endfacet
  facet normal 0 0 1
    outer loop
      vertex 29.3 -9 -4
      vertex 27.7 -9 -4
      vertex 29.2718 -9.43074 -4
    endloop
  endfacet
  facet normal 0 0 1
    outer loop
      vertex 27.6421 -8.56001 -4
      vertex 29.1876 -8.1459 -4
      vertex 29.0488 -7.73715 -4
    endloop
  endfacet
  facet normal -0 0 1
    outer loop
      vertex 27.6855 -9.22189 -4
      vertex 29.2718 -9.43074 -4
      vertex 27.7 -9 -4
    endloop
  endfacet
  facet normal 0 0 1
    outer loop
      vertex 27.5706 -8.34944 -4
      vertex 29.0488 -7.73715 -4
      vertex 28.8579 -7.35 -4
    endloop
  endfacet
  facet normal 0 0 1
    outer loop
      vertex 29.2718 -9.43074 -4
      vertex 27.6855 -9.22189 -4
      vertex 29.1876 -9.8541 -4
    endloop
  endfacet
  facet normal 0 0 1
    outer loop
      vertex 27.4722 -8.15 -4
      vertex 28.8579 -7.35 -4
      vertex 28.6181 -6.99109 -4
    endloop
  endfacet
  facet normal -0 0 1
    outer loop
      vertex 27.6421 -9.43999 -4
      vertex 29.1876 -9.8541 -4
      vertex 27.6855 -9.22189 -4
    endloop
  endfacet
  facet normal 0 0 1
    outer loop
      vertex 27.3487 -7.96511 -4
      vertex 28.6181 -6.99109 -4
      vertex 28.3335 -6.66655 -4
    endloop
  endfacet
  facet normal 0 0 1
    outer loop
      vertex 29.1876 -9.8541 -4
      vertex 27.6421 -9.43999 -4
      vertex 29.0488 -10.2629 -4
    endloop
  endfacet
  facet normal 0 0 1
    outer loop
      vertex 27.2021 -7.79792 -4
      vertex 28.3335 -6.66655 -4
      vertex 28.0089 -6.38193 -4
    endloop
  endfacet
  facet normal -0 0 1
    outer loop
      vertex 27.5706 -9.65056 -4
      vertex 29.0488 -10.2629 -4
      vertex 27.6421 -9.43999 -4
    endloop
  endfacet
  facet normal 0 0 1
    outer loop
      vertex 29.0488 -10.2629 -4
      vertex 27.5706 -9.65056 -4
      vertex 28.8579 -10.65 -4
    endloop
  endfacet
  facet normal 0 0 1
    outer loop
      vertex 29.2718 -8.56926 -4
      vertex 27.6855 -8.77811 -4
      vertex 27.7 -9 -4
    endloop
  endfacet
  facet normal 0 0 1
    outer loop
      vertex 27.0349 -7.6513 -4
      vertex 28.0089 -6.38193 -4
      vertex 27.65 -6.14212 -4
    endloop
  endfacet
  facet normal 0 0 1
    outer loop
      vertex 29.1876 -8.1459 -4
      vertex 27.6421 -8.56001 -4
      vertex 27.6855 -8.77811 -4
    endloop
  endfacet
  facet normal 0 0 1
    outer loop
      vertex 29.0488 -7.73715 -4
      vertex 27.5706 -8.34944 -4
      vertex 27.6421 -8.56001 -4
    endloop
  endfacet
  facet normal 0 0 1
    outer loop
      vertex 28.8579 -7.35 -4
      vertex 27.4722 -8.15 -4
      vertex 27.5706 -8.34944 -4
    endloop
  endfacet
  facet normal 0 0 1
    outer loop
      vertex 28.6181 -6.99109 -4
      vertex 27.3487 -7.96511 -4
      vertex 27.4722 -8.15 -4
    endloop
  endfacet
  facet normal 0 0 1
    outer loop
      vertex 26.85 -7.52776 -4
      vertex 27.65 -6.14212 -4
      vertex 27.2629 -5.9512 -4
    endloop
  endfacet
  facet normal 0 0 1
    outer loop
      vertex 28.3335 -6.66655 -4
      vertex 27.2021 -7.79792 -4
      vertex 27.3487 -7.96511 -4
    endloop
  endfacet
  facet normal 0 0 1
    outer loop
      vertex 28.0089 -6.38193 -4
      vertex 27.0349 -7.6513 -4
      vertex 27.2021 -7.79792 -4
    endloop
  endfacet
  facet normal 0 0 1
    outer loop
      vertex 26.6506 -7.42941 -4
      vertex 27.2629 -5.9512 -4
      vertex 26.8541 -5.81245 -4
    endloop
  endfacet
  facet normal 0 0 1
    outer loop
      vertex 27.65 -6.14212 -4
      vertex 26.85 -7.52776 -4
      vertex 27.0349 -7.6513 -4
    endloop
  endfacet
  facet normal 0 0 1
    outer loop
      vertex 27.2629 -5.9512 -4
      vertex 26.6506 -7.42941 -4
      vertex 26.85 -7.52776 -4
    endloop
  endfacet
  facet normal 0 0 1
    outer loop
      vertex 26.8541 -5.81245 -4
      vertex 26.44 -7.35793 -4
      vertex 26.6506 -7.42941 -4
    endloop
  endfacet
  facet normal 0 0 1
    outer loop
      vertex 26.4307 -5.72823 -4
      vertex 26.44 -7.35793 -4
      vertex 26.8541 -5.81245 -4
    endloop
  endfacet
  facet normal 0 0 1
    outer loop
      vertex 26.4307 -5.72823 -4
      vertex 26.2219 -7.31454 -4
      vertex 26.44 -7.35793 -4
    endloop
  endfacet
  facet normal 0 0 1
    outer loop
      vertex 26 -5.7 -4
      vertex 26.2219 -7.31454 -4
      vertex 26.4307 -5.72823 -4
    endloop
  endfacet
  facet normal 0 0 1
    outer loop
      vertex 26 -5.7 -4
      vertex 26 -7.3 -4
      vertex 26.2219 -7.31454 -4
    endloop
  endfacet
  facet normal 0 0 1
    outer loop
      vertex 26 -5.7 -4
      vertex 25.7781 -7.31454 -4
      vertex 26 -7.3 -4
    endloop
  endfacet
  facet normal -0 0 1
    outer loop
      vertex 25.5693 -5.72823 -4
      vertex 25.7781 -7.31454 -4
      vertex 26 -5.7 -4
    endloop
  endfacet
  facet normal 0 0 1
    outer loop
      vertex 25.5693 -5.72823 -4
      vertex 25.56 -7.35793 -4
      vertex 25.7781 -7.31454 -4
    endloop
  endfacet
  facet normal -0 0 1
    outer loop
      vertex 25.1459 -5.81245 -4
      vertex 25.56 -7.35793 -4
      vertex 25.5693 -5.72823 -4
    endloop
  endfacet
  facet normal 0 0 1
    outer loop
      vertex 25.56 -7.35793 -4
      vertex 25.1459 -5.81245 -4
      vertex 25.3494 -7.42941 -4
    endloop
  endfacet
  facet normal -0 0 1
    outer loop
      vertex 24.7371 -5.9512 -4
      vertex 25.3494 -7.42941 -4
      vertex 25.1459 -5.81245 -4
    endloop
  endfacet
  facet normal 0 0 1
    outer loop
      vertex 25.3494 -7.42941 -4
      vertex 24.7371 -5.9512 -4
      vertex 25.15 -7.52776 -4
    endloop
  endfacet
  facet normal -0 0 1
    outer loop
      vertex 24.35 -6.14212 -4
      vertex 25.15 -7.52776 -4
      vertex 24.7371 -5.9512 -4
    endloop
  endfacet
  facet normal 0 0 1
    outer loop
      vertex 25.15 -7.52776 -4
      vertex 24.35 -6.14212 -4
      vertex 24.9651 -7.6513 -4
    endloop
  endfacet
  facet normal -0 0 1
    outer loop
      vertex 23.9911 -6.38193 -4
      vertex 24.9651 -7.6513 -4
      vertex 24.35 -6.14212 -4
    endloop
  endfacet
  facet normal 0 0 1
    outer loop
      vertex 24.9651 -7.6513 -4
      vertex 23.9911 -6.38193 -4
      vertex 24.7979 -7.79792 -4
    endloop
  endfacet
  facet normal -0 0 1
    outer loop
      vertex 23.6665 -6.66655 -4
      vertex 24.7979 -7.79792 -4
      vertex 23.9911 -6.38193 -4
    endloop
  endfacet
  facet normal 0 0 1
    outer loop
      vertex 24.7979 -7.79792 -4
      vertex 23.6665 -6.66655 -4
      vertex 24.6513 -7.96511 -4
    endloop
  endfacet
  facet normal -0 0 1
    outer loop
      vertex 23.3819 -6.99109 -4
      vertex 24.6513 -7.96511 -4
      vertex 23.6665 -6.66655 -4
    endloop
  endfacet
  facet normal 0 0 1
    outer loop
      vertex 24.6513 -7.96511 -4
      vertex 23.3819 -6.99109 -4
      vertex 24.5278 -8.15 -4
    endloop
  endfacet
  facet normal -0 0 1
    outer loop
      vertex 23.1421 -7.35 -4
      vertex 24.5278 -8.15 -4
      vertex 23.3819 -6.99109 -4
    endloop
  endfacet
  facet normal 0 0 1
    outer loop
      vertex 24.5278 -8.15 -4
      vertex 23.1421 -7.35 -4
      vertex 24.4294 -8.34944 -4
    endloop
  endfacet
  facet normal -0 0 1
    outer loop
      vertex 27.4722 -9.85 -4
      vertex 28.8579 -10.65 -4
      vertex 27.5706 -9.65056 -4
    endloop
  endfacet
  facet normal 0 0 1
    outer loop
      vertex 28.8579 -10.65 -4
      vertex 27.4722 -9.85 -4
      vertex 28.6181 -11.0089 -4
    endloop
  endfacet
  facet normal -0 0 1
    outer loop
      vertex 27.3487 -10.0349 -4
      vertex 28.6181 -11.0089 -4
      vertex 27.4722 -9.85 -4
    endloop
  endfacet
  facet normal 0 0 1
    outer loop
      vertex 28.6181 -11.0089 -4
      vertex 27.3487 -10.0349 -4
      vertex 28.3335 -11.3335 -4
    endloop
  endfacet
  facet normal -0 0 1
    outer loop
      vertex 27.2021 -10.2021 -4
      vertex 28.3335 -11.3335 -4
      vertex 27.3487 -10.0349 -4
    endloop
  endfacet
  facet normal 0 0 1
    outer loop
      vertex 28.3335 -11.3335 -4
      vertex 27.2021 -10.2021 -4
      vertex 28.0089 -11.6181 -4
    endloop
  endfacet
  facet normal -0 0 1
    outer loop
      vertex 27.0349 -10.3487 -4
      vertex 28.0089 -11.6181 -4
      vertex 27.2021 -10.2021 -4
    endloop
  endfacet
  facet normal 0 0 1
    outer loop
      vertex 28.0089 -11.6181 -4
      vertex 27.0349 -10.3487 -4
      vertex 27.65 -11.8579 -4
    endloop
  endfacet
  facet normal -0 0 1
    outer loop
      vertex 26.85 -10.4722 -4
      vertex 27.65 -11.8579 -4
      vertex 27.0349 -10.3487 -4
    endloop
  endfacet
  facet normal 0 0 1
    outer loop
      vertex 27.65 -11.8579 -4
      vertex 26.85 -10.4722 -4
      vertex 27.2629 -12.0488 -4
    endloop
  endfacet
  facet normal -0 0 1
    outer loop
      vertex 26.6506 -10.5706 -4
      vertex 27.2629 -12.0488 -4
      vertex 26.85 -10.4722 -4
    endloop
  endfacet
  facet normal 0 0 1
    outer loop
      vertex 27.2629 -12.0488 -4
      vertex 26.6506 -10.5706 -4
      vertex 26.8541 -12.1876 -4
    endloop
  endfacet
  facet normal -0 0 1
    outer loop
      vertex 26.44 -10.6421 -4
      vertex 26.8541 -12.1876 -4
      vertex 26.6506 -10.5706 -4
    endloop
  endfacet
  facet normal 0 0 1
    outer loop
      vertex 26.44 -10.6421 -4
      vertex 26.4307 -12.2718 -4
      vertex 26.8541 -12.1876 -4
    endloop
  endfacet
  facet normal -0 0 1
    outer loop
      vertex 26.2219 -10.6855 -4
      vertex 26.4307 -12.2718 -4
      vertex 26.44 -10.6421 -4
    endloop
  endfacet
  facet normal -0 0 1
    outer loop
      vertex 26 -10.7 -4
      vertex 26.4307 -12.2718 -4
      vertex 26.2219 -10.6855 -4
    endloop
  endfacet
  facet normal 0 0 1
    outer loop
      vertex 26 -10.7 -4
      vertex 26 -12.3 -4
      vertex 26.4307 -12.2718 -4
    endloop
  endfacet
  facet normal 0 0 1
    outer loop
      vertex 25.7781 -10.6855 -4
      vertex 26 -12.3 -4
      vertex 26 -10.7 -4
    endloop
  endfacet
  facet normal 0 0 1
    outer loop
      vertex 25.7781 -10.6855 -4
      vertex 25.5693 -12.2718 -4
      vertex 26 -12.3 -4
    endloop
  endfacet
  facet normal 0 0 1
    outer loop
      vertex 25.56 -10.6421 -4
      vertex 25.5693 -12.2718 -4
      vertex 25.7781 -10.6855 -4
    endloop
  endfacet
  facet normal 0 0 1
    outer loop
      vertex 25.1459 -12.1876 -4
      vertex 25.56 -10.6421 -4
      vertex 25.3494 -10.5706 -4
    endloop
  endfacet
  facet normal 0 0 1
    outer loop
      vertex 24.7371 -12.0488 -4
      vertex 25.3494 -10.5706 -4
      vertex 25.15 -10.4722 -4
    endloop
  endfacet
  facet normal 0 0 1
    outer loop
      vertex 25.56 -10.6421 -4
      vertex 25.1459 -12.1876 -4
      vertex 25.5693 -12.2718 -4
    endloop
  endfacet
  facet normal 0 0 1
    outer loop
      vertex 24.35 -11.8579 -4
      vertex 25.15 -10.4722 -4
      vertex 24.9651 -10.3487 -4
    endloop
  endfacet
  facet normal 0 0 1
    outer loop
      vertex 23.9911 -11.6181 -4
      vertex 24.9651 -10.3487 -4
      vertex 24.7979 -10.2021 -4
    endloop
  endfacet
  facet normal 0 0 1
    outer loop
      vertex 25.3494 -10.5706 -4
      vertex 24.7371 -12.0488 -4
      vertex 25.1459 -12.1876 -4
    endloop
  endfacet
  facet normal 0 0 1
    outer loop
      vertex 23.6665 -11.3335 -4
      vertex 24.7979 -10.2021 -4
      vertex 24.6513 -10.0349 -4
    endloop
  endfacet
  facet normal 0 0 1
    outer loop
      vertex 23.3819 -11.0089 -4
      vertex 24.6513 -10.0349 -4
      vertex 24.5278 -9.85 -4
    endloop
  endfacet
  facet normal 0 0 1
    outer loop
      vertex 23.1421 -10.65 -4
      vertex 24.5278 -9.85 -4
      vertex 24.4294 -9.65056 -4
    endloop
  endfacet
  facet normal 0 0 1
    outer loop
      vertex 22.9512 -10.2629 -4
      vertex 24.4294 -9.65056 -4
      vertex 24.3579 -9.43999 -4
    endloop
  endfacet
  facet normal 0 0 1
    outer loop
      vertex 25.15 -10.4722 -4
      vertex 24.35 -11.8579 -4
      vertex 24.7371 -12.0488 -4
    endloop
  endfacet
  facet normal 0 0 1
    outer loop
      vertex 22.8124 -9.8541 -4
      vertex 24.3579 -9.43999 -4
      vertex 24.3145 -9.22189 -4
    endloop
  endfacet
  facet normal 0 0 1
    outer loop
      vertex 22.7282 -9.43074 -4
      vertex 24.3145 -9.22189 -4
      vertex 24.3 -9 -4
    endloop
  endfacet
  facet normal -0 0 1
    outer loop
      vertex 22.9512 -7.73715 -4
      vertex 24.4294 -8.34944 -4
      vertex 23.1421 -7.35 -4
    endloop
  endfacet
  facet normal 0 0 1
    outer loop
      vertex 24.9651 -10.3487 -4
      vertex 23.9911 -11.6181 -4
      vertex 24.35 -11.8579 -4
    endloop
  endfacet
  facet normal 0 0 1
    outer loop
      vertex 24.4294 -8.34944 -4
      vertex 22.9512 -7.73715 -4
      vertex 24.3579 -8.56001 -4
    endloop
  endfacet
  facet normal 0 0 1
    outer loop
      vertex 24.7979 -10.2021 -4
      vertex 23.6665 -11.3335 -4
      vertex 23.9911 -11.6181 -4
    endloop
  endfacet
  facet normal -0 0 1
    outer loop
      vertex 22.8124 -8.1459 -4
      vertex 24.3579 -8.56001 -4
      vertex 22.9512 -7.73715 -4
    endloop
  endfacet
  facet normal 0 0 1
    outer loop
      vertex 24.6513 -10.0349 -4
      vertex 23.3819 -11.0089 -4
      vertex 23.6665 -11.3335 -4
    endloop
  endfacet
  facet normal 0 0 1
    outer loop
      vertex 24.3579 -8.56001 -4
      vertex 22.8124 -8.1459 -4
      vertex 24.3145 -8.77811 -4
    endloop
  endfacet
  facet normal 0 0 1
    outer loop
      vertex 24.5278 -9.85 -4
      vertex 23.1421 -10.65 -4
      vertex 23.3819 -11.0089 -4
    endloop
  endfacet
  facet normal -0 0 1
    outer loop
      vertex 22.7282 -8.56926 -4
      vertex 24.3145 -8.77811 -4
      vertex 22.8124 -8.1459 -4
    endloop
  endfacet
  facet normal 0 0 1
    outer loop
      vertex 24.4294 -9.65056 -4
      vertex 22.9512 -10.2629 -4
      vertex 23.1421 -10.65 -4
    endloop
  endfacet
  facet normal 0 0 1
    outer loop
      vertex 24.3145 -8.77811 -4
      vertex 22.7282 -8.56926 -4
      vertex 24.3 -9 -4
    endloop
  endfacet
  facet normal 0 0 1
    outer loop
      vertex 24.3579 -9.43999 -4
      vertex 22.8124 -9.8541 -4
      vertex 22.9512 -10.2629 -4
    endloop
  endfacet
  facet normal 0 0 1
    outer loop
      vertex 22.7 -9 -4
      vertex 24.3 -9 -4
      vertex 22.7282 -8.56926 -4
    endloop
  endfacet
  facet normal 0 0 1
    outer loop
      vertex 24.3145 -9.22189 -4
      vertex 22.7282 -9.43074 -4
      vertex 22.8124 -9.8541 -4
    endloop
  endfacet
  facet normal 0 0 1
    outer loop
      vertex 24.3 -9 -4
      vertex 22.7 -9 -4
      vertex 22.7282 -9.43074 -4
    endloop
  endfacet
  facet normal -0.659285 -0.751893 0
    outer loop
      vertex 28.0089 -6.38193 -4
      vertex 28.3335 -6.66655 -0.0861816
      vertex 28.0089 -6.38193 -0.0861816
    endloop
  endfacet
  facet normal -0.659285 -0.751893 -0
    outer loop
      vertex 28.3335 -6.66655 -0.0861816
      vertex 28.0089 -6.38193 -4
      vertex 28.3335 -6.66655 -4
    endloop
  endfacet
  facet normal -0.555571 -0.831469 0
    outer loop
      vertex 27.65 -6.14212 -4
      vertex 28.0089 -6.38193 -0.0861816
      vertex 27.65 -6.14212 -0.0861816
    endloop
  endfacet
  facet normal -0.555571 -0.831469 -0
    outer loop
      vertex 28.0089 -6.38193 -0.0861816
      vertex 27.65 -6.14212 -4
      vertex 28.0089 -6.38193 -4
    endloop
  endfacet
  facet normal -0.195047 0.980794 0
    outer loop
      vertex 26.8541 -12.1876 -4
      vertex 26.4307 -12.2718 -1.61453
      vertex 26.8541 -12.1876 -1.53032
    endloop
  endfacet
  facet normal -0.195047 0.980794 0
    outer loop
      vertex 26.4307 -12.2718 -1.61453
      vertex 26.8541 -12.1876 -4
      vertex 26.4307 -12.2718 -4
    endloop
  endfacet
  facet normal 0.89687 0.442295 0
    outer loop
      vertex 23.1421 -10.65 -0.686216
      vertex 22.9512 -10.2629 -4
      vertex 22.9512 -10.2629 -0.488955
    endloop
  endfacet
  facet normal 0.89687 0.442295 0
    outer loop
      vertex 22.9512 -10.2629 -4
      vertex 23.1421 -10.65 -0.686216
      vertex 23.1421 -10.65 -4
    endloop
  endfacet
  facet normal 0.659259 0.751916 0
    outer loop
      vertex 23.6665 -11.3335 -4
      vertex 23.9911 -11.6181 -1.17947
      vertex 23.9911 -11.6181 -4
    endloop
  endfacet
  facet normal 0.659259 0.751916 0
    outer loop
      vertex 23.9911 -11.6181 -1.17947
      vertex 23.6665 -11.3335 -4
      vertex 23.6665 -11.3335 -1.03445
    endloop
  endfacet
  facet normal 0.751916 0.659259 0
    outer loop
      vertex 23.6665 -11.3335 -1.03445
      vertex 23.3819 -11.0089 -4
      vertex 23.3819 -11.0089 -0.869091
    endloop
  endfacet
  facet normal 0.751916 0.659259 0
    outer loop
      vertex 23.3819 -11.0089 -4
      vertex 23.6665 -11.3335 -1.03445
      vertex 23.6665 -11.3335 -4
    endloop
  endfacet
  facet normal -0.442295 0.89687 0
    outer loop
      vertex 27.65 -11.8579 -4
      vertex 27.2629 -12.0488 -1.39894
      vertex 27.65 -11.8579 -1.30166
    endloop
  endfacet
  facet normal -0.442295 0.89687 0
    outer loop
      vertex 27.2629 -12.0488 -1.39894
      vertex 27.65 -11.8579 -4
      vertex 27.2629 -12.0488 -4
    endloop
  endfacet
  facet normal -0.751916 0.659259 0
    outer loop
      vertex 28.3335 -11.3335 -1.03445
      vertex 28.6181 -11.0089 -4
      vertex 28.3335 -11.3335 -4
    endloop
  endfacet
  facet normal -0.751916 0.659259 0
    outer loop
      vertex 28.6181 -11.0089 -4
      vertex 28.3335 -11.3335 -1.03445
      vertex 28.6181 -11.0089 -0.869091
    endloop
  endfacet
  facet normal -0.0653349 0.997863 0
    outer loop
      vertex 26.4307 -12.2718 -4
      vertex 26 -12.3 -1.64276
      vertex 26.4307 -12.2718 -1.61453
    endloop
  endfacet
  facet normal -0.0653349 0.997863 0
    outer loop
      vertex 26 -12.3 -1.64276
      vertex 26.4307 -12.2718 -4
      vertex 26 -12.3 -4
    endloop
  endfacet
  facet normal -0.831487 -0.555545 0
    outer loop
      vertex 28.8579 -7.35 -4
      vertex 28.6181 -6.99109 -0.0861816
      vertex 28.6181 -6.99109 -4
    endloop
  endfacet
  facet normal -0.831487 -0.555545 0
    outer loop
      vertex 28.6181 -6.99109 -0.0861816
      vertex 28.8579 -7.35 -4
      vertex 28.8579 -7.35 -0.0861816
    endloop
  endfacet
  facet normal -0.659259 0.751916 0
    outer loop
      vertex 28.3335 -11.3335 -4
      vertex 28.0089 -11.6181 -1.17947
      vertex 28.3335 -11.3335 -1.03445
    endloop
  endfacet
  facet normal -0.659259 0.751916 0
    outer loop
      vertex 28.0089 -11.6181 -1.17947
      vertex 28.3335 -11.3335 -4
      vertex 28.0089 -11.6181 -4
    endloop
  endfacet
  facet normal -0.555555 0.83148 0
    outer loop
      vertex 28.0089 -11.6181 -4
      vertex 27.65 -11.8579 -1.30166
      vertex 28.0089 -11.6181 -1.17947
    endloop
  endfacet
  facet normal -0.555555 0.83148 0
    outer loop
      vertex 27.65 -11.8579 -1.30166
      vertex 28.0089 -11.6181 -4
      vertex 27.65 -11.8579 -4
    endloop
  endfacet
  facet normal -0.751856 -0.659328 0
    outer loop
      vertex 28.6181 -6.99109 -4
      vertex 28.3335 -6.66655 -0.0861816
      vertex 28.3335 -6.66655 -4
    endloop
  endfacet
  facet normal -0.751856 -0.659328 0
    outer loop
      vertex 28.3335 -6.66655 -0.0861816
      vertex 28.6181 -6.99109 -4
      vertex 28.6181 -6.99109 -0.0861816
    endloop
  endfacet
  facet normal 0.98077 -0.195165 0
    outer loop
      vertex 76.3145 -9.77811 -4
      vertex 76.3579 -9.56001 -18.38
      vertex 76.3579 -9.56001 -4
    endloop
  endfacet
  facet normal 0.98077 -0.195165 0
    outer loop
      vertex 76.3579 -9.56001 -18.38
      vertex 76.3145 -9.77811 -4
      vertex 76.3145 -9.77811 -18.38
    endloop
  endfacet
  facet normal 0.997872 -0.0652086 0
    outer loop
      vertex 76.3 -10 -4
      vertex 76.3145 -9.77811 -18.38
      vertex 76.3145 -9.77811 -4
    endloop
  endfacet
  facet normal 0.997872 -0.0652086 0
    outer loop
      vertex 76.3145 -9.77811 -18.38
      vertex 76.3 -10 -4
      vertex 76.3 -10 -18.38
    endloop
  endfacet
  facet normal 0.0652057 0.997872 -0
    outer loop
      vertex 78 -11.7 -18.38
      vertex 77.7781 -11.6855 -4
      vertex 78 -11.7 -4
    endloop
  endfacet
  facet normal 0.0652057 0.997872 0
    outer loop
      vertex 77.7781 -11.6855 -4
      vertex 78 -11.7 -18.38
      vertex 77.7781 -11.6855 -18.38
    endloop
  endfacet
  facet normal -0.659319 -0.751863 0
    outer loop
      vertex 79.0349 -8.6513 -18.38
      vertex 79.2021 -8.79792 -4
      vertex 79.0349 -8.6513 -4
    endloop
  endfacet
  facet normal -0.659319 -0.751863 -0
    outer loop
      vertex 79.2021 -8.79792 -4
      vertex 79.0349 -8.6513 -18.38
      vertex 79.2021 -8.79792 -18.38
    endloop
  endfacet
  facet normal -0.831566 0.555426 0
    outer loop
      vertex 79.3487 -11.0349 -18.38
      vertex 79.4722 -10.85 -4
      vertex 79.4722 -10.85 -18.38
    endloop
  endfacet
  facet normal -0.831566 0.555426 0
    outer loop
      vertex 79.4722 -10.85 -4
      vertex 79.3487 -11.0349 -18.38
      vertex 79.3487 -11.0349 -4
    endloop
  endfacet
  facet normal -0.195165 0.98077 0
    outer loop
      vertex 78.44 -11.6421 -18.38
      vertex 78.2219 -11.6855 -4
      vertex 78.44 -11.6421 -4
    endloop
  endfacet
  facet normal -0.195165 0.98077 0
    outer loop
      vertex 78.2219 -11.6855 -4
      vertex 78.44 -11.6421 -18.38
      vertex 78.2219 -11.6855 -18.38
    endloop
  endfacet
  facet normal 0.659319 -0.751863 0
    outer loop
      vertex 76.7979 -8.79792 -18.38
      vertex 76.9651 -8.6513 -4
      vertex 76.7979 -8.79792 -4
    endloop
  endfacet
  facet normal 0.659319 -0.751863 0
    outer loop
      vertex 76.9651 -8.6513 -4
      vertex 76.7979 -8.79792 -18.38
      vertex 76.9651 -8.6513 -18.38
    endloop
  endfacet
  facet normal 0.946915 0.321484 0
    outer loop
      vertex 76.4294 -10.6506 -4
      vertex 76.3579 -10.44 -18.38
      vertex 76.3579 -10.44 -4
    endloop
  endfacet
  facet normal 0.946915 0.321484 0
    outer loop
      vertex 76.3579 -10.44 -18.38
      vertex 76.4294 -10.6506 -4
      vertex 76.4294 -10.6506 -18.38
    endloop
  endfacet
  facet normal 0.751908 0.659268 0
    outer loop
      vertex 76.7979 -11.2021 -4
      vertex 76.6513 -11.0349 -18.38
      vertex 76.6513 -11.0349 -4
    endloop
  endfacet
  facet normal 0.751908 0.659268 0
    outer loop
      vertex 76.6513 -11.0349 -18.38
      vertex 76.7979 -11.2021 -4
      vertex 76.7979 -11.2021 -18.38
    endloop
  endfacet
  facet normal 0.751888 -0.659291 0
    outer loop
      vertex 76.6513 -8.96511 -4
      vertex 76.7979 -8.79792 -18.38
      vertex 76.7979 -8.79792 -4
    endloop
  endfacet
  facet normal 0.751888 -0.659291 0
    outer loop
      vertex 76.7979 -8.79792 -18.38
      vertex 76.6513 -8.96511 -4
      vertex 76.6513 -8.96511 -18.38
    endloop
  endfacet
  facet normal -0.946915 0.321484 0
    outer loop
      vertex 79.5706 -10.6506 -18.38
      vertex 79.6421 -10.44 -4
      vertex 79.6421 -10.44 -18.38
    endloop
  endfacet
  facet normal -0.946915 0.321484 0
    outer loop
      vertex 79.6421 -10.44 -4
      vertex 79.5706 -10.6506 -18.38
      vertex 79.5706 -10.6506 -4
    endloop
  endfacet
  facet normal 0.321484 0.946915 -0
    outer loop
      vertex 77.56 -11.6421 -18.38
      vertex 77.3494 -11.5706 -4
      vertex 77.56 -11.6421 -4
    endloop
  endfacet
  facet normal 0.321484 0.946915 0
    outer loop
      vertex 77.3494 -11.5706 -4
      vertex 77.56 -11.6421 -18.38
      vertex 77.3494 -11.5706 -18.38
    endloop
  endfacet
  facet normal -0.0652057 0.997872 0
    outer loop
      vertex 78.2219 -11.6855 -18.38
      vertex 78 -11.7 -4
      vertex 78.2219 -11.6855 -4
    endloop
  endfacet
  facet normal -0.0652057 0.997872 0
    outer loop
      vertex 78 -11.7 -4
      vertex 78.2219 -11.6855 -18.38
      vertex 78 -11.7 -18.38
    endloop
  endfacet
  facet normal -0.321403 -0.946943 0
    outer loop
      vertex 78.44 -8.35793 -18.38
      vertex 78.6506 -8.42941 -4
      vertex 78.44 -8.35793 -4
    endloop
  endfacet
  facet normal -0.321403 -0.946943 -0
    outer loop
      vertex 78.6506 -8.42941 -4
      vertex 78.44 -8.35793 -18.38
      vertex 78.6506 -8.42941 -18.38
    endloop
  endfacet
  facet normal 0.946901 -0.321525 0
    outer loop
      vertex 76.3579 -9.56001 -4
      vertex 76.4294 -9.34944 -18.38
      vertex 76.4294 -9.34944 -4
    endloop
  endfacet
  facet normal 0.946901 -0.321525 0
    outer loop
      vertex 76.4294 -9.34944 -18.38
      vertex 76.3579 -9.56001 -4
      vertex 76.3579 -9.56001 -18.38
    endloop
  endfacet
  facet normal -0.751888 -0.659291 0
    outer loop
      vertex 79.3487 -8.96511 -18.38
      vertex 79.2021 -8.79792 -4
      vertex 79.2021 -8.79792 -18.38
    endloop
  endfacet
  facet normal -0.751888 -0.659291 0
    outer loop
      vertex 79.2021 -8.79792 -4
      vertex 79.3487 -8.96511 -18.38
      vertex 79.3487 -8.96511 -4
    endloop
  endfacet
  facet normal -0.44253 0.896754 0
    outer loop
      vertex 78.85 -11.4722 -18.38
      vertex 78.6506 -11.5706 -4
      vertex 78.85 -11.4722 -4
    endloop
  endfacet
  facet normal -0.44253 0.896754 0
    outer loop
      vertex 78.6506 -11.5706 -4
      vertex 78.85 -11.4722 -18.38
      vertex 78.6506 -11.5706 -18.38
    endloop
  endfacet
  facet normal -0.0653848 -0.99786 0
    outer loop
      vertex 78 -8.3 -18.38
      vertex 78.2219 -8.31454 -4
      vertex 78 -8.3 -4
    endloop
  endfacet
  facet normal -0.0653848 -0.99786 -0
    outer loop
      vertex 78.2219 -8.31454 -4
      vertex 78 -8.3 -18.38
      vertex 78.2219 -8.31454 -18.38
    endloop
  endfacet
  facet normal 0.896754 0.44253 0
    outer loop
      vertex 76.5278 -10.85 -4
      vertex 76.4294 -10.6506 -18.38
      vertex 76.4294 -10.6506 -4
    endloop
  endfacet
  facet normal 0.896754 0.44253 0
    outer loop
      vertex 76.4294 -10.6506 -18.38
      vertex 76.5278 -10.85 -4
      vertex 76.5278 -10.85 -18.38
    endloop
  endfacet
  facet normal 0.555426 0.831566 -0
    outer loop
      vertex 77.15 -11.4722 -18.38
      vertex 76.9651 -11.3487 -4
      vertex 77.15 -11.4722 -4
    endloop
  endfacet
  facet normal 0.555426 0.831566 0
    outer loop
      vertex 76.9651 -11.3487 -4
      vertex 77.15 -11.4722 -18.38
      vertex 76.9651 -11.3487 -18.38
    endloop
  endfacet
  facet normal -0.98077 0.195165 0
    outer loop
      vertex 79.6421 -10.44 -18.38
      vertex 79.6855 -10.2219 -4
      vertex 79.6855 -10.2219 -18.38
    endloop
  endfacet
  facet normal -0.98077 0.195165 0
    outer loop
      vertex 79.6855 -10.2219 -4
      vertex 79.6421 -10.44 -18.38
      vertex 79.6421 -10.44 -4
    endloop
  endfacet
  facet normal 0.195122 -0.980779 0
    outer loop
      vertex 77.56 -8.35793 -18.38
      vertex 77.7781 -8.31454 -4
      vertex 77.56 -8.35793 -4
    endloop
  endfacet
  facet normal 0.195122 -0.980779 0
    outer loop
      vertex 77.7781 -8.31454 -4
      vertex 77.56 -8.35793 -18.38
      vertex 77.7781 -8.31454 -18.38
    endloop
  endfacet
  facet normal 0.831552 -0.555447 0
    outer loop
      vertex 76.5278 -9.15 -4
      vertex 76.6513 -8.96511 -18.38
      vertex 76.6513 -8.96511 -4
    endloop
  endfacet
  facet normal 0.831552 -0.555447 0
    outer loop
      vertex 76.6513 -8.96511 -18.38
      vertex 76.5278 -9.15 -4
      vertex 76.5278 -9.15 -18.38
    endloop
  endfacet
  facet normal 0.997872 0.0652057 0
    outer loop
      vertex 76.3145 -10.2219 -4
      vertex 76.3 -10 -18.38
      vertex 76.3 -10 -4
    endloop
  endfacet
  facet normal 0.997872 0.0652057 0
    outer loop
      vertex 76.3 -10 -18.38
      vertex 76.3145 -10.2219 -4
      vertex 76.3145 -10.2219 -18.38
    endloop
  endfacet
  facet normal 0.321403 -0.946943 0
    outer loop
      vertex 77.3494 -8.42941 -18.38
      vertex 77.56 -8.35793 -4
      vertex 77.3494 -8.42941 -4
    endloop
  endfacet
  facet normal 0.321403 -0.946943 0
    outer loop
      vertex 77.56 -8.35793 -4
      vertex 77.3494 -8.42941 -18.38
      vertex 77.56 -8.35793 -18.38
    endloop
  endfacet
  facet normal 0.555551 -0.831483 0
    outer loop
      vertex 76.9651 -8.6513 -18.38
      vertex 77.15 -8.52776 -4
      vertex 76.9651 -8.6513 -4
    endloop
  endfacet
  facet normal 0.555551 -0.831483 0
    outer loop
      vertex 77.15 -8.52776 -4
      vertex 76.9651 -8.6513 -18.38
      vertex 77.15 -8.52776 -18.38
    endloop
  endfacet
  facet normal -0.195122 -0.980779 0
    outer loop
      vertex 78.2219 -8.31454 -18.38
      vertex 78.44 -8.35793 -4
      vertex 78.2219 -8.31454 -4
    endloop
  endfacet
  facet normal -0.195122 -0.980779 -0
    outer loop
      vertex 78.44 -8.35793 -4
      vertex 78.2219 -8.31454 -18.38
      vertex 78.44 -8.35793 -18.38
    endloop
  endfacet
  facet normal 0.659268 0.751908 -0
    outer loop
      vertex 76.9651 -11.3487 -18.38
      vertex 76.7979 -11.2021 -4
      vertex 76.9651 -11.3487 -4
    endloop
  endfacet
  facet normal 0.659268 0.751908 0
    outer loop
      vertex 76.7979 -11.2021 -4
      vertex 76.9651 -11.3487 -18.38
      vertex 76.7979 -11.2021 -18.38
    endloop
  endfacet
  facet normal -0.896789 -0.442459 0
    outer loop
      vertex 79.5706 -9.34944 -18.38
      vertex 79.4722 -9.15 -4
      vertex 79.4722 -9.15 -18.38
    endloop
  endfacet
  facet normal -0.896789 -0.442459 0
    outer loop
      vertex 79.4722 -9.15 -4
      vertex 79.5706 -9.34944 -18.38
      vertex 79.5706 -9.34944 -4
    endloop
  endfacet
  facet normal 0.98077 0.195165 0
    outer loop
      vertex 76.3579 -10.44 -4
      vertex 76.3145 -10.2219 -18.38
      vertex 76.3145 -10.2219 -4
    endloop
  endfacet
  facet normal 0.98077 0.195165 0
    outer loop
      vertex 76.3145 -10.2219 -18.38
      vertex 76.3579 -10.44 -4
      vertex 76.3579 -10.44 -18.38
    endloop
  endfacet
  facet normal 0.195165 0.98077 -0
    outer loop
      vertex 77.7781 -11.6855 -18.38
      vertex 77.56 -11.6421 -4
      vertex 77.7781 -11.6855 -4
    endloop
  endfacet
  facet normal 0.195165 0.98077 0
    outer loop
      vertex 77.56 -11.6421 -4
      vertex 77.7781 -11.6855 -18.38
      vertex 77.56 -11.6421 -18.38
    endloop
  endfacet
  facet normal -0.659268 0.751908 0
    outer loop
      vertex 79.2021 -11.2021 -18.38
      vertex 79.0349 -11.3487 -4
      vertex 79.2021 -11.2021 -4
    endloop
  endfacet
  facet normal -0.659268 0.751908 0
    outer loop
      vertex 79.0349 -11.3487 -4
      vertex 79.2021 -11.2021 -18.38
      vertex 79.0349 -11.3487 -18.38
    endloop
  endfacet
  facet normal -0.751908 0.659268 0
    outer loop
      vertex 79.2021 -11.2021 -18.38
      vertex 79.3487 -11.0349 -4
      vertex 79.3487 -11.0349 -18.38
    endloop
  endfacet
  facet normal -0.751908 0.659268 0
    outer loop
      vertex 79.3487 -11.0349 -4
      vertex 79.2021 -11.2021 -18.38
      vertex 79.2021 -11.2021 -4
    endloop
  endfacet
  facet normal 0.0653848 -0.99786 0
    outer loop
      vertex 77.7781 -8.31454 -18.38
      vertex 78 -8.3 -4
      vertex 77.7781 -8.31454 -4
    endloop
  endfacet
  facet normal 0.0653848 -0.99786 0
    outer loop
      vertex 78 -8.3 -4
      vertex 77.7781 -8.31454 -18.38
      vertex 78 -8.3 -18.38
    endloop
  endfacet
  facet normal 0.442349 -0.896843 0
    outer loop
      vertex 77.15 -8.52776 -18.38
      vertex 77.3494 -8.42941 -4
      vertex 77.15 -8.52776 -4
    endloop
  endfacet
  facet normal 0.442349 -0.896843 0
    outer loop
      vertex 77.3494 -8.42941 -4
      vertex 77.15 -8.52776 -18.38
      vertex 77.3494 -8.42941 -18.38
    endloop
  endfacet
  facet normal 0.831566 0.555426 0
    outer loop
      vertex 76.6513 -11.0349 -4
      vertex 76.5278 -10.85 -18.38
      vertex 76.5278 -10.85 -4
    endloop
  endfacet
  facet normal 0.831566 0.555426 0
    outer loop
      vertex 76.5278 -10.85 -18.38
      vertex 76.6513 -11.0349 -4
      vertex 76.6513 -11.0349 -18.38
    endloop
  endfacet
  facet normal -0.997872 0.0652057 0
    outer loop
      vertex 79.6855 -10.2219 -18.38
      vertex 79.7 -10 -4
      vertex 79.7 -10 -18.38
    endloop
  endfacet
  facet normal -0.997872 0.0652057 0
    outer loop
      vertex 79.7 -10 -4
      vertex 79.6855 -10.2219 -18.38
      vertex 79.6855 -10.2219 -4
    endloop
  endfacet
  facet normal 0.44253 0.896754 -0
    outer loop
      vertex 77.3494 -11.5706 -18.38
      vertex 77.15 -11.4722 -4
      vertex 77.3494 -11.5706 -4
    endloop
  endfacet
  facet normal 0.44253 0.896754 0
    outer loop
      vertex 77.15 -11.4722 -4
      vertex 77.3494 -11.5706 -18.38
      vertex 77.15 -11.4722 -18.38
    endloop
  endfacet
  facet normal -0.98077 -0.195165 0
    outer loop
      vertex 79.6855 -9.77811 -18.38
      vertex 79.6421 -9.56001 -4
      vertex 79.6421 -9.56001 -18.38
    endloop
  endfacet
  facet normal -0.98077 -0.195165 0
    outer loop
      vertex 79.6421 -9.56001 -4
      vertex 79.6855 -9.77811 -18.38
      vertex 79.6855 -9.77811 -4
    endloop
  endfacet
  facet normal -0.896754 0.44253 0
    outer loop
      vertex 79.4722 -10.85 -18.38
      vertex 79.5706 -10.6506 -4
      vertex 79.5706 -10.6506 -18.38
    endloop
  endfacet
  facet normal -0.896754 0.44253 0
    outer loop
      vertex 79.5706 -10.6506 -4
      vertex 79.4722 -10.85 -18.38
      vertex 79.4722 -10.85 -4
    endloop
  endfacet
  facet normal -0.946901 -0.321525 0
    outer loop
      vertex 79.6421 -9.56001 -18.38
      vertex 79.5706 -9.34944 -4
      vertex 79.5706 -9.34944 -18.38
    endloop
  endfacet
  facet normal -0.946901 -0.321525 0
    outer loop
      vertex 79.5706 -9.34944 -4
      vertex 79.6421 -9.56001 -18.38
      vertex 79.6421 -9.56001 -4
    endloop
  endfacet
  facet normal 0.896789 -0.442459 0
    outer loop
      vertex 76.4294 -9.34944 -4
      vertex 76.5278 -9.15 -18.38
      vertex 76.5278 -9.15 -4
    endloop
  endfacet
  facet normal 0.896789 -0.442459 0
    outer loop
      vertex 76.5278 -9.15 -18.38
      vertex 76.4294 -9.34944 -4
      vertex 76.4294 -9.34944 -18.38
    endloop
  endfacet
  facet normal -0.997872 -0.0652086 0
    outer loop
      vertex 79.7 -10 -18.38
      vertex 79.6855 -9.77811 -4
      vertex 79.6855 -9.77811 -18.38
    endloop
  endfacet
  facet normal -0.997872 -0.0652086 0
    outer loop
      vertex 79.6855 -9.77811 -4
      vertex 79.7 -10 -18.38
      vertex 79.7 -10 -4
    endloop
  endfacet
  facet normal -0.321484 0.946915 0
    outer loop
      vertex 78.6506 -11.5706 -18.38
      vertex 78.44 -11.6421 -4
      vertex 78.6506 -11.5706 -4
    endloop
  endfacet
  facet normal -0.321484 0.946915 0
    outer loop
      vertex 78.44 -11.6421 -4
      vertex 78.6506 -11.5706 -18.38
      vertex 78.44 -11.6421 -18.38
    endloop
  endfacet
  facet normal -0.442349 -0.896843 0
    outer loop
      vertex 78.6506 -8.42941 -18.38
      vertex 78.85 -8.52776 -4
      vertex 78.6506 -8.42941 -4
    endloop
  endfacet
  facet normal -0.442349 -0.896843 -0
    outer loop
      vertex 78.85 -8.52776 -4
      vertex 78.6506 -8.42941 -18.38
      vertex 78.85 -8.52776 -18.38
    endloop
  endfacet
  facet normal -0.555551 -0.831483 0
    outer loop
      vertex 78.85 -8.52776 -18.38
      vertex 79.0349 -8.6513 -4
      vertex 78.85 -8.52776 -4
    endloop
  endfacet
  facet normal -0.555551 -0.831483 -0
    outer loop
      vertex 79.0349 -8.6513 -4
      vertex 78.85 -8.52776 -18.38
      vertex 79.0349 -8.6513 -18.38
    endloop
  endfacet
  facet normal -0.831552 -0.555447 0
    outer loop
      vertex 79.4722 -9.15 -18.38
      vertex 79.3487 -8.96511 -4
      vertex 79.3487 -8.96511 -18.38
    endloop
  endfacet
  facet normal -0.831552 -0.555447 0
    outer loop
      vertex 79.3487 -8.96511 -4
      vertex 79.4722 -9.15 -18.38
      vertex 79.4722 -9.15 -4
    endloop
  endfacet
  facet normal -0.555426 0.831566 0
    outer loop
      vertex 79.0349 -11.3487 -18.38
      vertex 78.85 -11.4722 -4
      vertex 79.0349 -11.3487 -4
    endloop
  endfacet
  facet normal -0.555426 0.831566 0
    outer loop
      vertex 78.85 -11.4722 -4
      vertex 79.0349 -11.3487 -18.38
      vertex 78.85 -11.4722 -18.38
    endloop
  endfacet
  facet normal 0.98079 -0.195065 0
    outer loop
      vertex 74.7282 -9.56926 -0.334729
      vertex 74.8124 -9.1459 -4
      vertex 74.8124 -9.1459 -0.267674
    endloop
  endfacet
  facet normal 0.98079 -0.195065 0
    outer loop
      vertex 74.8124 -9.1459 -4
      vertex 74.7282 -9.56926 -0.334729
      vertex 74.7282 -9.56926 -4
    endloop
  endfacet
  facet normal 0.997864 -0.0653289 0
    outer loop
      vertex 74.7 -10 -0.402951
      vertex 74.7282 -9.56926 -4
      vertex 74.7282 -9.56926 -0.334729
    endloop
  endfacet
  facet normal 0.997864 -0.0653289 0
    outer loop
      vertex 74.7282 -9.56926 -4
      vertex 74.7 -10 -0.402951
      vertex 74.7 -10 -4
    endloop
  endfacet
  facet normal 0.946896 -0.321539 0
    outer loop
      vertex 74.8124 -9.1459 -0.267674
      vertex 74.9512 -8.73715 -4
      vertex 74.9512 -8.73715 -0.202934
    endloop
  endfacet
  facet normal 0.946896 -0.321539 0
    outer loop
      vertex 74.9512 -8.73715 -4
      vertex 74.8124 -9.1459 -0.267674
      vertex 74.8124 -9.1459 -4
    endloop
  endfacet
  facet normal 0.0654041 -0.997859 0
    outer loop
      vertex 77.5693 -6.72823 -4
      vertex 78 -6.7 -0.0861816
      vertex 77.5693 -6.72823 -0.0861816
    endloop
  endfacet
  facet normal 0.0654041 -0.997859 0
    outer loop
      vertex 78 -6.7 -0.0861816
      vertex 77.5693 -6.72823 -4
      vertex 78 -6.7 -4
    endloop
  endfacet
  facet normal -0.896892 -0.442249 -0
    outer loop
      vertex 81.0488 -8.73715 -1.51243
      vertex 80.8579 -8.35 -4
      vertex 81.0488 -8.73715 -4
    endloop
  endfacet
  facet normal -0.896892 -0.442249 0
    outer loop
      vertex 80.8579 -8.35 -4
      vertex 81.0488 -8.73715 -1.51243
      vertex 80.8579 -8.35 -1.3124
    endloop
  endfacet
  facet normal 0.3214 -0.946943 0
    outer loop
      vertex 76.7371 -6.9512 -4
      vertex 77.1459 -6.81245 -0.0861816
      vertex 76.7371 -6.9512 -0.0861816
    endloop
  endfacet
  facet normal 0.3214 -0.946943 0
    outer loop
      vertex 77.1459 -6.81245 -0.0861816
      vertex 76.7371 -6.9512 -4
      vertex 77.1459 -6.81245 -4
    endloop
  endfacet
  facet normal 0.980794 0.195047 0
    outer loop
      vertex 74.8124 -10.8541 -0.790211
      vertex 74.7282 -10.4307 -4
      vertex 74.7282 -10.4307 -0.574495
    endloop
  endfacet
  facet normal 0.980794 0.195047 0
    outer loop
      vertex 74.7282 -10.4307 -4
      vertex 74.8124 -10.8541 -0.790211
      vertex 74.8124 -10.8541 -4
    endloop
  endfacet
  facet normal 0.555571 -0.831469 0
    outer loop
      vertex 75.9911 -7.38193 -4
      vertex 76.35 -7.14212 -0.0861816
      vertex 75.9911 -7.38193 -0.0861816
    endloop
  endfacet
  facet normal 0.555571 -0.831469 0
    outer loop
      vertex 76.35 -7.14212 -0.0861816
      vertex 75.9911 -7.38193 -4
      vertex 76.35 -7.14212 -4
    endloop
  endfacet
  facet normal -0.980662 0.195709 0
    outer loop
      vertex 81.2718 -10.4307 -4
      vertex 81.2533 -10.5234 -2.23802
      vertex 81.2718 -10.4307 -2.20565
    endloop
  endfacet
  facet normal -0.980794 0.195047 0
    outer loop
      vertex 81.1876 -10.8541 -2.35355
      vertex 81.2718 -10.4307 -4
      vertex 81.1876 -10.8541 -4
    endloop
  endfacet
  facet normal -0.980828 0.194876 -4.55541e-05
    outer loop
      vertex 81.2718 -10.4307 -4
      vertex 81.1876 -10.8541 -2.35355
      vertex 81.2533 -10.5234 -2.23802
    endloop
  endfacet
  facet normal -0.89687 0.442295 0
    outer loop
      vertex 80.8579 -11.65 -2.62812
      vertex 81.0488 -11.2629 -2.45007
      vertex 81.0488 -11.2629 -4
    endloop
  endfacet
  facet normal -0.89687 0.442295 0
    outer loop
      vertex 80.8579 -11.65 -2.62812
      vertex 81.0488 -11.2629 -4
      vertex 80.8579 -11.65 -4
    endloop
  endfacet
  facet normal -0.897212 0.441597 0.00188428
    outer loop
      vertex 81.0488 -11.2629 -2.45007
      vertex 80.8579 -11.65 -2.62812
      vertex 81.0293 -11.3025 -2.45452
    endloop
  endfacet
  facet normal 0.896892 -0.442249 0
    outer loop
      vertex 74.9512 -8.73715 -0.202934
      vertex 75.1421 -8.35 -4
      vertex 75.1421 -8.35 -0.141616
    endloop
  endfacet
  facet normal 0.896892 -0.442249 0
    outer loop
      vertex 75.1421 -8.35 -4
      vertex 74.9512 -8.73715 -0.202934
      vertex 74.9512 -8.73715 -4
    endloop
  endfacet
  facet normal -0.195091 -0.980785 0
    outer loop
      vertex 78.4307 -6.72823 -4
      vertex 78.8541 -6.81245 -0.332816
      vertex 78.4307 -6.72823 -0.195255
    endloop
  endfacet
  facet normal -0.195091 -0.980785 -0
    outer loop
      vertex 78.8541 -6.81245 -0.332816
      vertex 78.4307 -6.72823 -4
      vertex 78.8541 -6.81245 -4
    endloop
  endfacet
  facet normal -0.321504 0.946908 0
    outer loop
      vertex 78.8541 -13.1876 -4
      vertex 79.2629 -13.0488 -2.92158
      vertex 79.2629 -13.0488 -4
    endloop
  endfacet
  facet normal -0.321504 0.946908 0
    outer loop
      vertex 79.2629 -13.0488 -2.92158
      vertex 78.8541 -13.1876 -4
      vertex 78.8541 -13.1876 -2.87482
    endloop
  endfacet
  facet normal 0.946908 0.321504 0
    outer loop
      vertex 74.9512 -11.2629 -0.998481
      vertex 74.8124 -10.8541 -4
      vertex 74.8124 -10.8541 -0.790211
    endloop
  endfacet
  facet normal 0.946908 0.321504 0
    outer loop
      vertex 74.8124 -10.8541 -4
      vertex 74.9512 -11.2629 -0.998481
      vertex 74.9512 -11.2629 -4
    endloop
  endfacet
  facet normal 0.0653349 0.997863 0
    outer loop
      vertex 77.5693 -13.2718 -4
      vertex 78 -13.3 -2.64276
      vertex 78 -13.3 -4
    endloop
  endfacet
  facet normal 0.0653349 0.997863 0
    outer loop
      vertex 78 -13.3 -2.64276
      vertex 77.5693 -13.2718 -4
      vertex 77.5693 -13.2718 -2.61453
    endloop
  endfacet
  facet normal 0.555555 0.83148 0
    outer loop
      vertex 75.9911 -12.6181 -4
      vertex 76.35 -12.8579 -2.20065
      vertex 76.35 -12.8579 -4
    endloop
  endfacet
  facet normal 0.555555 0.83148 0
    outer loop
      vertex 76.35 -12.8579 -2.20065
      vertex 75.9911 -12.6181 -4
      vertex 75.9911 -12.6181 -1.96083
    endloop
  endfacet
  facet normal -0.3214 -0.946943 0
    outer loop
      vertex 78.8541 -6.81245 -4
      vertex 79.2629 -6.9512 -0.465627
      vertex 78.8541 -6.81245 -0.332816
    endloop
  endfacet
  facet normal -0.3214 -0.946943 -0
    outer loop
      vertex 79.2629 -6.9512 -0.465627
      vertex 78.8541 -6.81245 -4
      vertex 79.2629 -6.9512 -4
    endloop
  endfacet
  facet normal 0.833343 -0.551821 -0.0321395
    outer loop
      vertex 75.1421 -8.35 -0.141616
      vertex 75.3819 -7.99109 -0.0861816
      vertex 75.376 -8 -0.0861816
    endloop
  endfacet
  facet normal 0.831487 -0.555545 0
    outer loop
      vertex 75.3819 -7.99109 -0.0861816
      vertex 75.1421 -8.35 -0.141616
      vertex 75.3819 -7.99109 -4
    endloop
  endfacet
  facet normal 0.831487 -0.555545 0
    outer loop
      vertex 75.3819 -7.99109 -4
      vertex 75.1421 -8.35 -0.141616
      vertex 75.1421 -8.35 -4
    endloop
  endfacet
  facet normal 0.195047 0.980794 0
    outer loop
      vertex 77.1459 -13.1876 -4
      vertex 77.5693 -13.2718 -2.61453
      vertex 77.5693 -13.2718 -4
    endloop
  endfacet
  facet normal 0.195047 0.980794 0
    outer loop
      vertex 77.5693 -13.2718 -2.61453
      vertex 77.1459 -13.1876 -4
      vertex 77.1459 -13.1876 -2.53032
    endloop
  endfacet
  facet normal -0.83148 0.555555 0
    outer loop
      vertex 80.6181 -12.0089 -2.74365
      vertex 80.8579 -11.65 -4
      vertex 80.6181 -12.0089 -4
    endloop
  endfacet
  facet normal -0.83148 0.555555 0
    outer loop
      vertex 80.8579 -11.65 -4
      vertex 80.6181 -12.0089 -2.74365
      vertex 80.8579 -11.65 -2.62812
    endloop
  endfacet
  facet normal -0.0654384 -0.997857 -0.000135879
    outer loop
      vertex 78 -6.7 -0.0861816
      vertex 78.4307 -6.72823 -0.195255
      vertex 78.095 -6.70623 -0.0861816
    endloop
  endfacet
  facet normal -0.0654041 -0.997859 0
    outer loop
      vertex 78 -6.7 -4
      vertex 78.4307 -6.72823 -0.195255
      vertex 78 -6.7 -0.0861816
    endloop
  endfacet
  facet normal -0.0654041 -0.997859 -0
    outer loop
      vertex 78.4307 -6.72823 -0.195255
      vertex 78 -6.7 -4
      vertex 78.4307 -6.72823 -4
    endloop
  endfacet
  facet normal 0.659285 -0.751893 0
    outer loop
      vertex 75.6665 -7.66655 -4
      vertex 75.9911 -7.38193 -0.0861816
      vertex 75.6665 -7.66655 -0.0861816
    endloop
  endfacet
  facet normal 0.659285 -0.751893 0
    outer loop
      vertex 75.9911 -7.38193 -0.0861816
      vertex 75.6665 -7.66655 -4
      vertex 75.9911 -7.38193 -4
    endloop
  endfacet
  facet normal -0.94695 -0.32138 0
    outer loop
      vertex 81.0488 -8.73715 -4
      vertex 81.109 -8.91453 -1.58427
      vertex 81.0488 -8.73715 -1.51243
    endloop
  endfacet
  facet normal -0.946896 -0.321539 -0
    outer loop
      vertex 81.1876 -9.1459 -1.67798
      vertex 81.0488 -8.73715 -4
      vertex 81.1876 -9.1459 -4
    endloop
  endfacet
  facet normal -0.946858 -0.321653 -2.2364e-05
    outer loop
      vertex 81.0488 -8.73715 -4
      vertex 81.1876 -9.1459 -1.67798
      vertex 81.109 -8.91453 -1.58427
    endloop
  endfacet
  facet normal -0.442332 -0.896851 0
    outer loop
      vertex 79.2629 -6.9512 -4
      vertex 79.65 -7.14212 -0.591418
      vertex 79.2629 -6.9512 -0.465627
    endloop
  endfacet
  facet normal -0.442332 -0.896851 -0
    outer loop
      vertex 79.65 -7.14212 -0.591418
      vertex 79.2629 -6.9512 -4
      vertex 79.65 -7.14212 -4
    endloop
  endfacet
  facet normal 0.83148 0.555555 0
    outer loop
      vertex 75.3819 -12.0089 -1.37862
      vertex 75.1421 -11.65 -4
      vertex 75.1421 -11.65 -1.19574
    endloop
  endfacet
  facet normal 0.83148 0.555555 0
    outer loop
      vertex 75.1421 -11.65 -4
      vertex 75.3819 -12.0089 -1.37862
      vertex 75.3819 -12.0089 -4
    endloop
  endfacet
  facet normal 0.751856 -0.659328 0
    outer loop
      vertex 75.3819 -7.99109 -0.0861816
      vertex 75.6665 -7.66655 -4
      vertex 75.6665 -7.66655 -0.0861816
    endloop
  endfacet
  facet normal 0.751856 -0.659328 0
    outer loop
      vertex 75.6665 -7.66655 -4
      vertex 75.3819 -7.99109 -0.0861816
      vertex 75.3819 -7.99109 -4
    endloop
  endfacet
  facet normal 0.997892 0.064884 0.00113689
    outer loop
      vertex 74.7282 -10.4307 -0.574495
      vertex 74.7 -10 -0.402951
      vertex 74.7089 -10.1365 -0.424568
    endloop
  endfacet
  facet normal 0.997863 0.0653349 0
    outer loop
      vertex 74.7 -10 -0.402951
      vertex 74.7282 -10.4307 -0.574495
      vertex 74.7 -10 -4
    endloop
  endfacet
  facet normal 0.997863 0.0653349 0
    outer loop
      vertex 74.7 -10 -4
      vertex 74.7282 -10.4307 -0.574495
      vertex 74.7282 -10.4307 -4
    endloop
  endfacet
  facet normal 0.442295 0.89687 0
    outer loop
      vertex 76.35 -12.8579 -4
      vertex 76.7371 -13.0488 -2.39157
      vertex 76.7371 -13.0488 -4
    endloop
  endfacet
  facet normal 0.442295 0.89687 0
    outer loop
      vertex 76.7371 -13.0488 -2.39157
      vertex 76.35 -12.8579 -4
      vertex 76.35 -12.8579 -2.20065
    endloop
  endfacet
  facet normal 0.321504 0.946908 0
    outer loop
      vertex 76.7371 -13.0488 -4
      vertex 77.1459 -13.1876 -2.53032
      vertex 77.1459 -13.1876 -4
    endloop
  endfacet
  facet normal 0.321504 0.946908 0
    outer loop
      vertex 77.1459 -13.1876 -2.53032
      vertex 76.7371 -13.0488 -4
      vertex 76.7371 -13.0488 -2.39157
    endloop
  endfacet
  facet normal 0.442332 -0.896851 0
    outer loop
      vertex 76.35 -7.14212 -4
      vertex 76.7371 -6.9512 -0.0861816
      vertex 76.35 -7.14212 -0.0861816
    endloop
  endfacet
  facet normal 0.442332 -0.896851 0
    outer loop
      vertex 76.7371 -6.9512 -0.0861816
      vertex 76.35 -7.14212 -4
      vertex 76.7371 -6.9512 -4
    endloop
  endfacet
  facet normal -0.997863 0.0653349 0
    outer loop
      vertex 81.2718 -10.4307 -2.20565
      vertex 81.3 -10 -4
      vertex 81.2718 -10.4307 -4
    endloop
  endfacet
  facet normal -0.997863 0.0653349 0
    outer loop
      vertex 81.3 -10 -4
      vertex 81.2718 -10.4307 -2.20565
      vertex 81.3 -10 -2.00892
    endloop
  endfacet
  facet normal -0.98079 -0.195065 -0
    outer loop
      vertex 81.2718 -9.56926 -1.80622
      vertex 81.1876 -9.1459 -4
      vertex 81.2718 -9.56926 -4
    endloop
  endfacet
  facet normal -0.98079 -0.195065 0
    outer loop
      vertex 81.1876 -9.1459 -4
      vertex 81.2718 -9.56926 -1.80622
      vertex 81.1876 -9.1459 -1.67798
    endloop
  endfacet
  facet normal -0.946908 0.321504 0
    outer loop
      vertex 81.0488 -11.2629 -2.45007
      vertex 81.1876 -10.8541 -4
      vertex 81.0488 -11.2629 -4
    endloop
  endfacet
  facet normal -0.946908 0.321504 0
    outer loop
      vertex 81.1876 -10.8541 -4
      vertex 81.0488 -11.2629 -2.45007
      vertex 81.1876 -10.8541 -2.35355
    endloop
  endfacet
  facet normal 0.195091 -0.980785 0
    outer loop
      vertex 77.1459 -6.81245 -4
      vertex 77.5693 -6.72823 -0.0861816
      vertex 77.1459 -6.81245 -0.0861816
    endloop
  endfacet
  facet normal 0.195091 -0.980785 0
    outer loop
      vertex 77.5693 -6.72823 -0.0861816
      vertex 77.1459 -6.81245 -4
      vertex 77.5693 -6.72823 -4
    endloop
  endfacet
  facet normal -0.997864 -0.0653289 0
    outer loop
      vertex 81.3 -10 -2.00892
      vertex 81.2718 -9.56926 -1.80622
      vertex 81.2718 -9.56926 -4
    endloop
  endfacet
  facet normal -0.997864 -0.0653289 -0
    outer loop
      vertex 81.3 -10 -2.00892
      vertex 81.2718 -9.56926 -4
      vertex 81.3 -10 -4
    endloop
  endfacet
  facet normal -0.997923 -0.0643856 -0.0020127
    outer loop
      vertex 81.2718 -9.56926 -1.80622
      vertex 81.3 -10 -2.00892
      vertex 81.279 -9.68014 -1.82906
    endloop
  endfacet
  facet normal 0 0 1
    outer loop
      vertex 79.7 -10 -4
      vertex 81.3 -10 -4
      vertex 81.2718 -9.56926 -4
    endloop
  endfacet
  facet normal 0 0 1
    outer loop
      vertex 79.6855 -9.77811 -4
      vertex 81.2718 -9.56926 -4
      vertex 81.1876 -9.1459 -4
    endloop
  endfacet
  facet normal 0 0 1
    outer loop
      vertex 81.3 -10 -4
      vertex 79.7 -10 -4
      vertex 81.2718 -10.4307 -4
    endloop
  endfacet
  facet normal 0 0 1
    outer loop
      vertex 79.6421 -9.56001 -4
      vertex 81.1876 -9.1459 -4
      vertex 81.0488 -8.73715 -4
    endloop
  endfacet
  facet normal -0 0 1
    outer loop
      vertex 79.6855 -10.2219 -4
      vertex 81.2718 -10.4307 -4
      vertex 79.7 -10 -4
    endloop
  endfacet
  facet normal 0 0 1
    outer loop
      vertex 79.5706 -9.34944 -4
      vertex 81.0488 -8.73715 -4
      vertex 80.8579 -8.35 -4
    endloop
  endfacet
  facet normal 0 0 1
    outer loop
      vertex 81.2718 -10.4307 -4
      vertex 79.6855 -10.2219 -4
      vertex 81.1876 -10.8541 -4
    endloop
  endfacet
  facet normal 0 0 1
    outer loop
      vertex 79.4722 -9.15 -4
      vertex 80.8579 -8.35 -4
      vertex 80.6181 -7.99109 -4
    endloop
  endfacet
  facet normal -0 0 1
    outer loop
      vertex 79.6421 -10.44 -4
      vertex 81.1876 -10.8541 -4
      vertex 79.6855 -10.2219 -4
    endloop
  endfacet
  facet normal 0 0 1
    outer loop
      vertex 79.3487 -8.96511 -4
      vertex 80.6181 -7.99109 -4
      vertex 80.3335 -7.66655 -4
    endloop
  endfacet
  facet normal 0 0 1
    outer loop
      vertex 81.1876 -10.8541 -4
      vertex 79.6421 -10.44 -4
      vertex 81.0488 -11.2629 -4
    endloop
  endfacet
  facet normal 0 0 1
    outer loop
      vertex 79.2021 -8.79792 -4
      vertex 80.3335 -7.66655 -4
      vertex 80.0089 -7.38193 -4
    endloop
  endfacet
  facet normal -0 0 1
    outer loop
      vertex 79.5706 -10.6506 -4
      vertex 81.0488 -11.2629 -4
      vertex 79.6421 -10.44 -4
    endloop
  endfacet
  facet normal 0 0 1
    outer loop
      vertex 81.0488 -11.2629 -4
      vertex 79.5706 -10.6506 -4
      vertex 80.8579 -11.65 -4
    endloop
  endfacet
  facet normal 0 0 1
    outer loop
      vertex 81.2718 -9.56926 -4
      vertex 79.6855 -9.77811 -4
      vertex 79.7 -10 -4
    endloop
  endfacet
  facet normal 0 0 1
    outer loop
      vertex 79.0349 -8.6513 -4
      vertex 80.0089 -7.38193 -4
      vertex 79.65 -7.14212 -4
    endloop
  endfacet
  facet normal 0 0 1
    outer loop
      vertex 81.1876 -9.1459 -4
      vertex 79.6421 -9.56001 -4
      vertex 79.6855 -9.77811 -4
    endloop
  endfacet
  facet normal 0 0 1
    outer loop
      vertex 81.0488 -8.73715 -4
      vertex 79.5706 -9.34944 -4
      vertex 79.6421 -9.56001 -4
    endloop
  endfacet
  facet normal 0 0 1
    outer loop
      vertex 80.8579 -8.35 -4
      vertex 79.4722 -9.15 -4
      vertex 79.5706 -9.34944 -4
    endloop
  endfacet
  facet normal 0 0 1
    outer loop
      vertex 80.6181 -7.99109 -4
      vertex 79.3487 -8.96511 -4
      vertex 79.4722 -9.15 -4
    endloop
  endfacet
  facet normal 0 0 1
    outer loop
      vertex 78.85 -8.52776 -4
      vertex 79.65 -7.14212 -4
      vertex 79.2629 -6.9512 -4
    endloop
  endfacet
  facet normal 0 0 1
    outer loop
      vertex 80.3335 -7.66655 -4
      vertex 79.2021 -8.79792 -4
      vertex 79.3487 -8.96511 -4
    endloop
  endfacet
  facet normal 0 0 1
    outer loop
      vertex 80.0089 -7.38193 -4
      vertex 79.0349 -8.6513 -4
      vertex 79.2021 -8.79792 -4
    endloop
  endfacet
  facet normal 0 0 1
    outer loop
      vertex 78.6506 -8.42941 -4
      vertex 79.2629 -6.9512 -4
      vertex 78.8541 -6.81245 -4
    endloop
  endfacet
  facet normal 0 0 1
    outer loop
      vertex 79.65 -7.14212 -4
      vertex 78.85 -8.52776 -4
      vertex 79.0349 -8.6513 -4
    endloop
  endfacet
  facet normal 0 0 1
    outer loop
      vertex 79.2629 -6.9512 -4
      vertex 78.6506 -8.42941 -4
      vertex 78.85 -8.52776 -4
    endloop
  endfacet
  facet normal 0 0 1
    outer loop
      vertex 78.8541 -6.81245 -4
      vertex 78.44 -8.35793 -4
      vertex 78.6506 -8.42941 -4
    endloop
  endfacet
  facet normal 0 0 1
    outer loop
      vertex 78.4307 -6.72823 -4
      vertex 78.44 -8.35793 -4
      vertex 78.8541 -6.81245 -4
    endloop
  endfacet
  facet normal 0 0 1
    outer loop
      vertex 78.4307 -6.72823 -4
      vertex 78.2219 -8.31454 -4
      vertex 78.44 -8.35793 -4
    endloop
  endfacet
  facet normal 0 0 1
    outer loop
      vertex 78 -6.7 -4
      vertex 78.2219 -8.31454 -4
      vertex 78.4307 -6.72823 -4
    endloop
  endfacet
  facet normal 0 0 1
    outer loop
      vertex 78 -6.7 -4
      vertex 78 -8.3 -4
      vertex 78.2219 -8.31454 -4
    endloop
  endfacet
  facet normal 0 0 1
    outer loop
      vertex 78 -6.7 -4
      vertex 77.7781 -8.31454 -4
      vertex 78 -8.3 -4
    endloop
  endfacet
  facet normal -0 0 1
    outer loop
      vertex 77.5693 -6.72823 -4
      vertex 77.7781 -8.31454 -4
      vertex 78 -6.7 -4
    endloop
  endfacet
  facet normal 0 0 1
    outer loop
      vertex 77.5693 -6.72823 -4
      vertex 77.56 -8.35793 -4
      vertex 77.7781 -8.31454 -4
    endloop
  endfacet
  facet normal -0 0 1
    outer loop
      vertex 77.1459 -6.81245 -4
      vertex 77.56 -8.35793 -4
      vertex 77.5693 -6.72823 -4
    endloop
  endfacet
  facet normal 0 0 1
    outer loop
      vertex 77.56 -8.35793 -4
      vertex 77.1459 -6.81245 -4
      vertex 77.3494 -8.42941 -4
    endloop
  endfacet
  facet normal -0 0 1
    outer loop
      vertex 76.7371 -6.9512 -4
      vertex 77.3494 -8.42941 -4
      vertex 77.1459 -6.81245 -4
    endloop
  endfacet
  facet normal 0 0 1
    outer loop
      vertex 77.3494 -8.42941 -4
      vertex 76.7371 -6.9512 -4
      vertex 77.15 -8.52776 -4
    endloop
  endfacet
  facet normal -0 0 1
    outer loop
      vertex 76.35 -7.14212 -4
      vertex 77.15 -8.52776 -4
      vertex 76.7371 -6.9512 -4
    endloop
  endfacet
  facet normal 0 0 1
    outer loop
      vertex 77.15 -8.52776 -4
      vertex 76.35 -7.14212 -4
      vertex 76.9651 -8.6513 -4
    endloop
  endfacet
  facet normal -0 0 1
    outer loop
      vertex 75.9911 -7.38193 -4
      vertex 76.9651 -8.6513 -4
      vertex 76.35 -7.14212 -4
    endloop
  endfacet
  facet normal 0 0 1
    outer loop
      vertex 76.9651 -8.6513 -4
      vertex 75.9911 -7.38193 -4
      vertex 76.7979 -8.79792 -4
    endloop
  endfacet
  facet normal -0 0 1
    outer loop
      vertex 75.6665 -7.66655 -4
      vertex 76.7979 -8.79792 -4
      vertex 75.9911 -7.38193 -4
    endloop
  endfacet
  facet normal 0 0 1
    outer loop
      vertex 76.7979 -8.79792 -4
      vertex 75.6665 -7.66655 -4
      vertex 76.6513 -8.96511 -4
    endloop
  endfacet
  facet normal -0 0 1
    outer loop
      vertex 75.3819 -7.99109 -4
      vertex 76.6513 -8.96511 -4
      vertex 75.6665 -7.66655 -4
    endloop
  endfacet
  facet normal 0 0 1
    outer loop
      vertex 76.6513 -8.96511 -4
      vertex 75.3819 -7.99109 -4
      vertex 76.5278 -9.15 -4
    endloop
  endfacet
  facet normal -0 0 1
    outer loop
      vertex 75.1421 -8.35 -4
      vertex 76.5278 -9.15 -4
      vertex 75.3819 -7.99109 -4
    endloop
  endfacet
  facet normal 0 0 1
    outer loop
      vertex 76.5278 -9.15 -4
      vertex 75.1421 -8.35 -4
      vertex 76.4294 -9.34944 -4
    endloop
  endfacet
  facet normal -0 0 1
    outer loop
      vertex 79.4722 -10.85 -4
      vertex 80.8579 -11.65 -4
      vertex 79.5706 -10.6506 -4
    endloop
  endfacet
  facet normal 0 0 1
    outer loop
      vertex 80.8579 -11.65 -4
      vertex 79.4722 -10.85 -4
      vertex 80.6181 -12.0089 -4
    endloop
  endfacet
  facet normal -0 0 1
    outer loop
      vertex 79.3487 -11.0349 -4
      vertex 80.6181 -12.0089 -4
      vertex 79.4722 -10.85 -4
    endloop
  endfacet
  facet normal 0 0 1
    outer loop
      vertex 80.6181 -12.0089 -4
      vertex 79.3487 -11.0349 -4
      vertex 80.3335 -12.3335 -4
    endloop
  endfacet
  facet normal -0 0 1
    outer loop
      vertex 79.2021 -11.2021 -4
      vertex 80.3335 -12.3335 -4
      vertex 79.3487 -11.0349 -4
    endloop
  endfacet
  facet normal 0 0 1
    outer loop
      vertex 80.3335 -12.3335 -4
      vertex 79.2021 -11.2021 -4
      vertex 80.0089 -12.6181 -4
    endloop
  endfacet
  facet normal -0 0 1
    outer loop
      vertex 79.0349 -11.3487 -4
      vertex 80.0089 -12.6181 -4
      vertex 79.2021 -11.2021 -4
    endloop
  endfacet
  facet normal 0 0 1
    outer loop
      vertex 80.0089 -12.6181 -4
      vertex 79.0349 -11.3487 -4
      vertex 79.65 -12.8579 -4
    endloop
  endfacet
  facet normal -0 0 1
    outer loop
      vertex 78.85 -11.4722 -4
      vertex 79.65 -12.8579 -4
      vertex 79.0349 -11.3487 -4
    endloop
  endfacet
  facet normal 0 0 1
    outer loop
      vertex 79.65 -12.8579 -4
      vertex 78.85 -11.4722 -4
      vertex 79.2629 -13.0488 -4
    endloop
  endfacet
  facet normal -0 0 1
    outer loop
      vertex 78.6506 -11.5706 -4
      vertex 79.2629 -13.0488 -4
      vertex 78.85 -11.4722 -4
    endloop
  endfacet
  facet normal 0 0 1
    outer loop
      vertex 79.2629 -13.0488 -4
      vertex 78.6506 -11.5706 -4
      vertex 78.8541 -13.1876 -4
    endloop
  endfacet
  facet normal -0 0 1
    outer loop
      vertex 78.44 -11.6421 -4
      vertex 78.8541 -13.1876 -4
      vertex 78.6506 -11.5706 -4
    endloop
  endfacet
  facet normal 0 0 1
    outer loop
      vertex 78.44 -11.6421 -4
      vertex 78.4307 -13.2718 -4
      vertex 78.8541 -13.1876 -4
    endloop
  endfacet
  facet normal -0 0 1
    outer loop
      vertex 78.2219 -11.6855 -4
      vertex 78.4307 -13.2718 -4
      vertex 78.44 -11.6421 -4
    endloop
  endfacet
  facet normal -0 0 1
    outer loop
      vertex 78 -11.7 -4
      vertex 78.4307 -13.2718 -4
      vertex 78.2219 -11.6855 -4
    endloop
  endfacet
  facet normal 0 0 1
    outer loop
      vertex 78 -11.7 -4
      vertex 78 -13.3 -4
      vertex 78.4307 -13.2718 -4
    endloop
  endfacet
  facet normal 0 0 1
    outer loop
      vertex 77.7781 -11.6855 -4
      vertex 78 -13.3 -4
      vertex 78 -11.7 -4
    endloop
  endfacet
  facet normal 0 0 1
    outer loop
      vertex 77.7781 -11.6855 -4
      vertex 77.5693 -13.2718 -4
      vertex 78 -13.3 -4
    endloop
  endfacet
  facet normal 0 0 1
    outer loop
      vertex 77.56 -11.6421 -4
      vertex 77.5693 -13.2718 -4
      vertex 77.7781 -11.6855 -4
    endloop
  endfacet
  facet normal 0 0 1
    outer loop
      vertex 77.1459 -13.1876 -4
      vertex 77.56 -11.6421 -4
      vertex 77.3494 -11.5706 -4
    endloop
  endfacet
  facet normal 0 0 1
    outer loop
      vertex 76.7371 -13.0488 -4
      vertex 77.3494 -11.5706 -4
      vertex 77.15 -11.4722 -4
    endloop
  endfacet
  facet normal 0 0 1
    outer loop
      vertex 77.56 -11.6421 -4
      vertex 77.1459 -13.1876 -4
      vertex 77.5693 -13.2718 -4
    endloop
  endfacet
  facet normal 0 0 1
    outer loop
      vertex 76.35 -12.8579 -4
      vertex 77.15 -11.4722 -4
      vertex 76.9651 -11.3487 -4
    endloop
  endfacet
  facet normal 0 0 1
    outer loop
      vertex 75.9911 -12.6181 -4
      vertex 76.9651 -11.3487 -4
      vertex 76.7979 -11.2021 -4
    endloop
  endfacet
  facet normal 0 0 1
    outer loop
      vertex 77.3494 -11.5706 -4
      vertex 76.7371 -13.0488 -4
      vertex 77.1459 -13.1876 -4
    endloop
  endfacet
  facet normal 0 0 1
    outer loop
      vertex 75.6665 -12.3335 -4
      vertex 76.7979 -11.2021 -4
      vertex 76.6513 -11.0349 -4
    endloop
  endfacet
  facet normal 0 0 1
    outer loop
      vertex 75.3819 -12.0089 -4
      vertex 76.6513 -11.0349 -4
      vertex 76.5278 -10.85 -4
    endloop
  endfacet
  facet normal 0 0 1
    outer loop
      vertex 75.1421 -11.65 -4
      vertex 76.5278 -10.85 -4
      vertex 76.4294 -10.6506 -4
    endloop
  endfacet
  facet normal 0 0 1
    outer loop
      vertex 74.9512 -11.2629 -4
      vertex 76.4294 -10.6506 -4
      vertex 76.3579 -10.44 -4
    endloop
  endfacet
  facet normal 0 0 1
    outer loop
      vertex 77.15 -11.4722 -4
      vertex 76.35 -12.8579 -4
      vertex 76.7371 -13.0488 -4
    endloop
  endfacet
  facet normal 0 0 1
    outer loop
      vertex 74.8124 -10.8541 -4
      vertex 76.3579 -10.44 -4
      vertex 76.3145 -10.2219 -4
    endloop
  endfacet
  facet normal 0 0 1
    outer loop
      vertex 74.7282 -10.4307 -4
      vertex 76.3145 -10.2219 -4
      vertex 76.3 -10 -4
    endloop
  endfacet
  facet normal -0 0 1
    outer loop
      vertex 74.9512 -8.73715 -4
      vertex 76.4294 -9.34944 -4
      vertex 75.1421 -8.35 -4
    endloop
  endfacet
  facet normal 0 0 1
    outer loop
      vertex 76.9651 -11.3487 -4
      vertex 75.9911 -12.6181 -4
      vertex 76.35 -12.8579 -4
    endloop
  endfacet
  facet normal 0 0 1
    outer loop
      vertex 76.4294 -9.34944 -4
      vertex 74.9512 -8.73715 -4
      vertex 76.3579 -9.56001 -4
    endloop
  endfacet
  facet normal 0 0 1
    outer loop
      vertex 76.7979 -11.2021 -4
      vertex 75.6665 -12.3335 -4
      vertex 75.9911 -12.6181 -4
    endloop
  endfacet
  facet normal -0 0 1
    outer loop
      vertex 74.8124 -9.1459 -4
      vertex 76.3579 -9.56001 -4
      vertex 74.9512 -8.73715 -4
    endloop
  endfacet
  facet normal 0 0 1
    outer loop
      vertex 76.6513 -11.0349 -4
      vertex 75.3819 -12.0089 -4
      vertex 75.6665 -12.3335 -4
    endloop
  endfacet
  facet normal 0 0 1
    outer loop
      vertex 76.3579 -9.56001 -4
      vertex 74.8124 -9.1459 -4
      vertex 76.3145 -9.77811 -4
    endloop
  endfacet
  facet normal 0 0 1
    outer loop
      vertex 76.5278 -10.85 -4
      vertex 75.1421 -11.65 -4
      vertex 75.3819 -12.0089 -4
    endloop
  endfacet
  facet normal -0 0 1
    outer loop
      vertex 74.7282 -9.56926 -4
      vertex 76.3145 -9.77811 -4
      vertex 74.8124 -9.1459 -4
    endloop
  endfacet
  facet normal 0 0 1
    outer loop
      vertex 76.4294 -10.6506 -4
      vertex 74.9512 -11.2629 -4
      vertex 75.1421 -11.65 -4
    endloop
  endfacet
  facet normal 0 0 1
    outer loop
      vertex 76.3145 -9.77811 -4
      vertex 74.7282 -9.56926 -4
      vertex 76.3 -10 -4
    endloop
  endfacet
  facet normal 0 0 1
    outer loop
      vertex 76.3579 -10.44 -4
      vertex 74.8124 -10.8541 -4
      vertex 74.9512 -11.2629 -4
    endloop
  endfacet
  facet normal 0 0 1
    outer loop
      vertex 74.7 -10 -4
      vertex 76.3 -10 -4
      vertex 74.7282 -9.56926 -4
    endloop
  endfacet
  facet normal 0 0 1
    outer loop
      vertex 76.3145 -10.2219 -4
      vertex 74.7282 -10.4307 -4
      vertex 74.8124 -10.8541 -4
    endloop
  endfacet
  facet normal 0 0 1
    outer loop
      vertex 76.3 -10 -4
      vertex 74.7 -10 -4
      vertex 74.7282 -10.4307 -4
    endloop
  endfacet
  facet normal -0.65959 -0.751625 -0.00104571
    outer loop
      vertex 80.0089 -7.38193 -0.708036
      vertex 80.3335 -7.66655 -0.875946
      vertex 80.1779 -7.53016 -0.762955
    endloop
  endfacet
  facet normal -0.659285 -0.751893 0
    outer loop
      vertex 80.0089 -7.38193 -4
      vertex 80.3335 -7.66655 -0.875946
      vertex 80.0089 -7.38193 -0.708036
    endloop
  endfacet
  facet normal -0.659285 -0.751893 -0
    outer loop
      vertex 80.3335 -7.66655 -0.875946
      vertex 80.0089 -7.38193 -4
      vertex 80.3335 -7.66655 -4
    endloop
  endfacet
  facet normal -0.555571 -0.831469 0
    outer loop
      vertex 79.65 -7.14212 -4
      vertex 80.0089 -7.38193 -0.708036
      vertex 79.65 -7.14212 -0.591418
    endloop
  endfacet
  facet normal -0.555571 -0.831469 -0
    outer loop
      vertex 80.0089 -7.38193 -0.708036
      vertex 79.65 -7.14212 -4
      vertex 80.0089 -7.38193 -4
    endloop
  endfacet
  facet normal -0.195047 0.980794 0
    outer loop
      vertex 78.4307 -13.2718 -4
      vertex 78.8541 -13.1876 -2.87482
      vertex 78.8541 -13.1876 -4
    endloop
  endfacet
  facet normal -0.195047 0.980794 0
    outer loop
      vertex 78.8541 -13.1876 -2.87482
      vertex 78.4307 -13.2718 -4
      vertex 78.4307 -13.2718 -2.76688
    endloop
  endfacet
  facet normal 0.89687 0.442295 0
    outer loop
      vertex 75.1421 -11.65 -1.19574
      vertex 74.9512 -11.2629 -4
      vertex 74.9512 -11.2629 -0.998481
    endloop
  endfacet
  facet normal 0.89687 0.442295 0
    outer loop
      vertex 74.9512 -11.2629 -4
      vertex 75.1421 -11.65 -1.19574
      vertex 75.1421 -11.65 -4
    endloop
  endfacet
  facet normal 0.659259 0.751916 0
    outer loop
      vertex 75.6665 -12.3335 -4
      vertex 75.9911 -12.6181 -1.96083
      vertex 75.9911 -12.6181 -4
    endloop
  endfacet
  facet normal 0.659259 0.751916 0
    outer loop
      vertex 75.9911 -12.6181 -1.96083
      vertex 75.6665 -12.3335 -4
      vertex 75.6665 -12.3335 -1.67622
    endloop
  endfacet
  facet normal 0.750917 0.660393 -0.00219192
    outer loop
      vertex 75.6665 -12.3335 -1.67622
      vertex 75.3819 -12.0089 -1.37862
      vertex 75.4301 -12.0638 -1.4066
    endloop
  endfacet
  facet normal 0.751916 0.659259 0
    outer loop
      vertex 75.3819 -12.0089 -1.37862
      vertex 75.6665 -12.3335 -1.67622
      vertex 75.3819 -12.0089 -4
    endloop
  endfacet
  facet normal 0.751916 0.659259 0
    outer loop
      vertex 75.3819 -12.0089 -4
      vertex 75.6665 -12.3335 -1.67622
      vertex 75.6665 -12.3335 -4
    endloop
  endfacet
  facet normal -0.442295 0.89687 0
    outer loop
      vertex 79.65 -12.8579 -4
      vertex 79.2629 -13.0488 -2.92158
      vertex 79.65 -12.8579 -2.90636
    endloop
  endfacet
  facet normal -0.442295 0.89687 0
    outer loop
      vertex 79.2629 -13.0488 -2.92158
      vertex 79.65 -12.8579 -4
      vertex 79.2629 -13.0488 -4
    endloop
  endfacet
  facet normal -0.751916 0.659259 0
    outer loop
      vertex 80.3335 -12.3335 -2.77936
      vertex 80.6181 -12.0089 -4
      vertex 80.3335 -12.3335 -4
    endloop
  endfacet
  facet normal -0.751916 0.659259 0
    outer loop
      vertex 80.6181 -12.0089 -4
      vertex 80.3335 -12.3335 -2.77936
      vertex 80.6181 -12.0089 -2.74365
    endloop
  endfacet
  facet normal -0.0651636 0.997874 0.000597015
    outer loop
      vertex 78.4307 -13.2718 -2.76688
      vertex 78 -13.3 -2.64276
      vertex 78.095 -13.2938 -2.63653
    endloop
  endfacet
  facet normal -0.0653349 0.997863 0
    outer loop
      vertex 78 -13.3 -4
      vertex 78.4307 -13.2718 -2.76688
      vertex 78.4307 -13.2718 -4
    endloop
  endfacet
  facet normal -0.0653349 0.997863 0
    outer loop
      vertex 78.4307 -13.2718 -2.76688
      vertex 78 -13.3 -4
      vertex 78 -13.3 -2.64276
    endloop
  endfacet
  facet normal -0.833774 -0.552106 0
    outer loop
      vertex 80.6181 -7.99109 -4
      vertex 80.624 -8 -1.08706
      vertex 80.6181 -7.99109 -1.08273
    endloop
  endfacet
  facet normal -0.831487 -0.555545 -0
    outer loop
      vertex 80.8579 -8.35 -1.3124
      vertex 80.6181 -7.99109 -4
      vertex 80.8579 -8.35 -4
    endloop
  endfacet
  facet normal -0.831433 -0.555625 -1.55041e-05
    outer loop
      vertex 80.6181 -7.99109 -4
      vertex 80.8579 -8.35 -1.3124
      vertex 80.624 -8 -1.08706
    endloop
  endfacet
  facet normal -0.659076 0.752074 -0.00207903
    outer loop
      vertex 80.3335 -12.3335 -2.77936
      vertex 80.0089 -12.6181 -2.82944
      vertex 80.1779 -12.4698 -2.75792
    endloop
  endfacet
  facet normal -0.659259 0.751916 0
    outer loop
      vertex 80.3335 -12.3335 -4
      vertex 80.0089 -12.6181 -2.82944
      vertex 80.3335 -12.3335 -2.77936
    endloop
  endfacet
  facet normal -0.659259 0.751916 0
    outer loop
      vertex 80.0089 -12.6181 -2.82944
      vertex 80.3335 -12.3335 -4
      vertex 80.0089 -12.6181 -4
    endloop
  endfacet
  facet normal -0.555555 0.83148 0
    outer loop
      vertex 80.0089 -12.6181 -4
      vertex 79.65 -12.8579 -2.90636
      vertex 80.0089 -12.6181 -2.82944
    endloop
  endfacet
  facet normal -0.555555 0.83148 0
    outer loop
      vertex 79.65 -12.8579 -2.90636
      vertex 80.0089 -12.6181 -4
      vertex 79.65 -12.8579 -4
    endloop
  endfacet
  facet normal -0.751856 -0.659328 -0
    outer loop
      vertex 80.6181 -7.99109 -1.08273
      vertex 80.3335 -7.66655 -4
      vertex 80.6181 -7.99109 -4
    endloop
  endfacet
  facet normal -0.751856 -0.659328 0
    outer loop
      vertex 80.3335 -7.66655 -4
      vertex 80.6181 -7.99109 -1.08273
      vertex 80.3335 -7.66655 -0.875946
    endloop
  endfacet
  facet normal 0.98077 -0.195165 0
    outer loop
      vertex 76.3145 10.2219 -4
      vertex 76.3579 10.44 -18.38
      vertex 76.3579 10.44 -4
    endloop
  endfacet
  facet normal 0.98077 -0.195165 0
    outer loop
      vertex 76.3579 10.44 -18.38
      vertex 76.3145 10.2219 -4
      vertex 76.3145 10.2219 -18.38
    endloop
  endfacet
  facet normal 0.997872 -0.0652057 0
    outer loop
      vertex 76.3 10 -4
      vertex 76.3145 10.2219 -18.38
      vertex 76.3145 10.2219 -4
    endloop
  endfacet
  facet normal 0.997872 -0.0652057 0
    outer loop
      vertex 76.3145 10.2219 -18.38
      vertex 76.3 10 -4
      vertex 76.3 10 -18.38
    endloop
  endfacet
  facet normal 0.0653848 0.99786 -0
    outer loop
      vertex 78 8.3 -18.38
      vertex 77.7781 8.31454 -4
      vertex 78 8.3 -4
    endloop
  endfacet
  facet normal 0.0653848 0.99786 0
    outer loop
      vertex 77.7781 8.31454 -4
      vertex 78 8.3 -18.38
      vertex 77.7781 8.31454 -18.38
    endloop
  endfacet
  facet normal -0.659268 -0.751908 0
    outer loop
      vertex 79.0349 11.3487 -18.38
      vertex 79.2021 11.2021 -4
      vertex 79.0349 11.3487 -4
    endloop
  endfacet
  facet normal -0.659268 -0.751908 -0
    outer loop
      vertex 79.2021 11.2021 -4
      vertex 79.0349 11.3487 -18.38
      vertex 79.2021 11.2021 -18.38
    endloop
  endfacet
  facet normal -0.831552 0.555447 0
    outer loop
      vertex 79.3487 8.96511 -18.38
      vertex 79.4722 9.15 -4
      vertex 79.4722 9.15 -18.38
    endloop
  endfacet
  facet normal -0.831552 0.555447 0
    outer loop
      vertex 79.4722 9.15 -4
      vertex 79.3487 8.96511 -18.38
      vertex 79.3487 8.96511 -4
    endloop
  endfacet
  facet normal -0.195122 0.980779 0
    outer loop
      vertex 78.44 8.35793 -18.38
      vertex 78.2219 8.31454 -4
      vertex 78.44 8.35793 -4
    endloop
  endfacet
  facet normal -0.195122 0.980779 0
    outer loop
      vertex 78.2219 8.31454 -4
      vertex 78.44 8.35793 -18.38
      vertex 78.2219 8.31454 -18.38
    endloop
  endfacet
  facet normal 0.659268 -0.751908 0
    outer loop
      vertex 76.7979 11.2021 -18.38
      vertex 76.9651 11.3487 -4
      vertex 76.7979 11.2021 -4
    endloop
  endfacet
  facet normal 0.659268 -0.751908 0
    outer loop
      vertex 76.9651 11.3487 -4
      vertex 76.7979 11.2021 -18.38
      vertex 76.9651 11.3487 -18.38
    endloop
  endfacet
  facet normal 0.946901 0.321525 0
    outer loop
      vertex 76.4294 9.34944 -4
      vertex 76.3579 9.56001 -18.38
      vertex 76.3579 9.56001 -4
    endloop
  endfacet
  facet normal 0.946901 0.321525 0
    outer loop
      vertex 76.3579 9.56001 -18.38
      vertex 76.4294 9.34944 -4
      vertex 76.4294 9.34944 -18.38
    endloop
  endfacet
  facet normal 0.751888 0.659291 0
    outer loop
      vertex 76.7979 8.79792 -4
      vertex 76.6513 8.96511 -18.38
      vertex 76.6513 8.96511 -4
    endloop
  endfacet
  facet normal 0.751888 0.659291 0
    outer loop
      vertex 76.6513 8.96511 -18.38
      vertex 76.7979 8.79792 -4
      vertex 76.7979 8.79792 -18.38
    endloop
  endfacet
  facet normal 0.751908 -0.659268 0
    outer loop
      vertex 76.6513 11.0349 -4
      vertex 76.7979 11.2021 -18.38
      vertex 76.7979 11.2021 -4
    endloop
  endfacet
  facet normal 0.751908 -0.659268 0
    outer loop
      vertex 76.7979 11.2021 -18.38
      vertex 76.6513 11.0349 -4
      vertex 76.6513 11.0349 -18.38
    endloop
  endfacet
  facet normal -0.946901 0.321525 0
    outer loop
      vertex 79.5706 9.34944 -18.38
      vertex 79.6421 9.56001 -4
      vertex 79.6421 9.56001 -18.38
    endloop
  endfacet
  facet normal -0.946901 0.321525 0
    outer loop
      vertex 79.6421 9.56001 -4
      vertex 79.5706 9.34944 -18.38
      vertex 79.5706 9.34944 -4
    endloop
  endfacet
  facet normal 0.321403 0.946943 -0
    outer loop
      vertex 77.56 8.35793 -18.38
      vertex 77.3494 8.42941 -4
      vertex 77.56 8.35793 -4
    endloop
  endfacet
  facet normal 0.321403 0.946943 0
    outer loop
      vertex 77.3494 8.42941 -4
      vertex 77.56 8.35793 -18.38
      vertex 77.3494 8.42941 -18.38
    endloop
  endfacet
  facet normal -0.0653848 0.99786 0
    outer loop
      vertex 78.2219 8.31454 -18.38
      vertex 78 8.3 -4
      vertex 78.2219 8.31454 -4
    endloop
  endfacet
  facet normal -0.0653848 0.99786 0
    outer loop
      vertex 78 8.3 -4
      vertex 78.2219 8.31454 -18.38
      vertex 78 8.3 -18.38
    endloop
  endfacet
  facet normal -0.321484 -0.946915 0
    outer loop
      vertex 78.44 11.6421 -18.38
      vertex 78.6506 11.5706 -4
      vertex 78.44 11.6421 -4
    endloop
  endfacet
  facet normal -0.321484 -0.946915 -0
    outer loop
      vertex 78.6506 11.5706 -4
      vertex 78.44 11.6421 -18.38
      vertex 78.6506 11.5706 -18.38
    endloop
  endfacet
  facet normal 0.946915 -0.321484 0
    outer loop
      vertex 76.3579 10.44 -4
      vertex 76.4294 10.6506 -18.38
      vertex 76.4294 10.6506 -4
    endloop
  endfacet
  facet normal 0.946915 -0.321484 0
    outer loop
      vertex 76.4294 10.6506 -18.38
      vertex 76.3579 10.44 -4
      vertex 76.3579 10.44 -18.38
    endloop
  endfacet
  facet normal -0.751908 -0.659268 0
    outer loop
      vertex 79.3487 11.0349 -18.38
      vertex 79.2021 11.2021 -4
      vertex 79.2021 11.2021 -18.38
    endloop
  endfacet
  facet normal -0.751908 -0.659268 0
    outer loop
      vertex 79.2021 11.2021 -4
      vertex 79.3487 11.0349 -18.38
      vertex 79.3487 11.0349 -4
    endloop
  endfacet
  facet normal -0.442349 0.896843 0
    outer loop
      vertex 78.85 8.52776 -18.38
      vertex 78.6506 8.42941 -4
      vertex 78.85 8.52776 -4
    endloop
  endfacet
  facet normal -0.442349 0.896843 0
    outer loop
      vertex 78.6506 8.42941 -4
      vertex 78.85 8.52776 -18.38
      vertex 78.6506 8.42941 -18.38
    endloop
  endfacet
  facet normal -0.0652057 -0.997872 0
    outer loop
      vertex 78 11.7 -18.38
      vertex 78.2219 11.6855 -4
      vertex 78 11.7 -4
    endloop
  endfacet
  facet normal -0.0652057 -0.997872 -0
    outer loop
      vertex 78.2219 11.6855 -4
      vertex 78 11.7 -18.38
      vertex 78.2219 11.6855 -18.38
    endloop
  endfacet
  facet normal 0.896789 0.442459 0
    outer loop
      vertex 76.5278 9.15 -4
      vertex 76.4294 9.34944 -18.38
      vertex 76.4294 9.34944 -4
    endloop
  endfacet
  facet normal 0.896789 0.442459 0
    outer loop
      vertex 76.4294 9.34944 -18.38
      vertex 76.5278 9.15 -4
      vertex 76.5278 9.15 -18.38
    endloop
  endfacet
  facet normal 0.555551 0.831483 -0
    outer loop
      vertex 77.15 8.52776 -18.38
      vertex 76.9651 8.6513 -4
      vertex 77.15 8.52776 -4
    endloop
  endfacet
  facet normal 0.555551 0.831483 0
    outer loop
      vertex 76.9651 8.6513 -4
      vertex 77.15 8.52776 -18.38
      vertex 76.9651 8.6513 -18.38
    endloop
  endfacet
  facet normal -0.98077 0.195165 0
    outer loop
      vertex 79.6421 9.56001 -18.38
      vertex 79.6855 9.77811 -4
      vertex 79.6855 9.77811 -18.38
    endloop
  endfacet
  facet normal -0.98077 0.195165 0
    outer loop
      vertex 79.6855 9.77811 -4
      vertex 79.6421 9.56001 -18.38
      vertex 79.6421 9.56001 -4
    endloop
  endfacet
  facet normal 0.195165 -0.98077 0
    outer loop
      vertex 77.56 11.6421 -18.38
      vertex 77.7781 11.6855 -4
      vertex 77.56 11.6421 -4
    endloop
  endfacet
  facet normal 0.195165 -0.98077 0
    outer loop
      vertex 77.7781 11.6855 -4
      vertex 77.56 11.6421 -18.38
      vertex 77.7781 11.6855 -18.38
    endloop
  endfacet
  facet normal 0.831566 -0.555426 0
    outer loop
      vertex 76.5278 10.85 -4
      vertex 76.6513 11.0349 -18.38
      vertex 76.6513 11.0349 -4
    endloop
  endfacet
  facet normal 0.831566 -0.555426 0
    outer loop
      vertex 76.6513 11.0349 -18.38
      vertex 76.5278 10.85 -4
      vertex 76.5278 10.85 -18.38
    endloop
  endfacet
  facet normal 0.997872 0.0652086 0
    outer loop
      vertex 76.3145 9.77811 -4
      vertex 76.3 10 -18.38
      vertex 76.3 10 -4
    endloop
  endfacet
  facet normal 0.997872 0.0652086 0
    outer loop
      vertex 76.3 10 -18.38
      vertex 76.3145 9.77811 -4
      vertex 76.3145 9.77811 -18.38
    endloop
  endfacet
  facet normal 0.321484 -0.946915 0
    outer loop
      vertex 77.3494 11.5706 -18.38
      vertex 77.56 11.6421 -4
      vertex 77.3494 11.5706 -4
    endloop
  endfacet
  facet normal 0.321484 -0.946915 0
    outer loop
      vertex 77.56 11.6421 -4
      vertex 77.3494 11.5706 -18.38
      vertex 77.56 11.6421 -18.38
    endloop
  endfacet
  facet normal 0.555426 -0.831566 0
    outer loop
      vertex 76.9651 11.3487 -18.38
      vertex 77.15 11.4722 -4
      vertex 76.9651 11.3487 -4
    endloop
  endfacet
  facet normal 0.555426 -0.831566 0
    outer loop
      vertex 77.15 11.4722 -4
      vertex 76.9651 11.3487 -18.38
      vertex 77.15 11.4722 -18.38
    endloop
  endfacet
  facet normal -0.195165 -0.98077 0
    outer loop
      vertex 78.2219 11.6855 -18.38
      vertex 78.44 11.6421 -4
      vertex 78.2219 11.6855 -4
    endloop
  endfacet
  facet normal -0.195165 -0.98077 -0
    outer loop
      vertex 78.44 11.6421 -4
      vertex 78.2219 11.6855 -18.38
      vertex 78.44 11.6421 -18.38
    endloop
  endfacet
  facet normal 0.659319 0.751863 -0
    outer loop
      vertex 76.9651 8.6513 -18.38
      vertex 76.7979 8.79792 -4
      vertex 76.9651 8.6513 -4
    endloop
  endfacet
  facet normal 0.659319 0.751863 0
    outer loop
      vertex 76.7979 8.79792 -4
      vertex 76.9651 8.6513 -18.38
      vertex 76.7979 8.79792 -18.38
    endloop
  endfacet
  facet normal -0.896754 -0.44253 0
    outer loop
      vertex 79.5706 10.6506 -18.38
      vertex 79.4722 10.85 -4
      vertex 79.4722 10.85 -18.38
    endloop
  endfacet
  facet normal -0.896754 -0.44253 0
    outer loop
      vertex 79.4722 10.85 -4
      vertex 79.5706 10.6506 -18.38
      vertex 79.5706 10.6506 -4
    endloop
  endfacet
  facet normal 0.98077 0.195165 0
    outer loop
      vertex 76.3579 9.56001 -4
      vertex 76.3145 9.77811 -18.38
      vertex 76.3145 9.77811 -4
    endloop
  endfacet
  facet normal 0.98077 0.195165 0
    outer loop
      vertex 76.3145 9.77811 -18.38
      vertex 76.3579 9.56001 -4
      vertex 76.3579 9.56001 -18.38
    endloop
  endfacet
  facet normal 0.195122 0.980779 -0
    outer loop
      vertex 77.7781 8.31454 -18.38
      vertex 77.56 8.35793 -4
      vertex 77.7781 8.31454 -4
    endloop
  endfacet
  facet normal 0.195122 0.980779 0
    outer loop
      vertex 77.56 8.35793 -4
      vertex 77.7781 8.31454 -18.38
      vertex 77.56 8.35793 -18.38
    endloop
  endfacet
  facet normal -0.659319 0.751863 0
    outer loop
      vertex 79.2021 8.79792 -18.38
      vertex 79.0349 8.6513 -4
      vertex 79.2021 8.79792 -4
    endloop
  endfacet
  facet normal -0.659319 0.751863 0
    outer loop
      vertex 79.0349 8.6513 -4
      vertex 79.2021 8.79792 -18.38
      vertex 79.0349 8.6513 -18.38
    endloop
  endfacet
  facet normal -0.751888 0.659291 0
    outer loop
      vertex 79.2021 8.79792 -18.38
      vertex 79.3487 8.96511 -4
      vertex 79.3487 8.96511 -18.38
    endloop
  endfacet
  facet normal -0.751888 0.659291 0
    outer loop
      vertex 79.3487 8.96511 -4
      vertex 79.2021 8.79792 -18.38
      vertex 79.2021 8.79792 -4
    endloop
  endfacet
  facet normal 0.0652057 -0.997872 0
    outer loop
      vertex 77.7781 11.6855 -18.38
      vertex 78 11.7 -4
      vertex 77.7781 11.6855 -4
    endloop
  endfacet
  facet normal 0.0652057 -0.997872 0
    outer loop
      vertex 78 11.7 -4
      vertex 77.7781 11.6855 -18.38
      vertex 78 11.7 -18.38
    endloop
  endfacet
  facet normal 0.44253 -0.896754 0
    outer loop
      vertex 77.15 11.4722 -18.38
      vertex 77.3494 11.5706 -4
      vertex 77.15 11.4722 -4
    endloop
  endfacet
  facet normal 0.44253 -0.896754 0
    outer loop
      vertex 77.3494 11.5706 -4
      vertex 77.15 11.4722 -18.38
      vertex 77.3494 11.5706 -18.38
    endloop
  endfacet
  facet normal 0.831552 0.555447 0
    outer loop
      vertex 76.6513 8.96511 -4
      vertex 76.5278 9.15 -18.38
      vertex 76.5278 9.15 -4
    endloop
  endfacet
  facet normal 0.831552 0.555447 0
    outer loop
      vertex 76.5278 9.15 -18.38
      vertex 76.6513 8.96511 -4
      vertex 76.6513 8.96511 -18.38
    endloop
  endfacet
  facet normal -0.997872 0.0652086 0
    outer loop
      vertex 79.6855 9.77811 -18.38
      vertex 79.7 10 -4
      vertex 79.7 10 -18.38
    endloop
  endfacet
  facet normal -0.997872 0.0652086 0
    outer loop
      vertex 79.7 10 -4
      vertex 79.6855 9.77811 -18.38
      vertex 79.6855 9.77811 -4
    endloop
  endfacet
  facet normal 0.442349 0.896843 -0
    outer loop
      vertex 77.3494 8.42941 -18.38
      vertex 77.15 8.52776 -4
      vertex 77.3494 8.42941 -4
    endloop
  endfacet
  facet normal 0.442349 0.896843 0
    outer loop
      vertex 77.15 8.52776 -4
      vertex 77.3494 8.42941 -18.38
      vertex 77.15 8.52776 -18.38
    endloop
  endfacet
  facet normal -0.98077 -0.195165 0
    outer loop
      vertex 79.6855 10.2219 -18.38
      vertex 79.6421 10.44 -4
      vertex 79.6421 10.44 -18.38
    endloop
  endfacet
  facet normal -0.98077 -0.195165 0
    outer loop
      vertex 79.6421 10.44 -4
      vertex 79.6855 10.2219 -18.38
      vertex 79.6855 10.2219 -4
    endloop
  endfacet
  facet normal -0.896789 0.442459 0
    outer loop
      vertex 79.4722 9.15 -18.38
      vertex 79.5706 9.34944 -4
      vertex 79.5706 9.34944 -18.38
    endloop
  endfacet
  facet normal -0.896789 0.442459 0
    outer loop
      vertex 79.5706 9.34944 -4
      vertex 79.4722 9.15 -18.38
      vertex 79.4722 9.15 -4
    endloop
  endfacet
  facet normal -0.946915 -0.321484 0
    outer loop
      vertex 79.6421 10.44 -18.38
      vertex 79.5706 10.6506 -4
      vertex 79.5706 10.6506 -18.38
    endloop
  endfacet
  facet normal -0.946915 -0.321484 0
    outer loop
      vertex 79.5706 10.6506 -4
      vertex 79.6421 10.44 -18.38
      vertex 79.6421 10.44 -4
    endloop
  endfacet
  facet normal 0.896754 -0.44253 0
    outer loop
      vertex 76.4294 10.6506 -4
      vertex 76.5278 10.85 -18.38
      vertex 76.5278 10.85 -4
    endloop
  endfacet
  facet normal 0.896754 -0.44253 0
    outer loop
      vertex 76.5278 10.85 -18.38
      vertex 76.4294 10.6506 -4
      vertex 76.4294 10.6506 -18.38
    endloop
  endfacet
  facet normal -0.997872 -0.0652057 0
    outer loop
      vertex 79.7 10 -18.38
      vertex 79.6855 10.2219 -4
      vertex 79.6855 10.2219 -18.38
    endloop
  endfacet
  facet normal -0.997872 -0.0652057 0
    outer loop
      vertex 79.6855 10.2219 -4
      vertex 79.7 10 -18.38
      vertex 79.7 10 -4
    endloop
  endfacet
  facet normal -0.321403 0.946943 0
    outer loop
      vertex 78.6506 8.42941 -18.38
      vertex 78.44 8.35793 -4
      vertex 78.6506 8.42941 -4
    endloop
  endfacet
  facet normal -0.321403 0.946943 0
    outer loop
      vertex 78.44 8.35793 -4
      vertex 78.6506 8.42941 -18.38
      vertex 78.44 8.35793 -18.38
    endloop
  endfacet
  facet normal -0.44253 -0.896754 0
    outer loop
      vertex 78.6506 11.5706 -18.38
      vertex 78.85 11.4722 -4
      vertex 78.6506 11.5706 -4
    endloop
  endfacet
  facet normal -0.44253 -0.896754 -0
    outer loop
      vertex 78.85 11.4722 -4
      vertex 78.6506 11.5706 -18.38
      vertex 78.85 11.4722 -18.38
    endloop
  endfacet
  facet normal -0.555426 -0.831566 0
    outer loop
      vertex 78.85 11.4722 -18.38
      vertex 79.0349 11.3487 -4
      vertex 78.85 11.4722 -4
    endloop
  endfacet
  facet normal -0.555426 -0.831566 -0
    outer loop
      vertex 79.0349 11.3487 -4
      vertex 78.85 11.4722 -18.38
      vertex 79.0349 11.3487 -18.38
    endloop
  endfacet
  facet normal -0.831566 -0.555426 0
    outer loop
      vertex 79.4722 10.85 -18.38
      vertex 79.3487 11.0349 -4
      vertex 79.3487 11.0349 -18.38
    endloop
  endfacet
  facet normal -0.831566 -0.555426 0
    outer loop
      vertex 79.3487 11.0349 -4
      vertex 79.4722 10.85 -18.38
      vertex 79.4722 10.85 -4
    endloop
  endfacet
  facet normal -0.555551 0.831483 0
    outer loop
      vertex 79.0349 8.6513 -18.38
      vertex 78.85 8.52776 -4
      vertex 79.0349 8.6513 -4
    endloop
  endfacet
  facet normal -0.555551 0.831483 0
    outer loop
      vertex 78.85 8.52776 -4
      vertex 79.0349 8.6513 -18.38
      vertex 78.85 8.52776 -18.38
    endloop
  endfacet
  facet normal 0.980794 -0.195047 0
    outer loop
      vertex 74.7282 10.4307 -4
      vertex 74.8124 10.8541 -0.790211
      vertex 74.7282 10.4307 -0.574495
    endloop
  endfacet
  facet normal 0.980794 -0.195047 0
    outer loop
      vertex 74.8124 10.8541 -0.790211
      vertex 74.7282 10.4307 -4
      vertex 74.8124 10.8541 -4
    endloop
  endfacet
  facet normal 0.997892 -0.064884 0.00113689
    outer loop
      vertex 74.7 10 -0.402951
      vertex 74.7282 10.4307 -0.574495
      vertex 74.7089 10.1365 -0.424568
    endloop
  endfacet
  facet normal 0.997863 -0.0653349 0
    outer loop
      vertex 74.7282 10.4307 -0.574495
      vertex 74.7 10 -0.402951
      vertex 74.7 10 -4
    endloop
  endfacet
  facet normal 0.997863 -0.0653349 0
    outer loop
      vertex 74.7282 10.4307 -0.574495
      vertex 74.7 10 -4
      vertex 74.7282 10.4307 -4
    endloop
  endfacet
  facet normal 0.946908 -0.321504 0
    outer loop
      vertex 74.8124 10.8541 -4
      vertex 74.9512 11.2629 -0.998481
      vertex 74.8124 10.8541 -0.790211
    endloop
  endfacet
  facet normal 0.946908 -0.321504 0
    outer loop
      vertex 74.9512 11.2629 -0.998481
      vertex 74.8124 10.8541 -4
      vertex 74.9512 11.2629 -4
    endloop
  endfacet
  facet normal 0.0653349 -0.997863 0
    outer loop
      vertex 77.5693 13.2718 -4
      vertex 78 13.3 -2.64276
      vertex 77.5693 13.2718 -2.61453
    endloop
  endfacet
  facet normal 0.0653349 -0.997863 0
    outer loop
      vertex 78 13.3 -2.64276
      vertex 77.5693 13.2718 -4
      vertex 78 13.3 -4
    endloop
  endfacet
  facet normal -0.89687 -0.442295 0
    outer loop
      vertex 81.0488 11.2629 -4
      vertex 80.8579 11.65 -2.62812
      vertex 80.8579 11.65 -4
    endloop
  endfacet
  facet normal -0.89687 -0.442295 -0
    outer loop
      vertex 81.0488 11.2629 -2.45007
      vertex 80.8579 11.65 -2.62812
      vertex 81.0488 11.2629 -4
    endloop
  endfacet
  facet normal -0.897212 -0.441597 0.00188428
    outer loop
      vertex 80.8579 11.65 -2.62812
      vertex 81.0488 11.2629 -2.45007
      vertex 81.0293 11.3025 -2.45452
    endloop
  endfacet
  facet normal 0.321504 -0.946908 0
    outer loop
      vertex 76.7371 13.0488 -4
      vertex 77.1459 13.1876 -2.53032
      vertex 76.7371 13.0488 -2.39157
    endloop
  endfacet
  facet normal 0.321504 -0.946908 0
    outer loop
      vertex 77.1459 13.1876 -2.53032
      vertex 76.7371 13.0488 -4
      vertex 77.1459 13.1876 -4
    endloop
  endfacet
  facet normal 0.98079 0.195065 -0
    outer loop
      vertex 74.8124 9.1459 -4
      vertex 74.7282 9.56926 -0.334729
      vertex 74.8124 9.1459 -0.267674
    endloop
  endfacet
  facet normal 0.98079 0.195065 0
    outer loop
      vertex 74.7282 9.56926 -0.334729
      vertex 74.8124 9.1459 -4
      vertex 74.7282 9.56926 -4
    endloop
  endfacet
  facet normal 0.555555 -0.83148 0
    outer loop
      vertex 75.9911 12.6181 -4
      vertex 76.35 12.8579 -2.20065
      vertex 75.9911 12.6181 -1.96083
    endloop
  endfacet
  facet normal 0.555555 -0.83148 0
    outer loop
      vertex 76.35 12.8579 -2.20065
      vertex 75.9911 12.6181 -4
      vertex 76.35 12.8579 -4
    endloop
  endfacet
  facet normal -0.98079 0.195065 0
    outer loop
      vertex 81.1876 9.1459 -4
      vertex 81.2718 9.56926 -1.80622
      vertex 81.2718 9.56926 -4
    endloop
  endfacet
  facet normal -0.98079 0.195065 0
    outer loop
      vertex 81.2718 9.56926 -1.80622
      vertex 81.1876 9.1459 -4
      vertex 81.1876 9.1459 -1.67798
    endloop
  endfacet
  facet normal -0.896892 0.442249 0
    outer loop
      vertex 80.8579 8.35 -4
      vertex 81.0488 8.73715 -1.51243
      vertex 81.0488 8.73715 -4
    endloop
  endfacet
  facet normal -0.896892 0.442249 0
    outer loop
      vertex 81.0488 8.73715 -1.51243
      vertex 80.8579 8.35 -4
      vertex 80.8579 8.35 -1.3124
    endloop
  endfacet
  facet normal 0.89687 -0.442295 0
    outer loop
      vertex 74.9512 11.2629 -4
      vertex 75.1421 11.65 -1.19574
      vertex 74.9512 11.2629 -0.998481
    endloop
  endfacet
  facet normal 0.89687 -0.442295 0
    outer loop
      vertex 75.1421 11.65 -1.19574
      vertex 74.9512 11.2629 -4
      vertex 75.1421 11.65 -4
    endloop
  endfacet
  facet normal -0.195047 -0.980794 0
    outer loop
      vertex 78.4307 13.2718 -4
      vertex 78.8541 13.1876 -2.87482
      vertex 78.4307 13.2718 -2.76689
    endloop
  endfacet
  facet normal -0.195047 -0.980794 -0
    outer loop
      vertex 78.8541 13.1876 -2.87482
      vertex 78.4307 13.2718 -4
      vertex 78.8541 13.1876 -4
    endloop
  endfacet
  facet normal -0.3214 0.946943 0
    outer loop
      vertex 78.8541 6.81245 -4
      vertex 79.2629 6.9512 -0.465627
      vertex 79.2629 6.9512 -4
    endloop
  endfacet
  facet normal -0.3214 0.946943 0
    outer loop
      vertex 79.2629 6.9512 -0.465627
      vertex 78.8541 6.81245 -4
      vertex 78.8541 6.81245 -0.332816
    endloop
  endfacet
  facet normal 0.946896 0.321539 -0
    outer loop
      vertex 74.9512 8.73715 -4
      vertex 74.8124 9.1459 -0.267674
      vertex 74.9512 8.73715 -0.202934
    endloop
  endfacet
  facet normal 0.946896 0.321539 0
    outer loop
      vertex 74.8124 9.1459 -0.267674
      vertex 74.9512 8.73715 -4
      vertex 74.8124 9.1459 -4
    endloop
  endfacet
  facet normal 0.0654041 0.997859 -0
    outer loop
      vertex 78 6.7 -4
      vertex 77.5693 6.72823 -0.0861816
      vertex 78 6.7 -0.0861816
    endloop
  endfacet
  facet normal 0.0654041 0.997859 0
    outer loop
      vertex 77.5693 6.72823 -0.0861816
      vertex 78 6.7 -4
      vertex 77.5693 6.72823 -4
    endloop
  endfacet
  facet normal 0.555571 0.831469 -0
    outer loop
      vertex 76.35 7.14212 -4
      vertex 75.9911 7.38193 -0.0861816
      vertex 76.35 7.14212 -0.0861816
    endloop
  endfacet
  facet normal 0.555571 0.831469 0
    outer loop
      vertex 75.9911 7.38193 -0.0861816
      vertex 76.35 7.14212 -4
      vertex 75.9911 7.38193 -4
    endloop
  endfacet
  facet normal -0.321504 -0.946908 0
    outer loop
      vertex 78.8541 13.1876 -4
      vertex 79.2629 13.0488 -2.92158
      vertex 78.8541 13.1876 -2.87482
    endloop
  endfacet
  facet normal -0.321504 -0.946908 -0
    outer loop
      vertex 79.2629 13.0488 -2.92158
      vertex 78.8541 13.1876 -4
      vertex 79.2629 13.0488 -4
    endloop
  endfacet
  facet normal 0.83148 -0.555555 0
    outer loop
      vertex 75.1421 11.65 -4
      vertex 75.3819 12.0089 -1.37862
      vertex 75.1421 11.65 -1.19574
    endloop
  endfacet
  facet normal 0.83148 -0.555555 0
    outer loop
      vertex 75.3819 12.0089 -1.37862
      vertex 75.1421 11.65 -4
      vertex 75.3819 12.0089 -4
    endloop
  endfacet
  facet normal 0.195091 0.980785 -0
    outer loop
      vertex 77.5693 6.72823 -4
      vertex 77.1459 6.81245 -0.0861816
      vertex 77.5693 6.72823 -0.0861816
    endloop
  endfacet
  facet normal 0.195091 0.980785 0
    outer loop
      vertex 77.1459 6.81245 -0.0861816
      vertex 77.5693 6.72823 -4
      vertex 77.1459 6.81245 -4
    endloop
  endfacet
  facet normal -0.831487 0.555545 0
    outer loop
      vertex 80.6181 7.99109 -4
      vertex 80.8579 8.35 -1.3124
      vertex 80.8579 8.35 -4
    endloop
  endfacet
  facet normal -0.831433 0.555625 -1.55041e-05
    outer loop
      vertex 80.8579 8.35 -1.3124
      vertex 80.6181 7.99109 -4
      vertex 80.624 8 -1.08706
    endloop
  endfacet
  facet normal -0.833774 0.552106 0
    outer loop
      vertex 80.624 8 -1.08706
      vertex 80.6181 7.99109 -4
      vertex 80.6181 7.99109 -1.08273
    endloop
  endfacet
  facet normal -0.0651636 -0.997874 0.000596976
    outer loop
      vertex 78 13.3 -2.64276
      vertex 78.4307 13.2718 -2.76689
      vertex 78.095 13.2938 -2.63653
    endloop
  endfacet
  facet normal -0.0653349 -0.997863 0
    outer loop
      vertex 78 13.3 -4
      vertex 78.4307 13.2718 -2.76689
      vertex 78 13.3 -2.64276
    endloop
  endfacet
  facet normal -0.0653349 -0.997863 -0
    outer loop
      vertex 78.4307 13.2718 -2.76689
      vertex 78 13.3 -4
      vertex 78.4307 13.2718 -4
    endloop
  endfacet
  facet normal 0.659259 -0.751916 0
    outer loop
      vertex 75.6665 12.3335 -4
      vertex 75.9911 12.6181 -1.96083
      vertex 75.6665 12.3335 -1.67622
    endloop
  endfacet
  facet normal 0.659259 -0.751916 0
    outer loop
      vertex 75.9911 12.6181 -1.96083
      vertex 75.6665 12.3335 -4
      vertex 75.9911 12.6181 -4
    endloop
  endfacet
  facet normal -0.946908 -0.321504 0
    outer loop
      vertex 81.1876 10.8541 -4
      vertex 81.0488 11.2629 -2.45007
      vertex 81.0488 11.2629 -4
    endloop
  endfacet
  facet normal -0.946908 -0.321504 0
    outer loop
      vertex 81.0488 11.2629 -2.45007
      vertex 81.1876 10.8541 -4
      vertex 81.1876 10.8541 -2.35355
    endloop
  endfacet
  facet normal -0.442295 -0.89687 0
    outer loop
      vertex 79.65 12.8579 -4
      vertex 79.2629 13.0488 -2.92158
      vertex 79.2629 13.0488 -4
    endloop
  endfacet
  facet normal -0.442295 -0.89687 0
    outer loop
      vertex 79.2629 13.0488 -2.92158
      vertex 79.65 12.8579 -4
      vertex 79.65 12.8579 -2.90636
    endloop
  endfacet
  facet normal 0.833343 0.551821 -0.0321395
    outer loop
      vertex 75.3819 7.99109 -0.0861816
      vertex 75.1421 8.35 -0.141616
      vertex 75.376 8 -0.0861816
    endloop
  endfacet
  facet normal 0.831487 0.555545 0
    outer loop
      vertex 75.1421 8.35 -0.141616
      vertex 75.3819 7.99109 -0.0861816
      vertex 75.3819 7.99109 -4
    endloop
  endfacet
  facet normal 0.831487 0.555545 0
    outer loop
      vertex 75.1421 8.35 -0.141616
      vertex 75.3819 7.99109 -4
      vertex 75.1421 8.35 -4
    endloop
  endfacet
  facet normal 0.750917 -0.660393 -0.00219192
    outer loop
      vertex 75.3819 12.0089 -1.37862
      vertex 75.6665 12.3335 -1.67622
      vertex 75.4301 12.0638 -1.4066
    endloop
  endfacet
  facet normal 0.751916 -0.659259 0
    outer loop
      vertex 75.6665 12.3335 -1.67622
      vertex 75.3819 12.0089 -1.37862
      vertex 75.3819 12.0089 -4
    endloop
  endfacet
  facet normal 0.751916 -0.659259 0
    outer loop
      vertex 75.6665 12.3335 -1.67622
      vertex 75.3819 12.0089 -4
      vertex 75.6665 12.3335 -4
    endloop
  endfacet
  facet normal 0.997864 0.0653289 -0
    outer loop
      vertex 74.7282 9.56926 -4
      vertex 74.7 10 -0.402951
      vertex 74.7282 9.56926 -0.334729
    endloop
  endfacet
  facet normal 0.997864 0.0653289 0
    outer loop
      vertex 74.7 10 -0.402951
      vertex 74.7282 9.56926 -4
      vertex 74.7 10 -4
    endloop
  endfacet
  facet normal 0.442332 0.896851 -0
    outer loop
      vertex 76.7371 6.9512 -4
      vertex 76.35 7.14212 -0.0861816
      vertex 76.7371 6.9512 -0.0861816
    endloop
  endfacet
  facet normal 0.442332 0.896851 0
    outer loop
      vertex 76.35 7.14212 -0.0861816
      vertex 76.7371 6.9512 -4
      vertex 76.35 7.14212 -4
    endloop
  endfacet
  facet normal 0.3214 0.946943 -0
    outer loop
      vertex 77.1459 6.81245 -4
      vertex 76.7371 6.9512 -0.0861816
      vertex 77.1459 6.81245 -0.0861816
    endloop
  endfacet
  facet normal 0.3214 0.946943 0
    outer loop
      vertex 76.7371 6.9512 -0.0861816
      vertex 77.1459 6.81245 -4
      vertex 76.7371 6.9512 -4
    endloop
  endfacet
  facet normal 0.442295 -0.89687 0
    outer loop
      vertex 76.35 12.8579 -4
      vertex 76.7371 13.0488 -2.39157
      vertex 76.35 12.8579 -2.20065
    endloop
  endfacet
  facet normal 0.442295 -0.89687 0
    outer loop
      vertex 76.7371 13.0488 -2.39157
      vertex 76.35 12.8579 -4
      vertex 76.7371 13.0488 -4
    endloop
  endfacet
  facet normal -0.997864 0.0653289 0
    outer loop
      vertex 81.2718 9.56926 -4
      vertex 81.3 10 -2.00892
      vertex 81.3 10 -4
    endloop
  endfacet
  facet normal -0.997864 0.0653289 0
    outer loop
      vertex 81.2718 9.56926 -1.80622
      vertex 81.3 10 -2.00892
      vertex 81.2718 9.56926 -4
    endloop
  endfacet
  facet normal -0.997923 0.0643856 -0.0020127
    outer loop
      vertex 81.3 10 -2.00892
      vertex 81.2718 9.56926 -1.80622
      vertex 81.279 9.68014 -1.82906
    endloop
  endfacet
  facet normal -0.980794 -0.195047 0
    outer loop
      vertex 81.2718 10.4307 -4
      vertex 81.1876 10.8541 -2.35355
      vertex 81.1876 10.8541 -4
    endloop
  endfacet
  facet normal -0.980828 -0.194876 -4.55541e-05
    outer loop
      vertex 81.1876 10.8541 -2.35355
      vertex 81.2718 10.4307 -4
      vertex 81.2533 10.5234 -2.23802
    endloop
  endfacet
  facet normal -0.980662 -0.195709 0
    outer loop
      vertex 81.2533 10.5234 -2.23802
      vertex 81.2718 10.4307 -4
      vertex 81.2718 10.4307 -2.20565
    endloop
  endfacet
  facet normal -0.946896 0.321539 0
    outer loop
      vertex 81.0488 8.73715 -4
      vertex 81.1876 9.1459 -1.67798
      vertex 81.1876 9.1459 -4
    endloop
  endfacet
  facet normal -0.946858 0.321653 -2.2364e-05
    outer loop
      vertex 81.1876 9.1459 -1.67798
      vertex 81.0488 8.73715 -4
      vertex 81.109 8.91453 -1.58427
    endloop
  endfacet
  facet normal -0.94695 0.32138 0
    outer loop
      vertex 81.109 8.91453 -1.58427
      vertex 81.0488 8.73715 -4
      vertex 81.0488 8.73715 -1.51243
    endloop
  endfacet
  facet normal 0.195047 -0.980794 0
    outer loop
      vertex 77.1459 13.1876 -4
      vertex 77.5693 13.2718 -2.61453
      vertex 77.1459 13.1876 -2.53032
    endloop
  endfacet
  facet normal 0.195047 -0.980794 0
    outer loop
      vertex 77.5693 13.2718 -2.61453
      vertex 77.1459 13.1876 -4
      vertex 77.5693 13.2718 -4
    endloop
  endfacet
  facet normal -0.997863 -0.0653349 0
    outer loop
      vertex 81.3 10 -4
      vertex 81.2718 10.4307 -2.20565
      vertex 81.2718 10.4307 -4
    endloop
  endfacet
  facet normal -0.997863 -0.0653349 0
    outer loop
      vertex 81.2718 10.4307 -2.20565
      vertex 81.3 10 -4
      vertex 81.3 10 -2.00892
    endloop
  endfacet
  facet normal 0 0 1
    outer loop
      vertex 79.7 10 -4
      vertex 81.3 10 -4
      vertex 81.2718 10.4307 -4
    endloop
  endfacet
  facet normal 0 0 1
    outer loop
      vertex 79.6855 10.2219 -4
      vertex 81.2718 10.4307 -4
      vertex 81.1876 10.8541 -4
    endloop
  endfacet
  facet normal 0 0 1
    outer loop
      vertex 81.3 10 -4
      vertex 79.7 10 -4
      vertex 81.2718 9.56926 -4
    endloop
  endfacet
  facet normal 0 0 1
    outer loop
      vertex 79.6421 10.44 -4
      vertex 81.1876 10.8541 -4
      vertex 81.0488 11.2629 -4
    endloop
  endfacet
  facet normal -0 0 1
    outer loop
      vertex 79.6855 9.77811 -4
      vertex 81.2718 9.56926 -4
      vertex 79.7 10 -4
    endloop
  endfacet
  facet normal 0 0 1
    outer loop
      vertex 79.5706 10.6506 -4
      vertex 81.0488 11.2629 -4
      vertex 80.8579 11.65 -4
    endloop
  endfacet
  facet normal 0 0 1
    outer loop
      vertex 81.2718 9.56926 -4
      vertex 79.6855 9.77811 -4
      vertex 81.1876 9.1459 -4
    endloop
  endfacet
  facet normal 0 0 1
    outer loop
      vertex 79.4722 10.85 -4
      vertex 80.8579 11.65 -4
      vertex 80.6181 12.0089 -4
    endloop
  endfacet
  facet normal -0 0 1
    outer loop
      vertex 79.6421 9.56001 -4
      vertex 81.1876 9.1459 -4
      vertex 79.6855 9.77811 -4
    endloop
  endfacet
  facet normal 0 0 1
    outer loop
      vertex 79.3487 11.0349 -4
      vertex 80.6181 12.0089 -4
      vertex 80.3335 12.3335 -4
    endloop
  endfacet
  facet normal 0 0 1
    outer loop
      vertex 81.1876 9.1459 -4
      vertex 79.6421 9.56001 -4
      vertex 81.0488 8.73715 -4
    endloop
  endfacet
  facet normal 0 0 1
    outer loop
      vertex 79.2021 11.2021 -4
      vertex 80.3335 12.3335 -4
      vertex 80.0089 12.6181 -4
    endloop
  endfacet
  facet normal -0 0 1
    outer loop
      vertex 79.5706 9.34944 -4
      vertex 81.0488 8.73715 -4
      vertex 79.6421 9.56001 -4
    endloop
  endfacet
  facet normal 0 0 1
    outer loop
      vertex 81.0488 8.73715 -4
      vertex 79.5706 9.34944 -4
      vertex 80.8579 8.35 -4
    endloop
  endfacet
  facet normal 0 0 1
    outer loop
      vertex 81.2718 10.4307 -4
      vertex 79.6855 10.2219 -4
      vertex 79.7 10 -4
    endloop
  endfacet
  facet normal 0 0 1
    outer loop
      vertex 79.0349 11.3487 -4
      vertex 80.0089 12.6181 -4
      vertex 79.65 12.8579 -4
    endloop
  endfacet
  facet normal 0 0 1
    outer loop
      vertex 81.1876 10.8541 -4
      vertex 79.6421 10.44 -4
      vertex 79.6855 10.2219 -4
    endloop
  endfacet
  facet normal 0 0 1
    outer loop
      vertex 81.0488 11.2629 -4
      vertex 79.5706 10.6506 -4
      vertex 79.6421 10.44 -4
    endloop
  endfacet
  facet normal 0 0 1
    outer loop
      vertex 80.8579 11.65 -4
      vertex 79.4722 10.85 -4
      vertex 79.5706 10.6506 -4
    endloop
  endfacet
  facet normal 0 0 1
    outer loop
      vertex 80.6181 12.0089 -4
      vertex 79.3487 11.0349 -4
      vertex 79.4722 10.85 -4
    endloop
  endfacet
  facet normal 0 0 1
    outer loop
      vertex 78.85 11.4722 -4
      vertex 79.65 12.8579 -4
      vertex 79.2629 13.0488 -4
    endloop
  endfacet
  facet normal 0 0 1
    outer loop
      vertex 80.3335 12.3335 -4
      vertex 79.2021 11.2021 -4
      vertex 79.3487 11.0349 -4
    endloop
  endfacet
  facet normal 0 0 1
    outer loop
      vertex 80.0089 12.6181 -4
      vertex 79.0349 11.3487 -4
      vertex 79.2021 11.2021 -4
    endloop
  endfacet
  facet normal 0 0 1
    outer loop
      vertex 78.6506 11.5706 -4
      vertex 79.2629 13.0488 -4
      vertex 78.8541 13.1876 -4
    endloop
  endfacet
  facet normal 0 0 1
    outer loop
      vertex 79.65 12.8579 -4
      vertex 78.85 11.4722 -4
      vertex 79.0349 11.3487 -4
    endloop
  endfacet
  facet normal 0 0 1
    outer loop
      vertex 79.2629 13.0488 -4
      vertex 78.6506 11.5706 -4
      vertex 78.85 11.4722 -4
    endloop
  endfacet
  facet normal 0 0 1
    outer loop
      vertex 78.8541 13.1876 -4
      vertex 78.44 11.6421 -4
      vertex 78.6506 11.5706 -4
    endloop
  endfacet
  facet normal 0 0 1
    outer loop
      vertex 78.4307 13.2718 -4
      vertex 78.44 11.6421 -4
      vertex 78.8541 13.1876 -4
    endloop
  endfacet
  facet normal 0 0 1
    outer loop
      vertex 78.4307 13.2718 -4
      vertex 78.2219 11.6855 -4
      vertex 78.44 11.6421 -4
    endloop
  endfacet
  facet normal 0 0 1
    outer loop
      vertex 78 13.3 -4
      vertex 78.2219 11.6855 -4
      vertex 78.4307 13.2718 -4
    endloop
  endfacet
  facet normal 0 0 1
    outer loop
      vertex 78 13.3 -4
      vertex 78 11.7 -4
      vertex 78.2219 11.6855 -4
    endloop
  endfacet
  facet normal 0 0 1
    outer loop
      vertex 78 13.3 -4
      vertex 77.7781 11.6855 -4
      vertex 78 11.7 -4
    endloop
  endfacet
  facet normal -0 0 1
    outer loop
      vertex 77.5693 13.2718 -4
      vertex 77.7781 11.6855 -4
      vertex 78 13.3 -4
    endloop
  endfacet
  facet normal 0 0 1
    outer loop
      vertex 77.5693 13.2718 -4
      vertex 77.56 11.6421 -4
      vertex 77.7781 11.6855 -4
    endloop
  endfacet
  facet normal -0 0 1
    outer loop
      vertex 77.1459 13.1876 -4
      vertex 77.56 11.6421 -4
      vertex 77.5693 13.2718 -4
    endloop
  endfacet
  facet normal 0 0 1
    outer loop
      vertex 77.56 11.6421 -4
      vertex 77.1459 13.1876 -4
      vertex 77.3494 11.5706 -4
    endloop
  endfacet
  facet normal -0 0 1
    outer loop
      vertex 76.7371 13.0488 -4
      vertex 77.3494 11.5706 -4
      vertex 77.1459 13.1876 -4
    endloop
  endfacet
  facet normal 0 0 1
    outer loop
      vertex 77.3494 11.5706 -4
      vertex 76.7371 13.0488 -4
      vertex 77.15 11.4722 -4
    endloop
  endfacet
  facet normal -0 0 1
    outer loop
      vertex 76.35 12.8579 -4
      vertex 77.15 11.4722 -4
      vertex 76.7371 13.0488 -4
    endloop
  endfacet
  facet normal 0 0 1
    outer loop
      vertex 77.15 11.4722 -4
      vertex 76.35 12.8579 -4
      vertex 76.9651 11.3487 -4
    endloop
  endfacet
  facet normal -0 0 1
    outer loop
      vertex 75.9911 12.6181 -4
      vertex 76.9651 11.3487 -4
      vertex 76.35 12.8579 -4
    endloop
  endfacet
  facet normal 0 0 1
    outer loop
      vertex 76.9651 11.3487 -4
      vertex 75.9911 12.6181 -4
      vertex 76.7979 11.2021 -4
    endloop
  endfacet
  facet normal -0 0 1
    outer loop
      vertex 75.6665 12.3335 -4
      vertex 76.7979 11.2021 -4
      vertex 75.9911 12.6181 -4
    endloop
  endfacet
  facet normal 0 0 1
    outer loop
      vertex 76.7979 11.2021 -4
      vertex 75.6665 12.3335 -4
      vertex 76.6513 11.0349 -4
    endloop
  endfacet
  facet normal -0 0 1
    outer loop
      vertex 75.3819 12.0089 -4
      vertex 76.6513 11.0349 -4
      vertex 75.6665 12.3335 -4
    endloop
  endfacet
  facet normal 0 0 1
    outer loop
      vertex 76.6513 11.0349 -4
      vertex 75.3819 12.0089 -4
      vertex 76.5278 10.85 -4
    endloop
  endfacet
  facet normal -0 0 1
    outer loop
      vertex 75.1421 11.65 -4
      vertex 76.5278 10.85 -4
      vertex 75.3819 12.0089 -4
    endloop
  endfacet
  facet normal 0 0 1
    outer loop
      vertex 76.5278 10.85 -4
      vertex 75.1421 11.65 -4
      vertex 76.4294 10.6506 -4
    endloop
  endfacet
  facet normal -0 0 1
    outer loop
      vertex 79.4722 9.15 -4
      vertex 80.8579 8.35 -4
      vertex 79.5706 9.34944 -4
    endloop
  endfacet
  facet normal 0 0 1
    outer loop
      vertex 80.8579 8.35 -4
      vertex 79.4722 9.15 -4
      vertex 80.6181 7.99109 -4
    endloop
  endfacet
  facet normal -0 0 1
    outer loop
      vertex 79.3487 8.96511 -4
      vertex 80.6181 7.99109 -4
      vertex 79.4722 9.15 -4
    endloop
  endfacet
  facet normal 0 0 1
    outer loop
      vertex 80.6181 7.99109 -4
      vertex 79.3487 8.96511 -4
      vertex 80.3335 7.66655 -4
    endloop
  endfacet
  facet normal -0 0 1
    outer loop
      vertex 79.2021 8.79792 -4
      vertex 80.3335 7.66655 -4
      vertex 79.3487 8.96511 -4
    endloop
  endfacet
  facet normal 0 0 1
    outer loop
      vertex 80.3335 7.66655 -4
      vertex 79.2021 8.79792 -4
      vertex 80.0089 7.38193 -4
    endloop
  endfacet
  facet normal -0 0 1
    outer loop
      vertex 79.0349 8.6513 -4
      vertex 80.0089 7.38193 -4
      vertex 79.2021 8.79792 -4
    endloop
  endfacet
  facet normal 0 0 1
    outer loop
      vertex 80.0089 7.38193 -4
      vertex 79.0349 8.6513 -4
      vertex 79.65 7.14212 -4
    endloop
  endfacet
  facet normal -0 0 1
    outer loop
      vertex 78.85 8.52776 -4
      vertex 79.65 7.14212 -4
      vertex 79.0349 8.6513 -4
    endloop
  endfacet
  facet normal 0 0 1
    outer loop
      vertex 79.65 7.14212 -4
      vertex 78.85 8.52776 -4
      vertex 79.2629 6.9512 -4
    endloop
  endfacet
  facet normal -0 0 1
    outer loop
      vertex 78.6506 8.42941 -4
      vertex 79.2629 6.9512 -4
      vertex 78.85 8.52776 -4
    endloop
  endfacet
  facet normal 0 0 1
    outer loop
      vertex 79.2629 6.9512 -4
      vertex 78.6506 8.42941 -4
      vertex 78.8541 6.81245 -4
    endloop
  endfacet
  facet normal -0 0 1
    outer loop
      vertex 78.44 8.35793 -4
      vertex 78.8541 6.81245 -4
      vertex 78.6506 8.42941 -4
    endloop
  endfacet
  facet normal 0 0 1
    outer loop
      vertex 78.44 8.35793 -4
      vertex 78.4307 6.72823 -4
      vertex 78.8541 6.81245 -4
    endloop
  endfacet
  facet normal -0 0 1
    outer loop
      vertex 78.2219 8.31454 -4
      vertex 78.4307 6.72823 -4
      vertex 78.44 8.35793 -4
    endloop
  endfacet
  facet normal -0 0 1
    outer loop
      vertex 78 8.3 -4
      vertex 78.4307 6.72823 -4
      vertex 78.2219 8.31454 -4
    endloop
  endfacet
  facet normal 0 0 1
    outer loop
      vertex 78 8.3 -4
      vertex 78 6.7 -4
      vertex 78.4307 6.72823 -4
    endloop
  endfacet
  facet normal 0 0 1
    outer loop
      vertex 77.7781 8.31454 -4
      vertex 78 6.7 -4
      vertex 78 8.3 -4
    endloop
  endfacet
  facet normal 0 0 1
    outer loop
      vertex 77.7781 8.31454 -4
      vertex 77.5693 6.72823 -4
      vertex 78 6.7 -4
    endloop
  endfacet
  facet normal 0 0 1
    outer loop
      vertex 77.56 8.35793 -4
      vertex 77.5693 6.72823 -4
      vertex 77.7781 8.31454 -4
    endloop
  endfacet
  facet normal 0 0 1
    outer loop
      vertex 77.1459 6.81245 -4
      vertex 77.56 8.35793 -4
      vertex 77.3494 8.42941 -4
    endloop
  endfacet
  facet normal 0 0 1
    outer loop
      vertex 76.7371 6.9512 -4
      vertex 77.3494 8.42941 -4
      vertex 77.15 8.52776 -4
    endloop
  endfacet
  facet normal 0 0 1
    outer loop
      vertex 77.56 8.35793 -4
      vertex 77.1459 6.81245 -4
      vertex 77.5693 6.72823 -4
    endloop
  endfacet
  facet normal 0 0 1
    outer loop
      vertex 76.35 7.14212 -4
      vertex 77.15 8.52776 -4
      vertex 76.9651 8.6513 -4
    endloop
  endfacet
  facet normal 0 0 1
    outer loop
      vertex 75.9911 7.38193 -4
      vertex 76.9651 8.6513 -4
      vertex 76.7979 8.79792 -4
    endloop
  endfacet
  facet normal 0 0 1
    outer loop
      vertex 77.3494 8.42941 -4
      vertex 76.7371 6.9512 -4
      vertex 77.1459 6.81245 -4
    endloop
  endfacet
  facet normal 0 0 1
    outer loop
      vertex 75.6665 7.66655 -4
      vertex 76.7979 8.79792 -4
      vertex 76.6513 8.96511 -4
    endloop
  endfacet
  facet normal 0 0 1
    outer loop
      vertex 75.3819 7.99109 -4
      vertex 76.6513 8.96511 -4
      vertex 76.5278 9.15 -4
    endloop
  endfacet
  facet normal 0 0 1
    outer loop
      vertex 75.1421 8.35 -4
      vertex 76.5278 9.15 -4
      vertex 76.4294 9.34944 -4
    endloop
  endfacet
  facet normal 0 0 1
    outer loop
      vertex 74.9512 8.73715 -4
      vertex 76.4294 9.34944 -4
      vertex 76.3579 9.56001 -4
    endloop
  endfacet
  facet normal 0 0 1
    outer loop
      vertex 77.15 8.52776 -4
      vertex 76.35 7.14212 -4
      vertex 76.7371 6.9512 -4
    endloop
  endfacet
  facet normal 0 0 1
    outer loop
      vertex 74.8124 9.1459 -4
      vertex 76.3579 9.56001 -4
      vertex 76.3145 9.77811 -4
    endloop
  endfacet
  facet normal 0 0 1
    outer loop
      vertex 74.7282 9.56926 -4
      vertex 76.3145 9.77811 -4
      vertex 76.3 10 -4
    endloop
  endfacet
  facet normal -0 0 1
    outer loop
      vertex 74.9512 11.2629 -4
      vertex 76.4294 10.6506 -4
      vertex 75.1421 11.65 -4
    endloop
  endfacet
  facet normal 0 0 1
    outer loop
      vertex 76.9651 8.6513 -4
      vertex 75.9911 7.38193 -4
      vertex 76.35 7.14212 -4
    endloop
  endfacet
  facet normal 0 0 1
    outer loop
      vertex 76.4294 10.6506 -4
      vertex 74.9512 11.2629 -4
      vertex 76.3579 10.44 -4
    endloop
  endfacet
  facet normal 0 0 1
    outer loop
      vertex 76.7979 8.79792 -4
      vertex 75.6665 7.66655 -4
      vertex 75.9911 7.38193 -4
    endloop
  endfacet
  facet normal -0 0 1
    outer loop
      vertex 74.8124 10.8541 -4
      vertex 76.3579 10.44 -4
      vertex 74.9512 11.2629 -4
    endloop
  endfacet
  facet normal 0 0 1
    outer loop
      vertex 76.6513 8.96511 -4
      vertex 75.3819 7.99109 -4
      vertex 75.6665 7.66655 -4
    endloop
  endfacet
  facet normal 0 0 1
    outer loop
      vertex 76.3579 10.44 -4
      vertex 74.8124 10.8541 -4
      vertex 76.3145 10.2219 -4
    endloop
  endfacet
  facet normal 0 0 1
    outer loop
      vertex 76.5278 9.15 -4
      vertex 75.1421 8.35 -4
      vertex 75.3819 7.99109 -4
    endloop
  endfacet
  facet normal -0 0 1
    outer loop
      vertex 74.7282 10.4307 -4
      vertex 76.3145 10.2219 -4
      vertex 74.8124 10.8541 -4
    endloop
  endfacet
  facet normal 0 0 1
    outer loop
      vertex 76.4294 9.34944 -4
      vertex 74.9512 8.73715 -4
      vertex 75.1421 8.35 -4
    endloop
  endfacet
  facet normal 0 0 1
    outer loop
      vertex 76.3145 10.2219 -4
      vertex 74.7282 10.4307 -4
      vertex 76.3 10 -4
    endloop
  endfacet
  facet normal 0 0 1
    outer loop
      vertex 76.3579 9.56001 -4
      vertex 74.8124 9.1459 -4
      vertex 74.9512 8.73715 -4
    endloop
  endfacet
  facet normal 0 0 1
    outer loop
      vertex 74.7 10 -4
      vertex 76.3 10 -4
      vertex 74.7282 10.4307 -4
    endloop
  endfacet
  facet normal 0 0 1
    outer loop
      vertex 76.3145 9.77811 -4
      vertex 74.7282 9.56926 -4
      vertex 74.8124 9.1459 -4
    endloop
  endfacet
  facet normal 0 0 1
    outer loop
      vertex 76.3 10 -4
      vertex 74.7 10 -4
      vertex 74.7282 9.56926 -4
    endloop
  endfacet
  facet normal -0.659076 -0.752074 -0.00207903
    outer loop
      vertex 80.0089 12.6181 -2.82944
      vertex 80.3335 12.3335 -2.77936
      vertex 80.1779 12.4698 -2.75792
    endloop
  endfacet
  facet normal -0.659259 -0.751916 0
    outer loop
      vertex 80.3335 12.3335 -4
      vertex 80.0089 12.6181 -2.82944
      vertex 80.0089 12.6181 -4
    endloop
  endfacet
  facet normal -0.659259 -0.751916 0
    outer loop
      vertex 80.0089 12.6181 -2.82944
      vertex 80.3335 12.3335 -4
      vertex 80.3335 12.3335 -2.77936
    endloop
  endfacet
  facet normal -0.555555 -0.83148 0
    outer loop
      vertex 80.0089 12.6181 -4
      vertex 79.65 12.8579 -2.90636
      vertex 79.65 12.8579 -4
    endloop
  endfacet
  facet normal -0.555555 -0.83148 0
    outer loop
      vertex 79.65 12.8579 -2.90636
      vertex 80.0089 12.6181 -4
      vertex 80.0089 12.6181 -2.82944
    endloop
  endfacet
  facet normal -0.195091 0.980785 0
    outer loop
      vertex 78.4307 6.72823 -4
      vertex 78.8541 6.81245 -0.332816
      vertex 78.8541 6.81245 -4
    endloop
  endfacet
  facet normal -0.195091 0.980785 0
    outer loop
      vertex 78.8541 6.81245 -0.332816
      vertex 78.4307 6.72823 -4
      vertex 78.4307 6.72823 -0.195255
    endloop
  endfacet
  facet normal 0.896892 0.442249 -0
    outer loop
      vertex 75.1421 8.35 -4
      vertex 74.9512 8.73715 -0.202934
      vertex 75.1421 8.35 -0.141616
    endloop
  endfacet
  facet normal 0.896892 0.442249 0
    outer loop
      vertex 74.9512 8.73715 -0.202934
      vertex 75.1421 8.35 -4
      vertex 74.9512 8.73715 -4
    endloop
  endfacet
  facet normal 0.659285 0.751893 -0
    outer loop
      vertex 75.9911 7.38193 -4
      vertex 75.6665 7.66655 -0.0861816
      vertex 75.9911 7.38193 -0.0861816
    endloop
  endfacet
  facet normal 0.659285 0.751893 0
    outer loop
      vertex 75.6665 7.66655 -0.0861816
      vertex 75.9911 7.38193 -4
      vertex 75.6665 7.66655 -4
    endloop
  endfacet
  facet normal 0.751856 0.659328 0
    outer loop
      vertex 75.6665 7.66655 -0.0861816
      vertex 75.3819 7.99109 -4
      vertex 75.3819 7.99109 -0.0861816
    endloop
  endfacet
  facet normal 0.751856 0.659328 0
    outer loop
      vertex 75.3819 7.99109 -4
      vertex 75.6665 7.66655 -0.0861816
      vertex 75.6665 7.66655 -4
    endloop
  endfacet
  facet normal -0.442332 0.896851 0
    outer loop
      vertex 79.2629 6.9512 -4
      vertex 79.65 7.14212 -0.591418
      vertex 79.65 7.14212 -4
    endloop
  endfacet
  facet normal -0.442332 0.896851 0
    outer loop
      vertex 79.65 7.14212 -0.591418
      vertex 79.2629 6.9512 -4
      vertex 79.2629 6.9512 -0.465627
    endloop
  endfacet
  facet normal -0.751856 0.659328 0
    outer loop
      vertex 80.3335 7.66655 -4
      vertex 80.6181 7.99109 -1.08273
      vertex 80.6181 7.99109 -4
    endloop
  endfacet
  facet normal -0.751856 0.659328 0
    outer loop
      vertex 80.6181 7.99109 -1.08273
      vertex 80.3335 7.66655 -4
      vertex 80.3335 7.66655 -0.875946
    endloop
  endfacet
  facet normal -0.0654384 0.997857 -0.000135879
    outer loop
      vertex 78.4307 6.72823 -0.195255
      vertex 78 6.7 -0.0861816
      vertex 78.095 6.70623 -0.0861816
    endloop
  endfacet
  facet normal -0.0654041 0.997859 0
    outer loop
      vertex 78 6.7 -4
      vertex 78.4307 6.72823 -0.195255
      vertex 78.4307 6.72823 -4
    endloop
  endfacet
  facet normal -0.0654041 0.997859 0
    outer loop
      vertex 78.4307 6.72823 -0.195255
      vertex 78 6.7 -4
      vertex 78 6.7 -0.0861816
    endloop
  endfacet
  facet normal -0.83148 -0.555555 0
    outer loop
      vertex 80.8579 11.65 -4
      vertex 80.6181 12.0089 -2.74365
      vertex 80.6181 12.0089 -4
    endloop
  endfacet
  facet normal -0.83148 -0.555555 0
    outer loop
      vertex 80.6181 12.0089 -2.74365
      vertex 80.8579 11.65 -4
      vertex 80.8579 11.65 -2.62812
    endloop
  endfacet
  facet normal -0.65959 0.751625 -0.00104571
    outer loop
      vertex 80.3335 7.66655 -0.875946
      vertex 80.0089 7.38193 -0.708036
      vertex 80.1779 7.53016 -0.762955
    endloop
  endfacet
  facet normal -0.659285 0.751893 0
    outer loop
      vertex 80.0089 7.38193 -4
      vertex 80.3335 7.66655 -0.875946
      vertex 80.3335 7.66655 -4
    endloop
  endfacet
  facet normal -0.659285 0.751893 0
    outer loop
      vertex 80.3335 7.66655 -0.875946
      vertex 80.0089 7.38193 -4
      vertex 80.0089 7.38193 -0.708036
    endloop
  endfacet
  facet normal -0.555571 0.831469 0
    outer loop
      vertex 79.65 7.14212 -4
      vertex 80.0089 7.38193 -0.708036
      vertex 80.0089 7.38193 -4
    endloop
  endfacet
  facet normal -0.555571 0.831469 0
    outer loop
      vertex 80.0089 7.38193 -0.708036
      vertex 79.65 7.14212 -4
      vertex 79.65 7.14212 -0.591418
    endloop
  endfacet
  facet normal -0.751916 -0.659259 0
    outer loop
      vertex 80.6181 12.0089 -4
      vertex 80.3335 12.3335 -2.77936
      vertex 80.3335 12.3335 -4
    endloop
  endfacet
  facet normal -0.751916 -0.659259 0
    outer loop
      vertex 80.3335 12.3335 -2.77936
      vertex 80.6181 12.0089 -4
      vertex 80.6181 12.0089 -2.74365
    endloop
  endfacet
  facet normal -0.0653833 -0.99786 0
    outer loop
      vertex 26 -6.9 -18.4
      vertex 26.2741 -6.91796 -18.38
      vertex 26 -6.9 -18.38
    endloop
  endfacet
  facet normal -0.0653833 -0.99786 -0
    outer loop
      vertex 26.2741 -6.91796 -18.38
      vertex 26 -6.9 -18.4
      vertex 26.2741 -6.91796 -18.4
    endloop
  endfacet
  facet normal 0.751832 0.659355 0
    outer loop
      vertex 24.5151 -10.4849 -18.38
      vertex 24.334 -10.2784 -18.4
      vertex 24.334 -10.2784 -18.38
    endloop
  endfacet
  facet normal 0.751832 0.659355 0
    outer loop
      vertex 24.334 -10.2784 -18.4
      vertex 24.5151 -10.4849 -18.38
      vertex 24.5151 -10.4849 -18.4
    endloop
  endfacet
  facet normal 0.946929 -0.321443 0
    outer loop
      vertex 23.9716 -8.45648 -18.38
      vertex 24.0599 -8.19636 -18.4
      vertex 24.0599 -8.19636 -18.38
    endloop
  endfacet
  facet normal 0.946929 -0.321443 0
    outer loop
      vertex 24.0599 -8.19636 -18.4
      vertex 23.9716 -8.45648 -18.38
      vertex 23.9716 -8.45648 -18.4
    endloop
  endfacet
  facet normal 0.321433 -0.946932 0
    outer loop
      vertex 25.1964 -7.05985 -18.4
      vertex 25.4565 -6.97156 -18.38
      vertex 25.1964 -7.05985 -18.38
    endloop
  endfacet
  facet normal 0.321433 -0.946932 0
    outer loop
      vertex 25.4565 -6.97156 -18.38
      vertex 25.1964 -7.05985 -18.4
      vertex 25.4565 -6.97156 -18.4
    endloop
  endfacet
  facet normal -0.946929 -0.321443 0
    outer loop
      vertex 28.0284 -8.45648 -18.4
      vertex 27.9401 -8.19636 -18.38
      vertex 27.9401 -8.19636 -18.4
    endloop
  endfacet
  facet normal -0.946929 -0.321443 0
    outer loop
      vertex 27.9401 -8.19636 -18.38
      vertex 28.0284 -8.45648 -18.4
      vertex 28.0284 -8.45648 -18.38
    endloop
  endfacet
  facet normal -0.0655283 0.997851 0
    outer loop
      vertex 26.2741 -11.082 -18.4
      vertex 26 -11.1 -18.38
      vertex 26.2741 -11.082 -18.38
    endloop
  endfacet
  facet normal -0.0655283 0.997851 0
    outer loop
      vertex 26 -11.1 -18.38
      vertex 26.2741 -11.082 -18.4
      vertex 26 -11.1 -18.4
    endloop
  endfacet
  facet normal -0.980778 -0.195129 0
    outer loop
      vertex 28.082 -8.72589 -18.4
      vertex 28.0284 -8.45648 -18.38
      vertex 28.0284 -8.45648 -18.4
    endloop
  endfacet
  facet normal -0.980778 -0.195129 0
    outer loop
      vertex 28.0284 -8.45648 -18.38
      vertex 28.082 -8.72589 -18.4
      vertex 28.082 -8.72589 -18.38
    endloop
  endfacet
  facet normal 0.997851 -0.0655259 0
    outer loop
      vertex 23.9 -9 -18.38
      vertex 23.918 -8.72589 -18.4
      vertex 23.918 -8.72589 -18.38
    endloop
  endfacet
  facet normal 0.997851 -0.0655259 0
    outer loop
      vertex 23.918 -8.72589 -18.4
      vertex 23.9 -9 -18.38
      vertex 23.9 -9 -18.4
    endloop
  endfacet
  facet normal -0.946925 0.321454 0
    outer loop
      vertex 27.9401 -9.80363 -18.4
      vertex 28.0284 -9.54352 -18.38
      vertex 28.0284 -9.54352 -18.4
    endloop
  endfacet
  facet normal -0.946925 0.321454 0
    outer loop
      vertex 28.0284 -9.54352 -18.38
      vertex 27.9401 -9.80363 -18.4
      vertex 27.9401 -9.80363 -18.38
    endloop
  endfacet
  facet normal -0.897012 0.442007 0
    outer loop
      vertex 27.8187 -10.05 -18.4
      vertex 27.9401 -9.80363 -18.38
      vertex 27.9401 -9.80363 -18.4
    endloop
  endfacet
  facet normal -0.897012 0.442007 0
    outer loop
      vertex 27.9401 -9.80363 -18.38
      vertex 27.8187 -10.05 -18.4
      vertex 27.8187 -10.05 -18.38
    endloop
  endfacet
  facet normal -0.980779 0.195122 0
    outer loop
      vertex 28.0284 -9.54352 -18.4
      vertex 28.082 -9.2741 -18.38
      vertex 28.082 -9.2741 -18.4
    endloop
  endfacet
  facet normal -0.980779 0.195122 0
    outer loop
      vertex 28.082 -9.2741 -18.38
      vertex 28.0284 -9.54352 -18.4
      vertex 28.0284 -9.54352 -18.38
    endloop
  endfacet
  facet normal 0.555792 0.831322 -0
    outer loop
      vertex 24.95 -10.8187 -18.4
      vertex 24.7216 -10.666 -18.38
      vertex 24.95 -10.8187 -18.38
    endloop
  endfacet
  facet normal 0.555792 0.831322 0
    outer loop
      vertex 24.7216 -10.666 -18.38
      vertex 24.95 -10.8187 -18.4
      vertex 24.7216 -10.666 -18.4
    endloop
  endfacet
  facet normal 0.980779 0.195122 0
    outer loop
      vertex 23.9716 -9.54352 -18.38
      vertex 23.918 -9.2741 -18.4
      vertex 23.918 -9.2741 -18.38
    endloop
  endfacet
  facet normal 0.980779 0.195122 0
    outer loop
      vertex 23.918 -9.2741 -18.4
      vertex 23.9716 -9.54352 -18.38
      vertex 23.9716 -9.54352 -18.4
    endloop
  endfacet
  facet normal 0.897012 0.442007 0
    outer loop
      vertex 24.1813 -10.05 -18.38
      vertex 24.0599 -9.80363 -18.4
      vertex 24.0599 -9.80363 -18.38
    endloop
  endfacet
  facet normal 0.897012 0.442007 0
    outer loop
      vertex 24.0599 -9.80363 -18.4
      vertex 24.1813 -10.05 -18.38
      vertex 24.1813 -10.05 -18.4
    endloop
  endfacet
  facet normal 0.442256 -0.896889 0
    outer loop
      vertex 24.95 -7.18135 -18.4
      vertex 25.1964 -7.05985 -18.38
      vertex 24.95 -7.18135 -18.38
    endloop
  endfacet
  facet normal 0.442256 -0.896889 0
    outer loop
      vertex 25.1964 -7.05985 -18.38
      vertex 24.95 -7.18135 -18.4
      vertex 25.1964 -7.05985 -18.4
    endloop
  endfacet
  facet normal 0.897005 -0.442021 0
    outer loop
      vertex 24.0599 -8.19636 -18.38
      vertex 24.1813 -7.95 -18.4
      vertex 24.1813 -7.95 -18.38
    endloop
  endfacet
  facet normal 0.897005 -0.442021 0
    outer loop
      vertex 24.1813 -7.95 -18.4
      vertex 24.0599 -8.19636 -18.38
      vertex 24.0599 -8.19636 -18.4
    endloop
  endfacet
  facet normal 0.831322 0.555792 0
    outer loop
      vertex 24.334 -10.2784 -18.38
      vertex 24.1813 -10.05 -18.4
      vertex 24.1813 -10.05 -18.38
    endloop
  endfacet
  facet normal 0.831322 0.555792 0
    outer loop
      vertex 24.1813 -10.05 -18.4
      vertex 24.334 -10.2784 -18.38
      vertex 24.334 -10.2784 -18.4
    endloop
  endfacet
  facet normal 0.441964 0.897033 -0
    outer loop
      vertex 25.1964 -10.9401 -18.4
      vertex 24.95 -10.8187 -18.38
      vertex 25.1964 -10.9401 -18.38
    endloop
  endfacet
  facet normal 0.441964 0.897033 0
    outer loop
      vertex 24.95 -10.8187 -18.38
      vertex 25.1964 -10.9401 -18.4
      vertex 24.95 -10.8187 -18.4
    endloop
  endfacet
  facet normal -0.831322 -0.555792 0
    outer loop
      vertex 27.8187 -7.95 -18.4
      vertex 27.666 -7.7216 -18.38
      vertex 27.666 -7.7216 -18.4
    endloop
  endfacet
  facet normal -0.831322 -0.555792 0
    outer loop
      vertex 27.666 -7.7216 -18.38
      vertex 27.8187 -7.95 -18.4
      vertex 27.8187 -7.95 -18.38
    endloop
  endfacet
  facet normal -0.555565 -0.831473 0
    outer loop
      vertex 27.05 -7.18135 -18.4
      vertex 27.2784 -7.33396 -18.38
      vertex 27.05 -7.18135 -18.38
    endloop
  endfacet
  facet normal -0.555565 -0.831473 -0
    outer loop
      vertex 27.2784 -7.33396 -18.38
      vertex 27.05 -7.18135 -18.4
      vertex 27.2784 -7.33396 -18.4
    endloop
  endfacet
  facet normal -0.321433 -0.946932 0
    outer loop
      vertex 26.5435 -6.97156 -18.4
      vertex 26.8036 -7.05985 -18.38
      vertex 26.5435 -6.97156 -18.38
    endloop
  endfacet
  facet normal -0.321433 -0.946932 -0
    outer loop
      vertex 26.8036 -7.05985 -18.38
      vertex 26.5435 -6.97156 -18.4
      vertex 26.8036 -7.05985 -18.4
    endloop
  endfacet
  facet normal 0.997851 0.0655283 0
    outer loop
      vertex 23.918 -9.2741 -18.38
      vertex 23.9 -9 -18.4
      vertex 23.9 -9 -18.38
    endloop
  endfacet
  facet normal 0.997851 0.0655283 0
    outer loop
      vertex 23.9 -9 -18.4
      vertex 23.918 -9.2741 -18.38
      vertex 23.918 -9.2741 -18.4
    endloop
  endfacet
  facet normal 0.659396 -0.751796 0
    outer loop
      vertex 24.5151 -7.51508 -18.4
      vertex 24.7216 -7.33396 -18.38
      vertex 24.5151 -7.51508 -18.38
    endloop
  endfacet
  facet normal 0.659396 -0.751796 0
    outer loop
      vertex 24.7216 -7.33396 -18.38
      vertex 24.5151 -7.51508 -18.4
      vertex 24.7216 -7.33396 -18.4
    endloop
  endfacet
  facet normal -0.442256 -0.896889 0
    outer loop
      vertex 26.8036 -7.05985 -18.4
      vertex 27.05 -7.18135 -18.38
      vertex 26.8036 -7.05985 -18.38
    endloop
  endfacet
  facet normal -0.442256 -0.896889 -0
    outer loop
      vertex 27.05 -7.18135 -18.38
      vertex 26.8036 -7.05985 -18.4
      vertex 27.05 -7.18135 -18.4
    endloop
  endfacet
  facet normal 0.831322 -0.555792 0
    outer loop
      vertex 24.1813 -7.95 -18.38
      vertex 24.334 -7.7216 -18.4
      vertex 24.334 -7.7216 -18.38
    endloop
  endfacet
  facet normal 0.831322 -0.555792 0
    outer loop
      vertex 24.334 -7.7216 -18.4
      vertex 24.1813 -7.95 -18.38
      vertex 24.1813 -7.95 -18.4
    endloop
  endfacet
  facet normal 0.659355 0.751832 -0
    outer loop
      vertex 24.7216 -10.666 -18.4
      vertex 24.5151 -10.4849 -18.38
      vertex 24.7216 -10.666 -18.38
    endloop
  endfacet
  facet normal 0.659355 0.751832 0
    outer loop
      vertex 24.5151 -10.4849 -18.38
      vertex 24.7216 -10.666 -18.4
      vertex 24.5151 -10.4849 -18.4
    endloop
  endfacet
  facet normal 0.195136 0.980776 -0
    outer loop
      vertex 25.7259 -11.082 -18.4
      vertex 25.4565 -11.0284 -18.38
      vertex 25.7259 -11.082 -18.38
    endloop
  endfacet
  facet normal 0.195136 0.980776 0
    outer loop
      vertex 25.4565 -11.0284 -18.38
      vertex 25.7259 -11.082 -18.4
      vertex 25.4565 -11.0284 -18.4
    endloop
  endfacet
  facet normal -0.195136 -0.980776 0
    outer loop
      vertex 26.2741 -6.91796 -18.4
      vertex 26.5435 -6.97156 -18.38
      vertex 26.2741 -6.91796 -18.38
    endloop
  endfacet
  facet normal -0.195136 -0.980776 -0
    outer loop
      vertex 26.5435 -6.97156 -18.38
      vertex 26.2741 -6.91796 -18.4
      vertex 26.5435 -6.97156 -18.4
    endloop
  endfacet
  facet normal -0.659355 0.751832 0
    outer loop
      vertex 27.4849 -10.4849 -18.4
      vertex 27.2784 -10.666 -18.38
      vertex 27.4849 -10.4849 -18.38
    endloop
  endfacet
  facet normal -0.659355 0.751832 0
    outer loop
      vertex 27.2784 -10.666 -18.38
      vertex 27.4849 -10.4849 -18.4
      vertex 27.2784 -10.666 -18.4
    endloop
  endfacet
  facet normal -0.751864 -0.659319 0
    outer loop
      vertex 27.666 -7.7216 -18.4
      vertex 27.4849 -7.51508 -18.38
      vertex 27.4849 -7.51508 -18.4
    endloop
  endfacet
  facet normal -0.751864 -0.659319 0
    outer loop
      vertex 27.4849 -7.51508 -18.38
      vertex 27.666 -7.7216 -18.4
      vertex 27.666 -7.7216 -18.38
    endloop
  endfacet
  facet normal 0.555565 -0.831473 0
    outer loop
      vertex 24.7216 -7.33396 -18.4
      vertex 24.95 -7.18135 -18.38
      vertex 24.7216 -7.33396 -18.38
    endloop
  endfacet
  facet normal 0.555565 -0.831473 0
    outer loop
      vertex 24.95 -7.18135 -18.38
      vertex 24.7216 -7.33396 -18.4
      vertex 24.95 -7.18135 -18.4
    endloop
  endfacet
  facet normal -0.831322 0.555792 0
    outer loop
      vertex 27.666 -10.2784 -18.4
      vertex 27.8187 -10.05 -18.38
      vertex 27.8187 -10.05 -18.4
    endloop
  endfacet
  facet normal -0.831322 0.555792 0
    outer loop
      vertex 27.8187 -10.05 -18.38
      vertex 27.666 -10.2784 -18.4
      vertex 27.666 -10.2784 -18.38
    endloop
  endfacet
  facet normal 0.980778 -0.195129 0
    outer loop
      vertex 23.918 -8.72589 -18.38
      vertex 23.9716 -8.45648 -18.4
      vertex 23.9716 -8.45648 -18.38
    endloop
  endfacet
  facet normal 0.980778 -0.195129 0
    outer loop
      vertex 23.9716 -8.45648 -18.4
      vertex 23.918 -8.72589 -18.38
      vertex 23.918 -8.72589 -18.4
    endloop
  endfacet
  facet normal 0.321465 0.946921 -0
    outer loop
      vertex 25.4565 -11.0284 -18.4
      vertex 25.1964 -10.9401 -18.38
      vertex 25.4565 -11.0284 -18.38
    endloop
  endfacet
  facet normal 0.321465 0.946921 0
    outer loop
      vertex 25.1964 -10.9401 -18.38
      vertex 25.4565 -11.0284 -18.4
      vertex 25.1964 -10.9401 -18.4
    endloop
  endfacet
  facet normal -0.321465 0.946921 0
    outer loop
      vertex 26.8036 -10.9401 -18.4
      vertex 26.5435 -11.0284 -18.38
      vertex 26.8036 -10.9401 -18.38
    endloop
  endfacet
  facet normal -0.321465 0.946921 0
    outer loop
      vertex 26.5435 -11.0284 -18.38
      vertex 26.8036 -10.9401 -18.4
      vertex 26.5435 -11.0284 -18.4
    endloop
  endfacet
  facet normal 0 0 -1
    outer loop
      vertex 27.7 -9 -18.38
      vertex 28.1 -9 -18.38
      vertex 28.082 -9.2741 -18.38
    endloop
  endfacet
  facet normal 0 0 -1
    outer loop
      vertex 27.6855 -9.22189 -18.38
      vertex 28.082 -9.2741 -18.38
      vertex 28.0284 -9.54352 -18.38
    endloop
  endfacet
  facet normal 0 0 -1
    outer loop
      vertex 28.1 -9 -18.38
      vertex 27.7 -9 -18.38
      vertex 28.082 -8.72589 -18.38
    endloop
  endfacet
  facet normal 0 0 -1
    outer loop
      vertex 27.6421 -9.43999 -18.38
      vertex 28.0284 -9.54352 -18.38
      vertex 27.9401 -9.80363 -18.38
    endloop
  endfacet
  facet normal 0 0 -1
    outer loop
      vertex 27.6855 -8.77811 -18.38
      vertex 28.082 -8.72589 -18.38
      vertex 27.7 -9 -18.38
    endloop
  endfacet
  facet normal 0 0 -1
    outer loop
      vertex 27.5706 -9.65056 -18.38
      vertex 27.9401 -9.80363 -18.38
      vertex 27.8187 -10.05 -18.38
    endloop
  endfacet
  facet normal -0 0 -1
    outer loop
      vertex 28.082 -8.72589 -18.38
      vertex 27.6855 -8.77811 -18.38
      vertex 28.0284 -8.45648 -18.38
    endloop
  endfacet
  facet normal 0 0 -1
    outer loop
      vertex 27.6421 -8.56001 -18.38
      vertex 28.0284 -8.45648 -18.38
      vertex 27.6855 -8.77811 -18.38
    endloop
  endfacet
  facet normal 0 0 -1
    outer loop
      vertex 28.082 -9.2741 -18.38
      vertex 27.6855 -9.22189 -18.38
      vertex 27.7 -9 -18.38
    endloop
  endfacet
  facet normal 0 0 -1
    outer loop
      vertex 27.4722 -9.85 -18.38
      vertex 27.8187 -10.05 -18.38
      vertex 27.666 -10.2784 -18.38
    endloop
  endfacet
  facet normal 0 0 -1
    outer loop
      vertex 28.0284 -9.54352 -18.38
      vertex 27.6421 -9.43999 -18.38
      vertex 27.6855 -9.22189 -18.38
    endloop
  endfacet
  facet normal 0 0 -1
    outer loop
      vertex 27.9401 -9.80363 -18.38
      vertex 27.5706 -9.65056 -18.38
      vertex 27.6421 -9.43999 -18.38
    endloop
  endfacet
  facet normal 0 0 -1
    outer loop
      vertex 27.3487 -10.0349 -18.38
      vertex 27.666 -10.2784 -18.38
      vertex 27.4849 -10.4849 -18.38
    endloop
  endfacet
  facet normal 0 0 -1
    outer loop
      vertex 27.8187 -10.05 -18.38
      vertex 27.4722 -9.85 -18.38
      vertex 27.5706 -9.65056 -18.38
    endloop
  endfacet
  facet normal 0 0 -1
    outer loop
      vertex 27.666 -10.2784 -18.38
      vertex 27.3487 -10.0349 -18.38
      vertex 27.4722 -9.85 -18.38
    endloop
  endfacet
  facet normal 0 0 -1
    outer loop
      vertex 27.2021 -10.2021 -18.38
      vertex 27.4849 -10.4849 -18.38
      vertex 27.2784 -10.666 -18.38
    endloop
  endfacet
  facet normal 0 0 -1
    outer loop
      vertex 27.4849 -10.4849 -18.38
      vertex 27.2021 -10.2021 -18.38
      vertex 27.3487 -10.0349 -18.38
    endloop
  endfacet
  facet normal 0 0 -1
    outer loop
      vertex 27.0349 -10.3487 -18.38
      vertex 27.2784 -10.666 -18.38
      vertex 27.05 -10.8187 -18.38
    endloop
  endfacet
  facet normal 0 0 -1
    outer loop
      vertex 27.2784 -10.666 -18.38
      vertex 27.0349 -10.3487 -18.38
      vertex 27.2021 -10.2021 -18.38
    endloop
  endfacet
  facet normal 0 0 -1
    outer loop
      vertex 27.05 -10.8187 -18.38
      vertex 26.85 -10.4722 -18.38
      vertex 27.0349 -10.3487 -18.38
    endloop
  endfacet
  facet normal 0 0 -1
    outer loop
      vertex 26.8036 -10.9401 -18.38
      vertex 26.85 -10.4722 -18.38
      vertex 27.05 -10.8187 -18.38
    endloop
  endfacet
  facet normal 0 0 -1
    outer loop
      vertex 26.8036 -10.9401 -18.38
      vertex 26.6506 -10.5706 -18.38
      vertex 26.85 -10.4722 -18.38
    endloop
  endfacet
  facet normal 0 0 -1
    outer loop
      vertex 26.5435 -11.0284 -18.38
      vertex 26.6506 -10.5706 -18.38
      vertex 26.8036 -10.9401 -18.38
    endloop
  endfacet
  facet normal 0 0 -1
    outer loop
      vertex 26.5435 -11.0284 -18.38
      vertex 26.44 -10.6421 -18.38
      vertex 26.6506 -10.5706 -18.38
    endloop
  endfacet
  facet normal 0 0 -1
    outer loop
      vertex 26.2741 -11.082 -18.38
      vertex 26.44 -10.6421 -18.38
      vertex 26.5435 -11.0284 -18.38
    endloop
  endfacet
  facet normal 0 0 -1
    outer loop
      vertex 26.2741 -11.082 -18.38
      vertex 26.2219 -10.6855 -18.38
      vertex 26.44 -10.6421 -18.38
    endloop
  endfacet
  facet normal 0 0 -1
    outer loop
      vertex 26 -11.1 -18.38
      vertex 26.2219 -10.6855 -18.38
      vertex 26.2741 -11.082 -18.38
    endloop
  endfacet
  facet normal 0 0 -1
    outer loop
      vertex 26 -11.1 -18.38
      vertex 26 -10.7 -18.38
      vertex 26.2219 -10.6855 -18.38
    endloop
  endfacet
  facet normal 0 0 -1
    outer loop
      vertex 26 -11.1 -18.38
      vertex 25.7781 -10.6855 -18.38
      vertex 26 -10.7 -18.38
    endloop
  endfacet
  facet normal 0 0 -1
    outer loop
      vertex 25.7259 -11.082 -18.38
      vertex 25.7781 -10.6855 -18.38
      vertex 26 -11.1 -18.38
    endloop
  endfacet
  facet normal 0 0 -1
    outer loop
      vertex 25.7259 -11.082 -18.38
      vertex 25.56 -10.6421 -18.38
      vertex 25.7781 -10.6855 -18.38
    endloop
  endfacet
  facet normal 0 0 -1
    outer loop
      vertex 25.4565 -11.0284 -18.38
      vertex 25.56 -10.6421 -18.38
      vertex 25.7259 -11.082 -18.38
    endloop
  endfacet
  facet normal 0 0 -1
    outer loop
      vertex 25.4565 -11.0284 -18.38
      vertex 25.3494 -10.5706 -18.38
      vertex 25.56 -10.6421 -18.38
    endloop
  endfacet
  facet normal 0 0 -1
    outer loop
      vertex 25.1964 -10.9401 -18.38
      vertex 25.3494 -10.5706 -18.38
      vertex 25.4565 -11.0284 -18.38
    endloop
  endfacet
  facet normal 0 0 -1
    outer loop
      vertex 25.1964 -10.9401 -18.38
      vertex 25.15 -10.4722 -18.38
      vertex 25.3494 -10.5706 -18.38
    endloop
  endfacet
  facet normal 0 0 -1
    outer loop
      vertex 24.95 -10.8187 -18.38
      vertex 25.15 -10.4722 -18.38
      vertex 25.1964 -10.9401 -18.38
    endloop
  endfacet
  facet normal -0 0 -1
    outer loop
      vertex 25.15 -10.4722 -18.38
      vertex 24.95 -10.8187 -18.38
      vertex 24.9651 -10.3487 -18.38
    endloop
  endfacet
  facet normal 0 0 -1
    outer loop
      vertex 24.7216 -10.666 -18.38
      vertex 24.9651 -10.3487 -18.38
      vertex 24.95 -10.8187 -18.38
    endloop
  endfacet
  facet normal -0 0 -1
    outer loop
      vertex 24.9651 -10.3487 -18.38
      vertex 24.7216 -10.666 -18.38
      vertex 24.7979 -10.2021 -18.38
    endloop
  endfacet
  facet normal 0 0 -1
    outer loop
      vertex 24.5151 -10.4849 -18.38
      vertex 24.7979 -10.2021 -18.38
      vertex 24.7216 -10.666 -18.38
    endloop
  endfacet
  facet normal -0 0 -1
    outer loop
      vertex 24.7979 -10.2021 -18.38
      vertex 24.5151 -10.4849 -18.38
      vertex 24.6513 -10.0349 -18.38
    endloop
  endfacet
  facet normal 0 0 -1
    outer loop
      vertex 24.334 -10.2784 -18.38
      vertex 24.6513 -10.0349 -18.38
      vertex 24.5151 -10.4849 -18.38
    endloop
  endfacet
  facet normal -0 0 -1
    outer loop
      vertex 24.6513 -10.0349 -18.38
      vertex 24.334 -10.2784 -18.38
      vertex 24.5278 -9.85 -18.38
    endloop
  endfacet
  facet normal 0 0 -1
    outer loop
      vertex 24.1813 -10.05 -18.38
      vertex 24.5278 -9.85 -18.38
      vertex 24.334 -10.2784 -18.38
    endloop
  endfacet
  facet normal -0 0 -1
    outer loop
      vertex 24.5278 -9.85 -18.38
      vertex 24.1813 -10.05 -18.38
      vertex 24.4294 -9.65056 -18.38
    endloop
  endfacet
  facet normal 0 0 -1
    outer loop
      vertex 24.0599 -9.80363 -18.38
      vertex 24.4294 -9.65056 -18.38
      vertex 24.1813 -10.05 -18.38
    endloop
  endfacet
  facet normal -0 0 -1
    outer loop
      vertex 24.4294 -9.65056 -18.38
      vertex 24.0599 -9.80363 -18.38
      vertex 24.3579 -9.43999 -18.38
    endloop
  endfacet
  facet normal 0 0 -1
    outer loop
      vertex 23.9716 -9.54352 -18.38
      vertex 24.3579 -9.43999 -18.38
      vertex 24.0599 -9.80363 -18.38
    endloop
  endfacet
  facet normal -0 0 -1
    outer loop
      vertex 28.0284 -8.45648 -18.38
      vertex 27.6421 -8.56001 -18.38
      vertex 27.9401 -8.19636 -18.38
    endloop
  endfacet
  facet normal 0 0 -1
    outer loop
      vertex 27.5706 -8.34944 -18.38
      vertex 27.9401 -8.19636 -18.38
      vertex 27.6421 -8.56001 -18.38
    endloop
  endfacet
  facet normal -0 0 -1
    outer loop
      vertex 27.9401 -8.19636 -18.38
      vertex 27.5706 -8.34944 -18.38
      vertex 27.8187 -7.95 -18.38
    endloop
  endfacet
  facet normal 0 0 -1
    outer loop
      vertex 27.4722 -8.15 -18.38
      vertex 27.8187 -7.95 -18.38
      vertex 27.5706 -8.34944 -18.38
    endloop
  endfacet
  facet normal -0 0 -1
    outer loop
      vertex 27.8187 -7.95 -18.38
      vertex 27.4722 -8.15 -18.38
      vertex 27.666 -7.7216 -18.38
    endloop
  endfacet
  facet normal 0 0 -1
    outer loop
      vertex 27.3487 -7.96511 -18.38
      vertex 27.666 -7.7216 -18.38
      vertex 27.4722 -8.15 -18.38
    endloop
  endfacet
  facet normal -0 0 -1
    outer loop
      vertex 27.666 -7.7216 -18.38
      vertex 27.3487 -7.96511 -18.38
      vertex 27.4849 -7.51508 -18.38
    endloop
  endfacet
  facet normal 0 0 -1
    outer loop
      vertex 27.2021 -7.79792 -18.38
      vertex 27.4849 -7.51508 -18.38
      vertex 27.3487 -7.96511 -18.38
    endloop
  endfacet
  facet normal -0 0 -1
    outer loop
      vertex 27.4849 -7.51508 -18.38
      vertex 27.2021 -7.79792 -18.38
      vertex 27.2784 -7.33396 -18.38
    endloop
  endfacet
  facet normal 0 0 -1
    outer loop
      vertex 27.0349 -7.6513 -18.38
      vertex 27.2784 -7.33396 -18.38
      vertex 27.2021 -7.79792 -18.38
    endloop
  endfacet
  facet normal -0 0 -1
    outer loop
      vertex 27.2784 -7.33396 -18.38
      vertex 27.0349 -7.6513 -18.38
      vertex 27.05 -7.18135 -18.38
    endloop
  endfacet
  facet normal 0 0 -1
    outer loop
      vertex 26.85 -7.52776 -18.38
      vertex 27.05 -7.18135 -18.38
      vertex 27.0349 -7.6513 -18.38
    endloop
  endfacet
  facet normal 0 0 -1
    outer loop
      vertex 26.85 -7.52776 -18.38
      vertex 26.8036 -7.05985 -18.38
      vertex 27.05 -7.18135 -18.38
    endloop
  endfacet
  facet normal 0 0 -1
    outer loop
      vertex 26.6506 -7.42941 -18.38
      vertex 26.8036 -7.05985 -18.38
      vertex 26.85 -7.52776 -18.38
    endloop
  endfacet
  facet normal 0 0 -1
    outer loop
      vertex 26.6506 -7.42941 -18.38
      vertex 26.5435 -6.97156 -18.38
      vertex 26.8036 -7.05985 -18.38
    endloop
  endfacet
  facet normal 0 0 -1
    outer loop
      vertex 26.44 -7.35793 -18.38
      vertex 26.5435 -6.97156 -18.38
      vertex 26.6506 -7.42941 -18.38
    endloop
  endfacet
  facet normal 0 0 -1
    outer loop
      vertex 26.44 -7.35793 -18.38
      vertex 26.2741 -6.91796 -18.38
      vertex 26.5435 -6.97156 -18.38
    endloop
  endfacet
  facet normal 0 0 -1
    outer loop
      vertex 26.2219 -7.31454 -18.38
      vertex 26.2741 -6.91796 -18.38
      vertex 26.44 -7.35793 -18.38
    endloop
  endfacet
  facet normal 0 0 -1
    outer loop
      vertex 26 -7.3 -18.38
      vertex 26.2741 -6.91796 -18.38
      vertex 26.2219 -7.31454 -18.38
    endloop
  endfacet
  facet normal 0 0 -1
    outer loop
      vertex 26 -7.3 -18.38
      vertex 26 -6.9 -18.38
      vertex 26.2741 -6.91796 -18.38
    endloop
  endfacet
  facet normal 0 0 -1
    outer loop
      vertex 25.7781 -7.31454 -18.38
      vertex 26 -6.9 -18.38
      vertex 26 -7.3 -18.38
    endloop
  endfacet
  facet normal 0 0 -1
    outer loop
      vertex 25.7781 -7.31454 -18.38
      vertex 25.7259 -6.91796 -18.38
      vertex 26 -6.9 -18.38
    endloop
  endfacet
  facet normal 0 0 -1
    outer loop
      vertex 25.56 -7.35793 -18.38
      vertex 25.7259 -6.91796 -18.38
      vertex 25.7781 -7.31454 -18.38
    endloop
  endfacet
  facet normal 0 0 -1
    outer loop
      vertex 25.56 -7.35793 -18.38
      vertex 25.4565 -6.97156 -18.38
      vertex 25.7259 -6.91796 -18.38
    endloop
  endfacet
  facet normal 0 0 -1
    outer loop
      vertex 25.3494 -7.42941 -18.38
      vertex 25.4565 -6.97156 -18.38
      vertex 25.56 -7.35793 -18.38
    endloop
  endfacet
  facet normal 0 0 -1
    outer loop
      vertex 25.3494 -7.42941 -18.38
      vertex 25.1964 -7.05985 -18.38
      vertex 25.4565 -6.97156 -18.38
    endloop
  endfacet
  facet normal 0 0 -1
    outer loop
      vertex 25.15 -7.52776 -18.38
      vertex 25.1964 -7.05985 -18.38
      vertex 25.3494 -7.42941 -18.38
    endloop
  endfacet
  facet normal 0 0 -1
    outer loop
      vertex 24.95 -7.18135 -18.38
      vertex 25.15 -7.52776 -18.38
      vertex 24.9651 -7.6513 -18.38
    endloop
  endfacet
  facet normal 0 0 -1
    outer loop
      vertex 25.15 -7.52776 -18.38
      vertex 24.95 -7.18135 -18.38
      vertex 25.1964 -7.05985 -18.38
    endloop
  endfacet
  facet normal 0 0 -1
    outer loop
      vertex 24.7216 -7.33396 -18.38
      vertex 24.9651 -7.6513 -18.38
      vertex 24.7979 -7.79792 -18.38
    endloop
  endfacet
  facet normal 0 0 -1
    outer loop
      vertex 24.9651 -7.6513 -18.38
      vertex 24.7216 -7.33396 -18.38
      vertex 24.95 -7.18135 -18.38
    endloop
  endfacet
  facet normal 0 0 -1
    outer loop
      vertex 24.5151 -7.51508 -18.38
      vertex 24.7979 -7.79792 -18.38
      vertex 24.6513 -7.96511 -18.38
    endloop
  endfacet
  facet normal 0 0 -1
    outer loop
      vertex 24.334 -7.7216 -18.38
      vertex 24.6513 -7.96511 -18.38
      vertex 24.5278 -8.15 -18.38
    endloop
  endfacet
  facet normal 0 0 -1
    outer loop
      vertex 24.7979 -7.79792 -18.38
      vertex 24.5151 -7.51508 -18.38
      vertex 24.7216 -7.33396 -18.38
    endloop
  endfacet
  facet normal 0 0 -1
    outer loop
      vertex 24.1813 -7.95 -18.38
      vertex 24.5278 -8.15 -18.38
      vertex 24.4294 -8.34944 -18.38
    endloop
  endfacet
  facet normal 0 0 -1
    outer loop
      vertex 24.0599 -8.19636 -18.38
      vertex 24.4294 -8.34944 -18.38
      vertex 24.3579 -8.56001 -18.38
    endloop
  endfacet
  facet normal 0 0 -1
    outer loop
      vertex 24.6513 -7.96511 -18.38
      vertex 24.334 -7.7216 -18.38
      vertex 24.5151 -7.51508 -18.38
    endloop
  endfacet
  facet normal 0 0 -1
    outer loop
      vertex 23.9716 -8.45648 -18.38
      vertex 24.3579 -8.56001 -18.38
      vertex 24.3145 -8.77811 -18.38
    endloop
  endfacet
  facet normal 0 0 -1
    outer loop
      vertex 23.918 -8.72589 -18.38
      vertex 24.3145 -8.77811 -18.38
      vertex 24.3 -9 -18.38
    endloop
  endfacet
  facet normal -0 0 -1
    outer loop
      vertex 24.3579 -9.43999 -18.38
      vertex 23.9716 -9.54352 -18.38
      vertex 24.3145 -9.22189 -18.38
    endloop
  endfacet
  facet normal 0 0 -1
    outer loop
      vertex 24.5278 -8.15 -18.38
      vertex 24.1813 -7.95 -18.38
      vertex 24.334 -7.7216 -18.38
    endloop
  endfacet
  facet normal 0 0 -1
    outer loop
      vertex 23.918 -9.2741 -18.38
      vertex 24.3145 -9.22189 -18.38
      vertex 23.9716 -9.54352 -18.38
    endloop
  endfacet
  facet normal 0 0 -1
    outer loop
      vertex 24.4294 -8.34944 -18.38
      vertex 24.0599 -8.19636 -18.38
      vertex 24.1813 -7.95 -18.38
    endloop
  endfacet
  facet normal -0 0 -1
    outer loop
      vertex 24.3145 -9.22189 -18.38
      vertex 23.918 -9.2741 -18.38
      vertex 24.3 -9 -18.38
    endloop
  endfacet
  facet normal 0 0 -1
    outer loop
      vertex 24.3579 -8.56001 -18.38
      vertex 23.9716 -8.45648 -18.38
      vertex 24.0599 -8.19636 -18.38
    endloop
  endfacet
  facet normal 0 0 -1
    outer loop
      vertex 23.9 -9 -18.38
      vertex 24.3 -9 -18.38
      vertex 23.918 -9.2741 -18.38
    endloop
  endfacet
  facet normal 0 0 -1
    outer loop
      vertex 24.3145 -8.77811 -18.38
      vertex 23.918 -8.72589 -18.38
      vertex 23.9716 -8.45648 -18.38
    endloop
  endfacet
  facet normal 0 0 -1
    outer loop
      vertex 24.3 -9 -18.38
      vertex 23.9 -9 -18.38
      vertex 23.918 -8.72589 -18.38
    endloop
  endfacet
  facet normal 0.751864 -0.659319 0
    outer loop
      vertex 24.334 -7.7216 -18.38
      vertex 24.5151 -7.51508 -18.4
      vertex 24.5151 -7.51508 -18.38
    endloop
  endfacet
  facet normal 0.751864 -0.659319 0
    outer loop
      vertex 24.5151 -7.51508 -18.4
      vertex 24.334 -7.7216 -18.38
      vertex 24.334 -7.7216 -18.4
    endloop
  endfacet
  facet normal -0.195136 0.980776 0
    outer loop
      vertex 26.5435 -11.0284 -18.4
      vertex 26.2741 -11.082 -18.38
      vertex 26.5435 -11.0284 -18.38
    endloop
  endfacet
  facet normal -0.195136 0.980776 0
    outer loop
      vertex 26.2741 -11.082 -18.38
      vertex 26.5435 -11.0284 -18.4
      vertex 26.2741 -11.082 -18.4
    endloop
  endfacet
  facet normal 0.195136 -0.980776 0
    outer loop
      vertex 25.4565 -6.97156 -18.4
      vertex 25.7259 -6.91796 -18.38
      vertex 25.4565 -6.97156 -18.38
    endloop
  endfacet
  facet normal 0.195136 -0.980776 0
    outer loop
      vertex 25.7259 -6.91796 -18.38
      vertex 25.4565 -6.97156 -18.4
      vertex 25.7259 -6.91796 -18.4
    endloop
  endfacet
  facet normal -0.751832 0.659355 0
    outer loop
      vertex 27.4849 -10.4849 -18.4
      vertex 27.666 -10.2784 -18.38
      vertex 27.666 -10.2784 -18.4
    endloop
  endfacet
  facet normal -0.751832 0.659355 0
    outer loop
      vertex 27.666 -10.2784 -18.38
      vertex 27.4849 -10.4849 -18.4
      vertex 27.4849 -10.4849 -18.38
    endloop
  endfacet
  facet normal 0.946925 0.321454 0
    outer loop
      vertex 24.0599 -9.80363 -18.38
      vertex 23.9716 -9.54352 -18.4
      vertex 23.9716 -9.54352 -18.38
    endloop
  endfacet
  facet normal 0.946925 0.321454 0
    outer loop
      vertex 23.9716 -9.54352 -18.4
      vertex 24.0599 -9.80363 -18.38
      vertex 24.0599 -9.80363 -18.4
    endloop
  endfacet
  facet normal -0.659396 -0.751796 0
    outer loop
      vertex 27.2784 -7.33396 -18.4
      vertex 27.4849 -7.51508 -18.38
      vertex 27.2784 -7.33396 -18.38
    endloop
  endfacet
  facet normal -0.659396 -0.751796 -0
    outer loop
      vertex 27.4849 -7.51508 -18.38
      vertex 27.2784 -7.33396 -18.4
      vertex 27.4849 -7.51508 -18.4
    endloop
  endfacet
  facet normal -0.441964 0.897033 0
    outer loop
      vertex 27.05 -10.8187 -18.4
      vertex 26.8036 -10.9401 -18.38
      vertex 27.05 -10.8187 -18.38
    endloop
  endfacet
  facet normal -0.441964 0.897033 0
    outer loop
      vertex 26.8036 -10.9401 -18.38
      vertex 27.05 -10.8187 -18.4
      vertex 26.8036 -10.9401 -18.4
    endloop
  endfacet
  facet normal -0.997851 0.0655283 0
    outer loop
      vertex 28.082 -9.2741 -18.4
      vertex 28.1 -9 -18.38
      vertex 28.1 -9 -18.4
    endloop
  endfacet
  facet normal -0.997851 0.0655283 0
    outer loop
      vertex 28.1 -9 -18.38
      vertex 28.082 -9.2741 -18.4
      vertex 28.082 -9.2741 -18.38
    endloop
  endfacet
  facet normal 0.0655283 0.997851 -0
    outer loop
      vertex 26 -11.1 -18.4
      vertex 25.7259 -11.082 -18.38
      vertex 26 -11.1 -18.38
    endloop
  endfacet
  facet normal 0.0655283 0.997851 0
    outer loop
      vertex 25.7259 -11.082 -18.38
      vertex 26 -11.1 -18.4
      vertex 25.7259 -11.082 -18.4
    endloop
  endfacet
  facet normal -0.897005 -0.442021 0
    outer loop
      vertex 27.9401 -8.19636 -18.4
      vertex 27.8187 -7.95 -18.38
      vertex 27.8187 -7.95 -18.4
    endloop
  endfacet
  facet normal -0.897005 -0.442021 0
    outer loop
      vertex 27.8187 -7.95 -18.38
      vertex 27.9401 -8.19636 -18.4
      vertex 27.9401 -8.19636 -18.38
    endloop
  endfacet
  facet normal -0.997851 -0.0655259 0
    outer loop
      vertex 28.1 -9 -18.4
      vertex 28.082 -8.72589 -18.38
      vertex 28.082 -8.72589 -18.4
    endloop
  endfacet
  facet normal -0.997851 -0.0655259 0
    outer loop
      vertex 28.082 -8.72589 -18.38
      vertex 28.1 -9 -18.4
      vertex 28.1 -9 -18.38
    endloop
  endfacet
  facet normal -0.555792 0.831322 0
    outer loop
      vertex 27.2784 -10.666 -18.4
      vertex 27.05 -10.8187 -18.38
      vertex 27.2784 -10.666 -18.38
    endloop
  endfacet
  facet normal -0.555792 0.831322 0
    outer loop
      vertex 27.05 -10.8187 -18.38
      vertex 27.2784 -10.666 -18.4
      vertex 27.05 -10.8187 -18.4
    endloop
  endfacet
  facet normal 0.0653833 -0.99786 0
    outer loop
      vertex 25.7259 -6.91796 -18.4
      vertex 26 -6.9 -18.38
      vertex 25.7259 -6.91796 -18.38
    endloop
  endfacet
  facet normal 0.0653833 -0.99786 0
    outer loop
      vertex 26 -6.9 -18.38
      vertex 25.7259 -6.91796 -18.4
      vertex 26 -6.9 -18.4
    endloop
  endfacet
  facet normal -0.0653833 -0.99786 0
    outer loop
      vertex 78 -7.9 -18.4
      vertex 78.2741 -7.91796 -18.38
      vertex 78 -7.9 -18.38
    endloop
  endfacet
  facet normal -0.0653833 -0.99786 -0
    outer loop
      vertex 78.2741 -7.91796 -18.38
      vertex 78 -7.9 -18.4
      vertex 78.2741 -7.91796 -18.4
    endloop
  endfacet
  facet normal 0.751832 0.659355 0
    outer loop
      vertex 76.5151 -11.4849 -18.38
      vertex 76.334 -11.2784 -18.4
      vertex 76.334 -11.2784 -18.38
    endloop
  endfacet
  facet normal 0.751832 0.659355 0
    outer loop
      vertex 76.334 -11.2784 -18.4
      vertex 76.5151 -11.4849 -18.38
      vertex 76.5151 -11.4849 -18.4
    endloop
  endfacet
  facet normal 0.946929 -0.321443 0
    outer loop
      vertex 75.9716 -9.45648 -18.38
      vertex 76.0599 -9.19636 -18.4
      vertex 76.0599 -9.19636 -18.38
    endloop
  endfacet
  facet normal 0.946929 -0.321443 0
    outer loop
      vertex 76.0599 -9.19636 -18.4
      vertex 75.9716 -9.45648 -18.38
      vertex 75.9716 -9.45648 -18.4
    endloop
  endfacet
  facet normal 0.321433 -0.946932 0
    outer loop
      vertex 77.1964 -8.05985 -18.4
      vertex 77.4565 -7.97156 -18.38
      vertex 77.1964 -8.05985 -18.38
    endloop
  endfacet
  facet normal 0.321433 -0.946932 0
    outer loop
      vertex 77.4565 -7.97156 -18.38
      vertex 77.1964 -8.05985 -18.4
      vertex 77.4565 -7.97156 -18.4
    endloop
  endfacet
  facet normal -0.946929 -0.321443 0
    outer loop
      vertex 80.0284 -9.45648 -18.4
      vertex 79.9401 -9.19636 -18.38
      vertex 79.9401 -9.19636 -18.4
    endloop
  endfacet
  facet normal -0.946929 -0.321443 0
    outer loop
      vertex 79.9401 -9.19636 -18.38
      vertex 80.0284 -9.45648 -18.4
      vertex 80.0284 -9.45648 -18.38
    endloop
  endfacet
  facet normal -0.0655283 0.997851 0
    outer loop
      vertex 78.2741 -12.082 -18.4
      vertex 78 -12.1 -18.38
      vertex 78.2741 -12.082 -18.38
    endloop
  endfacet
  facet normal -0.0655283 0.997851 0
    outer loop
      vertex 78 -12.1 -18.38
      vertex 78.2741 -12.082 -18.4
      vertex 78 -12.1 -18.4
    endloop
  endfacet
  facet normal -0.980778 -0.195129 0
    outer loop
      vertex 80.082 -9.72589 -18.4
      vertex 80.0284 -9.45648 -18.38
      vertex 80.0284 -9.45648 -18.4
    endloop
  endfacet
  facet normal -0.980778 -0.195129 0
    outer loop
      vertex 80.0284 -9.45648 -18.38
      vertex 80.082 -9.72589 -18.4
      vertex 80.082 -9.72589 -18.38
    endloop
  endfacet
  facet normal 0.997851 -0.0655259 0
    outer loop
      vertex 75.9 -10 -18.38
      vertex 75.918 -9.72589 -18.4
      vertex 75.918 -9.72589 -18.38
    endloop
  endfacet
  facet normal 0.997851 -0.0655259 0
    outer loop
      vertex 75.918 -9.72589 -18.4
      vertex 75.9 -10 -18.38
      vertex 75.9 -10 -18.4
    endloop
  endfacet
  facet normal -0.946921 0.321465 0
    outer loop
      vertex 79.9401 -10.8036 -18.4
      vertex 80.0284 -10.5435 -18.38
      vertex 80.0284 -10.5435 -18.4
    endloop
  endfacet
  facet normal -0.946921 0.321465 0
    outer loop
      vertex 80.0284 -10.5435 -18.38
      vertex 79.9401 -10.8036 -18.4
      vertex 79.9401 -10.8036 -18.38
    endloop
  endfacet
  facet normal -0.896889 0.442256 0
    outer loop
      vertex 79.8186 -11.05 -18.4
      vertex 79.9401 -10.8036 -18.38
      vertex 79.9401 -10.8036 -18.4
    endloop
  endfacet
  facet normal -0.896889 0.442256 0
    outer loop
      vertex 79.9401 -10.8036 -18.38
      vertex 79.8186 -11.05 -18.4
      vertex 79.8186 -11.05 -18.38
    endloop
  endfacet
  facet normal -0.980776 0.195136 0
    outer loop
      vertex 80.0284 -10.5435 -18.4
      vertex 80.082 -10.2741 -18.38
      vertex 80.082 -10.2741 -18.4
    endloop
  endfacet
  facet normal -0.980776 0.195136 0
    outer loop
      vertex 80.082 -10.2741 -18.38
      vertex 80.0284 -10.5435 -18.4
      vertex 80.0284 -10.5435 -18.38
    endloop
  endfacet
  facet normal 0.555792 0.831322 -0
    outer loop
      vertex 76.95 -11.8187 -18.4
      vertex 76.7216 -11.666 -18.38
      vertex 76.95 -11.8187 -18.38
    endloop
  endfacet
  facet normal 0.555792 0.831322 0
    outer loop
      vertex 76.7216 -11.666 -18.38
      vertex 76.95 -11.8187 -18.4
      vertex 76.7216 -11.666 -18.4
    endloop
  endfacet
  facet normal 0.980776 0.195136 0
    outer loop
      vertex 75.9716 -10.5435 -18.38
      vertex 75.918 -10.2741 -18.4
      vertex 75.918 -10.2741 -18.38
    endloop
  endfacet
  facet normal 0.980776 0.195136 0
    outer loop
      vertex 75.918 -10.2741 -18.4
      vertex 75.9716 -10.5435 -18.38
      vertex 75.9716 -10.5435 -18.4
    endloop
  endfacet
  facet normal 0.897033 0.441964 0
    outer loop
      vertex 76.1813 -11.05 -18.38
      vertex 76.0599 -10.8036 -18.4
      vertex 76.0599 -10.8036 -18.38
    endloop
  endfacet
  facet normal 0.897033 0.441964 0
    outer loop
      vertex 76.0599 -10.8036 -18.4
      vertex 76.1813 -11.05 -18.38
      vertex 76.1813 -11.05 -18.4
    endloop
  endfacet
  facet normal 0.442256 -0.896889 0
    outer loop
      vertex 76.95 -8.18135 -18.4
      vertex 77.1964 -8.05985 -18.38
      vertex 76.95 -8.18135 -18.38
    endloop
  endfacet
  facet normal 0.442256 -0.896889 0
    outer loop
      vertex 77.1964 -8.05985 -18.38
      vertex 76.95 -8.18135 -18.4
      vertex 77.1964 -8.05985 -18.4
    endloop
  endfacet
  facet normal 0.897005 -0.442021 0
    outer loop
      vertex 76.0599 -9.19636 -18.38
      vertex 76.1813 -8.95 -18.4
      vertex 76.1813 -8.95 -18.38
    endloop
  endfacet
  facet normal 0.897005 -0.442021 0
    outer loop
      vertex 76.1813 -8.95 -18.4
      vertex 76.0599 -9.19636 -18.38
      vertex 76.0599 -9.19636 -18.4
    endloop
  endfacet
  facet normal 0.831322 0.555792 0
    outer loop
      vertex 76.334 -11.2784 -18.38
      vertex 76.1813 -11.05 -18.4
      vertex 76.1813 -11.05 -18.38
    endloop
  endfacet
  facet normal 0.831322 0.555792 0
    outer loop
      vertex 76.1813 -11.05 -18.4
      vertex 76.334 -11.2784 -18.38
      vertex 76.334 -11.2784 -18.4
    endloop
  endfacet
  facet normal 0.441964 0.897033 -0
    outer loop
      vertex 77.1964 -11.9401 -18.4
      vertex 76.95 -11.8187 -18.38
      vertex 77.1964 -11.9401 -18.38
    endloop
  endfacet
  facet normal 0.441964 0.897033 0
    outer loop
      vertex 76.95 -11.8187 -18.38
      vertex 77.1964 -11.9401 -18.4
      vertex 76.95 -11.8187 -18.4
    endloop
  endfacet
  facet normal -0.83149 -0.55554 0
    outer loop
      vertex 79.8186 -8.95 -18.4
      vertex 79.666 -8.7216 -18.38
      vertex 79.666 -8.7216 -18.4
    endloop
  endfacet
  facet normal -0.83149 -0.55554 0
    outer loop
      vertex 79.666 -8.7216 -18.38
      vertex 79.8186 -8.95 -18.4
      vertex 79.8186 -8.95 -18.38
    endloop
  endfacet
  facet normal -0.555565 -0.831473 0
    outer loop
      vertex 79.05 -8.18135 -18.4
      vertex 79.2784 -8.33396 -18.38
      vertex 79.05 -8.18135 -18.38
    endloop
  endfacet
  facet normal -0.555565 -0.831473 -0
    outer loop
      vertex 79.2784 -8.33396 -18.38
      vertex 79.05 -8.18135 -18.4
      vertex 79.2784 -8.33396 -18.4
    endloop
  endfacet
  facet normal -0.321433 -0.946932 0
    outer loop
      vertex 78.5435 -7.97156 -18.4
      vertex 78.8036 -8.05985 -18.38
      vertex 78.5435 -7.97156 -18.38
    endloop
  endfacet
  facet normal -0.321433 -0.946932 -0
    outer loop
      vertex 78.8036 -8.05985 -18.38
      vertex 78.5435 -7.97156 -18.4
      vertex 78.8036 -8.05985 -18.4
    endloop
  endfacet
  facet normal 0.997851 0.0655283 0
    outer loop
      vertex 75.918 -10.2741 -18.38
      vertex 75.9 -10 -18.4
      vertex 75.9 -10 -18.38
    endloop
  endfacet
  facet normal 0.997851 0.0655283 0
    outer loop
      vertex 75.9 -10 -18.4
      vertex 75.918 -10.2741 -18.38
      vertex 75.918 -10.2741 -18.4
    endloop
  endfacet
  facet normal 0.831322 -0.555792 0
    outer loop
      vertex 76.1813 -8.95 -18.38
      vertex 76.334 -8.7216 -18.4
      vertex 76.334 -8.7216 -18.38
    endloop
  endfacet
  facet normal 0.831322 -0.555792 0
    outer loop
      vertex 76.334 -8.7216 -18.4
      vertex 76.1813 -8.95 -18.38
      vertex 76.1813 -8.95 -18.4
    endloop
  endfacet
  facet normal 0.659355 0.751832 -0
    outer loop
      vertex 76.7216 -11.666 -18.4
      vertex 76.5151 -11.4849 -18.38
      vertex 76.7216 -11.666 -18.38
    endloop
  endfacet
  facet normal 0.659355 0.751832 0
    outer loop
      vertex 76.5151 -11.4849 -18.38
      vertex 76.7216 -11.666 -18.4
      vertex 76.5151 -11.4849 -18.4
    endloop
  endfacet
  facet normal 0.195136 0.980776 -0
    outer loop
      vertex 77.7259 -12.082 -18.4
      vertex 77.4565 -12.0284 -18.38
      vertex 77.7259 -12.082 -18.38
    endloop
  endfacet
  facet normal 0.195136 0.980776 0
    outer loop
      vertex 77.4565 -12.0284 -18.38
      vertex 77.7259 -12.082 -18.4
      vertex 77.4565 -12.0284 -18.4
    endloop
  endfacet
  facet normal -0.195136 -0.980776 0
    outer loop
      vertex 78.2741 -7.91796 -18.4
      vertex 78.5435 -7.97156 -18.38
      vertex 78.2741 -7.91796 -18.38
    endloop
  endfacet
  facet normal -0.195136 -0.980776 -0
    outer loop
      vertex 78.5435 -7.97156 -18.38
      vertex 78.2741 -7.91796 -18.4
      vertex 78.5435 -7.97156 -18.4
    endloop
  endfacet
  facet normal -0.659355 0.751832 0
    outer loop
      vertex 79.4849 -11.4849 -18.4
      vertex 79.2784 -11.666 -18.38
      vertex 79.4849 -11.4849 -18.38
    endloop
  endfacet
  facet normal -0.659355 0.751832 0
    outer loop
      vertex 79.2784 -11.666 -18.38
      vertex 79.4849 -11.4849 -18.4
      vertex 79.2784 -11.666 -18.4
    endloop
  endfacet
  facet normal -0.751864 -0.659319 0
    outer loop
      vertex 79.666 -8.7216 -18.4
      vertex 79.4849 -8.51508 -18.38
      vertex 79.4849 -8.51508 -18.4
    endloop
  endfacet
  facet normal -0.751864 -0.659319 0
    outer loop
      vertex 79.4849 -8.51508 -18.38
      vertex 79.666 -8.7216 -18.4
      vertex 79.666 -8.7216 -18.38
    endloop
  endfacet
  facet normal 0.555565 -0.831473 0
    outer loop
      vertex 76.7216 -8.33396 -18.4
      vertex 76.95 -8.18135 -18.38
      vertex 76.7216 -8.33396 -18.38
    endloop
  endfacet
  facet normal 0.555565 -0.831473 0
    outer loop
      vertex 76.95 -8.18135 -18.38
      vertex 76.7216 -8.33396 -18.4
      vertex 76.95 -8.18135 -18.4
    endloop
  endfacet
  facet normal -0.83149 0.55554 0
    outer loop
      vertex 79.666 -11.2784 -18.4
      vertex 79.8186 -11.05 -18.38
      vertex 79.8186 -11.05 -18.4
    endloop
  endfacet
  facet normal -0.83149 0.55554 0
    outer loop
      vertex 79.8186 -11.05 -18.38
      vertex 79.666 -11.2784 -18.4
      vertex 79.666 -11.2784 -18.38
    endloop
  endfacet
  facet normal 0.980778 -0.195129 0
    outer loop
      vertex 75.918 -9.72589 -18.38
      vertex 75.9716 -9.45648 -18.4
      vertex 75.9716 -9.45648 -18.38
    endloop
  endfacet
  facet normal 0.980778 -0.195129 0
    outer loop
      vertex 75.9716 -9.45648 -18.4
      vertex 75.918 -9.72589 -18.38
      vertex 75.918 -9.72589 -18.4
    endloop
  endfacet
  facet normal -0.442256 -0.896889 0
    outer loop
      vertex 78.8036 -8.05985 -18.4
      vertex 79.05 -8.18135 -18.38
      vertex 78.8036 -8.05985 -18.38
    endloop
  endfacet
  facet normal -0.442256 -0.896889 -0
    outer loop
      vertex 79.05 -8.18135 -18.38
      vertex 78.8036 -8.05985 -18.4
      vertex 79.05 -8.18135 -18.4
    endloop
  endfacet
  facet normal 0.321465 0.946921 -0
    outer loop
      vertex 77.4565 -12.0284 -18.4
      vertex 77.1964 -11.9401 -18.38
      vertex 77.4565 -12.0284 -18.38
    endloop
  endfacet
  facet normal 0.321465 0.946921 0
    outer loop
      vertex 77.1964 -11.9401 -18.38
      vertex 77.4565 -12.0284 -18.4
      vertex 77.1964 -11.9401 -18.4
    endloop
  endfacet
  facet normal -0.321465 0.946921 0
    outer loop
      vertex 78.8036 -11.9401 -18.4
      vertex 78.5435 -12.0284 -18.38
      vertex 78.8036 -11.9401 -18.38
    endloop
  endfacet
  facet normal -0.321465 0.946921 0
    outer loop
      vertex 78.5435 -12.0284 -18.38
      vertex 78.8036 -11.9401 -18.4
      vertex 78.5435 -12.0284 -18.4
    endloop
  endfacet
  facet normal 0 0 -1
    outer loop
      vertex 79.7 -10 -18.38
      vertex 80.1 -10 -18.38
      vertex 80.082 -10.2741 -18.38
    endloop
  endfacet
  facet normal 0 0 -1
    outer loop
      vertex 79.6855 -10.2219 -18.38
      vertex 80.082 -10.2741 -18.38
      vertex 80.0284 -10.5435 -18.38
    endloop
  endfacet
  facet normal 0 0 -1
    outer loop
      vertex 80.1 -10 -18.38
      vertex 79.7 -10 -18.38
      vertex 80.082 -9.72589 -18.38
    endloop
  endfacet
  facet normal 0 0 -1
    outer loop
      vertex 79.6421 -10.44 -18.38
      vertex 80.0284 -10.5435 -18.38
      vertex 79.9401 -10.8036 -18.38
    endloop
  endfacet
  facet normal 0 0 -1
    outer loop
      vertex 79.6855 -9.77811 -18.38
      vertex 80.082 -9.72589 -18.38
      vertex 79.7 -10 -18.38
    endloop
  endfacet
  facet normal 0 0 -1
    outer loop
      vertex 79.5706 -10.6506 -18.38
      vertex 79.9401 -10.8036 -18.38
      vertex 79.8186 -11.05 -18.38
    endloop
  endfacet
  facet normal -0 0 -1
    outer loop
      vertex 80.082 -9.72589 -18.38
      vertex 79.6855 -9.77811 -18.38
      vertex 80.0284 -9.45648 -18.38
    endloop
  endfacet
  facet normal 0 0 -1
    outer loop
      vertex 79.6421 -9.56001 -18.38
      vertex 80.0284 -9.45648 -18.38
      vertex 79.6855 -9.77811 -18.38
    endloop
  endfacet
  facet normal 0 0 -1
    outer loop
      vertex 80.082 -10.2741 -18.38
      vertex 79.6855 -10.2219 -18.38
      vertex 79.7 -10 -18.38
    endloop
  endfacet
  facet normal 0 0 -1
    outer loop
      vertex 79.4722 -10.85 -18.38
      vertex 79.8186 -11.05 -18.38
      vertex 79.666 -11.2784 -18.38
    endloop
  endfacet
  facet normal 0 0 -1
    outer loop
      vertex 80.0284 -10.5435 -18.38
      vertex 79.6421 -10.44 -18.38
      vertex 79.6855 -10.2219 -18.38
    endloop
  endfacet
  facet normal 0 0 -1
    outer loop
      vertex 79.9401 -10.8036 -18.38
      vertex 79.5706 -10.6506 -18.38
      vertex 79.6421 -10.44 -18.38
    endloop
  endfacet
  facet normal 0 0 -1
    outer loop
      vertex 79.3487 -11.0349 -18.38
      vertex 79.666 -11.2784 -18.38
      vertex 79.4849 -11.4849 -18.38
    endloop
  endfacet
  facet normal 0 0 -1
    outer loop
      vertex 79.8186 -11.05 -18.38
      vertex 79.4722 -10.85 -18.38
      vertex 79.5706 -10.6506 -18.38
    endloop
  endfacet
  facet normal 0 0 -1
    outer loop
      vertex 79.666 -11.2784 -18.38
      vertex 79.3487 -11.0349 -18.38
      vertex 79.4722 -10.85 -18.38
    endloop
  endfacet
  facet normal 0 0 -1
    outer loop
      vertex 79.2021 -11.2021 -18.38
      vertex 79.4849 -11.4849 -18.38
      vertex 79.2784 -11.666 -18.38
    endloop
  endfacet
  facet normal 0 0 -1
    outer loop
      vertex 79.4849 -11.4849 -18.38
      vertex 79.2021 -11.2021 -18.38
      vertex 79.3487 -11.0349 -18.38
    endloop
  endfacet
  facet normal 0 0 -1
    outer loop
      vertex 79.0349 -11.3487 -18.38
      vertex 79.2784 -11.666 -18.38
      vertex 79.05 -11.8187 -18.38
    endloop
  endfacet
  facet normal 0 0 -1
    outer loop
      vertex 79.2784 -11.666 -18.38
      vertex 79.0349 -11.3487 -18.38
      vertex 79.2021 -11.2021 -18.38
    endloop
  endfacet
  facet normal 0 0 -1
    outer loop
      vertex 79.05 -11.8187 -18.38
      vertex 78.85 -11.4722 -18.38
      vertex 79.0349 -11.3487 -18.38
    endloop
  endfacet
  facet normal 0 0 -1
    outer loop
      vertex 78.8036 -11.9401 -18.38
      vertex 78.85 -11.4722 -18.38
      vertex 79.05 -11.8187 -18.38
    endloop
  endfacet
  facet normal 0 0 -1
    outer loop
      vertex 78.8036 -11.9401 -18.38
      vertex 78.6506 -11.5706 -18.38
      vertex 78.85 -11.4722 -18.38
    endloop
  endfacet
  facet normal 0 0 -1
    outer loop
      vertex 78.5435 -12.0284 -18.38
      vertex 78.6506 -11.5706 -18.38
      vertex 78.8036 -11.9401 -18.38
    endloop
  endfacet
  facet normal 0 0 -1
    outer loop
      vertex 78.5435 -12.0284 -18.38
      vertex 78.44 -11.6421 -18.38
      vertex 78.6506 -11.5706 -18.38
    endloop
  endfacet
  facet normal 0 0 -1
    outer loop
      vertex 78.2741 -12.082 -18.38
      vertex 78.44 -11.6421 -18.38
      vertex 78.5435 -12.0284 -18.38
    endloop
  endfacet
  facet normal 0 0 -1
    outer loop
      vertex 78.2741 -12.082 -18.38
      vertex 78.2219 -11.6855 -18.38
      vertex 78.44 -11.6421 -18.38
    endloop
  endfacet
  facet normal 0 0 -1
    outer loop
      vertex 78 -12.1 -18.38
      vertex 78.2219 -11.6855 -18.38
      vertex 78.2741 -12.082 -18.38
    endloop
  endfacet
  facet normal 0 0 -1
    outer loop
      vertex 78 -12.1 -18.38
      vertex 78 -11.7 -18.38
      vertex 78.2219 -11.6855 -18.38
    endloop
  endfacet
  facet normal 0 0 -1
    outer loop
      vertex 78 -12.1 -18.38
      vertex 77.7781 -11.6855 -18.38
      vertex 78 -11.7 -18.38
    endloop
  endfacet
  facet normal 0 0 -1
    outer loop
      vertex 77.7259 -12.082 -18.38
      vertex 77.7781 -11.6855 -18.38
      vertex 78 -12.1 -18.38
    endloop
  endfacet
  facet normal 0 0 -1
    outer loop
      vertex 77.7259 -12.082 -18.38
      vertex 77.56 -11.6421 -18.38
      vertex 77.7781 -11.6855 -18.38
    endloop
  endfacet
  facet normal 0 0 -1
    outer loop
      vertex 77.4565 -12.0284 -18.38
      vertex 77.56 -11.6421 -18.38
      vertex 77.7259 -12.082 -18.38
    endloop
  endfacet
  facet normal 0 0 -1
    outer loop
      vertex 77.4565 -12.0284 -18.38
      vertex 77.3494 -11.5706 -18.38
      vertex 77.56 -11.6421 -18.38
    endloop
  endfacet
  facet normal 0 0 -1
    outer loop
      vertex 77.1964 -11.9401 -18.38
      vertex 77.3494 -11.5706 -18.38
      vertex 77.4565 -12.0284 -18.38
    endloop
  endfacet
  facet normal 0 0 -1
    outer loop
      vertex 77.1964 -11.9401 -18.38
      vertex 77.15 -11.4722 -18.38
      vertex 77.3494 -11.5706 -18.38
    endloop
  endfacet
  facet normal 0 0 -1
    outer loop
      vertex 76.95 -11.8187 -18.38
      vertex 77.15 -11.4722 -18.38
      vertex 77.1964 -11.9401 -18.38
    endloop
  endfacet
  facet normal -0 0 -1
    outer loop
      vertex 77.15 -11.4722 -18.38
      vertex 76.95 -11.8187 -18.38
      vertex 76.9651 -11.3487 -18.38
    endloop
  endfacet
  facet normal 0 0 -1
    outer loop
      vertex 76.7216 -11.666 -18.38
      vertex 76.9651 -11.3487 -18.38
      vertex 76.95 -11.8187 -18.38
    endloop
  endfacet
  facet normal -0 0 -1
    outer loop
      vertex 76.9651 -11.3487 -18.38
      vertex 76.7216 -11.666 -18.38
      vertex 76.7979 -11.2021 -18.38
    endloop
  endfacet
  facet normal 0 0 -1
    outer loop
      vertex 76.5151 -11.4849 -18.38
      vertex 76.7979 -11.2021 -18.38
      vertex 76.7216 -11.666 -18.38
    endloop
  endfacet
  facet normal -0 0 -1
    outer loop
      vertex 76.7979 -11.2021 -18.38
      vertex 76.5151 -11.4849 -18.38
      vertex 76.6513 -11.0349 -18.38
    endloop
  endfacet
  facet normal 0 0 -1
    outer loop
      vertex 76.334 -11.2784 -18.38
      vertex 76.6513 -11.0349 -18.38
      vertex 76.5151 -11.4849 -18.38
    endloop
  endfacet
  facet normal -0 0 -1
    outer loop
      vertex 76.6513 -11.0349 -18.38
      vertex 76.334 -11.2784 -18.38
      vertex 76.5278 -10.85 -18.38
    endloop
  endfacet
  facet normal 0 0 -1
    outer loop
      vertex 76.1813 -11.05 -18.38
      vertex 76.5278 -10.85 -18.38
      vertex 76.334 -11.2784 -18.38
    endloop
  endfacet
  facet normal -0 0 -1
    outer loop
      vertex 76.5278 -10.85 -18.38
      vertex 76.1813 -11.05 -18.38
      vertex 76.4294 -10.6506 -18.38
    endloop
  endfacet
  facet normal 0 0 -1
    outer loop
      vertex 76.0599 -10.8036 -18.38
      vertex 76.4294 -10.6506 -18.38
      vertex 76.1813 -11.05 -18.38
    endloop
  endfacet
  facet normal -0 0 -1
    outer loop
      vertex 76.4294 -10.6506 -18.38
      vertex 76.0599 -10.8036 -18.38
      vertex 76.3579 -10.44 -18.38
    endloop
  endfacet
  facet normal 0 0 -1
    outer loop
      vertex 75.9716 -10.5435 -18.38
      vertex 76.3579 -10.44 -18.38
      vertex 76.0599 -10.8036 -18.38
    endloop
  endfacet
  facet normal -0 0 -1
    outer loop
      vertex 80.0284 -9.45648 -18.38
      vertex 79.6421 -9.56001 -18.38
      vertex 79.9401 -9.19636 -18.38
    endloop
  endfacet
  facet normal 0 0 -1
    outer loop
      vertex 79.5706 -9.34944 -18.38
      vertex 79.9401 -9.19636 -18.38
      vertex 79.6421 -9.56001 -18.38
    endloop
  endfacet
  facet normal -0 0 -1
    outer loop
      vertex 79.9401 -9.19636 -18.38
      vertex 79.5706 -9.34944 -18.38
      vertex 79.8186 -8.95 -18.38
    endloop
  endfacet
  facet normal 0 0 -1
    outer loop
      vertex 79.4722 -9.15 -18.38
      vertex 79.8186 -8.95 -18.38
      vertex 79.5706 -9.34944 -18.38
    endloop
  endfacet
  facet normal -0 0 -1
    outer loop
      vertex 79.8186 -8.95 -18.38
      vertex 79.4722 -9.15 -18.38
      vertex 79.666 -8.7216 -18.38
    endloop
  endfacet
  facet normal 0 0 -1
    outer loop
      vertex 79.3487 -8.96511 -18.38
      vertex 79.666 -8.7216 -18.38
      vertex 79.4722 -9.15 -18.38
    endloop
  endfacet
  facet normal -0 0 -1
    outer loop
      vertex 79.666 -8.7216 -18.38
      vertex 79.3487 -8.96511 -18.38
      vertex 79.4849 -8.51508 -18.38
    endloop
  endfacet
  facet normal 0 0 -1
    outer loop
      vertex 79.2021 -8.79792 -18.38
      vertex 79.4849 -8.51508 -18.38
      vertex 79.3487 -8.96511 -18.38
    endloop
  endfacet
  facet normal -0 0 -1
    outer loop
      vertex 79.4849 -8.51508 -18.38
      vertex 79.2021 -8.79792 -18.38
      vertex 79.2784 -8.33396 -18.38
    endloop
  endfacet
  facet normal 0 0 -1
    outer loop
      vertex 79.0349 -8.6513 -18.38
      vertex 79.2784 -8.33396 -18.38
      vertex 79.2021 -8.79792 -18.38
    endloop
  endfacet
  facet normal -0 0 -1
    outer loop
      vertex 79.2784 -8.33396 -18.38
      vertex 79.0349 -8.6513 -18.38
      vertex 79.05 -8.18135 -18.38
    endloop
  endfacet
  facet normal 0 0 -1
    outer loop
      vertex 78.85 -8.52776 -18.38
      vertex 79.05 -8.18135 -18.38
      vertex 79.0349 -8.6513 -18.38
    endloop
  endfacet
  facet normal 0 0 -1
    outer loop
      vertex 78.85 -8.52776 -18.38
      vertex 78.8036 -8.05985 -18.38
      vertex 79.05 -8.18135 -18.38
    endloop
  endfacet
  facet normal 0 0 -1
    outer loop
      vertex 78.6506 -8.42941 -18.38
      vertex 78.8036 -8.05985 -18.38
      vertex 78.85 -8.52776 -18.38
    endloop
  endfacet
  facet normal 0 0 -1
    outer loop
      vertex 78.6506 -8.42941 -18.38
      vertex 78.5435 -7.97156 -18.38
      vertex 78.8036 -8.05985 -18.38
    endloop
  endfacet
  facet normal 0 0 -1
    outer loop
      vertex 78.44 -8.35793 -18.38
      vertex 78.5435 -7.97156 -18.38
      vertex 78.6506 -8.42941 -18.38
    endloop
  endfacet
  facet normal 0 0 -1
    outer loop
      vertex 78.44 -8.35793 -18.38
      vertex 78.2741 -7.91796 -18.38
      vertex 78.5435 -7.97156 -18.38
    endloop
  endfacet
  facet normal 0 0 -1
    outer loop
      vertex 78.2219 -8.31454 -18.38
      vertex 78.2741 -7.91796 -18.38
      vertex 78.44 -8.35793 -18.38
    endloop
  endfacet
  facet normal 0 0 -1
    outer loop
      vertex 78 -8.3 -18.38
      vertex 78.2741 -7.91796 -18.38
      vertex 78.2219 -8.31454 -18.38
    endloop
  endfacet
  facet normal 0 0 -1
    outer loop
      vertex 78 -8.3 -18.38
      vertex 78 -7.9 -18.38
      vertex 78.2741 -7.91796 -18.38
    endloop
  endfacet
  facet normal 0 0 -1
    outer loop
      vertex 77.7781 -8.31454 -18.38
      vertex 78 -7.9 -18.38
      vertex 78 -8.3 -18.38
    endloop
  endfacet
  facet normal 0 0 -1
    outer loop
      vertex 77.7781 -8.31454 -18.38
      vertex 77.7259 -7.91796 -18.38
      vertex 78 -7.9 -18.38
    endloop
  endfacet
  facet normal 0 0 -1
    outer loop
      vertex 77.56 -8.35793 -18.38
      vertex 77.7259 -7.91796 -18.38
      vertex 77.7781 -8.31454 -18.38
    endloop
  endfacet
  facet normal 0 0 -1
    outer loop
      vertex 77.56 -8.35793 -18.38
      vertex 77.4565 -7.97156 -18.38
      vertex 77.7259 -7.91796 -18.38
    endloop
  endfacet
  facet normal 0 0 -1
    outer loop
      vertex 77.3494 -8.42941 -18.38
      vertex 77.4565 -7.97156 -18.38
      vertex 77.56 -8.35793 -18.38
    endloop
  endfacet
  facet normal 0 0 -1
    outer loop
      vertex 77.3494 -8.42941 -18.38
      vertex 77.1964 -8.05985 -18.38
      vertex 77.4565 -7.97156 -18.38
    endloop
  endfacet
  facet normal 0 0 -1
    outer loop
      vertex 77.15 -8.52776 -18.38
      vertex 77.1964 -8.05985 -18.38
      vertex 77.3494 -8.42941 -18.38
    endloop
  endfacet
  facet normal 0 0 -1
    outer loop
      vertex 76.95 -8.18135 -18.38
      vertex 77.15 -8.52776 -18.38
      vertex 76.9651 -8.6513 -18.38
    endloop
  endfacet
  facet normal 0 0 -1
    outer loop
      vertex 77.15 -8.52776 -18.38
      vertex 76.95 -8.18135 -18.38
      vertex 77.1964 -8.05985 -18.38
    endloop
  endfacet
  facet normal 0 0 -1
    outer loop
      vertex 76.7216 -8.33396 -18.38
      vertex 76.9651 -8.6513 -18.38
      vertex 76.7979 -8.79792 -18.38
    endloop
  endfacet
  facet normal 0 0 -1
    outer loop
      vertex 76.9651 -8.6513 -18.38
      vertex 76.7216 -8.33396 -18.38
      vertex 76.95 -8.18135 -18.38
    endloop
  endfacet
  facet normal 0 0 -1
    outer loop
      vertex 76.5151 -8.51508 -18.38
      vertex 76.7979 -8.79792 -18.38
      vertex 76.6513 -8.96511 -18.38
    endloop
  endfacet
  facet normal 0 0 -1
    outer loop
      vertex 76.334 -8.7216 -18.38
      vertex 76.6513 -8.96511 -18.38
      vertex 76.5278 -9.15 -18.38
    endloop
  endfacet
  facet normal 0 0 -1
    outer loop
      vertex 76.7979 -8.79792 -18.38
      vertex 76.5151 -8.51508 -18.38
      vertex 76.7216 -8.33396 -18.38
    endloop
  endfacet
  facet normal 0 0 -1
    outer loop
      vertex 76.1813 -8.95 -18.38
      vertex 76.5278 -9.15 -18.38
      vertex 76.4294 -9.34944 -18.38
    endloop
  endfacet
  facet normal 0 0 -1
    outer loop
      vertex 76.0599 -9.19636 -18.38
      vertex 76.4294 -9.34944 -18.38
      vertex 76.3579 -9.56001 -18.38
    endloop
  endfacet
  facet normal 0 0 -1
    outer loop
      vertex 76.6513 -8.96511 -18.38
      vertex 76.334 -8.7216 -18.38
      vertex 76.5151 -8.51508 -18.38
    endloop
  endfacet
  facet normal 0 0 -1
    outer loop
      vertex 75.9716 -9.45648 -18.38
      vertex 76.3579 -9.56001 -18.38
      vertex 76.3145 -9.77811 -18.38
    endloop
  endfacet
  facet normal 0 0 -1
    outer loop
      vertex 75.918 -9.72589 -18.38
      vertex 76.3145 -9.77811 -18.38
      vertex 76.3 -10 -18.38
    endloop
  endfacet
  facet normal -0 0 -1
    outer loop
      vertex 76.3579 -10.44 -18.38
      vertex 75.9716 -10.5435 -18.38
      vertex 76.3145 -10.2219 -18.38
    endloop
  endfacet
  facet normal 0 0 -1
    outer loop
      vertex 76.5278 -9.15 -18.38
      vertex 76.1813 -8.95 -18.38
      vertex 76.334 -8.7216 -18.38
    endloop
  endfacet
  facet normal 0 0 -1
    outer loop
      vertex 75.918 -10.2741 -18.38
      vertex 76.3145 -10.2219 -18.38
      vertex 75.9716 -10.5435 -18.38
    endloop
  endfacet
  facet normal 0 0 -1
    outer loop
      vertex 76.4294 -9.34944 -18.38
      vertex 76.0599 -9.19636 -18.38
      vertex 76.1813 -8.95 -18.38
    endloop
  endfacet
  facet normal -0 0 -1
    outer loop
      vertex 76.3145 -10.2219 -18.38
      vertex 75.918 -10.2741 -18.38
      vertex 76.3 -10 -18.38
    endloop
  endfacet
  facet normal 0 0 -1
    outer loop
      vertex 76.3579 -9.56001 -18.38
      vertex 75.9716 -9.45648 -18.38
      vertex 76.0599 -9.19636 -18.38
    endloop
  endfacet
  facet normal 0 0 -1
    outer loop
      vertex 75.9 -10 -18.38
      vertex 76.3 -10 -18.38
      vertex 75.918 -10.2741 -18.38
    endloop
  endfacet
  facet normal 0 0 -1
    outer loop
      vertex 76.3145 -9.77811 -18.38
      vertex 75.918 -9.72589 -18.38
      vertex 75.9716 -9.45648 -18.38
    endloop
  endfacet
  facet normal 0 0 -1
    outer loop
      vertex 76.3 -10 -18.38
      vertex 75.9 -10 -18.38
      vertex 75.918 -9.72589 -18.38
    endloop
  endfacet
  facet normal 0.751864 -0.659319 0
    outer loop
      vertex 76.334 -8.7216 -18.38
      vertex 76.5151 -8.51508 -18.4
      vertex 76.5151 -8.51508 -18.38
    endloop
  endfacet
  facet normal 0.751864 -0.659319 0
    outer loop
      vertex 76.5151 -8.51508 -18.4
      vertex 76.334 -8.7216 -18.38
      vertex 76.334 -8.7216 -18.4
    endloop
  endfacet
  facet normal -0.195136 0.980776 0
    outer loop
      vertex 78.5435 -12.0284 -18.4
      vertex 78.2741 -12.082 -18.38
      vertex 78.5435 -12.0284 -18.38
    endloop
  endfacet
  facet normal -0.195136 0.980776 0
    outer loop
      vertex 78.2741 -12.082 -18.38
      vertex 78.5435 -12.0284 -18.4
      vertex 78.2741 -12.082 -18.4
    endloop
  endfacet
  facet normal 0.195136 -0.980776 0
    outer loop
      vertex 77.4565 -7.97156 -18.4
      vertex 77.7259 -7.91796 -18.38
      vertex 77.4565 -7.97156 -18.38
    endloop
  endfacet
  facet normal 0.195136 -0.980776 0
    outer loop
      vertex 77.7259 -7.91796 -18.38
      vertex 77.4565 -7.97156 -18.4
      vertex 77.7259 -7.91796 -18.4
    endloop
  endfacet
  facet normal -0.751832 0.659355 0
    outer loop
      vertex 79.4849 -11.4849 -18.4
      vertex 79.666 -11.2784 -18.38
      vertex 79.666 -11.2784 -18.4
    endloop
  endfacet
  facet normal -0.751832 0.659355 0
    outer loop
      vertex 79.666 -11.2784 -18.38
      vertex 79.4849 -11.4849 -18.4
      vertex 79.4849 -11.4849 -18.38
    endloop
  endfacet
  facet normal 0.946921 0.321465 0
    outer loop
      vertex 76.0599 -10.8036 -18.38
      vertex 75.9716 -10.5435 -18.4
      vertex 75.9716 -10.5435 -18.38
    endloop
  endfacet
  facet normal 0.946921 0.321465 0
    outer loop
      vertex 75.9716 -10.5435 -18.4
      vertex 76.0599 -10.8036 -18.38
      vertex 76.0599 -10.8036 -18.4
    endloop
  endfacet
  facet normal -0.659396 -0.751796 0
    outer loop
      vertex 79.2784 -8.33396 -18.4
      vertex 79.4849 -8.51508 -18.38
      vertex 79.2784 -8.33396 -18.38
    endloop
  endfacet
  facet normal -0.659396 -0.751796 -0
    outer loop
      vertex 79.4849 -8.51508 -18.38
      vertex 79.2784 -8.33396 -18.4
      vertex 79.4849 -8.51508 -18.4
    endloop
  endfacet
  facet normal -0.441964 0.897033 0
    outer loop
      vertex 79.05 -11.8187 -18.4
      vertex 78.8036 -11.9401 -18.38
      vertex 79.05 -11.8187 -18.38
    endloop
  endfacet
  facet normal -0.441964 0.897033 0
    outer loop
      vertex 78.8036 -11.9401 -18.38
      vertex 79.05 -11.8187 -18.4
      vertex 78.8036 -11.9401 -18.4
    endloop
  endfacet
  facet normal -0.997851 0.0655283 0
    outer loop
      vertex 80.082 -10.2741 -18.4
      vertex 80.1 -10 -18.38
      vertex 80.1 -10 -18.4
    endloop
  endfacet
  facet normal -0.997851 0.0655283 0
    outer loop
      vertex 80.1 -10 -18.38
      vertex 80.082 -10.2741 -18.4
      vertex 80.082 -10.2741 -18.38
    endloop
  endfacet
  facet normal 0.0655283 0.997851 -0
    outer loop
      vertex 78 -12.1 -18.4
      vertex 77.7259 -12.082 -18.38
      vertex 78 -12.1 -18.38
    endloop
  endfacet
  facet normal 0.0655283 0.997851 0
    outer loop
      vertex 77.7259 -12.082 -18.38
      vertex 78 -12.1 -18.4
      vertex 77.7259 -12.082 -18.4
    endloop
  endfacet
  facet normal -0.89686 -0.442314 0
    outer loop
      vertex 79.9401 -9.19636 -18.4
      vertex 79.8186 -8.95 -18.38
      vertex 79.8186 -8.95 -18.4
    endloop
  endfacet
  facet normal -0.89686 -0.442314 0
    outer loop
      vertex 79.8186 -8.95 -18.38
      vertex 79.9401 -9.19636 -18.4
      vertex 79.9401 -9.19636 -18.38
    endloop
  endfacet
  facet normal -0.997851 -0.0655259 0
    outer loop
      vertex 80.1 -10 -18.4
      vertex 80.082 -9.72589 -18.38
      vertex 80.082 -9.72589 -18.4
    endloop
  endfacet
  facet normal -0.997851 -0.0655259 0
    outer loop
      vertex 80.082 -9.72589 -18.38
      vertex 80.1 -10 -18.4
      vertex 80.1 -10 -18.38
    endloop
  endfacet
  facet normal 0.659396 -0.751796 0
    outer loop
      vertex 76.5151 -8.51508 -18.4
      vertex 76.7216 -8.33396 -18.38
      vertex 76.5151 -8.51508 -18.38
    endloop
  endfacet
  facet normal 0.659396 -0.751796 0
    outer loop
      vertex 76.7216 -8.33396 -18.38
      vertex 76.5151 -8.51508 -18.4
      vertex 76.7216 -8.33396 -18.4
    endloop
  endfacet
  facet normal -0.555792 0.831322 0
    outer loop
      vertex 79.2784 -11.666 -18.4
      vertex 79.05 -11.8187 -18.38
      vertex 79.2784 -11.666 -18.38
    endloop
  endfacet
  facet normal -0.555792 0.831322 0
    outer loop
      vertex 79.05 -11.8187 -18.38
      vertex 79.2784 -11.666 -18.4
      vertex 79.05 -11.8187 -18.4
    endloop
  endfacet
  facet normal 0.0653833 -0.99786 0
    outer loop
      vertex 77.7259 -7.91796 -18.4
      vertex 78 -7.9 -18.38
      vertex 77.7259 -7.91796 -18.38
    endloop
  endfacet
  facet normal 0.0653833 -0.99786 0
    outer loop
      vertex 78 -7.9 -18.38
      vertex 77.7259 -7.91796 -18.4
      vertex 78 -7.9 -18.4
    endloop
  endfacet
  facet normal -0.0655283 -0.997851 0
    outer loop
      vertex 78 12.1 -18.4
      vertex 78.2741 12.082 -18.38
      vertex 78 12.1 -18.38
    endloop
  endfacet
  facet normal -0.0655283 -0.997851 -0
    outer loop
      vertex 78.2741 12.082 -18.38
      vertex 78 12.1 -18.4
      vertex 78.2741 12.082 -18.4
    endloop
  endfacet
  facet normal -0.321433 0.946932 0
    outer loop
      vertex 78.8036 8.05985 -18.4
      vertex 78.5435 7.97156 -18.38
      vertex 78.8036 8.05985 -18.38
    endloop
  endfacet
  facet normal -0.321433 0.946932 0
    outer loop
      vertex 78.5435 7.97156 -18.38
      vertex 78.8036 8.05985 -18.4
      vertex 78.5435 7.97156 -18.4
    endloop
  endfacet
  facet normal 0.441964 -0.897033 0
    outer loop
      vertex 76.95 11.8187 -18.4
      vertex 77.1964 11.9401 -18.38
      vertex 76.95 11.8187 -18.38
    endloop
  endfacet
  facet normal 0.441964 -0.897033 0
    outer loop
      vertex 77.1964 11.9401 -18.38
      vertex 76.95 11.8187 -18.4
      vertex 77.1964 11.9401 -18.4
    endloop
  endfacet
  facet normal 0.997851 -0.0655283 0
    outer loop
      vertex 75.9 10 -18.38
      vertex 75.918 10.2741 -18.4
      vertex 75.918 10.2741 -18.38
    endloop
  endfacet
  facet normal 0.997851 -0.0655283 0
    outer loop
      vertex 75.918 10.2741 -18.4
      vertex 75.9 10 -18.38
      vertex 75.9 10 -18.4
    endloop
  endfacet
  facet normal -0.555792 -0.831322 0
    outer loop
      vertex 79.05 11.8187 -18.4
      vertex 79.2784 11.666 -18.38
      vertex 79.05 11.8187 -18.38
    endloop
  endfacet
  facet normal -0.555792 -0.831322 -0
    outer loop
      vertex 79.2784 11.666 -18.38
      vertex 79.05 11.8187 -18.4
      vertex 79.2784 11.666 -18.4
    endloop
  endfacet
  facet normal 0.980778 0.195129 0
    outer loop
      vertex 75.9716 9.45648 -18.38
      vertex 75.918 9.72589 -18.4
      vertex 75.918 9.72589 -18.38
    endloop
  endfacet
  facet normal 0.980778 0.195129 0
    outer loop
      vertex 75.918 9.72589 -18.4
      vertex 75.9716 9.45648 -18.38
      vertex 75.9716 9.45648 -18.4
    endloop
  endfacet
  facet normal 0.0653833 0.99786 -0
    outer loop
      vertex 78 7.9 -18.4
      vertex 77.7259 7.91796 -18.38
      vertex 78 7.9 -18.38
    endloop
  endfacet
  facet normal 0.0653833 0.99786 0
    outer loop
      vertex 77.7259 7.91796 -18.38
      vertex 78 7.9 -18.4
      vertex 77.7259 7.91796 -18.4
    endloop
  endfacet
  facet normal -0.0653833 0.99786 0
    outer loop
      vertex 78.2741 7.91796 -18.4
      vertex 78 7.9 -18.38
      vertex 78.2741 7.91796 -18.38
    endloop
  endfacet
  facet normal -0.0653833 0.99786 0
    outer loop
      vertex 78 7.9 -18.38
      vertex 78.2741 7.91796 -18.4
      vertex 78 7.9 -18.4
    endloop
  endfacet
  facet normal -0.751832 -0.659355 0
    outer loop
      vertex 79.666 11.2784 -18.4
      vertex 79.4849 11.4849 -18.38
      vertex 79.4849 11.4849 -18.4
    endloop
  endfacet
  facet normal -0.751832 -0.659355 0
    outer loop
      vertex 79.4849 11.4849 -18.38
      vertex 79.666 11.2784 -18.4
      vertex 79.666 11.2784 -18.38
    endloop
  endfacet
  facet normal 0.751832 -0.659355 0
    outer loop
      vertex 76.334 11.2784 -18.38
      vertex 76.5151 11.4849 -18.4
      vertex 76.5151 11.4849 -18.38
    endloop
  endfacet
  facet normal 0.751832 -0.659355 0
    outer loop
      vertex 76.5151 11.4849 -18.4
      vertex 76.334 11.2784 -18.38
      vertex 76.334 11.2784 -18.4
    endloop
  endfacet
  facet normal 0.442256 0.896889 -0
    outer loop
      vertex 77.1964 8.05985 -18.4
      vertex 76.95 8.18135 -18.38
      vertex 77.1964 8.05985 -18.38
    endloop
  endfacet
  facet normal 0.442256 0.896889 0
    outer loop
      vertex 76.95 8.18135 -18.38
      vertex 77.1964 8.05985 -18.4
      vertex 76.95 8.18135 -18.4
    endloop
  endfacet
  facet normal -0.946929 0.321443 0
    outer loop
      vertex 79.9401 9.19636 -18.4
      vertex 80.0284 9.45648 -18.38
      vertex 80.0284 9.45648 -18.4
    endloop
  endfacet
  facet normal -0.946929 0.321443 0
    outer loop
      vertex 80.0284 9.45648 -18.38
      vertex 79.9401 9.19636 -18.4
      vertex 79.9401 9.19636 -18.38
    endloop
  endfacet
  facet normal 0.0655283 -0.997851 0
    outer loop
      vertex 77.7259 12.082 -18.4
      vertex 78 12.1 -18.38
      vertex 77.7259 12.082 -18.38
    endloop
  endfacet
  facet normal 0.0655283 -0.997851 0
    outer loop
      vertex 78 12.1 -18.38
      vertex 77.7259 12.082 -18.4
      vertex 78 12.1 -18.4
    endloop
  endfacet
  facet normal 0.831322 0.555792 0
    outer loop
      vertex 76.334 8.7216 -18.38
      vertex 76.1813 8.95 -18.4
      vertex 76.1813 8.95 -18.38
    endloop
  endfacet
  facet normal 0.831322 0.555792 0
    outer loop
      vertex 76.1813 8.95 -18.4
      vertex 76.334 8.7216 -18.38
      vertex 76.334 8.7216 -18.4
    endloop
  endfacet
  facet normal 0.195136 -0.980776 0
    outer loop
      vertex 77.4565 12.0284 -18.4
      vertex 77.7259 12.082 -18.38
      vertex 77.4565 12.0284 -18.38
    endloop
  endfacet
  facet normal 0.195136 -0.980776 0
    outer loop
      vertex 77.7259 12.082 -18.38
      vertex 77.4565 12.0284 -18.4
      vertex 77.7259 12.082 -18.4
    endloop
  endfacet
  facet normal -0.89686 0.442314 0
    outer loop
      vertex 79.8186 8.95 -18.4
      vertex 79.9401 9.19636 -18.38
      vertex 79.9401 9.19636 -18.4
    endloop
  endfacet
  facet normal -0.89686 0.442314 0
    outer loop
      vertex 79.9401 9.19636 -18.38
      vertex 79.8186 8.95 -18.4
      vertex 79.8186 8.95 -18.38
    endloop
  endfacet
  facet normal 0.555565 0.831473 -0
    outer loop
      vertex 76.95 8.18135 -18.4
      vertex 76.7216 8.33396 -18.38
      vertex 76.95 8.18135 -18.38
    endloop
  endfacet
  facet normal 0.555565 0.831473 0
    outer loop
      vertex 76.7216 8.33396 -18.38
      vertex 76.95 8.18135 -18.4
      vertex 76.7216 8.33396 -18.4
    endloop
  endfacet
  facet normal -0.195136 -0.980776 0
    outer loop
      vertex 78.2741 12.082 -18.4
      vertex 78.5435 12.0284 -18.38
      vertex 78.2741 12.082 -18.38
    endloop
  endfacet
  facet normal -0.195136 -0.980776 -0
    outer loop
      vertex 78.5435 12.0284 -18.38
      vertex 78.2741 12.082 -18.4
      vertex 78.5435 12.0284 -18.4
    endloop
  endfacet
  facet normal 0.946921 -0.321465 0
    outer loop
      vertex 75.9716 10.5435 -18.38
      vertex 76.0599 10.8036 -18.4
      vertex 76.0599 10.8036 -18.38
    endloop
  endfacet
  facet normal 0.946921 -0.321465 0
    outer loop
      vertex 76.0599 10.8036 -18.4
      vertex 75.9716 10.5435 -18.38
      vertex 75.9716 10.5435 -18.4
    endloop
  endfacet
  facet normal 0.897033 -0.441964 0
    outer loop
      vertex 76.0599 10.8036 -18.38
      vertex 76.1813 11.05 -18.4
      vertex 76.1813 11.05 -18.38
    endloop
  endfacet
  facet normal 0.897033 -0.441964 0
    outer loop
      vertex 76.1813 11.05 -18.4
      vertex 76.0599 10.8036 -18.38
      vertex 76.0599 10.8036 -18.4
    endloop
  endfacet
  facet normal 0.321465 -0.946921 0
    outer loop
      vertex 77.1964 11.9401 -18.4
      vertex 77.4565 12.0284 -18.38
      vertex 77.1964 11.9401 -18.38
    endloop
  endfacet
  facet normal 0.321465 -0.946921 0
    outer loop
      vertex 77.4565 12.0284 -18.38
      vertex 77.1964 11.9401 -18.4
      vertex 77.4565 12.0284 -18.4
    endloop
  endfacet
  facet normal 0.195136 0.980776 -0
    outer loop
      vertex 77.7259 7.91796 -18.4
      vertex 77.4565 7.97156 -18.38
      vertex 77.7259 7.91796 -18.38
    endloop
  endfacet
  facet normal 0.195136 0.980776 0
    outer loop
      vertex 77.4565 7.97156 -18.38
      vertex 77.7259 7.91796 -18.4
      vertex 77.4565 7.97156 -18.4
    endloop
  endfacet
  facet normal 0.751864 0.659319 0
    outer loop
      vertex 76.5151 8.51508 -18.38
      vertex 76.334 8.7216 -18.4
      vertex 76.334 8.7216 -18.38
    endloop
  endfacet
  facet normal 0.751864 0.659319 0
    outer loop
      vertex 76.334 8.7216 -18.4
      vertex 76.5151 8.51508 -18.38
      vertex 76.5151 8.51508 -18.4
    endloop
  endfacet
  facet normal 0.831322 -0.555792 0
    outer loop
      vertex 76.1813 11.05 -18.38
      vertex 76.334 11.2784 -18.4
      vertex 76.334 11.2784 -18.38
    endloop
  endfacet
  facet normal 0.831322 -0.555792 0
    outer loop
      vertex 76.334 11.2784 -18.4
      vertex 76.1813 11.05 -18.38
      vertex 76.1813 11.05 -18.4
    endloop
  endfacet
  facet normal -0.321465 -0.946921 0
    outer loop
      vertex 78.5435 12.0284 -18.4
      vertex 78.8036 11.9401 -18.38
      vertex 78.5435 12.0284 -18.38
    endloop
  endfacet
  facet normal -0.321465 -0.946921 -0
    outer loop
      vertex 78.8036 11.9401 -18.38
      vertex 78.5435 12.0284 -18.4
      vertex 78.8036 11.9401 -18.4
    endloop
  endfacet
  facet normal 0 0 -1
    outer loop
      vertex 79.7 10 -18.38
      vertex 80.1 10 -18.38
      vertex 80.082 9.72589 -18.38
    endloop
  endfacet
  facet normal 0 0 -1
    outer loop
      vertex 79.6855 9.77811 -18.38
      vertex 80.082 9.72589 -18.38
      vertex 80.0284 9.45648 -18.38
    endloop
  endfacet
  facet normal 0 0 -1
    outer loop
      vertex 80.1 10 -18.38
      vertex 79.7 10 -18.38
      vertex 80.082 10.2741 -18.38
    endloop
  endfacet
  facet normal 0 0 -1
    outer loop
      vertex 79.6421 9.56001 -18.38
      vertex 80.0284 9.45648 -18.38
      vertex 79.9401 9.19636 -18.38
    endloop
  endfacet
  facet normal 0 0 -1
    outer loop
      vertex 79.6855 10.2219 -18.38
      vertex 80.082 10.2741 -18.38
      vertex 79.7 10 -18.38
    endloop
  endfacet
  facet normal 0 0 -1
    outer loop
      vertex 79.5706 9.34944 -18.38
      vertex 79.9401 9.19636 -18.38
      vertex 79.8186 8.95 -18.38
    endloop
  endfacet
  facet normal -0 0 -1
    outer loop
      vertex 80.082 10.2741 -18.38
      vertex 79.6855 10.2219 -18.38
      vertex 80.0284 10.5435 -18.38
    endloop
  endfacet
  facet normal 0 0 -1
    outer loop
      vertex 79.6421 10.44 -18.38
      vertex 80.0284 10.5435 -18.38
      vertex 79.6855 10.2219 -18.38
    endloop
  endfacet
  facet normal 0 0 -1
    outer loop
      vertex 80.082 9.72589 -18.38
      vertex 79.6855 9.77811 -18.38
      vertex 79.7 10 -18.38
    endloop
  endfacet
  facet normal 0 0 -1
    outer loop
      vertex 79.4722 9.15 -18.38
      vertex 79.8186 8.95 -18.38
      vertex 79.666 8.7216 -18.38
    endloop
  endfacet
  facet normal 0 0 -1
    outer loop
      vertex 80.0284 9.45648 -18.38
      vertex 79.6421 9.56001 -18.38
      vertex 79.6855 9.77811 -18.38
    endloop
  endfacet
  facet normal 0 0 -1
    outer loop
      vertex 79.9401 9.19636 -18.38
      vertex 79.5706 9.34944 -18.38
      vertex 79.6421 9.56001 -18.38
    endloop
  endfacet
  facet normal 0 0 -1
    outer loop
      vertex 79.3487 8.96511 -18.38
      vertex 79.666 8.7216 -18.38
      vertex 79.4849 8.51508 -18.38
    endloop
  endfacet
  facet normal 0 0 -1
    outer loop
      vertex 79.8186 8.95 -18.38
      vertex 79.4722 9.15 -18.38
      vertex 79.5706 9.34944 -18.38
    endloop
  endfacet
  facet normal 0 0 -1
    outer loop
      vertex 79.666 8.7216 -18.38
      vertex 79.3487 8.96511 -18.38
      vertex 79.4722 9.15 -18.38
    endloop
  endfacet
  facet normal 0 0 -1
    outer loop
      vertex 79.2021 8.79792 -18.38
      vertex 79.4849 8.51508 -18.38
      vertex 79.2784 8.33396 -18.38
    endloop
  endfacet
  facet normal 0 0 -1
    outer loop
      vertex 79.4849 8.51508 -18.38
      vertex 79.2021 8.79792 -18.38
      vertex 79.3487 8.96511 -18.38
    endloop
  endfacet
  facet normal 0 0 -1
    outer loop
      vertex 79.0349 8.6513 -18.38
      vertex 79.2784 8.33396 -18.38
      vertex 79.05 8.18135 -18.38
    endloop
  endfacet
  facet normal 0 0 -1
    outer loop
      vertex 79.2784 8.33396 -18.38
      vertex 79.0349 8.6513 -18.38
      vertex 79.2021 8.79792 -18.38
    endloop
  endfacet
  facet normal 0 0 -1
    outer loop
      vertex 79.05 8.18135 -18.38
      vertex 78.85 8.52776 -18.38
      vertex 79.0349 8.6513 -18.38
    endloop
  endfacet
  facet normal 0 0 -1
    outer loop
      vertex 78.8036 8.05985 -18.38
      vertex 78.85 8.52776 -18.38
      vertex 79.05 8.18135 -18.38
    endloop
  endfacet
  facet normal 0 0 -1
    outer loop
      vertex 78.8036 8.05985 -18.38
      vertex 78.6506 8.42941 -18.38
      vertex 78.85 8.52776 -18.38
    endloop
  endfacet
  facet normal 0 0 -1
    outer loop
      vertex 78.5435 7.97156 -18.38
      vertex 78.6506 8.42941 -18.38
      vertex 78.8036 8.05985 -18.38
    endloop
  endfacet
  facet normal 0 0 -1
    outer loop
      vertex 78.5435 7.97156 -18.38
      vertex 78.44 8.35793 -18.38
      vertex 78.6506 8.42941 -18.38
    endloop
  endfacet
  facet normal 0 0 -1
    outer loop
      vertex 78.2741 7.91796 -18.38
      vertex 78.44 8.35793 -18.38
      vertex 78.5435 7.97156 -18.38
    endloop
  endfacet
  facet normal 0 0 -1
    outer loop
      vertex 78.2741 7.91796 -18.38
      vertex 78.2219 8.31454 -18.38
      vertex 78.44 8.35793 -18.38
    endloop
  endfacet
  facet normal 0 0 -1
    outer loop
      vertex 78 7.9 -18.38
      vertex 78.2219 8.31454 -18.38
      vertex 78.2741 7.91796 -18.38
    endloop
  endfacet
  facet normal 0 0 -1
    outer loop
      vertex 78 7.9 -18.38
      vertex 78 8.3 -18.38
      vertex 78.2219 8.31454 -18.38
    endloop
  endfacet
  facet normal 0 0 -1
    outer loop
      vertex 78 7.9 -18.38
      vertex 77.7781 8.31454 -18.38
      vertex 78 8.3 -18.38
    endloop
  endfacet
  facet normal 0 0 -1
    outer loop
      vertex 77.7259 7.91796 -18.38
      vertex 77.7781 8.31454 -18.38
      vertex 78 7.9 -18.38
    endloop
  endfacet
  facet normal 0 0 -1
    outer loop
      vertex 77.7259 7.91796 -18.38
      vertex 77.56 8.35793 -18.38
      vertex 77.7781 8.31454 -18.38
    endloop
  endfacet
  facet normal 0 0 -1
    outer loop
      vertex 77.4565 7.97156 -18.38
      vertex 77.56 8.35793 -18.38
      vertex 77.7259 7.91796 -18.38
    endloop
  endfacet
  facet normal 0 0 -1
    outer loop
      vertex 77.4565 7.97156 -18.38
      vertex 77.3494 8.42941 -18.38
      vertex 77.56 8.35793 -18.38
    endloop
  endfacet
  facet normal 0 0 -1
    outer loop
      vertex 77.1964 8.05985 -18.38
      vertex 77.3494 8.42941 -18.38
      vertex 77.4565 7.97156 -18.38
    endloop
  endfacet
  facet normal 0 0 -1
    outer loop
      vertex 77.1964 8.05985 -18.38
      vertex 77.15 8.52776 -18.38
      vertex 77.3494 8.42941 -18.38
    endloop
  endfacet
  facet normal 0 0 -1
    outer loop
      vertex 76.95 8.18135 -18.38
      vertex 77.15 8.52776 -18.38
      vertex 77.1964 8.05985 -18.38
    endloop
  endfacet
  facet normal -0 0 -1
    outer loop
      vertex 77.15 8.52776 -18.38
      vertex 76.95 8.18135 -18.38
      vertex 76.9651 8.6513 -18.38
    endloop
  endfacet
  facet normal 0 0 -1
    outer loop
      vertex 76.7216 8.33396 -18.38
      vertex 76.9651 8.6513 -18.38
      vertex 76.95 8.18135 -18.38
    endloop
  endfacet
  facet normal -0 0 -1
    outer loop
      vertex 76.9651 8.6513 -18.38
      vertex 76.7216 8.33396 -18.38
      vertex 76.7979 8.79792 -18.38
    endloop
  endfacet
  facet normal 0 0 -1
    outer loop
      vertex 76.5151 8.51508 -18.38
      vertex 76.7979 8.79792 -18.38
      vertex 76.7216 8.33396 -18.38
    endloop
  endfacet
  facet normal -0 0 -1
    outer loop
      vertex 76.7979 8.79792 -18.38
      vertex 76.5151 8.51508 -18.38
      vertex 76.6513 8.96511 -18.38
    endloop
  endfacet
  facet normal 0 0 -1
    outer loop
      vertex 76.334 8.7216 -18.38
      vertex 76.6513 8.96511 -18.38
      vertex 76.5151 8.51508 -18.38
    endloop
  endfacet
  facet normal -0 0 -1
    outer loop
      vertex 76.6513 8.96511 -18.38
      vertex 76.334 8.7216 -18.38
      vertex 76.5278 9.15 -18.38
    endloop
  endfacet
  facet normal 0 0 -1
    outer loop
      vertex 76.1813 8.95 -18.38
      vertex 76.5278 9.15 -18.38
      vertex 76.334 8.7216 -18.38
    endloop
  endfacet
  facet normal -0 0 -1
    outer loop
      vertex 76.5278 9.15 -18.38
      vertex 76.1813 8.95 -18.38
      vertex 76.4294 9.34944 -18.38
    endloop
  endfacet
  facet normal 0 0 -1
    outer loop
      vertex 76.0599 9.19636 -18.38
      vertex 76.4294 9.34944 -18.38
      vertex 76.1813 8.95 -18.38
    endloop
  endfacet
  facet normal -0 0 -1
    outer loop
      vertex 76.4294 9.34944 -18.38
      vertex 76.0599 9.19636 -18.38
      vertex 76.3579 9.56001 -18.38
    endloop
  endfacet
  facet normal 0 0 -1
    outer loop
      vertex 75.9716 9.45648 -18.38
      vertex 76.3579 9.56001 -18.38
      vertex 76.0599 9.19636 -18.38
    endloop
  endfacet
  facet normal -0 0 -1
    outer loop
      vertex 80.0284 10.5435 -18.38
      vertex 79.6421 10.44 -18.38
      vertex 79.9401 10.8036 -18.38
    endloop
  endfacet
  facet normal 0 0 -1
    outer loop
      vertex 79.5706 10.6506 -18.38
      vertex 79.9401 10.8036 -18.38
      vertex 79.6421 10.44 -18.38
    endloop
  endfacet
  facet normal -0 0 -1
    outer loop
      vertex 79.9401 10.8036 -18.38
      vertex 79.5706 10.6506 -18.38
      vertex 79.8186 11.05 -18.38
    endloop
  endfacet
  facet normal 0 0 -1
    outer loop
      vertex 79.4722 10.85 -18.38
      vertex 79.8186 11.05 -18.38
      vertex 79.5706 10.6506 -18.38
    endloop
  endfacet
  facet normal -0 0 -1
    outer loop
      vertex 79.8186 11.05 -18.38
      vertex 79.4722 10.85 -18.38
      vertex 79.666 11.2784 -18.38
    endloop
  endfacet
  facet normal 0 0 -1
    outer loop
      vertex 79.3487 11.0349 -18.38
      vertex 79.666 11.2784 -18.38
      vertex 79.4722 10.85 -18.38
    endloop
  endfacet
  facet normal -0 0 -1
    outer loop
      vertex 79.666 11.2784 -18.38
      vertex 79.3487 11.0349 -18.38
      vertex 79.4849 11.4849 -18.38
    endloop
  endfacet
  facet normal 0 0 -1
    outer loop
      vertex 79.2021 11.2021 -18.38
      vertex 79.4849 11.4849 -18.38
      vertex 79.3487 11.0349 -18.38
    endloop
  endfacet
  facet normal -0 0 -1
    outer loop
      vertex 79.4849 11.4849 -18.38
      vertex 79.2021 11.2021 -18.38
      vertex 79.2784 11.666 -18.38
    endloop
  endfacet
  facet normal 0 0 -1
    outer loop
      vertex 79.0349 11.3487 -18.38
      vertex 79.2784 11.666 -18.38
      vertex 79.2021 11.2021 -18.38
    endloop
  endfacet
  facet normal -0 0 -1
    outer loop
      vertex 79.2784 11.666 -18.38
      vertex 79.0349 11.3487 -18.38
      vertex 79.05 11.8187 -18.38
    endloop
  endfacet
  facet normal 0 0 -1
    outer loop
      vertex 78.85 11.4722 -18.38
      vertex 79.05 11.8187 -18.38
      vertex 79.0349 11.3487 -18.38
    endloop
  endfacet
  facet normal 0 0 -1
    outer loop
      vertex 78.85 11.4722 -18.38
      vertex 78.8036 11.9401 -18.38
      vertex 79.05 11.8187 -18.38
    endloop
  endfacet
  facet normal 0 0 -1
    outer loop
      vertex 78.6506 11.5706 -18.38
      vertex 78.8036 11.9401 -18.38
      vertex 78.85 11.4722 -18.38
    endloop
  endfacet
  facet normal 0 0 -1
    outer loop
      vertex 78.6506 11.5706 -18.38
      vertex 78.5435 12.0284 -18.38
      vertex 78.8036 11.9401 -18.38
    endloop
  endfacet
  facet normal 0 0 -1
    outer loop
      vertex 78.44 11.6421 -18.38
      vertex 78.5435 12.0284 -18.38
      vertex 78.6506 11.5706 -18.38
    endloop
  endfacet
  facet normal 0 0 -1
    outer loop
      vertex 78.44 11.6421 -18.38
      vertex 78.2741 12.082 -18.38
      vertex 78.5435 12.0284 -18.38
    endloop
  endfacet
  facet normal 0 0 -1
    outer loop
      vertex 78.2219 11.6855 -18.38
      vertex 78.2741 12.082 -18.38
      vertex 78.44 11.6421 -18.38
    endloop
  endfacet
  facet normal 0 0 -1
    outer loop
      vertex 78 11.7 -18.38
      vertex 78.2741 12.082 -18.38
      vertex 78.2219 11.6855 -18.38
    endloop
  endfacet
  facet normal 0 0 -1
    outer loop
      vertex 78 11.7 -18.38
      vertex 78 12.1 -18.38
      vertex 78.2741 12.082 -18.38
    endloop
  endfacet
  facet normal 0 0 -1
    outer loop
      vertex 77.7781 11.6855 -18.38
      vertex 78 12.1 -18.38
      vertex 78 11.7 -18.38
    endloop
  endfacet
  facet normal 0 0 -1
    outer loop
      vertex 77.7781 11.6855 -18.38
      vertex 77.7259 12.082 -18.38
      vertex 78 12.1 -18.38
    endloop
  endfacet
  facet normal 0 0 -1
    outer loop
      vertex 77.56 11.6421 -18.38
      vertex 77.7259 12.082 -18.38
      vertex 77.7781 11.6855 -18.38
    endloop
  endfacet
  facet normal 0 0 -1
    outer loop
      vertex 77.56 11.6421 -18.38
      vertex 77.4565 12.0284 -18.38
      vertex 77.7259 12.082 -18.38
    endloop
  endfacet
  facet normal 0 0 -1
    outer loop
      vertex 77.3494 11.5706 -18.38
      vertex 77.4565 12.0284 -18.38
      vertex 77.56 11.6421 -18.38
    endloop
  endfacet
  facet normal 0 0 -1
    outer loop
      vertex 77.3494 11.5706 -18.38
      vertex 77.1964 11.9401 -18.38
      vertex 77.4565 12.0284 -18.38
    endloop
  endfacet
  facet normal 0 0 -1
    outer loop
      vertex 77.15 11.4722 -18.38
      vertex 77.1964 11.9401 -18.38
      vertex 77.3494 11.5706 -18.38
    endloop
  endfacet
  facet normal 0 0 -1
    outer loop
      vertex 76.95 11.8187 -18.38
      vertex 77.15 11.4722 -18.38
      vertex 76.9651 11.3487 -18.38
    endloop
  endfacet
  facet normal 0 0 -1
    outer loop
      vertex 77.15 11.4722 -18.38
      vertex 76.95 11.8187 -18.38
      vertex 77.1964 11.9401 -18.38
    endloop
  endfacet
  facet normal 0 0 -1
    outer loop
      vertex 76.7216 11.666 -18.38
      vertex 76.9651 11.3487 -18.38
      vertex 76.7979 11.2021 -18.38
    endloop
  endfacet
  facet normal 0 0 -1
    outer loop
      vertex 76.9651 11.3487 -18.38
      vertex 76.7216 11.666 -18.38
      vertex 76.95 11.8187 -18.38
    endloop
  endfacet
  facet normal 0 0 -1
    outer loop
      vertex 76.5151 11.4849 -18.38
      vertex 76.7979 11.2021 -18.38
      vertex 76.6513 11.0349 -18.38
    endloop
  endfacet
  facet normal 0 0 -1
    outer loop
      vertex 76.334 11.2784 -18.38
      vertex 76.6513 11.0349 -18.38
      vertex 76.5278 10.85 -18.38
    endloop
  endfacet
  facet normal 0 0 -1
    outer loop
      vertex 76.7979 11.2021 -18.38
      vertex 76.5151 11.4849 -18.38
      vertex 76.7216 11.666 -18.38
    endloop
  endfacet
  facet normal 0 0 -1
    outer loop
      vertex 76.1813 11.05 -18.38
      vertex 76.5278 10.85 -18.38
      vertex 76.4294 10.6506 -18.38
    endloop
  endfacet
  facet normal 0 0 -1
    outer loop
      vertex 76.0599 10.8036 -18.38
      vertex 76.4294 10.6506 -18.38
      vertex 76.3579 10.44 -18.38
    endloop
  endfacet
  facet normal 0 0 -1
    outer loop
      vertex 76.6513 11.0349 -18.38
      vertex 76.334 11.2784 -18.38
      vertex 76.5151 11.4849 -18.38
    endloop
  endfacet
  facet normal 0 0 -1
    outer loop
      vertex 75.9716 10.5435 -18.38
      vertex 76.3579 10.44 -18.38
      vertex 76.3145 10.2219 -18.38
    endloop
  endfacet
  facet normal 0 0 -1
    outer loop
      vertex 75.918 10.2741 -18.38
      vertex 76.3145 10.2219 -18.38
      vertex 76.3 10 -18.38
    endloop
  endfacet
  facet normal -0 0 -1
    outer loop
      vertex 76.3579 9.56001 -18.38
      vertex 75.9716 9.45648 -18.38
      vertex 76.3145 9.77811 -18.38
    endloop
  endfacet
  facet normal 0 0 -1
    outer loop
      vertex 76.5278 10.85 -18.38
      vertex 76.1813 11.05 -18.38
      vertex 76.334 11.2784 -18.38
    endloop
  endfacet
  facet normal 0 0 -1
    outer loop
      vertex 75.918 9.72589 -18.38
      vertex 76.3145 9.77811 -18.38
      vertex 75.9716 9.45648 -18.38
    endloop
  endfacet
  facet normal 0 0 -1
    outer loop
      vertex 76.4294 10.6506 -18.38
      vertex 76.0599 10.8036 -18.38
      vertex 76.1813 11.05 -18.38
    endloop
  endfacet
  facet normal -0 0 -1
    outer loop
      vertex 76.3145 9.77811 -18.38
      vertex 75.918 9.72589 -18.38
      vertex 76.3 10 -18.38
    endloop
  endfacet
  facet normal 0 0 -1
    outer loop
      vertex 76.3579 10.44 -18.38
      vertex 75.9716 10.5435 -18.38
      vertex 76.0599 10.8036 -18.38
    endloop
  endfacet
  facet normal 0 0 -1
    outer loop
      vertex 75.9 10 -18.38
      vertex 76.3 10 -18.38
      vertex 75.918 9.72589 -18.38
    endloop
  endfacet
  facet normal 0 0 -1
    outer loop
      vertex 76.3145 10.2219 -18.38
      vertex 75.918 10.2741 -18.38
      vertex 75.9716 10.5435 -18.38
    endloop
  endfacet
  facet normal 0 0 -1
    outer loop
      vertex 76.3 10 -18.38
      vertex 75.9 10 -18.38
      vertex 75.918 10.2741 -18.38
    endloop
  endfacet
  facet normal 0.897005 0.442021 0
    outer loop
      vertex 76.1813 8.95 -18.38
      vertex 76.0599 9.19636 -18.4
      vertex 76.0599 9.19636 -18.38
    endloop
  endfacet
  facet normal 0.897005 0.442021 0
    outer loop
      vertex 76.0599 9.19636 -18.4
      vertex 76.1813 8.95 -18.38
      vertex 76.1813 8.95 -18.4
    endloop
  endfacet
  facet normal 0.555792 -0.831322 0
    outer loop
      vertex 76.7216 11.666 -18.4
      vertex 76.95 11.8187 -18.38
      vertex 76.7216 11.666 -18.38
    endloop
  endfacet
  facet normal 0.555792 -0.831322 0
    outer loop
      vertex 76.95 11.8187 -18.38
      vertex 76.7216 11.666 -18.4
      vertex 76.95 11.8187 -18.4
    endloop
  endfacet
  facet normal 0.997851 0.0655259 0
    outer loop
      vertex 75.918 9.72589 -18.38
      vertex 75.9 10 -18.4
      vertex 75.9 10 -18.38
    endloop
  endfacet
  facet normal 0.997851 0.0655259 0
    outer loop
      vertex 75.9 10 -18.4
      vertex 75.918 9.72589 -18.38
      vertex 75.918 9.72589 -18.4
    endloop
  endfacet
  facet normal 0.980776 -0.195136 0
    outer loop
      vertex 75.918 10.2741 -18.38
      vertex 75.9716 10.5435 -18.4
      vertex 75.9716 10.5435 -18.38
    endloop
  endfacet
  facet normal 0.980776 -0.195136 0
    outer loop
      vertex 75.9716 10.5435 -18.4
      vertex 75.918 10.2741 -18.38
      vertex 75.918 10.2741 -18.4
    endloop
  endfacet
  facet normal -0.441964 -0.897033 0
    outer loop
      vertex 78.8036 11.9401 -18.4
      vertex 79.05 11.8187 -18.38
      vertex 78.8036 11.9401 -18.38
    endloop
  endfacet
  facet normal -0.441964 -0.897033 -0
    outer loop
      vertex 79.05 11.8187 -18.38
      vertex 78.8036 11.9401 -18.4
      vertex 79.05 11.8187 -18.4
    endloop
  endfacet
  facet normal -0.659355 -0.751832 0
    outer loop
      vertex 79.2784 11.666 -18.4
      vertex 79.4849 11.4849 -18.38
      vertex 79.2784 11.666 -18.38
    endloop
  endfacet
  facet normal -0.659355 -0.751832 -0
    outer loop
      vertex 79.4849 11.4849 -18.38
      vertex 79.2784 11.666 -18.4
      vertex 79.4849 11.4849 -18.4
    endloop
  endfacet
  facet normal -0.946921 -0.321465 0
    outer loop
      vertex 80.0284 10.5435 -18.4
      vertex 79.9401 10.8036 -18.38
      vertex 79.9401 10.8036 -18.4
    endloop
  endfacet
  facet normal -0.946921 -0.321465 0
    outer loop
      vertex 79.9401 10.8036 -18.38
      vertex 80.0284 10.5435 -18.4
      vertex 80.0284 10.5435 -18.38
    endloop
  endfacet
  facet normal -0.980776 -0.195136 0
    outer loop
      vertex 80.082 10.2741 -18.4
      vertex 80.0284 10.5435 -18.38
      vertex 80.0284 10.5435 -18.4
    endloop
  endfacet
  facet normal -0.980776 -0.195136 0
    outer loop
      vertex 80.0284 10.5435 -18.38
      vertex 80.082 10.2741 -18.4
      vertex 80.082 10.2741 -18.38
    endloop
  endfacet
  facet normal 0.321433 0.946932 -0
    outer loop
      vertex 77.4565 7.97156 -18.4
      vertex 77.1964 8.05985 -18.38
      vertex 77.4565 7.97156 -18.38
    endloop
  endfacet
  facet normal 0.321433 0.946932 0
    outer loop
      vertex 77.1964 8.05985 -18.38
      vertex 77.4565 7.97156 -18.4
      vertex 77.1964 8.05985 -18.4
    endloop
  endfacet
  facet normal -0.997851 -0.0655283 0
    outer loop
      vertex 80.1 10 -18.4
      vertex 80.082 10.2741 -18.38
      vertex 80.082 10.2741 -18.4
    endloop
  endfacet
  facet normal -0.997851 -0.0655283 0
    outer loop
      vertex 80.082 10.2741 -18.38
      vertex 80.1 10 -18.4
      vertex 80.1 10 -18.38
    endloop
  endfacet
  facet normal -0.83149 0.55554 0
    outer loop
      vertex 79.666 8.7216 -18.4
      vertex 79.8186 8.95 -18.38
      vertex 79.8186 8.95 -18.4
    endloop
  endfacet
  facet normal -0.83149 0.55554 0
    outer loop
      vertex 79.8186 8.95 -18.38
      vertex 79.666 8.7216 -18.4
      vertex 79.666 8.7216 -18.38
    endloop
  endfacet
  facet normal -0.997851 0.0655259 0
    outer loop
      vertex 80.082 9.72589 -18.4
      vertex 80.1 10 -18.38
      vertex 80.1 10 -18.4
    endloop
  endfacet
  facet normal -0.997851 0.0655259 0
    outer loop
      vertex 80.1 10 -18.38
      vertex 80.082 9.72589 -18.4
      vertex 80.082 9.72589 -18.38
    endloop
  endfacet
  facet normal -0.896889 -0.442256 0
    outer loop
      vertex 79.9401 10.8036 -18.4
      vertex 79.8186 11.05 -18.38
      vertex 79.8186 11.05 -18.4
    endloop
  endfacet
  facet normal -0.896889 -0.442256 0
    outer loop
      vertex 79.8186 11.05 -18.38
      vertex 79.9401 10.8036 -18.4
      vertex 79.9401 10.8036 -18.38
    endloop
  endfacet
  facet normal 0.946929 0.321443 0
    outer loop
      vertex 76.0599 9.19636 -18.38
      vertex 75.9716 9.45648 -18.4
      vertex 75.9716 9.45648 -18.38
    endloop
  endfacet
  facet normal 0.946929 0.321443 0
    outer loop
      vertex 75.9716 9.45648 -18.4
      vertex 76.0599 9.19636 -18.38
      vertex 76.0599 9.19636 -18.4
    endloop
  endfacet
  facet normal -0.195136 0.980776 0
    outer loop
      vertex 78.5435 7.97156 -18.4
      vertex 78.2741 7.91796 -18.38
      vertex 78.5435 7.97156 -18.38
    endloop
  endfacet
  facet normal -0.195136 0.980776 0
    outer loop
      vertex 78.2741 7.91796 -18.38
      vertex 78.5435 7.97156 -18.4
      vertex 78.2741 7.91796 -18.4
    endloop
  endfacet
  facet normal -0.980778 0.195129 0
    outer loop
      vertex 80.0284 9.45648 -18.4
      vertex 80.082 9.72589 -18.38
      vertex 80.082 9.72589 -18.4
    endloop
  endfacet
  facet normal -0.980778 0.195129 0
    outer loop
      vertex 80.082 9.72589 -18.38
      vertex 80.0284 9.45648 -18.4
      vertex 80.0284 9.45648 -18.38
    endloop
  endfacet
  facet normal 0.659355 -0.751832 0
    outer loop
      vertex 76.5151 11.4849 -18.4
      vertex 76.7216 11.666 -18.38
      vertex 76.5151 11.4849 -18.38
    endloop
  endfacet
  facet normal 0.659355 -0.751832 0
    outer loop
      vertex 76.7216 11.666 -18.38
      vertex 76.5151 11.4849 -18.4
      vertex 76.7216 11.666 -18.4
    endloop
  endfacet
  facet normal 0.659396 0.751796 -0
    outer loop
      vertex 76.7216 8.33396 -18.4
      vertex 76.5151 8.51508 -18.38
      vertex 76.7216 8.33396 -18.38
    endloop
  endfacet
  facet normal 0.659396 0.751796 0
    outer loop
      vertex 76.5151 8.51508 -18.38
      vertex 76.7216 8.33396 -18.4
      vertex 76.5151 8.51508 -18.4
    endloop
  endfacet
  facet normal -0.751864 0.659319 0
    outer loop
      vertex 79.4849 8.51508 -18.4
      vertex 79.666 8.7216 -18.38
      vertex 79.666 8.7216 -18.4
    endloop
  endfacet
  facet normal -0.751864 0.659319 0
    outer loop
      vertex 79.666 8.7216 -18.38
      vertex 79.4849 8.51508 -18.4
      vertex 79.4849 8.51508 -18.38
    endloop
  endfacet
  facet normal -0.659396 0.751796 0
    outer loop
      vertex 79.4849 8.51508 -18.4
      vertex 79.2784 8.33396 -18.38
      vertex 79.4849 8.51508 -18.38
    endloop
  endfacet
  facet normal -0.659396 0.751796 0
    outer loop
      vertex 79.2784 8.33396 -18.38
      vertex 79.4849 8.51508 -18.4
      vertex 79.2784 8.33396 -18.4
    endloop
  endfacet
  facet normal -0.555565 0.831473 0
    outer loop
      vertex 79.2784 8.33396 -18.4
      vertex 79.05 8.18135 -18.38
      vertex 79.2784 8.33396 -18.38
    endloop
  endfacet
  facet normal -0.555565 0.831473 0
    outer loop
      vertex 79.05 8.18135 -18.38
      vertex 79.2784 8.33396 -18.4
      vertex 79.05 8.18135 -18.4
    endloop
  endfacet
  facet normal -0.83149 -0.55554 0
    outer loop
      vertex 79.8186 11.05 -18.4
      vertex 79.666 11.2784 -18.38
      vertex 79.666 11.2784 -18.4
    endloop
  endfacet
  facet normal -0.83149 -0.55554 0
    outer loop
      vertex 79.666 11.2784 -18.38
      vertex 79.8186 11.05 -18.4
      vertex 79.8186 11.05 -18.38
    endloop
  endfacet
  facet normal -0.442256 0.896889 0
    outer loop
      vertex 79.05 8.18135 -18.4
      vertex 78.8036 8.05985 -18.38
      vertex 79.05 8.18135 -18.38
    endloop
  endfacet
  facet normal -0.442256 0.896889 0
    outer loop
      vertex 78.8036 8.05985 -18.38
      vertex 79.05 8.18135 -18.4
      vertex 78.8036 8.05985 -18.4
    endloop
  endfacet
  facet normal -0.946929 -0.321443 0
    outer loop
      vertex 76.4889 3.88229 -12.41
      vertex 75.8582 5.74025 -0.0861816
      vertex 75.8582 5.74025 -12.41
    endloop
  endfacet
  facet normal -0.946929 -0.321443 0
    outer loop
      vertex 75.8582 5.74025 -0.0861816
      vertex 76.4889 3.88229 -12.41
      vertex 76.4889 3.88229 -0.0861816
    endloop
  endfacet
  facet normal 0.896875 -0.442283 0
    outer loop
      vertex 48.1418 5.74025 -0.0861816
      vertex 49.0096 7.5 -12.41
      vertex 49.0096 7.5 -0.0861816
    endloop
  endfacet
  facet normal 0.896875 -0.442283 0
    outer loop
      vertex 49.0096 7.5 -12.41
      vertex 48.1418 5.74025 -0.0861816
      vertex 48.1418 5.74025 -12.41
    endloop
  endfacet
  facet normal 0.0653344 -0.997863 0
    outer loop
      vertex 60.0421 14.8717 -12.41
      vertex 60.6851 14.9138 -7
      vertex 60.0421 14.8717 -6.7339
    endloop
  endfacet
  facet normal 0.0653344 -0.997863 0
    outer loop
      vertex 60.6851 14.9138 -7
      vertex 60.0421 14.8717 -12.41
      vertex 60.6851 14.9138 -12.41
    endloop
  endfacet
  facet normal 0.659341 -0.751844 0
    outer loop
      vertex 51.3934 10.6066 -12.41
      vertex 52.8686 11.9003 -1.32328
      vertex 51.3934 10.6066 -0.664104
    endloop
  endfacet
  facet normal 0.659341 -0.751844 0
    outer loop
      vertex 52.8686 11.9003 -1.32328
      vertex 51.3934 10.6066 -12.41
      vertex 52.8686 11.9003 -12.41
    endloop
  endfacet
  facet normal -0.99786 -0.0653895 0
    outer loop
      vertex 77 0 -12.41
      vertex 76.8717 1.95789 -0.0861816
      vertex 76.8717 1.95789 -12.41
    endloop
  endfacet
  facet normal -0.99786 -0.0653895 0
    outer loop
      vertex 76.8717 1.95789 -0.0861816
      vertex 77 0 -12.41
      vertex 77 0 -0.0861816
    endloop
  endfacet
  facet normal -0.442293 0.89687 3.90225e-05
    outer loop
      vertex 69.5 -12.9904 -2.33314
      vertex 67.7402 -13.8582 -3.45585
      vertex 68.2772 -13.5934 -2.93616
    endloop
  endfacet
  facet normal -0.442273 0.89688 0
    outer loop
      vertex 69.5 -12.9904 -12.41
      vertex 67.7402 -13.8582 -3.45585
      vertex 69.5 -12.9904 -2.33314
    endloop
  endfacet
  facet normal -0.442273 0.89688 0
    outer loop
      vertex 67.7402 -13.8582 -3.45585
      vertex 69.5 -12.9904 -12.41
      vertex 67.7402 -13.8582 -12.41
    endloop
  endfacet
  facet normal -0.896875 -0.442283 0
    outer loop
      vertex 75.8582 5.74025 -12.41
      vertex 74.9904 7.5 -0.0861816
      vertex 74.9904 7.5 -12.41
    endloop
  endfacet
  facet normal -0.896875 -0.442283 0
    outer loop
      vertex 74.9904 7.5 -0.0861816
      vertex 75.8582 5.74025 -12.41
      vertex 75.8582 5.74025 -0.0861816
    endloop
  endfacet
  facet normal 0.442293 -0.89687 3.90225e-05
    outer loop
      vertex 54.5 12.9904 -2.33314
      vertex 56.2598 13.8582 -3.45585
      vertex 55.7228 13.5934 -2.93616
    endloop
  endfacet
  facet normal 0.442273 -0.89688 0
    outer loop
      vertex 54.5 12.9904 -12.41
      vertex 56.2598 13.8582 -3.45585
      vertex 54.5 12.9904 -2.33314
    endloop
  endfacet
  facet normal 0.442273 -0.89688 0
    outer loop
      vertex 56.2598 13.8582 -3.45585
      vertex 54.5 12.9904 -12.41
      vertex 56.2598 13.8582 -12.41
    endloop
  endfacet
  facet normal -0.321452 0.946926 0
    outer loop
      vertex 67.7402 -13.8582 -12.41
      vertex 65.8823 -14.4889 -4.69366
      vertex 67.7402 -13.8582 -3.45585
    endloop
  endfacet
  facet normal -0.321452 0.946926 0
    outer loop
      vertex 65.8823 -14.4889 -4.69366
      vertex 67.7402 -13.8582 -12.41
      vertex 65.8823 -14.4889 -12.41
    endloop
  endfacet
  facet normal -0.980784 0.195097 0
    outer loop
      vertex 76.4889 -3.88229 -12.41
      vertex 76.8717 -1.95789 -0.0861816
      vertex 76.8717 -1.95789 -12.41
    endloop
  endfacet
  facet normal -0.980784 0.195097 0
    outer loop
      vertex 76.8717 -1.95789 -0.0861816
      vertex 76.4889 -3.88229 -12.41
      vertex 76.4889 -3.88229 -0.0861816
    endloop
  endfacet
  facet normal 0.99786 0.0653895 0
    outer loop
      vertex 47.1283 -1.95789 -0.0861816
      vertex 47 0 -12.41
      vertex 47 0 -0.0861816
    endloop
  endfacet
  facet normal 0.99786 0.0653895 0
    outer loop
      vertex 47 0 -12.41
      vertex 47.1283 -1.95789 -0.0861816
      vertex 47.1283 -1.95789 -12.41
    endloop
  endfacet
  facet normal 0.321452 -0.946926 0
    outer loop
      vertex 56.2598 13.8582 -12.41
      vertex 58.1177 14.4889 -4.69366
      vertex 56.2598 13.8582 -3.45585
    endloop
  endfacet
  facet normal 0.321452 -0.946926 0
    outer loop
      vertex 58.1177 14.4889 -4.69366
      vertex 56.2598 13.8582 -12.41
      vertex 58.1177 14.4889 -12.41
    endloop
  endfacet
  facet normal 0.555539 0.831491 -0.000101483
    outer loop
      vertex 54.5 -12.9904 -2.33314
      vertex 52.8686 -11.9003 -1.32328
      vertex 53.1133 -12.0638 -1.4066
    endloop
  endfacet
  facet normal 0.555582 0.831462 0
    outer loop
      vertex 52.8686 -11.9003 -12.41
      vertex 54.5 -12.9904 -2.33314
      vertex 54.5 -12.9904 -12.41
    endloop
  endfacet
  facet normal 0.555582 0.831462 0
    outer loop
      vertex 54.5 -12.9904 -2.33314
      vertex 52.8686 -11.9003 -12.41
      vertex 52.8686 -11.9003 -1.32328
    endloop
  endfacet
  facet normal 0.442293 0.89687 3.90225e-05
    outer loop
      vertex 56.2598 -13.8582 -3.45585
      vertex 54.5 -12.9904 -2.33314
      vertex 55.7228 -13.5934 -2.93616
    endloop
  endfacet
  facet normal 0.442273 0.89688 0
    outer loop
      vertex 54.5 -12.9904 -12.41
      vertex 56.2598 -13.8582 -3.45585
      vertex 56.2598 -13.8582 -12.41
    endloop
  endfacet
  facet normal 0.442273 0.89688 0
    outer loop
      vertex 56.2598 -13.8582 -3.45585
      vertex 54.5 -12.9904 -12.41
      vertex 54.5 -12.9904 -2.33314
    endloop
  endfacet
  facet normal -0.751839 0.659346 0
    outer loop
      vertex 72.6066 -10.6066 -0.664103
      vertex 73.9003 -9.13142 -0.265381
      vertex 73.9003 -9.13142 -12.41
    endloop
  endfacet
  facet normal -0.751839 0.659346 0
    outer loop
      vertex 72.6066 -10.6066 -0.664103
      vertex 73.9003 -9.13142 -12.41
      vertex 72.6066 -10.6066 -12.41
    endloop
  endfacet
  facet normal -0.751869 0.659313 0.000219074
    outer loop
      vertex 73.9003 -9.13142 -0.265381
      vertex 72.6066 -10.6066 -0.664103
      vertex 73.0189 -10.1365 -0.424568
    endloop
  endfacet
  facet normal -0.194926 -0.980818 -0.000167326
    outer loop
      vertex 63.9579 14.8717 -6.7339
      vertex 65.8823 14.4889 -4.69366
      vertex 65.4472 14.5754 -4.86351
    endloop
  endfacet
  facet normal -0.195097 -0.980784 0
    outer loop
      vertex 65.8823 14.4889 -12.41
      vertex 63.9579 14.8717 -6.7339
      vertex 63.9579 14.8717 -12.41
    endloop
  endfacet
  facet normal -0.195097 -0.980784 0
    outer loop
      vertex 63.9579 14.8717 -6.7339
      vertex 65.8823 14.4889 -12.41
      vertex 65.8823 14.4889 -4.69366
    endloop
  endfacet
  facet normal -0.831465 0.555577 0
    outer loop
      vertex 73.9003 -9.13142 -0.265381
      vertex 74.9904 -7.5 -0.0861816
      vertex 74.9904 -7.5 -12.41
    endloop
  endfacet
  facet normal -0.831465 0.555577 0
    outer loop
      vertex 73.9003 -9.13142 -0.265381
      vertex 74.9904 -7.5 -12.41
      vertex 73.9003 -9.13142 -12.41
    endloop
  endfacet
  facet normal -0.831461 0.555583 -6.88742e-05
    outer loop
      vertex 74.9904 -7.5 -0.0861816
      vertex 73.9003 -9.13142 -0.265381
      vertex 74.6563 -8 -0.0861816
    endloop
  endfacet
  facet normal -0.555539 -0.831491 -0.000101483
    outer loop
      vertex 69.5 12.9904 -2.33314
      vertex 71.1314 11.9003 -1.32328
      vertex 70.8867 12.0638 -1.4066
    endloop
  endfacet
  facet normal -0.555582 -0.831462 0
    outer loop
      vertex 71.1314 11.9003 -12.41
      vertex 69.5 12.9904 -2.33314
      vertex 69.5 12.9904 -12.41
    endloop
  endfacet
  facet normal -0.555582 -0.831462 0
    outer loop
      vertex 69.5 12.9904 -2.33314
      vertex 71.1314 11.9003 -12.41
      vertex 71.1314 11.9003 -1.32328
    endloop
  endfacet
  facet normal -0.659341 0.751844 0
    outer loop
      vertex 72.6066 -10.6066 -12.41
      vertex 71.1314 -11.9003 -1.32328
      vertex 72.6066 -10.6066 -0.664103
    endloop
  endfacet
  facet normal -0.659341 0.751844 0
    outer loop
      vertex 71.1314 -11.9003 -1.32328
      vertex 72.6066 -10.6066 -12.41
      vertex 71.1314 -11.9003 -12.41
    endloop
  endfacet
  facet normal 0.751869 0.659313 0.000219074
    outer loop
      vertex 51.3934 -10.6066 -0.664103
      vertex 50.0997 -9.13142 -0.265381
      vertex 50.9811 -10.1365 -0.424568
    endloop
  endfacet
  facet normal 0.751839 0.659346 0
    outer loop
      vertex 50.0997 -9.13142 -0.265381
      vertex 51.3934 -10.6066 -0.664103
      vertex 50.0997 -9.13142 -12.41
    endloop
  endfacet
  facet normal 0.751839 0.659346 0
    outer loop
      vertex 50.0997 -9.13142 -12.41
      vertex 51.3934 -10.6066 -0.664103
      vertex 51.3934 -10.6066 -12.41
    endloop
  endfacet
  facet normal -0.555539 0.831491 -0.000101483
    outer loop
      vertex 71.1314 -11.9003 -1.32328
      vertex 69.5 -12.9904 -2.33314
      vertex 70.8867 -12.0638 -1.4066
    endloop
  endfacet
  facet normal -0.555582 0.831462 0
    outer loop
      vertex 71.1314 -11.9003 -12.41
      vertex 69.5 -12.9904 -2.33314
      vertex 71.1314 -11.9003 -1.32328
    endloop
  endfacet
  facet normal -0.555582 0.831462 0
    outer loop
      vertex 69.5 -12.9904 -2.33314
      vertex 71.1314 -11.9003 -12.41
      vertex 69.5 -12.9904 -12.41
    endloop
  endfacet
  facet normal -0.831465 -0.555577 0
    outer loop
      vertex 74.9904 7.5 -12.41
      vertex 73.9003 9.13142 -0.265381
      vertex 73.9003 9.13142 -12.41
    endloop
  endfacet
  facet normal -0.831465 -0.555577 -0
    outer loop
      vertex 74.9904 7.5 -0.0861816
      vertex 73.9003 9.13142 -0.265381
      vertex 74.9904 7.5 -12.41
    endloop
  endfacet
  facet normal -0.831461 -0.555583 -6.88742e-05
    outer loop
      vertex 73.9003 9.13142 -0.265381
      vertex 74.9904 7.5 -0.0861816
      vertex 74.6563 8 -0.0861816
    endloop
  endfacet
  facet normal 0.659341 0.751844 0
    outer loop
      vertex 51.3934 -10.6066 -12.41
      vertex 52.8686 -11.9003 -1.32328
      vertex 52.8686 -11.9003 -12.41
    endloop
  endfacet
  facet normal 0.659341 0.751844 0
    outer loop
      vertex 52.8686 -11.9003 -1.32328
      vertex 51.3934 -10.6066 -12.41
      vertex 51.3934 -10.6066 -0.664103
    endloop
  endfacet
  facet normal 0.555539 -0.831491 -0.000101483
    outer loop
      vertex 52.8686 11.9003 -1.32328
      vertex 54.5 12.9904 -2.33314
      vertex 53.1133 12.0638 -1.4066
    endloop
  endfacet
  facet normal 0.555582 -0.831462 0
    outer loop
      vertex 52.8686 11.9003 -12.41
      vertex 54.5 12.9904 -2.33314
      vertex 52.8686 11.9003 -1.32328
    endloop
  endfacet
  facet normal 0.555582 -0.831462 0
    outer loop
      vertex 54.5 12.9904 -2.33314
      vertex 52.8686 11.9003 -12.41
      vertex 54.5 12.9904 -12.41
    endloop
  endfacet
  facet normal -0.442293 -0.89687 3.90225e-05
    outer loop
      vertex 67.7402 13.8582 -3.45585
      vertex 69.5 12.9904 -2.33314
      vertex 68.2772 13.5934 -2.93616
    endloop
  endfacet
  facet normal -0.442273 -0.89688 0
    outer loop
      vertex 69.5 12.9904 -12.41
      vertex 67.7402 13.8582 -3.45585
      vertex 67.7402 13.8582 -12.41
    endloop
  endfacet
  facet normal -0.442273 -0.89688 0
    outer loop
      vertex 67.7402 13.8582 -3.45585
      vertex 69.5 12.9904 -12.41
      vertex 69.5 12.9904 -2.33314
    endloop
  endfacet
  facet normal -0.751839 -0.659346 0
    outer loop
      vertex 73.9003 9.13142 -12.41
      vertex 72.6066 10.6066 -0.664104
      vertex 72.6066 10.6066 -12.41
    endloop
  endfacet
  facet normal -0.751839 -0.659346 -0
    outer loop
      vertex 73.9003 9.13142 -0.265381
      vertex 72.6066 10.6066 -0.664104
      vertex 73.9003 9.13142 -12.41
    endloop
  endfacet
  facet normal -0.751869 -0.659313 0.000219073
    outer loop
      vertex 72.6066 10.6066 -0.664104
      vertex 73.9003 9.13142 -0.265381
      vertex 73.0189 10.1365 -0.424568
    endloop
  endfacet
  facet normal -0.659341 -0.751844 0
    outer loop
      vertex 72.6066 10.6066 -12.41
      vertex 71.1314 11.9003 -1.32328
      vertex 71.1314 11.9003 -12.41
    endloop
  endfacet
  facet normal -0.659341 -0.751844 0
    outer loop
      vertex 71.1314 11.9003 -1.32328
      vertex 72.6066 10.6066 -12.41
      vertex 72.6066 10.6066 -0.664104
    endloop
  endfacet
  facet normal -0.896875 0.442283 0
    outer loop
      vertex 74.9904 -7.5 -12.41
      vertex 75.8582 -5.74025 -0.0861816
      vertex 75.8582 -5.74025 -12.41
    endloop
  endfacet
  facet normal -0.896875 0.442283 0
    outer loop
      vertex 75.8582 -5.74025 -0.0861816
      vertex 74.9904 -7.5 -12.41
      vertex 74.9904 -7.5 -0.0861816
    endloop
  endfacet
  facet normal 0.831461 0.555583 -6.88742e-05
    outer loop
      vertex 50.0997 -9.13142 -0.265381
      vertex 49.0096 -7.5 -0.0861816
      vertex 49.3437 -8 -0.0861816
    endloop
  endfacet
  facet normal 0.831465 0.555577 0
    outer loop
      vertex 49.0096 -7.5 -0.0861816
      vertex 50.0997 -9.13142 -0.265381
      vertex 49.0096 -7.5 -12.41
    endloop
  endfacet
  facet normal 0.831465 0.555577 0
    outer loop
      vertex 49.0096 -7.5 -12.41
      vertex 50.0997 -9.13142 -0.265381
      vertex 50.0997 -9.13142 -12.41
    endloop
  endfacet
  facet normal 0.980784 0.195097 0
    outer loop
      vertex 47.5111 -3.88229 -0.0861816
      vertex 47.1283 -1.95789 -12.41
      vertex 47.1283 -1.95789 -0.0861816
    endloop
  endfacet
  facet normal 0.980784 0.195097 0
    outer loop
      vertex 47.1283 -1.95789 -12.41
      vertex 47.5111 -3.88229 -0.0861816
      vertex 47.5111 -3.88229 -12.41
    endloop
  endfacet
  facet normal -0.980784 -0.195097 0
    outer loop
      vertex 76.8717 1.95789 -12.41
      vertex 76.4889 3.88229 -0.0861816
      vertex 76.4889 3.88229 -12.41
    endloop
  endfacet
  facet normal -0.980784 -0.195097 0
    outer loop
      vertex 76.4889 3.88229 -0.0861816
      vertex 76.8717 1.95789 -12.41
      vertex 76.8717 1.95789 -0.0861816
    endloop
  endfacet
  facet normal -0.99786 0.0653895 0
    outer loop
      vertex 76.8717 -1.95789 -12.41
      vertex 77 0 -0.0861816
      vertex 77 0 -12.41
    endloop
  endfacet
  facet normal -0.99786 0.0653895 0
    outer loop
      vertex 77 0 -0.0861816
      vertex 76.8717 -1.95789 -12.41
      vertex 76.8717 -1.95789 -0.0861816
    endloop
  endfacet
  facet normal -0.0653344 -0.997863 0
    outer loop
      vertex 63.9579 14.8717 -12.41
      vertex 63.3149 14.9138 -7
      vertex 63.3149 14.9138 -12.41
    endloop
  endfacet
  facet normal -0.0653344 -0.997863 0
    outer loop
      vertex 63.3149 14.9138 -7
      vertex 63.9579 14.8717 -12.41
      vertex 63.9579 14.8717 -6.7339
    endloop
  endfacet
  facet normal -0.194926 0.980818 -0.000167326
    outer loop
      vertex 65.8823 -14.4889 -4.69366
      vertex 63.9579 -14.8717 -6.7339
      vertex 65.4472 -14.5754 -4.86351
    endloop
  endfacet
  facet normal -0.195097 0.980784 0
    outer loop
      vertex 65.8823 -14.4889 -12.41
      vertex 63.9579 -14.8717 -6.7339
      vertex 65.8823 -14.4889 -4.69366
    endloop
  endfacet
  facet normal -0.195097 0.980784 0
    outer loop
      vertex 63.9579 -14.8717 -6.7339
      vertex 65.8823 -14.4889 -12.41
      vertex 63.9579 -14.8717 -12.41
    endloop
  endfacet
  facet normal -0.0653344 0.997863 0
    outer loop
      vertex 63.9579 -14.8717 -12.41
      vertex 63.3149 -14.9138 -7
      vertex 63.9579 -14.8717 -6.7339
    endloop
  endfacet
  facet normal -0.0653344 0.997863 0
    outer loop
      vertex 63.3149 -14.9138 -7
      vertex 63.9579 -14.8717 -12.41
      vertex 63.3149 -14.9138 -12.41
    endloop
  endfacet
  facet normal 0.0653344 0.997863 0
    outer loop
      vertex 60.0421 -14.8717 -12.41
      vertex 60.6851 -14.9138 -7
      vertex 60.6851 -14.9138 -12.41
    endloop
  endfacet
  facet normal 0.0653344 0.997863 0
    outer loop
      vertex 60.6851 -14.9138 -7
      vertex 60.0421 -14.8717 -12.41
      vertex 60.0421 -14.8717 -6.7339
    endloop
  endfacet
  facet normal 0.751869 -0.659313 0.000219073
    outer loop
      vertex 50.0997 9.13142 -0.265381
      vertex 51.3934 10.6066 -0.664104
      vertex 50.9811 10.1365 -0.424568
    endloop
  endfacet
  facet normal 0.751839 -0.659346 0
    outer loop
      vertex 51.3934 10.6066 -0.664104
      vertex 50.0997 9.13142 -0.265381
      vertex 50.0997 9.13142 -12.41
    endloop
  endfacet
  facet normal 0.751839 -0.659346 0
    outer loop
      vertex 51.3934 10.6066 -0.664104
      vertex 50.0997 9.13142 -12.41
      vertex 51.3934 10.6066 -12.41
    endloop
  endfacet
  facet normal -0.946929 0.321443 0
    outer loop
      vertex 75.8582 -5.74025 -12.41
      vertex 76.4889 -3.88229 -0.0861816
      vertex 76.4889 -3.88229 -12.41
    endloop
  endfacet
  facet normal -0.946929 0.321443 0
    outer loop
      vertex 76.4889 -3.88229 -0.0861816
      vertex 75.8582 -5.74025 -12.41
      vertex 75.8582 -5.74025 -0.0861816
    endloop
  endfacet
  facet normal -0.321452 -0.946926 0
    outer loop
      vertex 67.7402 13.8582 -12.41
      vertex 65.8823 14.4889 -4.69366
      vertex 65.8823 14.4889 -12.41
    endloop
  endfacet
  facet normal -0.321452 -0.946926 0
    outer loop
      vertex 65.8823 14.4889 -4.69366
      vertex 67.7402 13.8582 -12.41
      vertex 67.7402 13.8582 -3.45585
    endloop
  endfacet
  facet normal 0.946929 -0.321443 0
    outer loop
      vertex 47.5111 3.88229 -0.0861816
      vertex 48.1418 5.74025 -12.41
      vertex 48.1418 5.74025 -0.0861816
    endloop
  endfacet
  facet normal 0.946929 -0.321443 0
    outer loop
      vertex 48.1418 5.74025 -12.41
      vertex 47.5111 3.88229 -0.0861816
      vertex 47.5111 3.88229 -12.41
    endloop
  endfacet
  facet normal 0.896875 0.442283 0
    outer loop
      vertex 49.0096 -7.5 -0.0861816
      vertex 48.1418 -5.74025 -12.41
      vertex 48.1418 -5.74025 -0.0861816
    endloop
  endfacet
  facet normal 0.896875 0.442283 0
    outer loop
      vertex 48.1418 -5.74025 -12.41
      vertex 49.0096 -7.5 -0.0861816
      vertex 49.0096 -7.5 -12.41
    endloop
  endfacet
  facet normal 0.194926 -0.980818 -0.000167326
    outer loop
      vertex 58.1177 14.4889 -4.69366
      vertex 60.0421 14.8717 -6.7339
      vertex 58.5528 14.5754 -4.86351
    endloop
  endfacet
  facet normal 0.195097 -0.980784 0
    outer loop
      vertex 58.1177 14.4889 -12.41
      vertex 60.0421 14.8717 -6.7339
      vertex 58.1177 14.4889 -4.69366
    endloop
  endfacet
  facet normal 0.195097 -0.980784 0
    outer loop
      vertex 60.0421 14.8717 -6.7339
      vertex 58.1177 14.4889 -12.41
      vertex 60.0421 14.8717 -12.41
    endloop
  endfacet
  facet normal 0.980784 -0.195097 0
    outer loop
      vertex 47.1283 1.95789 -0.0861816
      vertex 47.5111 3.88229 -12.41
      vertex 47.5111 3.88229 -0.0861816
    endloop
  endfacet
  facet normal 0.980784 -0.195097 0
    outer loop
      vertex 47.5111 3.88229 -12.41
      vertex 47.1283 1.95789 -0.0861816
      vertex 47.1283 1.95789 -12.41
    endloop
  endfacet
  facet normal 0.321452 0.946926 0
    outer loop
      vertex 56.2598 -13.8582 -12.41
      vertex 58.1177 -14.4889 -4.69366
      vertex 58.1177 -14.4889 -12.41
    endloop
  endfacet
  facet normal 0.321452 0.946926 0
    outer loop
      vertex 58.1177 -14.4889 -4.69366
      vertex 56.2598 -13.8582 -12.41
      vertex 56.2598 -13.8582 -3.45585
    endloop
  endfacet
  facet normal 0 0 1
    outer loop
      vertex 68.5 0 -12.41
      vertex 77 0 -12.41
      vertex 76.8717 1.95789 -12.41
    endloop
  endfacet
  facet normal 0 0 1
    outer loop
      vertex 68.4444 0.84842 -12.41
      vertex 76.8717 1.95789 -12.41
      vertex 76.4889 3.88229 -12.41
    endloop
  endfacet
  facet normal 0 0 1
    outer loop
      vertex 77 0 -12.41
      vertex 68.5 0 -12.41
      vertex 76.8717 -1.95789 -12.41
    endloop
  endfacet
  facet normal 0 0 1
    outer loop
      vertex 68.2785 1.68232 -12.41
      vertex 76.4889 3.88229 -12.41
      vertex 75.8582 5.74025 -12.41
    endloop
  endfacet
  facet normal -0 0 1
    outer loop
      vertex 68.4444 -0.84842 -12.41
      vertex 76.8717 -1.95789 -12.41
      vertex 68.5 0 -12.41
    endloop
  endfacet
  facet normal 0 0 1
    outer loop
      vertex 68.0052 2.48744 -12.41
      vertex 75.8582 5.74025 -12.41
      vertex 74.9904 7.5 -12.41
    endloop
  endfacet
  facet normal 0 0 1
    outer loop
      vertex 76.8717 -1.95789 -12.41
      vertex 68.4444 -0.84842 -12.41
      vertex 76.4889 -3.88229 -12.41
    endloop
  endfacet
  facet normal 0 0 1
    outer loop
      vertex 67.6292 3.25 -12.41
      vertex 74.9904 7.5 -12.41
      vertex 73.9003 9.13142 -12.41
    endloop
  endfacet
  facet normal -0 0 1
    outer loop
      vertex 68.2785 -1.68232 -12.41
      vertex 76.4889 -3.88229 -12.41
      vertex 68.4444 -0.84842 -12.41
    endloop
  endfacet
  facet normal 0 0 1
    outer loop
      vertex 67.1568 3.95695 -12.41
      vertex 73.9003 9.13142 -12.41
      vertex 72.6066 10.6066 -12.41
    endloop
  endfacet
  facet normal 0 0 1
    outer loop
      vertex 76.4889 -3.88229 -12.41
      vertex 68.2785 -1.68232 -12.41
      vertex 75.8582 -5.74025 -12.41
    endloop
  endfacet
  facet normal 0 0 1
    outer loop
      vertex 66.5962 4.59619 -12.41
      vertex 72.6066 10.6066 -12.41
      vertex 71.1314 11.9003 -12.41
    endloop
  endfacet
  facet normal -0 0 1
    outer loop
      vertex 68.0052 -2.48744 -12.41
      vertex 75.8582 -5.74025 -12.41
      vertex 68.2785 -1.68232 -12.41
    endloop
  endfacet
  facet normal 0 0 1
    outer loop
      vertex 65.9569 5.1568 -12.41
      vertex 71.1314 11.9003 -12.41
      vertex 69.5 12.9904 -12.41
    endloop
  endfacet
  facet normal 0 0 1
    outer loop
      vertex 75.8582 -5.74025 -12.41
      vertex 68.0052 -2.48744 -12.41
      vertex 74.9904 -7.5 -12.41
    endloop
  endfacet
  facet normal -0 0 1
    outer loop
      vertex 67.6292 -3.25 -12.41
      vertex 74.9904 -7.5 -12.41
      vertex 68.0052 -2.48744 -12.41
    endloop
  endfacet
  facet normal 0 0 1
    outer loop
      vertex 76.8717 1.95789 -12.41
      vertex 68.4444 0.84842 -12.41
      vertex 68.5 0 -12.41
    endloop
  endfacet
  facet normal 0 0 1
    outer loop
      vertex 76.4889 3.88229 -12.41
      vertex 68.2785 1.68232 -12.41
      vertex 68.4444 0.84842 -12.41
    endloop
  endfacet
  facet normal 0 0 1
    outer loop
      vertex 75.8582 5.74025 -12.41
      vertex 68.0052 2.48744 -12.41
      vertex 68.2785 1.68232 -12.41
    endloop
  endfacet
  facet normal 0 0 1
    outer loop
      vertex 65.25 5.62916 -12.41
      vertex 69.5 12.9904 -12.41
      vertex 67.7402 13.8582 -12.41
    endloop
  endfacet
  facet normal 0 0 1
    outer loop
      vertex 74.9904 7.5 -12.41
      vertex 67.6292 3.25 -12.41
      vertex 68.0052 2.48744 -12.41
    endloop
  endfacet
  facet normal 0 0 1
    outer loop
      vertex 73.9003 9.13142 -12.41
      vertex 67.1568 3.95695 -12.41
      vertex 67.6292 3.25 -12.41
    endloop
  endfacet
  facet normal 0 0 1
    outer loop
      vertex 72.6066 10.6066 -12.41
      vertex 66.5962 4.59619 -12.41
      vertex 67.1568 3.95695 -12.41
    endloop
  endfacet
  facet normal 0 0 1
    outer loop
      vertex 71.1314 11.9003 -12.41
      vertex 65.9569 5.1568 -12.41
      vertex 66.5962 4.59619 -12.41
    endloop
  endfacet
  facet normal 0 0 1
    outer loop
      vertex 64.4874 6.00522 -12.41
      vertex 67.7402 13.8582 -12.41
      vertex 65.8823 14.4889 -12.41
    endloop
  endfacet
  facet normal 0 0 1
    outer loop
      vertex 69.5 12.9904 -12.41
      vertex 65.25 5.62916 -12.41
      vertex 65.9569 5.1568 -12.41
    endloop
  endfacet
  facet normal 0 0 1
    outer loop
      vertex 67.7402 13.8582 -12.41
      vertex 64.4874 6.00522 -12.41
      vertex 65.25 5.62916 -12.41
    endloop
  endfacet
  facet normal 0 0 1
    outer loop
      vertex 63.6823 6.27852 -12.41
      vertex 65.8823 14.4889 -12.41
      vertex 63.9579 14.8717 -12.41
    endloop
  endfacet
  facet normal 0 0 1
    outer loop
      vertex 65.8823 14.4889 -12.41
      vertex 63.6823 6.27852 -12.41
      vertex 64.4874 6.00522 -12.41
    endloop
  endfacet
  facet normal 0 0 1
    outer loop
      vertex 62.8484 6.44439 -12.41
      vertex 63.9579 14.8717 -12.41
      vertex 63.3149 14.9138 -12.41
    endloop
  endfacet
  facet normal 0 0 1
    outer loop
      vertex 63.9579 14.8717 -12.41
      vertex 62.8484 6.44439 -12.41
      vertex 63.6823 6.27852 -12.41
    endloop
  endfacet
  facet normal 0 0 1
    outer loop
      vertex 63.3149 14.9138 -12.41
      vertex 62 6.5 -12.41
      vertex 62.8484 6.44439 -12.41
    endloop
  endfacet
  facet normal -0 0 1
    outer loop
      vertex 60.6851 14.9138 -12.41
      vertex 62 6.5 -12.41
      vertex 63.3149 14.9138 -12.41
    endloop
  endfacet
  facet normal 0 0 1
    outer loop
      vertex 62 6.5 -12.41
      vertex 60.6851 14.9138 -12.41
      vertex 61.1516 6.44439 -12.41
    endloop
  endfacet
  facet normal -0 0 1
    outer loop
      vertex 60.0421 14.8717 -12.41
      vertex 61.1516 6.44439 -12.41
      vertex 60.6851 14.9138 -12.41
    endloop
  endfacet
  facet normal 0 0 1
    outer loop
      vertex 61.1516 6.44439 -12.41
      vertex 60.0421 14.8717 -12.41
      vertex 60.3177 6.27852 -12.41
    endloop
  endfacet
  facet normal -0 0 1
    outer loop
      vertex 58.1177 14.4889 -12.41
      vertex 60.3177 6.27852 -12.41
      vertex 60.0421 14.8717 -12.41
    endloop
  endfacet
  facet normal 0 0 1
    outer loop
      vertex 60.3177 6.27852 -12.41
      vertex 58.1177 14.4889 -12.41
      vertex 59.5126 6.00522 -12.41
    endloop
  endfacet
  facet normal -0 0 1
    outer loop
      vertex 56.2598 13.8582 -12.41
      vertex 59.5126 6.00522 -12.41
      vertex 58.1177 14.4889 -12.41
    endloop
  endfacet
  facet normal 0 0 1
    outer loop
      vertex 59.5126 6.00522 -12.41
      vertex 56.2598 13.8582 -12.41
      vertex 58.75 5.62916 -12.41
    endloop
  endfacet
  facet normal -0 0 1
    outer loop
      vertex 54.5 12.9904 -12.41
      vertex 58.75 5.62916 -12.41
      vertex 56.2598 13.8582 -12.41
    endloop
  endfacet
  facet normal 0 0 1
    outer loop
      vertex 58.75 5.62916 -12.41
      vertex 54.5 12.9904 -12.41
      vertex 58.0431 5.1568 -12.41
    endloop
  endfacet
  facet normal -0 0 1
    outer loop
      vertex 52.8686 11.9003 -12.41
      vertex 58.0431 5.1568 -12.41
      vertex 54.5 12.9904 -12.41
    endloop
  endfacet
  facet normal 0 0 1
    outer loop
      vertex 58.0431 5.1568 -12.41
      vertex 52.8686 11.9003 -12.41
      vertex 57.4038 4.59619 -12.41
    endloop
  endfacet
  facet normal -0 0 1
    outer loop
      vertex 51.3934 10.6066 -12.41
      vertex 57.4038 4.59619 -12.41
      vertex 52.8686 11.9003 -12.41
    endloop
  endfacet
  facet normal 0 0 1
    outer loop
      vertex 57.4038 4.59619 -12.41
      vertex 51.3934 10.6066 -12.41
      vertex 56.8432 3.95695 -12.41
    endloop
  endfacet
  facet normal -0 0 1
    outer loop
      vertex 50.0997 9.13142 -12.41
      vertex 56.8432 3.95695 -12.41
      vertex 51.3934 10.6066 -12.41
    endloop
  endfacet
  facet normal 0 0 1
    outer loop
      vertex 56.8432 3.95695 -12.41
      vertex 50.0997 9.13142 -12.41
      vertex 56.3708 3.25 -12.41
    endloop
  endfacet
  facet normal -0 0 1
    outer loop
      vertex 49.0096 7.5 -12.41
      vertex 56.3708 3.25 -12.41
      vertex 50.0997 9.13142 -12.41
    endloop
  endfacet
  facet normal 0 0 1
    outer loop
      vertex 74.9904 -7.5 -12.41
      vertex 67.6292 -3.25 -12.41
      vertex 73.9003 -9.13142 -12.41
    endloop
  endfacet
  facet normal -0 0 1
    outer loop
      vertex 67.1568 -3.95695 -12.41
      vertex 73.9003 -9.13142 -12.41
      vertex 67.6292 -3.25 -12.41
    endloop
  endfacet
  facet normal 0 0 1
    outer loop
      vertex 73.9003 -9.13142 -12.41
      vertex 67.1568 -3.95695 -12.41
      vertex 72.6066 -10.6066 -12.41
    endloop
  endfacet
  facet normal -0 0 1
    outer loop
      vertex 66.5962 -4.59619 -12.41
      vertex 72.6066 -10.6066 -12.41
      vertex 67.1568 -3.95695 -12.41
    endloop
  endfacet
  facet normal 0 0 1
    outer loop
      vertex 72.6066 -10.6066 -12.41
      vertex 66.5962 -4.59619 -12.41
      vertex 71.1314 -11.9003 -12.41
    endloop
  endfacet
  facet normal -0 0 1
    outer loop
      vertex 65.9569 -5.1568 -12.41
      vertex 71.1314 -11.9003 -12.41
      vertex 66.5962 -4.59619 -12.41
    endloop
  endfacet
  facet normal 0 0 1
    outer loop
      vertex 71.1314 -11.9003 -12.41
      vertex 65.9569 -5.1568 -12.41
      vertex 69.5 -12.9904 -12.41
    endloop
  endfacet
  facet normal -0 0 1
    outer loop
      vertex 65.25 -5.62916 -12.41
      vertex 69.5 -12.9904 -12.41
      vertex 65.9569 -5.1568 -12.41
    endloop
  endfacet
  facet normal 0 0 1
    outer loop
      vertex 69.5 -12.9904 -12.41
      vertex 65.25 -5.62916 -12.41
      vertex 67.7402 -13.8582 -12.41
    endloop
  endfacet
  facet normal -0 0 1
    outer loop
      vertex 64.4874 -6.00522 -12.41
      vertex 67.7402 -13.8582 -12.41
      vertex 65.25 -5.62916 -12.41
    endloop
  endfacet
  facet normal 0 0 1
    outer loop
      vertex 67.7402 -13.8582 -12.41
      vertex 64.4874 -6.00522 -12.41
      vertex 65.8823 -14.4889 -12.41
    endloop
  endfacet
  facet normal -0 0 1
    outer loop
      vertex 63.6823 -6.27852 -12.41
      vertex 65.8823 -14.4889 -12.41
      vertex 64.4874 -6.00522 -12.41
    endloop
  endfacet
  facet normal 0 0 1
    outer loop
      vertex 65.8823 -14.4889 -12.41
      vertex 63.6823 -6.27852 -12.41
      vertex 63.9579 -14.8717 -12.41
    endloop
  endfacet
  facet normal -0 0 1
    outer loop
      vertex 62.8484 -6.44439 -12.41
      vertex 63.9579 -14.8717 -12.41
      vertex 63.6823 -6.27852 -12.41
    endloop
  endfacet
  facet normal 0 0 1
    outer loop
      vertex 63.9579 -14.8717 -12.41
      vertex 62.8484 -6.44439 -12.41
      vertex 63.3149 -14.9138 -12.41
    endloop
  endfacet
  facet normal -0 0 1
    outer loop
      vertex 62 -6.5 -12.41
      vertex 63.3149 -14.9138 -12.41
      vertex 62.8484 -6.44439 -12.41
    endloop
  endfacet
  facet normal 0 0 1
    outer loop
      vertex 60.6851 -14.9138 -12.41
      vertex 62 -6.5 -12.41
      vertex 61.1516 -6.44439 -12.41
    endloop
  endfacet
  facet normal 0 0 1
    outer loop
      vertex 62 -6.5 -12.41
      vertex 60.6851 -14.9138 -12.41
      vertex 63.3149 -14.9138 -12.41
    endloop
  endfacet
  facet normal 0 0 1
    outer loop
      vertex 60.0421 -14.8717 -12.41
      vertex 61.1516 -6.44439 -12.41
      vertex 60.3177 -6.27852 -12.41
    endloop
  endfacet
  facet normal 0 0 1
    outer loop
      vertex 61.1516 -6.44439 -12.41
      vertex 60.0421 -14.8717 -12.41
      vertex 60.6851 -14.9138 -12.41
    endloop
  endfacet
  facet normal 0 0 1
    outer loop
      vertex 58.1177 -14.4889 -12.41
      vertex 60.3177 -6.27852 -12.41
      vertex 59.5126 -6.00522 -12.41
    endloop
  endfacet
  facet normal 0 0 1
    outer loop
      vertex 56.2598 -13.8582 -12.41
      vertex 59.5126 -6.00522 -12.41
      vertex 58.75 -5.62916 -12.41
    endloop
  endfacet
  facet normal 0 0 1
    outer loop
      vertex 60.3177 -6.27852 -12.41
      vertex 58.1177 -14.4889 -12.41
      vertex 60.0421 -14.8717 -12.41
    endloop
  endfacet
  facet normal 0 0 1
    outer loop
      vertex 54.5 -12.9904 -12.41
      vertex 58.75 -5.62916 -12.41
      vertex 58.0431 -5.1568 -12.41
    endloop
  endfacet
  facet normal 0 0 1
    outer loop
      vertex 52.8686 -11.9003 -12.41
      vertex 58.0431 -5.1568 -12.41
      vertex 57.4038 -4.59619 -12.41
    endloop
  endfacet
  facet normal 0 0 1
    outer loop
      vertex 51.3934 -10.6066 -12.41
      vertex 57.4038 -4.59619 -12.41
      vertex 56.8432 -3.95695 -12.41
    endloop
  endfacet
  facet normal 0 0 1
    outer loop
      vertex 50.0997 -9.13142 -12.41
      vertex 56.8432 -3.95695 -12.41
      vertex 56.3708 -3.25 -12.41
    endloop
  endfacet
  facet normal 0 0 1
    outer loop
      vertex 59.5126 -6.00522 -12.41
      vertex 56.2598 -13.8582 -12.41
      vertex 58.1177 -14.4889 -12.41
    endloop
  endfacet
  facet normal 0 0 1
    outer loop
      vertex 49.0096 -7.5 -12.41
      vertex 56.3708 -3.25 -12.41
      vertex 55.9948 -2.48744 -12.41
    endloop
  endfacet
  facet normal 0 0 1
    outer loop
      vertex 48.1418 -5.74025 -12.41
      vertex 55.9948 -2.48744 -12.41
      vertex 55.7215 -1.68232 -12.41
    endloop
  endfacet
  facet normal 0 0 1
    outer loop
      vertex 47.5111 -3.88229 -12.41
      vertex 55.7215 -1.68232 -12.41
      vertex 55.5556 -0.84842 -12.41
    endloop
  endfacet
  facet normal 0 0 1
    outer loop
      vertex 47.1283 -1.95789 -12.41
      vertex 55.5556 -0.84842 -12.41
      vertex 55.5 0 -12.41
    endloop
  endfacet
  facet normal 0 0 1
    outer loop
      vertex 56.3708 3.25 -12.41
      vertex 49.0096 7.5 -12.41
      vertex 55.9948 2.48744 -12.41
    endloop
  endfacet
  facet normal 0 0 1
    outer loop
      vertex 58.75 -5.62916 -12.41
      vertex 54.5 -12.9904 -12.41
      vertex 56.2598 -13.8582 -12.41
    endloop
  endfacet
  facet normal -0 0 1
    outer loop
      vertex 48.1418 5.74025 -12.41
      vertex 55.9948 2.48744 -12.41
      vertex 49.0096 7.5 -12.41
    endloop
  endfacet
  facet normal 0 0 1
    outer loop
      vertex 58.0431 -5.1568 -12.41
      vertex 52.8686 -11.9003 -12.41
      vertex 54.5 -12.9904 -12.41
    endloop
  endfacet
  facet normal 0 0 1
    outer loop
      vertex 55.9948 2.48744 -12.41
      vertex 48.1418 5.74025 -12.41
      vertex 55.7215 1.68232 -12.41
    endloop
  endfacet
  facet normal 0 0 1
    outer loop
      vertex 57.4038 -4.59619 -12.41
      vertex 51.3934 -10.6066 -12.41
      vertex 52.8686 -11.9003 -12.41
    endloop
  endfacet
  facet normal -0 0 1
    outer loop
      vertex 47.5111 3.88229 -12.41
      vertex 55.7215 1.68232 -12.41
      vertex 48.1418 5.74025 -12.41
    endloop
  endfacet
  facet normal 0 0 1
    outer loop
      vertex 56.8432 -3.95695 -12.41
      vertex 50.0997 -9.13142 -12.41
      vertex 51.3934 -10.6066 -12.41
    endloop
  endfacet
  facet normal 0 0 1
    outer loop
      vertex 55.7215 1.68232 -12.41
      vertex 47.5111 3.88229 -12.41
      vertex 55.5556 0.84842 -12.41
    endloop
  endfacet
  facet normal 0 0 1
    outer loop
      vertex 56.3708 -3.25 -12.41
      vertex 49.0096 -7.5 -12.41
      vertex 50.0997 -9.13142 -12.41
    endloop
  endfacet
  facet normal -0 0 1
    outer loop
      vertex 47.1283 1.95789 -12.41
      vertex 55.5556 0.84842 -12.41
      vertex 47.5111 3.88229 -12.41
    endloop
  endfacet
  facet normal 0 0 1
    outer loop
      vertex 55.9948 -2.48744 -12.41
      vertex 48.1418 -5.74025 -12.41
      vertex 49.0096 -7.5 -12.41
    endloop
  endfacet
  facet normal 0 0 1
    outer loop
      vertex 55.5556 0.84842 -12.41
      vertex 47.1283 1.95789 -12.41
      vertex 55.5 0 -12.41
    endloop
  endfacet
  facet normal 0 0 1
    outer loop
      vertex 55.7215 -1.68232 -12.41
      vertex 47.5111 -3.88229 -12.41
      vertex 48.1418 -5.74025 -12.41
    endloop
  endfacet
  facet normal 0 0 1
    outer loop
      vertex 47 0 -12.41
      vertex 55.5 0 -12.41
      vertex 47.1283 1.95789 -12.41
    endloop
  endfacet
  facet normal 0 0 1
    outer loop
      vertex 55.5556 -0.84842 -12.41
      vertex 47.1283 -1.95789 -12.41
      vertex 47.5111 -3.88229 -12.41
    endloop
  endfacet
  facet normal 0 0 1
    outer loop
      vertex 55.5 0 -12.41
      vertex 47 0 -12.41
      vertex 47.1283 -1.95789 -12.41
    endloop
  endfacet
  facet normal 0.99786 -0.0653895 0
    outer loop
      vertex 47 0 -0.0861816
      vertex 47.1283 1.95789 -12.41
      vertex 47.1283 1.95789 -0.0861816
    endloop
  endfacet
  facet normal 0.99786 -0.0653895 0
    outer loop
      vertex 47.1283 1.95789 -12.41
      vertex 47 0 -0.0861816
      vertex 47 0 -12.41
    endloop
  endfacet
  facet normal 0.946929 0.321443 0
    outer loop
      vertex 48.1418 -5.74025 -0.0861816
      vertex 47.5111 -3.88229 -12.41
      vertex 47.5111 -3.88229 -0.0861816
    endloop
  endfacet
  facet normal 0.946929 0.321443 0
    outer loop
      vertex 47.5111 -3.88229 -12.41
      vertex 48.1418 -5.74025 -0.0861816
      vertex 48.1418 -5.74025 -12.41
    endloop
  endfacet
  facet normal 0.831461 -0.555583 -6.88742e-05
    outer loop
      vertex 49.0096 7.5 -0.0861816
      vertex 50.0997 9.13142 -0.265381
      vertex 49.3437 8 -0.0861816
    endloop
  endfacet
  facet normal 0.831465 -0.555577 0
    outer loop
      vertex 50.0997 9.13142 -0.265381
      vertex 49.0096 7.5 -0.0861816
      vertex 49.0096 7.5 -12.41
    endloop
  endfacet
  facet normal 0.831465 -0.555577 0
    outer loop
      vertex 50.0997 9.13142 -0.265381
      vertex 49.0096 7.5 -12.41
      vertex 50.0997 9.13142 -12.41
    endloop
  endfacet
  facet normal 0.194926 0.980818 -0.000167326
    outer loop
      vertex 60.0421 -14.8717 -6.7339
      vertex 58.1177 -14.4889 -4.69366
      vertex 58.5528 -14.5754 -4.86351
    endloop
  endfacet
  facet normal 0.195097 0.980784 0
    outer loop
      vertex 58.1177 -14.4889 -12.41
      vertex 60.0421 -14.8717 -6.7339
      vertex 60.0421 -14.8717 -12.41
    endloop
  endfacet
  facet normal 0.195097 0.980784 0
    outer loop
      vertex 60.0421 -14.8717 -6.7339
      vertex 58.1177 -14.4889 -12.41
      vertex 58.1177 -14.4889 -4.69366
    endloop
  endfacet
  facet normal 0 0 -1
    outer loop
      vertex 44.7 -4 -18.3
      vertex 43.4 0 -18.3
      vertex 44.7 4 -18.3
    endloop
  endfacet
  facet normal 0 0 -1
    outer loop
      vertex 44.7 -4 -18.3
      vertex 43.3923 -0.117473 -18.3
      vertex 43.4 0 -18.3
    endloop
  endfacet
  facet normal 0 0 -1
    outer loop
      vertex 44.7 -4 -18.3
      vertex 43.3693 -0.232937 -18.3
      vertex 43.3923 -0.117473 -18.3
    endloop
  endfacet
  facet normal 0 0 -1
    outer loop
      vertex 44.7 -4 -18.3
      vertex 43.3315 -0.344415 -18.3
      vertex 43.3693 -0.232937 -18.3
    endloop
  endfacet
  facet normal 0 0 -1
    outer loop
      vertex 44.7 -4 -18.3
      vertex 43.2794 -0.45 -18.3
      vertex 43.3315 -0.344415 -18.3
    endloop
  endfacet
  facet normal 0 0 -1
    outer loop
      vertex 44.7 -4 -18.3
      vertex 43.214 -0.547885 -18.3
      vertex 43.2794 -0.45 -18.3
    endloop
  endfacet
  facet normal 0 0 -1
    outer loop
      vertex 44.7 -4 -18.3
      vertex 43.1364 -0.636395 -18.3
      vertex 43.214 -0.547885 -18.3
    endloop
  endfacet
  facet normal 0 0 -1
    outer loop
      vertex 44.7 -4 -18.3
      vertex 43.0479 -0.714018 -18.3
      vertex 43.1364 -0.636395 -18.3
    endloop
  endfacet
  facet normal 0 0 -1
    outer loop
      vertex 44.7 -4 -18.3
      vertex 42.95 -0.779423 -18.3
      vertex 43.0479 -0.714018 -18.3
    endloop
  endfacet
  facet normal 0 0 -1
    outer loop
      vertex 44.7 -4 -18.3
      vertex 42.8444 -0.831491 -18.3
      vertex 42.95 -0.779423 -18.3
    endloop
  endfacet
  facet normal 0 0 -1
    outer loop
      vertex 44.7 -4 -18.3
      vertex 42.7329 -0.869332 -18.3
      vertex 42.8444 -0.831491 -18.3
    endloop
  endfacet
  facet normal 0 0 -1
    outer loop
      vertex 44.7 -4 -18.3
      vertex 42.6175 -0.8923 -18.3
      vertex 42.7329 -0.869332 -18.3
    endloop
  endfacet
  facet normal 0 0 -1
    outer loop
      vertex 44.7 -4 -18.3
      vertex 42.5 -0.9 -18.3
      vertex 42.6175 -0.8923 -18.3
    endloop
  endfacet
  facet normal 0 0 -1
    outer loop
      vertex 44.7 -4 -18.3
      vertex 42.3825 -0.8923 -18.3
      vertex 42.5 -0.9 -18.3
    endloop
  endfacet
  facet normal 0 0 -1
    outer loop
      vertex 44.7 -4 -18.3
      vertex 42.2671 -0.869332 -18.3
      vertex 42.3825 -0.8923 -18.3
    endloop
  endfacet
  facet normal 0 0 -1
    outer loop
      vertex 44.7 -4 -18.3
      vertex 42.1556 -0.831491 -18.3
      vertex 42.2671 -0.869332 -18.3
    endloop
  endfacet
  facet normal 0 0 -1
    outer loop
      vertex 44.7 -4 -18.3
      vertex 42.05 -0.779423 -18.3
      vertex 42.1556 -0.831491 -18.3
    endloop
  endfacet
  facet normal 0 0 -1
    outer loop
      vertex 44.7 -4 -18.3
      vertex 41.9521 -0.714018 -18.3
      vertex 42.05 -0.779423 -18.3
    endloop
  endfacet
  facet normal 0 0 -1
    outer loop
      vertex 44.7 -4 -18.3
      vertex 41.8636 -0.636395 -18.3
      vertex 41.9521 -0.714018 -18.3
    endloop
  endfacet
  facet normal 0 0 -1
    outer loop
      vertex 16 -4 -18.3
      vertex 41.8636 -0.636395 -18.3
      vertex 44.7 -4 -18.3
    endloop
  endfacet
  facet normal -0 0 -1
    outer loop
      vertex 41.6077 -0.117473 -18.3
      vertex 16 -4 -18.3
      vertex 41.6 0 -18.3
    endloop
  endfacet
  facet normal -0 0 -1
    outer loop
      vertex 41.6307 -0.232937 -18.3
      vertex 16 -4 -18.3
      vertex 41.6077 -0.117473 -18.3
    endloop
  endfacet
  facet normal -0 0 -1
    outer loop
      vertex 41.6685 -0.344415 -18.3
      vertex 16 -4 -18.3
      vertex 41.6307 -0.232937 -18.3
    endloop
  endfacet
  facet normal -0 0 -1
    outer loop
      vertex 41.7206 -0.45 -18.3
      vertex 16 -4 -18.3
      vertex 41.6685 -0.344415 -18.3
    endloop
  endfacet
  facet normal -0 0 -1
    outer loop
      vertex 41.786 -0.547885 -18.3
      vertex 16 -4 -18.3
      vertex 41.7206 -0.45 -18.3
    endloop
  endfacet
  facet normal -0 0 -1
    outer loop
      vertex 41.8636 -0.636395 -18.3
      vertex 16 -4 -18.3
      vertex 41.786 -0.547885 -18.3
    endloop
  endfacet
  facet normal 0 0 -1
    outer loop
      vertex 43.3923 0.117473 -18.3
      vertex 44.7 4 -18.3
      vertex 43.4 0 -18.3
    endloop
  endfacet
  facet normal 0 0 -1
    outer loop
      vertex 43.3693 0.232937 -18.3
      vertex 44.7 4 -18.3
      vertex 43.3923 0.117473 -18.3
    endloop
  endfacet
  facet normal 0 0 -1
    outer loop
      vertex 43.3315 0.344415 -18.3
      vertex 44.7 4 -18.3
      vertex 43.3693 0.232937 -18.3
    endloop
  endfacet
  facet normal 0 0 -1
    outer loop
      vertex 43.2794 0.45 -18.3
      vertex 44.7 4 -18.3
      vertex 43.3315 0.344415 -18.3
    endloop
  endfacet
  facet normal 0 0 -1
    outer loop
      vertex 43.214 0.547885 -18.3
      vertex 44.7 4 -18.3
      vertex 43.2794 0.45 -18.3
    endloop
  endfacet
  facet normal 0 0 -1
    outer loop
      vertex 43.1364 0.636395 -18.3
      vertex 44.7 4 -18.3
      vertex 43.214 0.547885 -18.3
    endloop
  endfacet
  facet normal 0 0 -1
    outer loop
      vertex 43.0479 0.714018 -18.3
      vertex 44.7 4 -18.3
      vertex 43.1364 0.636395 -18.3
    endloop
  endfacet
  facet normal 0 0 -1
    outer loop
      vertex 42.95 0.779423 -18.3
      vertex 44.7 4 -18.3
      vertex 43.0479 0.714018 -18.3
    endloop
  endfacet
  facet normal 0 0 -1
    outer loop
      vertex 42.8444 0.831491 -18.3
      vertex 44.7 4 -18.3
      vertex 42.95 0.779423 -18.3
    endloop
  endfacet
  facet normal 0 0 -1
    outer loop
      vertex 42.7329 0.869332 -18.3
      vertex 44.7 4 -18.3
      vertex 42.8444 0.831491 -18.3
    endloop
  endfacet
  facet normal 0 0 -1
    outer loop
      vertex 42.6175 0.8923 -18.3
      vertex 44.7 4 -18.3
      vertex 42.7329 0.869332 -18.3
    endloop
  endfacet
  facet normal 0 0 -1
    outer loop
      vertex 42.5 0.9 -18.3
      vertex 44.7 4 -18.3
      vertex 42.6175 0.8923 -18.3
    endloop
  endfacet
  facet normal 0 0 -1
    outer loop
      vertex 42.3825 0.8923 -18.3
      vertex 44.7 4 -18.3
      vertex 42.5 0.9 -18.3
    endloop
  endfacet
  facet normal 0 0 -1
    outer loop
      vertex 42.2671 0.869332 -18.3
      vertex 44.7 4 -18.3
      vertex 42.3825 0.8923 -18.3
    endloop
  endfacet
  facet normal 0 0 -1
    outer loop
      vertex 42.1556 0.831491 -18.3
      vertex 44.7 4 -18.3
      vertex 42.2671 0.869332 -18.3
    endloop
  endfacet
  facet normal 0 0 -1
    outer loop
      vertex 42.05 0.779423 -18.3
      vertex 44.7 4 -18.3
      vertex 42.1556 0.831491 -18.3
    endloop
  endfacet
  facet normal 0 0 -1
    outer loop
      vertex 41.9521 0.714018 -18.3
      vertex 44.7 4 -18.3
      vertex 42.05 0.779423 -18.3
    endloop
  endfacet
  facet normal 0 0 -1
    outer loop
      vertex 41.8636 0.636395 -18.3
      vertex 44.7 4 -18.3
      vertex 41.9521 0.714018 -18.3
    endloop
  endfacet
  facet normal 0 0 -1
    outer loop
      vertex 16 4 -18.3
      vertex 41.8636 0.636395 -18.3
      vertex 41.786 0.547885 -18.3
    endloop
  endfacet
  facet normal 0 0 -1
    outer loop
      vertex 16 4 -18.3
      vertex 41.6 0 -18.3
      vertex 16 -4 -18.3
    endloop
  endfacet
  facet normal 0 0 -1
    outer loop
      vertex 41.6 0 -18.3
      vertex 16 4 -18.3
      vertex 41.6077 0.117473 -18.3
    endloop
  endfacet
  facet normal 0 0 -1
    outer loop
      vertex 41.6077 0.117473 -18.3
      vertex 16 4 -18.3
      vertex 41.6307 0.232937 -18.3
    endloop
  endfacet
  facet normal 0 0 -1
    outer loop
      vertex 41.6307 0.232937 -18.3
      vertex 16 4 -18.3
      vertex 41.6685 0.344415 -18.3
    endloop
  endfacet
  facet normal 0 0 -1
    outer loop
      vertex 41.6685 0.344415 -18.3
      vertex 16 4 -18.3
      vertex 41.7206 0.45 -18.3
    endloop
  endfacet
  facet normal 0 0 -1
    outer loop
      vertex 41.7206 0.45 -18.3
      vertex 16 4 -18.3
      vertex 41.786 0.547885 -18.3
    endloop
  endfacet
  facet normal 0 0 -1
    outer loop
      vertex 41.8636 0.636395 -18.3
      vertex 16 4 -18.3
      vertex 44.7 4 -18.3
    endloop
  endfacet
  facet normal 1 -0 0
    outer loop
      vertex 16 -4 -18.3
      vertex 16 4 -18.4
      vertex 16 4 -18.3
    endloop
  endfacet
  facet normal 1 0 0
    outer loop
      vertex 16 4 -18.4
      vertex 16 -4 -18.3
      vertex 16 -4 -18.4
    endloop
  endfacet
  facet normal 0 -1 0
    outer loop
      vertex 16 4 -18.3
      vertex 39.3 4 -18.4
      vertex 44.7 4 -18.3
    endloop
  endfacet
  facet normal 0 -1 0
    outer loop
      vertex 16 4 -18.4
      vertex 39.3 4 -18.4
      vertex 16 4 -18.3
    endloop
  endfacet
  facet normal 0 -1 -0
    outer loop
      vertex 44.7 4 -18.3
      vertex 39.3 4 -18.4
      vertex 44.7 4 -18.4
    endloop
  endfacet
  facet normal 0 1 0
    outer loop
      vertex 39.3 -4 -18.4
      vertex 44.7 -4 -18.3
      vertex 44.7 -4 -18.4
    endloop
  endfacet
  facet normal 0 1 0
    outer loop
      vertex 44.7 -4 -18.3
      vertex 39.3 -4 -18.4
      vertex 16 -4 -18.3
    endloop
  endfacet
  facet normal 0 1 0
    outer loop
      vertex 16 -4 -18.3
      vertex 39.3 -4 -18.4
      vertex 16 -4 -18.4
    endloop
  endfacet
endsolid OpenSCAD_Model
