solid OpenSCAD_Model
  facet normal 0 1 -0
    outer loop
      vertex 38 40 0
      vertex -38 40 4
      vertex 38 40 4
    endloop
  endfacet
  facet normal 0 1 0
    outer loop
      vertex -38 40 4
      vertex 38 40 0
      vertex -38 40 0
    endloop
  endfacet
  facet normal -0.6593 0.75188 0
    outer loop
      vertex -44.0876 37.9335 0
      vertex -45.0711 37.0711 4
      vertex -44.0876 37.9335 4
    endloop
  endfacet
  facet normal -0.6593 0.75188 0
    outer loop
      vertex -45.0711 37.0711 4
      vertex -44.0876 37.9335 0
      vertex -45.0711 37.0711 0
    endloop
  endfacet
  facet normal 0.555617 -0.831438 0
    outer loop
      vertex 43 -38.6603 0
      vertex 44.0876 -37.9335 4
      vertex 43 -38.6603 4
    endloop
  endfacet
  facet normal 0.555617 -0.831438 0
    outer loop
      vertex 44.0876 -37.9335 4
      vertex 43 -38.6603 0
      vertex 44.0876 -37.9335 0
    endloop
  endfacet
  facet normal -0.442253 -0.89689 0
    outer loop
      vertex -43 -38.6603 0
      vertex -41.8268 -39.2388 4
      vertex -43 -38.6603 4
    endloop
  endfacet
  facet normal -0.442253 -0.89689 -0
    outer loop
      vertex -41.8268 -39.2388 4
      vertex -43 -38.6603 0
      vertex -41.8268 -39.2388 0
    endloop
  endfacet
  facet normal -0.75188 0.6593 0
    outer loop
      vertex -45.9335 36.0876 0
      vertex -45.0711 37.0711 4
      vertex -45.0711 37.0711 0
    endloop
  endfacet
  facet normal -0.75188 0.6593 0
    outer loop
      vertex -45.0711 37.0711 4
      vertex -45.9335 36.0876 0
      vertex -45.9335 36.0876 4
    endloop
  endfacet
  facet normal -1 0 0
    outer loop
      vertex -48 -30 0
      vertex -48 30 4
      vertex -48 30 0
    endloop
  endfacet
  facet normal -1 -0 0
    outer loop
      vertex -48 30 4
      vertex -48 -30 0
      vertex -48 -30 4
    endloop
  endfacet
  facet normal -0.555617 0.831438 0
    outer loop
      vertex -43 38.6603 0
      vertex -44.0876 37.9335 4
      vertex -43 38.6603 4
    endloop
  endfacet
  facet normal -0.555617 0.831438 0
    outer loop
      vertex -44.0876 37.9335 4
      vertex -43 38.6603 0
      vertex -44.0876 37.9335 0
    endloop
  endfacet
  facet normal -0.980798 -0.195028 0
    outer loop
      vertex -47.6593 -32.5882 0
      vertex -47.9144 -31.3053 4
      vertex -47.9144 -31.3053 0
    endloop
  endfacet
  facet normal -0.980798 -0.195028 0
    outer loop
      vertex -47.9144 -31.3053 4
      vertex -47.6593 -32.5882 0
      vertex -47.6593 -32.5882 4
    endloop
  endfacet
  facet normal -0.195028 -0.980798 0
    outer loop
      vertex -40.5882 -39.6593 0
      vertex -39.3053 -39.9144 4
      vertex -40.5882 -39.6593 4
    endloop
  endfacet
  facet normal -0.195028 -0.980798 -0
    outer loop
      vertex -39.3053 -39.9144 4
      vertex -40.5882 -39.6593 0
      vertex -39.3053 -39.9144 0
    endloop
  endfacet
  facet normal 1 -0 0
    outer loop
      vertex 48 -30 4
      vertex 48 30 0
      vertex 48 30 4
    endloop
  endfacet
  facet normal 1 0 0
    outer loop
      vertex 48 30 0
      vertex 48 -30 4
      vertex 48 -30 0
    endloop
  endfacet
  facet normal -0.831438 -0.555617 0
    outer loop
      vertex -45.9335 -36.0876 0
      vertex -46.6603 -35 4
      vertex -46.6603 -35 0
    endloop
  endfacet
  facet normal -0.831438 -0.555617 0
    outer loop
      vertex -46.6603 -35 4
      vertex -45.9335 -36.0876 0
      vertex -45.9335 -36.0876 4
    endloop
  endfacet
  facet normal -0.195028 0.980798 0
    outer loop
      vertex -39.3053 39.9144 0
      vertex -40.5882 39.6593 4
      vertex -39.3053 39.9144 4
    endloop
  endfacet
  facet normal -0.195028 0.980798 0
    outer loop
      vertex -40.5882 39.6593 4
      vertex -39.3053 39.9144 0
      vertex -40.5882 39.6593 0
    endloop
  endfacet
  facet normal 0.0654382 -0.997857 0
    outer loop
      vertex 38 -40 0
      vertex 39.3053 -39.9144 4
      vertex 38 -40 4
    endloop
  endfacet
  facet normal 0.0654382 -0.997857 0
    outer loop
      vertex 39.3053 -39.9144 4
      vertex 38 -40 0
      vertex 39.3053 -39.9144 0
    endloop
  endfacet
  facet normal 0.831438 0.555617 0
    outer loop
      vertex 46.6603 35 4
      vertex 45.9335 36.0876 0
      vertex 45.9335 36.0876 4
    endloop
  endfacet
  facet normal 0.831438 0.555617 0
    outer loop
      vertex 45.9335 36.0876 0
      vertex 46.6603 35 4
      vertex 46.6603 35 0
    endloop
  endfacet
  facet normal -0.6593 -0.75188 0
    outer loop
      vertex -45.0711 -37.0711 0
      vertex -44.0876 -37.9335 4
      vertex -45.0711 -37.0711 4
    endloop
  endfacet
  facet normal -0.6593 -0.75188 -0
    outer loop
      vertex -44.0876 -37.9335 4
      vertex -45.0711 -37.0711 0
      vertex -44.0876 -37.9335 0
    endloop
  endfacet
  facet normal 0.555617 0.831438 -0
    outer loop
      vertex 44.0876 37.9335 0
      vertex 43 38.6603 4
      vertex 44.0876 37.9335 4
    endloop
  endfacet
  facet normal 0.555617 0.831438 0
    outer loop
      vertex 43 38.6603 4
      vertex 44.0876 37.9335 0
      vertex 43 38.6603 0
    endloop
  endfacet
  facet normal -0.946918 -0.321475 0
    outer loop
      vertex -47.2388 -33.8268 0
      vertex -47.6593 -32.5882 4
      vertex -47.6593 -32.5882 0
    endloop
  endfacet
  facet normal -0.946918 -0.321475 0
    outer loop
      vertex -47.6593 -32.5882 4
      vertex -47.2388 -33.8268 0
      vertex -47.2388 -33.8268 4
    endloop
  endfacet
  facet normal 0.980798 -0.195028 0
    outer loop
      vertex 47.6593 -32.5882 4
      vertex 47.9144 -31.3053 0
      vertex 47.9144 -31.3053 4
    endloop
  endfacet
  facet normal 0.980798 -0.195028 0
    outer loop
      vertex 47.9144 -31.3053 0
      vertex 47.6593 -32.5882 4
      vertex 47.6593 -32.5882 0
    endloop
  endfacet
  facet normal 0.195028 0.980798 -0
    outer loop
      vertex 40.5882 39.6593 0
      vertex 39.3053 39.9144 4
      vertex 40.5882 39.6593 4
    endloop
  endfacet
  facet normal 0.195028 0.980798 0
    outer loop
      vertex 39.3053 39.9144 4
      vertex 40.5882 39.6593 0
      vertex 39.3053 39.9144 0
    endloop
  endfacet
  facet normal -0.75188 -0.6593 0
    outer loop
      vertex -45.0711 -37.0711 0
      vertex -45.9335 -36.0876 4
      vertex -45.9335 -36.0876 0
    endloop
  endfacet
  facet normal -0.75188 -0.6593 0
    outer loop
      vertex -45.9335 -36.0876 4
      vertex -45.0711 -37.0711 0
      vertex -45.0711 -37.0711 4
    endloop
  endfacet
  facet normal -0.946918 0.321475 0
    outer loop
      vertex -47.6593 32.5882 0
      vertex -47.2388 33.8268 4
      vertex -47.2388 33.8268 0
    endloop
  endfacet
  facet normal -0.946918 0.321475 0
    outer loop
      vertex -47.2388 33.8268 4
      vertex -47.6593 32.5882 0
      vertex -47.6593 32.5882 4
    endloop
  endfacet
  facet normal -0.997857 0.0654382 0
    outer loop
      vertex -48 30 0
      vertex -47.9144 31.3053 4
      vertex -47.9144 31.3053 0
    endloop
  endfacet
  facet normal -0.997857 0.0654382 0
    outer loop
      vertex -47.9144 31.3053 4
      vertex -48 30 0
      vertex -48 30 4
    endloop
  endfacet
  facet normal 0.831438 -0.555617 0
    outer loop
      vertex 45.9335 -36.0876 4
      vertex 46.6603 -35 0
      vertex 46.6603 -35 4
    endloop
  endfacet
  facet normal 0.831438 -0.555617 0
    outer loop
      vertex 46.6603 -35 0
      vertex 45.9335 -36.0876 4
      vertex 45.9335 -36.0876 0
    endloop
  endfacet
  facet normal -0.831438 0.555617 0
    outer loop
      vertex -46.6603 35 0
      vertex -45.9335 36.0876 4
      vertex -45.9335 36.0876 0
    endloop
  endfacet
  facet normal -0.831438 0.555617 0
    outer loop
      vertex -45.9335 36.0876 4
      vertex -46.6603 35 0
      vertex -46.6603 35 4
    endloop
  endfacet
  facet normal -0.321475 0.946918 0
    outer loop
      vertex -40.5882 39.6593 0
      vertex -41.8268 39.2388 4
      vertex -40.5882 39.6593 4
    endloop
  endfacet
  facet normal -0.321475 0.946918 0
    outer loop
      vertex -41.8268 39.2388 4
      vertex -40.5882 39.6593 0
      vertex -41.8268 39.2388 0
    endloop
  endfacet
  facet normal 0.442253 0.89689 -0
    outer loop
      vertex 43 38.6603 0
      vertex 41.8268 39.2388 4
      vertex 43 38.6603 4
    endloop
  endfacet
  facet normal 0.442253 0.89689 0
    outer loop
      vertex 41.8268 39.2388 4
      vertex 43 38.6603 0
      vertex 41.8268 39.2388 0
    endloop
  endfacet
  facet normal 0 -1 0
    outer loop
      vertex -38 -40 0
      vertex 38 -40 4
      vertex -38 -40 4
    endloop
  endfacet
  facet normal 0 -1 -0
    outer loop
      vertex 38 -40 4
      vertex -38 -40 0
      vertex 38 -40 0
    endloop
  endfacet
  facet normal 0.997857 -0.0654382 0
    outer loop
      vertex 47.9144 -31.3053 4
      vertex 48 -30 0
      vertex 48 -30 4
    endloop
  endfacet
  facet normal 0.997857 -0.0654382 0
    outer loop
      vertex 48 -30 0
      vertex 47.9144 -31.3053 4
      vertex 47.9144 -31.3053 0
    endloop
  endfacet
  facet normal 0.89689 0.442253 0
    outer loop
      vertex 47.2388 33.8268 4
      vertex 46.6603 35 0
      vertex 46.6603 35 4
    endloop
  endfacet
  facet normal 0.89689 0.442253 0
    outer loop
      vertex 46.6603 35 0
      vertex 47.2388 33.8268 4
      vertex 47.2388 33.8268 0
    endloop
  endfacet
  facet normal 0.321475 0.946918 -0
    outer loop
      vertex 41.8268 39.2388 0
      vertex 40.5882 39.6593 4
      vertex 41.8268 39.2388 4
    endloop
  endfacet
  facet normal 0.321475 0.946918 0
    outer loop
      vertex 40.5882 39.6593 4
      vertex 41.8268 39.2388 0
      vertex 40.5882 39.6593 0
    endloop
  endfacet
  facet normal 0.0654382 0.997857 -0
    outer loop
      vertex 39.3053 39.9144 0
      vertex 38 40 4
      vertex 39.3053 39.9144 4
    endloop
  endfacet
  facet normal 0.0654382 0.997857 0
    outer loop
      vertex 38 40 4
      vertex 39.3053 39.9144 0
      vertex 38 40 0
    endloop
  endfacet
  facet normal -0.89689 -0.442253 0
    outer loop
      vertex -46.6603 -35 0
      vertex -47.2388 -33.8268 4
      vertex -47.2388 -33.8268 0
    endloop
  endfacet
  facet normal -0.89689 -0.442253 0
    outer loop
      vertex -47.2388 -33.8268 4
      vertex -46.6603 -35 0
      vertex -46.6603 -35 4
    endloop
  endfacet
  facet normal -0.980798 0.195028 0
    outer loop
      vertex -47.9144 31.3053 0
      vertex -47.6593 32.5882 4
      vertex -47.6593 32.5882 0
    endloop
  endfacet
  facet normal -0.980798 0.195028 0
    outer loop
      vertex -47.6593 32.5882 4
      vertex -47.9144 31.3053 0
      vertex -47.9144 31.3053 4
    endloop
  endfacet
  facet normal -0.442253 0.89689 0
    outer loop
      vertex -41.8268 39.2388 0
      vertex -43 38.6603 4
      vertex -41.8268 39.2388 4
    endloop
  endfacet
  facet normal -0.442253 0.89689 0
    outer loop
      vertex -43 38.6603 4
      vertex -41.8268 39.2388 0
      vertex -43 38.6603 0
    endloop
  endfacet
  facet normal 0.946918 -0.321475 0
    outer loop
      vertex 47.2388 -33.8268 4
      vertex 47.6593 -32.5882 0
      vertex 47.6593 -32.5882 4
    endloop
  endfacet
  facet normal 0.946918 -0.321475 0
    outer loop
      vertex 47.6593 -32.5882 0
      vertex 47.2388 -33.8268 4
      vertex 47.2388 -33.8268 0
    endloop
  endfacet
  facet normal 0.6593 0.75188 -0
    outer loop
      vertex 45.0711 37.0711 0
      vertex 44.0876 37.9335 4
      vertex 45.0711 37.0711 4
    endloop
  endfacet
  facet normal 0.6593 0.75188 0
    outer loop
      vertex 44.0876 37.9335 4
      vertex 45.0711 37.0711 0
      vertex 44.0876 37.9335 0
    endloop
  endfacet
  facet normal 0.89689 -0.442253 0
    outer loop
      vertex 46.6603 -35 4
      vertex 47.2388 -33.8268 0
      vertex 47.2388 -33.8268 4
    endloop
  endfacet
  facet normal 0.89689 -0.442253 0
    outer loop
      vertex 47.2388 -33.8268 0
      vertex 46.6603 -35 4
      vertex 46.6603 -35 0
    endloop
  endfacet
  facet normal -0.321475 -0.946918 0
    outer loop
      vertex -41.8268 -39.2388 0
      vertex -40.5882 -39.6593 4
      vertex -41.8268 -39.2388 4
    endloop
  endfacet
  facet normal -0.321475 -0.946918 -0
    outer loop
      vertex -40.5882 -39.6593 4
      vertex -41.8268 -39.2388 0
      vertex -40.5882 -39.6593 0
    endloop
  endfacet
  facet normal -0.997857 -0.0654382 0
    outer loop
      vertex -47.9144 -31.3053 0
      vertex -48 -30 4
      vertex -48 -30 0
    endloop
  endfacet
  facet normal -0.997857 -0.0654382 0
    outer loop
      vertex -48 -30 4
      vertex -47.9144 -31.3053 0
      vertex -47.9144 -31.3053 4
    endloop
  endfacet
  facet normal 0.946918 0.321475 0
    outer loop
      vertex 47.6593 32.5882 4
      vertex 47.2388 33.8268 0
      vertex 47.2388 33.8268 4
    endloop
  endfacet
  facet normal 0.946918 0.321475 0
    outer loop
      vertex 47.2388 33.8268 0
      vertex 47.6593 32.5882 4
      vertex 47.6593 32.5882 0
    endloop
  endfacet
  facet normal -0.89689 0.442253 0
    outer loop
      vertex -47.2388 33.8268 0
      vertex -46.6603 35 4
      vertex -46.6603 35 0
    endloop
  endfacet
  facet normal -0.89689 0.442253 0
    outer loop
      vertex -46.6603 35 4
      vertex -47.2388 33.8268 0
      vertex -47.2388 33.8268 4
    endloop
  endfacet
  facet normal 0.321475 -0.946918 0
    outer loop
      vertex 40.5882 -39.6593 0
      vertex 41.8268 -39.2388 4
      vertex 40.5882 -39.6593 4
    endloop
  endfacet
  facet normal 0.321475 -0.946918 0
    outer loop
      vertex 41.8268 -39.2388 4
      vertex 40.5882 -39.6593 0
      vertex 41.8268 -39.2388 0
    endloop
  endfacet
  facet normal 0.75188 0.6593 0
    outer loop
      vertex 45.9335 36.0876 4
      vertex 45.0711 37.0711 0
      vertex 45.0711 37.0711 4
    endloop
  endfacet
  facet normal 0.75188 0.6593 0
    outer loop
      vertex 45.0711 37.0711 0
      vertex 45.9335 36.0876 4
      vertex 45.9335 36.0876 0
    endloop
  endfacet
  facet normal -0 0 1
    outer loop
      vertex -36.9651 29.6513 4
      vertex -17.4538 13.3928 4
      vertex -36.7979 29.7979 4
    endloop
  endfacet
  facet normal 0 0 1
    outer loop
      vertex -22 0 4
      vertex -36.3145 -30.7781 4
      vertex -36.3 -31 4
    endloop
  endfacet
  facet normal 0 0 1
    outer loop
      vertex -17.4538 13.3928 4
      vertex -36.9651 29.6513 4
      vertex -19.0526 11 4
    endloop
  endfacet
  facet normal 0 0 1
    outer loop
      vertex -22 0 4
      vertex -36.3579 -30.56 4
      vertex -36.3145 -30.7781 4
    endloop
  endfacet
  facet normal -0 0 1
    outer loop
      vertex -37.15 29.5278 4
      vertex -19.0526 11 4
      vertex -36.9651 29.6513 4
    endloop
  endfacet
  facet normal 0 0 1
    outer loop
      vertex -22 0 4
      vertex -36.4294 -30.3494 4
      vertex -36.3579 -30.56 4
    endloop
  endfacet
  facet normal -0 0 1
    outer loop
      vertex -37.3494 29.4294 4
      vertex -19.0526 11 4
      vertex -37.15 29.5278 4
    endloop
  endfacet
  facet normal 0 0 1
    outer loop
      vertex -22 0 4
      vertex -36.5278 -30.15 4
      vertex -36.4294 -30.3494 4
    endloop
  endfacet
  facet normal 0 0 1
    outer loop
      vertex -19.0526 11 4
      vertex -37.3494 29.4294 4
      vertex -20.3253 8.41903 4
    endloop
  endfacet
  facet normal 0 0 1
    outer loop
      vertex -22 0 4
      vertex -36.6513 -29.9651 4
      vertex -36.5278 -30.15 4
    endloop
  endfacet
  facet normal -0 0 1
    outer loop
      vertex -37.56 29.3579 4
      vertex -20.3253 8.41903 4
      vertex -37.3494 29.4294 4
    endloop
  endfacet
  facet normal 0 0 1
    outer loop
      vertex -22 0 4
      vertex -36.7979 -29.7979 4
      vertex -36.6513 -29.9651 4
    endloop
  endfacet
  facet normal -0 0 1
    outer loop
      vertex -37.7781 29.3145 4
      vertex -20.3253 8.41903 4
      vertex -37.56 29.3579 4
    endloop
  endfacet
  facet normal 0 0 1
    outer loop
      vertex -22 0 4
      vertex -36.9651 -29.6513 4
      vertex -36.7979 -29.7979 4
    endloop
  endfacet
  facet normal 0 0 1
    outer loop
      vertex -20.3253 8.41903 4
      vertex -37.7781 29.3145 4
      vertex -21.2504 5.69402 4
    endloop
  endfacet
  facet normal 0 0 1
    outer loop
      vertex -22 0 4
      vertex -37.15 -29.5278 4
      vertex -36.9651 -29.6513 4
    endloop
  endfacet
  facet normal -0 0 1
    outer loop
      vertex -38 29.3 4
      vertex -21.2504 5.69402 4
      vertex -37.7781 29.3145 4
    endloop
  endfacet
  facet normal 0 0 1
    outer loop
      vertex -22 0 4
      vertex -37.3494 -29.4294 4
      vertex -37.15 -29.5278 4
    endloop
  endfacet
  facet normal 0 0 1
    outer loop
      vertex -38.2219 29.3145 4
      vertex -21.2504 5.69402 4
      vertex -38 29.3 4
    endloop
  endfacet
  facet normal 0 0 1
    outer loop
      vertex -22 0 4
      vertex -37.56 -29.3579 4
      vertex -37.3494 -29.4294 4
    endloop
  endfacet
  facet normal 0 0 1
    outer loop
      vertex -21.2504 5.69402 4
      vertex -38.2219 29.3145 4
      vertex -21.8118 2.87158 4
    endloop
  endfacet
  facet normal 0 0 1
    outer loop
      vertex -22 0 4
      vertex -37.7781 -29.3145 4
      vertex -37.56 -29.3579 4
    endloop
  endfacet
  facet normal 0 0 1
    outer loop
      vertex -38.44 29.3579 4
      vertex -21.8118 2.87158 4
      vertex -38.2219 29.3145 4
    endloop
  endfacet
  facet normal 0 0 1
    outer loop
      vertex -22 0 4
      vertex -38 -29.3 4
      vertex -37.7781 -29.3145 4
    endloop
  endfacet
  facet normal 0 0 1
    outer loop
      vertex -48 30 4
      vertex -21.8118 2.87158 4
      vertex -38.44 29.3579 4
    endloop
  endfacet
  facet normal 0 0 1
    outer loop
      vertex -22 0 4
      vertex -38.2219 -29.3145 4
      vertex -38 -29.3 4
    endloop
  endfacet
  facet normal 0 0 1
    outer loop
      vertex -21.8118 2.87158 4
      vertex -48 30 4
      vertex -22 0 4
    endloop
  endfacet
  facet normal 0 0 1
    outer loop
      vertex -22 0 4
      vertex -38.44 -29.3579 4
      vertex -38.2219 -29.3145 4
    endloop
  endfacet
  facet normal 0 0 1
    outer loop
      vertex -48 30 4
      vertex -38.44 29.3579 4
      vertex -38.6506 29.4294 4
    endloop
  endfacet
  facet normal 0 0 1
    outer loop
      vertex -48 -30 4
      vertex -22 0 4
      vertex -48 30 4
    endloop
  endfacet
  facet normal 0 0 1
    outer loop
      vertex -48 30 4
      vertex -38.6506 29.4294 4
      vertex -38.85 29.5278 4
    endloop
  endfacet
  facet normal 0 0 1
    outer loop
      vertex -22 0 4
      vertex -48 -30 4
      vertex -38.44 -29.3579 4
    endloop
  endfacet
  facet normal 0 0 1
    outer loop
      vertex -48 30 4
      vertex -38.85 29.5278 4
      vertex -39.0349 29.6513 4
    endloop
  endfacet
  facet normal 0 0 1
    outer loop
      vertex -38.44 -29.3579 4
      vertex -48 -30 4
      vertex -38.6506 -29.4294 4
    endloop
  endfacet
  facet normal 0 0 1
    outer loop
      vertex -48 30 4
      vertex -39.0349 29.6513 4
      vertex -39.2021 29.7979 4
    endloop
  endfacet
  facet normal 0 0 1
    outer loop
      vertex -38.6506 -29.4294 4
      vertex -48 -30 4
      vertex -38.85 -29.5278 4
    endloop
  endfacet
  facet normal 0 0 1
    outer loop
      vertex -48 30 4
      vertex -39.2021 29.7979 4
      vertex -39.3487 29.9651 4
    endloop
  endfacet
  facet normal 0 0 1
    outer loop
      vertex -38.85 -29.5278 4
      vertex -48 -30 4
      vertex -39.0349 -29.6513 4
    endloop
  endfacet
  facet normal -0 0 1
    outer loop
      vertex -48 30 4
      vertex -39.3487 29.9651 4
      vertex -39.4722 30.15 4
    endloop
  endfacet
  facet normal 0 0 1
    outer loop
      vertex -39.0349 -29.6513 4
      vertex -48 -30 4
      vertex -39.2021 -29.7979 4
    endloop
  endfacet
  facet normal 0 0 1
    outer loop
      vertex -48 30 4
      vertex -39.4722 30.15 4
      vertex -39.5706 30.3494 4
    endloop
  endfacet
  facet normal 0 0 1
    outer loop
      vertex -39.2021 -29.7979 4
      vertex -48 -30 4
      vertex -39.3487 -29.9651 4
    endloop
  endfacet
  facet normal 0 0 1
    outer loop
      vertex -48 30 4
      vertex -39.5706 30.3494 4
      vertex -39.6421 30.56 4
    endloop
  endfacet
  facet normal 0 0 1
    outer loop
      vertex -39.3487 -29.9651 4
      vertex -48 -30 4
      vertex -39.4722 -30.15 4
    endloop
  endfacet
  facet normal 0 0 1
    outer loop
      vertex -48 30 4
      vertex -39.6421 30.56 4
      vertex -39.6855 30.7781 4
    endloop
  endfacet
  facet normal 0 0 1
    outer loop
      vertex -39.4722 -30.15 4
      vertex -48 -30 4
      vertex -39.5706 -30.3494 4
    endloop
  endfacet
  facet normal 0 0 1
    outer loop
      vertex -47.9144 31.3053 4
      vertex -39.6855 30.7781 4
      vertex -39.7 31 4
    endloop
  endfacet
  facet normal 0 0 1
    outer loop
      vertex -39.5706 -30.3494 4
      vertex -48 -30 4
      vertex -39.6421 -30.56 4
    endloop
  endfacet
  facet normal 0 0 1
    outer loop
      vertex 36.3145 -31.2219 4
      vertex 12.2222 -32.8258 4
      vertex 12.25 -33.25 4
    endloop
  endfacet
  facet normal 0 0 1
    outer loop
      vertex 15.5563 -15.5563 4
      vertex 12.1393 -32.4088 4
      vertex 12.2222 -32.8258 4
    endloop
  endfacet
  facet normal 0 0 1
    outer loop
      vertex 15.5563 -15.5563 4
      vertex 12.0026 -32.0063 4
      vertex 12.1393 -32.4088 4
    endloop
  endfacet
  facet normal 0 0 1
    outer loop
      vertex 15.5563 -15.5563 4
      vertex 11.8146 -31.625 4
      vertex 12.0026 -32.0063 4
    endloop
  endfacet
  facet normal 0 0 1
    outer loop
      vertex 13.3928 -17.4538 4
      vertex 11.5784 -31.2715 4
      vertex 11.8146 -31.625 4
    endloop
  endfacet
  facet normal 0 0 1
    outer loop
      vertex 13.3928 -17.4538 4
      vertex 11.2981 -30.9519 4
      vertex 11.5784 -31.2715 4
    endloop
  endfacet
  facet normal -0 0 1
    outer loop
      vertex 11 -19.0526 4
      vertex 11.2981 -30.9519 4
      vertex 13.3928 -17.4538 4
    endloop
  endfacet
  facet normal 0 0 1
    outer loop
      vertex 11 -19.0526 4
      vertex 10.9785 -30.6716 4
      vertex 11.2981 -30.9519 4
    endloop
  endfacet
  facet normal 0 0 1
    outer loop
      vertex 11 -19.0526 4
      vertex 10.625 -30.4354 4
      vertex 10.9785 -30.6716 4
    endloop
  endfacet
  facet normal 0 0 1
    outer loop
      vertex 11 -19.0526 4
      vertex 10.2437 -30.2474 4
      vertex 10.625 -30.4354 4
    endloop
  endfacet
  facet normal -0 0 1
    outer loop
      vertex 8.41903 -20.3253 4
      vertex 10.2437 -30.2474 4
      vertex 11 -19.0526 4
    endloop
  endfacet
  facet normal 0 0 1
    outer loop
      vertex 10.2437 -30.2474 4
      vertex 8.41903 -20.3253 4
      vertex 9.84116 -30.1107 4
    endloop
  endfacet
  facet normal 0 0 1
    outer loop
      vertex 9.84116 -30.1107 4
      vertex 8.41903 -20.3253 4
      vertex 9.42421 -30.0278 4
    endloop
  endfacet
  facet normal 0 0 1
    outer loop
      vertex 9.42421 -30.0278 4
      vertex 8.41903 -20.3253 4
      vertex 9 -30 4
    endloop
  endfacet
  facet normal -0 0 1
    outer loop
      vertex 5.69402 -21.2504 4
      vertex 9 -30 4
      vertex 8.41903 -20.3253 4
    endloop
  endfacet
  facet normal -0 0 1
    outer loop
      vertex 2.87158 -21.8118 4
      vertex 9 -30 4
      vertex 5.69402 -21.2504 4
    endloop
  endfacet
  facet normal -0 0 1
    outer loop
      vertex 0 -22 4
      vertex 9 -30 4
      vertex 2.87158 -21.8118 4
    endloop
  endfacet
  facet normal 0 0 1
    outer loop
      vertex -9 -30 4
      vertex 0 -22 4
      vertex -2.87158 -21.8118 4
    endloop
  endfacet
  facet normal 0 0 1
    outer loop
      vertex -9 -30 4
      vertex -2.87158 -21.8118 4
      vertex -5.69402 -21.2504 4
    endloop
  endfacet
  facet normal 0 0 1
    outer loop
      vertex -9 -30 4
      vertex -5.69402 -21.2504 4
      vertex -8.41903 -20.3253 4
    endloop
  endfacet
  facet normal 0 0 1
    outer loop
      vertex 0 -22 4
      vertex -9 -30 4
      vertex 9 -30 4
    endloop
  endfacet
  facet normal 0 0 1
    outer loop
      vertex -8.41903 -20.3253 4
      vertex -9.42421 -30.0278 4
      vertex -9 -30 4
    endloop
  endfacet
  facet normal 0 0 1
    outer loop
      vertex -8.41903 -20.3253 4
      vertex -9.84116 -30.1107 4
      vertex -9.42421 -30.0278 4
    endloop
  endfacet
  facet normal 0 0 1
    outer loop
      vertex -8.41903 -20.3253 4
      vertex -10.2437 -30.2474 4
      vertex -9.84116 -30.1107 4
    endloop
  endfacet
  facet normal 0 0 1
    outer loop
      vertex -11 -19.0526 4
      vertex -10.2437 -30.2474 4
      vertex -8.41903 -20.3253 4
    endloop
  endfacet
  facet normal 0 0 1
    outer loop
      vertex -10.2437 -30.2474 4
      vertex -11 -19.0526 4
      vertex -10.625 -30.4354 4
    endloop
  endfacet
  facet normal 0 0 1
    outer loop
      vertex -10.625 -30.4354 4
      vertex -11 -19.0526 4
      vertex -10.9785 -30.6716 4
    endloop
  endfacet
  facet normal 0 0 1
    outer loop
      vertex -11 -19.0526 4
      vertex -11.2981 -30.9519 4
      vertex -10.9785 -30.6716 4
    endloop
  endfacet
  facet normal 0 0 1
    outer loop
      vertex -13.3928 -17.4538 4
      vertex -11.2981 -30.9519 4
      vertex -11 -19.0526 4
    endloop
  endfacet
  facet normal 0 0 1
    outer loop
      vertex -11.2981 -30.9519 4
      vertex -13.3928 -17.4538 4
      vertex -11.5784 -31.2715 4
    endloop
  endfacet
  facet normal 0 0 1
    outer loop
      vertex -11.5784 -31.2715 4
      vertex -13.3928 -17.4538 4
      vertex -11.8146 -31.625 4
    endloop
  endfacet
  facet normal 0 0 1
    outer loop
      vertex -15.5563 -15.5563 4
      vertex -11.8146 -31.625 4
      vertex -13.3928 -17.4538 4
    endloop
  endfacet
  facet normal 0 0 1
    outer loop
      vertex -11.8146 -31.625 4
      vertex -15.5563 -15.5563 4
      vertex -12.0026 -32.0063 4
    endloop
  endfacet
  facet normal 0 0 1
    outer loop
      vertex -12.0026 -32.0063 4
      vertex -36.3 -31 4
      vertex -12.1393 -32.4088 4
    endloop
  endfacet
  facet normal -0 0 1
    outer loop
      vertex -36.3 -31 4
      vertex -12.0026 -32.0063 4
      vertex -15.5563 -15.5563 4
    endloop
  endfacet
  facet normal -0 0 1
    outer loop
      vertex 39.5706 30.3494 4
      vertex 48 30 4
      vertex 39.6421 30.56 4
    endloop
  endfacet
  facet normal 0 0 1
    outer loop
      vertex 48 -30 4
      vertex 39.6855 -30.7781 4
      vertex 39.7 -31 4
    endloop
  endfacet
  facet normal -0 0 1
    outer loop
      vertex 39.4722 30.15 4
      vertex 48 30 4
      vertex 39.5706 30.3494 4
    endloop
  endfacet
  facet normal 0 0 1
    outer loop
      vertex 48 -30 4
      vertex 39.6421 -30.56 4
      vertex 39.6855 -30.7781 4
    endloop
  endfacet
  facet normal 0 0 1
    outer loop
      vertex 39.3487 29.9651 4
      vertex 48 30 4
      vertex 39.4722 30.15 4
    endloop
  endfacet
  facet normal 0 0 1
    outer loop
      vertex 48 -30 4
      vertex 39.5706 -30.3494 4
      vertex 39.6421 -30.56 4
    endloop
  endfacet
  facet normal 0 0 1
    outer loop
      vertex 39.2021 29.7979 4
      vertex 48 30 4
      vertex 39.3487 29.9651 4
    endloop
  endfacet
  facet normal 0 0 1
    outer loop
      vertex 48 -30 4
      vertex 39.4722 -30.15 4
      vertex 39.5706 -30.3494 4
    endloop
  endfacet
  facet normal 0 0 1
    outer loop
      vertex 39.0349 29.6513 4
      vertex 48 30 4
      vertex 39.2021 29.7979 4
    endloop
  endfacet
  facet normal 0 0 1
    outer loop
      vertex 48 -30 4
      vertex 39.3487 -29.9651 4
      vertex 39.4722 -30.15 4
    endloop
  endfacet
  facet normal 0 0 1
    outer loop
      vertex 38.85 29.5278 4
      vertex 48 30 4
      vertex 39.0349 29.6513 4
    endloop
  endfacet
  facet normal 0 0 1
    outer loop
      vertex 48 -30 4
      vertex 39.2021 -29.7979 4
      vertex 39.3487 -29.9651 4
    endloop
  endfacet
  facet normal 0 0 1
    outer loop
      vertex 38.6506 29.4294 4
      vertex 48 30 4
      vertex 38.85 29.5278 4
    endloop
  endfacet
  facet normal 0 0 1
    outer loop
      vertex 48 -30 4
      vertex 39.0349 -29.6513 4
      vertex 39.2021 -29.7979 4
    endloop
  endfacet
  facet normal 0 0 1
    outer loop
      vertex 48 30 4
      vertex 22 0 4
      vertex 48 -30 4
    endloop
  endfacet
  facet normal 0 0 1
    outer loop
      vertex 48 -30 4
      vertex 38.85 -29.5278 4
      vertex 39.0349 -29.6513 4
    endloop
  endfacet
  facet normal 0 0 1
    outer loop
      vertex 38.44 29.3579 4
      vertex 48 30 4
      vertex 38.6506 29.4294 4
    endloop
  endfacet
  facet normal -0 0 1
    outer loop
      vertex 21.8118 -2.87158 4
      vertex 48 -30 4
      vertex 22 0 4
    endloop
  endfacet
  facet normal 0 0 1
    outer loop
      vertex 48 30 4
      vertex 38.44 29.3579 4
      vertex 21.8118 2.87158 4
    endloop
  endfacet
  facet normal 0 0 1
    outer loop
      vertex 48 -30 4
      vertex 38.6506 -29.4294 4
      vertex 38.85 -29.5278 4
    endloop
  endfacet
  facet normal 0 0 1
    outer loop
      vertex 21.8118 2.87158 4
      vertex 38.44 29.3579 4
      vertex 38.2219 29.3145 4
    endloop
  endfacet
  facet normal -0 -0 1
    outer loop
      vertex 38.44 -29.3579 4
      vertex 48 -30 4
      vertex 21.8118 -2.87158 4
    endloop
  endfacet
  facet normal 0 0 1
    outer loop
      vertex 21.2504 5.69402 4
      vertex 38.2219 29.3145 4
      vertex 38 29.3 4
    endloop
  endfacet
  facet normal 0 0 1
    outer loop
      vertex 48 -30 4
      vertex 38.44 -29.3579 4
      vertex 38.6506 -29.4294 4
    endloop
  endfacet
  facet normal 0 0 1
    outer loop
      vertex 21.2504 5.69402 4
      vertex 38 29.3 4
      vertex 37.7781 29.3145 4
    endloop
  endfacet
  facet normal 0 0 1
    outer loop
      vertex 38.44 -29.3579 4
      vertex 21.8118 -2.87158 4
      vertex 38.2219 -29.3145 4
    endloop
  endfacet
  facet normal 0 0 1
    outer loop
      vertex 20.3253 8.41903 4
      vertex 37.7781 29.3145 4
      vertex 37.56 29.3579 4
    endloop
  endfacet
  facet normal -0 0 1
    outer loop
      vertex 21.2504 -5.69402 4
      vertex 38.2219 -29.3145 4
      vertex 21.8118 -2.87158 4
    endloop
  endfacet
  facet normal 0 0 1
    outer loop
      vertex 20.3253 8.41903 4
      vertex 37.56 29.3579 4
      vertex 37.3494 29.4294 4
    endloop
  endfacet
  facet normal 0 0 1
    outer loop
      vertex 38.2219 -29.3145 4
      vertex 21.2504 -5.69402 4
      vertex 38 -29.3 4
    endloop
  endfacet
  facet normal 0 0 1
    outer loop
      vertex 19.0526 11 4
      vertex 37.3494 29.4294 4
      vertex 37.15 29.5278 4
    endloop
  endfacet
  facet normal 0 0 1
    outer loop
      vertex 38 -29.3 4
      vertex 21.2504 -5.69402 4
      vertex 37.7781 -29.3145 4
    endloop
  endfacet
  facet normal 0 0 1
    outer loop
      vertex 19.0526 11 4
      vertex 37.15 29.5278 4
      vertex 36.9651 29.6513 4
    endloop
  endfacet
  facet normal -0 0 1
    outer loop
      vertex 20.3253 -8.41903 4
      vertex 37.7781 -29.3145 4
      vertex 21.2504 -5.69402 4
    endloop
  endfacet
  facet normal 0 0 1
    outer loop
      vertex 17.4538 13.3928 4
      vertex 36.9651 29.6513 4
      vertex 36.7979 29.7979 4
    endloop
  endfacet
  facet normal 0 0 1
    outer loop
      vertex 37.7781 -29.3145 4
      vertex 20.3253 -8.41903 4
      vertex 37.56 -29.3579 4
    endloop
  endfacet
  facet normal 0 0 1
    outer loop
      vertex 17.4538 13.3928 4
      vertex 36.7979 29.7979 4
      vertex 36.6513 29.9651 4
    endloop
  endfacet
  facet normal 0 0 1
    outer loop
      vertex 37.56 -29.3579 4
      vertex 20.3253 -8.41903 4
      vertex 37.3494 -29.4294 4
    endloop
  endfacet
  facet normal 0 0 1
    outer loop
      vertex 15.5563 15.5563 4
      vertex 36.6513 29.9651 4
      vertex 36.5278 30.15 4
    endloop
  endfacet
  facet normal -0 0 1
    outer loop
      vertex 19.0526 -11 4
      vertex 37.3494 -29.4294 4
      vertex 20.3253 -8.41903 4
    endloop
  endfacet
  facet normal 0 0 1
    outer loop
      vertex 15.5563 15.5563 4
      vertex 36.5278 30.15 4
      vertex 36.4294 30.3494 4
    endloop
  endfacet
  facet normal 0 0 1
    outer loop
      vertex 37.3494 -29.4294 4
      vertex 19.0526 -11 4
      vertex 37.15 -29.5278 4
    endloop
  endfacet
  facet normal 0 0 1
    outer loop
      vertex 15.5563 15.5563 4
      vertex 36.4294 30.3494 4
      vertex 36.3579 30.56 4
    endloop
  endfacet
  facet normal 0 0 1
    outer loop
      vertex 37.15 -29.5278 4
      vertex 19.0526 -11 4
      vertex 36.9651 -29.6513 4
    endloop
  endfacet
  facet normal 0 0 1
    outer loop
      vertex 13.3928 17.4538 4
      vertex 36.3579 30.56 4
      vertex 36.3145 30.7781 4
    endloop
  endfacet
  facet normal -0 0 1
    outer loop
      vertex 17.4538 -13.3928 4
      vertex 36.9651 -29.6513 4
      vertex 19.0526 -11 4
    endloop
  endfacet
  facet normal 0 0 1
    outer loop
      vertex 13.3928 17.4538 4
      vertex 36.3145 30.7781 4
      vertex 36.3 31 4
    endloop
  endfacet
  facet normal 0 0 1
    outer loop
      vertex 36.9651 -29.6513 4
      vertex 17.4538 -13.3928 4
      vertex 36.7979 -29.7979 4
    endloop
  endfacet
  facet normal 0 0 1
    outer loop
      vertex 39.6855 30.7781 4
      vertex 47.9144 31.3053 4
      vertex 39.7 31 4
    endloop
  endfacet
  facet normal 0 0 1
    outer loop
      vertex 47.9144 31.3053 4
      vertex 39.6855 30.7781 4
      vertex 48 30 4
    endloop
  endfacet
  facet normal 0 0 1
    outer loop
      vertex 39.7 31 4
      vertex 47.9144 31.3053 4
      vertex 47.6593 32.5882 4
    endloop
  endfacet
  facet normal -0 0 1
    outer loop
      vertex 39.6421 30.56 4
      vertex 48 30 4
      vertex 39.6855 30.7781 4
    endloop
  endfacet
  facet normal 0 0 1
    outer loop
      vertex 39.6855 31.2219 4
      vertex 47.6593 32.5882 4
      vertex 47.2388 33.8268 4
    endloop
  endfacet
  facet normal 0 0 1
    outer loop
      vertex 48 -30 4
      vertex 39.7 -31 4
      vertex 47.9144 -31.3053 4
    endloop
  endfacet
  facet normal 0 0 1
    outer loop
      vertex 39.6421 31.44 4
      vertex 47.2388 33.8268 4
      vertex 46.6603 35 4
    endloop
  endfacet
  facet normal 0 0 1
    outer loop
      vertex 47.9144 -31.3053 4
      vertex 39.7 -31 4
      vertex 47.6593 -32.5882 4
    endloop
  endfacet
  facet normal 0 0 1
    outer loop
      vertex 39.5706 31.6506 4
      vertex 46.6603 35 4
      vertex 45.9335 36.0876 4
    endloop
  endfacet
  facet normal -0 0 1
    outer loop
      vertex 39.6855 -31.2219 4
      vertex 47.6593 -32.5882 4
      vertex 39.7 -31 4
    endloop
  endfacet
  facet normal 0 0 1
    outer loop
      vertex 39.4722 31.85 4
      vertex 45.9335 36.0876 4
      vertex 45.0711 37.0711 4
    endloop
  endfacet
  facet normal 0 0 1
    outer loop
      vertex 47.6593 -32.5882 4
      vertex 39.6855 -31.2219 4
      vertex 47.2388 -33.8268 4
    endloop
  endfacet
  facet normal 0 0 1
    outer loop
      vertex 39.2021 32.2021 4
      vertex 45.0711 37.0711 4
      vertex 44.0876 37.9335 4
    endloop
  endfacet
  facet normal -0 0 1
    outer loop
      vertex 39.6421 -31.44 4
      vertex 47.2388 -33.8268 4
      vertex 39.6855 -31.2219 4
    endloop
  endfacet
  facet normal 0 0 1
    outer loop
      vertex 39.0349 32.3487 4
      vertex 44.0876 37.9335 4
      vertex 43 38.6603 4
    endloop
  endfacet
  facet normal 0 0 1
    outer loop
      vertex 47.2388 -33.8268 4
      vertex 39.6421 -31.44 4
      vertex 46.6603 -35 4
    endloop
  endfacet
  facet normal 0 0 1
    outer loop
      vertex 38.85 32.4722 4
      vertex 43 38.6603 4
      vertex 41.8268 39.2388 4
    endloop
  endfacet
  facet normal -0 0 1
    outer loop
      vertex 39.5706 -31.6506 4
      vertex 46.6603 -35 4
      vertex 39.6421 -31.44 4
    endloop
  endfacet
  facet normal 0 0 1
    outer loop
      vertex 38.6506 32.5706 4
      vertex 41.8268 39.2388 4
      vertex 40.5882 39.6593 4
    endloop
  endfacet
  facet normal 0 0 1
    outer loop
      vertex 46.6603 -35 4
      vertex 39.5706 -31.6506 4
      vertex 45.9335 -36.0876 4
    endloop
  endfacet
  facet normal -0 0 1
    outer loop
      vertex 39.4722 -31.85 4
      vertex 45.9335 -36.0876 4
      vertex 39.5706 -31.6506 4
    endloop
  endfacet
  facet normal 0 0 1
    outer loop
      vertex 47.6593 32.5882 4
      vertex 39.6855 31.2219 4
      vertex 39.7 31 4
    endloop
  endfacet
  facet normal 0 0 1
    outer loop
      vertex 47.2388 33.8268 4
      vertex 39.6421 31.44 4
      vertex 39.6855 31.2219 4
    endloop
  endfacet
  facet normal 0 0 1
    outer loop
      vertex 46.6603 35 4
      vertex 39.5706 31.6506 4
      vertex 39.6421 31.44 4
    endloop
  endfacet
  facet normal 0 0 1
    outer loop
      vertex 45.9335 36.0876 4
      vertex 39.4722 31.85 4
      vertex 39.5706 31.6506 4
    endloop
  endfacet
  facet normal 0 0 1
    outer loop
      vertex 45.0711 37.0711 4
      vertex 39.3487 32.0349 4
      vertex 39.4722 31.85 4
    endloop
  endfacet
  facet normal 0 0 1
    outer loop
      vertex 38.44 32.6421 4
      vertex 40.5882 39.6593 4
      vertex 39.3053 39.9144 4
    endloop
  endfacet
  facet normal 0 0 1
    outer loop
      vertex 45.0711 37.0711 4
      vertex 39.2021 32.2021 4
      vertex 39.3487 32.0349 4
    endloop
  endfacet
  facet normal 0 0 1
    outer loop
      vertex 44.0876 37.9335 4
      vertex 39.0349 32.3487 4
      vertex 39.2021 32.2021 4
    endloop
  endfacet
  facet normal 0 0 1
    outer loop
      vertex 43 38.6603 4
      vertex 38.85 32.4722 4
      vertex 39.0349 32.3487 4
    endloop
  endfacet
  facet normal 0 0 1
    outer loop
      vertex 41.8268 39.2388 4
      vertex 38.6506 32.5706 4
      vertex 38.85 32.4722 4
    endloop
  endfacet
  facet normal 0 0 1
    outer loop
      vertex 40.5882 39.6593 4
      vertex 38.44 32.6421 4
      vertex 38.6506 32.5706 4
    endloop
  endfacet
  facet normal 0 0 1
    outer loop
      vertex 39.3053 39.9144 4
      vertex 38.2219 32.6855 4
      vertex 38.44 32.6421 4
    endloop
  endfacet
  facet normal 0 0 1
    outer loop
      vertex 38 40 4
      vertex 38.2219 32.6855 4
      vertex 39.3053 39.9144 4
    endloop
  endfacet
  facet normal 0 0 1
    outer loop
      vertex 38 40 4
      vertex 38 32.7 4
      vertex 38.2219 32.6855 4
    endloop
  endfacet
  facet normal 0 0 1
    outer loop
      vertex 38 40 4
      vertex 37.7781 32.6855 4
      vertex 38 32.7 4
    endloop
  endfacet
  facet normal 0 0 1
    outer loop
      vertex 38 40 4
      vertex 37.56 32.6421 4
      vertex 37.7781 32.6855 4
    endloop
  endfacet
  facet normal 0 0 1
    outer loop
      vertex 38 40 4
      vertex 37.3494 32.5706 4
      vertex 37.56 32.6421 4
    endloop
  endfacet
  facet normal 0 0 1
    outer loop
      vertex 38 40 4
      vertex 37.15 32.4722 4
      vertex 37.3494 32.5706 4
    endloop
  endfacet
  facet normal 0 0 1
    outer loop
      vertex 38 40 4
      vertex 36.9651 32.3487 4
      vertex 37.15 32.4722 4
    endloop
  endfacet
  facet normal 0 0 1
    outer loop
      vertex 38 40 4
      vertex 36.7979 32.2021 4
      vertex 36.9651 32.3487 4
    endloop
  endfacet
  facet normal 0 0 1
    outer loop
      vertex 38 40 4
      vertex 36.6513 32.0349 4
      vertex 36.7979 32.2021 4
    endloop
  endfacet
  facet normal 0 0 1
    outer loop
      vertex 38 40 4
      vertex 36.5278 31.85 4
      vertex 36.6513 32.0349 4
    endloop
  endfacet
  facet normal 0 0 1
    outer loop
      vertex 38 40 4
      vertex 36.4294 31.6506 4
      vertex 36.5278 31.85 4
    endloop
  endfacet
  facet normal 0 0 1
    outer loop
      vertex 8.41903 20.3253 4
      vertex 36.4294 31.6506 4
      vertex 38 40 4
    endloop
  endfacet
  facet normal 0 0 1
    outer loop
      vertex 36.4294 31.6506 4
      vertex 8.41903 20.3253 4
      vertex 36.3579 31.44 4
    endloop
  endfacet
  facet normal 0 0 1
    outer loop
      vertex 36.7979 -29.7979 4
      vertex 17.4538 -13.3928 4
      vertex 36.6513 -29.9651 4
    endloop
  endfacet
  facet normal 0 0 1
    outer loop
      vertex 11 19.0526 4
      vertex 36.3 31 4
      vertex 36.3145 31.2219 4
    endloop
  endfacet
  facet normal 0 -0 1
    outer loop
      vertex 11 19.0526 4
      vertex 36.3579 31.44 4
      vertex 8.41903 20.3253 4
    endloop
  endfacet
  facet normal 0 0 1
    outer loop
      vertex 48 30 4
      vertex 21.8118 2.87158 4
      vertex 22 0 4
    endloop
  endfacet
  facet normal 0 0 1
    outer loop
      vertex 38.2219 29.3145 4
      vertex 21.2504 5.69402 4
      vertex 21.8118 2.87158 4
    endloop
  endfacet
  facet normal 0 0 1
    outer loop
      vertex 37.7781 29.3145 4
      vertex 20.3253 8.41903 4
      vertex 21.2504 5.69402 4
    endloop
  endfacet
  facet normal 0 0 1
    outer loop
      vertex 37.3494 29.4294 4
      vertex 19.0526 11 4
      vertex 20.3253 8.41903 4
    endloop
  endfacet
  facet normal 0 0 1
    outer loop
      vertex 36.9651 29.6513 4
      vertex 17.4538 13.3928 4
      vertex 19.0526 11 4
    endloop
  endfacet
  facet normal 0 0 1
    outer loop
      vertex 36.6513 29.9651 4
      vertex 15.5563 15.5563 4
      vertex 17.4538 13.3928 4
    endloop
  endfacet
  facet normal 0 0 1
    outer loop
      vertex 36.3579 30.56 4
      vertex 13.3928 17.4538 4
      vertex 15.5563 15.5563 4
    endloop
  endfacet
  facet normal 0 0 1
    outer loop
      vertex 36.3 31 4
      vertex 11 19.0526 4
      vertex 13.3928 17.4538 4
    endloop
  endfacet
  facet normal 0 0 1
    outer loop
      vertex 36.3579 31.44 4
      vertex 11 19.0526 4
      vertex 36.3145 31.2219 4
    endloop
  endfacet
  facet normal 0 0 1
    outer loop
      vertex 38 40 4
      vertex 5.69402 21.2504 4
      vertex 8.41903 20.3253 4
    endloop
  endfacet
  facet normal 0 0 1
    outer loop
      vertex 38 40 4
      vertex 2.87158 21.8118 4
      vertex 5.69402 21.2504 4
    endloop
  endfacet
  facet normal 0 0 1
    outer loop
      vertex 38 40 4
      vertex 0 22 4
      vertex 2.87158 21.8118 4
    endloop
  endfacet
  facet normal -0 0 1
    outer loop
      vertex -38 40 4
      vertex 0 22 4
      vertex 38 40 4
    endloop
  endfacet
  facet normal 0 0 1
    outer loop
      vertex 0 22 4
      vertex -38 40 4
      vertex -2.87158 21.8118 4
    endloop
  endfacet
  facet normal 0 0 1
    outer loop
      vertex -2.87158 21.8118 4
      vertex -38 40 4
      vertex -5.69402 21.2504 4
    endloop
  endfacet
  facet normal 0 0 1
    outer loop
      vertex -15.5563 15.5563 4
      vertex -36.6513 29.9651 4
      vertex -17.4538 13.3928 4
    endloop
  endfacet
  facet normal -0 0 1
    outer loop
      vertex -36.6513 29.9651 4
      vertex -15.5563 15.5563 4
      vertex -36.5278 30.15 4
    endloop
  endfacet
  facet normal -0 0 1
    outer loop
      vertex -36.5278 30.15 4
      vertex -15.5563 15.5563 4
      vertex -36.4294 30.3494 4
    endloop
  endfacet
  facet normal -0 0 1
    outer loop
      vertex -36.4294 30.3494 4
      vertex -15.5563 15.5563 4
      vertex -36.3579 30.56 4
    endloop
  endfacet
  facet normal 0 0 1
    outer loop
      vertex -13.3928 17.4538 4
      vertex -36.3579 30.56 4
      vertex -15.5563 15.5563 4
    endloop
  endfacet
  facet normal -0 0 1
    outer loop
      vertex -36.3579 30.56 4
      vertex -13.3928 17.4538 4
      vertex -36.3145 30.7781 4
    endloop
  endfacet
  facet normal -0 0 1
    outer loop
      vertex -36.3145 30.7781 4
      vertex -13.3928 17.4538 4
      vertex -36.3 31 4
    endloop
  endfacet
  facet normal 0 0 1
    outer loop
      vertex -11 19.0526 4
      vertex -36.3 31 4
      vertex -13.3928 17.4538 4
    endloop
  endfacet
  facet normal 0 0 1
    outer loop
      vertex -36.3579 31.44 4
      vertex -11 19.0526 4
      vertex -8.41903 20.3253 4
    endloop
  endfacet
  facet normal 0 0 1
    outer loop
      vertex -5.69402 21.2504 4
      vertex -38 40 4
      vertex -8.41903 20.3253 4
    endloop
  endfacet
  facet normal 0 0 1
    outer loop
      vertex -11 19.0526 4
      vertex -36.3145 31.2219 4
      vertex -36.3 31 4
    endloop
  endfacet
  facet normal 0 0 1
    outer loop
      vertex -11 19.0526 4
      vertex -36.3579 31.44 4
      vertex -36.3145 31.2219 4
    endloop
  endfacet
  facet normal -0 -0 1
    outer loop
      vertex -36.4294 31.6506 4
      vertex -8.41903 20.3253 4
      vertex -38 40 4
    endloop
  endfacet
  facet normal 0 0 1
    outer loop
      vertex -8.41903 20.3253 4
      vertex -36.4294 31.6506 4
      vertex -36.3579 31.44 4
    endloop
  endfacet
  facet normal 0 0 1
    outer loop
      vertex -36.4294 31.6506 4
      vertex -38 40 4
      vertex -36.5278 31.85 4
    endloop
  endfacet
  facet normal 0 0 1
    outer loop
      vertex -36.5278 31.85 4
      vertex -38 40 4
      vertex -36.6513 32.0349 4
    endloop
  endfacet
  facet normal 0 0 1
    outer loop
      vertex -36.6513 32.0349 4
      vertex -38 40 4
      vertex -36.7979 32.2021 4
    endloop
  endfacet
  facet normal 0 0 1
    outer loop
      vertex -36.7979 32.2021 4
      vertex -38 40 4
      vertex -36.9651 32.3487 4
    endloop
  endfacet
  facet normal 0 0 1
    outer loop
      vertex -36.9651 32.3487 4
      vertex -38 40 4
      vertex -37.15 32.4722 4
    endloop
  endfacet
  facet normal 0 0 1
    outer loop
      vertex -37.15 32.4722 4
      vertex -38 40 4
      vertex -37.3494 32.5706 4
    endloop
  endfacet
  facet normal 0 0 1
    outer loop
      vertex -37.3494 32.5706 4
      vertex -38 40 4
      vertex -37.56 32.6421 4
    endloop
  endfacet
  facet normal 0 0 1
    outer loop
      vertex -37.56 32.6421 4
      vertex -38 40 4
      vertex -37.7781 32.6855 4
    endloop
  endfacet
  facet normal 0 0 1
    outer loop
      vertex -38 40 4
      vertex -38 32.7 4
      vertex -37.7781 32.6855 4
    endloop
  endfacet
  facet normal 0 0 1
    outer loop
      vertex -38 40 4
      vertex -38.2219 32.6855 4
      vertex -38 32.7 4
    endloop
  endfacet
  facet normal -0 0 1
    outer loop
      vertex -39.3053 39.9144 4
      vertex -38.2219 32.6855 4
      vertex -38 40 4
    endloop
  endfacet
  facet normal 0 0 1
    outer loop
      vertex -38.2219 32.6855 4
      vertex -39.3053 39.9144 4
      vertex -38.44 32.6421 4
    endloop
  endfacet
  facet normal -0 0 1
    outer loop
      vertex -40.5882 39.6593 4
      vertex -38.44 32.6421 4
      vertex -39.3053 39.9144 4
    endloop
  endfacet
  facet normal 0 0 1
    outer loop
      vertex -38.44 32.6421 4
      vertex -40.5882 39.6593 4
      vertex -38.6506 32.5706 4
    endloop
  endfacet
  facet normal -0 0 1
    outer loop
      vertex -41.8268 39.2388 4
      vertex -38.6506 32.5706 4
      vertex -40.5882 39.6593 4
    endloop
  endfacet
  facet normal 0 0 1
    outer loop
      vertex -38.6506 32.5706 4
      vertex -41.8268 39.2388 4
      vertex -38.85 32.4722 4
    endloop
  endfacet
  facet normal -0 0 1
    outer loop
      vertex -43 38.6603 4
      vertex -38.85 32.4722 4
      vertex -41.8268 39.2388 4
    endloop
  endfacet
  facet normal 0 0 1
    outer loop
      vertex -38.85 32.4722 4
      vertex -43 38.6603 4
      vertex -39.0349 32.3487 4
    endloop
  endfacet
  facet normal -0 0 1
    outer loop
      vertex -44.0876 37.9335 4
      vertex -39.0349 32.3487 4
      vertex -43 38.6603 4
    endloop
  endfacet
  facet normal 0 0 1
    outer loop
      vertex -39.0349 32.3487 4
      vertex -44.0876 37.9335 4
      vertex -39.2021 32.2021 4
    endloop
  endfacet
  facet normal -0 0 1
    outer loop
      vertex -45.0711 37.0711 4
      vertex -39.2021 32.2021 4
      vertex -44.0876 37.9335 4
    endloop
  endfacet
  facet normal 0 0 1
    outer loop
      vertex -39.2021 32.2021 4
      vertex -45.0711 37.0711 4
      vertex -39.3487 32.0349 4
    endloop
  endfacet
  facet normal -0 0 1
    outer loop
      vertex -45.9335 36.0876 4
      vertex -39.4722 31.85 4
      vertex -45.0711 37.0711 4
    endloop
  endfacet
  facet normal 0 0 1
    outer loop
      vertex -39.3487 32.0349 4
      vertex -45.0711 37.0711 4
      vertex -39.4722 31.85 4
    endloop
  endfacet
  facet normal 0 0 1
    outer loop
      vertex 45.9335 -36.0876 4
      vertex 39.4722 -31.85 4
      vertex 45.0711 -37.0711 4
    endloop
  endfacet
  facet normal -0 0 1
    outer loop
      vertex 39.3487 -32.0349 4
      vertex 45.0711 -37.0711 4
      vertex 39.4722 -31.85 4
    endloop
  endfacet
  facet normal -0 0 1
    outer loop
      vertex 39.2021 -32.2021 4
      vertex 45.0711 -37.0711 4
      vertex 39.3487 -32.0349 4
    endloop
  endfacet
  facet normal 0 0 1
    outer loop
      vertex 45.0711 -37.0711 4
      vertex 39.2021 -32.2021 4
      vertex 44.0876 -37.9335 4
    endloop
  endfacet
  facet normal -0 0 1
    outer loop
      vertex 39.0349 -32.3487 4
      vertex 44.0876 -37.9335 4
      vertex 39.2021 -32.2021 4
    endloop
  endfacet
  facet normal 0 0 1
    outer loop
      vertex 44.0876 -37.9335 4
      vertex 39.0349 -32.3487 4
      vertex 43 -38.6603 4
    endloop
  endfacet
  facet normal -0 0 1
    outer loop
      vertex 38.85 -32.4722 4
      vertex 43 -38.6603 4
      vertex 39.0349 -32.3487 4
    endloop
  endfacet
  facet normal 0 0 1
    outer loop
      vertex 43 -38.6603 4
      vertex 38.85 -32.4722 4
      vertex 41.8268 -39.2388 4
    endloop
  endfacet
  facet normal -0 0 1
    outer loop
      vertex 38.6506 -32.5706 4
      vertex 41.8268 -39.2388 4
      vertex 38.85 -32.4722 4
    endloop
  endfacet
  facet normal 0 0 1
    outer loop
      vertex 41.8268 -39.2388 4
      vertex 38.6506 -32.5706 4
      vertex 40.5882 -39.6593 4
    endloop
  endfacet
  facet normal -0 0 1
    outer loop
      vertex 38.44 -32.6421 4
      vertex 40.5882 -39.6593 4
      vertex 38.6506 -32.5706 4
    endloop
  endfacet
  facet normal 0 0 1
    outer loop
      vertex 40.5882 -39.6593 4
      vertex 38.44 -32.6421 4
      vertex 39.3053 -39.9144 4
    endloop
  endfacet
  facet normal -0 0 1
    outer loop
      vertex 38.2219 -32.6855 4
      vertex 39.3053 -39.9144 4
      vertex 38.44 -32.6421 4
    endloop
  endfacet
  facet normal 0 0 1
    outer loop
      vertex 38 -40 4
      vertex 38.2219 -32.6855 4
      vertex 38 -32.7 4
    endloop
  endfacet
  facet normal 0 0 1
    outer loop
      vertex 38.2219 -32.6855 4
      vertex 38 -40 4
      vertex 39.3053 -39.9144 4
    endloop
  endfacet
  facet normal 0 0 1
    outer loop
      vertex 37.7781 -32.6855 4
      vertex 38 -40 4
      vertex 38 -32.7 4
    endloop
  endfacet
  facet normal 0 0 1
    outer loop
      vertex 37.56 -32.6421 4
      vertex 38 -40 4
      vertex 37.7781 -32.6855 4
    endloop
  endfacet
  facet normal 0 0 1
    outer loop
      vertex 37.3494 -32.5706 4
      vertex 38 -40 4
      vertex 37.56 -32.6421 4
    endloop
  endfacet
  facet normal 0 0 1
    outer loop
      vertex 37.15 -32.4722 4
      vertex 38 -40 4
      vertex 37.3494 -32.5706 4
    endloop
  endfacet
  facet normal 0 0 1
    outer loop
      vertex 36.9651 -32.3487 4
      vertex 38 -40 4
      vertex 37.15 -32.4722 4
    endloop
  endfacet
  facet normal 0 0 1
    outer loop
      vertex 36.7979 -32.2021 4
      vertex 38 -40 4
      vertex 36.9651 -32.3487 4
    endloop
  endfacet
  facet normal 0 0 1
    outer loop
      vertex 36.6513 -32.0349 4
      vertex 38 -40 4
      vertex 36.7979 -32.2021 4
    endloop
  endfacet
  facet normal 0 0 1
    outer loop
      vertex 36.5278 -31.85 4
      vertex 38 -40 4
      vertex 36.6513 -32.0349 4
    endloop
  endfacet
  facet normal 0 0 1
    outer loop
      vertex 12.1393 -34.0912 4
      vertex 36.5278 -31.85 4
      vertex 36.4294 -31.6506 4
    endloop
  endfacet
  facet normal 0 0 1
    outer loop
      vertex 12.2222 -33.6742 4
      vertex 36.4294 -31.6506 4
      vertex 36.3579 -31.44 4
    endloop
  endfacet
  facet normal 0 0 1
    outer loop
      vertex 12.25 -33.25 4
      vertex 36.3579 -31.44 4
      vertex 36.3145 -31.2219 4
    endloop
  endfacet
  facet normal -0 0 1
    outer loop
      vertex 15.5563 -15.5563 4
      vertex 36.6513 -29.9651 4
      vertex 17.4538 -13.3928 4
    endloop
  endfacet
  facet normal 0 0 1
    outer loop
      vertex 36.6513 -29.9651 4
      vertex 15.5563 -15.5563 4
      vertex 36.5278 -30.15 4
    endloop
  endfacet
  facet normal 0 0 1
    outer loop
      vertex 36.5278 -30.15 4
      vertex 15.5563 -15.5563 4
      vertex 36.4294 -30.3494 4
    endloop
  endfacet
  facet normal 0 0 1
    outer loop
      vertex 36.4294 -30.3494 4
      vertex 15.5563 -15.5563 4
      vertex 36.3579 -30.56 4
    endloop
  endfacet
  facet normal 0 0 1
    outer loop
      vertex 12.2222 -32.8258 4
      vertex 36.3579 -30.56 4
      vertex 15.5563 -15.5563 4
    endloop
  endfacet
  facet normal 0 0 1
    outer loop
      vertex 12.2222 -32.8258 4
      vertex 36.3145 -30.7781 4
      vertex 36.3579 -30.56 4
    endloop
  endfacet
  facet normal 0 0 1
    outer loop
      vertex 12.2222 -32.8258 4
      vertex 36.3 -31 4
      vertex 36.3145 -30.7781 4
    endloop
  endfacet
  facet normal 0 0 1
    outer loop
      vertex 12.2222 -32.8258 4
      vertex 36.3145 -31.2219 4
      vertex 36.3 -31 4
    endloop
  endfacet
  facet normal 0 0 1
    outer loop
      vertex 11.8146 -31.625 4
      vertex 15.5563 -15.5563 4
      vertex 13.3928 -17.4538 4
    endloop
  endfacet
  facet normal 0 0 1
    outer loop
      vertex 36.3579 -31.44 4
      vertex 12.25 -33.25 4
      vertex 12.2222 -33.6742 4
    endloop
  endfacet
  facet normal 0 0 1
    outer loop
      vertex 36.4294 -31.6506 4
      vertex 12.2222 -33.6742 4
      vertex 12.1393 -34.0912 4
    endloop
  endfacet
  facet normal 0 0 1
    outer loop
      vertex 36.5278 -31.85 4
      vertex 12.1393 -34.0912 4
      vertex 38 -40 4
    endloop
  endfacet
  facet normal -0 0 1
    outer loop
      vertex 12.0026 -34.4937 4
      vertex 38 -40 4
      vertex 12.1393 -34.0912 4
    endloop
  endfacet
  facet normal -0 0 1
    outer loop
      vertex 11.8146 -34.875 4
      vertex 38 -40 4
      vertex 12.0026 -34.4937 4
    endloop
  endfacet
  facet normal -0 0 1
    outer loop
      vertex 11.5784 -35.2285 4
      vertex 38 -40 4
      vertex 11.8146 -34.875 4
    endloop
  endfacet
  facet normal -0 0 1
    outer loop
      vertex 11.2981 -35.5481 4
      vertex 38 -40 4
      vertex 11.5784 -35.2285 4
    endloop
  endfacet
  facet normal -0 0 1
    outer loop
      vertex 10.9785 -35.8284 4
      vertex 38 -40 4
      vertex 11.2981 -35.5481 4
    endloop
  endfacet
  facet normal -0 0 1
    outer loop
      vertex 10.625 -36.0646 4
      vertex 38 -40 4
      vertex 10.9785 -35.8284 4
    endloop
  endfacet
  facet normal -0 0 1
    outer loop
      vertex 10.2437 -36.2526 4
      vertex 38 -40 4
      vertex 10.625 -36.0646 4
    endloop
  endfacet
  facet normal -0 0 1
    outer loop
      vertex 9.84116 -36.3893 4
      vertex 38 -40 4
      vertex 10.2437 -36.2526 4
    endloop
  endfacet
  facet normal -0 0 1
    outer loop
      vertex 9.42421 -36.4722 4
      vertex 38 -40 4
      vertex 9.84116 -36.3893 4
    endloop
  endfacet
  facet normal -0 0 1
    outer loop
      vertex 9 -36.5 4
      vertex 38 -40 4
      vertex 9.42421 -36.4722 4
    endloop
  endfacet
  facet normal -0 0 1
    outer loop
      vertex -9 -36.5 4
      vertex 38 -40 4
      vertex 9 -36.5 4
    endloop
  endfacet
  facet normal 0 0 1
    outer loop
      vertex -38 -40 4
      vertex -9 -36.5 4
      vertex -9.42421 -36.4722 4
    endloop
  endfacet
  facet normal 0 0 1
    outer loop
      vertex -12.1393 -32.4088 4
      vertex -36.3 -31 4
      vertex -12.2222 -32.8258 4
    endloop
  endfacet
  facet normal -0 0 1
    outer loop
      vertex -36.3145 -31.2219 4
      vertex -12.2222 -32.8258 4
      vertex -36.3 -31 4
    endloop
  endfacet
  facet normal 0 0 1
    outer loop
      vertex -36.3 -31 4
      vertex -15.5563 -15.5563 4
      vertex -17.4538 -13.3928 4
    endloop
  endfacet
  facet normal 0 0 1
    outer loop
      vertex -12.2222 -32.8258 4
      vertex -36.3145 -31.2219 4
      vertex -12.25 -33.25 4
    endloop
  endfacet
  facet normal 0 0 1
    outer loop
      vertex -36.3 -31 4
      vertex -17.4538 -13.3928 4
      vertex -19.0526 -11 4
    endloop
  endfacet
  facet normal 0 0 1
    outer loop
      vertex -36.3 -31 4
      vertex -19.0526 -11 4
      vertex -20.3253 -8.41903 4
    endloop
  endfacet
  facet normal 0 0 1
    outer loop
      vertex -36.3 -31 4
      vertex -20.3253 -8.41903 4
      vertex -21.2504 -5.69402 4
    endloop
  endfacet
  facet normal -0 0 1
    outer loop
      vertex -36.7979 29.7979 4
      vertex -17.4538 13.3928 4
      vertex -36.6513 29.9651 4
    endloop
  endfacet
  facet normal 0 0 1
    outer loop
      vertex -22 0 4
      vertex -36.3 -31 4
      vertex -21.8118 -2.87158 4
    endloop
  endfacet
  facet normal 0 0 1
    outer loop
      vertex -21.8118 -2.87158 4
      vertex -36.3 -31 4
      vertex -21.2504 -5.69402 4
    endloop
  endfacet
  facet normal -0 0 1
    outer loop
      vertex -36.3579 -31.44 4
      vertex -12.25 -33.25 4
      vertex -36.3145 -31.2219 4
    endloop
  endfacet
  facet normal 0 0 1
    outer loop
      vertex -12.25 -33.25 4
      vertex -36.3579 -31.44 4
      vertex -12.2222 -33.6742 4
    endloop
  endfacet
  facet normal -0 0 1
    outer loop
      vertex -36.4294 -31.6506 4
      vertex -12.2222 -33.6742 4
      vertex -36.3579 -31.44 4
    endloop
  endfacet
  facet normal 0 0 1
    outer loop
      vertex -12.2222 -33.6742 4
      vertex -36.4294 -31.6506 4
      vertex -12.1393 -34.0912 4
    endloop
  endfacet
  facet normal -0 0 1
    outer loop
      vertex -36.5278 -31.85 4
      vertex -12.1393 -34.0912 4
      vertex -36.4294 -31.6506 4
    endloop
  endfacet
  facet normal 0 0 1
    outer loop
      vertex -38 -40 4
      vertex -12.1393 -34.0912 4
      vertex -36.5278 -31.85 4
    endloop
  endfacet
  facet normal 0 0 1
    outer loop
      vertex -12.1393 -34.0912 4
      vertex -38 -40 4
      vertex -12.0026 -34.4937 4
    endloop
  endfacet
  facet normal 0 0 1
    outer loop
      vertex -12.0026 -34.4937 4
      vertex -38 -40 4
      vertex -11.8146 -34.875 4
    endloop
  endfacet
  facet normal 0 0 1
    outer loop
      vertex -11.8146 -34.875 4
      vertex -38 -40 4
      vertex -11.5784 -35.2285 4
    endloop
  endfacet
  facet normal 0 0 1
    outer loop
      vertex -11.5784 -35.2285 4
      vertex -38 -40 4
      vertex -11.2981 -35.5481 4
    endloop
  endfacet
  facet normal 0 0 1
    outer loop
      vertex -11.2981 -35.5481 4
      vertex -38 -40 4
      vertex -10.9785 -35.8284 4
    endloop
  endfacet
  facet normal 0 0 1
    outer loop
      vertex -10.9785 -35.8284 4
      vertex -38 -40 4
      vertex -10.625 -36.0646 4
    endloop
  endfacet
  facet normal 0 0 1
    outer loop
      vertex -10.625 -36.0646 4
      vertex -38 -40 4
      vertex -10.2437 -36.2526 4
    endloop
  endfacet
  facet normal 0 0 1
    outer loop
      vertex -10.2437 -36.2526 4
      vertex -38 -40 4
      vertex -9.84116 -36.3893 4
    endloop
  endfacet
  facet normal 0 0 1
    outer loop
      vertex -38 -40 4
      vertex -36.5278 -31.85 4
      vertex -36.6513 -32.0349 4
    endloop
  endfacet
  facet normal 0 0 1
    outer loop
      vertex -38 -40 4
      vertex -36.6513 -32.0349 4
      vertex -36.7979 -32.2021 4
    endloop
  endfacet
  facet normal 0 0 1
    outer loop
      vertex -38 -40 4
      vertex -36.7979 -32.2021 4
      vertex -36.9651 -32.3487 4
    endloop
  endfacet
  facet normal 0 0 1
    outer loop
      vertex -38 -40 4
      vertex -36.9651 -32.3487 4
      vertex -37.15 -32.4722 4
    endloop
  endfacet
  facet normal 0 0 1
    outer loop
      vertex -38 -40 4
      vertex -37.15 -32.4722 4
      vertex -37.3494 -32.5706 4
    endloop
  endfacet
  facet normal 0 0 1
    outer loop
      vertex -38 -40 4
      vertex -37.3494 -32.5706 4
      vertex -37.56 -32.6421 4
    endloop
  endfacet
  facet normal 0 0 1
    outer loop
      vertex -38 -40 4
      vertex -37.56 -32.6421 4
      vertex -37.7781 -32.6855 4
    endloop
  endfacet
  facet normal 0 0 1
    outer loop
      vertex -38 -40 4
      vertex -37.7781 -32.6855 4
      vertex -38 -32.7 4
    endloop
  endfacet
  facet normal 0 0 1
    outer loop
      vertex -9 -36.5 4
      vertex -38 -40 4
      vertex 38 -40 4
    endloop
  endfacet
  facet normal 0 0 1
    outer loop
      vertex -9.84116 -36.3893 4
      vertex -38 -40 4
      vertex -9.42421 -36.4722 4
    endloop
  endfacet
  facet normal 0 0 1
    outer loop
      vertex -38.2219 -32.6855 4
      vertex -38 -40 4
      vertex -38 -32.7 4
    endloop
  endfacet
  facet normal 0 0 1
    outer loop
      vertex -39.3053 -39.9144 4
      vertex -38.2219 -32.6855 4
      vertex -38.44 -32.6421 4
    endloop
  endfacet
  facet normal 0 0 1
    outer loop
      vertex -40.5882 -39.6593 4
      vertex -38.44 -32.6421 4
      vertex -38.6506 -32.5706 4
    endloop
  endfacet
  facet normal 0 0 1
    outer loop
      vertex -41.8268 -39.2388 4
      vertex -38.6506 -32.5706 4
      vertex -38.85 -32.4722 4
    endloop
  endfacet
  facet normal 0 0 1
    outer loop
      vertex -43 -38.6603 4
      vertex -38.85 -32.4722 4
      vertex -39.0349 -32.3487 4
    endloop
  endfacet
  facet normal 0 0 1
    outer loop
      vertex -44.0876 -37.9335 4
      vertex -39.0349 -32.3487 4
      vertex -39.2021 -32.2021 4
    endloop
  endfacet
  facet normal 0 0 1
    outer loop
      vertex -38.2219 -32.6855 4
      vertex -39.3053 -39.9144 4
      vertex -38 -40 4
    endloop
  endfacet
  facet normal 0 0 1
    outer loop
      vertex -45.0711 -37.0711 4
      vertex -39.2021 -32.2021 4
      vertex -39.3487 -32.0349 4
    endloop
  endfacet
  facet normal 0 0 1
    outer loop
      vertex -45.0711 -37.0711 4
      vertex -39.3487 -32.0349 4
      vertex -39.4722 -31.85 4
    endloop
  endfacet
  facet normal 0 0 1
    outer loop
      vertex -45.9335 -36.0876 4
      vertex -39.4722 -31.85 4
      vertex -39.5706 -31.6506 4
    endloop
  endfacet
  facet normal 0 0 1
    outer loop
      vertex -46.6603 -35 4
      vertex -39.5706 -31.6506 4
      vertex -39.6421 -31.44 4
    endloop
  endfacet
  facet normal 0 0 1
    outer loop
      vertex -47.2388 -33.8268 4
      vertex -39.6421 -31.44 4
      vertex -39.6855 -31.2219 4
    endloop
  endfacet
  facet normal 0 0 1
    outer loop
      vertex -47.6593 -32.5882 4
      vertex -39.6855 -31.2219 4
      vertex -39.7 -31 4
    endloop
  endfacet
  facet normal 0 0 1
    outer loop
      vertex -38.44 -32.6421 4
      vertex -40.5882 -39.6593 4
      vertex -39.3053 -39.9144 4
    endloop
  endfacet
  facet normal 0 0 1
    outer loop
      vertex -39.6421 -30.56 4
      vertex -48 -30 4
      vertex -39.6855 -30.7781 4
    endloop
  endfacet
  facet normal 0 0 1
    outer loop
      vertex -39.4722 31.85 4
      vertex -45.9335 36.0876 4
      vertex -39.5706 31.6506 4
    endloop
  endfacet
  facet normal 0 -0 1
    outer loop
      vertex -47.9144 -31.3053 4
      vertex -39.6855 -30.7781 4
      vertex -48 -30 4
    endloop
  endfacet
  facet normal -0 0 1
    outer loop
      vertex -46.6603 35 4
      vertex -39.5706 31.6506 4
      vertex -45.9335 36.0876 4
    endloop
  endfacet
  facet normal 0 0 1
    outer loop
      vertex -39.6855 -30.7781 4
      vertex -47.9144 -31.3053 4
      vertex -39.7 -31 4
    endloop
  endfacet
  facet normal 0 0 1
    outer loop
      vertex -39.5706 31.6506 4
      vertex -46.6603 35 4
      vertex -39.6421 31.44 4
    endloop
  endfacet
  facet normal 0 0 1
    outer loop
      vertex -38.6506 -32.5706 4
      vertex -41.8268 -39.2388 4
      vertex -40.5882 -39.6593 4
    endloop
  endfacet
  facet normal -0 0 1
    outer loop
      vertex -47.2388 33.8268 4
      vertex -39.6421 31.44 4
      vertex -46.6603 35 4
    endloop
  endfacet
  facet normal 0 0 1
    outer loop
      vertex -38.85 -32.4722 4
      vertex -43 -38.6603 4
      vertex -41.8268 -39.2388 4
    endloop
  endfacet
  facet normal 0 0 1
    outer loop
      vertex -39.6421 31.44 4
      vertex -47.2388 33.8268 4
      vertex -39.6855 31.2219 4
    endloop
  endfacet
  facet normal 0 0 1
    outer loop
      vertex -39.0349 -32.3487 4
      vertex -44.0876 -37.9335 4
      vertex -43 -38.6603 4
    endloop
  endfacet
  facet normal -0 0 1
    outer loop
      vertex -47.6593 32.5882 4
      vertex -39.6855 31.2219 4
      vertex -47.2388 33.8268 4
    endloop
  endfacet
  facet normal 0 0 1
    outer loop
      vertex -39.2021 -32.2021 4
      vertex -45.0711 -37.0711 4
      vertex -44.0876 -37.9335 4
    endloop
  endfacet
  facet normal 0 0 1
    outer loop
      vertex -39.6855 31.2219 4
      vertex -47.6593 32.5882 4
      vertex -39.7 31 4
    endloop
  endfacet
  facet normal 0 0 1
    outer loop
      vertex -39.4722 -31.85 4
      vertex -45.9335 -36.0876 4
      vertex -45.0711 -37.0711 4
    endloop
  endfacet
  facet normal -0 0 1
    outer loop
      vertex -47.9144 31.3053 4
      vertex -39.7 31 4
      vertex -47.6593 32.5882 4
    endloop
  endfacet
  facet normal 0 0 1
    outer loop
      vertex -39.5706 -31.6506 4
      vertex -46.6603 -35 4
      vertex -45.9335 -36.0876 4
    endloop
  endfacet
  facet normal 0 0 1
    outer loop
      vertex -39.6855 30.7781 4
      vertex -47.9144 31.3053 4
      vertex -48 30 4
    endloop
  endfacet
  facet normal 0 0 1
    outer loop
      vertex -39.6421 -31.44 4
      vertex -47.2388 -33.8268 4
      vertex -46.6603 -35 4
    endloop
  endfacet
  facet normal 0 0 1
    outer loop
      vertex -39.6855 -31.2219 4
      vertex -47.6593 -32.5882 4
      vertex -47.2388 -33.8268 4
    endloop
  endfacet
  facet normal 0 0 1
    outer loop
      vertex -39.7 -31 4
      vertex -47.9144 -31.3053 4
      vertex -47.6593 -32.5882 4
    endloop
  endfacet
  facet normal 0.980798 0.195028 0
    outer loop
      vertex 47.9144 31.3053 4
      vertex 47.6593 32.5882 0
      vertex 47.6593 32.5882 4
    endloop
  endfacet
  facet normal 0.980798 0.195028 0
    outer loop
      vertex 47.6593 32.5882 0
      vertex 47.9144 31.3053 4
      vertex 47.9144 31.3053 0
    endloop
  endfacet
  facet normal 0.6593 -0.75188 0
    outer loop
      vertex 44.0876 -37.9335 0
      vertex 45.0711 -37.0711 4
      vertex 44.0876 -37.9335 4
    endloop
  endfacet
  facet normal 0.6593 -0.75188 0
    outer loop
      vertex 45.0711 -37.0711 4
      vertex 44.0876 -37.9335 0
      vertex 45.0711 -37.0711 0
    endloop
  endfacet
  facet normal 0.195028 -0.980798 0
    outer loop
      vertex 39.3053 -39.9144 0
      vertex 40.5882 -39.6593 4
      vertex 39.3053 -39.9144 4
    endloop
  endfacet
  facet normal 0.195028 -0.980798 0
    outer loop
      vertex 40.5882 -39.6593 4
      vertex 39.3053 -39.9144 0
      vertex 40.5882 -39.6593 0
    endloop
  endfacet
  facet normal 0.75188 -0.6593 0
    outer loop
      vertex 45.0711 -37.0711 4
      vertex 45.9335 -36.0876 0
      vertex 45.9335 -36.0876 4
    endloop
  endfacet
  facet normal 0.75188 -0.6593 0
    outer loop
      vertex 45.9335 -36.0876 0
      vertex 45.0711 -37.0711 4
      vertex 45.0711 -37.0711 0
    endloop
  endfacet
  facet normal -0.0654382 0.997857 0
    outer loop
      vertex -38 40 0
      vertex -39.3053 39.9144 4
      vertex -38 40 4
    endloop
  endfacet
  facet normal -0.0654382 0.997857 0
    outer loop
      vertex -39.3053 39.9144 4
      vertex -38 40 0
      vertex -39.3053 39.9144 0
    endloop
  endfacet
  facet normal 0.442253 -0.89689 0
    outer loop
      vertex 41.8268 -39.2388 0
      vertex 43 -38.6603 4
      vertex 41.8268 -39.2388 4
    endloop
  endfacet
  facet normal 0.442253 -0.89689 0
    outer loop
      vertex 43 -38.6603 4
      vertex 41.8268 -39.2388 0
      vertex 43 -38.6603 0
    endloop
  endfacet
  facet normal 0.997857 0.0654382 0
    outer loop
      vertex 48 30 4
      vertex 47.9144 31.3053 0
      vertex 47.9144 31.3053 4
    endloop
  endfacet
  facet normal 0.997857 0.0654382 0
    outer loop
      vertex 47.9144 31.3053 0
      vertex 48 30 4
      vertex 48 30 0
    endloop
  endfacet
  facet normal -0.555617 -0.831438 0
    outer loop
      vertex -44.0876 -37.9335 0
      vertex -43 -38.6603 4
      vertex -44.0876 -37.9335 4
    endloop
  endfacet
  facet normal -0.555617 -0.831438 -0
    outer loop
      vertex -43 -38.6603 4
      vertex -44.0876 -37.9335 0
      vertex -43 -38.6603 0
    endloop
  endfacet
  facet normal -0.0654382 -0.997857 0
    outer loop
      vertex -39.3053 -39.9144 0
      vertex -38 -40 4
      vertex -39.3053 -39.9144 4
    endloop
  endfacet
  facet normal -0.0654382 -0.997857 -0
    outer loop
      vertex -38 -40 4
      vertex -39.3053 -39.9144 0
      vertex -38 -40 0
    endloop
  endfacet
  facet normal 0 0 -1
    outer loop
      vertex -36.9651 -29.6513 0
      vertex -10.9785 -30.6716 0
      vertex -36.7979 -29.7979 0
    endloop
  endfacet
  facet normal 0 0 -1
    outer loop
      vertex -4.5 0 0
      vertex -36.3145 30.7781 0
      vertex -36.3 31 0
    endloop
  endfacet
  facet normal 0 0 -1
    outer loop
      vertex -10.9785 -30.6716 0
      vertex -36.9651 -29.6513 0
      vertex -3.89711 -2.25 0
    endloop
  endfacet
  facet normal 0 0 -1
    outer loop
      vertex -4.5 0 0
      vertex -36.3579 30.56 0
      vertex -36.3145 30.7781 0
    endloop
  endfacet
  facet normal -0 0 -1
    outer loop
      vertex -3.89711 -2.25 0
      vertex -36.9651 -29.6513 0
      vertex -4.15746 -1.72207 0
    endloop
  endfacet
  facet normal 0 0 -1
    outer loop
      vertex -4.5 0 0
      vertex -36.4294 30.3494 0
      vertex -36.3579 30.56 0
    endloop
  endfacet
  facet normal 0 0 -1
    outer loop
      vertex -37.15 -29.5278 0
      vertex -4.15746 -1.72207 0
      vertex -36.9651 -29.6513 0
    endloop
  endfacet
  facet normal 0 0 -1
    outer loop
      vertex -4.5 0 0
      vertex -36.5278 30.15 0
      vertex -36.4294 30.3494 0
    endloop
  endfacet
  facet normal -0 0 -1
    outer loop
      vertex -4.15746 -1.72207 0
      vertex -37.15 -29.5278 0
      vertex -4.34667 -1.16469 0
    endloop
  endfacet
  facet normal 0 0 -1
    outer loop
      vertex -4.5 0 0
      vertex -36.6513 29.9651 0
      vertex -36.5278 30.15 0
    endloop
  endfacet
  facet normal 0 0 -1
    outer loop
      vertex -37.3494 -29.4294 0
      vertex -4.34667 -1.16469 0
      vertex -37.15 -29.5278 0
    endloop
  endfacet
  facet normal 0 0 -1
    outer loop
      vertex -4.5 0 0
      vertex -36.7979 29.7979 0
      vertex -36.6513 29.9651 0
    endloop
  endfacet
  facet normal -0 0 -1
    outer loop
      vertex -4.34667 -1.16469 0
      vertex -37.3494 -29.4294 0
      vertex -4.4615 -0.587367 0
    endloop
  endfacet
  facet normal 0 0 -1
    outer loop
      vertex -4.5 0 0
      vertex -36.9651 29.6513 0
      vertex -36.7979 29.7979 0
    endloop
  endfacet
  facet normal 0 0 -1
    outer loop
      vertex -37.56 -29.3579 0
      vertex -4.4615 -0.587367 0
      vertex -37.3494 -29.4294 0
    endloop
  endfacet
  facet normal 0 0 -1
    outer loop
      vertex -4.5 0 0
      vertex -37.15 29.5278 0
      vertex -36.9651 29.6513 0
    endloop
  endfacet
  facet normal -0 0 -1
    outer loop
      vertex -4.4615 -0.587367 0
      vertex -37.56 -29.3579 0
      vertex -4.5 0 0
    endloop
  endfacet
  facet normal 0 0 -1
    outer loop
      vertex -4.5 0 0
      vertex -37.3494 29.4294 0
      vertex -37.15 29.5278 0
    endloop
  endfacet
  facet normal 0 0 -1
    outer loop
      vertex -37.7781 -29.3145 0
      vertex -4.5 0 0
      vertex -37.56 -29.3579 0
    endloop
  endfacet
  facet normal 0 0 -1
    outer loop
      vertex -4.5 0 0
      vertex -37.56 29.3579 0
      vertex -37.3494 29.4294 0
    endloop
  endfacet
  facet normal 0 0 -1
    outer loop
      vertex -37.7781 29.3145 0
      vertex -4.5 0 0
      vertex -37.7781 -29.3145 0
    endloop
  endfacet
  facet normal 0 0 -1
    outer loop
      vertex -4.5 0 0
      vertex -37.7781 29.3145 0
      vertex -37.56 29.3579 0
    endloop
  endfacet
  facet normal 0 0 -1
    outer loop
      vertex -38 -29.3 0
      vertex -37.7781 29.3145 0
      vertex -37.7781 -29.3145 0
    endloop
  endfacet
  facet normal 0 0 -1
    outer loop
      vertex -38 -29.3 0
      vertex -38 29.3 0
      vertex -37.7781 29.3145 0
    endloop
  endfacet
  facet normal 0 0 -1
    outer loop
      vertex -38.2219 -29.3145 0
      vertex -38 29.3 0
      vertex -38 -29.3 0
    endloop
  endfacet
  facet normal 0 0 -1
    outer loop
      vertex -38.2219 -29.3145 0
      vertex -38.2219 29.3145 0
      vertex -38 29.3 0
    endloop
  endfacet
  facet normal 0 0 -1
    outer loop
      vertex -38.44 -29.3579 0
      vertex -38.2219 29.3145 0
      vertex -38.2219 -29.3145 0
    endloop
  endfacet
  facet normal 0 0 -1
    outer loop
      vertex -38.44 -29.3579 0
      vertex -38.44 29.3579 0
      vertex -38.2219 29.3145 0
    endloop
  endfacet
  facet normal 0 0 -1
    outer loop
      vertex -48 -30 0
      vertex -38.44 -29.3579 0
      vertex -38.6506 -29.4294 0
    endloop
  endfacet
  facet normal -0 0 -1
    outer loop
      vertex -38.44 -29.3579 0
      vertex -48 -30 0
      vertex -38.44 29.3579 0
    endloop
  endfacet
  facet normal 0 0 -1
    outer loop
      vertex -48 -30 0
      vertex -38.6506 -29.4294 0
      vertex -38.85 -29.5278 0
    endloop
  endfacet
  facet normal 0 0 -1
    outer loop
      vertex -48 30 0
      vertex -38.44 29.3579 0
      vertex -48 -30 0
    endloop
  endfacet
  facet normal 0 0 -1
    outer loop
      vertex -48 -30 0
      vertex -38.85 -29.5278 0
      vertex -39.0349 -29.6513 0
    endloop
  endfacet
  facet normal 0 0 -1
    outer loop
      vertex -38.44 29.3579 0
      vertex -48 30 0
      vertex -38.6506 29.4294 0
    endloop
  endfacet
  facet normal 0 0 -1
    outer loop
      vertex -48 -30 0
      vertex -39.0349 -29.6513 0
      vertex -39.2021 -29.7979 0
    endloop
  endfacet
  facet normal 0 0 -1
    outer loop
      vertex -38.6506 29.4294 0
      vertex -48 30 0
      vertex -38.85 29.5278 0
    endloop
  endfacet
  facet normal 0 0 -1
    outer loop
      vertex -48 -30 0
      vertex -39.2021 -29.7979 0
      vertex -39.3487 -29.9651 0
    endloop
  endfacet
  facet normal 0 0 -1
    outer loop
      vertex -38.85 29.5278 0
      vertex -48 30 0
      vertex -39.0349 29.6513 0
    endloop
  endfacet
  facet normal 0 0 -1
    outer loop
      vertex -48 -30 0
      vertex -39.3487 -29.9651 0
      vertex -39.4722 -30.15 0
    endloop
  endfacet
  facet normal 0 0 -1
    outer loop
      vertex -39.0349 29.6513 0
      vertex -48 30 0
      vertex -39.2021 29.7979 0
    endloop
  endfacet
  facet normal 0 0 -1
    outer loop
      vertex -48 -30 0
      vertex -39.4722 -30.15 0
      vertex -39.5706 -30.3494 0
    endloop
  endfacet
  facet normal 0 0 -1
    outer loop
      vertex -39.2021 29.7979 0
      vertex -48 30 0
      vertex -39.3487 29.9651 0
    endloop
  endfacet
  facet normal 0 0 -1
    outer loop
      vertex -48 -30 0
      vertex -39.5706 -30.3494 0
      vertex -39.6421 -30.56 0
    endloop
  endfacet
  facet normal 0 0 -1
    outer loop
      vertex -39.3487 29.9651 0
      vertex -48 30 0
      vertex -39.4722 30.15 0
    endloop
  endfacet
  facet normal 0 0 -1
    outer loop
      vertex -48 -30 0
      vertex -39.6421 -30.56 0
      vertex -39.6855 -30.7781 0
    endloop
  endfacet
  facet normal -0 0 -1
    outer loop
      vertex -39.4722 30.15 0
      vertex -48 30 0
      vertex -39.5706 30.3494 0
    endloop
  endfacet
  facet normal 0 0 -1
    outer loop
      vertex -47.9144 -31.3053 0
      vertex -39.6855 -30.7781 0
      vertex -39.7 -31 0
    endloop
  endfacet
  facet normal -0 0 -1
    outer loop
      vertex -39.5706 30.3494 0
      vertex -48 30 0
      vertex -39.6421 30.56 0
    endloop
  endfacet
  facet normal 0 0 -1
    outer loop
      vertex 37.56 -29.3579 0
      vertex 4.4615 -0.587367 0
      vertex 4.5 0 0
    endloop
  endfacet
  facet normal 0 0 -1
    outer loop
      vertex 9.42421 -30.0278 0
      vertex 4.34667 -1.16469 0
      vertex 4.4615 -0.587367 0
    endloop
  endfacet
  facet normal 0 0 -1
    outer loop
      vertex 9.42421 -30.0278 0
      vertex 4.15746 -1.72207 0
      vertex 4.34667 -1.16469 0
    endloop
  endfacet
  facet normal 0 0 -1
    outer loop
      vertex 9.42421 -30.0278 0
      vertex 3.89711 -2.25 0
      vertex 4.15746 -1.72207 0
    endloop
  endfacet
  facet normal 0 0 -1
    outer loop
      vertex 9.42421 -30.0278 0
      vertex 3.57009 -2.73943 0
      vertex 3.89711 -2.25 0
    endloop
  endfacet
  facet normal 0 0 -1
    outer loop
      vertex 9.42421 -30.0278 0
      vertex 3.18198 -3.18198 0
      vertex 3.57009 -2.73943 0
    endloop
  endfacet
  facet normal 0 0 -1
    outer loop
      vertex 9.42421 -30.0278 0
      vertex 2.73943 -3.57009 0
      vertex 3.18198 -3.18198 0
    endloop
  endfacet
  facet normal 0 0 -1
    outer loop
      vertex 9.42421 -30.0278 0
      vertex 2.25 -3.89711 0
      vertex 2.73943 -3.57009 0
    endloop
  endfacet
  facet normal 0 0 -1
    outer loop
      vertex 9 -30 0
      vertex 1.72207 -4.15746 0
      vertex 2.25 -3.89711 0
    endloop
  endfacet
  facet normal 0 0 -1
    outer loop
      vertex 9 -30 0
      vertex 1.16469 -4.34667 0
      vertex 1.72207 -4.15746 0
    endloop
  endfacet
  facet normal 0 0 -1
    outer loop
      vertex 9 -30 0
      vertex 0.587367 -4.4615 0
      vertex 1.16469 -4.34667 0
    endloop
  endfacet
  facet normal 0 0 -1
    outer loop
      vertex 9 -30 0
      vertex 0 -4.5 0
      vertex 0.587367 -4.4615 0
    endloop
  endfacet
  facet normal 0 0 -1
    outer loop
      vertex -9 -30 0
      vertex 0 -4.5 0
      vertex 9 -30 0
    endloop
  endfacet
  facet normal -0 0 -1
    outer loop
      vertex 0 -4.5 0
      vertex -9 -30 0
      vertex -0.587367 -4.4615 0
    endloop
  endfacet
  facet normal -0 0 -1
    outer loop
      vertex -0.587367 -4.4615 0
      vertex -9 -30 0
      vertex -1.16469 -4.34667 0
    endloop
  endfacet
  facet normal -0 0 -1
    outer loop
      vertex -1.16469 -4.34667 0
      vertex -9 -30 0
      vertex -1.72207 -4.15746 0
    endloop
  endfacet
  facet normal -0 0 -1
    outer loop
      vertex -1.72207 -4.15746 0
      vertex -9 -30 0
      vertex -2.25 -3.89711 0
    endloop
  endfacet
  facet normal 0 0 -1
    outer loop
      vertex -9.42421 -30.0278 0
      vertex -2.25 -3.89711 0
      vertex -9 -30 0
    endloop
  endfacet
  facet normal -0 0 -1
    outer loop
      vertex -2.25 -3.89711 0
      vertex -9.42421 -30.0278 0
      vertex -2.73943 -3.57009 0
    endloop
  endfacet
  facet normal 0 0 -1
    outer loop
      vertex -9.84116 -30.1107 0
      vertex -2.73943 -3.57009 0
      vertex -9.42421 -30.0278 0
    endloop
  endfacet
  facet normal -0 0 -1
    outer loop
      vertex -2.73943 -3.57009 0
      vertex -9.84116 -30.1107 0
      vertex -3.18198 -3.18198 0
    endloop
  endfacet
  facet normal -0 0 -1
    outer loop
      vertex -3.57009 -2.73943 0
      vertex -10.625 -30.4354 0
      vertex -3.89711 -2.25 0
    endloop
  endfacet
  facet normal 0 0 -1
    outer loop
      vertex -10.625 -30.4354 0
      vertex -3.57009 -2.73943 0
      vertex -10.2437 -30.2474 0
    endloop
  endfacet
  facet normal -0 0 -1
    outer loop
      vertex -3.18198 -3.18198 0
      vertex -10.2437 -30.2474 0
      vertex -3.57009 -2.73943 0
    endloop
  endfacet
  facet normal 0 0 -1
    outer loop
      vertex -10.2437 -30.2474 0
      vertex -3.18198 -3.18198 0
      vertex -9.84116 -30.1107 0
    endloop
  endfacet
  facet normal 0 0 -1
    outer loop
      vertex 39.5706 -30.3494 0
      vertex 48 -30 0
      vertex 39.6421 -30.56 0
    endloop
  endfacet
  facet normal 0 0 -1
    outer loop
      vertex 48 30 0
      vertex 39.6855 30.7781 0
      vertex 39.7 31 0
    endloop
  endfacet
  facet normal 0 0 -1
    outer loop
      vertex 39.4722 -30.15 0
      vertex 48 -30 0
      vertex 39.5706 -30.3494 0
    endloop
  endfacet
  facet normal 0 0 -1
    outer loop
      vertex 48 30 0
      vertex 39.6421 30.56 0
      vertex 39.6855 30.7781 0
    endloop
  endfacet
  facet normal 0 0 -1
    outer loop
      vertex 39.3487 -29.9651 0
      vertex 48 -30 0
      vertex 39.4722 -30.15 0
    endloop
  endfacet
  facet normal 0 0 -1
    outer loop
      vertex 48 30 0
      vertex 39.5706 30.3494 0
      vertex 39.6421 30.56 0
    endloop
  endfacet
  facet normal 0 0 -1
    outer loop
      vertex 39.2021 -29.7979 0
      vertex 48 -30 0
      vertex 39.3487 -29.9651 0
    endloop
  endfacet
  facet normal 0 0 -1
    outer loop
      vertex 48 30 0
      vertex 39.4722 30.15 0
      vertex 39.5706 30.3494 0
    endloop
  endfacet
  facet normal 0 0 -1
    outer loop
      vertex 39.0349 -29.6513 0
      vertex 48 -30 0
      vertex 39.2021 -29.7979 0
    endloop
  endfacet
  facet normal -0 0 -1
    outer loop
      vertex 48 30 0
      vertex 39.3487 29.9651 0
      vertex 39.4722 30.15 0
    endloop
  endfacet
  facet normal 0 0 -1
    outer loop
      vertex 38.85 -29.5278 0
      vertex 48 -30 0
      vertex 39.0349 -29.6513 0
    endloop
  endfacet
  facet normal 0 0 -1
    outer loop
      vertex 48 30 0
      vertex 39.2021 29.7979 0
      vertex 39.3487 29.9651 0
    endloop
  endfacet
  facet normal 0 0 -1
    outer loop
      vertex 38.6506 -29.4294 0
      vertex 48 -30 0
      vertex 38.85 -29.5278 0
    endloop
  endfacet
  facet normal 0 0 -1
    outer loop
      vertex 48 30 0
      vertex 39.0349 29.6513 0
      vertex 39.2021 29.7979 0
    endloop
  endfacet
  facet normal 0 0 -1
    outer loop
      vertex 38.44 -29.3579 0
      vertex 48 -30 0
      vertex 38.6506 -29.4294 0
    endloop
  endfacet
  facet normal 0 0 -1
    outer loop
      vertex 48 30 0
      vertex 38.85 29.5278 0
      vertex 39.0349 29.6513 0
    endloop
  endfacet
  facet normal 0 0 -1
    outer loop
      vertex 48 -30 0
      vertex 38.44 -29.3579 0
      vertex 48 30 0
    endloop
  endfacet
  facet normal 0 0 -1
    outer loop
      vertex 48 30 0
      vertex 38.6506 29.4294 0
      vertex 38.85 29.5278 0
    endloop
  endfacet
  facet normal 0 0 -1
    outer loop
      vertex 38.44 29.3579 0
      vertex 48 30 0
      vertex 38.44 -29.3579 0
    endloop
  endfacet
  facet normal 0 0 -1
    outer loop
      vertex 48 30 0
      vertex 38.44 29.3579 0
      vertex 38.6506 29.4294 0
    endloop
  endfacet
  facet normal 0 0 -1
    outer loop
      vertex 38.2219 -29.3145 0
      vertex 38.44 29.3579 0
      vertex 38.44 -29.3579 0
    endloop
  endfacet
  facet normal 0 0 -1
    outer loop
      vertex 38.2219 -29.3145 0
      vertex 38.2219 29.3145 0
      vertex 38.44 29.3579 0
    endloop
  endfacet
  facet normal 0 0 -1
    outer loop
      vertex 38 -29.3 0
      vertex 38.2219 29.3145 0
      vertex 38.2219 -29.3145 0
    endloop
  endfacet
  facet normal 0 0 -1
    outer loop
      vertex 38 -29.3 0
      vertex 38 29.3 0
      vertex 38.2219 29.3145 0
    endloop
  endfacet
  facet normal 0 0 -1
    outer loop
      vertex 37.7781 -29.3145 0
      vertex 38 29.3 0
      vertex 38 -29.3 0
    endloop
  endfacet
  facet normal 0 0 -1
    outer loop
      vertex 37.7781 -29.3145 0
      vertex 37.7781 29.3145 0
      vertex 38 29.3 0
    endloop
  endfacet
  facet normal 0 0 -1
    outer loop
      vertex 4.5 0 0
      vertex 37.7781 -29.3145 0
      vertex 37.56 -29.3579 0
    endloop
  endfacet
  facet normal 0 0 -1
    outer loop
      vertex 37.7781 -29.3145 0
      vertex 4.5 0 0
      vertex 37.7781 29.3145 0
    endloop
  endfacet
  facet normal 0 0 -1
    outer loop
      vertex 4.4615 -0.587367 0
      vertex 37.56 -29.3579 0
      vertex 37.3494 -29.4294 0
    endloop
  endfacet
  facet normal -0 0 -1
    outer loop
      vertex 37.7781 29.3145 0
      vertex 4.5 0 0
      vertex 37.56 29.3579 0
    endloop
  endfacet
  facet normal 0 0 -1
    outer loop
      vertex 4.4615 -0.587367 0
      vertex 37.3494 -29.4294 0
      vertex 37.15 -29.5278 0
    endloop
  endfacet
  facet normal 0 0 -1
    outer loop
      vertex 4.4615 0.587367 0
      vertex 37.56 29.3579 0
      vertex 4.5 0 0
    endloop
  endfacet
  facet normal 0 0 -1
    outer loop
      vertex 4.4615 -0.587367 0
      vertex 37.15 -29.5278 0
      vertex 36.9651 -29.6513 0
    endloop
  endfacet
  facet normal -0 0 -1
    outer loop
      vertex 37.56 29.3579 0
      vertex 4.4615 0.587367 0
      vertex 37.3494 29.4294 0
    endloop
  endfacet
  facet normal 0 0 -1
    outer loop
      vertex 10.9785 -30.6716 0
      vertex 36.9651 -29.6513 0
      vertex 36.7979 -29.7979 0
    endloop
  endfacet
  facet normal 0 0 -1
    outer loop
      vertex 4.34667 1.16469 0
      vertex 37.3494 29.4294 0
      vertex 4.4615 0.587367 0
    endloop
  endfacet
  facet normal 0 0 -1
    outer loop
      vertex 11.2981 -30.9519 0
      vertex 36.7979 -29.7979 0
      vertex 36.6513 -29.9651 0
    endloop
  endfacet
  facet normal -0 0 -1
    outer loop
      vertex 37.3494 29.4294 0
      vertex 4.34667 1.16469 0
      vertex 37.15 29.5278 0
    endloop
  endfacet
  facet normal 0 0 -1
    outer loop
      vertex 11.5784 -31.2715 0
      vertex 36.6513 -29.9651 0
      vertex 36.5278 -30.15 0
    endloop
  endfacet
  facet normal 0 0 -1
    outer loop
      vertex 4.15746 1.72207 0
      vertex 37.15 29.5278 0
      vertex 4.34667 1.16469 0
    endloop
  endfacet
  facet normal 0 0 -1
    outer loop
      vertex 11.8146 -31.625 0
      vertex 36.5278 -30.15 0
      vertex 36.4294 -30.3494 0
    endloop
  endfacet
  facet normal -0 0 -1
    outer loop
      vertex 37.15 29.5278 0
      vertex 4.15746 1.72207 0
      vertex 36.9651 29.6513 0
    endloop
  endfacet
  facet normal 0 0 -1
    outer loop
      vertex 12.0026 -32.0063 0
      vertex 36.4294 -30.3494 0
      vertex 36.3579 -30.56 0
    endloop
  endfacet
  facet normal 0 0 -1
    outer loop
      vertex 3.89711 2.25 0
      vertex 36.9651 29.6513 0
      vertex 4.15746 1.72207 0
    endloop
  endfacet
  facet normal 0 0 -1
    outer loop
      vertex 12.0026 -32.0063 0
      vertex 36.3579 -30.56 0
      vertex 36.3145 -30.7781 0
    endloop
  endfacet
  facet normal -0 0 -1
    outer loop
      vertex 36.9651 29.6513 0
      vertex 3.89711 2.25 0
      vertex 36.7979 29.7979 0
    endloop
  endfacet
  facet normal 0 0 -1
    outer loop
      vertex 12.1393 -32.4088 0
      vertex 36.3145 -30.7781 0
      vertex 36.3 -31 0
    endloop
  endfacet
  facet normal 0 0 -1
    outer loop
      vertex 3.57009 2.73943 0
      vertex 36.7979 29.7979 0
      vertex 3.89711 2.25 0
    endloop
  endfacet
  facet normal 0 0 -1
    outer loop
      vertex 39.6855 -30.7781 0
      vertex 47.9144 -31.3053 0
      vertex 39.7 -31 0
    endloop
  endfacet
  facet normal 0 0 -1
    outer loop
      vertex 47.9144 -31.3053 0
      vertex 39.6855 -30.7781 0
      vertex 48 -30 0
    endloop
  endfacet
  facet normal 0 0 -1
    outer loop
      vertex 39.7 -31 0
      vertex 47.9144 -31.3053 0
      vertex 47.6593 -32.5882 0
    endloop
  endfacet
  facet normal 0 0 -1
    outer loop
      vertex 39.6421 -30.56 0
      vertex 48 -30 0
      vertex 39.6855 -30.7781 0
    endloop
  endfacet
  facet normal 0 0 -1
    outer loop
      vertex 39.6855 -31.2219 0
      vertex 47.6593 -32.5882 0
      vertex 47.2388 -33.8268 0
    endloop
  endfacet
  facet normal 0 0 -1
    outer loop
      vertex 48 30 0
      vertex 39.7 31 0
      vertex 47.9144 31.3053 0
    endloop
  endfacet
  facet normal 0 0 -1
    outer loop
      vertex 39.6421 -31.44 0
      vertex 47.2388 -33.8268 0
      vertex 46.6603 -35 0
    endloop
  endfacet
  facet normal -0 0 -1
    outer loop
      vertex 47.9144 31.3053 0
      vertex 39.7 31 0
      vertex 47.6593 32.5882 0
    endloop
  endfacet
  facet normal 0 0 -1
    outer loop
      vertex 39.5706 -31.6506 0
      vertex 46.6603 -35 0
      vertex 45.9335 -36.0876 0
    endloop
  endfacet
  facet normal 0 0 -1
    outer loop
      vertex 39.6855 31.2219 0
      vertex 47.6593 32.5882 0
      vertex 39.7 31 0
    endloop
  endfacet
  facet normal 0 0 -1
    outer loop
      vertex 39.4722 -31.85 0
      vertex 45.9335 -36.0876 0
      vertex 45.0711 -37.0711 0
    endloop
  endfacet
  facet normal -0 0 -1
    outer loop
      vertex 47.6593 32.5882 0
      vertex 39.6855 31.2219 0
      vertex 47.2388 33.8268 0
    endloop
  endfacet
  facet normal 0 0 -1
    outer loop
      vertex 39.2021 -32.2021 0
      vertex 45.0711 -37.0711 0
      vertex 44.0876 -37.9335 0
    endloop
  endfacet
  facet normal 0 0 -1
    outer loop
      vertex 39.6421 31.44 0
      vertex 47.2388 33.8268 0
      vertex 39.6855 31.2219 0
    endloop
  endfacet
  facet normal 0 0 -1
    outer loop
      vertex 39.0349 -32.3487 0
      vertex 44.0876 -37.9335 0
      vertex 43 -38.6603 0
    endloop
  endfacet
  facet normal -0 0 -1
    outer loop
      vertex 47.2388 33.8268 0
      vertex 39.6421 31.44 0
      vertex 46.6603 35 0
    endloop
  endfacet
  facet normal 0 0 -1
    outer loop
      vertex 38.85 -32.4722 0
      vertex 43 -38.6603 0
      vertex 41.8268 -39.2388 0
    endloop
  endfacet
  facet normal 0 0 -1
    outer loop
      vertex 39.5706 31.6506 0
      vertex 46.6603 35 0
      vertex 39.6421 31.44 0
    endloop
  endfacet
  facet normal 0 0 -1
    outer loop
      vertex 38.6506 -32.5706 0
      vertex 41.8268 -39.2388 0
      vertex 40.5882 -39.6593 0
    endloop
  endfacet
  facet normal -0 0 -1
    outer loop
      vertex 46.6603 35 0
      vertex 39.5706 31.6506 0
      vertex 45.9335 36.0876 0
    endloop
  endfacet
  facet normal 0 0 -1
    outer loop
      vertex 39.4722 31.85 0
      vertex 45.9335 36.0876 0
      vertex 39.5706 31.6506 0
    endloop
  endfacet
  facet normal 0 0 -1
    outer loop
      vertex 47.6593 -32.5882 0
      vertex 39.6855 -31.2219 0
      vertex 39.7 -31 0
    endloop
  endfacet
  facet normal 0 0 -1
    outer loop
      vertex 47.2388 -33.8268 0
      vertex 39.6421 -31.44 0
      vertex 39.6855 -31.2219 0
    endloop
  endfacet
  facet normal 0 0 -1
    outer loop
      vertex 46.6603 -35 0
      vertex 39.5706 -31.6506 0
      vertex 39.6421 -31.44 0
    endloop
  endfacet
  facet normal 0 0 -1
    outer loop
      vertex 45.9335 -36.0876 0
      vertex 39.4722 -31.85 0
      vertex 39.5706 -31.6506 0
    endloop
  endfacet
  facet normal 0 0 -1
    outer loop
      vertex 45.0711 -37.0711 0
      vertex 39.3487 -32.0349 0
      vertex 39.4722 -31.85 0
    endloop
  endfacet
  facet normal 0 0 -1
    outer loop
      vertex 38.44 -32.6421 0
      vertex 40.5882 -39.6593 0
      vertex 39.3053 -39.9144 0
    endloop
  endfacet
  facet normal 0 0 -1
    outer loop
      vertex 45.0711 -37.0711 0
      vertex 39.2021 -32.2021 0
      vertex 39.3487 -32.0349 0
    endloop
  endfacet
  facet normal 0 0 -1
    outer loop
      vertex 44.0876 -37.9335 0
      vertex 39.0349 -32.3487 0
      vertex 39.2021 -32.2021 0
    endloop
  endfacet
  facet normal 0 0 -1
    outer loop
      vertex 43 -38.6603 0
      vertex 38.85 -32.4722 0
      vertex 39.0349 -32.3487 0
    endloop
  endfacet
  facet normal 0 0 -1
    outer loop
      vertex 41.8268 -39.2388 0
      vertex 38.6506 -32.5706 0
      vertex 38.85 -32.4722 0
    endloop
  endfacet
  facet normal 0 0 -1
    outer loop
      vertex 40.5882 -39.6593 0
      vertex 38.44 -32.6421 0
      vertex 38.6506 -32.5706 0
    endloop
  endfacet
  facet normal 0 0 -1
    outer loop
      vertex 39.3053 -39.9144 0
      vertex 38.2219 -32.6855 0
      vertex 38.44 -32.6421 0
    endloop
  endfacet
  facet normal 0 0 -1
    outer loop
      vertex 38 -40 0
      vertex 38.2219 -32.6855 0
      vertex 39.3053 -39.9144 0
    endloop
  endfacet
  facet normal 0 0 -1
    outer loop
      vertex 38 -40 0
      vertex 38 -32.7 0
      vertex 38.2219 -32.6855 0
    endloop
  endfacet
  facet normal 0 0 -1
    outer loop
      vertex 38 -40 0
      vertex 37.7781 -32.6855 0
      vertex 38 -32.7 0
    endloop
  endfacet
  facet normal 0 0 -1
    outer loop
      vertex 38 -40 0
      vertex 37.56 -32.6421 0
      vertex 37.7781 -32.6855 0
    endloop
  endfacet
  facet normal 0 0 -1
    outer loop
      vertex 38 -40 0
      vertex 37.3494 -32.5706 0
      vertex 37.56 -32.6421 0
    endloop
  endfacet
  facet normal 0 0 -1
    outer loop
      vertex 38 -40 0
      vertex 37.15 -32.4722 0
      vertex 37.3494 -32.5706 0
    endloop
  endfacet
  facet normal 0 0 -1
    outer loop
      vertex 38 -40 0
      vertex 36.9651 -32.3487 0
      vertex 37.15 -32.4722 0
    endloop
  endfacet
  facet normal 0 0 -1
    outer loop
      vertex 38 -40 0
      vertex 36.7979 -32.2021 0
      vertex 36.9651 -32.3487 0
    endloop
  endfacet
  facet normal 0 0 -1
    outer loop
      vertex 38 -40 0
      vertex 36.6513 -32.0349 0
      vertex 36.7979 -32.2021 0
    endloop
  endfacet
  facet normal 0 0 -1
    outer loop
      vertex 38 -40 0
      vertex 36.5278 -31.85 0
      vertex 36.6513 -32.0349 0
    endloop
  endfacet
  facet normal 0 0 -1
    outer loop
      vertex 12.1393 -34.0912 0
      vertex 36.5278 -31.85 0
      vertex 38 -40 0
    endloop
  endfacet
  facet normal -0 0 -1
    outer loop
      vertex 36.5278 -31.85 0
      vertex 12.1393 -34.0912 0
      vertex 36.4294 -31.6506 0
    endloop
  endfacet
  facet normal 0 -0 -1
    outer loop
      vertex 12.2222 -33.6742 0
      vertex 36.4294 -31.6506 0
      vertex 12.1393 -34.0912 0
    endloop
  endfacet
  facet normal -0 0 -1
    outer loop
      vertex 36.3145 -31.2219 0
      vertex 12.2222 -32.8258 0
      vertex 36.3 -31 0
    endloop
  endfacet
  facet normal 0 0 -1
    outer loop
      vertex 12.2222 -32.8258 0
      vertex 36.3145 -31.2219 0
      vertex 12.25 -33.25 0
    endloop
  endfacet
  facet normal -0 0 -1
    outer loop
      vertex 36.4294 -31.6506 0
      vertex 12.2222 -33.6742 0
      vertex 36.3579 -31.44 0
    endloop
  endfacet
  facet normal -0 0 -1
    outer loop
      vertex 36.3579 -31.44 0
      vertex 12.25 -33.25 0
      vertex 36.3145 -31.2219 0
    endloop
  endfacet
  facet normal 0 -0 -1
    outer loop
      vertex 12.25 -33.25 0
      vertex 36.3579 -31.44 0
      vertex 12.2222 -33.6742 0
    endloop
  endfacet
  facet normal 0 0 -1
    outer loop
      vertex 38 -40 0
      vertex 12.0026 -34.4937 0
      vertex 12.1393 -34.0912 0
    endloop
  endfacet
  facet normal 0 0 -1
    outer loop
      vertex 38 -40 0
      vertex 11.8146 -34.875 0
      vertex 12.0026 -34.4937 0
    endloop
  endfacet
  facet normal 0 0 -1
    outer loop
      vertex 38 -40 0
      vertex 11.5784 -35.2285 0
      vertex 11.8146 -34.875 0
    endloop
  endfacet
  facet normal 0 0 -1
    outer loop
      vertex 38 -40 0
      vertex 11.2981 -35.5481 0
      vertex 11.5784 -35.2285 0
    endloop
  endfacet
  facet normal 0 0 -1
    outer loop
      vertex 38 -40 0
      vertex 10.9785 -35.8284 0
      vertex 11.2981 -35.5481 0
    endloop
  endfacet
  facet normal 0 0 -1
    outer loop
      vertex 38 -40 0
      vertex 10.625 -36.0646 0
      vertex 10.9785 -35.8284 0
    endloop
  endfacet
  facet normal 0 0 -1
    outer loop
      vertex 38 -40 0
      vertex 10.2437 -36.2526 0
      vertex 10.625 -36.0646 0
    endloop
  endfacet
  facet normal 0 0 -1
    outer loop
      vertex 38 -40 0
      vertex 9.84116 -36.3893 0
      vertex 10.2437 -36.2526 0
    endloop
  endfacet
  facet normal 0 0 -1
    outer loop
      vertex 38 -40 0
      vertex 9.42421 -36.4722 0
      vertex 9.84116 -36.3893 0
    endloop
  endfacet
  facet normal 0 0 -1
    outer loop
      vertex 38 -40 0
      vertex 9 -36.5 0
      vertex 9.42421 -36.4722 0
    endloop
  endfacet
  facet normal 0 0 -1
    outer loop
      vertex 38 -40 0
      vertex -9 -36.5 0
      vertex 9 -36.5 0
    endloop
  endfacet
  facet normal 0 0 -1
    outer loop
      vertex -38 -40 0
      vertex -9 -36.5 0
      vertex 38 -40 0
    endloop
  endfacet
  facet normal 0 0 -1
    outer loop
      vertex -36.3579 -31.44 0
      vertex -12.25 -33.25 0
      vertex -12.2222 -33.6742 0
    endloop
  endfacet
  facet normal 0 0 -1
    outer loop
      vertex -36.4294 -31.6506 0
      vertex -12.2222 -33.6742 0
      vertex -12.1393 -34.0912 0
    endloop
  endfacet
  facet normal 0 0 -1
    outer loop
      vertex -38 -40 0
      vertex -12.1393 -34.0912 0
      vertex -12.0026 -34.4937 0
    endloop
  endfacet
  facet normal 0 0 -1
    outer loop
      vertex -38 -40 0
      vertex -12.0026 -34.4937 0
      vertex -11.8146 -34.875 0
    endloop
  endfacet
  facet normal 0 0 -1
    outer loop
      vertex -38 -40 0
      vertex -11.8146 -34.875 0
      vertex -11.5784 -35.2285 0
    endloop
  endfacet
  facet normal 0 0 -1
    outer loop
      vertex -38 -40 0
      vertex -11.5784 -35.2285 0
      vertex -11.2981 -35.5481 0
    endloop
  endfacet
  facet normal 0 0 -1
    outer loop
      vertex -38 -40 0
      vertex -11.2981 -35.5481 0
      vertex -10.9785 -35.8284 0
    endloop
  endfacet
  facet normal 0 0 -1
    outer loop
      vertex -38 -40 0
      vertex -10.9785 -35.8284 0
      vertex -10.625 -36.0646 0
    endloop
  endfacet
  facet normal 0 0 -1
    outer loop
      vertex -38 -40 0
      vertex -10.625 -36.0646 0
      vertex -10.2437 -36.2526 0
    endloop
  endfacet
  facet normal 0 0 -1
    outer loop
      vertex -38 -40 0
      vertex -10.2437 -36.2526 0
      vertex -9.84116 -36.3893 0
    endloop
  endfacet
  facet normal 0 0 -1
    outer loop
      vertex -12.25 -33.25 0
      vertex -36.3145 -31.2219 0
      vertex -36.3 -31 0
    endloop
  endfacet
  facet normal 0 0 -1
    outer loop
      vertex -38 -40 0
      vertex -9.84116 -36.3893 0
      vertex -9.42421 -36.4722 0
    endloop
  endfacet
  facet normal 0 0 -1
    outer loop
      vertex -12.25 -33.25 0
      vertex -36.3579 -31.44 0
      vertex -36.3145 -31.2219 0
    endloop
  endfacet
  facet normal 0 0 -1
    outer loop
      vertex -12.2222 -33.6742 0
      vertex -36.4294 -31.6506 0
      vertex -36.3579 -31.44 0
    endloop
  endfacet
  facet normal 0 0 -1
    outer loop
      vertex -12.1393 -34.0912 0
      vertex -36.5278 -31.85 0
      vertex -36.4294 -31.6506 0
    endloop
  endfacet
  facet normal -0 0 -1
    outer loop
      vertex -12.1393 -34.0912 0
      vertex -38 -40 0
      vertex -36.5278 -31.85 0
    endloop
  endfacet
  facet normal 0 0 -1
    outer loop
      vertex -36.5278 -31.85 0
      vertex -38 -40 0
      vertex -36.6513 -32.0349 0
    endloop
  endfacet
  facet normal 0 0 -1
    outer loop
      vertex -36.6513 -32.0349 0
      vertex -38 -40 0
      vertex -36.7979 -32.2021 0
    endloop
  endfacet
  facet normal 0 0 -1
    outer loop
      vertex -36.7979 -32.2021 0
      vertex -38 -40 0
      vertex -36.9651 -32.3487 0
    endloop
  endfacet
  facet normal 0 0 -1
    outer loop
      vertex -36.9651 -32.3487 0
      vertex -38 -40 0
      vertex -37.15 -32.4722 0
    endloop
  endfacet
  facet normal 0 0 -1
    outer loop
      vertex -37.15 -32.4722 0
      vertex -38 -40 0
      vertex -37.3494 -32.5706 0
    endloop
  endfacet
  facet normal 0 0 -1
    outer loop
      vertex -37.3494 -32.5706 0
      vertex -38 -40 0
      vertex -37.56 -32.6421 0
    endloop
  endfacet
  facet normal -0 0 -1
    outer loop
      vertex -9 -36.5 0
      vertex -38 -40 0
      vertex -9.42421 -36.4722 0
    endloop
  endfacet
  facet normal 0 0 -1
    outer loop
      vertex -37.56 -32.6421 0
      vertex -38 -40 0
      vertex -37.7781 -32.6855 0
    endloop
  endfacet
  facet normal 0 0 -1
    outer loop
      vertex -38 -40 0
      vertex -38 -32.7 0
      vertex -37.7781 -32.6855 0
    endloop
  endfacet
  facet normal 0 0 -1
    outer loop
      vertex -38 -40 0
      vertex -38.2219 -32.6855 0
      vertex -38 -32.7 0
    endloop
  endfacet
  facet normal 0 0 -1
    outer loop
      vertex -39.3053 -39.9144 0
      vertex -38.2219 -32.6855 0
      vertex -38 -40 0
    endloop
  endfacet
  facet normal -0 0 -1
    outer loop
      vertex -38.2219 -32.6855 0
      vertex -39.3053 -39.9144 0
      vertex -38.44 -32.6421 0
    endloop
  endfacet
  facet normal 0 0 -1
    outer loop
      vertex -40.5882 -39.6593 0
      vertex -38.44 -32.6421 0
      vertex -39.3053 -39.9144 0
    endloop
  endfacet
  facet normal -0 0 -1
    outer loop
      vertex -38.44 -32.6421 0
      vertex -40.5882 -39.6593 0
      vertex -38.6506 -32.5706 0
    endloop
  endfacet
  facet normal 0 0 -1
    outer loop
      vertex -41.8268 -39.2388 0
      vertex -38.6506 -32.5706 0
      vertex -40.5882 -39.6593 0
    endloop
  endfacet
  facet normal -0 0 -1
    outer loop
      vertex -38.6506 -32.5706 0
      vertex -41.8268 -39.2388 0
      vertex -38.85 -32.4722 0
    endloop
  endfacet
  facet normal 0 0 -1
    outer loop
      vertex -43 -38.6603 0
      vertex -38.85 -32.4722 0
      vertex -41.8268 -39.2388 0
    endloop
  endfacet
  facet normal -0 0 -1
    outer loop
      vertex -38.85 -32.4722 0
      vertex -43 -38.6603 0
      vertex -39.0349 -32.3487 0
    endloop
  endfacet
  facet normal 0 0 -1
    outer loop
      vertex -44.0876 -37.9335 0
      vertex -39.0349 -32.3487 0
      vertex -43 -38.6603 0
    endloop
  endfacet
  facet normal -0 0 -1
    outer loop
      vertex -39.0349 -32.3487 0
      vertex -44.0876 -37.9335 0
      vertex -39.2021 -32.2021 0
    endloop
  endfacet
  facet normal 0 0 -1
    outer loop
      vertex -45.0711 -37.0711 0
      vertex -39.2021 -32.2021 0
      vertex -44.0876 -37.9335 0
    endloop
  endfacet
  facet normal -0 0 -1
    outer loop
      vertex -39.2021 -32.2021 0
      vertex -45.0711 -37.0711 0
      vertex -39.3487 -32.0349 0
    endloop
  endfacet
  facet normal 0 0 -1
    outer loop
      vertex -45.9335 -36.0876 0
      vertex -39.4722 -31.85 0
      vertex -45.0711 -37.0711 0
    endloop
  endfacet
  facet normal -0 0 -1
    outer loop
      vertex -39.3487 -32.0349 0
      vertex -45.0711 -37.0711 0
      vertex -39.4722 -31.85 0
    endloop
  endfacet
  facet normal -0 0 -1
    outer loop
      vertex 45.9335 36.0876 0
      vertex 39.4722 31.85 0
      vertex 45.0711 37.0711 0
    endloop
  endfacet
  facet normal 0 0 -1
    outer loop
      vertex 39.3487 32.0349 0
      vertex 45.0711 37.0711 0
      vertex 39.4722 31.85 0
    endloop
  endfacet
  facet normal 0 0 -1
    outer loop
      vertex 39.2021 32.2021 0
      vertex 45.0711 37.0711 0
      vertex 39.3487 32.0349 0
    endloop
  endfacet
  facet normal -0 0 -1
    outer loop
      vertex 45.0711 37.0711 0
      vertex 39.2021 32.2021 0
      vertex 44.0876 37.9335 0
    endloop
  endfacet
  facet normal 0 0 -1
    outer loop
      vertex 39.0349 32.3487 0
      vertex 44.0876 37.9335 0
      vertex 39.2021 32.2021 0
    endloop
  endfacet
  facet normal -0 0 -1
    outer loop
      vertex 44.0876 37.9335 0
      vertex 39.0349 32.3487 0
      vertex 43 38.6603 0
    endloop
  endfacet
  facet normal 0 0 -1
    outer loop
      vertex 38.85 32.4722 0
      vertex 43 38.6603 0
      vertex 39.0349 32.3487 0
    endloop
  endfacet
  facet normal -0 0 -1
    outer loop
      vertex 43 38.6603 0
      vertex 38.85 32.4722 0
      vertex 41.8268 39.2388 0
    endloop
  endfacet
  facet normal 0 0 -1
    outer loop
      vertex 38.6506 32.5706 0
      vertex 41.8268 39.2388 0
      vertex 38.85 32.4722 0
    endloop
  endfacet
  facet normal -0 0 -1
    outer loop
      vertex 41.8268 39.2388 0
      vertex 38.6506 32.5706 0
      vertex 40.5882 39.6593 0
    endloop
  endfacet
  facet normal 0 0 -1
    outer loop
      vertex 38.44 32.6421 0
      vertex 40.5882 39.6593 0
      vertex 38.6506 32.5706 0
    endloop
  endfacet
  facet normal -0 0 -1
    outer loop
      vertex 40.5882 39.6593 0
      vertex 38.44 32.6421 0
      vertex 39.3053 39.9144 0
    endloop
  endfacet
  facet normal 0 0 -1
    outer loop
      vertex 38.2219 32.6855 0
      vertex 39.3053 39.9144 0
      vertex 38.44 32.6421 0
    endloop
  endfacet
  facet normal 0 0 -1
    outer loop
      vertex 38 40 0
      vertex 38.2219 32.6855 0
      vertex 38 32.7 0
    endloop
  endfacet
  facet normal 0 0 -1
    outer loop
      vertex 38.2219 32.6855 0
      vertex 38 40 0
      vertex 39.3053 39.9144 0
    endloop
  endfacet
  facet normal 0 0 -1
    outer loop
      vertex 37.7781 32.6855 0
      vertex 38 40 0
      vertex 38 32.7 0
    endloop
  endfacet
  facet normal 0 0 -1
    outer loop
      vertex 37.56 32.6421 0
      vertex 38 40 0
      vertex 37.7781 32.6855 0
    endloop
  endfacet
  facet normal 0 0 -1
    outer loop
      vertex 37.3494 32.5706 0
      vertex 38 40 0
      vertex 37.56 32.6421 0
    endloop
  endfacet
  facet normal 0 0 -1
    outer loop
      vertex 37.15 32.4722 0
      vertex 38 40 0
      vertex 37.3494 32.5706 0
    endloop
  endfacet
  facet normal 0 0 -1
    outer loop
      vertex 36.9651 32.3487 0
      vertex 38 40 0
      vertex 37.15 32.4722 0
    endloop
  endfacet
  facet normal 0 0 -1
    outer loop
      vertex 36.7979 32.2021 0
      vertex 38 40 0
      vertex 36.9651 32.3487 0
    endloop
  endfacet
  facet normal 0 0 -1
    outer loop
      vertex 36.6513 32.0349 0
      vertex 38 40 0
      vertex 36.7979 32.2021 0
    endloop
  endfacet
  facet normal 0 0 -1
    outer loop
      vertex 36.5278 31.85 0
      vertex 38 40 0
      vertex 36.6513 32.0349 0
    endloop
  endfacet
  facet normal 0 0 -1
    outer loop
      vertex 36.4294 31.6506 0
      vertex 38 40 0
      vertex 36.5278 31.85 0
    endloop
  endfacet
  facet normal 0 0 -1
    outer loop
      vertex 36.3579 31.44 0
      vertex 38 40 0
      vertex 36.4294 31.6506 0
    endloop
  endfacet
  facet normal 0 0 -1
    outer loop
      vertex 0.587367 4.4615 0
      vertex 36.3579 31.44 0
      vertex 36.3145 31.2219 0
    endloop
  endfacet
  facet normal 0 0 -1
    outer loop
      vertex 12.1393 -32.4088 0
      vertex 36.3 -31 0
      vertex 12.2222 -32.8258 0
    endloop
  endfacet
  facet normal 0 0 -1
    outer loop
      vertex 36.3145 -30.7781 0
      vertex 12.1393 -32.4088 0
      vertex 12.0026 -32.0063 0
    endloop
  endfacet
  facet normal 0 0 -1
    outer loop
      vertex 36.4294 -30.3494 0
      vertex 12.0026 -32.0063 0
      vertex 11.8146 -31.625 0
    endloop
  endfacet
  facet normal 0 0 -1
    outer loop
      vertex 36.5278 -30.15 0
      vertex 11.8146 -31.625 0
      vertex 11.5784 -31.2715 0
    endloop
  endfacet
  facet normal 0 0 -1
    outer loop
      vertex 36.6513 -29.9651 0
      vertex 11.5784 -31.2715 0
      vertex 11.2981 -30.9519 0
    endloop
  endfacet
  facet normal -0 0 -1
    outer loop
      vertex 36.7979 29.7979 0
      vertex 3.57009 2.73943 0
      vertex 36.6513 29.9651 0
    endloop
  endfacet
  facet normal 0 0 -1
    outer loop
      vertex 3.18198 3.18198 0
      vertex 36.6513 29.9651 0
      vertex 3.57009 2.73943 0
    endloop
  endfacet
  facet normal 0 0 -1
    outer loop
      vertex 36.7979 -29.7979 0
      vertex 11.2981 -30.9519 0
      vertex 10.9785 -30.6716 0
    endloop
  endfacet
  facet normal 0 0 -1
    outer loop
      vertex 4.4615 -0.587367 0
      vertex 36.9651 -29.6513 0
      vertex 10.9785 -30.6716 0
    endloop
  endfacet
  facet normal 0 0 -1
    outer loop
      vertex 4.4615 -0.587367 0
      vertex 10.9785 -30.6716 0
      vertex 10.625 -30.4354 0
    endloop
  endfacet
  facet normal 0 0 -1
    outer loop
      vertex 4.4615 -0.587367 0
      vertex 10.625 -30.4354 0
      vertex 10.2437 -30.2474 0
    endloop
  endfacet
  facet normal 0 0 -1
    outer loop
      vertex 4.4615 -0.587367 0
      vertex 10.2437 -30.2474 0
      vertex 9.84116 -30.1107 0
    endloop
  endfacet
  facet normal 0 0 -1
    outer loop
      vertex 4.4615 -0.587367 0
      vertex 9.84116 -30.1107 0
      vertex 9.42421 -30.0278 0
    endloop
  endfacet
  facet normal 0 0 -1
    outer loop
      vertex 2.25 -3.89711 0
      vertex 9.42421 -30.0278 0
      vertex 9 -30 0
    endloop
  endfacet
  facet normal -0 0 -1
    outer loop
      vertex 36.6513 29.9651 0
      vertex 3.18198 3.18198 0
      vertex 36.5278 30.15 0
    endloop
  endfacet
  facet normal 0 0 -1
    outer loop
      vertex 2.73943 3.57009 0
      vertex 36.5278 30.15 0
      vertex 3.18198 3.18198 0
    endloop
  endfacet
  facet normal -0 0 -1
    outer loop
      vertex 36.5278 30.15 0
      vertex 2.73943 3.57009 0
      vertex 36.4294 30.3494 0
    endloop
  endfacet
  facet normal 0 0 -1
    outer loop
      vertex 2.25 3.89711 0
      vertex 36.4294 30.3494 0
      vertex 2.73943 3.57009 0
    endloop
  endfacet
  facet normal -0 0 -1
    outer loop
      vertex 36.4294 30.3494 0
      vertex 2.25 3.89711 0
      vertex 36.3579 30.56 0
    endloop
  endfacet
  facet normal 0 0 -1
    outer loop
      vertex 1.72207 4.15746 0
      vertex 36.3579 30.56 0
      vertex 2.25 3.89711 0
    endloop
  endfacet
  facet normal -0 0 -1
    outer loop
      vertex 36.3579 30.56 0
      vertex 1.72207 4.15746 0
      vertex 36.3145 30.7781 0
    endloop
  endfacet
  facet normal -0 0 -1
    outer loop
      vertex 36.3145 30.7781 0
      vertex 1.72207 4.15746 0
      vertex 36.3 31 0
    endloop
  endfacet
  facet normal 0 0 -1
    outer loop
      vertex 1.16469 4.34667 0
      vertex 36.3 31 0
      vertex 1.72207 4.15746 0
    endloop
  endfacet
  facet normal -0 0 -1
    outer loop
      vertex 36.3 31 0
      vertex 1.16469 4.34667 0
      vertex 36.3145 31.2219 0
    endloop
  endfacet
  facet normal 0 0 -1
    outer loop
      vertex 0.587367 4.4615 0
      vertex 36.3145 31.2219 0
      vertex 1.16469 4.34667 0
    endloop
  endfacet
  facet normal 0 0 -1
    outer loop
      vertex 36.3579 31.44 0
      vertex 0.587367 4.4615 0
      vertex 0 4.5 0
    endloop
  endfacet
  facet normal -0 0 -1
    outer loop
      vertex 36.3579 31.44 0
      vertex 0 4.5 0
      vertex 38 40 0
    endloop
  endfacet
  facet normal 0 0 -1
    outer loop
      vertex -36.3579 31.44 0
      vertex 0 4.5 0
      vertex -0.587367 4.4615 0
    endloop
  endfacet
  facet normal 0 0 -1
    outer loop
      vertex -36.3145 31.2219 0
      vertex -0.587367 4.4615 0
      vertex -1.16469 4.34667 0
    endloop
  endfacet
  facet normal 0 0 -1
    outer loop
      vertex -36.3 31 0
      vertex -1.16469 4.34667 0
      vertex -1.72207 4.15746 0
    endloop
  endfacet
  facet normal 0 0 -1
    outer loop
      vertex -36.3 31 0
      vertex -1.72207 4.15746 0
      vertex -2.25 3.89711 0
    endloop
  endfacet
  facet normal 0 0 -1
    outer loop
      vertex -36.3 31 0
      vertex -2.25 3.89711 0
      vertex -2.73943 3.57009 0
    endloop
  endfacet
  facet normal 0 0 -1
    outer loop
      vertex -36.3 31 0
      vertex -2.73943 3.57009 0
      vertex -3.18198 3.18198 0
    endloop
  endfacet
  facet normal 0 0 -1
    outer loop
      vertex -10.9785 -30.6716 0
      vertex -3.89711 -2.25 0
      vertex -10.625 -30.4354 0
    endloop
  endfacet
  facet normal 0 0 -1
    outer loop
      vertex -36.5278 -30.15 0
      vertex -11.8146 -31.625 0
      vertex -36.4294 -30.3494 0
    endloop
  endfacet
  facet normal 0 0 -1
    outer loop
      vertex -11.8146 -31.625 0
      vertex -36.5278 -30.15 0
      vertex -11.5784 -31.2715 0
    endloop
  endfacet
  facet normal 0 0 -1
    outer loop
      vertex -36.6513 -29.9651 0
      vertex -11.5784 -31.2715 0
      vertex -36.5278 -30.15 0
    endloop
  endfacet
  facet normal 0 0 -1
    outer loop
      vertex -11.5784 -31.2715 0
      vertex -36.6513 -29.9651 0
      vertex -11.2981 -30.9519 0
    endloop
  endfacet
  facet normal 0 0 -1
    outer loop
      vertex -36.7979 -29.7979 0
      vertex -11.2981 -30.9519 0
      vertex -36.6513 -29.9651 0
    endloop
  endfacet
  facet normal 0 0 -1
    outer loop
      vertex -11.2981 -30.9519 0
      vertex -36.7979 -29.7979 0
      vertex -10.9785 -30.6716 0
    endloop
  endfacet
  facet normal 0 0 -1
    outer loop
      vertex -12.0026 -32.0063 0
      vertex -36.4294 -30.3494 0
      vertex -11.8146 -31.625 0
    endloop
  endfacet
  facet normal 0 0 -1
    outer loop
      vertex -36.4294 -30.3494 0
      vertex -12.0026 -32.0063 0
      vertex -36.3579 -30.56 0
    endloop
  endfacet
  facet normal 0 0 -1
    outer loop
      vertex -36.3579 -30.56 0
      vertex -12.0026 -32.0063 0
      vertex -36.3145 -30.7781 0
    endloop
  endfacet
  facet normal 0 0 -1
    outer loop
      vertex -12.1393 -32.4088 0
      vertex -36.3145 -30.7781 0
      vertex -12.0026 -32.0063 0
    endloop
  endfacet
  facet normal 0 0 -1
    outer loop
      vertex -36.3145 -30.7781 0
      vertex -12.1393 -32.4088 0
      vertex -36.3 -31 0
    endloop
  endfacet
  facet normal 0 0 -1
    outer loop
      vertex -36.3 -31 0
      vertex -12.2222 -32.8258 0
      vertex -12.25 -33.25 0
    endloop
  endfacet
  facet normal 0 0 -1
    outer loop
      vertex -36.3 -31 0
      vertex -12.1393 -32.4088 0
      vertex -12.2222 -32.8258 0
    endloop
  endfacet
  facet normal 0 0 -1
    outer loop
      vertex -4.5 0 0
      vertex -36.3 31 0
      vertex -4.4615 0.587367 0
    endloop
  endfacet
  facet normal 0 0 -1
    outer loop
      vertex -4.4615 0.587367 0
      vertex -36.3 31 0
      vertex -4.34667 1.16469 0
    endloop
  endfacet
  facet normal 0 0 -1
    outer loop
      vertex -4.34667 1.16469 0
      vertex -36.3 31 0
      vertex -4.15746 1.72207 0
    endloop
  endfacet
  facet normal 0 0 -1
    outer loop
      vertex -4.15746 1.72207 0
      vertex -36.3 31 0
      vertex -3.89711 2.25 0
    endloop
  endfacet
  facet normal 0 0 -1
    outer loop
      vertex -3.89711 2.25 0
      vertex -36.3 31 0
      vertex -3.57009 2.73943 0
    endloop
  endfacet
  facet normal 0 0 -1
    outer loop
      vertex -3.57009 2.73943 0
      vertex -36.3 31 0
      vertex -3.18198 3.18198 0
    endloop
  endfacet
  facet normal 0 0 -1
    outer loop
      vertex -1.16469 4.34667 0
      vertex -36.3 31 0
      vertex -36.3145 31.2219 0
    endloop
  endfacet
  facet normal 0 0 -1
    outer loop
      vertex -0.587367 4.4615 0
      vertex -36.3145 31.2219 0
      vertex -36.3579 31.44 0
    endloop
  endfacet
  facet normal 0 0 -1
    outer loop
      vertex 0 4.5 0
      vertex -36.3579 31.44 0
      vertex 38 40 0
    endloop
  endfacet
  facet normal 0 0 -1
    outer loop
      vertex -38 40 0
      vertex -36.3579 31.44 0
      vertex -36.4294 31.6506 0
    endloop
  endfacet
  facet normal 0 0 -1
    outer loop
      vertex -38 40 0
      vertex -36.4294 31.6506 0
      vertex -36.5278 31.85 0
    endloop
  endfacet
  facet normal 0 0 -1
    outer loop
      vertex -38 40 0
      vertex -36.5278 31.85 0
      vertex -36.6513 32.0349 0
    endloop
  endfacet
  facet normal 0 0 -1
    outer loop
      vertex -38 40 0
      vertex -36.6513 32.0349 0
      vertex -36.7979 32.2021 0
    endloop
  endfacet
  facet normal 0 0 -1
    outer loop
      vertex -38 40 0
      vertex -36.7979 32.2021 0
      vertex -36.9651 32.3487 0
    endloop
  endfacet
  facet normal 0 0 -1
    outer loop
      vertex -38 40 0
      vertex -36.9651 32.3487 0
      vertex -37.15 32.4722 0
    endloop
  endfacet
  facet normal 0 0 -1
    outer loop
      vertex -38 40 0
      vertex -37.15 32.4722 0
      vertex -37.3494 32.5706 0
    endloop
  endfacet
  facet normal 0 0 -1
    outer loop
      vertex -38 40 0
      vertex -37.3494 32.5706 0
      vertex -37.56 32.6421 0
    endloop
  endfacet
  facet normal 0 0 -1
    outer loop
      vertex -38 40 0
      vertex -37.56 32.6421 0
      vertex -37.7781 32.6855 0
    endloop
  endfacet
  facet normal 0 0 -1
    outer loop
      vertex -38 40 0
      vertex -37.7781 32.6855 0
      vertex -38 32.7 0
    endloop
  endfacet
  facet normal 0 0 -1
    outer loop
      vertex -36.3579 31.44 0
      vertex -38 40 0
      vertex 38 40 0
    endloop
  endfacet
  facet normal 0 0 -1
    outer loop
      vertex -38.2219 32.6855 0
      vertex -38 40 0
      vertex -38 32.7 0
    endloop
  endfacet
  facet normal 0 0 -1
    outer loop
      vertex -39.3053 39.9144 0
      vertex -38.2219 32.6855 0
      vertex -38.44 32.6421 0
    endloop
  endfacet
  facet normal 0 0 -1
    outer loop
      vertex -40.5882 39.6593 0
      vertex -38.44 32.6421 0
      vertex -38.6506 32.5706 0
    endloop
  endfacet
  facet normal 0 0 -1
    outer loop
      vertex -41.8268 39.2388 0
      vertex -38.6506 32.5706 0
      vertex -38.85 32.4722 0
    endloop
  endfacet
  facet normal 0 0 -1
    outer loop
      vertex -43 38.6603 0
      vertex -38.85 32.4722 0
      vertex -39.0349 32.3487 0
    endloop
  endfacet
  facet normal 0 0 -1
    outer loop
      vertex -44.0876 37.9335 0
      vertex -39.0349 32.3487 0
      vertex -39.2021 32.2021 0
    endloop
  endfacet
  facet normal 0 0 -1
    outer loop
      vertex -38.2219 32.6855 0
      vertex -39.3053 39.9144 0
      vertex -38 40 0
    endloop
  endfacet
  facet normal 0 0 -1
    outer loop
      vertex -45.0711 37.0711 0
      vertex -39.2021 32.2021 0
      vertex -39.3487 32.0349 0
    endloop
  endfacet
  facet normal 0 0 -1
    outer loop
      vertex -45.0711 37.0711 0
      vertex -39.3487 32.0349 0
      vertex -39.4722 31.85 0
    endloop
  endfacet
  facet normal 0 0 -1
    outer loop
      vertex -45.9335 36.0876 0
      vertex -39.4722 31.85 0
      vertex -39.5706 31.6506 0
    endloop
  endfacet
  facet normal 0 0 -1
    outer loop
      vertex -46.6603 35 0
      vertex -39.5706 31.6506 0
      vertex -39.6421 31.44 0
    endloop
  endfacet
  facet normal 0 0 -1
    outer loop
      vertex -47.2388 33.8268 0
      vertex -39.6421 31.44 0
      vertex -39.6855 31.2219 0
    endloop
  endfacet
  facet normal 0 0 -1
    outer loop
      vertex -47.6593 32.5882 0
      vertex -39.6855 31.2219 0
      vertex -39.7 31 0
    endloop
  endfacet
  facet normal 0 0 -1
    outer loop
      vertex -38.44 32.6421 0
      vertex -40.5882 39.6593 0
      vertex -39.3053 39.9144 0
    endloop
  endfacet
  facet normal -0 0 -1
    outer loop
      vertex -39.6421 30.56 0
      vertex -48 30 0
      vertex -39.6855 30.7781 0
    endloop
  endfacet
  facet normal -0 0 -1
    outer loop
      vertex -39.4722 -31.85 0
      vertex -45.9335 -36.0876 0
      vertex -39.5706 -31.6506 0
    endloop
  endfacet
  facet normal 0 -0 -1
    outer loop
      vertex -47.9144 31.3053 0
      vertex -39.6855 30.7781 0
      vertex -48 30 0
    endloop
  endfacet
  facet normal 0 0 -1
    outer loop
      vertex -46.6603 -35 0
      vertex -39.5706 -31.6506 0
      vertex -45.9335 -36.0876 0
    endloop
  endfacet
  facet normal 0 0 -1
    outer loop
      vertex -39.6855 30.7781 0
      vertex -47.9144 31.3053 0
      vertex -39.7 31 0
    endloop
  endfacet
  facet normal -0 0 -1
    outer loop
      vertex -39.5706 -31.6506 0
      vertex -46.6603 -35 0
      vertex -39.6421 -31.44 0
    endloop
  endfacet
  facet normal 0 0 -1
    outer loop
      vertex -38.6506 32.5706 0
      vertex -41.8268 39.2388 0
      vertex -40.5882 39.6593 0
    endloop
  endfacet
  facet normal 0 0 -1
    outer loop
      vertex -47.2388 -33.8268 0
      vertex -39.6421 -31.44 0
      vertex -46.6603 -35 0
    endloop
  endfacet
  facet normal 0 0 -1
    outer loop
      vertex -38.85 32.4722 0
      vertex -43 38.6603 0
      vertex -41.8268 39.2388 0
    endloop
  endfacet
  facet normal -0 0 -1
    outer loop
      vertex -39.6421 -31.44 0
      vertex -47.2388 -33.8268 0
      vertex -39.6855 -31.2219 0
    endloop
  endfacet
  facet normal 0 0 -1
    outer loop
      vertex -39.0349 32.3487 0
      vertex -44.0876 37.9335 0
      vertex -43 38.6603 0
    endloop
  endfacet
  facet normal 0 0 -1
    outer loop
      vertex -47.6593 -32.5882 0
      vertex -39.6855 -31.2219 0
      vertex -47.2388 -33.8268 0
    endloop
  endfacet
  facet normal 0 0 -1
    outer loop
      vertex -39.2021 32.2021 0
      vertex -45.0711 37.0711 0
      vertex -44.0876 37.9335 0
    endloop
  endfacet
  facet normal -0 0 -1
    outer loop
      vertex -39.6855 -31.2219 0
      vertex -47.6593 -32.5882 0
      vertex -39.7 -31 0
    endloop
  endfacet
  facet normal 0 0 -1
    outer loop
      vertex -39.4722 31.85 0
      vertex -45.9335 36.0876 0
      vertex -45.0711 37.0711 0
    endloop
  endfacet
  facet normal 0 0 -1
    outer loop
      vertex -47.9144 -31.3053 0
      vertex -39.7 -31 0
      vertex -47.6593 -32.5882 0
    endloop
  endfacet
  facet normal 0 0 -1
    outer loop
      vertex -39.5706 31.6506 0
      vertex -46.6603 35 0
      vertex -45.9335 36.0876 0
    endloop
  endfacet
  facet normal -0 0 -1
    outer loop
      vertex -39.6855 -30.7781 0
      vertex -47.9144 -31.3053 0
      vertex -48 -30 0
    endloop
  endfacet
  facet normal 0 0 -1
    outer loop
      vertex -39.6421 31.44 0
      vertex -47.2388 33.8268 0
      vertex -46.6603 35 0
    endloop
  endfacet
  facet normal 0 0 -1
    outer loop
      vertex -39.6855 31.2219 0
      vertex -47.6593 32.5882 0
      vertex -47.2388 33.8268 0
    endloop
  endfacet
  facet normal 0 0 -1
    outer loop
      vertex -39.7 31 0
      vertex -47.9144 31.3053 0
      vertex -47.6593 32.5882 0
    endloop
  endfacet
  facet normal 0.980786 0.195084 0
    outer loop
      vertex 21.8118 2.87158 8
      vertex 21.2504 5.69402 4
      vertex 21.2504 5.69402 8
    endloop
  endfacet
  facet normal 0.980786 0.195084 0
    outer loop
      vertex 21.2504 5.69402 4
      vertex 21.8118 2.87158 8
      vertex 21.8118 2.87158 4
    endloop
  endfacet
  facet normal 0.555566 0.831472 -0
    outer loop
      vertex 13.3928 17.4538 4
      vertex 11 19.0526 8
      vertex 13.3928 17.4538 8
    endloop
  endfacet
  facet normal 0.555566 0.831472 0
    outer loop
      vertex 11 19.0526 8
      vertex 13.3928 17.4538 4
      vertex 11 19.0526 4
    endloop
  endfacet
  facet normal 0.980786 -0.195084 0
    outer loop
      vertex 21.2504 -5.69402 8
      vertex 21.8118 -2.87158 4
      vertex 21.8118 -2.87158 8
    endloop
  endfacet
  facet normal 0.980786 -0.195084 0
    outer loop
      vertex 21.8118 -2.87158 4
      vertex 21.2504 -5.69402 8
      vertex 21.2504 -5.69402 4
    endloop
  endfacet
  facet normal 0.997859 -0.0653985 0
    outer loop
      vertex 21.8118 -2.87158 8
      vertex 22 0 4
      vertex 22 0 8
    endloop
  endfacet
  facet normal 0.997859 -0.0653985 0
    outer loop
      vertex 22 0 4
      vertex 21.8118 -2.87158 8
      vertex 21.8118 -2.87158 4
    endloop
  endfacet
  facet normal -0.195084 -0.980786 0
    outer loop
      vertex -5.69402 -21.2504 4
      vertex -2.87158 -21.8118 8
      vertex -5.69402 -21.2504 8
    endloop
  endfacet
  facet normal -0.195084 -0.980786 -0
    outer loop
      vertex -2.87158 -21.8118 8
      vertex -5.69402 -21.2504 4
      vertex -2.87158 -21.8118 4
    endloop
  endfacet
  facet normal 0.442263 0.896886 -0
    outer loop
      vertex 11 19.0526 4
      vertex 8.41903 20.3253 8
      vertex 11 19.0526 8
    endloop
  endfacet
  facet normal 0.442263 0.896886 0
    outer loop
      vertex 8.41903 20.3253 8
      vertex 11 19.0526 4
      vertex 8.41903 20.3253 4
    endloop
  endfacet
  facet normal -0.831472 -0.555566 0
    outer loop
      vertex -17.4538 -13.3928 4
      vertex -19.0526 -11 8
      vertex -19.0526 -11 4
    endloop
  endfacet
  facet normal -0.831472 -0.555566 0
    outer loop
      vertex -19.0526 -11 8
      vertex -17.4538 -13.3928 4
      vertex -17.4538 -13.3928 8
    endloop
  endfacet
  facet normal -0.442263 -0.896886 0
    outer loop
      vertex -11 -19.0526 4
      vertex -8.41903 -20.3253 8
      vertex -11 -19.0526 8
    endloop
  endfacet
  facet normal -0.442263 -0.896886 -0
    outer loop
      vertex -8.41903 -20.3253 8
      vertex -11 -19.0526 4
      vertex -8.41903 -20.3253 4
    endloop
  endfacet
  facet normal -0.555566 -0.831472 0
    outer loop
      vertex -13.3928 -17.4538 4
      vertex -11 -19.0526 8
      vertex -13.3928 -17.4538 8
    endloop
  endfacet
  facet normal -0.555566 -0.831472 -0
    outer loop
      vertex -11 -19.0526 8
      vertex -13.3928 -17.4538 4
      vertex -11 -19.0526 4
    endloop
  endfacet
  facet normal -0.946921 0.321466 0
    outer loop
      vertex -21.2504 5.69402 4
      vertex -20.3253 8.41903 8
      vertex -20.3253 8.41903 4
    endloop
  endfacet
  facet normal -0.946921 0.321466 0
    outer loop
      vertex -20.3253 8.41903 8
      vertex -21.2504 5.69402 4
      vertex -21.2504 5.69402 8
    endloop
  endfacet
  facet normal 0.321466 0.946921 -0
    outer loop
      vertex 8.41903 20.3253 4
      vertex 5.69402 21.2504 8
      vertex 8.41903 20.3253 8
    endloop
  endfacet
  facet normal 0.321466 0.946921 0
    outer loop
      vertex 5.69402 21.2504 8
      vertex 8.41903 20.3253 4
      vertex 5.69402 21.2504 4
    endloop
  endfacet
  facet normal -0.321466 -0.946921 0
    outer loop
      vertex -8.41903 -20.3253 4
      vertex -5.69402 -21.2504 8
      vertex -8.41903 -20.3253 8
    endloop
  endfacet
  facet normal -0.321466 -0.946921 -0
    outer loop
      vertex -5.69402 -21.2504 8
      vertex -8.41903 -20.3253 4
      vertex -5.69402 -21.2504 4
    endloop
  endfacet
  facet normal 0.946921 -0.321466 0
    outer loop
      vertex 20.3253 -8.41903 8
      vertex 21.2504 -5.69402 4
      vertex 21.2504 -5.69402 8
    endloop
  endfacet
  facet normal 0.946921 -0.321466 0
    outer loop
      vertex 21.2504 -5.69402 4
      vertex 20.3253 -8.41903 8
      vertex 20.3253 -8.41903 4
    endloop
  endfacet
  facet normal -0.442263 0.896886 0
    outer loop
      vertex -8.41903 20.3253 4
      vertex -11 19.0526 8
      vertex -8.41903 20.3253 8
    endloop
  endfacet
  facet normal -0.442263 0.896886 0
    outer loop
      vertex -11 19.0526 8
      vertex -8.41903 20.3253 4
      vertex -11 19.0526 4
    endloop
  endfacet
  facet normal -0.997859 -0.0653985 0
    outer loop
      vertex -21.8118 -2.87158 4
      vertex -22 0 8
      vertex -22 0 4
    endloop
  endfacet
  facet normal -0.997859 -0.0653985 0
    outer loop
      vertex -22 0 8
      vertex -21.8118 -2.87158 4
      vertex -21.8118 -2.87158 8
    endloop
  endfacet
  facet normal -0.946921 -0.321466 0
    outer loop
      vertex -20.3253 -8.41903 4
      vertex -21.2504 -5.69402 8
      vertex -21.2504 -5.69402 4
    endloop
  endfacet
  facet normal -0.946921 -0.321466 0
    outer loop
      vertex -21.2504 -5.69402 8
      vertex -20.3253 -8.41903 4
      vertex -20.3253 -8.41903 8
    endloop
  endfacet
  facet normal 0.0653985 0.997859 -0
    outer loop
      vertex 2.87158 21.8118 4
      vertex 0 22 8
      vertex 2.87158 21.8118 8
    endloop
  endfacet
  facet normal 0.0653985 0.997859 0
    outer loop
      vertex 0 22 8
      vertex 2.87158 21.8118 4
      vertex 0 22 4
    endloop
  endfacet
  facet normal 0.659378 0.751812 -0
    outer loop
      vertex 15.5563 15.5563 4
      vertex 13.3928 17.4538 8
      vertex 15.5563 15.5563 8
    endloop
  endfacet
  facet normal 0.659378 0.751812 0
    outer loop
      vertex 13.3928 17.4538 8
      vertex 15.5563 15.5563 4
      vertex 13.3928 17.4538 4
    endloop
  endfacet
  facet normal 0.831472 -0.555566 0
    outer loop
      vertex 17.4538 -13.3928 8
      vertex 19.0526 -11 4
      vertex 19.0526 -11 8
    endloop
  endfacet
  facet normal 0.831472 -0.555566 0
    outer loop
      vertex 19.0526 -11 4
      vertex 17.4538 -13.3928 8
      vertex 17.4538 -13.3928 4
    endloop
  endfacet
  facet normal 0.659378 -0.751812 0
    outer loop
      vertex 13.3928 -17.4538 4
      vertex 15.5563 -15.5563 8
      vertex 13.3928 -17.4538 8
    endloop
  endfacet
  facet normal 0.659378 -0.751812 0
    outer loop
      vertex 15.5563 -15.5563 8
      vertex 13.3928 -17.4538 4
      vertex 15.5563 -15.5563 4
    endloop
  endfacet
  facet normal 0.997859 0.0653985 0
    outer loop
      vertex 22 0 8
      vertex 21.8118 2.87158 4
      vertex 21.8118 2.87158 8
    endloop
  endfacet
  facet normal 0.997859 0.0653985 0
    outer loop
      vertex 21.8118 2.87158 4
      vertex 22 0 8
      vertex 22 0 4
    endloop
  endfacet
  facet normal 0.442263 -0.896886 0
    outer loop
      vertex 8.41903 -20.3253 4
      vertex 11 -19.0526 8
      vertex 8.41903 -20.3253 8
    endloop
  endfacet
  facet normal 0.442263 -0.896886 0
    outer loop
      vertex 11 -19.0526 8
      vertex 8.41903 -20.3253 4
      vertex 11 -19.0526 4
    endloop
  endfacet
  facet normal 0.751812 -0.659378 0
    outer loop
      vertex 15.5563 -15.5563 8
      vertex 17.4538 -13.3928 4
      vertex 17.4538 -13.3928 8
    endloop
  endfacet
  facet normal 0.751812 -0.659378 0
    outer loop
      vertex 17.4538 -13.3928 4
      vertex 15.5563 -15.5563 8
      vertex 15.5563 -15.5563 4
    endloop
  endfacet
  facet normal 0.751812 0.659378 0
    outer loop
      vertex 17.4538 13.3928 8
      vertex 15.5563 15.5563 4
      vertex 15.5563 15.5563 8
    endloop
  endfacet
  facet normal 0.751812 0.659378 0
    outer loop
      vertex 15.5563 15.5563 4
      vertex 17.4538 13.3928 8
      vertex 17.4538 13.3928 4
    endloop
  endfacet
  facet normal -0.0653985 0.997859 0
    outer loop
      vertex 0 22 4
      vertex -2.87158 21.8118 8
      vertex 0 22 8
    endloop
  endfacet
  facet normal -0.0653985 0.997859 0
    outer loop
      vertex -2.87158 21.8118 8
      vertex 0 22 4
      vertex -2.87158 21.8118 4
    endloop
  endfacet
  facet normal -0.0653985 -0.997859 0
    outer loop
      vertex -2.87158 -21.8118 4
      vertex 0 -22 8
      vertex -2.87158 -21.8118 8
    endloop
  endfacet
  facet normal -0.0653985 -0.997859 -0
    outer loop
      vertex 0 -22 8
      vertex -2.87158 -21.8118 4
      vertex 0 -22 4
    endloop
  endfacet
  facet normal -0.831472 0.555566 0
    outer loop
      vertex -19.0526 11 4
      vertex -17.4538 13.3928 8
      vertex -17.4538 13.3928 4
    endloop
  endfacet
  facet normal -0.831472 0.555566 0
    outer loop
      vertex -17.4538 13.3928 8
      vertex -19.0526 11 4
      vertex -19.0526 11 8
    endloop
  endfacet
  facet normal 0.195084 -0.980786 0
    outer loop
      vertex 2.87158 -21.8118 4
      vertex 5.69402 -21.2504 8
      vertex 2.87158 -21.8118 8
    endloop
  endfacet
  facet normal 0.195084 -0.980786 0
    outer loop
      vertex 5.69402 -21.2504 8
      vertex 2.87158 -21.8118 4
      vertex 5.69402 -21.2504 4
    endloop
  endfacet
  facet normal 0.195084 0.980786 -0
    outer loop
      vertex 5.69402 21.2504 4
      vertex 2.87158 21.8118 8
      vertex 5.69402 21.2504 8
    endloop
  endfacet
  facet normal 0.195084 0.980786 0
    outer loop
      vertex 2.87158 21.8118 8
      vertex 5.69402 21.2504 4
      vertex 2.87158 21.8118 4
    endloop
  endfacet
  facet normal 0.946921 0.321466 0
    outer loop
      vertex 21.2504 5.69402 8
      vertex 20.3253 8.41903 4
      vertex 20.3253 8.41903 8
    endloop
  endfacet
  facet normal 0.946921 0.321466 0
    outer loop
      vertex 20.3253 8.41903 4
      vertex 21.2504 5.69402 8
      vertex 21.2504 5.69402 4
    endloop
  endfacet
  facet normal -0.751812 -0.659378 0
    outer loop
      vertex -15.5563 -15.5563 4
      vertex -17.4538 -13.3928 8
      vertex -17.4538 -13.3928 4
    endloop
  endfacet
  facet normal -0.751812 -0.659378 0
    outer loop
      vertex -17.4538 -13.3928 8
      vertex -15.5563 -15.5563 4
      vertex -15.5563 -15.5563 8
    endloop
  endfacet
  facet normal 0.896886 0.442263 0
    outer loop
      vertex 20.3253 8.41903 8
      vertex 19.0526 11 4
      vertex 19.0526 11 8
    endloop
  endfacet
  facet normal 0.896886 0.442263 0
    outer loop
      vertex 19.0526 11 4
      vertex 20.3253 8.41903 8
      vertex 20.3253 8.41903 4
    endloop
  endfacet
  facet normal -0.896886 0.442263 0
    outer loop
      vertex -20.3253 8.41903 4
      vertex -19.0526 11 8
      vertex -19.0526 11 4
    endloop
  endfacet
  facet normal -0.896886 0.442263 0
    outer loop
      vertex -19.0526 11 8
      vertex -20.3253 8.41903 4
      vertex -20.3253 8.41903 8
    endloop
  endfacet
  facet normal 0.555566 -0.831472 0
    outer loop
      vertex 11 -19.0526 4
      vertex 13.3928 -17.4538 8
      vertex 11 -19.0526 8
    endloop
  endfacet
  facet normal 0.555566 -0.831472 0
    outer loop
      vertex 13.3928 -17.4538 8
      vertex 11 -19.0526 4
      vertex 13.3928 -17.4538 4
    endloop
  endfacet
  facet normal 0.831472 0.555566 0
    outer loop
      vertex 19.0526 11 8
      vertex 17.4538 13.3928 4
      vertex 17.4538 13.3928 8
    endloop
  endfacet
  facet normal 0.831472 0.555566 0
    outer loop
      vertex 17.4538 13.3928 4
      vertex 19.0526 11 8
      vertex 19.0526 11 4
    endloop
  endfacet
  facet normal -0 0 1
    outer loop
      vertex 19.9073 1.30479 8
      vertex 22 0 8
      vertex 21.8118 2.87158 8
    endloop
  endfacet
  facet normal -0 0 1
    outer loop
      vertex 19.5667 3.89205 8
      vertex 21.8118 2.87158 8
      vertex 21.2504 5.69402 8
    endloop
  endfacet
  facet normal 0 0 1
    outer loop
      vertex 22 0 8
      vertex 19.9073 1.30479 8
      vertex 19.95 0 8
    endloop
  endfacet
  facet normal -0 0 1
    outer loop
      vertex 18.8913 6.41272 8
      vertex 21.2504 5.69402 8
      vertex 20.3253 8.41903 8
    endloop
  endfacet
  facet normal 0 0 1
    outer loop
      vertex 19.9073 -1.30479 8
      vertex 22 0 8
      vertex 19.95 0 8
    endloop
  endfacet
  facet normal -0 0 1
    outer loop
      vertex 19.7793 -2.604 8
      vertex 21.8118 -2.87158 8
      vertex 19.9073 -1.30479 8
    endloop
  endfacet
  facet normal 0 0 1
    outer loop
      vertex 22 0 8
      vertex 19.9073 -1.30479 8
      vertex 21.8118 -2.87158 8
    endloop
  endfacet
  facet normal 0 0 1
    outer loop
      vertex 21.8118 2.87158 8
      vertex 19.7793 2.604 8
      vertex 19.9073 1.30479 8
    endloop
  endfacet
  facet normal 0 0 1
    outer loop
      vertex 21.8118 2.87158 8
      vertex 19.5667 3.89205 8
      vertex 19.7793 2.604 8
    endloop
  endfacet
  facet normal 0 0 1
    outer loop
      vertex 21.2504 5.69402 8
      vertex 19.2702 5.16344 8
      vertex 19.5667 3.89205 8
    endloop
  endfacet
  facet normal -0 0 1
    outer loop
      vertex 17.8926 8.82366 8
      vertex 20.3253 8.41903 8
      vertex 19.0526 11 8
    endloop
  endfacet
  facet normal 0 0 1
    outer loop
      vertex 21.2504 5.69402 8
      vertex 18.8913 6.41272 8
      vertex 19.2702 5.16344 8
    endloop
  endfacet
  facet normal 0 0 1
    outer loop
      vertex 20.3253 8.41903 8
      vertex 18.4314 7.63453 8
      vertex 18.8913 6.41272 8
    endloop
  endfacet
  facet normal 0 0 1
    outer loop
      vertex 20.3253 8.41903 8
      vertex 17.8926 8.82366 8
      vertex 18.4314 7.63453 8
    endloop
  endfacet
  facet normal -0 0 1
    outer loop
      vertex 16.5878 11.0836 8
      vertex 19.0526 11 8
      vertex 17.4538 13.3928 8
    endloop
  endfacet
  facet normal 0 0 1
    outer loop
      vertex 19.0526 11 8
      vertex 17.2772 9.975 8
      vertex 17.8926 8.82366 8
    endloop
  endfacet
  facet normal 0 0 1
    outer loop
      vertex 19.0526 11 8
      vertex 16.5878 11.0836 8
      vertex 17.2772 9.975 8
    endloop
  endfacet
  facet normal 0 0 1
    outer loop
      vertex 17.4538 13.3928 8
      vertex 15.8274 12.1448 8
      vertex 16.5878 11.0836 8
    endloop
  endfacet
  facet normal 0 0 1
    outer loop
      vertex 14.9992 13.1539 8
      vertex 17.4538 13.3928 8
      vertex 15.5563 15.5563 8
    endloop
  endfacet
  facet normal 0 0 1
    outer loop
      vertex 17.4538 13.3928 8
      vertex 14.9992 13.1539 8
      vertex 15.8274 12.1448 8
    endloop
  endfacet
  facet normal 0 0 1
    outer loop
      vertex 15.5563 15.5563 8
      vertex 14.1068 14.1068 8
      vertex 14.9992 13.1539 8
    endloop
  endfacet
  facet normal 0 0 1
    outer loop
      vertex 13.1539 14.9992 8
      vertex 15.5563 15.5563 8
      vertex 13.3928 17.4538 8
    endloop
  endfacet
  facet normal 0 0 1
    outer loop
      vertex 15.5563 15.5563 8
      vertex 13.1539 14.9992 8
      vertex 14.1068 14.1068 8
    endloop
  endfacet
  facet normal 0 0 1
    outer loop
      vertex 13.3928 17.4538 8
      vertex 12.1448 15.8274 8
      vertex 13.1539 14.9992 8
    endloop
  endfacet
  facet normal 0 0 1
    outer loop
      vertex 13.3928 17.4538 8
      vertex 11.0836 16.5878 8
      vertex 12.1448 15.8274 8
    endloop
  endfacet
  facet normal 0 0 1
    outer loop
      vertex 11 19.0526 8
      vertex 11.0836 16.5878 8
      vertex 13.3928 17.4538 8
    endloop
  endfacet
  facet normal 0 0 1
    outer loop
      vertex 11 19.0526 8
      vertex 9.975 17.2772 8
      vertex 11.0836 16.5878 8
    endloop
  endfacet
  facet normal 0 0 1
    outer loop
      vertex 11 19.0526 8
      vertex 8.82366 17.8926 8
      vertex 9.975 17.2772 8
    endloop
  endfacet
  facet normal 0 0 1
    outer loop
      vertex 8.41903 20.3253 8
      vertex 8.82366 17.8926 8
      vertex 11 19.0526 8
    endloop
  endfacet
  facet normal 0 0 1
    outer loop
      vertex 8.41903 20.3253 8
      vertex 7.63453 18.4314 8
      vertex 8.82366 17.8926 8
    endloop
  endfacet
  facet normal 0 0 1
    outer loop
      vertex 8.41903 20.3253 8
      vertex 6.41272 18.8913 8
      vertex 7.63453 18.4314 8
    endloop
  endfacet
  facet normal 0 0 1
    outer loop
      vertex 5.69402 21.2504 8
      vertex 6.41272 18.8913 8
      vertex 8.41903 20.3253 8
    endloop
  endfacet
  facet normal 0 0 1
    outer loop
      vertex 5.69402 21.2504 8
      vertex 5.16344 19.2702 8
      vertex 6.41272 18.8913 8
    endloop
  endfacet
  facet normal 0 0 1
    outer loop
      vertex 5.69402 21.2504 8
      vertex 3.89205 19.5667 8
      vertex 5.16344 19.2702 8
    endloop
  endfacet
  facet normal 0 0 1
    outer loop
      vertex 2.87158 21.8118 8
      vertex 3.89205 19.5667 8
      vertex 5.69402 21.2504 8
    endloop
  endfacet
  facet normal 0 0 1
    outer loop
      vertex 2.87158 21.8118 8
      vertex 2.604 19.7793 8
      vertex 3.89205 19.5667 8
    endloop
  endfacet
  facet normal 0 0 1
    outer loop
      vertex 2.87158 21.8118 8
      vertex 1.30479 19.9073 8
      vertex 2.604 19.7793 8
    endloop
  endfacet
  facet normal 0 0 1
    outer loop
      vertex 0 22 8
      vertex 1.30479 19.9073 8
      vertex 2.87158 21.8118 8
    endloop
  endfacet
  facet normal 0 0 1
    outer loop
      vertex 0 22 8
      vertex 0 19.95 8
      vertex 1.30479 19.9073 8
    endloop
  endfacet
  facet normal 0 0 1
    outer loop
      vertex 0 22 8
      vertex -1.30479 19.9073 8
      vertex 0 19.95 8
    endloop
  endfacet
  facet normal -0 0 1
    outer loop
      vertex -2.87158 21.8118 8
      vertex -1.30479 19.9073 8
      vertex 0 22 8
    endloop
  endfacet
  facet normal 0 0 1
    outer loop
      vertex -1.30479 19.9073 8
      vertex -2.87158 21.8118 8
      vertex -2.604 19.7793 8
    endloop
  endfacet
  facet normal 0 0 1
    outer loop
      vertex -2.87158 21.8118 8
      vertex -3.89205 19.5667 8
      vertex -2.604 19.7793 8
    endloop
  endfacet
  facet normal -0 0 1
    outer loop
      vertex -5.69402 21.2504 8
      vertex -3.89205 19.5667 8
      vertex -2.87158 21.8118 8
    endloop
  endfacet
  facet normal 0 0 1
    outer loop
      vertex -3.89205 19.5667 8
      vertex -5.69402 21.2504 8
      vertex -5.16344 19.2702 8
    endloop
  endfacet
  facet normal 0 0 1
    outer loop
      vertex -5.69402 21.2504 8
      vertex -6.41272 18.8913 8
      vertex -5.16344 19.2702 8
    endloop
  endfacet
  facet normal -0 0 1
    outer loop
      vertex -8.41903 20.3253 8
      vertex -6.41272 18.8913 8
      vertex -5.69402 21.2504 8
    endloop
  endfacet
  facet normal 0 0 1
    outer loop
      vertex -6.41272 18.8913 8
      vertex -8.41903 20.3253 8
      vertex -7.63453 18.4314 8
    endloop
  endfacet
  facet normal 0 0 1
    outer loop
      vertex -8.41903 20.3253 8
      vertex -8.82366 17.8926 8
      vertex -7.63453 18.4314 8
    endloop
  endfacet
  facet normal -0 0 1
    outer loop
      vertex -11 19.0526 8
      vertex -8.82366 17.8926 8
      vertex -8.41903 20.3253 8
    endloop
  endfacet
  facet normal 0 0 1
    outer loop
      vertex -8.82366 17.8926 8
      vertex -11 19.0526 8
      vertex -9.975 17.2772 8
    endloop
  endfacet
  facet normal 0 0 1
    outer loop
      vertex -11 19.0526 8
      vertex -11.0836 16.5878 8
      vertex -9.975 17.2772 8
    endloop
  endfacet
  facet normal -0 0 1
    outer loop
      vertex -13.3928 17.4538 8
      vertex -11.0836 16.5878 8
      vertex -11 19.0526 8
    endloop
  endfacet
  facet normal 0 0 1
    outer loop
      vertex -11.0836 16.5878 8
      vertex -13.3928 17.4538 8
      vertex -12.1448 15.8274 8
    endloop
  endfacet
  facet normal 0 0 1
    outer loop
      vertex -12.1448 15.8274 8
      vertex -13.3928 17.4538 8
      vertex -13.1539 14.9992 8
    endloop
  endfacet
  facet normal -0 0 1
    outer loop
      vertex -15.5563 15.5563 8
      vertex -13.1539 14.9992 8
      vertex -13.3928 17.4538 8
    endloop
  endfacet
  facet normal 0 0 1
    outer loop
      vertex -13.1539 14.9992 8
      vertex -15.5563 15.5563 8
      vertex -14.1068 14.1068 8
    endloop
  endfacet
  facet normal 0 0 1
    outer loop
      vertex -14.1068 14.1068 8
      vertex -15.5563 15.5563 8
      vertex -14.9992 13.1539 8
    endloop
  endfacet
  facet normal -0 0 1
    outer loop
      vertex -17.4538 13.3928 8
      vertex -14.9992 13.1539 8
      vertex -15.5563 15.5563 8
    endloop
  endfacet
  facet normal 0 0 1
    outer loop
      vertex -14.9992 13.1539 8
      vertex -17.4538 13.3928 8
      vertex -15.8274 12.1448 8
    endloop
  endfacet
  facet normal 0 0 1
    outer loop
      vertex -15.8274 12.1448 8
      vertex -17.4538 13.3928 8
      vertex -16.5878 11.0836 8
    endloop
  endfacet
  facet normal 0 0 1
    outer loop
      vertex -19.0526 11 8
      vertex -16.5878 11.0836 8
      vertex -17.4538 13.3928 8
    endloop
  endfacet
  facet normal 0 0 1
    outer loop
      vertex -16.5878 11.0836 8
      vertex -19.0526 11 8
      vertex -17.2772 9.975 8
    endloop
  endfacet
  facet normal 0 0 1
    outer loop
      vertex -17.2772 9.975 8
      vertex -19.0526 11 8
      vertex -17.8926 8.82366 8
    endloop
  endfacet
  facet normal 0 0 1
    outer loop
      vertex -20.3253 8.41903 8
      vertex -17.8926 8.82366 8
      vertex -19.0526 11 8
    endloop
  endfacet
  facet normal 0 0 1
    outer loop
      vertex -17.8926 8.82366 8
      vertex -20.3253 8.41903 8
      vertex -18.4314 7.63453 8
    endloop
  endfacet
  facet normal 0 0 1
    outer loop
      vertex -18.4314 7.63453 8
      vertex -20.3253 8.41903 8
      vertex -18.8913 6.41272 8
    endloop
  endfacet
  facet normal 0 0 1
    outer loop
      vertex -21.2504 5.69402 8
      vertex -18.8913 6.41272 8
      vertex -20.3253 8.41903 8
    endloop
  endfacet
  facet normal 0 0 1
    outer loop
      vertex -18.8913 6.41272 8
      vertex -21.2504 5.69402 8
      vertex -19.2702 5.16344 8
    endloop
  endfacet
  facet normal 0 0 1
    outer loop
      vertex -19.2702 5.16344 8
      vertex -21.2504 5.69402 8
      vertex -19.5667 3.89205 8
    endloop
  endfacet
  facet normal 0 0 1
    outer loop
      vertex -19.5667 3.89205 8
      vertex -21.8118 2.87158 8
      vertex -19.7793 2.604 8
    endloop
  endfacet
  facet normal 0 0 1
    outer loop
      vertex -21.8118 2.87158 8
      vertex -19.5667 3.89205 8
      vertex -21.2504 5.69402 8
    endloop
  endfacet
  facet normal 0 0 1
    outer loop
      vertex 19.5667 -3.89205 8
      vertex 21.8118 -2.87158 8
      vertex 19.7793 -2.604 8
    endloop
  endfacet
  facet normal 0 0 1
    outer loop
      vertex 21.8118 -2.87158 8
      vertex 19.5667 -3.89205 8
      vertex 21.2504 -5.69402 8
    endloop
  endfacet
  facet normal -0 0 1
    outer loop
      vertex 19.2702 -5.16344 8
      vertex 21.2504 -5.69402 8
      vertex 19.5667 -3.89205 8
    endloop
  endfacet
  facet normal 0 0 1
    outer loop
      vertex 18.8913 -6.41272 8
      vertex 21.2504 -5.69402 8
      vertex 19.2702 -5.16344 8
    endloop
  endfacet
  facet normal 0 0 1
    outer loop
      vertex 21.2504 -5.69402 8
      vertex 18.8913 -6.41272 8
      vertex 20.3253 -8.41903 8
    endloop
  endfacet
  facet normal -0 0 1
    outer loop
      vertex 18.4314 -7.63453 8
      vertex 20.3253 -8.41903 8
      vertex 18.8913 -6.41272 8
    endloop
  endfacet
  facet normal 0 0 1
    outer loop
      vertex 17.8926 -8.82366 8
      vertex 20.3253 -8.41903 8
      vertex 18.4314 -7.63453 8
    endloop
  endfacet
  facet normal 0 0 1
    outer loop
      vertex 20.3253 -8.41903 8
      vertex 17.8926 -8.82366 8
      vertex 19.0526 -11 8
    endloop
  endfacet
  facet normal -0 0 1
    outer loop
      vertex 17.2772 -9.975 8
      vertex 19.0526 -11 8
      vertex 17.8926 -8.82366 8
    endloop
  endfacet
  facet normal 0 0 1
    outer loop
      vertex 16.5878 -11.0836 8
      vertex 19.0526 -11 8
      vertex 17.2772 -9.975 8
    endloop
  endfacet
  facet normal 0 0 1
    outer loop
      vertex 19.0526 -11 8
      vertex 16.5878 -11.0836 8
      vertex 17.4538 -13.3928 8
    endloop
  endfacet
  facet normal -0 0 1
    outer loop
      vertex 15.8274 -12.1448 8
      vertex 17.4538 -13.3928 8
      vertex 16.5878 -11.0836 8
    endloop
  endfacet
  facet normal -0 0 1
    outer loop
      vertex 14.9992 -13.1539 8
      vertex 17.4538 -13.3928 8
      vertex 15.8274 -12.1448 8
    endloop
  endfacet
  facet normal 0 0 1
    outer loop
      vertex 17.4538 -13.3928 8
      vertex 14.9992 -13.1539 8
      vertex 15.5563 -15.5563 8
    endloop
  endfacet
  facet normal -0 0 1
    outer loop
      vertex 14.1068 -14.1068 8
      vertex 15.5563 -15.5563 8
      vertex 14.9992 -13.1539 8
    endloop
  endfacet
  facet normal -0 0 1
    outer loop
      vertex 13.1539 -14.9992 8
      vertex 15.5563 -15.5563 8
      vertex 14.1068 -14.1068 8
    endloop
  endfacet
  facet normal 0 0 1
    outer loop
      vertex 15.5563 -15.5563 8
      vertex 13.1539 -14.9992 8
      vertex 13.3928 -17.4538 8
    endloop
  endfacet
  facet normal -0 0 1
    outer loop
      vertex 12.1448 -15.8274 8
      vertex 13.3928 -17.4538 8
      vertex 13.1539 -14.9992 8
    endloop
  endfacet
  facet normal -0 0 1
    outer loop
      vertex 11.0836 -16.5878 8
      vertex 13.3928 -17.4538 8
      vertex 12.1448 -15.8274 8
    endloop
  endfacet
  facet normal 0 0 1
    outer loop
      vertex 11.0836 -16.5878 8
      vertex 11 -19.0526 8
      vertex 13.3928 -17.4538 8
    endloop
  endfacet
  facet normal -0 0 1
    outer loop
      vertex 9.975 -17.2772 8
      vertex 11 -19.0526 8
      vertex 11.0836 -16.5878 8
    endloop
  endfacet
  facet normal -0 0 1
    outer loop
      vertex 8.82366 -17.8926 8
      vertex 11 -19.0526 8
      vertex 9.975 -17.2772 8
    endloop
  endfacet
  facet normal 0 0 1
    outer loop
      vertex 8.82366 -17.8926 8
      vertex 8.41903 -20.3253 8
      vertex 11 -19.0526 8
    endloop
  endfacet
  facet normal -0 0 1
    outer loop
      vertex 7.63453 -18.4314 8
      vertex 8.41903 -20.3253 8
      vertex 8.82366 -17.8926 8
    endloop
  endfacet
  facet normal -0 0 1
    outer loop
      vertex 6.41272 -18.8913 8
      vertex 8.41903 -20.3253 8
      vertex 7.63453 -18.4314 8
    endloop
  endfacet
  facet normal 0 0 1
    outer loop
      vertex 6.41272 -18.8913 8
      vertex 5.69402 -21.2504 8
      vertex 8.41903 -20.3253 8
    endloop
  endfacet
  facet normal -0 0 1
    outer loop
      vertex 5.16344 -19.2702 8
      vertex 5.69402 -21.2504 8
      vertex 6.41272 -18.8913 8
    endloop
  endfacet
  facet normal -0 0 1
    outer loop
      vertex 3.89205 -19.5667 8
      vertex 5.69402 -21.2504 8
      vertex 5.16344 -19.2702 8
    endloop
  endfacet
  facet normal 0 0 1
    outer loop
      vertex 3.89205 -19.5667 8
      vertex 2.87158 -21.8118 8
      vertex 5.69402 -21.2504 8
    endloop
  endfacet
  facet normal -0 0 1
    outer loop
      vertex 2.604 -19.7793 8
      vertex 2.87158 -21.8118 8
      vertex 3.89205 -19.5667 8
    endloop
  endfacet
  facet normal -0 0 1
    outer loop
      vertex 1.30479 -19.9073 8
      vertex 2.87158 -21.8118 8
      vertex 2.604 -19.7793 8
    endloop
  endfacet
  facet normal 0 0 1
    outer loop
      vertex 0 -22 8
      vertex 1.30479 -19.9073 8
      vertex 0 -19.95 8
    endloop
  endfacet
  facet normal 0 0 1
    outer loop
      vertex 1.30479 -19.9073 8
      vertex 0 -22 8
      vertex 2.87158 -21.8118 8
    endloop
  endfacet
  facet normal 0 0 1
    outer loop
      vertex -1.30479 -19.9073 8
      vertex 0 -22 8
      vertex 0 -19.95 8
    endloop
  endfacet
  facet normal 0 0 1
    outer loop
      vertex -2.87158 -21.8118 8
      vertex -1.30479 -19.9073 8
      vertex -2.604 -19.7793 8
    endloop
  endfacet
  facet normal 0 0 1
    outer loop
      vertex -1.30479 -19.9073 8
      vertex -2.87158 -21.8118 8
      vertex 0 -22 8
    endloop
  endfacet
  facet normal 0 0 1
    outer loop
      vertex -3.89205 -19.5667 8
      vertex -2.87158 -21.8118 8
      vertex -2.604 -19.7793 8
    endloop
  endfacet
  facet normal 0 0 1
    outer loop
      vertex -5.69402 -21.2504 8
      vertex -3.89205 -19.5667 8
      vertex -5.16344 -19.2702 8
    endloop
  endfacet
  facet normal 0 0 1
    outer loop
      vertex -3.89205 -19.5667 8
      vertex -5.69402 -21.2504 8
      vertex -2.87158 -21.8118 8
    endloop
  endfacet
  facet normal 0 0 1
    outer loop
      vertex -6.41272 -18.8913 8
      vertex -5.69402 -21.2504 8
      vertex -5.16344 -19.2702 8
    endloop
  endfacet
  facet normal 0 0 1
    outer loop
      vertex -8.41903 -20.3253 8
      vertex -6.41272 -18.8913 8
      vertex -7.63453 -18.4314 8
    endloop
  endfacet
  facet normal 0 0 1
    outer loop
      vertex -6.41272 -18.8913 8
      vertex -8.41903 -20.3253 8
      vertex -5.69402 -21.2504 8
    endloop
  endfacet
  facet normal 0 0 1
    outer loop
      vertex -8.82366 -17.8926 8
      vertex -8.41903 -20.3253 8
      vertex -7.63453 -18.4314 8
    endloop
  endfacet
  facet normal 0 0 1
    outer loop
      vertex -11 -19.0526 8
      vertex -8.82366 -17.8926 8
      vertex -9.975 -17.2772 8
    endloop
  endfacet
  facet normal 0 0 1
    outer loop
      vertex -8.82366 -17.8926 8
      vertex -11 -19.0526 8
      vertex -8.41903 -20.3253 8
    endloop
  endfacet
  facet normal 0 0 1
    outer loop
      vertex -11.0836 -16.5878 8
      vertex -11 -19.0526 8
      vertex -9.975 -17.2772 8
    endloop
  endfacet
  facet normal 0 0 1
    outer loop
      vertex -13.3928 -17.4538 8
      vertex -11.0836 -16.5878 8
      vertex -12.1448 -15.8274 8
    endloop
  endfacet
  facet normal 0 0 1
    outer loop
      vertex -13.3928 -17.4538 8
      vertex -12.1448 -15.8274 8
      vertex -13.1539 -14.9992 8
    endloop
  endfacet
  facet normal 0 0 1
    outer loop
      vertex -11.0836 -16.5878 8
      vertex -13.3928 -17.4538 8
      vertex -11 -19.0526 8
    endloop
  endfacet
  facet normal 0 0 1
    outer loop
      vertex -15.5563 -15.5563 8
      vertex -13.1539 -14.9992 8
      vertex -14.1068 -14.1068 8
    endloop
  endfacet
  facet normal 0 0 1
    outer loop
      vertex -15.5563 -15.5563 8
      vertex -14.1068 -14.1068 8
      vertex -14.9992 -13.1539 8
    endloop
  endfacet
  facet normal 0 0 1
    outer loop
      vertex -13.1539 -14.9992 8
      vertex -15.5563 -15.5563 8
      vertex -13.3928 -17.4538 8
    endloop
  endfacet
  facet normal 0 0 1
    outer loop
      vertex -17.4538 -13.3928 8
      vertex -14.9992 -13.1539 8
      vertex -15.8274 -12.1448 8
    endloop
  endfacet
  facet normal 0 0 1
    outer loop
      vertex -17.4538 -13.3928 8
      vertex -15.8274 -12.1448 8
      vertex -16.5878 -11.0836 8
    endloop
  endfacet
  facet normal -0 0 1
    outer loop
      vertex -19.0526 -11 8
      vertex -16.5878 -11.0836 8
      vertex -17.2772 -9.975 8
    endloop
  endfacet
  facet normal 0 0 1
    outer loop
      vertex -14.9992 -13.1539 8
      vertex -17.4538 -13.3928 8
      vertex -15.5563 -15.5563 8
    endloop
  endfacet
  facet normal 0 0 1
    outer loop
      vertex -19.0526 -11 8
      vertex -17.2772 -9.975 8
      vertex -17.8926 -8.82366 8
    endloop
  endfacet
  facet normal -0 0 1
    outer loop
      vertex -20.3253 -8.41903 8
      vertex -17.8926 -8.82366 8
      vertex -18.4314 -7.63453 8
    endloop
  endfacet
  facet normal 0 0 1
    outer loop
      vertex -20.3253 -8.41903 8
      vertex -18.4314 -7.63453 8
      vertex -18.8913 -6.41272 8
    endloop
  endfacet
  facet normal 0 0 1
    outer loop
      vertex -16.5878 -11.0836 8
      vertex -19.0526 -11 8
      vertex -17.4538 -13.3928 8
    endloop
  endfacet
  facet normal -0 0 1
    outer loop
      vertex -21.2504 -5.69402 8
      vertex -18.8913 -6.41272 8
      vertex -19.2702 -5.16344 8
    endloop
  endfacet
  facet normal 0 0 1
    outer loop
      vertex -21.2504 -5.69402 8
      vertex -19.2702 -5.16344 8
      vertex -19.5667 -3.89205 8
    endloop
  endfacet
  facet normal -0 0 1
    outer loop
      vertex -21.8118 -2.87158 8
      vertex -19.5667 -3.89205 8
      vertex -19.7793 -2.604 8
    endloop
  endfacet
  facet normal 0 0 1
    outer loop
      vertex -21.8118 -2.87158 8
      vertex -19.7793 -2.604 8
      vertex -19.9073 -1.30479 8
    endloop
  endfacet
  facet normal 0 0 1
    outer loop
      vertex -19.7793 2.604 8
      vertex -21.8118 2.87158 8
      vertex -19.9073 1.30479 8
    endloop
  endfacet
  facet normal 0 0 1
    outer loop
      vertex -17.8926 -8.82366 8
      vertex -20.3253 -8.41903 8
      vertex -19.0526 -11 8
    endloop
  endfacet
  facet normal 0 0 1
    outer loop
      vertex -22 0 8
      vertex -19.9073 1.30479 8
      vertex -21.8118 2.87158 8
    endloop
  endfacet
  facet normal 0 0 1
    outer loop
      vertex -19.9073 1.30479 8
      vertex -22 0 8
      vertex -19.95 0 8
    endloop
  endfacet
  facet normal 0 0 1
    outer loop
      vertex -18.8913 -6.41272 8
      vertex -21.2504 -5.69402 8
      vertex -20.3253 -8.41903 8
    endloop
  endfacet
  facet normal 0 0 1
    outer loop
      vertex -19.95 0 8
      vertex -22 0 8
      vertex -19.9073 -1.30479 8
    endloop
  endfacet
  facet normal 0 0 1
    outer loop
      vertex -19.5667 -3.89205 8
      vertex -21.8118 -2.87158 8
      vertex -21.2504 -5.69402 8
    endloop
  endfacet
  facet normal 0 0 1
    outer loop
      vertex -19.9073 -1.30479 8
      vertex -22 0 8
      vertex -21.8118 -2.87158 8
    endloop
  endfacet
  facet normal -0.751812 0.659378 0
    outer loop
      vertex -17.4538 13.3928 4
      vertex -15.5563 15.5563 8
      vertex -15.5563 15.5563 4
    endloop
  endfacet
  facet normal -0.751812 0.659378 0
    outer loop
      vertex -15.5563 15.5563 8
      vertex -17.4538 13.3928 4
      vertex -17.4538 13.3928 8
    endloop
  endfacet
  facet normal -0.659378 -0.751812 0
    outer loop
      vertex -15.5563 -15.5563 4
      vertex -13.3928 -17.4538 8
      vertex -15.5563 -15.5563 8
    endloop
  endfacet
  facet normal -0.659378 -0.751812 -0
    outer loop
      vertex -13.3928 -17.4538 8
      vertex -15.5563 -15.5563 4
      vertex -13.3928 -17.4538 4
    endloop
  endfacet
  facet normal 0.896886 -0.442263 0
    outer loop
      vertex 19.0526 -11 8
      vertex 20.3253 -8.41903 4
      vertex 20.3253 -8.41903 8
    endloop
  endfacet
  facet normal 0.896886 -0.442263 0
    outer loop
      vertex 20.3253 -8.41903 4
      vertex 19.0526 -11 8
      vertex 19.0526 -11 4
    endloop
  endfacet
  facet normal 0.321466 -0.946921 0
    outer loop
      vertex 5.69402 -21.2504 4
      vertex 8.41903 -20.3253 8
      vertex 5.69402 -21.2504 8
    endloop
  endfacet
  facet normal 0.321466 -0.946921 0
    outer loop
      vertex 8.41903 -20.3253 8
      vertex 5.69402 -21.2504 4
      vertex 8.41903 -20.3253 4
    endloop
  endfacet
  facet normal -0.980786 0.195084 0
    outer loop
      vertex -21.8118 2.87158 4
      vertex -21.2504 5.69402 8
      vertex -21.2504 5.69402 4
    endloop
  endfacet
  facet normal -0.980786 0.195084 0
    outer loop
      vertex -21.2504 5.69402 8
      vertex -21.8118 2.87158 4
      vertex -21.8118 2.87158 8
    endloop
  endfacet
  facet normal -0.980786 -0.195084 0
    outer loop
      vertex -21.2504 -5.69402 4
      vertex -21.8118 -2.87158 8
      vertex -21.8118 -2.87158 4
    endloop
  endfacet
  facet normal -0.980786 -0.195084 0
    outer loop
      vertex -21.8118 -2.87158 8
      vertex -21.2504 -5.69402 4
      vertex -21.2504 -5.69402 8
    endloop
  endfacet
  facet normal -0.659378 0.751812 0
    outer loop
      vertex -13.3928 17.4538 4
      vertex -15.5563 15.5563 8
      vertex -13.3928 17.4538 8
    endloop
  endfacet
  facet normal -0.659378 0.751812 0
    outer loop
      vertex -15.5563 15.5563 8
      vertex -13.3928 17.4538 4
      vertex -15.5563 15.5563 4
    endloop
  endfacet
  facet normal -0.896886 -0.442263 0
    outer loop
      vertex -19.0526 -11 4
      vertex -20.3253 -8.41903 8
      vertex -20.3253 -8.41903 4
    endloop
  endfacet
  facet normal -0.896886 -0.442263 0
    outer loop
      vertex -20.3253 -8.41903 8
      vertex -19.0526 -11 4
      vertex -19.0526 -11 8
    endloop
  endfacet
  facet normal -0.321466 0.946921 0
    outer loop
      vertex -5.69402 21.2504 4
      vertex -8.41903 20.3253 8
      vertex -5.69402 21.2504 8
    endloop
  endfacet
  facet normal -0.321466 0.946921 0
    outer loop
      vertex -8.41903 20.3253 8
      vertex -5.69402 21.2504 4
      vertex -8.41903 20.3253 4
    endloop
  endfacet
  facet normal -0.997859 0.0653985 0
    outer loop
      vertex -22 0 4
      vertex -21.8118 2.87158 8
      vertex -21.8118 2.87158 4
    endloop
  endfacet
  facet normal -0.997859 0.0653985 0
    outer loop
      vertex -21.8118 2.87158 8
      vertex -22 0 4
      vertex -22 0 8
    endloop
  endfacet
  facet normal 0.0653985 -0.997859 0
    outer loop
      vertex 0 -22 4
      vertex 2.87158 -21.8118 8
      vertex 0 -22 8
    endloop
  endfacet
  facet normal 0.0653985 -0.997859 0
    outer loop
      vertex 2.87158 -21.8118 8
      vertex 0 -22 4
      vertex 2.87158 -21.8118 4
    endloop
  endfacet
  facet normal -0.195084 0.980786 0
    outer loop
      vertex -2.87158 21.8118 4
      vertex -5.69402 21.2504 8
      vertex -2.87158 21.8118 8
    endloop
  endfacet
  facet normal -0.195084 0.980786 0
    outer loop
      vertex -5.69402 21.2504 8
      vertex -2.87158 21.8118 4
      vertex -5.69402 21.2504 4
    endloop
  endfacet
  facet normal -0.555566 0.831472 0
    outer loop
      vertex -11 19.0526 4
      vertex -13.3928 17.4538 8
      vertex -11 19.0526 8
    endloop
  endfacet
  facet normal -0.555566 0.831472 0
    outer loop
      vertex -13.3928 17.4538 8
      vertex -11 19.0526 4
      vertex -13.3928 17.4538 4
    endloop
  endfacet
  facet normal 0.528083 -0.849192 0
    outer loop
      vertex 9.975 -17.2772 8
      vertex 11.0836 -16.5878 15
      vertex 9.975 -17.2772 15
    endloop
  endfacet
  facet normal 0.528083 -0.849192 0
    outer loop
      vertex 11.0836 -16.5878 15
      vertex 9.975 -17.2772 8
      vertex 11.0836 -16.5878 8
    endloop
  endfacet
  facet normal -0.935895 -0.352279 0
    outer loop
      vertex -18.4314 -7.63453 8
      vertex -18.8913 -6.41272 15
      vertex -18.8913 -6.41272 8
    endloop
  endfacet
  facet normal -0.935895 -0.352279 0
    outer loop
      vertex -18.8913 -6.41272 15
      vertex -18.4314 -7.63453 8
      vertex -18.4314 -7.63453 15
    endloop
  endfacet
  facet normal 0.995182 -0.0980467 0
    outer loop
      vertex 19.7793 -2.604 15
      vertex 19.9073 -1.30479 8
      vertex 19.9073 -1.30479 15
    endloop
  endfacet
  facet normal 0.995182 -0.0980467 0
    outer loop
      vertex 19.9073 -1.30479 8
      vertex 19.7793 -2.604 15
      vertex 19.7793 -2.604 8
    endloop
  endfacet
  facet normal 0.999465 -0.0327081 0
    outer loop
      vertex 19.9073 -1.30479 15
      vertex 19.95 0 8
      vertex 19.95 0 15
    endloop
  endfacet
  facet normal 0.999465 -0.0327081 0
    outer loop
      vertex 19.95 0 8
      vertex 19.9073 -1.30479 15
      vertex 19.9073 -1.30479 8
    endloop
  endfacet
  facet normal -0.471394 -0.881923 0
    outer loop
      vertex -9.975 -17.2772 8
      vertex -8.82366 -17.8926 15
      vertex -9.975 -17.2772 15
    endloop
  endfacet
  facet normal -0.471394 -0.881923 -0
    outer loop
      vertex -8.82366 -17.8926 15
      vertex -9.975 -17.2772 8
      vertex -8.82366 -17.8926 8
    endloop
  endfacet
  facet normal 0.956954 0.290239 0
    outer loop
      vertex 19.2702 5.16344 15
      vertex 18.8913 6.41272 8
      vertex 18.8913 6.41272 15
    endloop
  endfacet
  facet normal 0.956954 0.290239 0
    outer loop
      vertex 18.8913 6.41272 8
      vertex 19.2702 5.16344 15
      vertex 19.2702 5.16344 8
    endloop
  endfacet
  facet normal 0.634418 -0.772991 0
    outer loop
      vertex 12.1448 -15.8274 8
      vertex 13.1539 -14.9992 15
      vertex 12.1448 -15.8274 15
    endloop
  endfacet
  facet normal 0.634418 -0.772991 0
    outer loop
      vertex 13.1539 -14.9992 15
      vertex 12.1448 -15.8274 8
      vertex 13.1539 -14.9992 8
    endloop
  endfacet
  facet normal 0.91086 -0.412715 0
    outer loop
      vertex 17.8926 -8.82366 15
      vertex 18.4314 -7.63453 8
      vertex 18.4314 -7.63453 15
    endloop
  endfacet
  facet normal 0.91086 -0.412715 0
    outer loop
      vertex 18.4314 -7.63453 8
      vertex 17.8926 -8.82366 15
      vertex 17.8926 -8.82366 8
    endloop
  endfacet
  facet normal -0.683556 -0.729898 0
    outer loop
      vertex -14.1068 -14.1068 8
      vertex -13.1539 -14.9992 15
      vertex -14.1068 -14.1068 15
    endloop
  endfacet
  facet normal -0.683556 -0.729898 -0
    outer loop
      vertex -13.1539 -14.9992 15
      vertex -14.1068 -14.1068 8
      vertex -13.1539 -14.9992 8
    endloop
  endfacet
  facet normal -0.973868 -0.227115 0
    outer loop
      vertex -19.2702 -5.16344 8
      vertex -19.5667 -3.89205 15
      vertex -19.5667 -3.89205 8
    endloop
  endfacet
  facet normal -0.973868 -0.227115 0
    outer loop
      vertex -19.5667 -3.89205 15
      vertex -19.2702 -5.16344 8
      vertex -19.2702 -5.16344 15
    endloop
  endfacet
  facet normal 0.0327081 -0.999465 0
    outer loop
      vertex 0 -19.95 8
      vertex 1.30479 -19.9073 15
      vertex 0 -19.95 15
    endloop
  endfacet
  facet normal 0.0327081 -0.999465 0
    outer loop
      vertex 1.30479 -19.9073 15
      vertex 0 -19.95 8
      vertex 1.30479 -19.9073 8
    endloop
  endfacet
  facet normal -0.956954 0.290239 0
    outer loop
      vertex -19.2702 5.16344 8
      vertex -18.8913 6.41272 15
      vertex -18.8913 6.41272 8
    endloop
  endfacet
  facet normal -0.956954 0.290239 0
    outer loop
      vertex -18.8913 6.41272 15
      vertex -19.2702 5.16344 8
      vertex -19.2702 5.16344 15
    endloop
  endfacet
  facet normal -0.729898 0.683556 0
    outer loop
      vertex -14.9992 13.1539 8
      vertex -14.1068 14.1068 15
      vertex -14.1068 14.1068 8
    endloop
  endfacet
  facet normal -0.729898 0.683556 0
    outer loop
      vertex -14.1068 14.1068 15
      vertex -14.9992 13.1539 8
      vertex -14.9992 13.1539 15
    endloop
  endfacet
  facet normal -0.995182 -0.0980467 0
    outer loop
      vertex -19.7793 -2.604 8
      vertex -19.9073 -1.30479 15
      vertex -19.9073 -1.30479 8
    endloop
  endfacet
  facet normal -0.995182 -0.0980467 0
    outer loop
      vertex -19.9073 -1.30479 15
      vertex -19.7793 -2.604 8
      vertex -19.7793 -2.604 15
    endloop
  endfacet
  facet normal 0.683556 -0.729898 0
    outer loop
      vertex 13.1539 -14.9992 8
      vertex 14.1068 -14.1068 15
      vertex 13.1539 -14.9992 15
    endloop
  endfacet
  facet normal 0.683556 -0.729898 0
    outer loop
      vertex 14.1068 -14.1068 15
      vertex 13.1539 -14.9992 8
      vertex 14.1068 -14.1068 8
    endloop
  endfacet
  facet normal 0.0980467 -0.995182 0
    outer loop
      vertex 1.30479 -19.9073 8
      vertex 2.604 -19.7793 15
      vertex 1.30479 -19.9073 15
    endloop
  endfacet
  facet normal 0.0980467 -0.995182 0
    outer loop
      vertex 2.604 -19.7793 15
      vertex 1.30479 -19.9073 8
      vertex 2.604 -19.7793 8
    endloop
  endfacet
  facet normal 0.528083 0.849192 -0
    outer loop
      vertex 11.0836 16.5878 8
      vertex 9.975 17.2772 15
      vertex 11.0836 16.5878 15
    endloop
  endfacet
  facet normal 0.528083 0.849192 0
    outer loop
      vertex 9.975 17.2772 15
      vertex 11.0836 16.5878 8
      vertex 9.975 17.2772 8
    endloop
  endfacet
  facet normal -0.352279 -0.935895 0
    outer loop
      vertex -7.63453 -18.4314 8
      vertex -6.41272 -18.8913 15
      vertex -7.63453 -18.4314 15
    endloop
  endfacet
  facet normal -0.352279 -0.935895 -0
    outer loop
      vertex -6.41272 -18.8913 15
      vertex -7.63453 -18.4314 8
      vertex -6.41272 -18.8913 8
    endloop
  endfacet
  facet normal -0.227115 0.973868 0
    outer loop
      vertex -3.89205 19.5667 8
      vertex -5.16344 19.2702 15
      vertex -3.89205 19.5667 15
    endloop
  endfacet
  facet normal -0.227115 0.973868 0
    outer loop
      vertex -5.16344 19.2702 15
      vertex -3.89205 19.5667 8
      vertex -5.16344 19.2702 8
    endloop
  endfacet
  facet normal 0.352279 0.935895 -0
    outer loop
      vertex 7.63453 18.4314 8
      vertex 6.41272 18.8913 15
      vertex 7.63453 18.4314 15
    endloop
  endfacet
  facet normal 0.352279 0.935895 0
    outer loop
      vertex 6.41272 18.8913 15
      vertex 7.63453 18.4314 8
      vertex 6.41272 18.8913 8
    endloop
  endfacet
  facet normal 0.729898 0.683556 0
    outer loop
      vertex 14.9992 13.1539 15
      vertex 14.1068 14.1068 8
      vertex 14.1068 14.1068 15
    endloop
  endfacet
  facet normal 0.729898 0.683556 0
    outer loop
      vertex 14.1068 14.1068 8
      vertex 14.9992 13.1539 15
      vertex 14.9992 13.1539 8
    endloop
  endfacet
  facet normal -0 0 1
    outer loop
      vertex -13.2375 7.01508 15
      vertex -13.8582 5.74025 15
      vertex -13.2193 7.03589 15
    endloop
  endfacet
  facet normal -0 0 1
    outer loop
      vertex -13.444 6.83396 15
      vertex -13.8582 5.74025 15
      vertex -13.2375 7.01508 15
    endloop
  endfacet
  facet normal -0 0 1
    outer loop
      vertex -13.6724 6.68135 15
      vertex -13.8582 5.74025 15
      vertex -13.444 6.83396 15
    endloop
  endfacet
  facet normal -0 0 1
    outer loop
      vertex -13.9188 6.55985 15
      vertex -13.8582 5.74025 15
      vertex -13.6724 6.68135 15
    endloop
  endfacet
  facet normal -0 0 1
    outer loop
      vertex -14.1789 6.47156 15
      vertex -13.8582 5.74025 15
      vertex -13.9188 6.55985 15
    endloop
  endfacet
  facet normal -0 0 1
    outer loop
      vertex -14.4483 6.41796 15
      vertex -13.8582 5.74025 15
      vertex -14.1789 6.47156 15
    endloop
  endfacet
  facet normal -0 0 1
    outer loop
      vertex -14.7224 6.4 15
      vertex -13.8582 5.74025 15
      vertex -14.4483 6.41796 15
    endloop
  endfacet
  facet normal 0 0 1
    outer loop
      vertex -14.9965 6.41796 15
      vertex -13.8582 5.74025 15
      vertex -14.7224 6.4 15
    endloop
  endfacet
  facet normal 0 0 1
    outer loop
      vertex -13.8582 5.74025 15
      vertex -14.9965 6.41796 15
      vertex -14.4889 3.88229 15
    endloop
  endfacet
  facet normal 0 0 1
    outer loop
      vertex -15.266 6.47156 15
      vertex -14.4889 3.88229 15
      vertex -14.9965 6.41796 15
    endloop
  endfacet
  facet normal 0 0 1
    outer loop
      vertex -15.5261 6.55985 15
      vertex -14.4889 3.88229 15
      vertex -15.266 6.47156 15
    endloop
  endfacet
  facet normal 0 0 1
    outer loop
      vertex -15.7724 6.68135 15
      vertex -14.4889 3.88229 15
      vertex -15.5261 6.55985 15
    endloop
  endfacet
  facet normal 0 0 1
    outer loop
      vertex 14.4889 3.88229 15
      vertex 15.266 6.47156 15
      vertex 14.9965 6.41796 15
    endloop
  endfacet
  facet normal 0 0 1
    outer loop
      vertex 15.266 6.47156 15
      vertex 14.8717 1.95789 15
      vertex 15 0 15
    endloop
  endfacet
  facet normal 0 0 1
    outer loop
      vertex 13.8582 5.74025 15
      vertex 14.9965 6.41796 15
      vertex 14.7224 6.4 15
    endloop
  endfacet
  facet normal 0 0 1
    outer loop
      vertex 15.266 6.47156 15
      vertex 14.4889 3.88229 15
      vertex 14.8717 1.95789 15
    endloop
  endfacet
  facet normal 0 0 1
    outer loop
      vertex 13.8582 5.74025 15
      vertex 14.7224 6.4 15
      vertex 14.4483 6.41796 15
    endloop
  endfacet
  facet normal 0 0 1
    outer loop
      vertex 13.8582 5.74025 15
      vertex 14.4483 6.41796 15
      vertex 14.1789 6.47156 15
    endloop
  endfacet
  facet normal 0 0 1
    outer loop
      vertex 13.8582 5.74025 15
      vertex 14.1789 6.47156 15
      vertex 13.9188 6.55985 15
    endloop
  endfacet
  facet normal 0 0 1
    outer loop
      vertex 14.9965 6.41796 15
      vertex 13.8582 5.74025 15
      vertex 14.4889 3.88229 15
    endloop
  endfacet
  facet normal 0 0 1
    outer loop
      vertex 13.6724 6.68135 15
      vertex 13.8582 5.74025 15
      vertex 13.9188 6.55985 15
    endloop
  endfacet
  facet normal 0 0 1
    outer loop
      vertex 13.444 6.83396 15
      vertex 13.8582 5.74025 15
      vertex 13.6724 6.68135 15
    endloop
  endfacet
  facet normal 0 0 1
    outer loop
      vertex 13.2375 7.01508 15
      vertex 13.8582 5.74025 15
      vertex 13.444 6.83396 15
    endloop
  endfacet
  facet normal 0 0 1
    outer loop
      vertex 13.8582 5.74025 15
      vertex 13.2375 7.01508 15
      vertex 13.2193 7.03589 15
    endloop
  endfacet
  facet normal 0 0 1
    outer loop
      vertex 15 0 15
      vertex 19.95 0 15
      vertex 19.9073 1.30479 15
    endloop
  endfacet
  facet normal 0 0 1
    outer loop
      vertex 15 0 15
      vertex 19.9073 1.30479 15
      vertex 19.7793 2.604 15
    endloop
  endfacet
  facet normal 0 0 1
    outer loop
      vertex 19.95 0 15
      vertex 15 0 15
      vertex 19.9073 -1.30479 15
    endloop
  endfacet
  facet normal 0 0 1
    outer loop
      vertex 15 0 15
      vertex 19.7793 2.604 15
      vertex 19.5667 3.89205 15
    endloop
  endfacet
  facet normal 0 0 1
    outer loop
      vertex 14.8717 -1.95789 15
      vertex 19.9073 -1.30479 15
      vertex 15 0 15
    endloop
  endfacet
  facet normal 0 0 1
    outer loop
      vertex 15.5261 6.55985 15
      vertex 19.5667 3.89205 15
      vertex 19.2702 5.16344 15
    endloop
  endfacet
  facet normal 0 0 1
    outer loop
      vertex 19.9073 -1.30479 15
      vertex 14.8717 -1.95789 15
      vertex 19.7793 -2.604 15
    endloop
  endfacet
  facet normal 0 0 1
    outer loop
      vertex 16.0008 6.83396 15
      vertex 19.2702 5.16344 15
      vertex 18.8913 6.41272 15
    endloop
  endfacet
  facet normal 0 0 1
    outer loop
      vertex 19.7793 -2.604 15
      vertex 14.8717 -1.95789 15
      vertex 19.5667 -3.89205 15
    endloop
  endfacet
  facet normal -0 0 1
    outer loop
      vertex 16.5411 7.45 15
      vertex 18.8913 6.41272 15
      vertex 18.4314 7.63453 15
    endloop
  endfacet
  facet normal -0 0 1
    outer loop
      vertex 14.4889 -3.88229 15
      vertex 19.5667 -3.89205 15
      vertex 14.8717 -1.95789 15
    endloop
  endfacet
  facet normal -0 0 1
    outer loop
      vertex 16.8045 8.22589 15
      vertex 18.4314 7.63453 15
      vertex 17.8926 8.82366 15
    endloop
  endfacet
  facet normal 0 0 1
    outer loop
      vertex 19.5667 -3.89205 15
      vertex 14.4889 -3.88229 15
      vertex 19.2702 -5.16344 15
    endloop
  endfacet
  facet normal -0 0 1
    outer loop
      vertex 16.7509 9.04352 15
      vertex 17.8926 8.82366 15
      vertex 17.2772 9.975 15
    endloop
  endfacet
  facet normal 0 0 1
    outer loop
      vertex 18.4314 7.63453 15
      vertex 16.7509 7.95648 15
      vertex 16.6626 7.69636 15
    endloop
  endfacet
  facet normal 0 0 1
    outer loop
      vertex 17.8926 8.82366 15
      vertex 16.8224 8.5 15
      vertex 16.8045 8.22589 15
    endloop
  endfacet
  facet normal 0 0 1
    outer loop
      vertex 17.8926 8.82366 15
      vertex 16.8045 8.7741 15
      vertex 16.8224 8.5 15
    endloop
  endfacet
  facet normal 0 0 1
    outer loop
      vertex 17.8926 8.82366 15
      vertex 16.7509 9.04352 15
      vertex 16.8045 8.7741 15
    endloop
  endfacet
  facet normal 0 0 1
    outer loop
      vertex 17.2772 9.975 15
      vertex 16.6626 9.30363 15
      vertex 16.7509 9.04352 15
    endloop
  endfacet
  facet normal -0 0 1
    outer loop
      vertex 16.2074 9.98492 15
      vertex 17.2772 9.975 15
      vertex 16.5878 11.0836 15
    endloop
  endfacet
  facet normal 0 0 1
    outer loop
      vertex 17.2772 9.975 15
      vertex 16.5411 9.55 15
      vertex 16.6626 9.30363 15
    endloop
  endfacet
  facet normal 0 0 1
    outer loop
      vertex 17.2772 9.975 15
      vertex 16.3885 9.7784 15
      vertex 16.5411 9.55 15
    endloop
  endfacet
  facet normal 0 0 1
    outer loop
      vertex 17.2772 9.975 15
      vertex 16.2074 9.98492 15
      vertex 16.3885 9.7784 15
    endloop
  endfacet
  facet normal 0 0 1
    outer loop
      vertex 16.5878 11.0836 15
      vertex 16.0008 10.166 15
      vertex 16.2074 9.98492 15
    endloop
  endfacet
  facet normal 0 0 1
    outer loop
      vertex 15.5261 10.4401 15
      vertex 16.5878 11.0836 15
      vertex 15.8274 12.1448 15
    endloop
  endfacet
  facet normal 0 0 1
    outer loop
      vertex 16.5878 11.0836 15
      vertex 15.7724 10.3187 15
      vertex 16.0008 10.166 15
    endloop
  endfacet
  facet normal 0 0 1
    outer loop
      vertex 16.5878 11.0836 15
      vertex 15.5261 10.4401 15
      vertex 15.7724 10.3187 15
    endloop
  endfacet
  facet normal 0 0 1
    outer loop
      vertex 15.8274 12.1448 15
      vertex 15.266 10.5284 15
      vertex 15.5261 10.4401 15
    endloop
  endfacet
  facet normal 0 0 1
    outer loop
      vertex 14.7224 10.6 15
      vertex 15.8274 12.1448 15
      vertex 14.9992 13.1539 15
    endloop
  endfacet
  facet normal 0 0 1
    outer loop
      vertex 15.8274 12.1448 15
      vertex 14.9965 10.582 15
      vertex 15.266 10.5284 15
    endloop
  endfacet
  facet normal 0 0 1
    outer loop
      vertex 15.8274 12.1448 15
      vertex 14.7224 10.6 15
      vertex 14.9965 10.582 15
    endloop
  endfacet
  facet normal 0 0 1
    outer loop
      vertex 14.9992 13.1539 15
      vertex 14.4483 10.582 15
      vertex 14.7224 10.6 15
    endloop
  endfacet
  facet normal 0 0 1
    outer loop
      vertex 14.9992 13.1539 15
      vertex 14.1789 10.5284 15
      vertex 14.4483 10.582 15
    endloop
  endfacet
  facet normal 0 0 1
    outer loop
      vertex 13.9188 10.4401 15
      vertex 14.9992 13.1539 15
      vertex 14.1068 14.1068 15
    endloop
  endfacet
  facet normal 0 0 1
    outer loop
      vertex 14.9992 13.1539 15
      vertex 13.9188 10.4401 15
      vertex 14.1789 10.5284 15
    endloop
  endfacet
  facet normal 0 0 1
    outer loop
      vertex 14.1068 14.1068 15
      vertex 13.6724 10.3187 15
      vertex 13.9188 10.4401 15
    endloop
  endfacet
  facet normal -0 0 1
    outer loop
      vertex 10.6066 10.6066 15
      vertex 13.6724 10.3187 15
      vertex 14.1068 14.1068 15
    endloop
  endfacet
  facet normal 0 0 1
    outer loop
      vertex 13.6724 10.3187 15
      vertex 10.6066 10.6066 15
      vertex 13.444 10.166 15
    endloop
  endfacet
  facet normal 0 0 1
    outer loop
      vertex 10.6066 10.6066 15
      vertex 14.1068 14.1068 15
      vertex 13.1539 14.9992 15
    endloop
  endfacet
  facet normal 0 0 1
    outer loop
      vertex 13.444 10.166 15
      vertex 10.6066 10.6066 15
      vertex 13.2375 9.98492 15
    endloop
  endfacet
  facet normal 0 0 1
    outer loop
      vertex 13.2375 9.98492 15
      vertex 10.6066 10.6066 15
      vertex 13.0564 9.7784 15
    endloop
  endfacet
  facet normal 0 -0 1
    outer loop
      vertex 11.9003 9.13142 15
      vertex 13.0564 9.7784 15
      vertex 10.6066 10.6066 15
    endloop
  endfacet
  facet normal 0 0 1
    outer loop
      vertex 13.0564 9.7784 15
      vertex 11.9003 9.13142 15
      vertex 12.9038 9.55 15
    endloop
  endfacet
  facet normal 0 0 1
    outer loop
      vertex 12.9038 9.55 15
      vertex 11.9003 9.13142 15
      vertex 12.7823 9.30363 15
    endloop
  endfacet
  facet normal 0 0 1
    outer loop
      vertex 12.7823 9.30363 15
      vertex 11.9003 9.13142 15
      vertex 12.694 9.04352 15
    endloop
  endfacet
  facet normal 0 0 1
    outer loop
      vertex 10.6066 10.6066 15
      vertex 13.1539 14.9992 15
      vertex 12.1448 15.8274 15
    endloop
  endfacet
  facet normal 0 0 1
    outer loop
      vertex 18.4314 7.63453 15
      vertex 16.8045 8.22589 15
      vertex 16.7509 7.95648 15
    endloop
  endfacet
  facet normal 0 0 1
    outer loop
      vertex 18.4314 7.63453 15
      vertex 16.6626 7.69636 15
      vertex 16.5411 7.45 15
    endloop
  endfacet
  facet normal 0 0 1
    outer loop
      vertex 19.2702 -5.16344 15
      vertex 14.4889 -3.88229 15
      vertex 18.8913 -6.41272 15
    endloop
  endfacet
  facet normal -0 0 1
    outer loop
      vertex 13.8582 -5.74025 15
      vertex 18.8913 -6.41272 15
      vertex 14.4889 -3.88229 15
    endloop
  endfacet
  facet normal 0 0 1
    outer loop
      vertex 18.8913 6.41272 15
      vertex 16.5411 7.45 15
      vertex 16.3885 7.2216 15
    endloop
  endfacet
  facet normal 0 0 1
    outer loop
      vertex 18.8913 6.41272 15
      vertex 16.3885 7.2216 15
      vertex 16.2074 7.01508 15
    endloop
  endfacet
  facet normal 0 0 1
    outer loop
      vertex 18.8913 6.41272 15
      vertex 16.2074 7.01508 15
      vertex 16.0008 6.83396 15
    endloop
  endfacet
  facet normal 0 0 1
    outer loop
      vertex 19.2702 5.16344 15
      vertex 16.0008 6.83396 15
      vertex 15.7724 6.68135 15
    endloop
  endfacet
  facet normal 0 0 1
    outer loop
      vertex 18.8913 -6.41272 15
      vertex 13.8582 -5.74025 15
      vertex 18.4314 -7.63453 15
    endloop
  endfacet
  facet normal 0 0 1
    outer loop
      vertex 19.2702 5.16344 15
      vertex 15.7724 6.68135 15
      vertex 15.5261 6.55985 15
    endloop
  endfacet
  facet normal 0 0 1
    outer loop
      vertex 19.5667 3.89205 15
      vertex 15.5261 6.55985 15
      vertex 15.266 6.47156 15
    endloop
  endfacet
  facet normal 0 0 1
    outer loop
      vertex 19.5667 3.89205 15
      vertex 15.266 6.47156 15
      vertex 15 0 15
    endloop
  endfacet
  facet normal 0 0 1
    outer loop
      vertex 18.4314 -7.63453 15
      vertex 13.8582 -5.74025 15
      vertex 17.8926 -8.82366 15
    endloop
  endfacet
  facet normal -0 0 1
    outer loop
      vertex 12.9904 -7.5 15
      vertex 17.8926 -8.82366 15
      vertex 13.8582 -5.74025 15
    endloop
  endfacet
  facet normal 0 0 1
    outer loop
      vertex 17.8926 -8.82366 15
      vertex 12.9904 -7.5 15
      vertex 17.2772 -9.975 15
    endloop
  endfacet
  facet normal 0 0 1
    outer loop
      vertex 17.2772 -9.975 15
      vertex 12.9904 -7.5 15
      vertex 16.5878 -11.0836 15
    endloop
  endfacet
  facet normal -0 0 1
    outer loop
      vertex 11.9003 -9.13142 15
      vertex 16.5878 -11.0836 15
      vertex 12.9904 -7.5 15
    endloop
  endfacet
  facet normal 0 0 1
    outer loop
      vertex 16.5878 -11.0836 15
      vertex 11.9003 -9.13142 15
      vertex 15.8274 -12.1448 15
    endloop
  endfacet
  facet normal 0 0 1
    outer loop
      vertex 15.8274 -12.1448 15
      vertex 11.9003 -9.13142 15
      vertex 14.9992 -13.1539 15
    endloop
  endfacet
  facet normal -0 0 1
    outer loop
      vertex 10.6066 -10.6066 15
      vertex 14.9992 -13.1539 15
      vertex 11.9003 -9.13142 15
    endloop
  endfacet
  facet normal 0 0 1
    outer loop
      vertex 14.9992 -13.1539 15
      vertex 10.6066 -10.6066 15
      vertex 14.1068 -14.1068 15
    endloop
  endfacet
  facet normal 0 0 1
    outer loop
      vertex 14.1068 -14.1068 15
      vertex 10.6066 -10.6066 15
      vertex 13.1539 -14.9992 15
    endloop
  endfacet
  facet normal -0 0 1
    outer loop
      vertex 9.13142 -11.9003 15
      vertex 13.1539 -14.9992 15
      vertex 10.6066 -10.6066 15
    endloop
  endfacet
  facet normal 0 0 1
    outer loop
      vertex 13.1539 -14.9992 15
      vertex 9.13142 -11.9003 15
      vertex 12.1448 -15.8274 15
    endloop
  endfacet
  facet normal 0 0 1
    outer loop
      vertex 12.1448 -15.8274 15
      vertex 9.13142 -11.9003 15
      vertex 11.0836 -16.5878 15
    endloop
  endfacet
  facet normal -0 0 1
    outer loop
      vertex 7.5 -12.9904 15
      vertex 11.0836 -16.5878 15
      vertex 9.13142 -11.9003 15
    endloop
  endfacet
  facet normal 0 0 1
    outer loop
      vertex 11.0836 -16.5878 15
      vertex 7.5 -12.9904 15
      vertex 9.975 -17.2772 15
    endloop
  endfacet
  facet normal 0 0 1
    outer loop
      vertex 9.975 -17.2772 15
      vertex 7.5 -12.9904 15
      vertex 8.82366 -17.8926 15
    endloop
  endfacet
  facet normal -0 0 1
    outer loop
      vertex 5.74025 -13.8582 15
      vertex 8.82366 -17.8926 15
      vertex 7.5 -12.9904 15
    endloop
  endfacet
  facet normal 0 0 1
    outer loop
      vertex 8.82366 -17.8926 15
      vertex 5.74025 -13.8582 15
      vertex 7.63453 -18.4314 15
    endloop
  endfacet
  facet normal 0 0 1
    outer loop
      vertex 7.63453 -18.4314 15
      vertex 5.74025 -13.8582 15
      vertex 6.41272 -18.8913 15
    endloop
  endfacet
  facet normal -0 0 1
    outer loop
      vertex 3.88229 -14.4889 15
      vertex 6.41272 -18.8913 15
      vertex 5.74025 -13.8582 15
    endloop
  endfacet
  facet normal 0 0 1
    outer loop
      vertex 6.41272 -18.8913 15
      vertex 3.88229 -14.4889 15
      vertex 5.16344 -19.2702 15
    endloop
  endfacet
  facet normal -0 0 1
    outer loop
      vertex 2.1 -17 15
      vertex 5.16344 -19.2702 15
      vertex 3.88229 -14.4889 15
    endloop
  endfacet
  facet normal -0 0 1
    outer loop
      vertex 2.08203 -17.2741 15
      vertex 5.16344 -19.2702 15
      vertex 2.1 -17 15
    endloop
  endfacet
  facet normal 0 0 1
    outer loop
      vertex 5.16344 -19.2702 15
      vertex 2.08203 -17.2741 15
      vertex 3.89205 -19.5667 15
    endloop
  endfacet
  facet normal 0 0 1
    outer loop
      vertex 3.88229 -14.4889 15
      vertex 2.08203 -16.7259 15
      vertex 2.1 -17 15
    endloop
  endfacet
  facet normal 0 0 1
    outer loop
      vertex 3.88229 -14.4889 15
      vertex 2.02844 -16.4565 15
      vertex 2.08203 -16.7259 15
    endloop
  endfacet
  facet normal 0 0 1
    outer loop
      vertex 1.94015 -16.1964 15
      vertex 3.88229 -14.4889 15
      vertex 1.95789 -14.8717 15
    endloop
  endfacet
  facet normal 0 0 1
    outer loop
      vertex 3.88229 -14.4889 15
      vertex 1.94015 -16.1964 15
      vertex 2.02844 -16.4565 15
    endloop
  endfacet
  facet normal 0 0 1
    outer loop
      vertex 1.95789 -14.8717 15
      vertex 1.81865 -15.95 15
      vertex 1.94015 -16.1964 15
    endloop
  endfacet
  facet normal 0 0 1
    outer loop
      vertex 1.95789 -14.8717 15
      vertex 1.66604 -15.7216 15
      vertex 1.81865 -15.95 15
    endloop
  endfacet
  facet normal 0 0 1
    outer loop
      vertex 1.95789 -14.8717 15
      vertex 1.48492 -15.5151 15
      vertex 1.66604 -15.7216 15
    endloop
  endfacet
  facet normal 0 0 1
    outer loop
      vertex 1.95789 -14.8717 15
      vertex 1.2784 -15.334 15
      vertex 1.48492 -15.5151 15
    endloop
  endfacet
  facet normal 0 0 1
    outer loop
      vertex 1.95789 -14.8717 15
      vertex 1.05 -15.1813 15
      vertex 1.2784 -15.334 15
    endloop
  endfacet
  facet normal 0 0 1
    outer loop
      vertex 1.95789 -14.8717 15
      vertex 0.803635 -15.0599 15
      vertex 1.05 -15.1813 15
    endloop
  endfacet
  facet normal 0 0 1
    outer loop
      vertex 1.95789 -14.8717 15
      vertex 0.54352 -14.9716 15
      vertex 0.803635 -15.0599 15
    endloop
  endfacet
  facet normal 0 -0 1
    outer loop
      vertex 0.54352 -14.9716 15
      vertex 1.95789 -14.8717 15
      vertex 0.51637 -14.9662 15
    endloop
  endfacet
  facet normal 0 0 1
    outer loop
      vertex 12.694 7.95648 15
      vertex 11.9003 9.13142 15
      vertex 12.7029 7.93027 15
    endloop
  endfacet
  facet normal 0 0 1
    outer loop
      vertex 12.6404 8.22589 15
      vertex 11.9003 9.13142 15
      vertex 12.694 7.95648 15
    endloop
  endfacet
  facet normal 0 0 1
    outer loop
      vertex 12.6224 8.5 15
      vertex 11.9003 9.13142 15
      vertex 12.6404 8.22589 15
    endloop
  endfacet
  facet normal 0 0 1
    outer loop
      vertex 12.6404 8.7741 15
      vertex 11.9003 9.13142 15
      vertex 12.6224 8.5 15
    endloop
  endfacet
  facet normal 0 0 1
    outer loop
      vertex 9.13142 11.9003 15
      vertex 12.1448 15.8274 15
      vertex 11.0836 16.5878 15
    endloop
  endfacet
  facet normal 0 0 1
    outer loop
      vertex 12.694 9.04352 15
      vertex 11.9003 9.13142 15
      vertex 12.6404 8.7741 15
    endloop
  endfacet
  facet normal 0 0 1
    outer loop
      vertex 7.5 12.9904 15
      vertex 11.0836 16.5878 15
      vertex 9.975 17.2772 15
    endloop
  endfacet
  facet normal 0 0 1
    outer loop
      vertex 12.1448 15.8274 15
      vertex 9.13142 11.9003 15
      vertex 10.6066 10.6066 15
    endloop
  endfacet
  facet normal 0 0 1
    outer loop
      vertex 7.5 12.9904 15
      vertex 9.975 17.2772 15
      vertex 8.82366 17.8926 15
    endloop
  endfacet
  facet normal 0 0 1
    outer loop
      vertex 5.74025 13.8582 15
      vertex 8.82366 17.8926 15
      vertex 7.63453 18.4314 15
    endloop
  endfacet
  facet normal 0 0 1
    outer loop
      vertex 11.0836 16.5878 15
      vertex 7.5 12.9904 15
      vertex 9.13142 11.9003 15
    endloop
  endfacet
  facet normal 0 0 1
    outer loop
      vertex 5.74025 13.8582 15
      vertex 7.63453 18.4314 15
      vertex 6.41272 18.8913 15
    endloop
  endfacet
  facet normal 0 0 1
    outer loop
      vertex 8.82366 17.8926 15
      vertex 5.74025 13.8582 15
      vertex 7.5 12.9904 15
    endloop
  endfacet
  facet normal 0 0 1
    outer loop
      vertex 3.88229 14.4889 15
      vertex 6.41272 18.8913 15
      vertex 5.16344 19.2702 15
    endloop
  endfacet
  facet normal 0 0 1
    outer loop
      vertex 3.88229 14.4889 15
      vertex 5.16344 19.2702 15
      vertex 3.89205 19.5667 15
    endloop
  endfacet
  facet normal 0 0 1
    outer loop
      vertex 6.41272 18.8913 15
      vertex 3.88229 14.4889 15
      vertex 5.74025 13.8582 15
    endloop
  endfacet
  facet normal 0 0 1
    outer loop
      vertex 1.95789 14.8717 15
      vertex 3.89205 19.5667 15
      vertex 2.604 19.7793 15
    endloop
  endfacet
  facet normal 0 0 1
    outer loop
      vertex 3.89205 19.5667 15
      vertex 1.95789 14.8717 15
      vertex 3.88229 14.4889 15
    endloop
  endfacet
  facet normal 0 0 1
    outer loop
      vertex 1.30479 19.9073 15
      vertex 1.95789 14.8717 15
      vertex 2.604 19.7793 15
    endloop
  endfacet
  facet normal 0 0 1
    outer loop
      vertex 0 15 15
      vertex 1.30479 19.9073 15
      vertex 0 19.95 15
    endloop
  endfacet
  facet normal 0 0 1
    outer loop
      vertex 1.30479 19.9073 15
      vertex 0 15 15
      vertex 1.95789 14.8717 15
    endloop
  endfacet
  facet normal -0 0 1
    outer loop
      vertex -1.30479 19.9073 15
      vertex 0 15 15
      vertex 0 19.95 15
    endloop
  endfacet
  facet normal 0 0 1
    outer loop
      vertex -1.30479 19.9073 15
      vertex -1.95789 14.8717 15
      vertex 0 15 15
    endloop
  endfacet
  facet normal -0 0 1
    outer loop
      vertex -2.604 19.7793 15
      vertex -1.95789 14.8717 15
      vertex -1.30479 19.9073 15
    endloop
  endfacet
  facet normal -0 0 1
    outer loop
      vertex -3.89205 19.5667 15
      vertex -1.95789 14.8717 15
      vertex -2.604 19.7793 15
    endloop
  endfacet
  facet normal 0 0 1
    outer loop
      vertex -1.95789 14.8717 15
      vertex -3.89205 19.5667 15
      vertex -3.88229 14.4889 15
    endloop
  endfacet
  facet normal -0 0 1
    outer loop
      vertex -5.16344 19.2702 15
      vertex -3.88229 14.4889 15
      vertex -3.89205 19.5667 15
    endloop
  endfacet
  facet normal -0 0 1
    outer loop
      vertex -6.41272 18.8913 15
      vertex -3.88229 14.4889 15
      vertex -5.16344 19.2702 15
    endloop
  endfacet
  facet normal 0 0 1
    outer loop
      vertex -3.88229 14.4889 15
      vertex -6.41272 18.8913 15
      vertex -5.74025 13.8582 15
    endloop
  endfacet
  facet normal -0 0 1
    outer loop
      vertex -7.63453 18.4314 15
      vertex -5.74025 13.8582 15
      vertex -6.41272 18.8913 15
    endloop
  endfacet
  facet normal -0 0 1
    outer loop
      vertex -8.82366 17.8926 15
      vertex -5.74025 13.8582 15
      vertex -7.63453 18.4314 15
    endloop
  endfacet
  facet normal 0 0 1
    outer loop
      vertex -5.74025 13.8582 15
      vertex -8.82366 17.8926 15
      vertex -7.5 12.9904 15
    endloop
  endfacet
  facet normal -0 0 1
    outer loop
      vertex -9.975 17.2772 15
      vertex -7.5 12.9904 15
      vertex -8.82366 17.8926 15
    endloop
  endfacet
  facet normal -0 0 1
    outer loop
      vertex -11.0836 16.5878 15
      vertex -7.5 12.9904 15
      vertex -9.975 17.2772 15
    endloop
  endfacet
  facet normal 0 0 1
    outer loop
      vertex -7.5 12.9904 15
      vertex -11.0836 16.5878 15
      vertex -9.13142 11.9003 15
    endloop
  endfacet
  facet normal -0 0 1
    outer loop
      vertex -12.1448 15.8274 15
      vertex -9.13142 11.9003 15
      vertex -11.0836 16.5878 15
    endloop
  endfacet
  facet normal -0 0 1
    outer loop
      vertex -13.1539 14.9992 15
      vertex -9.13142 11.9003 15
      vertex -12.1448 15.8274 15
    endloop
  endfacet
  facet normal 0 0 1
    outer loop
      vertex -9.13142 11.9003 15
      vertex -13.1539 14.9992 15
      vertex -10.6066 10.6066 15
    endloop
  endfacet
  facet normal -0 0 1
    outer loop
      vertex -14.1068 14.1068 15
      vertex -10.6066 10.6066 15
      vertex -13.1539 14.9992 15
    endloop
  endfacet
  facet normal 0 0 1
    outer loop
      vertex -12.6404 8.22589 15
      vertex -11.9003 9.13142 15
      vertex -12.6224 8.5 15
    endloop
  endfacet
  facet normal 0 0 1
    outer loop
      vertex -12.694 7.95648 15
      vertex -11.9003 9.13142 15
      vertex -12.6404 8.22589 15
    endloop
  endfacet
  facet normal 0 0 1
    outer loop
      vertex -11.9003 9.13142 15
      vertex -12.694 7.95648 15
      vertex -12.7029 7.93027 15
    endloop
  endfacet
  facet normal 0 0 1
    outer loop
      vertex -11.9003 9.13142 15
      vertex -12.6404 8.7741 15
      vertex -12.6224 8.5 15
    endloop
  endfacet
  facet normal 0 0 1
    outer loop
      vertex -11.9003 9.13142 15
      vertex -12.694 9.04352 15
      vertex -12.6404 8.7741 15
    endloop
  endfacet
  facet normal 0 0 1
    outer loop
      vertex -11.9003 9.13142 15
      vertex -12.7823 9.30363 15
      vertex -12.694 9.04352 15
    endloop
  endfacet
  facet normal 0 0 1
    outer loop
      vertex -11.9003 9.13142 15
      vertex -12.9038 9.55 15
      vertex -12.7823 9.30363 15
    endloop
  endfacet
  facet normal 0 0 1
    outer loop
      vertex -11.9003 9.13142 15
      vertex -13.0564 9.7784 15
      vertex -12.9038 9.55 15
    endloop
  endfacet
  facet normal 0 -0 1
    outer loop
      vertex -13.0564 9.7784 15
      vertex -10.6066 10.6066 15
      vertex -13.2375 9.98492 15
    endloop
  endfacet
  facet normal 0 0 1
    outer loop
      vertex -10.6066 10.6066 15
      vertex -13.0564 9.7784 15
      vertex -11.9003 9.13142 15
    endloop
  endfacet
  facet normal 0 0 1
    outer loop
      vertex -10.6066 10.6066 15
      vertex -13.444 10.166 15
      vertex -13.2375 9.98492 15
    endloop
  endfacet
  facet normal 0 -0 1
    outer loop
      vertex -13.6724 10.3187 15
      vertex -10.6066 10.6066 15
      vertex -14.1068 14.1068 15
    endloop
  endfacet
  facet normal 0 0 1
    outer loop
      vertex -10.6066 10.6066 15
      vertex -13.6724 10.3187 15
      vertex -13.444 10.166 15
    endloop
  endfacet
  facet normal 0 0 1
    outer loop
      vertex -13.6724 10.3187 15
      vertex -14.1068 14.1068 15
      vertex -13.9188 10.4401 15
    endloop
  endfacet
  facet normal -0 0 1
    outer loop
      vertex -14.9992 13.1539 15
      vertex -13.9188 10.4401 15
      vertex -14.1068 14.1068 15
    endloop
  endfacet
  facet normal 0 0 1
    outer loop
      vertex -13.9188 10.4401 15
      vertex -14.9992 13.1539 15
      vertex -14.1789 10.5284 15
    endloop
  endfacet
  facet normal 0 0 1
    outer loop
      vertex -14.1789 10.5284 15
      vertex -14.9992 13.1539 15
      vertex -14.4483 10.582 15
    endloop
  endfacet
  facet normal 0 0 1
    outer loop
      vertex -14.4483 10.582 15
      vertex -14.9992 13.1539 15
      vertex -14.7224 10.6 15
    endloop
  endfacet
  facet normal -0 0 1
    outer loop
      vertex -15.8274 12.1448 15
      vertex -14.7224 10.6 15
      vertex -14.9992 13.1539 15
    endloop
  endfacet
  facet normal 0 0 1
    outer loop
      vertex -14.7224 10.6 15
      vertex -15.8274 12.1448 15
      vertex -14.9965 10.582 15
    endloop
  endfacet
  facet normal 0 0 1
    outer loop
      vertex -14.9965 10.582 15
      vertex -15.8274 12.1448 15
      vertex -15.266 10.5284 15
    endloop
  endfacet
  facet normal 0 0 1
    outer loop
      vertex -15.266 10.5284 15
      vertex -15.8274 12.1448 15
      vertex -15.5261 10.4401 15
    endloop
  endfacet
  facet normal -0 0 1
    outer loop
      vertex -16.5878 11.0836 15
      vertex -15.5261 10.4401 15
      vertex -15.8274 12.1448 15
    endloop
  endfacet
  facet normal 0 0 1
    outer loop
      vertex -15.5261 10.4401 15
      vertex -16.5878 11.0836 15
      vertex -15.7724 10.3187 15
    endloop
  endfacet
  facet normal 0 0 1
    outer loop
      vertex -15.7724 10.3187 15
      vertex -16.5878 11.0836 15
      vertex -16.0008 10.166 15
    endloop
  endfacet
  facet normal 0 0 1
    outer loop
      vertex -16.0008 10.166 15
      vertex -16.5878 11.0836 15
      vertex -16.2074 9.98492 15
    endloop
  endfacet
  facet normal 0 0 1
    outer loop
      vertex -17.2772 9.975 15
      vertex -16.2074 9.98492 15
      vertex -16.5878 11.0836 15
    endloop
  endfacet
  facet normal 0 0 1
    outer loop
      vertex -16.2074 9.98492 15
      vertex -17.2772 9.975 15
      vertex -16.3885 9.7784 15
    endloop
  endfacet
  facet normal 0 0 1
    outer loop
      vertex -16.3885 9.7784 15
      vertex -17.2772 9.975 15
      vertex -16.5411 9.55 15
    endloop
  endfacet
  facet normal 0 0 1
    outer loop
      vertex -16.5411 9.55 15
      vertex -17.2772 9.975 15
      vertex -16.6626 9.30363 15
    endloop
  endfacet
  facet normal 0 0 1
    outer loop
      vertex -16.6626 9.30363 15
      vertex -17.2772 9.975 15
      vertex -16.7509 9.04352 15
    endloop
  endfacet
  facet normal 0 0 1
    outer loop
      vertex -16.7509 9.04352 15
      vertex -17.8926 8.82366 15
      vertex -16.8045 8.7741 15
    endloop
  endfacet
  facet normal 0 0 1
    outer loop
      vertex -17.8926 8.82366 15
      vertex -16.7509 9.04352 15
      vertex -17.2772 9.975 15
    endloop
  endfacet
  facet normal 0 0 1
    outer loop
      vertex -1.95789 -14.8717 15
      vertex -0.54352 -14.9716 15
      vertex -0.51637 -14.9662 15
    endloop
  endfacet
  facet normal 0 0 1
    outer loop
      vertex -1.95789 -14.8717 15
      vertex -0.803635 -15.0599 15
      vertex -0.54352 -14.9716 15
    endloop
  endfacet
  facet normal 0 0 1
    outer loop
      vertex -1.95789 -14.8717 15
      vertex -1.05 -15.1813 15
      vertex -0.803635 -15.0599 15
    endloop
  endfacet
  facet normal 0 0 1
    outer loop
      vertex -1.95789 -14.8717 15
      vertex -1.2784 -15.334 15
      vertex -1.05 -15.1813 15
    endloop
  endfacet
  facet normal 0 0 1
    outer loop
      vertex -1.95789 -14.8717 15
      vertex -1.48492 -15.5151 15
      vertex -1.2784 -15.334 15
    endloop
  endfacet
  facet normal 0 0 1
    outer loop
      vertex -1.95789 -14.8717 15
      vertex -1.66604 -15.7216 15
      vertex -1.48492 -15.5151 15
    endloop
  endfacet
  facet normal 0 0 1
    outer loop
      vertex -1.95789 -14.8717 15
      vertex -1.81865 -15.95 15
      vertex -1.66604 -15.7216 15
    endloop
  endfacet
  facet normal 0 0 1
    outer loop
      vertex -1.95789 -14.8717 15
      vertex -1.94015 -16.1964 15
      vertex -1.81865 -15.95 15
    endloop
  endfacet
  facet normal 0 0 1
    outer loop
      vertex -3.88229 -14.4889 15
      vertex -1.94015 -16.1964 15
      vertex -1.95789 -14.8717 15
    endloop
  endfacet
  facet normal 0 0 1
    outer loop
      vertex -1.94015 -16.1964 15
      vertex -3.88229 -14.4889 15
      vertex -2.02844 -16.4565 15
    endloop
  endfacet
  facet normal 0 0 1
    outer loop
      vertex -3.88229 -14.4889 15
      vertex -2.1 -17 15
      vertex -2.08203 -16.7259 15
    endloop
  endfacet
  facet normal 0 0 1
    outer loop
      vertex -2.02844 -16.4565 15
      vertex -3.88229 -14.4889 15
      vertex -2.08203 -16.7259 15
    endloop
  endfacet
  facet normal 0 0 1
    outer loop
      vertex -2.1 -17 15
      vertex -3.88229 -14.4889 15
      vertex -5.16344 -19.2702 15
    endloop
  endfacet
  facet normal 0 0 1
    outer loop
      vertex -2.1 -17 15
      vertex -3.89205 -19.5667 15
      vertex -2.604 -19.7793 15
    endloop
  endfacet
  facet normal 0 0 1
    outer loop
      vertex -2.1 -17 15
      vertex -5.16344 -19.2702 15
      vertex -3.89205 -19.5667 15
    endloop
  endfacet
  facet normal 0 0 1
    outer loop
      vertex -6.41272 -18.8913 15
      vertex -3.88229 -14.4889 15
      vertex -5.74025 -13.8582 15
    endloop
  endfacet
  facet normal 0 0 1
    outer loop
      vertex -3.88229 -14.4889 15
      vertex -6.41272 -18.8913 15
      vertex -5.16344 -19.2702 15
    endloop
  endfacet
  facet normal 0 0 1
    outer loop
      vertex -8.82366 -17.8926 15
      vertex -5.74025 -13.8582 15
      vertex -7.5 -12.9904 15
    endloop
  endfacet
  facet normal 0 0 1
    outer loop
      vertex -5.74025 -13.8582 15
      vertex -7.63453 -18.4314 15
      vertex -6.41272 -18.8913 15
    endloop
  endfacet
  facet normal 0 0 1
    outer loop
      vertex -5.74025 -13.8582 15
      vertex -8.82366 -17.8926 15
      vertex -7.63453 -18.4314 15
    endloop
  endfacet
  facet normal 0 0 1
    outer loop
      vertex -11.0836 -16.5878 15
      vertex -7.5 -12.9904 15
      vertex -9.13142 -11.9003 15
    endloop
  endfacet
  facet normal 0 0 1
    outer loop
      vertex -7.5 -12.9904 15
      vertex -9.975 -17.2772 15
      vertex -8.82366 -17.8926 15
    endloop
  endfacet
  facet normal 0 0 1
    outer loop
      vertex -13.1539 -14.9992 15
      vertex -9.13142 -11.9003 15
      vertex -10.6066 -10.6066 15
    endloop
  endfacet
  facet normal 0 0 1
    outer loop
      vertex -7.5 -12.9904 15
      vertex -11.0836 -16.5878 15
      vertex -9.975 -17.2772 15
    endloop
  endfacet
  facet normal 0 0 1
    outer loop
      vertex -14.9992 -13.1539 15
      vertex -10.6066 -10.6066 15
      vertex -11.9003 -9.13142 15
    endloop
  endfacet
  facet normal 0 0 1
    outer loop
      vertex -9.13142 -11.9003 15
      vertex -12.1448 -15.8274 15
      vertex -11.0836 -16.5878 15
    endloop
  endfacet
  facet normal 0 0 1
    outer loop
      vertex -16.5878 -11.0836 15
      vertex -11.9003 -9.13142 15
      vertex -12.9904 -7.5 15
    endloop
  endfacet
  facet normal 0 0 1
    outer loop
      vertex -9.13142 -11.9003 15
      vertex -13.1539 -14.9992 15
      vertex -12.1448 -15.8274 15
    endloop
  endfacet
  facet normal 0 0 1
    outer loop
      vertex -17.8926 -8.82366 15
      vertex -12.9904 -7.5 15
      vertex -13.8582 -5.74025 15
    endloop
  endfacet
  facet normal 0 0 1
    outer loop
      vertex -10.6066 -10.6066 15
      vertex -14.1068 -14.1068 15
      vertex -13.1539 -14.9992 15
    endloop
  endfacet
  facet normal 0 0 1
    outer loop
      vertex -18.8913 -6.41272 15
      vertex -13.8582 -5.74025 15
      vertex -14.4889 -3.88229 15
    endloop
  endfacet
  facet normal 0 0 1
    outer loop
      vertex -19.5667 -3.89205 15
      vertex -14.4889 -3.88229 15
      vertex -14.8717 -1.95789 15
    endloop
  endfacet
  facet normal 0 0 1
    outer loop
      vertex -10.6066 -10.6066 15
      vertex -14.9992 -13.1539 15
      vertex -14.1068 -14.1068 15
    endloop
  endfacet
  facet normal -0 0 1
    outer loop
      vertex -19.9073 -1.30479 15
      vertex -14.8717 -1.95789 15
      vertex -15 0 15
    endloop
  endfacet
  facet normal -0 0 1
    outer loop
      vertex -19.7793 2.604 15
      vertex -14.8717 1.95789 15
      vertex -19.5667 3.89205 15
    endloop
  endfacet
  facet normal -0 0 1
    outer loop
      vertex -19.5667 3.89205 15
      vertex -14.4889 3.88229 15
      vertex -19.2702 5.16344 15
    endloop
  endfacet
  facet normal 0 0 1
    outer loop
      vertex -14.4889 3.88229 15
      vertex -15.7724 6.68135 15
      vertex -19.2702 5.16344 15
    endloop
  endfacet
  facet normal 0 0 1
    outer loop
      vertex -11.9003 -9.13142 15
      vertex -15.8274 -12.1448 15
      vertex -14.9992 -13.1539 15
    endloop
  endfacet
  facet normal 0 0 1
    outer loop
      vertex -19.2702 5.16344 15
      vertex -15.7724 6.68135 15
      vertex -16.0008 6.83396 15
    endloop
  endfacet
  facet normal 0 0 1
    outer loop
      vertex -18.8913 6.41272 15
      vertex -16.0008 6.83396 15
      vertex -16.2074 7.01508 15
    endloop
  endfacet
  facet normal 0 0 1
    outer loop
      vertex -18.8913 6.41272 15
      vertex -16.2074 7.01508 15
      vertex -16.3885 7.2216 15
    endloop
  endfacet
  facet normal 0 0 1
    outer loop
      vertex -18.8913 6.41272 15
      vertex -16.3885 7.2216 15
      vertex -16.5411 7.45 15
    endloop
  endfacet
  facet normal 0 0 1
    outer loop
      vertex -11.9003 -9.13142 15
      vertex -16.5878 -11.0836 15
      vertex -15.8274 -12.1448 15
    endloop
  endfacet
  facet normal -0 0 1
    outer loop
      vertex -18.4314 7.63453 15
      vertex -16.5411 7.45 15
      vertex -16.6626 7.69636 15
    endloop
  endfacet
  facet normal 0 0 1
    outer loop
      vertex -18.4314 7.63453 15
      vertex -16.6626 7.69636 15
      vertex -16.7509 7.95648 15
    endloop
  endfacet
  facet normal 0 0 1
    outer loop
      vertex -18.4314 7.63453 15
      vertex -16.7509 7.95648 15
      vertex -16.8045 8.22589 15
    endloop
  endfacet
  facet normal 0 0 1
    outer loop
      vertex -17.8926 8.82366 15
      vertex -16.8045 8.22589 15
      vertex -16.8224 8.5 15
    endloop
  endfacet
  facet normal 0 0 1
    outer loop
      vertex -16.8045 8.7741 15
      vertex -17.8926 8.82366 15
      vertex -16.8224 8.5 15
    endloop
  endfacet
  facet normal 0 0 1
    outer loop
      vertex -12.9904 -7.5 15
      vertex -17.2772 -9.975 15
      vertex -16.5878 -11.0836 15
    endloop
  endfacet
  facet normal 0 0 1
    outer loop
      vertex -16.8045 8.22589 15
      vertex -17.8926 8.82366 15
      vertex -18.4314 7.63453 15
    endloop
  endfacet
  facet normal 0 0 1
    outer loop
      vertex -12.9904 -7.5 15
      vertex -17.8926 -8.82366 15
      vertex -17.2772 -9.975 15
    endloop
  endfacet
  facet normal 0 0 1
    outer loop
      vertex -16.5411 7.45 15
      vertex -18.4314 7.63453 15
      vertex -18.8913 6.41272 15
    endloop
  endfacet
  facet normal 0 0 1
    outer loop
      vertex -13.8582 -5.74025 15
      vertex -18.4314 -7.63453 15
      vertex -17.8926 -8.82366 15
    endloop
  endfacet
  facet normal 0 0 1
    outer loop
      vertex -16.0008 6.83396 15
      vertex -18.8913 6.41272 15
      vertex -19.2702 5.16344 15
    endloop
  endfacet
  facet normal 0 0 1
    outer loop
      vertex -13.8582 -5.74025 15
      vertex -18.8913 -6.41272 15
      vertex -18.4314 -7.63453 15
    endloop
  endfacet
  facet normal 0 0 1
    outer loop
      vertex -14.4889 3.88229 15
      vertex -19.5667 3.89205 15
      vertex -14.8717 1.95789 15
    endloop
  endfacet
  facet normal 0 0 1
    outer loop
      vertex -14.4889 -3.88229 15
      vertex -19.2702 -5.16344 15
      vertex -18.8913 -6.41272 15
    endloop
  endfacet
  facet normal 0 0 1
    outer loop
      vertex -19.9073 1.30479 15
      vertex -14.8717 1.95789 15
      vertex -19.7793 2.604 15
    endloop
  endfacet
  facet normal 0 0 1
    outer loop
      vertex -14.4889 -3.88229 15
      vertex -19.5667 -3.89205 15
      vertex -19.2702 -5.16344 15
    endloop
  endfacet
  facet normal 0 0 1
    outer loop
      vertex -14.8717 1.95789 15
      vertex -19.9073 1.30479 15
      vertex -15 0 15
    endloop
  endfacet
  facet normal 0 0 1
    outer loop
      vertex -14.8717 -1.95789 15
      vertex -19.7793 -2.604 15
      vertex -19.5667 -3.89205 15
    endloop
  endfacet
  facet normal 0 0 1
    outer loop
      vertex -15 0 15
      vertex -19.9073 1.30479 15
      vertex -19.95 0 15
    endloop
  endfacet
  facet normal 0 0 1
    outer loop
      vertex -14.8717 -1.95789 15
      vertex -19.9073 -1.30479 15
      vertex -19.7793 -2.604 15
    endloop
  endfacet
  facet normal 0 0 1
    outer loop
      vertex -15 0 15
      vertex -19.95 0 15
      vertex -19.9073 -1.30479 15
    endloop
  endfacet
  facet normal -0 0 1
    outer loop
      vertex 2.02844 -17.5435 15
      vertex 3.89205 -19.5667 15
      vertex 2.08203 -17.2741 15
    endloop
  endfacet
  facet normal -0 0 1
    outer loop
      vertex 1.94015 -17.8036 15
      vertex 3.89205 -19.5667 15
      vertex 2.02844 -17.5435 15
    endloop
  endfacet
  facet normal -0 0 1
    outer loop
      vertex 1.81865 -18.05 15
      vertex 3.89205 -19.5667 15
      vertex 1.94015 -17.8036 15
    endloop
  endfacet
  facet normal 0 0 1
    outer loop
      vertex 3.89205 -19.5667 15
      vertex 1.81865 -18.05 15
      vertex 2.604 -19.7793 15
    endloop
  endfacet
  facet normal -0 0 1
    outer loop
      vertex 1.66604 -18.2784 15
      vertex 2.604 -19.7793 15
      vertex 1.81865 -18.05 15
    endloop
  endfacet
  facet normal -0 0 1
    outer loop
      vertex 1.48492 -18.4849 15
      vertex 2.604 -19.7793 15
      vertex 1.66604 -18.2784 15
    endloop
  endfacet
  facet normal -0 0 1
    outer loop
      vertex 1.2784 -18.666 15
      vertex 2.604 -19.7793 15
      vertex 1.48492 -18.4849 15
    endloop
  endfacet
  facet normal 0 0 1
    outer loop
      vertex 2.604 -19.7793 15
      vertex 1.2784 -18.666 15
      vertex 1.30479 -19.9073 15
    endloop
  endfacet
  facet normal -0 0 1
    outer loop
      vertex 1.05 -18.8187 15
      vertex 1.30479 -19.9073 15
      vertex 1.2784 -18.666 15
    endloop
  endfacet
  facet normal -0 0 1
    outer loop
      vertex 0.803635 -18.9401 15
      vertex 1.30479 -19.9073 15
      vertex 1.05 -18.8187 15
    endloop
  endfacet
  facet normal -0 0 1
    outer loop
      vertex 0.54352 -19.0284 15
      vertex 1.30479 -19.9073 15
      vertex 0.803635 -18.9401 15
    endloop
  endfacet
  facet normal 0 0 1
    outer loop
      vertex 0 -19.95 15
      vertex 0.54352 -19.0284 15
      vertex 0.274104 -19.082 15
    endloop
  endfacet
  facet normal 0 0 1
    outer loop
      vertex 0 -19.95 15
      vertex 0.274104 -19.082 15
      vertex 0 -19.1 15
    endloop
  endfacet
  facet normal 0 0 1
    outer loop
      vertex 0.54352 -19.0284 15
      vertex 0 -19.95 15
      vertex 1.30479 -19.9073 15
    endloop
  endfacet
  facet normal 0 0 1
    outer loop
      vertex -0.274104 -19.082 15
      vertex 0 -19.95 15
      vertex 0 -19.1 15
    endloop
  endfacet
  facet normal 0 0 1
    outer loop
      vertex -0.54352 -19.0284 15
      vertex 0 -19.95 15
      vertex -0.274104 -19.082 15
    endloop
  endfacet
  facet normal 0 0 1
    outer loop
      vertex -1.30479 -19.9073 15
      vertex -0.54352 -19.0284 15
      vertex -0.803635 -18.9401 15
    endloop
  endfacet
  facet normal 0 0 1
    outer loop
      vertex -1.30479 -19.9073 15
      vertex -0.803635 -18.9401 15
      vertex -1.05 -18.8187 15
    endloop
  endfacet
  facet normal 0 0 1
    outer loop
      vertex -1.30479 -19.9073 15
      vertex -1.05 -18.8187 15
      vertex -1.2784 -18.666 15
    endloop
  endfacet
  facet normal 0 0 1
    outer loop
      vertex -0.54352 -19.0284 15
      vertex -1.30479 -19.9073 15
      vertex 0 -19.95 15
    endloop
  endfacet
  facet normal 0 0 1
    outer loop
      vertex -2.604 -19.7793 15
      vertex -1.2784 -18.666 15
      vertex -1.48492 -18.4849 15
    endloop
  endfacet
  facet normal 0 0 1
    outer loop
      vertex -2.604 -19.7793 15
      vertex -1.48492 -18.4849 15
      vertex -1.66604 -18.2784 15
    endloop
  endfacet
  facet normal 0 0 1
    outer loop
      vertex -2.604 -19.7793 15
      vertex -1.66604 -18.2784 15
      vertex -1.81865 -18.05 15
    endloop
  endfacet
  facet normal 0 0 1
    outer loop
      vertex -2.604 -19.7793 15
      vertex -1.81865 -18.05 15
      vertex -1.94015 -17.8036 15
    endloop
  endfacet
  facet normal 0 0 1
    outer loop
      vertex -2.604 -19.7793 15
      vertex -1.94015 -17.8036 15
      vertex -2.02844 -17.5435 15
    endloop
  endfacet
  facet normal 0 0 1
    outer loop
      vertex -1.2784 -18.666 15
      vertex -2.604 -19.7793 15
      vertex -1.30479 -19.9073 15
    endloop
  endfacet
  facet normal 0 0 1
    outer loop
      vertex -2.08203 -17.2741 15
      vertex -2.604 -19.7793 15
      vertex -2.02844 -17.5435 15
    endloop
  endfacet
  facet normal 0 0 1
    outer loop
      vertex -2.604 -19.7793 15
      vertex -2.08203 -17.2741 15
      vertex -2.1 -17 15
    endloop
  endfacet
  facet normal -0.91086 -0.412715 0
    outer loop
      vertex -17.8926 -8.82366 8
      vertex -18.4314 -7.63453 15
      vertex -18.4314 -7.63453 8
    endloop
  endfacet
  facet normal -0.91086 -0.412715 0
    outer loop
      vertex -18.4314 -7.63453 15
      vertex -17.8926 -8.82366 8
      vertex -17.8926 -8.82366 15
    endloop
  endfacet
  facet normal -0.935895 0.352279 0
    outer loop
      vertex -18.8913 6.41272 8
      vertex -18.4314 7.63453 15
      vertex -18.4314 7.63453 8
    endloop
  endfacet
  facet normal -0.935895 0.352279 0
    outer loop
      vertex -18.4314 7.63453 15
      vertex -18.8913 6.41272 8
      vertex -18.8913 6.41272 15
    endloop
  endfacet
  facet normal -0.881923 0.471394 0
    outer loop
      vertex -17.8926 8.82366 8
      vertex -17.2772 9.975 15
      vertex -17.2772 9.975 8
    endloop
  endfacet
  facet normal -0.881923 0.471394 0
    outer loop
      vertex -17.2772 9.975 15
      vertex -17.8926 8.82366 8
      vertex -17.8926 8.82366 15
    endloop
  endfacet
  facet normal -0.812863 -0.582455 0
    outer loop
      vertex -15.8274 -12.1448 8
      vertex -16.5878 -11.0836 15
      vertex -16.5878 -11.0836 8
    endloop
  endfacet
  facet normal -0.812863 -0.582455 0
    outer loop
      vertex -16.5878 -11.0836 15
      vertex -15.8274 -12.1448 8
      vertex -15.8274 -12.1448 15
    endloop
  endfacet
  facet normal 0.290239 0.956954 -0
    outer loop
      vertex 6.41272 18.8913 8
      vertex 5.16344 19.2702 15
      vertex 6.41272 18.8913 15
    endloop
  endfacet
  facet normal 0.290239 0.956954 0
    outer loop
      vertex 5.16344 19.2702 15
      vertex 6.41272 18.8913 8
      vertex 5.16344 19.2702 8
    endloop
  endfacet
  facet normal 0.227115 0.973868 -0
    outer loop
      vertex 5.16344 19.2702 8
      vertex 3.89205 19.5667 15
      vertex 5.16344 19.2702 15
    endloop
  endfacet
  facet normal 0.227115 0.973868 0
    outer loop
      vertex 3.89205 19.5667 15
      vertex 5.16344 19.2702 8
      vertex 3.89205 19.5667 8
    endloop
  endfacet
  facet normal 0.812863 0.582455 0
    outer loop
      vertex 16.5878 11.0836 15
      vertex 15.8274 12.1448 8
      vertex 15.8274 12.1448 15
    endloop
  endfacet
  facet normal 0.812863 0.582455 0
    outer loop
      vertex 15.8274 12.1448 8
      vertex 16.5878 11.0836 15
      vertex 16.5878 11.0836 8
    endloop
  endfacet
  facet normal 0.999465 0.0327081 0
    outer loop
      vertex 19.95 0 15
      vertex 19.9073 1.30479 8
      vertex 19.9073 1.30479 15
    endloop
  endfacet
  facet normal 0.999465 0.0327081 0
    outer loop
      vertex 19.9073 1.30479 8
      vertex 19.95 0 15
      vertex 19.95 0 8
    endloop
  endfacet
  facet normal 0.162852 0.98665 -0
    outer loop
      vertex 3.89205 19.5667 8
      vertex 2.604 19.7793 15
      vertex 3.89205 19.5667 15
    endloop
  endfacet
  facet normal 0.162852 0.98665 0
    outer loop
      vertex 2.604 19.7793 15
      vertex 3.89205 19.5667 8
      vertex 2.604 19.7793 8
    endloop
  endfacet
  facet normal 0.0980467 0.995182 -0
    outer loop
      vertex 2.604 19.7793 8
      vertex 1.30479 19.9073 15
      vertex 2.604 19.7793 15
    endloop
  endfacet
  facet normal 0.0980467 0.995182 0
    outer loop
      vertex 1.30479 19.9073 15
      vertex 2.604 19.7793 8
      vertex 1.30479 19.9073 8
    endloop
  endfacet
  facet normal 0.956954 -0.290239 0
    outer loop
      vertex 18.8913 -6.41272 15
      vertex 19.2702 -5.16344 8
      vertex 19.2702 -5.16344 15
    endloop
  endfacet
  facet normal 0.956954 -0.290239 0
    outer loop
      vertex 19.2702 -5.16344 8
      vertex 18.8913 -6.41272 15
      vertex 18.8913 -6.41272 8
    endloop
  endfacet
  facet normal 0.881923 -0.471394 0
    outer loop
      vertex 17.2772 -9.975 15
      vertex 17.8926 -8.82366 8
      vertex 17.8926 -8.82366 15
    endloop
  endfacet
  facet normal 0.881923 -0.471394 0
    outer loop
      vertex 17.8926 -8.82366 8
      vertex 17.2772 -9.975 15
      vertex 17.2772 -9.975 8
    endloop
  endfacet
  facet normal -0.162852 -0.98665 0
    outer loop
      vertex -3.89205 -19.5667 8
      vertex -2.604 -19.7793 15
      vertex -3.89205 -19.5667 15
    endloop
  endfacet
  facet normal -0.162852 -0.98665 -0
    outer loop
      vertex -2.604 -19.7793 15
      vertex -3.89205 -19.5667 8
      vertex -2.604 -19.7793 8
    endloop
  endfacet
  facet normal 0.935895 0.352279 0
    outer loop
      vertex 18.8913 6.41272 15
      vertex 18.4314 7.63453 8
      vertex 18.4314 7.63453 15
    endloop
  endfacet
  facet normal 0.935895 0.352279 0
    outer loop
      vertex 18.4314 7.63453 8
      vertex 18.8913 6.41272 15
      vertex 18.8913 6.41272 8
    endloop
  endfacet
  facet normal -0.162852 0.98665 0
    outer loop
      vertex -2.604 19.7793 8
      vertex -3.89205 19.5667 15
      vertex -2.604 19.7793 15
    endloop
  endfacet
  facet normal -0.162852 0.98665 0
    outer loop
      vertex -3.89205 19.5667 15
      vertex -2.604 19.7793 8
      vertex -3.89205 19.5667 8
    endloop
  endfacet
  facet normal -0.729898 -0.683556 0
    outer loop
      vertex -14.1068 -14.1068 8
      vertex -14.9992 -13.1539 15
      vertex -14.9992 -13.1539 8
    endloop
  endfacet
  facet normal -0.729898 -0.683556 0
    outer loop
      vertex -14.9992 -13.1539 15
      vertex -14.1068 -14.1068 8
      vertex -14.1068 -14.1068 15
    endloop
  endfacet
  facet normal -0.528083 -0.849192 0
    outer loop
      vertex -11.0836 -16.5878 8
      vertex -9.975 -17.2772 15
      vertex -11.0836 -16.5878 15
    endloop
  endfacet
  facet normal -0.528083 -0.849192 -0
    outer loop
      vertex -9.975 -17.2772 15
      vertex -11.0836 -16.5878 8
      vertex -9.975 -17.2772 8
    endloop
  endfacet
  facet normal -0.227115 -0.973868 0
    outer loop
      vertex -5.16344 -19.2702 8
      vertex -3.89205 -19.5667 15
      vertex -5.16344 -19.2702 15
    endloop
  endfacet
  facet normal -0.227115 -0.973868 -0
    outer loop
      vertex -3.89205 -19.5667 15
      vertex -5.16344 -19.2702 8
      vertex -3.89205 -19.5667 8
    endloop
  endfacet
  facet normal 0.227115 -0.973868 0
    outer loop
      vertex 3.89205 -19.5667 8
      vertex 5.16344 -19.2702 15
      vertex 3.89205 -19.5667 15
    endloop
  endfacet
  facet normal 0.227115 -0.973868 0
    outer loop
      vertex 5.16344 -19.2702 15
      vertex 3.89205 -19.5667 8
      vertex 5.16344 -19.2702 8
    endloop
  endfacet
  facet normal 0.582455 -0.812863 0
    outer loop
      vertex 11.0836 -16.5878 8
      vertex 12.1448 -15.8274 15
      vertex 11.0836 -16.5878 15
    endloop
  endfacet
  facet normal 0.582455 -0.812863 0
    outer loop
      vertex 12.1448 -15.8274 15
      vertex 11.0836 -16.5878 8
      vertex 12.1448 -15.8274 8
    endloop
  endfacet
  facet normal 0.729898 -0.683556 0
    outer loop
      vertex 14.1068 -14.1068 15
      vertex 14.9992 -13.1539 8
      vertex 14.9992 -13.1539 15
    endloop
  endfacet
  facet normal 0.729898 -0.683556 0
    outer loop
      vertex 14.9992 -13.1539 8
      vertex 14.1068 -14.1068 15
      vertex 14.1068 -14.1068 8
    endloop
  endfacet
  facet normal -0.772991 0.634418 0
    outer loop
      vertex -15.8274 12.1448 8
      vertex -14.9992 13.1539 15
      vertex -14.9992 13.1539 8
    endloop
  endfacet
  facet normal -0.772991 0.634418 0
    outer loop
      vertex -14.9992 13.1539 15
      vertex -15.8274 12.1448 8
      vertex -15.8274 12.1448 15
    endloop
  endfacet
  facet normal 0.849192 -0.528083 0
    outer loop
      vertex 16.5878 -11.0836 15
      vertex 17.2772 -9.975 8
      vertex 17.2772 -9.975 15
    endloop
  endfacet
  facet normal 0.849192 -0.528083 0
    outer loop
      vertex 17.2772 -9.975 8
      vertex 16.5878 -11.0836 15
      vertex 16.5878 -11.0836 8
    endloop
  endfacet
  facet normal -0.290239 -0.956954 0
    outer loop
      vertex -6.41272 -18.8913 8
      vertex -5.16344 -19.2702 15
      vertex -6.41272 -18.8913 15
    endloop
  endfacet
  facet normal -0.290239 -0.956954 -0
    outer loop
      vertex -5.16344 -19.2702 15
      vertex -6.41272 -18.8913 8
      vertex -5.16344 -19.2702 8
    endloop
  endfacet
  facet normal 0.582455 0.812863 -0
    outer loop
      vertex 12.1448 15.8274 8
      vertex 11.0836 16.5878 15
      vertex 12.1448 15.8274 15
    endloop
  endfacet
  facet normal 0.582455 0.812863 0
    outer loop
      vertex 11.0836 16.5878 15
      vertex 12.1448 15.8274 8
      vertex 11.0836 16.5878 8
    endloop
  endfacet
  facet normal 0.935895 -0.352279 0
    outer loop
      vertex 18.4314 -7.63453 15
      vertex 18.8913 -6.41272 8
      vertex 18.8913 -6.41272 15
    endloop
  endfacet
  facet normal 0.935895 -0.352279 0
    outer loop
      vertex 18.8913 -6.41272 8
      vertex 18.4314 -7.63453 15
      vertex 18.4314 -7.63453 8
    endloop
  endfacet
  facet normal -0.634418 0.772991 0
    outer loop
      vertex -12.1448 15.8274 8
      vertex -13.1539 14.9992 15
      vertex -12.1448 15.8274 15
    endloop
  endfacet
  facet normal -0.634418 0.772991 0
    outer loop
      vertex -13.1539 14.9992 15
      vertex -12.1448 15.8274 8
      vertex -13.1539 14.9992 8
    endloop
  endfacet
  facet normal -0.582455 -0.812863 0
    outer loop
      vertex -12.1448 -15.8274 8
      vertex -11.0836 -16.5878 15
      vertex -12.1448 -15.8274 15
    endloop
  endfacet
  facet normal -0.582455 -0.812863 -0
    outer loop
      vertex -11.0836 -16.5878 15
      vertex -12.1448 -15.8274 8
      vertex -11.0836 -16.5878 8
    endloop
  endfacet
  facet normal -0.98665 0.162852 0
    outer loop
      vertex -19.7793 2.604 8
      vertex -19.5667 3.89205 15
      vertex -19.5667 3.89205 8
    endloop
  endfacet
  facet normal -0.98665 0.162852 0
    outer loop
      vertex -19.5667 3.89205 15
      vertex -19.7793 2.604 8
      vertex -19.7793 2.604 15
    endloop
  endfacet
  facet normal -0.956954 -0.290239 0
    outer loop
      vertex -18.8913 -6.41272 8
      vertex -19.2702 -5.16344 15
      vertex -19.2702 -5.16344 8
    endloop
  endfacet
  facet normal -0.956954 -0.290239 0
    outer loop
      vertex -19.2702 -5.16344 15
      vertex -18.8913 -6.41272 8
      vertex -18.8913 -6.41272 15
    endloop
  endfacet
  facet normal 0.162852 -0.98665 0
    outer loop
      vertex 2.604 -19.7793 8
      vertex 3.89205 -19.5667 15
      vertex 2.604 -19.7793 15
    endloop
  endfacet
  facet normal 0.162852 -0.98665 0
    outer loop
      vertex 3.89205 -19.5667 15
      vertex 2.604 -19.7793 8
      vertex 3.89205 -19.5667 8
    endloop
  endfacet
  facet normal 0.849192 0.528083 0
    outer loop
      vertex 17.2772 9.975 15
      vertex 16.5878 11.0836 8
      vertex 16.5878 11.0836 15
    endloop
  endfacet
  facet normal 0.849192 0.528083 0
    outer loop
      vertex 16.5878 11.0836 8
      vertex 17.2772 9.975 15
      vertex 17.2772 9.975 8
    endloop
  endfacet
  facet normal 0.995182 0.0980467 0
    outer loop
      vertex 19.9073 1.30479 15
      vertex 19.7793 2.604 8
      vertex 19.7793 2.604 15
    endloop
  endfacet
  facet normal 0.995182 0.0980467 0
    outer loop
      vertex 19.7793 2.604 8
      vertex 19.9073 1.30479 15
      vertex 19.9073 1.30479 8
    endloop
  endfacet
  facet normal -0.91086 0.412715 0
    outer loop
      vertex -18.4314 7.63453 8
      vertex -17.8926 8.82366 15
      vertex -17.8926 8.82366 8
    endloop
  endfacet
  facet normal -0.91086 0.412715 0
    outer loop
      vertex -17.8926 8.82366 15
      vertex -18.4314 7.63453 8
      vertex -18.4314 7.63453 15
    endloop
  endfacet
  facet normal -0.683556 0.729898 0
    outer loop
      vertex -13.1539 14.9992 8
      vertex -14.1068 14.1068 15
      vertex -13.1539 14.9992 15
    endloop
  endfacet
  facet normal -0.683556 0.729898 0
    outer loop
      vertex -14.1068 14.1068 15
      vertex -13.1539 14.9992 8
      vertex -14.1068 14.1068 8
    endloop
  endfacet
  facet normal 0.0327081 0.999465 -0
    outer loop
      vertex 1.30479 19.9073 8
      vertex 0 19.95 15
      vertex 1.30479 19.9073 15
    endloop
  endfacet
  facet normal 0.0327081 0.999465 0
    outer loop
      vertex 0 19.95 15
      vertex 1.30479 19.9073 8
      vertex 0 19.95 8
    endloop
  endfacet
  facet normal -0.881923 -0.471394 0
    outer loop
      vertex -17.2772 -9.975 8
      vertex -17.8926 -8.82366 15
      vertex -17.8926 -8.82366 8
    endloop
  endfacet
  facet normal -0.881923 -0.471394 0
    outer loop
      vertex -17.8926 -8.82366 15
      vertex -17.2772 -9.975 8
      vertex -17.2772 -9.975 15
    endloop
  endfacet
  facet normal 0.412715 -0.91086 0
    outer loop
      vertex 7.63453 -18.4314 8
      vertex 8.82366 -17.8926 15
      vertex 7.63453 -18.4314 15
    endloop
  endfacet
  facet normal 0.412715 -0.91086 0
    outer loop
      vertex 8.82366 -17.8926 15
      vertex 7.63453 -18.4314 8
      vertex 8.82366 -17.8926 8
    endloop
  endfacet
  facet normal -0.973868 0.227115 0
    outer loop
      vertex -19.5667 3.89205 8
      vertex -19.2702 5.16344 15
      vertex -19.2702 5.16344 8
    endloop
  endfacet
  facet normal -0.973868 0.227115 0
    outer loop
      vertex -19.2702 5.16344 15
      vertex -19.5667 3.89205 8
      vertex -19.5667 3.89205 15
    endloop
  endfacet
  facet normal 0.471394 0.881923 -0
    outer loop
      vertex 9.975 17.2772 8
      vertex 8.82366 17.8926 15
      vertex 9.975 17.2772 15
    endloop
  endfacet
  facet normal 0.471394 0.881923 0
    outer loop
      vertex 8.82366 17.8926 15
      vertex 9.975 17.2772 8
      vertex 8.82366 17.8926 8
    endloop
  endfacet
  facet normal -0.0327081 0.999465 0
    outer loop
      vertex 0 19.95 8
      vertex -1.30479 19.9073 15
      vertex 0 19.95 15
    endloop
  endfacet
  facet normal -0.0327081 0.999465 0
    outer loop
      vertex -1.30479 19.9073 15
      vertex 0 19.95 8
      vertex -1.30479 19.9073 8
    endloop
  endfacet
  facet normal 0.634418 0.772991 -0
    outer loop
      vertex 13.1539 14.9992 8
      vertex 12.1448 15.8274 15
      vertex 13.1539 14.9992 15
    endloop
  endfacet
  facet normal 0.634418 0.772991 0
    outer loop
      vertex 12.1448 15.8274 15
      vertex 13.1539 14.9992 8
      vertex 12.1448 15.8274 8
    endloop
  endfacet
  facet normal 0.412715 0.91086 -0
    outer loop
      vertex 8.82366 17.8926 8
      vertex 7.63453 18.4314 15
      vertex 8.82366 17.8926 15
    endloop
  endfacet
  facet normal 0.412715 0.91086 0
    outer loop
      vertex 7.63453 18.4314 15
      vertex 8.82366 17.8926 8
      vertex 7.63453 18.4314 8
    endloop
  endfacet
  facet normal 0.98665 0.162852 0
    outer loop
      vertex 19.7793 2.604 15
      vertex 19.5667 3.89205 8
      vertex 19.5667 3.89205 15
    endloop
  endfacet
  facet normal 0.98665 0.162852 0
    outer loop
      vertex 19.5667 3.89205 8
      vertex 19.7793 2.604 15
      vertex 19.7793 2.604 8
    endloop
  endfacet
  facet normal 0.471394 -0.881923 0
    outer loop
      vertex 8.82366 -17.8926 8
      vertex 9.975 -17.2772 15
      vertex 8.82366 -17.8926 15
    endloop
  endfacet
  facet normal 0.471394 -0.881923 0
    outer loop
      vertex 9.975 -17.2772 15
      vertex 8.82366 -17.8926 8
      vertex 9.975 -17.2772 8
    endloop
  endfacet
  facet normal 0.973868 0.227115 0
    outer loop
      vertex 19.5667 3.89205 15
      vertex 19.2702 5.16344 8
      vertex 19.2702 5.16344 15
    endloop
  endfacet
  facet normal 0.973868 0.227115 0
    outer loop
      vertex 19.2702 5.16344 8
      vertex 19.5667 3.89205 15
      vertex 19.5667 3.89205 8
    endloop
  endfacet
  facet normal 0.683556 0.729898 -0
    outer loop
      vertex 14.1068 14.1068 8
      vertex 13.1539 14.9992 15
      vertex 14.1068 14.1068 15
    endloop
  endfacet
  facet normal 0.683556 0.729898 0
    outer loop
      vertex 13.1539 14.9992 15
      vertex 14.1068 14.1068 8
      vertex 13.1539 14.9992 8
    endloop
  endfacet
  facet normal 0.973868 -0.227115 0
    outer loop
      vertex 19.2702 -5.16344 15
      vertex 19.5667 -3.89205 8
      vertex 19.5667 -3.89205 15
    endloop
  endfacet
  facet normal 0.973868 -0.227115 0
    outer loop
      vertex 19.5667 -3.89205 8
      vertex 19.2702 -5.16344 15
      vertex 19.2702 -5.16344 8
    endloop
  endfacet
  facet normal 0.98665 -0.162852 0
    outer loop
      vertex 19.5667 -3.89205 15
      vertex 19.7793 -2.604 8
      vertex 19.7793 -2.604 15
    endloop
  endfacet
  facet normal 0.98665 -0.162852 0
    outer loop
      vertex 19.7793 -2.604 8
      vertex 19.5667 -3.89205 15
      vertex 19.5667 -3.89205 8
    endloop
  endfacet
  facet normal 0.352279 -0.935895 0
    outer loop
      vertex 6.41272 -18.8913 8
      vertex 7.63453 -18.4314 15
      vertex 6.41272 -18.8913 15
    endloop
  endfacet
  facet normal 0.352279 -0.935895 0
    outer loop
      vertex 7.63453 -18.4314 15
      vertex 6.41272 -18.8913 8
      vertex 7.63453 -18.4314 8
    endloop
  endfacet
  facet normal -0.0980467 0.995182 0
    outer loop
      vertex -1.30479 19.9073 8
      vertex -2.604 19.7793 15
      vertex -1.30479 19.9073 15
    endloop
  endfacet
  facet normal -0.0980467 0.995182 0
    outer loop
      vertex -2.604 19.7793 15
      vertex -1.30479 19.9073 8
      vertex -2.604 19.7793 8
    endloop
  endfacet
  facet normal -0.0980467 -0.995182 0
    outer loop
      vertex -2.604 -19.7793 8
      vertex -1.30479 -19.9073 15
      vertex -2.604 -19.7793 15
    endloop
  endfacet
  facet normal -0.0980467 -0.995182 -0
    outer loop
      vertex -1.30479 -19.9073 15
      vertex -2.604 -19.7793 8
      vertex -1.30479 -19.9073 8
    endloop
  endfacet
  facet normal -0.849192 0.528083 0
    outer loop
      vertex -17.2772 9.975 8
      vertex -16.5878 11.0836 15
      vertex -16.5878 11.0836 8
    endloop
  endfacet
  facet normal -0.849192 0.528083 0
    outer loop
      vertex -16.5878 11.0836 15
      vertex -17.2772 9.975 8
      vertex -17.2772 9.975 15
    endloop
  endfacet
  facet normal 0.772991 0.634418 0
    outer loop
      vertex 15.8274 12.1448 15
      vertex 14.9992 13.1539 8
      vertex 14.9992 13.1539 15
    endloop
  endfacet
  facet normal 0.772991 0.634418 0
    outer loop
      vertex 14.9992 13.1539 8
      vertex 15.8274 12.1448 15
      vertex 15.8274 12.1448 8
    endloop
  endfacet
  facet normal -0.98665 -0.162852 0
    outer loop
      vertex -19.5667 -3.89205 8
      vertex -19.7793 -2.604 15
      vertex -19.7793 -2.604 8
    endloop
  endfacet
  facet normal -0.98665 -0.162852 0
    outer loop
      vertex -19.7793 -2.604 15
      vertex -19.5667 -3.89205 8
      vertex -19.5667 -3.89205 15
    endloop
  endfacet
  facet normal -0.0327081 -0.999465 0
    outer loop
      vertex -1.30479 -19.9073 8
      vertex 0 -19.95 15
      vertex -1.30479 -19.9073 15
    endloop
  endfacet
  facet normal -0.0327081 -0.999465 -0
    outer loop
      vertex 0 -19.95 15
      vertex -1.30479 -19.9073 8
      vertex 0 -19.95 8
    endloop
  endfacet
  facet normal -0.999465 0.0327081 0
    outer loop
      vertex -19.95 0 8
      vertex -19.9073 1.30479 15
      vertex -19.9073 1.30479 8
    endloop
  endfacet
  facet normal -0.999465 0.0327081 0
    outer loop
      vertex -19.9073 1.30479 15
      vertex -19.95 0 8
      vertex -19.95 0 15
    endloop
  endfacet
  facet normal -0.352279 0.935895 0
    outer loop
      vertex -6.41272 18.8913 8
      vertex -7.63453 18.4314 15
      vertex -6.41272 18.8913 15
    endloop
  endfacet
  facet normal -0.352279 0.935895 0
    outer loop
      vertex -7.63453 18.4314 15
      vertex -6.41272 18.8913 8
      vertex -7.63453 18.4314 8
    endloop
  endfacet
  facet normal -0.995182 0.0980467 0
    outer loop
      vertex -19.9073 1.30479 8
      vertex -19.7793 2.604 15
      vertex -19.7793 2.604 8
    endloop
  endfacet
  facet normal -0.995182 0.0980467 0
    outer loop
      vertex -19.7793 2.604 15
      vertex -19.9073 1.30479 8
      vertex -19.9073 1.30479 15
    endloop
  endfacet
  facet normal -0.634418 -0.772991 0
    outer loop
      vertex -13.1539 -14.9992 8
      vertex -12.1448 -15.8274 15
      vertex -13.1539 -14.9992 15
    endloop
  endfacet
  facet normal -0.634418 -0.772991 -0
    outer loop
      vertex -12.1448 -15.8274 15
      vertex -13.1539 -14.9992 8
      vertex -12.1448 -15.8274 8
    endloop
  endfacet
  facet normal -0.528083 0.849192 0
    outer loop
      vertex -9.975 17.2772 8
      vertex -11.0836 16.5878 15
      vertex -9.975 17.2772 15
    endloop
  endfacet
  facet normal -0.528083 0.849192 0
    outer loop
      vertex -11.0836 16.5878 15
      vertex -9.975 17.2772 8
      vertex -11.0836 16.5878 8
    endloop
  endfacet
  facet normal 0.290239 -0.956954 0
    outer loop
      vertex 5.16344 -19.2702 8
      vertex 6.41272 -18.8913 15
      vertex 5.16344 -19.2702 15
    endloop
  endfacet
  facet normal 0.290239 -0.956954 0
    outer loop
      vertex 6.41272 -18.8913 15
      vertex 5.16344 -19.2702 8
      vertex 6.41272 -18.8913 8
    endloop
  endfacet
  facet normal -0.471394 0.881923 0
    outer loop
      vertex -8.82366 17.8926 8
      vertex -9.975 17.2772 15
      vertex -8.82366 17.8926 15
    endloop
  endfacet
  facet normal -0.471394 0.881923 0
    outer loop
      vertex -9.975 17.2772 15
      vertex -8.82366 17.8926 8
      vertex -9.975 17.2772 8
    endloop
  endfacet
  facet normal -0.772991 -0.634418 0
    outer loop
      vertex -14.9992 -13.1539 8
      vertex -15.8274 -12.1448 15
      vertex -15.8274 -12.1448 8
    endloop
  endfacet
  facet normal -0.772991 -0.634418 0
    outer loop
      vertex -15.8274 -12.1448 15
      vertex -14.9992 -13.1539 8
      vertex -14.9992 -13.1539 15
    endloop
  endfacet
  facet normal 0.812863 -0.582455 0
    outer loop
      vertex 15.8274 -12.1448 15
      vertex 16.5878 -11.0836 8
      vertex 16.5878 -11.0836 15
    endloop
  endfacet
  facet normal 0.812863 -0.582455 0
    outer loop
      vertex 16.5878 -11.0836 8
      vertex 15.8274 -12.1448 15
      vertex 15.8274 -12.1448 8
    endloop
  endfacet
  facet normal -0.290239 0.956954 0
    outer loop
      vertex -5.16344 19.2702 8
      vertex -6.41272 18.8913 15
      vertex -5.16344 19.2702 15
    endloop
  endfacet
  facet normal -0.290239 0.956954 0
    outer loop
      vertex -6.41272 18.8913 15
      vertex -5.16344 19.2702 8
      vertex -6.41272 18.8913 8
    endloop
  endfacet
  facet normal 0.772991 -0.634418 0
    outer loop
      vertex 14.9992 -13.1539 15
      vertex 15.8274 -12.1448 8
      vertex 15.8274 -12.1448 15
    endloop
  endfacet
  facet normal 0.772991 -0.634418 0
    outer loop
      vertex 15.8274 -12.1448 8
      vertex 14.9992 -13.1539 15
      vertex 14.9992 -13.1539 8
    endloop
  endfacet
  facet normal -0.412715 -0.91086 0
    outer loop
      vertex -8.82366 -17.8926 8
      vertex -7.63453 -18.4314 15
      vertex -8.82366 -17.8926 15
    endloop
  endfacet
  facet normal -0.412715 -0.91086 -0
    outer loop
      vertex -7.63453 -18.4314 15
      vertex -8.82366 -17.8926 8
      vertex -7.63453 -18.4314 8
    endloop
  endfacet
  facet normal -0.812863 0.582455 0
    outer loop
      vertex -16.5878 11.0836 8
      vertex -15.8274 12.1448 15
      vertex -15.8274 12.1448 8
    endloop
  endfacet
  facet normal -0.812863 0.582455 0
    outer loop
      vertex -15.8274 12.1448 15
      vertex -16.5878 11.0836 8
      vertex -16.5878 11.0836 15
    endloop
  endfacet
  facet normal -0.849192 -0.528083 0
    outer loop
      vertex -16.5878 -11.0836 8
      vertex -17.2772 -9.975 15
      vertex -17.2772 -9.975 8
    endloop
  endfacet
  facet normal -0.849192 -0.528083 0
    outer loop
      vertex -17.2772 -9.975 15
      vertex -16.5878 -11.0836 8
      vertex -16.5878 -11.0836 15
    endloop
  endfacet
  facet normal 0.881923 0.471394 0
    outer loop
      vertex 17.8926 8.82366 15
      vertex 17.2772 9.975 8
      vertex 17.2772 9.975 15
    endloop
  endfacet
  facet normal 0.881923 0.471394 0
    outer loop
      vertex 17.2772 9.975 8
      vertex 17.8926 8.82366 15
      vertex 17.8926 8.82366 8
    endloop
  endfacet
  facet normal -0.999465 -0.0327081 0
    outer loop
      vertex -19.9073 -1.30479 8
      vertex -19.95 0 15
      vertex -19.95 0 8
    endloop
  endfacet
  facet normal -0.999465 -0.0327081 0
    outer loop
      vertex -19.95 0 15
      vertex -19.9073 -1.30479 8
      vertex -19.9073 -1.30479 15
    endloop
  endfacet
  facet normal 0.91086 0.412715 0
    outer loop
      vertex 18.4314 7.63453 15
      vertex 17.8926 8.82366 8
      vertex 17.8926 8.82366 15
    endloop
  endfacet
  facet normal 0.91086 0.412715 0
    outer loop
      vertex 17.8926 8.82366 8
      vertex 18.4314 7.63453 15
      vertex 18.4314 7.63453 8
    endloop
  endfacet
  facet normal -0.412715 0.91086 0
    outer loop
      vertex -7.63453 18.4314 8
      vertex -8.82366 17.8926 15
      vertex -7.63453 18.4314 15
    endloop
  endfacet
  facet normal -0.412715 0.91086 0
    outer loop
      vertex -8.82366 17.8926 15
      vertex -7.63453 18.4314 8
      vertex -8.82366 17.8926 8
    endloop
  endfacet
  facet normal -0.582455 0.812863 0
    outer loop
      vertex -11.0836 16.5878 8
      vertex -12.1448 15.8274 15
      vertex -11.0836 16.5878 15
    endloop
  endfacet
  facet normal -0.582455 0.812863 0
    outer loop
      vertex -12.1448 15.8274 15
      vertex -11.0836 16.5878 8
      vertex -12.1448 15.8274 8
    endloop
  endfacet
  facet normal 0.442283 -0.896875 0
    outer loop
      vertex 5.74025 -13.8582 15
      vertex 7.5 -12.9904 18
      vertex 5.74025 -13.8582 18
    endloop
  endfacet
  facet normal 0.442283 -0.896875 0
    outer loop
      vertex 7.5 -12.9904 18
      vertex 5.74025 -13.8582 15
      vertex 7.5 -12.9904 15
    endloop
  endfacet
  facet normal 0.980784 -0.195097 0
    outer loop
      vertex 14.4889 -3.88229 18
      vertex 14.8717 -1.95789 15
      vertex 14.8717 -1.95789 18
    endloop
  endfacet
  facet normal 0.980784 -0.195097 0
    outer loop
      vertex 14.8717 -1.95789 15
      vertex 14.4889 -3.88229 18
      vertex 14.4889 -3.88229 15
    endloop
  endfacet
  facet normal 0.99786 -0.0653895 0
    outer loop
      vertex 14.8717 -1.95789 18
      vertex 15 0 15
      vertex 15 0 18
    endloop
  endfacet
  facet normal 0.99786 -0.0653895 0
    outer loop
      vertex 15 0 15
      vertex 14.8717 -1.95789 18
      vertex 14.8717 -1.95789 15
    endloop
  endfacet
  facet normal 0.946929 -0.321443 0
    outer loop
      vertex 13.8582 -5.74025 18
      vertex 14.4889 -3.88229 15
      vertex 14.4889 -3.88229 18
    endloop
  endfacet
  facet normal 0.946929 -0.321443 0
    outer loop
      vertex 14.4889 -3.88229 15
      vertex 13.8582 -5.74025 18
      vertex 13.8582 -5.74025 15
    endloop
  endfacet
  facet normal 0.831465 -0.555577 0
    outer loop
      vertex 11.9003 -9.13142 18
      vertex 12.9904 -7.5 15
      vertex 12.9904 -7.5 18
    endloop
  endfacet
  facet normal 0.831465 -0.555577 0
    outer loop
      vertex 12.9904 -7.5 15
      vertex 11.9003 -9.13142 18
      vertex 11.9003 -9.13142 15
    endloop
  endfacet
  facet normal -0.99786 0.0653895 0
    outer loop
      vertex -15 0 15
      vertex -14.8717 1.95789 18
      vertex -14.8717 1.95789 15
    endloop
  endfacet
  facet normal -0.99786 0.0653895 0
    outer loop
      vertex -14.8717 1.95789 18
      vertex -15 0 15
      vertex -15 0 18
    endloop
  endfacet
  facet normal 0.896875 -0.442283 0
    outer loop
      vertex 12.9904 -7.5 18
      vertex 13.8582 -5.74025 15
      vertex 13.8582 -5.74025 18
    endloop
  endfacet
  facet normal 0.896875 -0.442283 0
    outer loop
      vertex 13.8582 -5.74025 15
      vertex 12.9904 -7.5 18
      vertex 12.9904 -7.5 15
    endloop
  endfacet
  facet normal 0.946929 0.321443 0
    outer loop
      vertex 14.4889 3.88229 18
      vertex 13.8582 5.74025 15
      vertex 13.8582 5.74025 18
    endloop
  endfacet
  facet normal 0.946929 0.321443 0
    outer loop
      vertex 13.8582 5.74025 15
      vertex 14.4889 3.88229 18
      vertex 14.4889 3.88229 15
    endloop
  endfacet
  facet normal -0.321443 0.946929 0
    outer loop
      vertex -3.88229 14.4889 15
      vertex -5.74025 13.8582 18
      vertex -3.88229 14.4889 18
    endloop
  endfacet
  facet normal -0.321443 0.946929 0
    outer loop
      vertex -5.74025 13.8582 18
      vertex -3.88229 14.4889 15
      vertex -5.74025 13.8582 15
    endloop
  endfacet
  facet normal 0.0653895 0.99786 -0
    outer loop
      vertex 1.95789 14.8717 15
      vertex 0 15 18
      vertex 1.95789 14.8717 18
    endloop
  endfacet
  facet normal 0.0653895 0.99786 0
    outer loop
      vertex 0 15 18
      vertex 1.95789 14.8717 15
      vertex 0 15 15
    endloop
  endfacet
  facet normal 0.555577 0.831465 -0
    outer loop
      vertex 9.13142 11.9003 15
      vertex 7.5 12.9904 18
      vertex 9.13142 11.9003 18
    endloop
  endfacet
  facet normal 0.555577 0.831465 0
    outer loop
      vertex 7.5 12.9904 18
      vertex 9.13142 11.9003 15
      vertex 7.5 12.9904 15
    endloop
  endfacet
  facet normal -0.946929 0.321443 0
    outer loop
      vertex -14.4889 3.88229 15
      vertex -13.8582 5.74025 18
      vertex -13.8582 5.74025 15
    endloop
  endfacet
  facet normal -0.946929 0.321443 0
    outer loop
      vertex -13.8582 5.74025 18
      vertex -14.4889 3.88229 15
      vertex -14.4889 3.88229 18
    endloop
  endfacet
  facet normal -0.751839 0.659346 0
    outer loop
      vertex -11.9003 9.13142 15
      vertex -10.6066 10.6066 18
      vertex -10.6066 10.6066 15
    endloop
  endfacet
  facet normal -0.751839 0.659346 0
    outer loop
      vertex -10.6066 10.6066 18
      vertex -11.9003 9.13142 15
      vertex -11.9003 9.13142 18
    endloop
  endfacet
  facet normal 0.659346 -0.751839 0
    outer loop
      vertex 9.13142 -11.9003 15
      vertex 10.6066 -10.6066 18
      vertex 9.13142 -11.9003 18
    endloop
  endfacet
  facet normal 0.659346 -0.751839 0
    outer loop
      vertex 10.6066 -10.6066 18
      vertex 9.13142 -11.9003 15
      vertex 10.6066 -10.6066 15
    endloop
  endfacet
  facet normal -0.946929 -0.321443 0
    outer loop
      vertex -13.8582 -5.74025 15
      vertex -14.4889 -3.88229 18
      vertex -14.4889 -3.88229 15
    endloop
  endfacet
  facet normal -0.946929 -0.321443 0
    outer loop
      vertex -14.4889 -3.88229 18
      vertex -13.8582 -5.74025 15
      vertex -13.8582 -5.74025 18
    endloop
  endfacet
  facet normal -0.980784 -0.195097 0
    outer loop
      vertex -14.4889 -3.88229 15
      vertex -14.8717 -1.95789 18
      vertex -14.8717 -1.95789 15
    endloop
  endfacet
  facet normal -0.980784 -0.195097 0
    outer loop
      vertex -14.8717 -1.95789 18
      vertex -14.4889 -3.88229 15
      vertex -14.4889 -3.88229 18
    endloop
  endfacet
  facet normal 0.99786 0.0653895 0
    outer loop
      vertex 15 0 18
      vertex 14.8717 1.95789 15
      vertex 14.8717 1.95789 18
    endloop
  endfacet
  facet normal 0.99786 0.0653895 0
    outer loop
      vertex 14.8717 1.95789 15
      vertex 15 0 18
      vertex 15 0 15
    endloop
  endfacet
  facet normal 0.195097 -0.980784 0
    outer loop
      vertex 1.95789 -14.8717 15
      vertex 3.88229 -14.4889 18
      vertex 1.95789 -14.8717 18
    endloop
  endfacet
  facet normal 0.195097 -0.980784 0
    outer loop
      vertex 3.88229 -14.4889 18
      vertex 1.95789 -14.8717 15
      vertex 3.88229 -14.4889 15
    endloop
  endfacet
  facet normal 0.0653172 -0.997865 0
    outer loop
      vertex 0.51637 -14.9662 15.01
      vertex 0 -15 18
      vertex 0 -15 15.01
    endloop
  endfacet
  facet normal 0.0653895 -0.99786 1.25436e-05
    outer loop
      vertex 0 -15 18
      vertex 0.51637 -14.9662 15.01
      vertex 1.95789 -14.8717 18
    endloop
  endfacet
  facet normal 0.0654154 -0.997858 0
    outer loop
      vertex 1.95789 -14.8717 15
      vertex 0.51637 -14.9662 15.01
      vertex 0.51637 -14.9662 15
    endloop
  endfacet
  facet normal 0.0654154 -0.997858 0
    outer loop
      vertex 0.51637 -14.9662 15.01
      vertex 1.95789 -14.8717 15
      vertex 1.95789 -14.8717 18
    endloop
  endfacet
  facet normal 0.659346 0.751839 -0
    outer loop
      vertex 10.6066 10.6066 15
      vertex 9.13142 11.9003 18
      vertex 10.6066 10.6066 18
    endloop
  endfacet
  facet normal 0.659346 0.751839 0
    outer loop
      vertex 9.13142 11.9003 18
      vertex 10.6066 10.6066 15
      vertex 9.13142 11.9003 15
    endloop
  endfacet
  facet normal -0.195097 0.980784 0
    outer loop
      vertex -1.95789 14.8717 15
      vertex -3.88229 14.4889 18
      vertex -1.95789 14.8717 18
    endloop
  endfacet
  facet normal -0.195097 0.980784 0
    outer loop
      vertex -3.88229 14.4889 18
      vertex -1.95789 14.8717 15
      vertex -3.88229 14.4889 15
    endloop
  endfacet
  facet normal -0.659346 -0.751839 0
    outer loop
      vertex -10.6066 -10.6066 15
      vertex -9.13142 -11.9003 18
      vertex -10.6066 -10.6066 18
    endloop
  endfacet
  facet normal -0.659346 -0.751839 -0
    outer loop
      vertex -9.13142 -11.9003 18
      vertex -10.6066 -10.6066 15
      vertex -9.13142 -11.9003 15
    endloop
  endfacet
  facet normal -0.896883 0.442267 0
    outer loop
      vertex -13.2193 7.03589 15
      vertex -13.8582 5.74025 15
      vertex -13.2193 7.03589 15.01
    endloop
  endfacet
  facet normal -0.896853 0.44233 0
    outer loop
      vertex -13.2193 7.03589 15.01
      vertex -12.9904 7.5 18
      vertex -12.9904 7.5 15.01
    endloop
  endfacet
  facet normal -0.896883 0.442267 0
    outer loop
      vertex -13.8582 5.74025 18
      vertex -13.2193 7.03589 15.01
      vertex -13.8582 5.74025 15
    endloop
  endfacet
  facet normal -0.896875 0.442283 8.88361e-06
    outer loop
      vertex -13.2193 7.03589 15.01
      vertex -13.8582 5.74025 18
      vertex -12.9904 7.5 18
    endloop
  endfacet
  facet normal 0.751839 -0.659346 0
    outer loop
      vertex 10.6066 -10.6066 18
      vertex 11.9003 -9.13142 15
      vertex 11.9003 -9.13142 18
    endloop
  endfacet
  facet normal 0.751839 -0.659346 0
    outer loop
      vertex 11.9003 -9.13142 15
      vertex 10.6066 -10.6066 18
      vertex 10.6066 -10.6066 15
    endloop
  endfacet
  facet normal -0.442283 -0.896875 0
    outer loop
      vertex -7.5 -12.9904 15
      vertex -5.74025 -13.8582 18
      vertex -7.5 -12.9904 18
    endloop
  endfacet
  facet normal -0.442283 -0.896875 -0
    outer loop
      vertex -5.74025 -13.8582 18
      vertex -7.5 -12.9904 15
      vertex -5.74025 -13.8582 15
    endloop
  endfacet
  facet normal 0.980784 0.195097 0
    outer loop
      vertex 14.8717 1.95789 18
      vertex 14.4889 3.88229 15
      vertex 14.4889 3.88229 18
    endloop
  endfacet
  facet normal 0.980784 0.195097 0
    outer loop
      vertex 14.4889 3.88229 15
      vertex 14.8717 1.95789 18
      vertex 14.8717 1.95789 15
    endloop
  endfacet
  facet normal -0.980784 0.195097 0
    outer loop
      vertex -14.8717 1.95789 15
      vertex -14.4889 3.88229 18
      vertex -14.4889 3.88229 15
    endloop
  endfacet
  facet normal -0.980784 0.195097 0
    outer loop
      vertex -14.4889 3.88229 18
      vertex -14.8717 1.95789 15
      vertex -14.8717 1.95789 18
    endloop
  endfacet
  facet normal 0.195097 0.980784 -0
    outer loop
      vertex 3.88229 14.4889 15
      vertex 1.95789 14.8717 18
      vertex 3.88229 14.4889 18
    endloop
  endfacet
  facet normal 0.195097 0.980784 0
    outer loop
      vertex 1.95789 14.8717 18
      vertex 3.88229 14.4889 15
      vertex 1.95789 14.8717 15
    endloop
  endfacet
  facet normal 0.442283 0.896875 -0
    outer loop
      vertex 7.5 12.9904 15
      vertex 5.74025 13.8582 18
      vertex 7.5 12.9904 18
    endloop
  endfacet
  facet normal 0.442283 0.896875 0
    outer loop
      vertex 5.74025 13.8582 18
      vertex 7.5 12.9904 15
      vertex 5.74025 13.8582 15
    endloop
  endfacet
  facet normal -0.0653895 -0.99786 1.25436e-05
    outer loop
      vertex -1.95789 -14.8717 18
      vertex -0.51637 -14.9662 15.01
      vertex 0 -15 18
    endloop
  endfacet
  facet normal -0.0654154 -0.997858 0
    outer loop
      vertex -1.95789 -14.8717 15
      vertex -0.51637 -14.9662 15.01
      vertex -1.95789 -14.8717 18
    endloop
  endfacet
  facet normal -0.0654154 -0.997858 -0
    outer loop
      vertex -0.51637 -14.9662 15.01
      vertex -1.95789 -14.8717 15
      vertex -0.51637 -14.9662 15
    endloop
  endfacet
  facet normal -0.0653172 -0.997865 -0
    outer loop
      vertex 0 -15 18
      vertex -0.51637 -14.9662 15.01
      vertex 0 -15 15.01
    endloop
  endfacet
  facet normal 0.321443 -0.946929 0
    outer loop
      vertex 3.88229 -14.4889 15
      vertex 5.74025 -13.8582 18
      vertex 3.88229 -14.4889 18
    endloop
  endfacet
  facet normal 0.321443 -0.946929 0
    outer loop
      vertex 5.74025 -13.8582 18
      vertex 3.88229 -14.4889 15
      vertex 5.74025 -13.8582 15
    endloop
  endfacet
  facet normal -0.555577 -0.831465 0
    outer loop
      vertex -9.13142 -11.9003 15
      vertex -7.5 -12.9904 18
      vertex -9.13142 -11.9003 18
    endloop
  endfacet
  facet normal -0.555577 -0.831465 -0
    outer loop
      vertex -7.5 -12.9904 18
      vertex -9.13142 -11.9003 15
      vertex -7.5 -12.9904 15
    endloop
  endfacet
  facet normal 0.896853 0.44233 0
    outer loop
      vertex 12.9904 7.5 18
      vertex 13.2193 7.03589 15.01
      vertex 12.9904 7.5 15.01
    endloop
  endfacet
  facet normal 0.896875 0.442283 8.88361e-06
    outer loop
      vertex 13.8582 5.74025 18
      vertex 13.2193 7.03589 15.01
      vertex 12.9904 7.5 18
    endloop
  endfacet
  facet normal 0.896883 0.442267 -0
    outer loop
      vertex 13.8582 5.74025 15
      vertex 13.2193 7.03589 15.01
      vertex 13.8582 5.74025 18
    endloop
  endfacet
  facet normal 0.896883 0.442267 0
    outer loop
      vertex 13.2193 7.03589 15.01
      vertex 13.8582 5.74025 15
      vertex 13.2193 7.03589 15
    endloop
  endfacet
  facet normal -0.0653895 0.99786 0
    outer loop
      vertex 0 15 15
      vertex -1.95789 14.8717 18
      vertex 0 15 18
    endloop
  endfacet
  facet normal -0.0653895 0.99786 0
    outer loop
      vertex -1.95789 14.8717 18
      vertex 0 15 15
      vertex -1.95789 14.8717 15
    endloop
  endfacet
  facet normal 0.555577 -0.831465 0
    outer loop
      vertex 7.5 -12.9904 15
      vertex 9.13142 -11.9003 18
      vertex 7.5 -12.9904 18
    endloop
  endfacet
  facet normal 0.555577 -0.831465 0
    outer loop
      vertex 9.13142 -11.9003 18
      vertex 7.5 -12.9904 15
      vertex 9.13142 -11.9003 15
    endloop
  endfacet
  facet normal 0.751839 0.659346 0
    outer loop
      vertex 11.9003 9.13142 18
      vertex 10.6066 10.6066 15
      vertex 10.6066 10.6066 18
    endloop
  endfacet
  facet normal 0.751839 0.659346 0
    outer loop
      vertex 10.6066 10.6066 15
      vertex 11.9003 9.13142 18
      vertex 11.9003 9.13142 15
    endloop
  endfacet
  facet normal -0.195097 -0.980784 0
    outer loop
      vertex -3.88229 -14.4889 15
      vertex -1.95789 -14.8717 18
      vertex -3.88229 -14.4889 18
    endloop
  endfacet
  facet normal -0.195097 -0.980784 -0
    outer loop
      vertex -1.95789 -14.8717 18
      vertex -3.88229 -14.4889 15
      vertex -1.95789 -14.8717 15
    endloop
  endfacet
  facet normal 0 0 1
    outer loop
      vertex 7.5 12.9904 18
      vertex 8.8311 11.0672 18
      vertex 9.13142 11.9003 18
    endloop
  endfacet
  facet normal -0 0 1
    outer loop
      vertex 5.1689 13.1815 18
      vertex 7.5 12.9904 18
      vertex 5.74025 13.8582 18
    endloop
  endfacet
  facet normal 0 0 1
    outer loop
      vertex 7.5 12.9904 18
      vertex 5.1689 13.1815 18
      vertex 8.8311 11.0672 18
    endloop
  endfacet
  facet normal 0 0 1
    outer loop
      vertex 3.88229 14.4889 18
      vertex 5.1689 13.1815 18
      vertex 5.74025 13.8582 18
    endloop
  endfacet
  facet normal 0 0 1
    outer loop
      vertex 3.88229 14.4889 18
      vertex 5.14015 13.1317 18
      vertex 5.1689 13.1815 18
    endloop
  endfacet
  facet normal 0 0 1
    outer loop
      vertex 1.95789 14.8717 18
      vertex 5.14015 13.1317 18
      vertex 3.88229 14.4889 18
    endloop
  endfacet
  facet normal 0 0 1
    outer loop
      vertex 0 4.22875 18
      vertex 1.95789 14.8717 18
      vertex 0 15 18
    endloop
  endfacet
  facet normal 0 0 1
    outer loop
      vertex 1.95789 14.8717 18
      vertex 0 4.22875 18
      vertex 5.14015 13.1317 18
    endloop
  endfacet
  facet normal -0 0 1
    outer loop
      vertex -1.95789 14.8717 18
      vertex 0 4.22875 18
      vertex 0 15 18
    endloop
  endfacet
  facet normal 0 0 1
    outer loop
      vertex -5.14015 13.1317 18
      vertex -1.95789 14.8717 18
      vertex -3.88229 14.4889 18
    endloop
  endfacet
  facet normal 0 0 1
    outer loop
      vertex -1.95789 14.8717 18
      vertex -5.14015 13.1317 18
      vertex 0 4.22875 18
    endloop
  endfacet
  facet normal 0 0 1
    outer loop
      vertex -3.88229 14.4889 18
      vertex -5.1689 13.1815 18
      vertex -5.14015 13.1317 18
    endloop
  endfacet
  facet normal -0 0 1
    outer loop
      vertex -5.74025 13.8582 18
      vertex -5.1689 13.1815 18
      vertex -3.88229 14.4889 18
    endloop
  endfacet
  facet normal 0 0 1
    outer loop
      vertex -7.5 12.9904 18
      vertex -5.1689 13.1815 18
      vertex -5.74025 13.8582 18
    endloop
  endfacet
  facet normal -0 0 1
    outer loop
      vertex -7.5 12.9904 18
      vertex -8.8311 11.0672 18
      vertex -5.1689 13.1815 18
    endloop
  endfacet
  facet normal 0 -0 1
    outer loop
      vertex -8.8311 11.0672 18
      vertex -7.5 12.9904 18
      vertex -9.13142 11.9003 18
    endloop
  endfacet
  facet normal 0 0 1
    outer loop
      vertex 14 2.11438 18
      vertex 15 0 18
      vertex 14.8717 1.95789 18
    endloop
  endfacet
  facet normal -0 0 1
    outer loop
      vertex 14 2.11438 18
      vertex 14.8717 1.95789 18
      vertex 14.4889 3.88229 18
    endloop
  endfacet
  facet normal 0 0 1
    outer loop
      vertex 14 -2.11438 18
      vertex 15 0 18
      vertex 14 2.11438 18
    endloop
  endfacet
  facet normal 0 0 1
    outer loop
      vertex 15 0 18
      vertex 14 -2.11438 18
      vertex 14.8717 -1.95789 18
    endloop
  endfacet
  facet normal 0 0 1
    outer loop
      vertex 13.8582 5.74025 18
      vertex 14 2.11438 18
      vertex 14.4889 3.88229 18
    endloop
  endfacet
  facet normal 0 0 1
    outer loop
      vertex 3.6622 2.11438 18
      vertex 13.8582 5.74025 18
      vertex 12.9904 7.5 18
    endloop
  endfacet
  facet normal 0 0 1
    outer loop
      vertex 3.6622 2.11438 18
      vertex 12.9904 7.5 18
      vertex 11.9003 9.13142 18
    endloop
  endfacet
  facet normal 0 0 1
    outer loop
      vertex 8.8311 11.0672 18
      vertex 11.9003 9.13142 18
      vertex 10.6066 10.6066 18
    endloop
  endfacet
  facet normal -0 0 1
    outer loop
      vertex 8.8311 11.0672 18
      vertex 10.6066 10.6066 18
      vertex 9.13142 11.9003 18
    endloop
  endfacet
  facet normal 0 0 1
    outer loop
      vertex 11.9003 9.13142 18
      vertex 8.8311 11.0672 18
      vertex 3.6622 2.11438 18
    endloop
  endfacet
  facet normal 0 0 1
    outer loop
      vertex 13.8582 5.74025 18
      vertex 3.6622 2.11438 18
      vertex 14 2.11438 18
    endloop
  endfacet
  facet normal 0 0 1
    outer loop
      vertex 14.8717 -1.95789 18
      vertex 14 -2.11438 18
      vertex 14.4889 -3.88229 18
    endloop
  endfacet
  facet normal 0 0 1
    outer loop
      vertex 14 -2.11438 18
      vertex 13.8582 -5.74025 18
      vertex 14.4889 -3.88229 18
    endloop
  endfacet
  facet normal -0 0 1
    outer loop
      vertex 3.6622 -2.11438 18
      vertex 13.8582 -5.74025 18
      vertex 14 -2.11438 18
    endloop
  endfacet
  facet normal 0 0 1
    outer loop
      vertex 13.8582 -5.74025 18
      vertex 3.6622 -2.11438 18
      vertex 12.9904 -7.5 18
    endloop
  endfacet
  facet normal 0 0 1
    outer loop
      vertex 12.9904 -7.5 18
      vertex 3.6622 -2.11438 18
      vertex 11.9003 -9.13142 18
    endloop
  endfacet
  facet normal 0 -0 1
    outer loop
      vertex 8.8311 -11.0672 18
      vertex 11.9003 -9.13142 18
      vertex 3.6622 -2.11438 18
    endloop
  endfacet
  facet normal 0 0 1
    outer loop
      vertex 10.6066 -10.6066 18
      vertex 8.8311 -11.0672 18
      vertex 9.13142 -11.9003 18
    endloop
  endfacet
  facet normal 0 0 1
    outer loop
      vertex 11.9003 -9.13142 18
      vertex 8.8311 -11.0672 18
      vertex 10.6066 -10.6066 18
    endloop
  endfacet
  facet normal 0 0 1
    outer loop
      vertex 8.8311 -11.0672 18
      vertex 7.5 -12.9904 18
      vertex 9.13142 -11.9003 18
    endloop
  endfacet
  facet normal 0 0 1
    outer loop
      vertex 5.1689 -13.1815 18
      vertex 7.5 -12.9904 18
      vertex 8.8311 -11.0672 18
    endloop
  endfacet
  facet normal 0 0 1
    outer loop
      vertex 7.5 -12.9904 18
      vertex 5.1689 -13.1815 18
      vertex 5.74025 -13.8582 18
    endloop
  endfacet
  facet normal 0 0 1
    outer loop
      vertex 5.1689 -13.1815 18
      vertex 3.88229 -14.4889 18
      vertex 5.74025 -13.8582 18
    endloop
  endfacet
  facet normal 0 0 1
    outer loop
      vertex 5.14015 -13.1317 18
      vertex 3.88229 -14.4889 18
      vertex 5.1689 -13.1815 18
    endloop
  endfacet
  facet normal 0 0 1
    outer loop
      vertex 5.14015 -13.1317 18
      vertex 1.95789 -14.8717 18
      vertex 3.88229 -14.4889 18
    endloop
  endfacet
  facet normal 0 0 1
    outer loop
      vertex 0 -4.22875 18
      vertex 1.95789 -14.8717 18
      vertex 5.14015 -13.1317 18
    endloop
  endfacet
  facet normal 0 0 1
    outer loop
      vertex 0 -4.22875 18
      vertex 0 -15 18
      vertex 1.95789 -14.8717 18
    endloop
  endfacet
  facet normal 0 0 1
    outer loop
      vertex 0 -4.22875 18
      vertex -1.95789 -14.8717 18
      vertex 0 -15 18
    endloop
  endfacet
  facet normal -0 0 1
    outer loop
      vertex -5.14015 -13.1317 18
      vertex -1.95789 -14.8717 18
      vertex 0 -4.22875 18
    endloop
  endfacet
  facet normal 0 0 1
    outer loop
      vertex -1.95789 -14.8717 18
      vertex -5.14015 -13.1317 18
      vertex -3.88229 -14.4889 18
    endloop
  endfacet
  facet normal -0 0 1
    outer loop
      vertex -5.1689 -13.1815 18
      vertex -3.88229 -14.4889 18
      vertex -5.14015 -13.1317 18
    endloop
  endfacet
  facet normal 0 0 1
    outer loop
      vertex -5.1689 -13.1815 18
      vertex -5.74025 -13.8582 18
      vertex -3.88229 -14.4889 18
    endloop
  endfacet
  facet normal 0 0 1
    outer loop
      vertex -5.1689 -13.1815 18
      vertex -7.5 -12.9904 18
      vertex -5.74025 -13.8582 18
    endloop
  endfacet
  facet normal 0 0 1
    outer loop
      vertex -8.8311 -11.0672 18
      vertex -7.5 -12.9904 18
      vertex -5.1689 -13.1815 18
    endloop
  endfacet
  facet normal 0 0 1
    outer loop
      vertex -7.5 -12.9904 18
      vertex -8.8311 -11.0672 18
      vertex -9.13142 -11.9003 18
    endloop
  endfacet
  facet normal 0 0 1
    outer loop
      vertex -10.6066 10.6066 18
      vertex -8.8311 11.0672 18
      vertex -9.13142 11.9003 18
    endloop
  endfacet
  facet normal 0 0 1
    outer loop
      vertex -11.9003 9.13142 18
      vertex -8.8311 11.0672 18
      vertex -10.6066 10.6066 18
    endloop
  endfacet
  facet normal 0 0 1
    outer loop
      vertex -8.8311 11.0672 18
      vertex -11.9003 9.13142 18
      vertex -3.6622 2.11438 18
    endloop
  endfacet
  facet normal -0 0 1
    outer loop
      vertex -12.9904 7.5 18
      vertex -3.6622 2.11438 18
      vertex -11.9003 9.13142 18
    endloop
  endfacet
  facet normal -0 0 1
    outer loop
      vertex -13.8582 5.74025 18
      vertex -3.6622 2.11438 18
      vertex -12.9904 7.5 18
    endloop
  endfacet
  facet normal 0 0 1
    outer loop
      vertex -13.8582 5.74025 18
      vertex -14 2.11438 18
      vertex -3.6622 2.11438 18
    endloop
  endfacet
  facet normal 0 0 1
    outer loop
      vertex -14.8717 1.95789 18
      vertex -14 2.11438 18
      vertex -14.4889 3.88229 18
    endloop
  endfacet
  facet normal -0 0 1
    outer loop
      vertex -14.4889 3.88229 18
      vertex -14 2.11438 18
      vertex -13.8582 5.74025 18
    endloop
  endfacet
  facet normal 0 0 1
    outer loop
      vertex -8.8311 -11.0672 18
      vertex -10.6066 -10.6066 18
      vertex -9.13142 -11.9003 18
    endloop
  endfacet
  facet normal -0 0 1
    outer loop
      vertex -11.9003 -9.13142 18
      vertex -8.8311 -11.0672 18
      vertex -3.6622 -2.11438 18
    endloop
  endfacet
  facet normal 0 0 1
    outer loop
      vertex -8.8311 -11.0672 18
      vertex -11.9003 -9.13142 18
      vertex -10.6066 -10.6066 18
    endloop
  endfacet
  facet normal 0 0 1
    outer loop
      vertex -3.6622 -2.11438 18
      vertex -12.9904 -7.5 18
      vertex -11.9003 -9.13142 18
    endloop
  endfacet
  facet normal 0 0 1
    outer loop
      vertex -3.6622 -2.11438 18
      vertex -13.8582 -5.74025 18
      vertex -12.9904 -7.5 18
    endloop
  endfacet
  facet normal -0 0 1
    outer loop
      vertex -14 -2.11438 18
      vertex -13.8582 -5.74025 18
      vertex -3.6622 -2.11438 18
    endloop
  endfacet
  facet normal 0 0 1
    outer loop
      vertex -15 0 18
      vertex -14 2.11438 18
      vertex -14.8717 1.95789 18
    endloop
  endfacet
  facet normal 0 0 1
    outer loop
      vertex -14 -2.11438 18
      vertex -14.4889 -3.88229 18
      vertex -13.8582 -5.74025 18
    endloop
  endfacet
  facet normal 0 0 1
    outer loop
      vertex -14 2.11438 18
      vertex -15 0 18
      vertex -14 -2.11438 18
    endloop
  endfacet
  facet normal 0 0 1
    outer loop
      vertex -14 -2.11438 18
      vertex -14.8717 -1.95789 18
      vertex -14.4889 -3.88229 18
    endloop
  endfacet
  facet normal 0 0 1
    outer loop
      vertex -14 -2.11438 18
      vertex -15 0 18
      vertex -14.8717 -1.95789 18
    endloop
  endfacet
  facet normal 0 0 1
    outer loop
      vertex 2.5 1.44337 18
      vertex 1.9 0 18
      vertex 2.5 -1.44337 18
    endloop
  endfacet
  facet normal 0 0 1
    outer loop
      vertex 2.5 1.44337 18
      vertex 1.88375 0.247999 18
      vertex 1.9 0 18
    endloop
  endfacet
  facet normal 0 0 1
    outer loop
      vertex 2.5 1.44337 18
      vertex 1.83526 0.491755 18
      vertex 1.88375 0.247999 18
    endloop
  endfacet
  facet normal 0 0 1
    outer loop
      vertex 2.5 1.44337 18
      vertex 1.75537 0.727098 18
      vertex 1.83526 0.491755 18
    endloop
  endfacet
  facet normal 0 0 1
    outer loop
      vertex 2.5 1.44337 18
      vertex 1.64545 0.95 18
      vertex 1.75537 0.727098 18
    endloop
  endfacet
  facet normal 0 0 1
    outer loop
      vertex 2.5 1.44337 18
      vertex 1.50737 1.15665 18
      vertex 1.64545 0.95 18
    endloop
  endfacet
  facet normal 0 0 1
    outer loop
      vertex 2.5 1.44337 18
      vertex 1.3435 1.3435 18
      vertex 1.50737 1.15665 18
    endloop
  endfacet
  facet normal 0 0 1
    outer loop
      vertex 2.5 1.44337 18
      vertex 1.15665 1.50737 18
      vertex 1.3435 1.3435 18
    endloop
  endfacet
  facet normal 0 0 1
    outer loop
      vertex 2.5 1.44337 18
      vertex 0.95 1.64545 18
      vertex 1.15665 1.50737 18
    endloop
  endfacet
  facet normal 0 0 1
    outer loop
      vertex 0 2.88675 18
      vertex 0.95 1.64545 18
      vertex 2.5 1.44337 18
    endloop
  endfacet
  facet normal 0 0 1
    outer loop
      vertex 0.95 1.64545 18
      vertex 0 2.88675 18
      vertex 0.727098 1.75537 18
    endloop
  endfacet
  facet normal 0 0 1
    outer loop
      vertex 0.727098 1.75537 18
      vertex 0 2.88675 18
      vertex 0.491755 1.83526 18
    endloop
  endfacet
  facet normal 0 0 1
    outer loop
      vertex 0.491755 1.83526 18
      vertex 0 2.88675 18
      vertex 0.247999 1.88375 18
    endloop
  endfacet
  facet normal 0 0 1
    outer loop
      vertex 0 2.88675 18
      vertex 0 1.9 18
      vertex 0.247999 1.88375 18
    endloop
  endfacet
  facet normal 0 0 1
    outer loop
      vertex 0 2.88675 18
      vertex -0.247999 1.88375 18
      vertex 0 1.9 18
    endloop
  endfacet
  facet normal 0 0 1
    outer loop
      vertex 0 2.88675 18
      vertex -0.491755 1.83526 18
      vertex -0.247999 1.88375 18
    endloop
  endfacet
  facet normal 0 0 1
    outer loop
      vertex 0 2.88675 18
      vertex -0.727098 1.75537 18
      vertex -0.491755 1.83526 18
    endloop
  endfacet
  facet normal 0 0 1
    outer loop
      vertex 0 2.88675 18
      vertex -0.95 1.64545 18
      vertex -0.727098 1.75537 18
    endloop
  endfacet
  facet normal 0 0 1
    outer loop
      vertex -2.5 1.44337 18
      vertex -0.95 1.64545 18
      vertex 0 2.88675 18
    endloop
  endfacet
  facet normal 0 0 1
    outer loop
      vertex -0.95 1.64545 18
      vertex -2.5 1.44337 18
      vertex -1.15665 1.50737 18
    endloop
  endfacet
  facet normal 0 0 1
    outer loop
      vertex -1.15665 1.50737 18
      vertex -2.5 1.44337 18
      vertex -1.3435 1.3435 18
    endloop
  endfacet
  facet normal 0 0 1
    outer loop
      vertex -1.88375 0.247999 18
      vertex -2.5 1.44337 18
      vertex -1.9 0 18
    endloop
  endfacet
  facet normal 0 0 1
    outer loop
      vertex -1.83526 0.491755 18
      vertex -2.5 1.44337 18
      vertex -1.88375 0.247999 18
    endloop
  endfacet
  facet normal 0 0 1
    outer loop
      vertex -1.75537 0.727098 18
      vertex -2.5 1.44337 18
      vertex -1.83526 0.491755 18
    endloop
  endfacet
  facet normal 0 0 1
    outer loop
      vertex -1.64545 0.95 18
      vertex -2.5 1.44337 18
      vertex -1.75537 0.727098 18
    endloop
  endfacet
  facet normal 0 0 1
    outer loop
      vertex -1.50737 1.15665 18
      vertex -2.5 1.44337 18
      vertex -1.64545 0.95 18
    endloop
  endfacet
  facet normal 0 0 1
    outer loop
      vertex -1.3435 1.3435 18
      vertex -2.5 1.44337 18
      vertex -1.50737 1.15665 18
    endloop
  endfacet
  facet normal -0 0 1
    outer loop
      vertex 1.88375 -0.247999 18
      vertex 2.5 -1.44337 18
      vertex 1.9 0 18
    endloop
  endfacet
  facet normal -0 0 1
    outer loop
      vertex 1.83526 -0.491755 18
      vertex 2.5 -1.44337 18
      vertex 1.88375 -0.247999 18
    endloop
  endfacet
  facet normal -0 0 1
    outer loop
      vertex 1.75537 -0.727098 18
      vertex 2.5 -1.44337 18
      vertex 1.83526 -0.491755 18
    endloop
  endfacet
  facet normal -0 0 1
    outer loop
      vertex 1.64545 -0.95 18
      vertex 2.5 -1.44337 18
      vertex 1.75537 -0.727098 18
    endloop
  endfacet
  facet normal -0 0 1
    outer loop
      vertex 1.50737 -1.15665 18
      vertex 2.5 -1.44337 18
      vertex 1.64545 -0.95 18
    endloop
  endfacet
  facet normal -0 0 1
    outer loop
      vertex 1.3435 -1.3435 18
      vertex 2.5 -1.44337 18
      vertex 1.50737 -1.15665 18
    endloop
  endfacet
  facet normal 0 0 1
    outer loop
      vertex 1.15665 -1.50737 18
      vertex 2.5 -1.44337 18
      vertex 1.3435 -1.3435 18
    endloop
  endfacet
  facet normal 0 0 1
    outer loop
      vertex 0.95 -1.64545 18
      vertex 2.5 -1.44337 18
      vertex 1.15665 -1.50737 18
    endloop
  endfacet
  facet normal 0 0 1
    outer loop
      vertex 0 -2.88675 18
      vertex 0.95 -1.64545 18
      vertex 0.727098 -1.75537 18
    endloop
  endfacet
  facet normal 0 0 1
    outer loop
      vertex 0 -2.88675 18
      vertex 0.727098 -1.75537 18
      vertex 0.491755 -1.83526 18
    endloop
  endfacet
  facet normal 0 0 1
    outer loop
      vertex 0 -2.88675 18
      vertex 0.491755 -1.83526 18
      vertex 0.247999 -1.88375 18
    endloop
  endfacet
  facet normal -0 0 1
    outer loop
      vertex 0.95 -1.64545 18
      vertex 0 -2.88675 18
      vertex 2.5 -1.44337 18
    endloop
  endfacet
  facet normal -0 0 1
    outer loop
      vertex 0 -1.9 18
      vertex 0 -2.88675 18
      vertex 0.247999 -1.88375 18
    endloop
  endfacet
  facet normal 0 0 1
    outer loop
      vertex -0.247999 -1.88375 18
      vertex 0 -2.88675 18
      vertex 0 -1.9 18
    endloop
  endfacet
  facet normal 0 0 1
    outer loop
      vertex -0.491755 -1.83526 18
      vertex 0 -2.88675 18
      vertex -0.247999 -1.88375 18
    endloop
  endfacet
  facet normal 0 0 1
    outer loop
      vertex -0.727098 -1.75537 18
      vertex 0 -2.88675 18
      vertex -0.491755 -1.83526 18
    endloop
  endfacet
  facet normal 0 0 1
    outer loop
      vertex -0.95 -1.64545 18
      vertex 0 -2.88675 18
      vertex -0.727098 -1.75537 18
    endloop
  endfacet
  facet normal 0 0 1
    outer loop
      vertex -2.5 -1.44337 18
      vertex -0.95 -1.64545 18
      vertex -1.15665 -1.50737 18
    endloop
  endfacet
  facet normal -0 0 1
    outer loop
      vertex -2.5 -1.44337 18
      vertex -1.15665 -1.50737 18
      vertex -1.3435 -1.3435 18
    endloop
  endfacet
  facet normal 0 0 1
    outer loop
      vertex -2.5 -1.44337 18
      vertex -1.3435 -1.3435 18
      vertex -1.50737 -1.15665 18
    endloop
  endfacet
  facet normal 0 0 1
    outer loop
      vertex -2.5 -1.44337 18
      vertex -1.9 0 18
      vertex -2.5 1.44337 18
    endloop
  endfacet
  facet normal 0 0 1
    outer loop
      vertex -1.9 0 18
      vertex -2.5 -1.44337 18
      vertex -1.88375 -0.247999 18
    endloop
  endfacet
  facet normal 0 0 1
    outer loop
      vertex -1.88375 -0.247999 18
      vertex -2.5 -1.44337 18
      vertex -1.83526 -0.491755 18
    endloop
  endfacet
  facet normal 0 0 1
    outer loop
      vertex -0.95 -1.64545 18
      vertex -2.5 -1.44337 18
      vertex 0 -2.88675 18
    endloop
  endfacet
  facet normal 0 0 1
    outer loop
      vertex -1.64545 -0.95 18
      vertex -2.5 -1.44337 18
      vertex -1.50737 -1.15665 18
    endloop
  endfacet
  facet normal 0 0 1
    outer loop
      vertex -1.75537 -0.727098 18
      vertex -2.5 -1.44337 18
      vertex -1.64545 -0.95 18
    endloop
  endfacet
  facet normal 0 0 1
    outer loop
      vertex -1.83526 -0.491755 18
      vertex -2.5 -1.44337 18
      vertex -1.75537 -0.727098 18
    endloop
  endfacet
  facet normal -0.321443 -0.946929 0
    outer loop
      vertex -5.74025 -13.8582 15
      vertex -3.88229 -14.4889 18
      vertex -5.74025 -13.8582 18
    endloop
  endfacet
  facet normal -0.321443 -0.946929 -0
    outer loop
      vertex -3.88229 -14.4889 18
      vertex -5.74025 -13.8582 15
      vertex -3.88229 -14.4889 15
    endloop
  endfacet
  facet normal -0.99786 -0.0653895 0
    outer loop
      vertex -14.8717 -1.95789 15
      vertex -15 0 18
      vertex -15 0 15
    endloop
  endfacet
  facet normal -0.99786 -0.0653895 0
    outer loop
      vertex -15 0 18
      vertex -14.8717 -1.95789 15
      vertex -14.8717 -1.95789 18
    endloop
  endfacet
  facet normal 0.321443 0.946929 -0
    outer loop
      vertex 5.74025 13.8582 15
      vertex 3.88229 14.4889 18
      vertex 5.74025 13.8582 18
    endloop
  endfacet
  facet normal 0.321443 0.946929 0
    outer loop
      vertex 3.88229 14.4889 18
      vertex 5.74025 13.8582 15
      vertex 3.88229 14.4889 15
    endloop
  endfacet
  facet normal -0.751839 -0.659346 0
    outer loop
      vertex -10.6066 -10.6066 15
      vertex -11.9003 -9.13142 18
      vertex -11.9003 -9.13142 15
    endloop
  endfacet
  facet normal -0.751839 -0.659346 0
    outer loop
      vertex -11.9003 -9.13142 18
      vertex -10.6066 -10.6066 15
      vertex -10.6066 -10.6066 18
    endloop
  endfacet
  facet normal -0.659346 0.751839 0
    outer loop
      vertex -9.13142 11.9003 15
      vertex -10.6066 10.6066 18
      vertex -9.13142 11.9003 18
    endloop
  endfacet
  facet normal -0.659346 0.751839 0
    outer loop
      vertex -10.6066 10.6066 18
      vertex -9.13142 11.9003 15
      vertex -10.6066 10.6066 15
    endloop
  endfacet
  facet normal 0.831464 0.555578 0
    outer loop
      vertex 11.9003 9.13142 18
      vertex 12.7029 7.93027 15.01
      vertex 11.9003 9.13142 15
    endloop
  endfacet
  facet normal 0.831465 0.555577 6.94941e-07
    outer loop
      vertex 12.9904 7.5 18
      vertex 12.7029 7.93027 15.01
      vertex 11.9003 9.13142 18
    endloop
  endfacet
  facet normal 0.831467 0.555574 0
    outer loop
      vertex 12.7029 7.93027 15.01
      vertex 12.9904 7.5 18
      vertex 12.9904 7.5 15.01
    endloop
  endfacet
  facet normal 0.831464 0.555578 0
    outer loop
      vertex 11.9003 9.13142 15
      vertex 12.7029 7.93027 15.01
      vertex 12.7029 7.93027 15
    endloop
  endfacet
  facet normal -0.555577 0.831465 0
    outer loop
      vertex -7.5 12.9904 15
      vertex -9.13142 11.9003 18
      vertex -7.5 12.9904 18
    endloop
  endfacet
  facet normal -0.555577 0.831465 0
    outer loop
      vertex -9.13142 11.9003 18
      vertex -7.5 12.9904 15
      vertex -9.13142 11.9003 15
    endloop
  endfacet
  facet normal -0.442283 0.896875 0
    outer loop
      vertex -5.74025 13.8582 15
      vertex -7.5 12.9904 18
      vertex -5.74025 13.8582 18
    endloop
  endfacet
  facet normal -0.442283 0.896875 0
    outer loop
      vertex -7.5 12.9904 18
      vertex -5.74025 13.8582 15
      vertex -7.5 12.9904 15
    endloop
  endfacet
  facet normal -0.831464 0.555578 0
    outer loop
      vertex -12.7029 7.93027 15.01
      vertex -11.9003 9.13142 15
      vertex -12.7029 7.93027 15
    endloop
  endfacet
  facet normal -0.831464 0.555578 0
    outer loop
      vertex -11.9003 9.13142 15
      vertex -12.7029 7.93027 15.01
      vertex -11.9003 9.13142 18
    endloop
  endfacet
  facet normal -0.831467 0.555574 0
    outer loop
      vertex -12.9904 7.5 18
      vertex -12.7029 7.93027 15.01
      vertex -12.9904 7.5 15.01
    endloop
  endfacet
  facet normal -0.831465 0.555577 6.94941e-07
    outer loop
      vertex -12.7029 7.93027 15.01
      vertex -12.9904 7.5 18
      vertex -11.9003 9.13142 18
    endloop
  endfacet
  facet normal -0.896875 -0.442283 0
    outer loop
      vertex -12.9904 -7.5 15
      vertex -13.8582 -5.74025 18
      vertex -13.8582 -5.74025 15
    endloop
  endfacet
  facet normal -0.896875 -0.442283 0
    outer loop
      vertex -13.8582 -5.74025 18
      vertex -12.9904 -7.5 15
      vertex -12.9904 -7.5 18
    endloop
  endfacet
  facet normal -0.831465 -0.555577 0
    outer loop
      vertex -11.9003 -9.13142 15
      vertex -12.9904 -7.5 18
      vertex -12.9904 -7.5 15
    endloop
  endfacet
  facet normal -0.831465 -0.555577 0
    outer loop
      vertex -12.9904 -7.5 18
      vertex -11.9003 -9.13142 15
      vertex -11.9003 -9.13142 18
    endloop
  endfacet
  facet normal 1 0 0
    outer loop
      vertex 2.5 -1.44337 17.3685
      vertex 2.5 1.44337 17.3685
      vertex 2.5 1.44337 18
    endloop
  endfacet
  facet normal 1 0 0
    outer loop
      vertex 2.5 -1.44337 17.3685
      vertex 2.5 1.44337 18
      vertex 2.5 -1.44337 18
    endloop
  endfacet
  facet normal 1 0 0
    outer loop
      vertex 2.5 1.44337 17.3685
      vertex 2.5 -1.44337 17.3685
      vertex 2.5 0 16.01
    endloop
  endfacet
  facet normal 1 0 0
    outer loop
      vertex 2.5 0 16.01
      vertex 2.5 -1.44337 17.3685
      vertex 2.5 -1.44338 17.3685
    endloop
  endfacet
  facet normal 1 0 0
    outer loop
      vertex 2.5 1.44338 17.3685
      vertex 2.5 1.44337 17.3685
      vertex 2.5 0 16.01
    endloop
  endfacet
  facet normal -1 0 0
    outer loop
      vertex 14 0 16.01
      vertex 14 -2.11438 18
      vertex 14 2.11438 18
    endloop
  endfacet
  facet normal 0 -0.685364 0.728201
    outer loop
      vertex 3.6622 2.11438 18
      vertex 14 0 16.01
      vertex 14 2.11438 18
    endloop
  endfacet
  facet normal 2.56247e-05 -0.685371 0.728194
    outer loop
      vertex 2.5 0 16.01
      vertex 3.6622 2.11438 18
      vertex 2.5 1.44338 17.3685
    endloop
  endfacet
  facet normal 0 -0.685364 0.728201
    outer loop
      vertex 3.6622 2.11438 18
      vertex 2.5 0 16.01
      vertex 14 0 16.01
    endloop
  endfacet
  facet normal 0 0.685364 0.728201
    outer loop
      vertex 14 0 16.01
      vertex 3.6622 -2.11438 18
      vertex 14 -2.11438 18
    endloop
  endfacet
  facet normal -0 0.685364 0.728201
    outer loop
      vertex 2.5 0 16.01
      vertex 3.6622 -2.11438 18
      vertex 14 0 16.01
    endloop
  endfacet
  facet normal 2.56247e-05 0.685371 0.728194
    outer loop
      vertex 3.6622 -2.11438 18
      vertex 2.5 0 16.01
      vertex 2.5 -1.44338 17.3685
    endloop
  endfacet
  facet normal 0.500001 -0.866025 0
    outer loop
      vertex 0 -2.88675 17.3685
      vertex 2.5 -1.44337 18
      vertex 0 -2.88675 18
    endloop
  endfacet
  facet normal 0.500001 -0.866025 0
    outer loop
      vertex 0 -2.88675 17.3685
      vertex 2.5 -1.44337 17.3685
      vertex 2.5 -1.44337 18
    endloop
  endfacet
  facet normal 0.500001 -0.866025 -1.1324e-16
    outer loop
      vertex 2.5 -1.44337 17.3685
      vertex 0 -2.88675 17.3685
      vertex 1.25 -2.16506 16.01
    endloop
  endfacet
  facet normal -0.735882 0 0.677109
    outer loop
      vertex 2.5 -1.44337 17.3685
      vertex 1.25 -2.16506 16.01
      vertex 2.5 -1.44338 17.3685
    endloop
  endfacet
  facet normal -0.593543 -0.342681 0.728201
    outer loop
      vertex 3.6622 -2.11438 18
      vertex 7 -12.1244 16.01
      vertex 8.8311 -11.0672 18
    endloop
  endfacet
  facet normal -0.593538 -0.342708 0.728192
    outer loop
      vertex 1.25 -2.16506 16.01
      vertex 3.6622 -2.11438 18
      vertex 2.5 -1.44338 17.3685
    endloop
  endfacet
  facet normal -0.593545 -0.342682 0.728199
    outer loop
      vertex 3.6622 -2.11438 18
      vertex 1.25 -2.16506 16.01
      vertex 7 -12.1244 16.01
    endloop
  endfacet
  facet normal 0.593563 0.342663 0.728193
    outer loop
      vertex 0 -4.22875 18
      vertex 1.25 -2.16506 16.01
      vertex 0 -2.88675 17.3685
    endloop
  endfacet
  facet normal 0.593542 0.342683 0.728201
    outer loop
      vertex 1.25 -2.16506 16.01
      vertex 0 -4.22875 18
      vertex 5.14015 -13.1317 18
    endloop
  endfacet
  facet normal -0.499987 0.866033 -2.17596e-05
    outer loop
      vertex 8.8311 -11.0672 18
      vertex 7 -12.1244 16.01
      vertex 5.1689 -13.1815 18
    endloop
  endfacet
  facet normal 0.593561 0.342668 0.728193
    outer loop
      vertex 7 -12.1244 16.01
      vertex 5.14015 -13.1317 18
      vertex 5.1689 -13.1815 18
    endloop
  endfacet
  facet normal 0.593551 0.342685 0.728192
    outer loop
      vertex 5.14015 -13.1317 18
      vertex 7 -12.1244 16.01
      vertex 1.25 -2.16506 16.01
    endloop
  endfacet
  facet normal -0.500001 -0.866025 0
    outer loop
      vertex -2.5 -1.44337 17.3685
      vertex 0 -2.88675 18
      vertex -2.5 -1.44337 18
    endloop
  endfacet
  facet normal -0.500001 -0.866025 0
    outer loop
      vertex -2.5 -1.44337 17.3685
      vertex 0 -2.88675 17.3685
      vertex 0 -2.88675 18
    endloop
  endfacet
  facet normal -0.500001 -0.866025 -5.66201e-17
    outer loop
      vertex 0 -2.88675 17.3685
      vertex -2.5 -1.44337 17.3685
      vertex -1.25 -2.16506 16.01
    endloop
  endfacet
  facet normal 0.499987 0.866033 -2.17596e-05
    outer loop
      vertex -5.1689 -13.1815 18
      vertex -7 -12.1244 16.01
      vertex -8.8311 -11.0672 18
    endloop
  endfacet
  facet normal -0.593563 0.342663 0.728193
    outer loop
      vertex -1.25 -2.16506 16.01
      vertex 0 -4.22875 18
      vertex 0 -2.88675 17.3685
    endloop
  endfacet
  facet normal -0.593542 0.342683 0.728201
    outer loop
      vertex 0 -4.22875 18
      vertex -1.25 -2.16506 16.01
      vertex -5.14015 -13.1317 18
    endloop
  endfacet
  facet normal -0.593551 0.342685 0.728192
    outer loop
      vertex -7 -12.1244 16.01
      vertex -5.14015 -13.1317 18
      vertex -1.25 -2.16506 16.01
    endloop
  endfacet
  facet normal -0.593561 0.342668 0.728193
    outer loop
      vertex -5.14015 -13.1317 18
      vertex -7 -12.1244 16.01
      vertex -5.1689 -13.1815 18
    endloop
  endfacet
  facet normal 0.735882 -0 0.677109
    outer loop
      vertex -2.5 -1.44338 17.3685
      vertex -1.25 -2.16506 16.01
      vertex -2.5 -1.44337 17.3685
    endloop
  endfacet
  facet normal 0.593538 -0.342708 0.728192
    outer loop
      vertex -3.6622 -2.11438 18
      vertex -1.25 -2.16506 16.01
      vertex -2.5 -1.44338 17.3685
    endloop
  endfacet
  facet normal 0.593545 -0.342682 0.728199
    outer loop
      vertex -3.6622 -2.11438 18
      vertex -7 -12.1244 16.01
      vertex -1.25 -2.16506 16.01
    endloop
  endfacet
  facet normal 0.593543 -0.342681 0.728201
    outer loop
      vertex -7 -12.1244 16.01
      vertex -3.6622 -2.11438 18
      vertex -8.8311 -11.0672 18
    endloop
  endfacet
  facet normal -1 0 0
    outer loop
      vertex -2.5 0 16.01
      vertex -2.5 -1.44338 17.3685
      vertex -2.5 -1.44337 17.3685
    endloop
  endfacet
  facet normal -1 0 0
    outer loop
      vertex -2.5 0 16.01
      vertex -2.5 1.44337 17.3685
      vertex -2.5 1.44338 17.3685
    endloop
  endfacet
  facet normal -1 0 0
    outer loop
      vertex -2.5 -1.44337 17.3685
      vertex -2.5 1.44337 17.3685
      vertex -2.5 0 16.01
    endloop
  endfacet
  facet normal -1 0 0
    outer loop
      vertex -2.5 1.44337 17.3685
      vertex -2.5 -1.44337 17.3685
      vertex -2.5 1.44337 18
    endloop
  endfacet
  facet normal -1 -0 0
    outer loop
      vertex -2.5 1.44337 18
      vertex -2.5 -1.44337 17.3685
      vertex -2.5 -1.44337 18
    endloop
  endfacet
  facet normal -2.56247e-05 0.685371 0.728194
    outer loop
      vertex -2.5 0 16.01
      vertex -3.6622 -2.11438 18
      vertex -2.5 -1.44338 17.3685
    endloop
  endfacet
  facet normal -0 0.685364 0.728201
    outer loop
      vertex -14 0 16.01
      vertex -3.6622 -2.11438 18
      vertex -2.5 0 16.01
    endloop
  endfacet
  facet normal 0 0.685364 0.728201
    outer loop
      vertex -3.6622 -2.11438 18
      vertex -14 0 16.01
      vertex -14 -2.11438 18
    endloop
  endfacet
  facet normal 1 -0 0
    outer loop
      vertex -14 -2.11438 18
      vertex -14 0 16.01
      vertex -14 2.11438 18
    endloop
  endfacet
  facet normal -2.56247e-05 -0.685371 0.728194
    outer loop
      vertex -3.6622 2.11438 18
      vertex -2.5 0 16.01
      vertex -2.5 1.44338 17.3685
    endloop
  endfacet
  facet normal 0 -0.685364 0.728201
    outer loop
      vertex -14 0 16.01
      vertex -3.6622 2.11438 18
      vertex -14 2.11438 18
    endloop
  endfacet
  facet normal 0 -0.685364 0.728201
    outer loop
      vertex -3.6622 2.11438 18
      vertex -14 0 16.01
      vertex -2.5 0 16.01
    endloop
  endfacet
  facet normal -0.500001 0.866025 0
    outer loop
      vertex 0 2.88675 17.3685
      vertex -2.5 1.44337 18
      vertex 0 2.88675 18
    endloop
  endfacet
  facet normal -0.500001 0.866025 0
    outer loop
      vertex 0 2.88675 17.3685
      vertex -2.5 1.44337 17.3685
      vertex -2.5 1.44337 18
    endloop
  endfacet
  facet normal -0.500001 0.866025 -1.1324e-16
    outer loop
      vertex -2.5 1.44337 17.3685
      vertex 0 2.88675 17.3685
      vertex -1.25 2.16506 16.01
    endloop
  endfacet
  facet normal 0.593538 0.342708 0.728192
    outer loop
      vertex -1.25 2.16506 16.01
      vertex -3.6622 2.11438 18
      vertex -2.5 1.44338 17.3685
    endloop
  endfacet
  facet normal 0.593545 0.342682 0.728199
    outer loop
      vertex -7 12.1244 16.01
      vertex -3.6622 2.11438 18
      vertex -1.25 2.16506 16.01
    endloop
  endfacet
  facet normal 0.593543 0.342681 0.728201
    outer loop
      vertex -3.6622 2.11438 18
      vertex -7 12.1244 16.01
      vertex -8.8311 11.0672 18
    endloop
  endfacet
  facet normal 0.735882 0 0.677109
    outer loop
      vertex -1.25 2.16506 16.01
      vertex -2.5 1.44338 17.3685
      vertex -2.5 1.44337 17.3685
    endloop
  endfacet
  facet normal -0.593563 -0.342663 0.728193
    outer loop
      vertex 0 4.22875 18
      vertex -1.25 2.16506 16.01
      vertex 0 2.88675 17.3685
    endloop
  endfacet
  facet normal -0.593542 -0.342683 0.728201
    outer loop
      vertex -1.25 2.16506 16.01
      vertex 0 4.22875 18
      vertex -5.14015 13.1317 18
    endloop
  endfacet
  facet normal 0.499987 -0.866033 -2.17596e-05
    outer loop
      vertex -7 12.1244 16.01
      vertex -5.1689 13.1815 18
      vertex -8.8311 11.0672 18
    endloop
  endfacet
  facet normal -0.593561 -0.342668 0.728193
    outer loop
      vertex -7 12.1244 16.01
      vertex -5.14015 13.1317 18
      vertex -5.1689 13.1815 18
    endloop
  endfacet
  facet normal -0.593551 -0.342685 0.728192
    outer loop
      vertex -5.14015 13.1317 18
      vertex -7 12.1244 16.01
      vertex -1.25 2.16506 16.01
    endloop
  endfacet
  facet normal 0.500001 0.866025 -0
    outer loop
      vertex 2.5 1.44337 17.3685
      vertex 0 2.88675 18
      vertex 2.5 1.44337 18
    endloop
  endfacet
  facet normal 0.500001 0.866025 0
    outer loop
      vertex 2.5 1.44337 17.3685
      vertex 0 2.88675 17.3685
      vertex 0 2.88675 18
    endloop
  endfacet
  facet normal 0.500001 0.866025 -5.66201e-17
    outer loop
      vertex 0 2.88675 17.3685
      vertex 2.5 1.44337 17.3685
      vertex 1.25 2.16506 16.01
    endloop
  endfacet
  facet normal -0.499987 -0.866033 -2.17596e-05
    outer loop
      vertex 7 12.1244 16.01
      vertex 8.8311 11.0672 18
      vertex 5.1689 13.1815 18
    endloop
  endfacet
  facet normal 0.593542 -0.342683 0.728201
    outer loop
      vertex 0 4.22875 18
      vertex 1.25 2.16506 16.01
      vertex 5.14015 13.1317 18
    endloop
  endfacet
  facet normal 0.593563 -0.342663 0.728193
    outer loop
      vertex 1.25 2.16506 16.01
      vertex 0 4.22875 18
      vertex 0 2.88675 17.3685
    endloop
  endfacet
  facet normal 0.593561 -0.342668 0.728193
    outer loop
      vertex 5.14015 13.1317 18
      vertex 7 12.1244 16.01
      vertex 5.1689 13.1815 18
    endloop
  endfacet
  facet normal 0.593551 -0.342685 0.728192
    outer loop
      vertex 7 12.1244 16.01
      vertex 5.14015 13.1317 18
      vertex 1.25 2.16506 16.01
    endloop
  endfacet
  facet normal -0.593543 0.342681 0.728201
    outer loop
      vertex 7 12.1244 16.01
      vertex 3.6622 2.11438 18
      vertex 8.8311 11.0672 18
    endloop
  endfacet
  facet normal -0.593545 0.342682 0.728199
    outer loop
      vertex 1.25 2.16506 16.01
      vertex 3.6622 2.11438 18
      vertex 7 12.1244 16.01
    endloop
  endfacet
  facet normal -0.735882 0 0.677109
    outer loop
      vertex 2.5 1.44338 17.3685
      vertex 1.25 2.16506 16.01
      vertex 2.5 1.44337 17.3685
    endloop
  endfacet
  facet normal -0.593538 0.342708 0.728192
    outer loop
      vertex 3.6622 2.11438 18
      vertex 1.25 2.16506 16.01
      vertex 2.5 1.44338 17.3685
    endloop
  endfacet
  facet normal -0.195105 0.980782 0
    outer loop
      vertex 0.491755 -1.83526 14
      vertex 0.247999 -1.88375 18
      vertex 0.491755 -1.83526 18
    endloop
  endfacet
  facet normal -0.195105 0.980782 0
    outer loop
      vertex 0.247999 -1.88375 18
      vertex 0.491755 -1.83526 14
      vertex 0.247999 -1.88375 14
    endloop
  endfacet
  facet normal -0.980782 0.195105 0
    outer loop
      vertex 1.83526 -0.491755 14
      vertex 1.88375 -0.247999 18
      vertex 1.88375 -0.247999 14
    endloop
  endfacet
  facet normal -0.980782 0.195105 0
    outer loop
      vertex 1.88375 -0.247999 18
      vertex 1.83526 -0.491755 14
      vertex 1.83526 -0.491755 18
    endloop
  endfacet
  facet normal -0.99786 0.0653842 0
    outer loop
      vertex 1.88375 -0.247999 14
      vertex 1.9 0 18
      vertex 1.9 0 14
    endloop
  endfacet
  facet normal -0.99786 0.0653842 0
    outer loop
      vertex 1.9 0 18
      vertex 1.88375 -0.247999 14
      vertex 1.88375 -0.247999 18
    endloop
  endfacet
  facet normal -0.946928 0.321446 0
    outer loop
      vertex 1.75537 -0.727098 14
      vertex 1.83526 -0.491755 18
      vertex 1.83526 -0.491755 14
    endloop
  endfacet
  facet normal -0.946928 0.321446 0
    outer loop
      vertex 1.83526 -0.491755 18
      vertex 1.75537 -0.727098 14
      vertex 1.75537 -0.727098 18
    endloop
  endfacet
  facet normal -0.831468 0.555573 0
    outer loop
      vertex 1.50737 -1.15665 14
      vertex 1.64545 -0.95 18
      vertex 1.64545 -0.95 14
    endloop
  endfacet
  facet normal -0.831468 0.555573 0
    outer loop
      vertex 1.64545 -0.95 18
      vertex 1.50737 -1.15665 14
      vertex 1.50737 -1.15665 18
    endloop
  endfacet
  facet normal -0.321446 0.946928 0
    outer loop
      vertex 0.727098 -1.75537 14
      vertex 0.491755 -1.83526 18
      vertex 0.727098 -1.75537 18
    endloop
  endfacet
  facet normal -0.321446 0.946928 0
    outer loop
      vertex 0.491755 -1.83526 18
      vertex 0.727098 -1.75537 14
      vertex 0.491755 -1.83526 14
    endloop
  endfacet
  facet normal 0.980782 -0.195105 0
    outer loop
      vertex -1.88375 0.247999 18
      vertex -1.83526 0.491755 14
      vertex -1.83526 0.491755 18
    endloop
  endfacet
  facet normal 0.980782 -0.195105 0
    outer loop
      vertex -1.83526 0.491755 14
      vertex -1.88375 0.247999 18
      vertex -1.88375 0.247999 14
    endloop
  endfacet
  facet normal -0.99786 -0.0653842 0
    outer loop
      vertex 1.9 0 14
      vertex 1.88375 0.247999 18
      vertex 1.88375 0.247999 14
    endloop
  endfacet
  facet normal -0.99786 -0.0653842 0
    outer loop
      vertex 1.88375 0.247999 18
      vertex 1.9 0 14
      vertex 1.9 0 18
    endloop
  endfacet
  facet normal 0.99786 -0.0653842 0
    outer loop
      vertex -1.9 0 18
      vertex -1.88375 0.247999 14
      vertex -1.88375 0.247999 18
    endloop
  endfacet
  facet normal 0.99786 -0.0653842 0
    outer loop
      vertex -1.88375 0.247999 14
      vertex -1.9 0 18
      vertex -1.9 0 14
    endloop
  endfacet
  facet normal 0.321446 -0.946928 0
    outer loop
      vertex -0.727098 1.75537 14
      vertex -0.491755 1.83526 18
      vertex -0.727098 1.75537 18
    endloop
  endfacet
  facet normal 0.321446 -0.946928 0
    outer loop
      vertex -0.491755 1.83526 18
      vertex -0.727098 1.75537 14
      vertex -0.491755 1.83526 14
    endloop
  endfacet
  facet normal -0.896878 0.442279 0
    outer loop
      vertex 1.64545 -0.95 14
      vertex 1.75537 -0.727098 18
      vertex 1.75537 -0.727098 14
    endloop
  endfacet
  facet normal -0.896878 0.442279 0
    outer loop
      vertex 1.75537 -0.727098 18
      vertex 1.64545 -0.95 14
      vertex 1.64545 -0.95 18
    endloop
  endfacet
  facet normal -0.751826 0.659362 0
    outer loop
      vertex 1.3435 -1.3435 14
      vertex 1.50737 -1.15665 18
      vertex 1.50737 -1.15665 14
    endloop
  endfacet
  facet normal -0.751826 0.659362 0
    outer loop
      vertex 1.50737 -1.15665 18
      vertex 1.3435 -1.3435 14
      vertex 1.3435 -1.3435 18
    endloop
  endfacet
  facet normal -0.946928 -0.321446 0
    outer loop
      vertex 1.83526 0.491755 14
      vertex 1.75537 0.727098 18
      vertex 1.75537 0.727098 14
    endloop
  endfacet
  facet normal -0.946928 -0.321446 0
    outer loop
      vertex 1.75537 0.727098 18
      vertex 1.83526 0.491755 14
      vertex 1.83526 0.491755 18
    endloop
  endfacet
  facet normal 0.751826 -0.659362 0
    outer loop
      vertex -1.50737 1.15665 18
      vertex -1.3435 1.3435 14
      vertex -1.3435 1.3435 18
    endloop
  endfacet
  facet normal 0.751826 -0.659362 0
    outer loop
      vertex -1.3435 1.3435 14
      vertex -1.50737 1.15665 18
      vertex -1.50737 1.15665 14
    endloop
  endfacet
  facet normal -0.980782 -0.195105 0
    outer loop
      vertex 1.88375 0.247999 14
      vertex 1.83526 0.491755 18
      vertex 1.83526 0.491755 14
    endloop
  endfacet
  facet normal -0.980782 -0.195105 0
    outer loop
      vertex 1.83526 0.491755 18
      vertex 1.88375 0.247999 14
      vertex 1.88375 0.247999 18
    endloop
  endfacet
  facet normal -0.0653842 -0.99786 0
    outer loop
      vertex 0 1.9 14
      vertex 0.247999 1.88375 18
      vertex 0 1.9 18
    endloop
  endfacet
  facet normal -0.0653842 -0.99786 -0
    outer loop
      vertex 0.247999 1.88375 18
      vertex 0 1.9 14
      vertex 0.247999 1.88375 14
    endloop
  endfacet
  facet normal 0.946928 -0.321446 0
    outer loop
      vertex -1.83526 0.491755 18
      vertex -1.75537 0.727098 14
      vertex -1.75537 0.727098 18
    endloop
  endfacet
  facet normal 0.946928 -0.321446 0
    outer loop
      vertex -1.75537 0.727098 14
      vertex -1.83526 0.491755 18
      vertex -1.83526 0.491755 14
    endloop
  endfacet
  facet normal -0.831468 -0.555573 0
    outer loop
      vertex 1.64545 0.95 14
      vertex 1.50737 1.15665 18
      vertex 1.50737 1.15665 14
    endloop
  endfacet
  facet normal -0.831468 -0.555573 0
    outer loop
      vertex 1.50737 1.15665 18
      vertex 1.64545 0.95 14
      vertex 1.64545 0.95 18
    endloop
  endfacet
  facet normal -0.442279 0.896878 0
    outer loop
      vertex 0.95 -1.64545 14
      vertex 0.727098 -1.75537 18
      vertex 0.95 -1.64545 18
    endloop
  endfacet
  facet normal -0.442279 0.896878 0
    outer loop
      vertex 0.727098 -1.75537 18
      vertex 0.95 -1.64545 14
      vertex 0.727098 -1.75537 14
    endloop
  endfacet
  facet normal 0.442279 0.896878 -0
    outer loop
      vertex -0.727098 -1.75537 14
      vertex -0.95 -1.64545 18
      vertex -0.727098 -1.75537 18
    endloop
  endfacet
  facet normal 0.442279 0.896878 0
    outer loop
      vertex -0.95 -1.64545 18
      vertex -0.727098 -1.75537 14
      vertex -0.95 -1.64545 14
    endloop
  endfacet
  facet normal -0.442279 -0.896878 0
    outer loop
      vertex 0.727098 1.75537 14
      vertex 0.95 1.64545 18
      vertex 0.727098 1.75537 18
    endloop
  endfacet
  facet normal -0.442279 -0.896878 -0
    outer loop
      vertex 0.95 1.64545 18
      vertex 0.727098 1.75537 14
      vertex 0.95 1.64545 14
    endloop
  endfacet
  facet normal -0.321446 -0.946928 0
    outer loop
      vertex 0.491755 1.83526 14
      vertex 0.727098 1.75537 18
      vertex 0.491755 1.83526 18
    endloop
  endfacet
  facet normal -0.321446 -0.946928 -0
    outer loop
      vertex 0.727098 1.75537 18
      vertex 0.491755 1.83526 14
      vertex 0.727098 1.75537 14
    endloop
  endfacet
  facet normal 0.195105 -0.980782 0
    outer loop
      vertex -0.491755 1.83526 14
      vertex -0.247999 1.88375 18
      vertex -0.491755 1.83526 18
    endloop
  endfacet
  facet normal 0.195105 -0.980782 0
    outer loop
      vertex -0.247999 1.88375 18
      vertex -0.491755 1.83526 14
      vertex -0.247999 1.88375 14
    endloop
  endfacet
  facet normal 0.946928 0.321446 0
    outer loop
      vertex -1.75537 -0.727098 18
      vertex -1.83526 -0.491755 14
      vertex -1.83526 -0.491755 18
    endloop
  endfacet
  facet normal 0.946928 0.321446 0
    outer loop
      vertex -1.83526 -0.491755 14
      vertex -1.75537 -0.727098 18
      vertex -1.75537 -0.727098 14
    endloop
  endfacet
  facet normal 0.195105 0.980782 -0
    outer loop
      vertex -0.247999 -1.88375 14
      vertex -0.491755 -1.83526 18
      vertex -0.247999 -1.88375 18
    endloop
  endfacet
  facet normal 0.195105 0.980782 0
    outer loop
      vertex -0.491755 -1.83526 18
      vertex -0.247999 -1.88375 14
      vertex -0.491755 -1.83526 14
    endloop
  endfacet
  facet normal 0.555573 0.831468 -0
    outer loop
      vertex -0.95 -1.64545 14
      vertex -1.15665 -1.50737 18
      vertex -0.95 -1.64545 18
    endloop
  endfacet
  facet normal 0.555573 0.831468 0
    outer loop
      vertex -1.15665 -1.50737 18
      vertex -0.95 -1.64545 14
      vertex -1.15665 -1.50737 14
    endloop
  endfacet
  facet normal -0.555573 -0.831468 0
    outer loop
      vertex 0.95 1.64545 14
      vertex 1.15665 1.50737 18
      vertex 0.95 1.64545 18
    endloop
  endfacet
  facet normal -0.555573 -0.831468 -0
    outer loop
      vertex 1.15665 1.50737 18
      vertex 0.95 1.64545 14
      vertex 1.15665 1.50737 14
    endloop
  endfacet
  facet normal -0.195105 -0.980782 0
    outer loop
      vertex 0.247999 1.88375 14
      vertex 0.491755 1.83526 18
      vertex 0.247999 1.88375 18
    endloop
  endfacet
  facet normal -0.195105 -0.980782 -0
    outer loop
      vertex 0.491755 1.83526 18
      vertex 0.247999 1.88375 14
      vertex 0.491755 1.83526 14
    endloop
  endfacet
  facet normal 0.896878 0.442279 0
    outer loop
      vertex -1.64545 -0.95 18
      vertex -1.75537 -0.727098 14
      vertex -1.75537 -0.727098 18
    endloop
  endfacet
  facet normal 0.896878 0.442279 0
    outer loop
      vertex -1.75537 -0.727098 14
      vertex -1.64545 -0.95 18
      vertex -1.64545 -0.95 14
    endloop
  endfacet
  facet normal -0.659362 0.751826 0
    outer loop
      vertex 1.3435 -1.3435 14
      vertex 1.15665 -1.50737 18
      vertex 1.3435 -1.3435 18
    endloop
  endfacet
  facet normal -0.659362 0.751826 0
    outer loop
      vertex 1.15665 -1.50737 18
      vertex 1.3435 -1.3435 14
      vertex 1.15665 -1.50737 14
    endloop
  endfacet
  facet normal 0.831468 0.555573 0
    outer loop
      vertex -1.50737 -1.15665 18
      vertex -1.64545 -0.95 14
      vertex -1.64545 -0.95 18
    endloop
  endfacet
  facet normal 0.831468 0.555573 0
    outer loop
      vertex -1.64545 -0.95 14
      vertex -1.50737 -1.15665 18
      vertex -1.50737 -1.15665 14
    endloop
  endfacet
  facet normal 0.0653842 -0.99786 0
    outer loop
      vertex -0.247999 1.88375 14
      vertex 0 1.9 18
      vertex -0.247999 1.88375 18
    endloop
  endfacet
  facet normal 0.0653842 -0.99786 0
    outer loop
      vertex 0 1.9 18
      vertex -0.247999 1.88375 14
      vertex 0 1.9 14
    endloop
  endfacet
  facet normal 0.659362 0.751826 -0
    outer loop
      vertex -1.15665 -1.50737 14
      vertex -1.3435 -1.3435 18
      vertex -1.15665 -1.50737 18
    endloop
  endfacet
  facet normal 0.659362 0.751826 0
    outer loop
      vertex -1.3435 -1.3435 18
      vertex -1.15665 -1.50737 14
      vertex -1.3435 -1.3435 14
    endloop
  endfacet
  facet normal 0.659362 -0.751826 0
    outer loop
      vertex -1.3435 1.3435 14
      vertex -1.15665 1.50737 18
      vertex -1.3435 1.3435 18
    endloop
  endfacet
  facet normal 0.659362 -0.751826 0
    outer loop
      vertex -1.15665 1.50737 18
      vertex -1.3435 1.3435 14
      vertex -1.15665 1.50737 14
    endloop
  endfacet
  facet normal 0.751826 0.659362 0
    outer loop
      vertex -1.3435 -1.3435 18
      vertex -1.50737 -1.15665 14
      vertex -1.50737 -1.15665 18
    endloop
  endfacet
  facet normal 0.751826 0.659362 0
    outer loop
      vertex -1.50737 -1.15665 14
      vertex -1.3435 -1.3435 18
      vertex -1.3435 -1.3435 14
    endloop
  endfacet
  facet normal -0.751826 -0.659362 0
    outer loop
      vertex 1.50737 1.15665 14
      vertex 1.3435 1.3435 18
      vertex 1.3435 1.3435 14
    endloop
  endfacet
  facet normal -0.751826 -0.659362 0
    outer loop
      vertex 1.3435 1.3435 18
      vertex 1.50737 1.15665 14
      vertex 1.50737 1.15665 18
    endloop
  endfacet
  facet normal -0.896878 -0.442279 0
    outer loop
      vertex 1.75537 0.727098 14
      vertex 1.64545 0.95 18
      vertex 1.64545 0.95 14
    endloop
  endfacet
  facet normal -0.896878 -0.442279 0
    outer loop
      vertex 1.64545 0.95 18
      vertex 1.75537 0.727098 14
      vertex 1.75537 0.727098 18
    endloop
  endfacet
  facet normal 0.555573 -0.831468 0
    outer loop
      vertex -1.15665 1.50737 14
      vertex -0.95 1.64545 18
      vertex -1.15665 1.50737 18
    endloop
  endfacet
  facet normal 0.555573 -0.831468 0
    outer loop
      vertex -0.95 1.64545 18
      vertex -1.15665 1.50737 14
      vertex -0.95 1.64545 14
    endloop
  endfacet
  facet normal 0.980782 0.195105 0
    outer loop
      vertex -1.83526 -0.491755 18
      vertex -1.88375 -0.247999 14
      vertex -1.88375 -0.247999 18
    endloop
  endfacet
  facet normal 0.980782 0.195105 0
    outer loop
      vertex -1.88375 -0.247999 14
      vertex -1.83526 -0.491755 18
      vertex -1.83526 -0.491755 14
    endloop
  endfacet
  facet normal -0.0653842 0.99786 0
    outer loop
      vertex 0.247999 -1.88375 14
      vertex 0 -1.9 18
      vertex 0.247999 -1.88375 18
    endloop
  endfacet
  facet normal -0.0653842 0.99786 0
    outer loop
      vertex 0 -1.9 18
      vertex 0.247999 -1.88375 14
      vertex 0 -1.9 14
    endloop
  endfacet
  facet normal -0.555573 0.831468 0
    outer loop
      vertex 1.15665 -1.50737 14
      vertex 0.95 -1.64545 18
      vertex 1.15665 -1.50737 18
    endloop
  endfacet
  facet normal -0.555573 0.831468 0
    outer loop
      vertex 0.95 -1.64545 18
      vertex 1.15665 -1.50737 14
      vertex 0.95 -1.64545 14
    endloop
  endfacet
  facet normal 0.321446 0.946928 -0
    outer loop
      vertex -0.491755 -1.83526 14
      vertex -0.727098 -1.75537 18
      vertex -0.491755 -1.83526 18
    endloop
  endfacet
  facet normal 0.321446 0.946928 0
    outer loop
      vertex -0.727098 -1.75537 18
      vertex -0.491755 -1.83526 14
      vertex -0.727098 -1.75537 14
    endloop
  endfacet
  facet normal 0.0653842 0.99786 -0
    outer loop
      vertex 0 -1.9 14
      vertex -0.247999 -1.88375 18
      vertex 0 -1.9 18
    endloop
  endfacet
  facet normal 0.0653842 0.99786 0
    outer loop
      vertex -0.247999 -1.88375 18
      vertex 0 -1.9 14
      vertex -0.247999 -1.88375 14
    endloop
  endfacet
  facet normal 0.99786 0.0653842 0
    outer loop
      vertex -1.88375 -0.247999 18
      vertex -1.9 0 14
      vertex -1.9 0 18
    endloop
  endfacet
  facet normal 0.99786 0.0653842 0
    outer loop
      vertex -1.9 0 14
      vertex -1.88375 -0.247999 18
      vertex -1.88375 -0.247999 14
    endloop
  endfacet
  facet normal 0.896878 -0.442279 0
    outer loop
      vertex -1.75537 0.727098 18
      vertex -1.64545 0.95 14
      vertex -1.64545 0.95 18
    endloop
  endfacet
  facet normal 0.896878 -0.442279 0
    outer loop
      vertex -1.64545 0.95 14
      vertex -1.75537 0.727098 18
      vertex -1.75537 0.727098 14
    endloop
  endfacet
  facet normal 0.442279 -0.896878 0
    outer loop
      vertex -0.95 1.64545 14
      vertex -0.727098 1.75537 18
      vertex -0.95 1.64545 18
    endloop
  endfacet
  facet normal 0.442279 -0.896878 0
    outer loop
      vertex -0.727098 1.75537 18
      vertex -0.95 1.64545 14
      vertex -0.727098 1.75537 14
    endloop
  endfacet
  facet normal -0.659362 -0.751826 0
    outer loop
      vertex 1.15665 1.50737 14
      vertex 1.3435 1.3435 18
      vertex 1.15665 1.50737 18
    endloop
  endfacet
  facet normal -0.659362 -0.751826 -0
    outer loop
      vertex 1.3435 1.3435 18
      vertex 1.15665 1.50737 14
      vertex 1.3435 1.3435 14
    endloop
  endfacet
  facet normal 0.831468 -0.555573 0
    outer loop
      vertex -1.64545 0.95 18
      vertex -1.50737 1.15665 14
      vertex -1.50737 1.15665 18
    endloop
  endfacet
  facet normal 0.831468 -0.555573 0
    outer loop
      vertex -1.50737 1.15665 14
      vertex -1.64545 0.95 18
      vertex -1.64545 0.95 14
    endloop
  endfacet
  facet normal -0.980787 0.195079 0
    outer loop
      vertex 4.34667 -1.16469 0
      vertex 4.4615 -0.587367 14
      vertex 4.4615 -0.587367 0
    endloop
  endfacet
  facet normal -0.980787 0.195079 0
    outer loop
      vertex 4.4615 -0.587367 14
      vertex 4.34667 -1.16469 0
      vertex 4.34667 -1.16469 14
    endloop
  endfacet
  facet normal -0.997859 0.0654064 0
    outer loop
      vertex 4.4615 -0.587367 0
      vertex 4.5 0 14
      vertex 4.5 0 0
    endloop
  endfacet
  facet normal -0.997859 0.0654064 0
    outer loop
      vertex 4.5 0 14
      vertex 4.4615 -0.587367 0
      vertex 4.4615 -0.587367 14
    endloop
  endfacet
  facet normal -0.980787 -0.195079 0
    outer loop
      vertex 4.4615 0.587367 0
      vertex 4.34667 1.16469 14
      vertex 4.34667 1.16469 0
    endloop
  endfacet
  facet normal -0.980787 -0.195079 0
    outer loop
      vertex 4.34667 1.16469 14
      vertex 4.4615 0.587367 0
      vertex 4.4615 0.587367 14
    endloop
  endfacet
  facet normal -0.831475 0.555562 0
    outer loop
      vertex 3.57009 -2.73943 0
      vertex 3.89711 -2.25 14
      vertex 3.89711 -2.25 0
    endloop
  endfacet
  facet normal -0.831475 0.555562 0
    outer loop
      vertex 3.89711 -2.25 14
      vertex 3.57009 -2.73943 0
      vertex 3.57009 -2.73943 14
    endloop
  endfacet
  facet normal -0.555562 0.831475 0
    outer loop
      vertex 2.73943 -3.57009 0
      vertex 2.25 -3.89711 14
      vertex 2.73943 -3.57009 14
    endloop
  endfacet
  facet normal -0.555562 0.831475 0
    outer loop
      vertex 2.25 -3.89711 14
      vertex 2.73943 -3.57009 0
      vertex 2.25 -3.89711 0
    endloop
  endfacet
  facet normal -0.89687 -0.442294 0
    outer loop
      vertex 4.15746 1.72207 0
      vertex 3.89711 2.25 14
      vertex 3.89711 2.25 0
    endloop
  endfacet
  facet normal -0.89687 -0.442294 0
    outer loop
      vertex 3.89711 2.25 14
      vertex 4.15746 1.72207 0
      vertex 4.15746 1.72207 14
    endloop
  endfacet
  facet normal -0.997859 -0.0654064 0
    outer loop
      vertex 4.5 0 0
      vertex 4.4615 0.587367 14
      vertex 4.4615 0.587367 0
    endloop
  endfacet
  facet normal -0.997859 -0.0654064 0
    outer loop
      vertex 4.4615 0.587367 14
      vertex 4.5 0 0
      vertex 4.5 0 14
    endloop
  endfacet
  facet normal -0.321447 0.946928 0
    outer loop
      vertex 1.72207 -4.15746 0
      vertex 1.16469 -4.34667 14
      vertex 1.72207 -4.15746 14
    endloop
  endfacet
  facet normal -0.321447 0.946928 0
    outer loop
      vertex 1.16469 -4.34667 14
      vertex 1.72207 -4.15746 0
      vertex 1.16469 -4.34667 0
    endloop
  endfacet
  facet normal 0.89687 0.442294 0
    outer loop
      vertex -3.89711 -2.25 14
      vertex -4.15746 -1.72207 0
      vertex -4.15746 -1.72207 14
    endloop
  endfacet
  facet normal 0.89687 0.442294 0
    outer loop
      vertex -4.15746 -1.72207 0
      vertex -3.89711 -2.25 14
      vertex -3.89711 -2.25 0
    endloop
  endfacet
  facet normal 0.65935 0.751836 -0
    outer loop
      vertex -2.73943 -3.57009 0
      vertex -3.18198 -3.18198 14
      vertex -2.73943 -3.57009 14
    endloop
  endfacet
  facet normal 0.65935 0.751836 0
    outer loop
      vertex -3.18198 -3.18198 14
      vertex -2.73943 -3.57009 0
      vertex -3.18198 -3.18198 0
    endloop
  endfacet
  facet normal -0.321447 -0.946928 0
    outer loop
      vertex 1.16469 4.34667 0
      vertex 1.72207 4.15746 14
      vertex 1.16469 4.34667 14
    endloop
  endfacet
  facet normal -0.321447 -0.946928 -0
    outer loop
      vertex 1.72207 4.15746 14
      vertex 1.16469 4.34667 0
      vertex 1.72207 4.15746 0
    endloop
  endfacet
  facet normal 0.997859 -0.0654064 0
    outer loop
      vertex -4.5 0 14
      vertex -4.4615 0.587367 0
      vertex -4.4615 0.587367 14
    endloop
  endfacet
  facet normal 0.997859 -0.0654064 0
    outer loop
      vertex -4.4615 0.587367 0
      vertex -4.5 0 14
      vertex -4.5 0 0
    endloop
  endfacet
  facet normal 0.65935 -0.751836 0
    outer loop
      vertex -3.18198 3.18198 0
      vertex -2.73943 3.57009 14
      vertex -3.18198 3.18198 14
    endloop
  endfacet
  facet normal 0.65935 -0.751836 0
    outer loop
      vertex -2.73943 3.57009 14
      vertex -3.18198 3.18198 0
      vertex -2.73943 3.57009 0
    endloop
  endfacet
  facet normal 0.321447 0.946928 -0
    outer loop
      vertex -1.16469 -4.34667 0
      vertex -1.72207 -4.15746 14
      vertex -1.16469 -4.34667 14
    endloop
  endfacet
  facet normal 0.321447 0.946928 0
    outer loop
      vertex -1.72207 -4.15746 14
      vertex -1.16469 -4.34667 0
      vertex -1.72207 -4.15746 0
    endloop
  endfacet
  facet normal 0.831475 -0.555562 0
    outer loop
      vertex -3.89711 2.25 14
      vertex -3.57009 2.73943 0
      vertex -3.57009 2.73943 14
    endloop
  endfacet
  facet normal 0.831475 -0.555562 0
    outer loop
      vertex -3.57009 2.73943 0
      vertex -3.89711 2.25 14
      vertex -3.89711 2.25 0
    endloop
  endfacet
  facet normal 0.555562 0.831475 -0
    outer loop
      vertex -2.25 -3.89711 0
      vertex -2.73943 -3.57009 14
      vertex -2.25 -3.89711 14
    endloop
  endfacet
  facet normal 0.555562 0.831475 0
    outer loop
      vertex -2.73943 -3.57009 14
      vertex -2.25 -3.89711 0
      vertex -2.73943 -3.57009 0
    endloop
  endfacet
  facet normal -0.195079 0.980787 0
    outer loop
      vertex 1.16469 -4.34667 0
      vertex 0.587367 -4.4615 14
      vertex 1.16469 -4.34667 14
    endloop
  endfacet
  facet normal -0.195079 0.980787 0
    outer loop
      vertex 0.587367 -4.4615 14
      vertex 1.16469 -4.34667 0
      vertex 0.587367 -4.4615 0
    endloop
  endfacet
  facet normal 0.442294 0.89687 -0
    outer loop
      vertex -1.72207 -4.15746 0
      vertex -2.25 -3.89711 14
      vertex -1.72207 -4.15746 14
    endloop
  endfacet
  facet normal 0.442294 0.89687 0
    outer loop
      vertex -2.25 -3.89711 14
      vertex -1.72207 -4.15746 0
      vertex -2.25 -3.89711 0
    endloop
  endfacet
  facet normal -0.0654064 -0.997859 0
    outer loop
      vertex 0 4.5 0
      vertex 0.587367 4.4615 14
      vertex 0 4.5 14
    endloop
  endfacet
  facet normal -0.0654064 -0.997859 -0
    outer loop
      vertex 0.587367 4.4615 14
      vertex 0 4.5 0
      vertex 0.587367 4.4615 0
    endloop
  endfacet
  facet normal -0.65935 -0.751836 0
    outer loop
      vertex 2.73943 3.57009 0
      vertex 3.18198 3.18198 14
      vertex 2.73943 3.57009 14
    endloop
  endfacet
  facet normal -0.65935 -0.751836 -0
    outer loop
      vertex 3.18198 3.18198 14
      vertex 2.73943 3.57009 0
      vertex 3.18198 3.18198 0
    endloop
  endfacet
  facet normal 0.946928 -0.321447 0
    outer loop
      vertex -4.34667 1.16469 14
      vertex -4.15746 1.72207 0
      vertex -4.15746 1.72207 14
    endloop
  endfacet
  facet normal 0.946928 -0.321447 0
    outer loop
      vertex -4.15746 1.72207 0
      vertex -4.34667 1.16469 14
      vertex -4.34667 1.16469 0
    endloop
  endfacet
  facet normal -0.946928 -0.321447 0
    outer loop
      vertex 4.34667 1.16469 0
      vertex 4.15746 1.72207 14
      vertex 4.15746 1.72207 0
    endloop
  endfacet
  facet normal -0.946928 -0.321447 0
    outer loop
      vertex 4.15746 1.72207 14
      vertex 4.34667 1.16469 0
      vertex 4.34667 1.16469 14
    endloop
  endfacet
  facet normal -0.442294 0.89687 0
    outer loop
      vertex 2.25 -3.89711 0
      vertex 1.72207 -4.15746 14
      vertex 2.25 -3.89711 14
    endloop
  endfacet
  facet normal -0.442294 0.89687 0
    outer loop
      vertex 1.72207 -4.15746 14
      vertex 2.25 -3.89711 0
      vertex 1.72207 -4.15746 0
    endloop
  endfacet
  facet normal 0.195079 0.980787 -0
    outer loop
      vertex -0.587367 -4.4615 0
      vertex -1.16469 -4.34667 14
      vertex -0.587367 -4.4615 14
    endloop
  endfacet
  facet normal 0.195079 0.980787 0
    outer loop
      vertex -1.16469 -4.34667 14
      vertex -0.587367 -4.4615 0
      vertex -1.16469 -4.34667 0
    endloop
  endfacet
  facet normal -0.751836 0.65935 0
    outer loop
      vertex 3.18198 -3.18198 0
      vertex 3.57009 -2.73943 14
      vertex 3.57009 -2.73943 0
    endloop
  endfacet
  facet normal -0.751836 0.65935 0
    outer loop
      vertex 3.57009 -2.73943 14
      vertex 3.18198 -3.18198 0
      vertex 3.18198 -3.18198 14
    endloop
  endfacet
  facet normal -0.751836 -0.65935 0
    outer loop
      vertex 3.57009 2.73943 0
      vertex 3.18198 3.18198 14
      vertex 3.18198 3.18198 0
    endloop
  endfacet
  facet normal -0.751836 -0.65935 0
    outer loop
      vertex 3.18198 3.18198 14
      vertex 3.57009 2.73943 0
      vertex 3.57009 2.73943 14
    endloop
  endfacet
  facet normal 0.442294 -0.89687 0
    outer loop
      vertex -2.25 3.89711 0
      vertex -1.72207 4.15746 14
      vertex -2.25 3.89711 14
    endloop
  endfacet
  facet normal 0.442294 -0.89687 0
    outer loop
      vertex -1.72207 4.15746 14
      vertex -2.25 3.89711 0
      vertex -1.72207 4.15746 0
    endloop
  endfacet
  facet normal 0.946928 0.321447 0
    outer loop
      vertex -4.15746 -1.72207 14
      vertex -4.34667 -1.16469 0
      vertex -4.34667 -1.16469 14
    endloop
  endfacet
  facet normal 0.946928 0.321447 0
    outer loop
      vertex -4.34667 -1.16469 0
      vertex -4.15746 -1.72207 14
      vertex -4.15746 -1.72207 0
    endloop
  endfacet
  facet normal -0.195079 -0.980787 0
    outer loop
      vertex 0.587367 4.4615 0
      vertex 1.16469 4.34667 14
      vertex 0.587367 4.4615 14
    endloop
  endfacet
  facet normal -0.195079 -0.980787 -0
    outer loop
      vertex 1.16469 4.34667 14
      vertex 0.587367 4.4615 0
      vertex 1.16469 4.34667 0
    endloop
  endfacet
  facet normal -0.442294 -0.89687 0
    outer loop
      vertex 1.72207 4.15746 0
      vertex 2.25 3.89711 14
      vertex 1.72207 4.15746 14
    endloop
  endfacet
  facet normal -0.442294 -0.89687 -0
    outer loop
      vertex 2.25 3.89711 14
      vertex 1.72207 4.15746 0
      vertex 2.25 3.89711 0
    endloop
  endfacet
  facet normal 0 0 -1
    outer loop
      vertex 1.9 0 14
      vertex 4.5 0 14
      vertex 4.4615 -0.587367 14
    endloop
  endfacet
  facet normal 0 0 -1
    outer loop
      vertex 1.88375 -0.247999 14
      vertex 4.4615 -0.587367 14
      vertex 4.34667 -1.16469 14
    endloop
  endfacet
  facet normal 0 0 -1
    outer loop
      vertex 4.5 0 14
      vertex 1.9 0 14
      vertex 4.4615 0.587367 14
    endloop
  endfacet
  facet normal 0 0 -1
    outer loop
      vertex 1.83526 -0.491755 14
      vertex 4.34667 -1.16469 14
      vertex 4.15746 -1.72207 14
    endloop
  endfacet
  facet normal 0 0 -1
    outer loop
      vertex 1.88375 0.247999 14
      vertex 4.4615 0.587367 14
      vertex 1.9 0 14
    endloop
  endfacet
  facet normal 0 0 -1
    outer loop
      vertex 1.75537 -0.727098 14
      vertex 4.15746 -1.72207 14
      vertex 3.89711 -2.25 14
    endloop
  endfacet
  facet normal -0 0 -1
    outer loop
      vertex 4.4615 0.587367 14
      vertex 1.88375 0.247999 14
      vertex 4.34667 1.16469 14
    endloop
  endfacet
  facet normal 0 0 -1
    outer loop
      vertex 1.64545 -0.95 14
      vertex 3.89711 -2.25 14
      vertex 3.57009 -2.73943 14
    endloop
  endfacet
  facet normal 0 0 -1
    outer loop
      vertex 1.83526 0.491755 14
      vertex 4.34667 1.16469 14
      vertex 1.88375 0.247999 14
    endloop
  endfacet
  facet normal 0 0 -1
    outer loop
      vertex 1.50737 -1.15665 14
      vertex 3.57009 -2.73943 14
      vertex 3.18198 -3.18198 14
    endloop
  endfacet
  facet normal -0 0 -1
    outer loop
      vertex 4.34667 1.16469 14
      vertex 1.83526 0.491755 14
      vertex 4.15746 1.72207 14
    endloop
  endfacet
  facet normal 0 0 -1
    outer loop
      vertex 1.3435 -1.3435 14
      vertex 3.18198 -3.18198 14
      vertex 2.73943 -3.57009 14
    endloop
  endfacet
  facet normal 0 0 -1
    outer loop
      vertex 1.75537 0.727098 14
      vertex 4.15746 1.72207 14
      vertex 1.83526 0.491755 14
    endloop
  endfacet
  facet normal 0 0 -1
    outer loop
      vertex 1.15665 -1.50737 14
      vertex 2.73943 -3.57009 14
      vertex 2.25 -3.89711 14
    endloop
  endfacet
  facet normal -0 0 -1
    outer loop
      vertex 4.15746 1.72207 14
      vertex 1.75537 0.727098 14
      vertex 3.89711 2.25 14
    endloop
  endfacet
  facet normal 0 0 -1
    outer loop
      vertex 1.64545 0.95 14
      vertex 3.89711 2.25 14
      vertex 1.75537 0.727098 14
    endloop
  endfacet
  facet normal 0 0 -1
    outer loop
      vertex 4.4615 -0.587367 14
      vertex 1.88375 -0.247999 14
      vertex 1.9 0 14
    endloop
  endfacet
  facet normal 0 0 -1
    outer loop
      vertex 4.34667 -1.16469 14
      vertex 1.83526 -0.491755 14
      vertex 1.88375 -0.247999 14
    endloop
  endfacet
  facet normal 0 0 -1
    outer loop
      vertex 4.15746 -1.72207 14
      vertex 1.75537 -0.727098 14
      vertex 1.83526 -0.491755 14
    endloop
  endfacet
  facet normal 0 0 -1
    outer loop
      vertex 0.95 -1.64545 14
      vertex 2.25 -3.89711 14
      vertex 1.72207 -4.15746 14
    endloop
  endfacet
  facet normal 0 0 -1
    outer loop
      vertex 3.89711 -2.25 14
      vertex 1.64545 -0.95 14
      vertex 1.75537 -0.727098 14
    endloop
  endfacet
  facet normal 0 0 -1
    outer loop
      vertex 3.57009 -2.73943 14
      vertex 1.50737 -1.15665 14
      vertex 1.64545 -0.95 14
    endloop
  endfacet
  facet normal 0 0 -1
    outer loop
      vertex 3.18198 -3.18198 14
      vertex 1.3435 -1.3435 14
      vertex 1.50737 -1.15665 14
    endloop
  endfacet
  facet normal 0 0 -1
    outer loop
      vertex 0.727098 -1.75537 14
      vertex 1.72207 -4.15746 14
      vertex 1.16469 -4.34667 14
    endloop
  endfacet
  facet normal 0 0 -1
    outer loop
      vertex 2.73943 -3.57009 14
      vertex 1.15665 -1.50737 14
      vertex 1.3435 -1.3435 14
    endloop
  endfacet
  facet normal 0 0 -1
    outer loop
      vertex 2.25 -3.89711 14
      vertex 0.95 -1.64545 14
      vertex 1.15665 -1.50737 14
    endloop
  endfacet
  facet normal 0 0 -1
    outer loop
      vertex 1.72207 -4.15746 14
      vertex 0.727098 -1.75537 14
      vertex 0.95 -1.64545 14
    endloop
  endfacet
  facet normal 0 0 -1
    outer loop
      vertex 0.491755 -1.83526 14
      vertex 1.16469 -4.34667 14
      vertex 0.587367 -4.4615 14
    endloop
  endfacet
  facet normal 0 0 -1
    outer loop
      vertex 1.16469 -4.34667 14
      vertex 0.491755 -1.83526 14
      vertex 0.727098 -1.75537 14
    endloop
  endfacet
  facet normal 0 0 -1
    outer loop
      vertex 0.587367 -4.4615 14
      vertex 0.247999 -1.88375 14
      vertex 0.491755 -1.83526 14
    endloop
  endfacet
  facet normal 0 0 -1
    outer loop
      vertex 0 -4.5 14
      vertex 0.247999 -1.88375 14
      vertex 0.587367 -4.4615 14
    endloop
  endfacet
  facet normal 0 0 -1
    outer loop
      vertex 0 -4.5 14
      vertex 0 -1.9 14
      vertex 0.247999 -1.88375 14
    endloop
  endfacet
  facet normal 0 0 -1
    outer loop
      vertex 0 -4.5 14
      vertex -0.247999 -1.88375 14
      vertex 0 -1.9 14
    endloop
  endfacet
  facet normal 0 0 -1
    outer loop
      vertex -0.587367 -4.4615 14
      vertex -0.247999 -1.88375 14
      vertex 0 -4.5 14
    endloop
  endfacet
  facet normal -0 0 -1
    outer loop
      vertex -0.247999 -1.88375 14
      vertex -0.587367 -4.4615 14
      vertex -0.491755 -1.83526 14
    endloop
  endfacet
  facet normal 0 0 -1
    outer loop
      vertex -1.16469 -4.34667 14
      vertex -0.491755 -1.83526 14
      vertex -0.587367 -4.4615 14
    endloop
  endfacet
  facet normal -0 0 -1
    outer loop
      vertex -0.491755 -1.83526 14
      vertex -1.16469 -4.34667 14
      vertex -0.727098 -1.75537 14
    endloop
  endfacet
  facet normal 0 0 -1
    outer loop
      vertex -1.72207 -4.15746 14
      vertex -0.727098 -1.75537 14
      vertex -1.16469 -4.34667 14
    endloop
  endfacet
  facet normal -0 0 -1
    outer loop
      vertex -0.727098 -1.75537 14
      vertex -1.72207 -4.15746 14
      vertex -0.95 -1.64545 14
    endloop
  endfacet
  facet normal 0 0 -1
    outer loop
      vertex -2.25 -3.89711 14
      vertex -0.95 -1.64545 14
      vertex -1.72207 -4.15746 14
    endloop
  endfacet
  facet normal -0 0 -1
    outer loop
      vertex -0.95 -1.64545 14
      vertex -2.25 -3.89711 14
      vertex -1.15665 -1.50737 14
    endloop
  endfacet
  facet normal 0 0 -1
    outer loop
      vertex -2.73943 -3.57009 14
      vertex -1.15665 -1.50737 14
      vertex -2.25 -3.89711 14
    endloop
  endfacet
  facet normal -0 0 -1
    outer loop
      vertex -1.15665 -1.50737 14
      vertex -2.73943 -3.57009 14
      vertex -1.3435 -1.3435 14
    endloop
  endfacet
  facet normal 0 0 -1
    outer loop
      vertex -3.18198 -3.18198 14
      vertex -1.3435 -1.3435 14
      vertex -2.73943 -3.57009 14
    endloop
  endfacet
  facet normal -0 0 -1
    outer loop
      vertex -1.3435 -1.3435 14
      vertex -3.18198 -3.18198 14
      vertex -1.50737 -1.15665 14
    endloop
  endfacet
  facet normal 0 0 -1
    outer loop
      vertex -3.57009 -2.73943 14
      vertex -1.50737 -1.15665 14
      vertex -3.18198 -3.18198 14
    endloop
  endfacet
  facet normal -0 0 -1
    outer loop
      vertex -1.50737 -1.15665 14
      vertex -3.57009 -2.73943 14
      vertex -1.64545 -0.95 14
    endloop
  endfacet
  facet normal 0 0 -1
    outer loop
      vertex -3.89711 -2.25 14
      vertex -1.64545 -0.95 14
      vertex -3.57009 -2.73943 14
    endloop
  endfacet
  facet normal -0 0 -1
    outer loop
      vertex 3.89711 2.25 14
      vertex 1.64545 0.95 14
      vertex 3.57009 2.73943 14
    endloop
  endfacet
  facet normal 0 0 -1
    outer loop
      vertex 1.50737 1.15665 14
      vertex 3.57009 2.73943 14
      vertex 1.64545 0.95 14
    endloop
  endfacet
  facet normal -0 0 -1
    outer loop
      vertex 3.57009 2.73943 14
      vertex 1.50737 1.15665 14
      vertex 3.18198 3.18198 14
    endloop
  endfacet
  facet normal 0 0 -1
    outer loop
      vertex 1.3435 1.3435 14
      vertex 3.18198 3.18198 14
      vertex 1.50737 1.15665 14
    endloop
  endfacet
  facet normal -0 0 -1
    outer loop
      vertex 3.18198 3.18198 14
      vertex 1.3435 1.3435 14
      vertex 2.73943 3.57009 14
    endloop
  endfacet
  facet normal 0 0 -1
    outer loop
      vertex 1.15665 1.50737 14
      vertex 2.73943 3.57009 14
      vertex 1.3435 1.3435 14
    endloop
  endfacet
  facet normal -0 0 -1
    outer loop
      vertex 2.73943 3.57009 14
      vertex 1.15665 1.50737 14
      vertex 2.25 3.89711 14
    endloop
  endfacet
  facet normal 0 0 -1
    outer loop
      vertex 0.95 1.64545 14
      vertex 2.25 3.89711 14
      vertex 1.15665 1.50737 14
    endloop
  endfacet
  facet normal -0 0 -1
    outer loop
      vertex 2.25 3.89711 14
      vertex 0.95 1.64545 14
      vertex 1.72207 4.15746 14
    endloop
  endfacet
  facet normal 0 0 -1
    outer loop
      vertex 0.727098 1.75537 14
      vertex 1.72207 4.15746 14
      vertex 0.95 1.64545 14
    endloop
  endfacet
  facet normal -0 0 -1
    outer loop
      vertex 1.72207 4.15746 14
      vertex 0.727098 1.75537 14
      vertex 1.16469 4.34667 14
    endloop
  endfacet
  facet normal 0 0 -1
    outer loop
      vertex 0.491755 1.83526 14
      vertex 1.16469 4.34667 14
      vertex 0.727098 1.75537 14
    endloop
  endfacet
  facet normal -0 0 -1
    outer loop
      vertex 1.16469 4.34667 14
      vertex 0.491755 1.83526 14
      vertex 0.587367 4.4615 14
    endloop
  endfacet
  facet normal 0 0 -1
    outer loop
      vertex 0.247999 1.88375 14
      vertex 0.587367 4.4615 14
      vertex 0.491755 1.83526 14
    endloop
  endfacet
  facet normal 0 0 -1
    outer loop
      vertex 0 1.9 14
      vertex 0.587367 4.4615 14
      vertex 0.247999 1.88375 14
    endloop
  endfacet
  facet normal 0 0 -1
    outer loop
      vertex 0 1.9 14
      vertex 0 4.5 14
      vertex 0.587367 4.4615 14
    endloop
  endfacet
  facet normal 0 0 -1
    outer loop
      vertex -0.247999 1.88375 14
      vertex 0 4.5 14
      vertex 0 1.9 14
    endloop
  endfacet
  facet normal 0 0 -1
    outer loop
      vertex -0.587367 4.4615 14
      vertex -0.247999 1.88375 14
      vertex -0.491755 1.83526 14
    endloop
  endfacet
  facet normal 0 0 -1
    outer loop
      vertex -0.247999 1.88375 14
      vertex -0.587367 4.4615 14
      vertex 0 4.5 14
    endloop
  endfacet
  facet normal 0 0 -1
    outer loop
      vertex -1.16469 4.34667 14
      vertex -0.491755 1.83526 14
      vertex -0.727098 1.75537 14
    endloop
  endfacet
  facet normal 0 0 -1
    outer loop
      vertex -1.72207 4.15746 14
      vertex -0.727098 1.75537 14
      vertex -0.95 1.64545 14
    endloop
  endfacet
  facet normal 0 0 -1
    outer loop
      vertex -2.25 3.89711 14
      vertex -0.95 1.64545 14
      vertex -1.15665 1.50737 14
    endloop
  endfacet
  facet normal 0 0 -1
    outer loop
      vertex -0.491755 1.83526 14
      vertex -1.16469 4.34667 14
      vertex -0.587367 4.4615 14
    endloop
  endfacet
  facet normal 0 0 -1
    outer loop
      vertex -2.73943 3.57009 14
      vertex -1.15665 1.50737 14
      vertex -1.3435 1.3435 14
    endloop
  endfacet
  facet normal 0 0 -1
    outer loop
      vertex -3.18198 3.18198 14
      vertex -1.3435 1.3435 14
      vertex -1.50737 1.15665 14
    endloop
  endfacet
  facet normal 0 0 -1
    outer loop
      vertex -3.57009 2.73943 14
      vertex -1.50737 1.15665 14
      vertex -1.64545 0.95 14
    endloop
  endfacet
  facet normal 0 0 -1
    outer loop
      vertex -0.727098 1.75537 14
      vertex -1.72207 4.15746 14
      vertex -1.16469 4.34667 14
    endloop
  endfacet
  facet normal 0 0 -1
    outer loop
      vertex -3.89711 2.25 14
      vertex -1.64545 0.95 14
      vertex -1.75537 0.727098 14
    endloop
  endfacet
  facet normal 0 0 -1
    outer loop
      vertex -4.15746 1.72207 14
      vertex -1.75537 0.727098 14
      vertex -1.83526 0.491755 14
    endloop
  endfacet
  facet normal 0 0 -1
    outer loop
      vertex -4.34667 1.16469 14
      vertex -1.83526 0.491755 14
      vertex -1.88375 0.247999 14
    endloop
  endfacet
  facet normal 0 0 -1
    outer loop
      vertex -4.4615 0.587367 14
      vertex -1.88375 0.247999 14
      vertex -1.9 0 14
    endloop
  endfacet
  facet normal -0 0 -1
    outer loop
      vertex -1.64545 -0.95 14
      vertex -3.89711 -2.25 14
      vertex -1.75537 -0.727098 14
    endloop
  endfacet
  facet normal 0 0 -1
    outer loop
      vertex -0.95 1.64545 14
      vertex -2.25 3.89711 14
      vertex -1.72207 4.15746 14
    endloop
  endfacet
  facet normal 0 0 -1
    outer loop
      vertex -4.15746 -1.72207 14
      vertex -1.75537 -0.727098 14
      vertex -3.89711 -2.25 14
    endloop
  endfacet
  facet normal 0 0 -1
    outer loop
      vertex -1.15665 1.50737 14
      vertex -2.73943 3.57009 14
      vertex -2.25 3.89711 14
    endloop
  endfacet
  facet normal -0 0 -1
    outer loop
      vertex -1.75537 -0.727098 14
      vertex -4.15746 -1.72207 14
      vertex -1.83526 -0.491755 14
    endloop
  endfacet
  facet normal 0 0 -1
    outer loop
      vertex -1.3435 1.3435 14
      vertex -3.18198 3.18198 14
      vertex -2.73943 3.57009 14
    endloop
  endfacet
  facet normal 0 0 -1
    outer loop
      vertex -4.34667 -1.16469 14
      vertex -1.83526 -0.491755 14
      vertex -4.15746 -1.72207 14
    endloop
  endfacet
  facet normal 0 0 -1
    outer loop
      vertex -1.50737 1.15665 14
      vertex -3.57009 2.73943 14
      vertex -3.18198 3.18198 14
    endloop
  endfacet
  facet normal -0 0 -1
    outer loop
      vertex -1.83526 -0.491755 14
      vertex -4.34667 -1.16469 14
      vertex -1.88375 -0.247999 14
    endloop
  endfacet
  facet normal 0 0 -1
    outer loop
      vertex -1.64545 0.95 14
      vertex -3.89711 2.25 14
      vertex -3.57009 2.73943 14
    endloop
  endfacet
  facet normal 0 0 -1
    outer loop
      vertex -4.4615 -0.587367 14
      vertex -1.88375 -0.247999 14
      vertex -4.34667 -1.16469 14
    endloop
  endfacet
  facet normal 0 0 -1
    outer loop
      vertex -1.75537 0.727098 14
      vertex -4.15746 1.72207 14
      vertex -3.89711 2.25 14
    endloop
  endfacet
  facet normal -0 0 -1
    outer loop
      vertex -1.88375 -0.247999 14
      vertex -4.4615 -0.587367 14
      vertex -1.9 0 14
    endloop
  endfacet
  facet normal 0 0 -1
    outer loop
      vertex -1.83526 0.491755 14
      vertex -4.34667 1.16469 14
      vertex -4.15746 1.72207 14
    endloop
  endfacet
  facet normal 0 0 -1
    outer loop
      vertex -4.5 0 14
      vertex -1.9 0 14
      vertex -4.4615 -0.587367 14
    endloop
  endfacet
  facet normal 0 0 -1
    outer loop
      vertex -1.88375 0.247999 14
      vertex -4.4615 0.587367 14
      vertex -4.34667 1.16469 14
    endloop
  endfacet
  facet normal 0 0 -1
    outer loop
      vertex -1.9 0 14
      vertex -4.5 0 14
      vertex -4.4615 0.587367 14
    endloop
  endfacet
  facet normal 0.751836 0.65935 0
    outer loop
      vertex -3.18198 -3.18198 14
      vertex -3.57009 -2.73943 0
      vertex -3.57009 -2.73943 14
    endloop
  endfacet
  facet normal 0.751836 0.65935 0
    outer loop
      vertex -3.57009 -2.73943 0
      vertex -3.18198 -3.18198 14
      vertex -3.18198 -3.18198 0
    endloop
  endfacet
  facet normal -0.65935 0.751836 0
    outer loop
      vertex 3.18198 -3.18198 0
      vertex 2.73943 -3.57009 14
      vertex 3.18198 -3.18198 14
    endloop
  endfacet
  facet normal -0.65935 0.751836 0
    outer loop
      vertex 2.73943 -3.57009 14
      vertex 3.18198 -3.18198 0
      vertex 2.73943 -3.57009 0
    endloop
  endfacet
  facet normal 0.89687 -0.442294 0
    outer loop
      vertex -4.15746 1.72207 14
      vertex -3.89711 2.25 0
      vertex -3.89711 2.25 14
    endloop
  endfacet
  facet normal 0.89687 -0.442294 0
    outer loop
      vertex -3.89711 2.25 0
      vertex -4.15746 1.72207 14
      vertex -4.15746 1.72207 0
    endloop
  endfacet
  facet normal 0.997859 0.0654064 0
    outer loop
      vertex -4.4615 -0.587367 14
      vertex -4.5 0 0
      vertex -4.5 0 14
    endloop
  endfacet
  facet normal 0.997859 0.0654064 0
    outer loop
      vertex -4.5 0 0
      vertex -4.4615 -0.587367 14
      vertex -4.4615 -0.587367 0
    endloop
  endfacet
  facet normal -0.831475 -0.555562 0
    outer loop
      vertex 3.89711 2.25 0
      vertex 3.57009 2.73943 14
      vertex 3.57009 2.73943 0
    endloop
  endfacet
  facet normal -0.831475 -0.555562 0
    outer loop
      vertex 3.57009 2.73943 14
      vertex 3.89711 2.25 0
      vertex 3.89711 2.25 14
    endloop
  endfacet
  facet normal -0.89687 0.442294 0
    outer loop
      vertex 3.89711 -2.25 0
      vertex 4.15746 -1.72207 14
      vertex 4.15746 -1.72207 0
    endloop
  endfacet
  facet normal -0.89687 0.442294 0
    outer loop
      vertex 4.15746 -1.72207 14
      vertex 3.89711 -2.25 0
      vertex 3.89711 -2.25 14
    endloop
  endfacet
  facet normal 0.0654064 -0.997859 0
    outer loop
      vertex -0.587367 4.4615 0
      vertex 0 4.5 14
      vertex -0.587367 4.4615 14
    endloop
  endfacet
  facet normal 0.0654064 -0.997859 0
    outer loop
      vertex 0 4.5 14
      vertex -0.587367 4.4615 0
      vertex 0 4.5 0
    endloop
  endfacet
  facet normal -0.0654064 0.997859 0
    outer loop
      vertex 0.587367 -4.4615 0
      vertex 0 -4.5 14
      vertex 0.587367 -4.4615 14
    endloop
  endfacet
  facet normal -0.0654064 0.997859 0
    outer loop
      vertex 0 -4.5 14
      vertex 0.587367 -4.4615 0
      vertex 0 -4.5 0
    endloop
  endfacet
  facet normal 0.555562 -0.831475 0
    outer loop
      vertex -2.73943 3.57009 0
      vertex -2.25 3.89711 14
      vertex -2.73943 3.57009 14
    endloop
  endfacet
  facet normal 0.555562 -0.831475 0
    outer loop
      vertex -2.25 3.89711 14
      vertex -2.73943 3.57009 0
      vertex -2.25 3.89711 0
    endloop
  endfacet
  facet normal -0.555562 -0.831475 0
    outer loop
      vertex 2.25 3.89711 0
      vertex 2.73943 3.57009 14
      vertex 2.25 3.89711 14
    endloop
  endfacet
  facet normal -0.555562 -0.831475 -0
    outer loop
      vertex 2.73943 3.57009 14
      vertex 2.25 3.89711 0
      vertex 2.73943 3.57009 0
    endloop
  endfacet
  facet normal -0.946928 0.321447 0
    outer loop
      vertex 4.15746 -1.72207 0
      vertex 4.34667 -1.16469 14
      vertex 4.34667 -1.16469 0
    endloop
  endfacet
  facet normal -0.946928 0.321447 0
    outer loop
      vertex 4.34667 -1.16469 14
      vertex 4.15746 -1.72207 0
      vertex 4.15746 -1.72207 14
    endloop
  endfacet
  facet normal 0.980787 0.195079 0
    outer loop
      vertex -4.34667 -1.16469 14
      vertex -4.4615 -0.587367 0
      vertex -4.4615 -0.587367 14
    endloop
  endfacet
  facet normal 0.980787 0.195079 0
    outer loop
      vertex -4.4615 -0.587367 0
      vertex -4.34667 -1.16469 14
      vertex -4.34667 -1.16469 0
    endloop
  endfacet
  facet normal 0.0654064 0.997859 -0
    outer loop
      vertex 0 -4.5 0
      vertex -0.587367 -4.4615 14
      vertex 0 -4.5 14
    endloop
  endfacet
  facet normal 0.0654064 0.997859 0
    outer loop
      vertex -0.587367 -4.4615 14
      vertex 0 -4.5 0
      vertex -0.587367 -4.4615 0
    endloop
  endfacet
  facet normal 0.321447 -0.946928 0
    outer loop
      vertex -1.72207 4.15746 0
      vertex -1.16469 4.34667 14
      vertex -1.72207 4.15746 14
    endloop
  endfacet
  facet normal 0.321447 -0.946928 0
    outer loop
      vertex -1.16469 4.34667 14
      vertex -1.72207 4.15746 0
      vertex -1.16469 4.34667 0
    endloop
  endfacet
  facet normal 0.980787 -0.195079 0
    outer loop
      vertex -4.4615 0.587367 14
      vertex -4.34667 1.16469 0
      vertex -4.34667 1.16469 14
    endloop
  endfacet
  facet normal 0.980787 -0.195079 0
    outer loop
      vertex -4.34667 1.16469 0
      vertex -4.4615 0.587367 14
      vertex -4.4615 0.587367 0
    endloop
  endfacet
  facet normal 0.751836 -0.65935 0
    outer loop
      vertex -3.57009 2.73943 14
      vertex -3.18198 3.18198 0
      vertex -3.18198 3.18198 14
    endloop
  endfacet
  facet normal 0.751836 -0.65935 0
    outer loop
      vertex -3.18198 3.18198 0
      vertex -3.57009 2.73943 14
      vertex -3.57009 2.73943 0
    endloop
  endfacet
  facet normal 0.195079 -0.980787 0
    outer loop
      vertex -1.16469 4.34667 0
      vertex -0.587367 4.4615 14
      vertex -1.16469 4.34667 14
    endloop
  endfacet
  facet normal 0.195079 -0.980787 0
    outer loop
      vertex -0.587367 4.4615 14
      vertex -1.16469 4.34667 0
      vertex -0.587367 4.4615 0
    endloop
  endfacet
  facet normal 0.831475 0.555562 0
    outer loop
      vertex -3.57009 -2.73943 14
      vertex -3.89711 -2.25 0
      vertex -3.89711 -2.25 14
    endloop
  endfacet
  facet normal 0.831475 0.555562 0
    outer loop
      vertex -3.89711 -2.25 0
      vertex -3.57009 -2.73943 14
      vertex -3.57009 -2.73943 0
    endloop
  endfacet
  facet normal 0.195125 0.980778 -0
    outer loop
      vertex -0.274104 -19.082 8.01
      vertex -0.54352 -19.0284 15
      vertex -0.274104 -19.082 15
    endloop
  endfacet
  facet normal 0.195125 0.980778 0
    outer loop
      vertex -0.54352 -19.0284 15
      vertex -0.274104 -19.082 8.01
      vertex -0.54352 -19.0284 8.01
    endloop
  endfacet
  facet normal 0.0655274 0.997851 -0
    outer loop
      vertex 0 -19.1 8.01
      vertex -0.274104 -19.082 15
      vertex 0 -19.1 15
    endloop
  endfacet
  facet normal 0.0655274 0.997851 0
    outer loop
      vertex -0.274104 -19.082 15
      vertex 0 -19.1 8.01
      vertex -0.274104 -19.082 8.01
    endloop
  endfacet
  facet normal 0.321449 0.946927 -0
    outer loop
      vertex -0.54352 -19.0284 8.01
      vertex -0.803635 -18.9401 15
      vertex -0.54352 -19.0284 15
    endloop
  endfacet
  facet normal 0.321449 0.946927 0
    outer loop
      vertex -0.803635 -18.9401 15
      vertex -0.54352 -19.0284 8.01
      vertex -0.803635 -18.9401 8.01
    endloop
  endfacet
  facet normal -0.659319 0.751864 0
    outer loop
      vertex 1.48492 -18.4849 8.01
      vertex 1.2784 -18.666 15
      vertex 1.48492 -18.4849 15
    endloop
  endfacet
  facet normal -0.659319 0.751864 0
    outer loop
      vertex 1.2784 -18.666 15
      vertex 1.48492 -18.4849 8.01
      vertex 1.2784 -18.666 8.01
    endloop
  endfacet
  facet normal 0.555792 0.831322 -0
    outer loop
      vertex -1.05 -18.8187 8.01
      vertex -1.2784 -18.666 15
      vertex -1.05 -18.8187 15
    endloop
  endfacet
  facet normal 0.555792 0.831322 0
    outer loop
      vertex -1.2784 -18.666 15
      vertex -1.05 -18.8187 8.01
      vertex -1.2784 -18.666 8.01
    endloop
  endfacet
  facet normal -0.831473 -0.555565 0
    outer loop
      vertex 1.81865 -15.95 8.01
      vertex 1.66604 -15.7216 15
      vertex 1.66604 -15.7216 8.01
    endloop
  endfacet
  facet normal -0.831473 -0.555565 0
    outer loop
      vertex 1.66604 -15.7216 15
      vertex 1.81865 -15.95 8.01
      vertex 1.81865 -15.95 15
    endloop
  endfacet
  facet normal 0.321449 -0.946927 0
    outer loop
      vertex -0.803635 -15.0599 8.01
      vertex -0.54352 -14.9716 15
      vertex -0.803635 -15.0599 15
    endloop
  endfacet
  facet normal 0.321449 -0.946927 0
    outer loop
      vertex -0.54352 -14.9716 15
      vertex -0.803635 -15.0599 8.01
      vertex -0.54352 -14.9716 8.01
    endloop
  endfacet
  facet normal 0.980783 0.195101 0
    outer loop
      vertex -2.02844 -17.5435 15
      vertex -2.08203 -17.2741 8.01
      vertex -2.08203 -17.2741 15
    endloop
  endfacet
  facet normal 0.980783 0.195101 0
    outer loop
      vertex -2.08203 -17.2741 8.01
      vertex -2.02844 -17.5435 15
      vertex -2.02844 -17.5435 8.01
    endloop
  endfacet
  facet normal -0.0655274 0.997851 0
    outer loop
      vertex 0.274104 -19.082 8.01
      vertex 0 -19.1 15
      vertex 0.274104 -19.082 15
    endloop
  endfacet
  facet normal -0.0655274 0.997851 0
    outer loop
      vertex 0 -19.1 15
      vertex 0.274104 -19.082 8.01
      vertex 0 -19.1 8.01
    endloop
  endfacet
  facet normal 0.442014 0.897008 -0
    outer loop
      vertex -0.803635 -18.9401 8.01
      vertex -1.05 -18.8187 15
      vertex -0.803635 -18.9401 15
    endloop
  endfacet
  facet normal 0.442014 0.897008 0
    outer loop
      vertex -1.05 -18.8187 15
      vertex -0.803635 -18.9401 8.01
      vertex -1.05 -18.8187 8.01
    endloop
  endfacet
  facet normal 0.946932 -0.321433 0
    outer loop
      vertex -2.02844 -16.4565 15
      vertex -1.94015 -16.1964 8.01
      vertex -1.94015 -16.1964 15
    endloop
  endfacet
  facet normal 0.946932 -0.321433 0
    outer loop
      vertex -1.94015 -16.1964 8.01
      vertex -2.02844 -16.4565 15
      vertex -2.02844 -16.4565 8.01
    endloop
  endfacet
  facet normal -0.321449 -0.946927 0
    outer loop
      vertex 0.54352 -14.9716 8.01
      vertex 0.803635 -15.0599 15
      vertex 0.54352 -14.9716 15
    endloop
  endfacet
  facet normal -0.321449 -0.946927 -0
    outer loop
      vertex 0.803635 -15.0599 15
      vertex 0.54352 -14.9716 8.01
      vertex 0.803635 -15.0599 8.01
    endloop
  endfacet
  facet normal 0.195074 -0.980789 0
    outer loop
      vertex -0.54352 -14.9716 15
      vertex -0.54352 -14.9716 8.01
      vertex -0.51637 -14.9662 15
    endloop
  endfacet
  facet normal 0.19513 -0.980777 0
    outer loop
      vertex -0.51637 -14.9662 15
      vertex -0.274104 -14.918 15.01
      vertex -0.51637 -14.9662 15.01
    endloop
  endfacet
  facet normal 0.195125 -0.980778 -2.04987e-07
    outer loop
      vertex -0.274104 -14.918 8.01
      vertex -0.51637 -14.9662 15
      vertex -0.54352 -14.9716 8.01
    endloop
  endfacet
  facet normal 0.19513 -0.980777 0
    outer loop
      vertex -0.51637 -14.9662 15
      vertex -0.274104 -14.918 8.01
      vertex -0.274104 -14.918 15.01
    endloop
  endfacet
  facet normal 0 0 1
    outer loop
      vertex 2.08203 -16.7259 8.01
      vertex 2.08203 -17.2741 8.01
      vertex 2.1 -17 8.01
    endloop
  endfacet
  facet normal 0 0 1
    outer loop
      vertex 2.02844 -16.4565 8.01
      vertex 2.08203 -17.2741 8.01
      vertex 2.08203 -16.7259 8.01
    endloop
  endfacet
  facet normal 0 0 1
    outer loop
      vertex 2.02844 -16.4565 8.01
      vertex 2.02844 -17.5435 8.01
      vertex 2.08203 -17.2741 8.01
    endloop
  endfacet
  facet normal 0 0 1
    outer loop
      vertex 1.94015 -16.1964 8.01
      vertex 2.02844 -17.5435 8.01
      vertex 2.02844 -16.4565 8.01
    endloop
  endfacet
  facet normal 0 0 1
    outer loop
      vertex 1.94015 -16.1964 8.01
      vertex 1.94015 -17.8036 8.01
      vertex 2.02844 -17.5435 8.01
    endloop
  endfacet
  facet normal 0 0 1
    outer loop
      vertex 1.81865 -15.95 8.01
      vertex 1.94015 -17.8036 8.01
      vertex 1.94015 -16.1964 8.01
    endloop
  endfacet
  facet normal 0 0 1
    outer loop
      vertex 1.81865 -15.95 8.01
      vertex 1.81865 -18.05 8.01
      vertex 1.94015 -17.8036 8.01
    endloop
  endfacet
  facet normal 0 0 1
    outer loop
      vertex 1.66604 -15.7216 8.01
      vertex 1.81865 -18.05 8.01
      vertex 1.81865 -15.95 8.01
    endloop
  endfacet
  facet normal 0 0 1
    outer loop
      vertex 1.66604 -15.7216 8.01
      vertex 1.66604 -18.2784 8.01
      vertex 1.81865 -18.05 8.01
    endloop
  endfacet
  facet normal 0 0 1
    outer loop
      vertex 1.48492 -15.5151 8.01
      vertex 1.66604 -18.2784 8.01
      vertex 1.66604 -15.7216 8.01
    endloop
  endfacet
  facet normal 0 0 1
    outer loop
      vertex 1.48492 -15.5151 8.01
      vertex 1.48492 -18.4849 8.01
      vertex 1.66604 -18.2784 8.01
    endloop
  endfacet
  facet normal 0 0 1
    outer loop
      vertex 1.2784 -15.334 8.01
      vertex 1.48492 -18.4849 8.01
      vertex 1.48492 -15.5151 8.01
    endloop
  endfacet
  facet normal 0 0 1
    outer loop
      vertex 1.2784 -15.334 8.01
      vertex 1.2784 -18.666 8.01
      vertex 1.48492 -18.4849 8.01
    endloop
  endfacet
  facet normal 0 0 1
    outer loop
      vertex 1.05 -15.1813 8.01
      vertex 1.2784 -18.666 8.01
      vertex 1.2784 -15.334 8.01
    endloop
  endfacet
  facet normal 0 0 1
    outer loop
      vertex 1.05 -15.1813 8.01
      vertex 1.05 -18.8187 8.01
      vertex 1.2784 -18.666 8.01
    endloop
  endfacet
  facet normal 0 0 1
    outer loop
      vertex 0.803635 -15.0599 8.01
      vertex 1.05 -18.8187 8.01
      vertex 1.05 -15.1813 8.01
    endloop
  endfacet
  facet normal 0 0 1
    outer loop
      vertex 0.803635 -15.0599 8.01
      vertex 0.803635 -18.9401 8.01
      vertex 1.05 -18.8187 8.01
    endloop
  endfacet
  facet normal 0 0 1
    outer loop
      vertex 0.54352 -14.9716 8.01
      vertex 0.803635 -18.9401 8.01
      vertex 0.803635 -15.0599 8.01
    endloop
  endfacet
  facet normal 0 0 1
    outer loop
      vertex 0.54352 -14.9716 8.01
      vertex 0.54352 -19.0284 8.01
      vertex 0.803635 -18.9401 8.01
    endloop
  endfacet
  facet normal 0 0 1
    outer loop
      vertex 0.274104 -14.918 8.01
      vertex 0.54352 -19.0284 8.01
      vertex 0.54352 -14.9716 8.01
    endloop
  endfacet
  facet normal 0 0 1
    outer loop
      vertex 0.274104 -14.918 8.01
      vertex 0.274104 -19.082 8.01
      vertex 0.54352 -19.0284 8.01
    endloop
  endfacet
  facet normal 0 0 1
    outer loop
      vertex 0 -14.9 8.01
      vertex 0.274104 -19.082 8.01
      vertex 0.274104 -14.918 8.01
    endloop
  endfacet
  facet normal 0 0 1
    outer loop
      vertex 0 -14.9 8.01
      vertex 0 -19.1 8.01
      vertex 0.274104 -19.082 8.01
    endloop
  endfacet
  facet normal -0 0 1
    outer loop
      vertex -0.274104 -14.918 8.01
      vertex 0 -19.1 8.01
      vertex 0 -14.9 8.01
    endloop
  endfacet
  facet normal 0 0 1
    outer loop
      vertex -0.274104 -14.918 8.01
      vertex -0.274104 -19.082 8.01
      vertex 0 -19.1 8.01
    endloop
  endfacet
  facet normal -0 0 1
    outer loop
      vertex -0.54352 -14.9716 8.01
      vertex -0.274104 -19.082 8.01
      vertex -0.274104 -14.918 8.01
    endloop
  endfacet
  facet normal 0 0 1
    outer loop
      vertex -0.54352 -14.9716 8.01
      vertex -0.54352 -19.0284 8.01
      vertex -0.274104 -19.082 8.01
    endloop
  endfacet
  facet normal -0 0 1
    outer loop
      vertex -0.803635 -15.0599 8.01
      vertex -0.54352 -19.0284 8.01
      vertex -0.54352 -14.9716 8.01
    endloop
  endfacet
  facet normal 0 0 1
    outer loop
      vertex -0.803635 -15.0599 8.01
      vertex -0.803635 -18.9401 8.01
      vertex -0.54352 -19.0284 8.01
    endloop
  endfacet
  facet normal -0 0 1
    outer loop
      vertex -1.05 -15.1813 8.01
      vertex -0.803635 -18.9401 8.01
      vertex -0.803635 -15.0599 8.01
    endloop
  endfacet
  facet normal 0 0 1
    outer loop
      vertex -1.05 -15.1813 8.01
      vertex -1.05 -18.8187 8.01
      vertex -0.803635 -18.9401 8.01
    endloop
  endfacet
  facet normal -0 0 1
    outer loop
      vertex -1.2784 -15.334 8.01
      vertex -1.05 -18.8187 8.01
      vertex -1.05 -15.1813 8.01
    endloop
  endfacet
  facet normal 0 0 1
    outer loop
      vertex -1.2784 -15.334 8.01
      vertex -1.2784 -18.666 8.01
      vertex -1.05 -18.8187 8.01
    endloop
  endfacet
  facet normal -0 0 1
    outer loop
      vertex -1.48492 -15.5151 8.01
      vertex -1.2784 -18.666 8.01
      vertex -1.2784 -15.334 8.01
    endloop
  endfacet
  facet normal 0 0 1
    outer loop
      vertex -1.48492 -15.5151 8.01
      vertex -1.48492 -18.4849 8.01
      vertex -1.2784 -18.666 8.01
    endloop
  endfacet
  facet normal -0 0 1
    outer loop
      vertex -1.66604 -15.7216 8.01
      vertex -1.48492 -18.4849 8.01
      vertex -1.48492 -15.5151 8.01
    endloop
  endfacet
  facet normal 0 0 1
    outer loop
      vertex -1.66604 -15.7216 8.01
      vertex -1.66604 -18.2784 8.01
      vertex -1.48492 -18.4849 8.01
    endloop
  endfacet
  facet normal -0 0 1
    outer loop
      vertex -1.81865 -15.95 8.01
      vertex -1.66604 -18.2784 8.01
      vertex -1.66604 -15.7216 8.01
    endloop
  endfacet
  facet normal 0 0 1
    outer loop
      vertex -1.81865 -15.95 8.01
      vertex -1.81865 -18.05 8.01
      vertex -1.66604 -18.2784 8.01
    endloop
  endfacet
  facet normal -0 0 1
    outer loop
      vertex -1.94015 -16.1964 8.01
      vertex -1.81865 -18.05 8.01
      vertex -1.81865 -15.95 8.01
    endloop
  endfacet
  facet normal 0 0 1
    outer loop
      vertex -1.94015 -16.1964 8.01
      vertex -1.94015 -17.8036 8.01
      vertex -1.81865 -18.05 8.01
    endloop
  endfacet
  facet normal -0 0 1
    outer loop
      vertex -2.02844 -16.4565 8.01
      vertex -1.94015 -17.8036 8.01
      vertex -1.94015 -16.1964 8.01
    endloop
  endfacet
  facet normal 0 0 1
    outer loop
      vertex -2.02844 -16.4565 8.01
      vertex -2.02844 -17.5435 8.01
      vertex -1.94015 -17.8036 8.01
    endloop
  endfacet
  facet normal -0 0 1
    outer loop
      vertex -2.08203 -16.7259 8.01
      vertex -2.02844 -17.5435 8.01
      vertex -2.02844 -16.4565 8.01
    endloop
  endfacet
  facet normal 0 0 1
    outer loop
      vertex -2.08203 -16.7259 8.01
      vertex -2.08203 -17.2741 8.01
      vertex -2.02844 -17.5435 8.01
    endloop
  endfacet
  facet normal 0 -0 1
    outer loop
      vertex -2.08203 -17.2741 8.01
      vertex -2.08203 -16.7259 8.01
      vertex -2.1 -17 8.01
    endloop
  endfacet
  facet normal -0.751796 -0.659396 0
    outer loop
      vertex 1.66604 -15.7216 8.01
      vertex 1.48492 -15.5151 15
      vertex 1.48492 -15.5151 8.01
    endloop
  endfacet
  facet normal -0.751796 -0.659396 0
    outer loop
      vertex 1.48492 -15.5151 15
      vertex 1.66604 -15.7216 8.01
      vertex 1.66604 -15.7216 15
    endloop
  endfacet
  facet normal 0.980783 -0.195101 0
    outer loop
      vertex -2.08203 -16.7259 15
      vertex -2.02844 -16.4565 8.01
      vertex -2.02844 -16.4565 15
    endloop
  endfacet
  facet normal 0.980783 -0.195101 0
    outer loop
      vertex -2.02844 -16.4565 8.01
      vertex -2.08203 -16.7259 15
      vertex -2.08203 -16.7259 8.01
    endloop
  endfacet
  facet normal -0.980783 0.195101 0
    outer loop
      vertex 2.02844 -17.5435 8.01
      vertex 2.08203 -17.2741 15
      vertex 2.08203 -17.2741 8.01
    endloop
  endfacet
  facet normal -0.980783 0.195101 0
    outer loop
      vertex 2.08203 -17.2741 15
      vertex 2.02844 -17.5435 8.01
      vertex 2.02844 -17.5435 15
    endloop
  endfacet
  facet normal -0.896889 0.442256 0
    outer loop
      vertex 1.81865 -18.05 8.01
      vertex 1.94015 -17.8036 15
      vertex 1.94015 -17.8036 8.01
    endloop
  endfacet
  facet normal -0.896889 0.442256 0
    outer loop
      vertex 1.94015 -17.8036 15
      vertex 1.81865 -18.05 8.01
      vertex 1.81865 -18.05 15
    endloop
  endfacet
  facet normal 0.555792 -0.831322 0
    outer loop
      vertex -1.2784 -15.334 8.01
      vertex -1.05 -15.1813 15
      vertex -1.2784 -15.334 15
    endloop
  endfacet
  facet normal 0.555792 -0.831322 0
    outer loop
      vertex -1.05 -15.1813 15
      vertex -1.2784 -15.334 8.01
      vertex -1.05 -15.1813 8.01
    endloop
  endfacet
  facet normal 0 0 -1
    outer loop
      vertex 0 -15 15.01
      vertex 0.274104 -14.918 15.01
      vertex 0.51637 -14.9662 15.01
    endloop
  endfacet
  facet normal 0 0 -1
    outer loop
      vertex 0 -15 15.01
      vertex 0 -14.9 15.01
      vertex 0.274104 -14.918 15.01
    endloop
  endfacet
  facet normal 0 0 -1
    outer loop
      vertex 0 -15 15.01
      vertex -0.274104 -14.918 15.01
      vertex 0 -14.9 15.01
    endloop
  endfacet
  facet normal 0 -0 -1
    outer loop
      vertex -0.274104 -14.918 15.01
      vertex 0 -15 15.01
      vertex -0.51637 -14.9662 15.01
    endloop
  endfacet
  facet normal 0.831473 0.555565 0
    outer loop
      vertex -1.66604 -18.2784 15
      vertex -1.81865 -18.05 8.01
      vertex -1.81865 -18.05 15
    endloop
  endfacet
  facet normal 0.831473 0.555565 0
    outer loop
      vertex -1.81865 -18.05 8.01
      vertex -1.66604 -18.2784 15
      vertex -1.66604 -18.2784 8.01
    endloop
  endfacet
  facet normal -0.555792 0.831322 0
    outer loop
      vertex 1.2784 -18.666 8.01
      vertex 1.05 -18.8187 15
      vertex 1.2784 -18.666 15
    endloop
  endfacet
  facet normal -0.555792 0.831322 0
    outer loop
      vertex 1.05 -18.8187 15
      vertex 1.2784 -18.666 8.01
      vertex 1.05 -18.8187 8.01
    endloop
  endfacet
  facet normal 0.896889 0.442256 0
    outer loop
      vertex -1.81865 -18.05 15
      vertex -1.94015 -17.8036 8.01
      vertex -1.94015 -17.8036 15
    endloop
  endfacet
  facet normal 0.896889 0.442256 0
    outer loop
      vertex -1.94015 -17.8036 8.01
      vertex -1.81865 -18.05 15
      vertex -1.81865 -18.05 8.01
    endloop
  endfacet
  facet normal -0.195125 0.980778 0
    outer loop
      vertex 0.54352 -19.0284 8.01
      vertex 0.274104 -19.082 15
      vertex 0.54352 -19.0284 15
    endloop
  endfacet
  facet normal -0.195125 0.980778 0
    outer loop
      vertex 0.274104 -19.082 15
      vertex 0.54352 -19.0284 8.01
      vertex 0.274104 -19.082 8.01
    endloop
  endfacet
  facet normal 0.896889 -0.442256 0
    outer loop
      vertex -1.94015 -16.1964 15
      vertex -1.81865 -15.95 8.01
      vertex -1.81865 -15.95 15
    endloop
  endfacet
  facet normal 0.896889 -0.442256 0
    outer loop
      vertex -1.81865 -15.95 8.01
      vertex -1.94015 -16.1964 15
      vertex -1.94015 -16.1964 8.01
    endloop
  endfacet
  facet normal 0.831473 -0.555565 0
    outer loop
      vertex -1.81865 -15.95 15
      vertex -1.66604 -15.7216 8.01
      vertex -1.66604 -15.7216 15
    endloop
  endfacet
  facet normal 0.831473 -0.555565 0
    outer loop
      vertex -1.66604 -15.7216 8.01
      vertex -1.81865 -15.95 15
      vertex -1.81865 -15.95 8.01
    endloop
  endfacet
  facet normal 0.997858 0.0654196 0
    outer loop
      vertex -2.08203 -17.2741 15
      vertex -2.1 -17 8.01
      vertex -2.1 -17 15
    endloop
  endfacet
  facet normal 0.997858 0.0654196 0
    outer loop
      vertex -2.1 -17 8.01
      vertex -2.08203 -17.2741 15
      vertex -2.08203 -17.2741 8.01
    endloop
  endfacet
  facet normal -0.946932 -0.321433 0
    outer loop
      vertex 2.02844 -16.4565 8.01
      vertex 1.94015 -16.1964 15
      vertex 1.94015 -16.1964 8.01
    endloop
  endfacet
  facet normal -0.946932 -0.321433 0
    outer loop
      vertex 1.94015 -16.1964 15
      vertex 2.02844 -16.4565 8.01
      vertex 2.02844 -16.4565 15
    endloop
  endfacet
  facet normal -0.946932 0.321433 0
    outer loop
      vertex 1.94015 -17.8036 8.01
      vertex 2.02844 -17.5435 15
      vertex 2.02844 -17.5435 8.01
    endloop
  endfacet
  facet normal -0.946932 0.321433 0
    outer loop
      vertex 2.02844 -17.5435 15
      vertex 1.94015 -17.8036 8.01
      vertex 1.94015 -17.8036 15
    endloop
  endfacet
  facet normal 0.659319 -0.751864 0
    outer loop
      vertex -1.48492 -15.5151 8.01
      vertex -1.2784 -15.334 15
      vertex -1.48492 -15.5151 15
    endloop
  endfacet
  facet normal 0.659319 -0.751864 0
    outer loop
      vertex -1.2784 -15.334 15
      vertex -1.48492 -15.5151 8.01
      vertex -1.2784 -15.334 8.01
    endloop
  endfacet
  facet normal -0.659319 -0.751864 0
    outer loop
      vertex 1.2784 -15.334 8.01
      vertex 1.48492 -15.5151 15
      vertex 1.2784 -15.334 15
    endloop
  endfacet
  facet normal -0.659319 -0.751864 -0
    outer loop
      vertex 1.48492 -15.5151 15
      vertex 1.2784 -15.334 8.01
      vertex 1.48492 -15.5151 8.01
    endloop
  endfacet
  facet normal 0.442014 -0.897008 0
    outer loop
      vertex -1.05 -15.1813 8.01
      vertex -0.803635 -15.0599 15
      vertex -1.05 -15.1813 15
    endloop
  endfacet
  facet normal 0.442014 -0.897008 0
    outer loop
      vertex -0.803635 -15.0599 15
      vertex -1.05 -15.1813 8.01
      vertex -0.803635 -15.0599 8.01
    endloop
  endfacet
  facet normal -0.442014 0.897008 0
    outer loop
      vertex 1.05 -18.8187 8.01
      vertex 0.803635 -18.9401 15
      vertex 1.05 -18.8187 15
    endloop
  endfacet
  facet normal -0.442014 0.897008 0
    outer loop
      vertex 0.803635 -18.9401 15
      vertex 1.05 -18.8187 8.01
      vertex 0.803635 -18.9401 8.01
    endloop
  endfacet
  facet normal 0.997858 -0.0654196 0
    outer loop
      vertex -2.1 -17 15
      vertex -2.08203 -16.7259 8.01
      vertex -2.08203 -16.7259 15
    endloop
  endfacet
  facet normal 0.997858 -0.0654196 0
    outer loop
      vertex -2.08203 -16.7259 8.01
      vertex -2.1 -17 15
      vertex -2.1 -17 8.01
    endloop
  endfacet
  facet normal 0.946932 0.321433 0
    outer loop
      vertex -1.94015 -17.8036 15
      vertex -2.02844 -17.5435 8.01
      vertex -2.02844 -17.5435 15
    endloop
  endfacet
  facet normal 0.946932 0.321433 0
    outer loop
      vertex -2.02844 -17.5435 8.01
      vertex -1.94015 -17.8036 15
      vertex -1.94015 -17.8036 8.01
    endloop
  endfacet
  facet normal -0.321449 0.946927 0
    outer loop
      vertex 0.803635 -18.9401 8.01
      vertex 0.54352 -19.0284 15
      vertex 0.803635 -18.9401 15
    endloop
  endfacet
  facet normal -0.321449 0.946927 0
    outer loop
      vertex 0.54352 -19.0284 15
      vertex 0.803635 -18.9401 8.01
      vertex 0.54352 -19.0284 8.01
    endloop
  endfacet
  facet normal -0.19513 -0.980777 0
    outer loop
      vertex 0.274104 -14.918 15.01
      vertex 0.51637 -14.9662 15
      vertex 0.51637 -14.9662 15.01
    endloop
  endfacet
  facet normal -0.19513 -0.980777 0
    outer loop
      vertex 0.274104 -14.918 8.01
      vertex 0.51637 -14.9662 15
      vertex 0.274104 -14.918 15.01
    endloop
  endfacet
  facet normal -0.195125 -0.980778 -2.04987e-07
    outer loop
      vertex 0.54352 -14.9716 8.01
      vertex 0.51637 -14.9662 15
      vertex 0.274104 -14.918 8.01
    endloop
  endfacet
  facet normal -0.195074 -0.980789 0
    outer loop
      vertex 0.51637 -14.9662 15
      vertex 0.54352 -14.9716 8.01
      vertex 0.54352 -14.9716 15
    endloop
  endfacet
  facet normal 0.659319 0.751864 -0
    outer loop
      vertex -1.2784 -18.666 8.01
      vertex -1.48492 -18.4849 15
      vertex -1.2784 -18.666 15
    endloop
  endfacet
  facet normal 0.659319 0.751864 0
    outer loop
      vertex -1.48492 -18.4849 15
      vertex -1.2784 -18.666 8.01
      vertex -1.48492 -18.4849 8.01
    endloop
  endfacet
  facet normal 0.751796 -0.659396 0
    outer loop
      vertex -1.66604 -15.7216 15
      vertex -1.48492 -15.5151 8.01
      vertex -1.48492 -15.5151 15
    endloop
  endfacet
  facet normal 0.751796 -0.659396 0
    outer loop
      vertex -1.48492 -15.5151 8.01
      vertex -1.66604 -15.7216 15
      vertex -1.66604 -15.7216 8.01
    endloop
  endfacet
  facet normal -0.997858 0.0654196 0
    outer loop
      vertex 2.08203 -17.2741 8.01
      vertex 2.1 -17 15
      vertex 2.1 -17 8.01
    endloop
  endfacet
  facet normal -0.997858 0.0654196 0
    outer loop
      vertex 2.1 -17 15
      vertex 2.08203 -17.2741 8.01
      vertex 2.08203 -17.2741 15
    endloop
  endfacet
  facet normal -0.442014 -0.897008 0
    outer loop
      vertex 0.803635 -15.0599 8.01
      vertex 1.05 -15.1813 15
      vertex 0.803635 -15.0599 15
    endloop
  endfacet
  facet normal -0.442014 -0.897008 -0
    outer loop
      vertex 1.05 -15.1813 15
      vertex 0.803635 -15.0599 8.01
      vertex 1.05 -15.1813 8.01
    endloop
  endfacet
  facet normal -0.997858 -0.0654196 0
    outer loop
      vertex 2.1 -17 8.01
      vertex 2.08203 -16.7259 15
      vertex 2.08203 -16.7259 8.01
    endloop
  endfacet
  facet normal -0.997858 -0.0654196 0
    outer loop
      vertex 2.08203 -16.7259 15
      vertex 2.1 -17 8.01
      vertex 2.1 -17 15
    endloop
  endfacet
  facet normal 0.0655274 -0.997851 0
    outer loop
      vertex -0.274104 -14.918 8.01
      vertex 0 -14.9 15.01
      vertex -0.274104 -14.918 15.01
    endloop
  endfacet
  facet normal 0.0655274 -0.997851 0
    outer loop
      vertex 0 -14.9 15.01
      vertex -0.274104 -14.918 8.01
      vertex 0 -14.9 8.01
    endloop
  endfacet
  facet normal 0.751796 0.659396 0
    outer loop
      vertex -1.48492 -18.4849 15
      vertex -1.66604 -18.2784 8.01
      vertex -1.66604 -18.2784 15
    endloop
  endfacet
  facet normal 0.751796 0.659396 0
    outer loop
      vertex -1.66604 -18.2784 8.01
      vertex -1.48492 -18.4849 15
      vertex -1.48492 -18.4849 8.01
    endloop
  endfacet
  facet normal -0.555792 -0.831322 0
    outer loop
      vertex 1.05 -15.1813 8.01
      vertex 1.2784 -15.334 15
      vertex 1.05 -15.1813 15
    endloop
  endfacet
  facet normal -0.555792 -0.831322 -0
    outer loop
      vertex 1.2784 -15.334 15
      vertex 1.05 -15.1813 8.01
      vertex 1.2784 -15.334 8.01
    endloop
  endfacet
  facet normal -0.831473 0.555565 0
    outer loop
      vertex 1.66604 -18.2784 8.01
      vertex 1.81865 -18.05 15
      vertex 1.81865 -18.05 8.01
    endloop
  endfacet
  facet normal -0.831473 0.555565 0
    outer loop
      vertex 1.81865 -18.05 15
      vertex 1.66604 -18.2784 8.01
      vertex 1.66604 -18.2784 15
    endloop
  endfacet
  facet normal -0.0655274 -0.997851 0
    outer loop
      vertex 0 -14.9 8.01
      vertex 0.274104 -14.918 15.01
      vertex 0 -14.9 15.01
    endloop
  endfacet
  facet normal -0.0655274 -0.997851 -0
    outer loop
      vertex 0.274104 -14.918 15.01
      vertex 0 -14.9 8.01
      vertex 0.274104 -14.918 8.01
    endloop
  endfacet
  facet normal -0.980783 -0.195101 0
    outer loop
      vertex 2.08203 -16.7259 8.01
      vertex 2.02844 -16.4565 15
      vertex 2.02844 -16.4565 8.01
    endloop
  endfacet
  facet normal -0.980783 -0.195101 0
    outer loop
      vertex 2.02844 -16.4565 15
      vertex 2.08203 -16.7259 8.01
      vertex 2.08203 -16.7259 15
    endloop
  endfacet
  facet normal -0.751796 0.659396 0
    outer loop
      vertex 1.48492 -18.4849 8.01
      vertex 1.66604 -18.2784 15
      vertex 1.66604 -18.2784 8.01
    endloop
  endfacet
  facet normal -0.751796 0.659396 0
    outer loop
      vertex 1.66604 -18.2784 15
      vertex 1.48492 -18.4849 8.01
      vertex 1.48492 -18.4849 15
    endloop
  endfacet
  facet normal -0.896889 -0.442256 0
    outer loop
      vertex 1.94015 -16.1964 8.01
      vertex 1.81865 -15.95 15
      vertex 1.81865 -15.95 8.01
    endloop
  endfacet
  facet normal -0.896889 -0.442256 0
    outer loop
      vertex 1.81865 -15.95 15
      vertex 1.94015 -16.1964 8.01
      vertex 1.94015 -16.1964 15
    endloop
  endfacet
  facet normal 0.659133 -0.752026 0
    outer loop
      vertex -16.2074 9.98492 8.01
      vertex -16.0008 10.166 15
      vertex -16.2074 9.98492 15
    endloop
  endfacet
  facet normal 0.659133 -0.752026 0
    outer loop
      vertex -16.0008 10.166 15
      vertex -16.2074 9.98492 8.01
      vertex -16.0008 10.166 8.01
    endloop
  endfacet
  facet normal 0.997875 0.0651635 0
    outer loop
      vertex -16.8045 8.22589 15
      vertex -16.8224 8.5 8.01
      vertex -16.8224 8.5 15
    endloop
  endfacet
  facet normal 0.997875 0.0651635 0
    outer loop
      vertex -16.8224 8.5 8.01
      vertex -16.8045 8.22589 15
      vertex -16.8045 8.22589 8.01
    endloop
  endfacet
  facet normal -0.980779 -0.195122 0
    outer loop
      vertex -12.6404 8.7741 8.01
      vertex -12.694 9.04352 15
      vertex -12.694 9.04352 8.01
    endloop
  endfacet
  facet normal -0.980779 -0.195122 0
    outer loop
      vertex -12.694 9.04352 15
      vertex -12.6404 8.7741 8.01
      vertex -12.6404 8.7741 15
    endloop
  endfacet
  facet normal 0.555792 -0.831322 0
    outer loop
      vertex -16.0008 10.166 8.01
      vertex -15.7724 10.3187 15
      vertex -16.0008 10.166 15
    endloop
  endfacet
  facet normal 0.555792 -0.831322 0
    outer loop
      vertex -15.7724 10.3187 15
      vertex -16.0008 10.166 8.01
      vertex -15.7724 10.3187 8.01
    endloop
  endfacet
  facet normal 0.83149 -0.55554 0
    outer loop
      vertex -16.5411 9.55 15
      vertex -16.3885 9.7784 8.01
      vertex -16.3885 9.7784 15
    endloop
  endfacet
  facet normal 0.83149 -0.55554 0
    outer loop
      vertex -16.3885 9.7784 8.01
      vertex -16.5411 9.55 15
      vertex -16.5411 9.55 8.01
    endloop
  endfacet
  facet normal -0.555792 -0.831322 0
    outer loop
      vertex -13.6724 10.3187 8.01
      vertex -13.444 10.166 15
      vertex -13.6724 10.3187 15
    endloop
  endfacet
  facet normal -0.555792 -0.831322 -0
    outer loop
      vertex -13.444 10.166 15
      vertex -13.6724 10.3187 8.01
      vertex -13.444 10.166 8.01
    endloop
  endfacet
  facet normal 0.0655283 -0.997851 0
    outer loop
      vertex -14.9965 10.582 8.01
      vertex -14.7224 10.6 15
      vertex -14.9965 10.582 15
    endloop
  endfacet
  facet normal 0.0655283 -0.997851 0
    outer loop
      vertex -14.7224 10.6 15
      vertex -14.9965 10.582 8.01
      vertex -14.7224 10.6 8.01
    endloop
  endfacet
  facet normal 0.980778 0.195129 0
    outer loop
      vertex -16.7509 7.95648 15
      vertex -16.8045 8.22589 8.01
      vertex -16.8045 8.22589 15
    endloop
  endfacet
  facet normal 0.980778 0.195129 0
    outer loop
      vertex -16.8045 8.22589 8.01
      vertex -16.7509 7.95648 15
      vertex -16.7509 7.95648 8.01
    endloop
  endfacet
  facet normal 0.997874 -0.0651658 0
    outer loop
      vertex -16.8224 8.5 15
      vertex -16.8045 8.7741 8.01
      vertex -16.8045 8.7741 15
    endloop
  endfacet
  facet normal 0.997874 -0.0651658 0
    outer loop
      vertex -16.8045 8.7741 8.01
      vertex -16.8224 8.5 15
      vertex -16.8224 8.5 8.01
    endloop
  endfacet
  facet normal 0.555565 0.831473 -0
    outer loop
      vertex -15.7724 6.68135 8.01
      vertex -16.0008 6.83396 15
      vertex -15.7724 6.68135 15
    endloop
  endfacet
  facet normal 0.555565 0.831473 0
    outer loop
      vertex -16.0008 6.83396 15
      vertex -15.7724 6.68135 8.01
      vertex -16.0008 6.83396 8.01
    endloop
  endfacet
  facet normal -0.195136 0.980776 0
    outer loop
      vertex -14.1789 6.47156 8.01
      vertex -14.4483 6.41796 15
      vertex -14.1789 6.47156 15
    endloop
  endfacet
  facet normal -0.195136 0.980776 0
    outer loop
      vertex -14.4483 6.41796 15
      vertex -14.1789 6.47156 8.01
      vertex -14.4483 6.41796 8.01
    endloop
  endfacet
  facet normal 0.321465 -0.946921 0
    outer loop
      vertex -15.5261 10.4401 8.01
      vertex -15.266 10.5284 15
      vertex -15.5261 10.4401 15
    endloop
  endfacet
  facet normal 0.321465 -0.946921 0
    outer loop
      vertex -15.266 10.5284 15
      vertex -15.5261 10.4401 8.01
      vertex -15.266 10.5284 8.01
    endloop
  endfacet
  facet normal 0.442108 -0.896962 0
    outer loop
      vertex -15.7724 10.3187 8.01
      vertex -15.5261 10.4401 15
      vertex -15.7724 10.3187 15
    endloop
  endfacet
  facet normal 0.442108 -0.896962 0
    outer loop
      vertex -15.5261 10.4401 15
      vertex -15.7724 10.3187 8.01
      vertex -15.5261 10.4401 8.01
    endloop
  endfacet
  facet normal -0.195136 -0.980776 0
    outer loop
      vertex -14.4483 10.582 8.01
      vertex -14.1789 10.5284 15
      vertex -14.4483 10.582 15
    endloop
  endfacet
  facet normal -0.195136 -0.980776 -0
    outer loop
      vertex -14.1789 10.5284 15
      vertex -14.4483 10.582 8.01
      vertex -14.1789 10.5284 8.01
    endloop
  endfacet
  facet normal 0.946925 -0.321454 0
    outer loop
      vertex -16.7509 9.04352 15
      vertex -16.6626 9.30363 8.01
      vertex -16.6626 9.30363 15
    endloop
  endfacet
  facet normal 0.946925 -0.321454 0
    outer loop
      vertex -16.6626 9.30363 8.01
      vertex -16.7509 9.04352 15
      vertex -16.7509 9.04352 8.01
    endloop
  endfacet
  facet normal -0.441964 -0.897033 0
    outer loop
      vertex -13.9188 10.4401 8.01
      vertex -13.6724 10.3187 15
      vertex -13.9188 10.4401 15
    endloop
  endfacet
  facet normal -0.441964 -0.897033 -0
    outer loop
      vertex -13.6724 10.3187 15
      vertex -13.9188 10.4401 8.01
      vertex -13.6724 10.3187 8.01
    endloop
  endfacet
  facet normal -0.946925 -0.321454 0
    outer loop
      vertex -12.694 9.04352 8.01
      vertex -12.7823 9.30363 15
      vertex -12.7823 9.30363 8.01
    endloop
  endfacet
  facet normal -0.946925 -0.321454 0
    outer loop
      vertex -12.7823 9.30363 15
      vertex -12.694 9.04352 8.01
      vertex -12.694 9.04352 15
    endloop
  endfacet
  facet normal -0.659396 0.751796 0
    outer loop
      vertex -13.2375 7.01508 8.01
      vertex -13.444 6.83396 15
      vertex -13.2375 7.01508 15
    endloop
  endfacet
  facet normal -0.659396 0.751796 0
    outer loop
      vertex -13.444 6.83396 15
      vertex -13.2375 7.01508 8.01
      vertex -13.444 6.83396 8.01
    endloop
  endfacet
  facet normal -0.0655283 -0.997851 0
    outer loop
      vertex -14.7224 10.6 8.01
      vertex -14.4483 10.582 15
      vertex -14.7224 10.6 15
    endloop
  endfacet
  facet normal -0.0655283 -0.997851 -0
    outer loop
      vertex -14.4483 10.582 15
      vertex -14.7224 10.6 8.01
      vertex -14.4483 10.582 8.01
    endloop
  endfacet
  facet normal -0.321465 -0.946921 0
    outer loop
      vertex -14.1789 10.5284 8.01
      vertex -13.9188 10.4401 15
      vertex -14.1789 10.5284 15
    endloop
  endfacet
  facet normal -0.321465 -0.946921 -0
    outer loop
      vertex -13.9188 10.4401 15
      vertex -14.1789 10.5284 8.01
      vertex -13.9188 10.4401 8.01
    endloop
  endfacet
  facet normal -0.751864 -0.659319 0
    outer loop
      vertex -13.0564 9.7784 8.01
      vertex -13.2375 9.98492 15
      vertex -13.2375 9.98492 8.01
    endloop
  endfacet
  facet normal -0.751864 -0.659319 0
    outer loop
      vertex -13.2375 9.98492 15
      vertex -13.0564 9.7784 8.01
      vertex -13.0564 9.7784 15
    endloop
  endfacet
  facet normal -0.83149 -0.55554 0
    outer loop
      vertex -12.9038 9.55 8.01
      vertex -13.0564 9.7784 15
      vertex -13.0564 9.7784 8.01
    endloop
  endfacet
  facet normal -0.83149 -0.55554 0
    outer loop
      vertex -13.0564 9.7784 15
      vertex -12.9038 9.55 8.01
      vertex -12.9038 9.55 15
    endloop
  endfacet
  facet normal -0.997851 0.0655259 0
    outer loop
      vertex -12.6404 8.22589 8.01
      vertex -12.6224 8.5 15
      vertex -12.6224 8.5 8.01
    endloop
  endfacet
  facet normal -0.997851 0.0655259 0
    outer loop
      vertex -12.6224 8.5 15
      vertex -12.6404 8.22589 8.01
      vertex -12.6404 8.22589 15
    endloop
  endfacet
  facet normal 0.442401 0.896817 -0
    outer loop
      vertex -15.5261 6.55985 8.01
      vertex -15.7724 6.68135 15
      vertex -15.5261 6.55985 15
    endloop
  endfacet
  facet normal 0.442401 0.896817 0
    outer loop
      vertex -15.7724 6.68135 15
      vertex -15.5261 6.55985 8.01
      vertex -15.7724 6.68135 8.01
    endloop
  endfacet
  facet normal 0.896867 -0.4423 0
    outer loop
      vertex -16.6626 9.30363 15
      vertex -16.5411 9.55 8.01
      vertex -16.5411 9.55 15
    endloop
  endfacet
  facet normal 0.896867 -0.4423 0
    outer loop
      vertex -16.5411 9.55 8.01
      vertex -16.6626 9.30363 15
      vertex -16.6626 9.30363 8.01
    endloop
  endfacet
  facet normal -0.321433 0.946932 0
    outer loop
      vertex -13.9188 6.55985 8.01
      vertex -14.1789 6.47156 15
      vertex -13.9188 6.55985 15
    endloop
  endfacet
  facet normal -0.321433 0.946932 0
    outer loop
      vertex -14.1789 6.47156 15
      vertex -13.9188 6.55985 8.01
      vertex -14.1789 6.47156 8.01
    endloop
  endfacet
  facet normal -0.659314 -0.751868 0
    outer loop
      vertex -13.444 10.166 8.01
      vertex -13.2375 9.98492 15
      vertex -13.444 10.166 15
    endloop
  endfacet
  facet normal -0.659314 -0.751868 -0
    outer loop
      vertex -13.2375 9.98492 15
      vertex -13.444 10.166 8.01
      vertex -13.2375 9.98492 8.01
    endloop
  endfacet
  facet normal -0.89686 0.442314 0
    outer loop
      vertex -12.9038 7.45 8.01
      vertex -12.7823 7.69636 15.01
      vertex -12.7823 7.69636 8.01
    endloop
  endfacet
  facet normal -0.89686 0.442314 0
    outer loop
      vertex -12.7823 7.69636 15.01
      vertex -12.9038 7.45 8.01
      vertex -12.9038 7.45 15.01
    endloop
  endfacet
  facet normal 0.321433 0.946932 -0
    outer loop
      vertex -15.266 6.47156 8.01
      vertex -15.5261 6.55985 15
      vertex -15.266 6.47156 15
    endloop
  endfacet
  facet normal 0.321433 0.946932 0
    outer loop
      vertex -15.5261 6.55985 15
      vertex -15.266 6.47156 8.01
      vertex -15.5261 6.55985 8.01
    endloop
  endfacet
  facet normal 0.751864 -0.659319 0
    outer loop
      vertex -16.3885 9.7784 15
      vertex -16.2074 9.98492 8.01
      vertex -16.2074 9.98492 15
    endloop
  endfacet
  facet normal 0.751864 -0.659319 0
    outer loop
      vertex -16.2074 9.98492 8.01
      vertex -16.3885 9.7784 15
      vertex -16.3885 9.7784 8.01
    endloop
  endfacet
  facet normal 0.89686 0.442314 0
    outer loop
      vertex -16.5411 7.45 15
      vertex -16.6626 7.69636 8.01
      vertex -16.6626 7.69636 15
    endloop
  endfacet
  facet normal 0.89686 0.442314 0
    outer loop
      vertex -16.6626 7.69636 8.01
      vertex -16.5411 7.45 15
      vertex -16.5411 7.45 8.01
    endloop
  endfacet
  facet normal -0.555565 0.831473 0
    outer loop
      vertex -13.444 6.83396 8.01
      vertex -13.6724 6.68135 15
      vertex -13.444 6.83396 15
    endloop
  endfacet
  facet normal -0.555565 0.831473 0
    outer loop
      vertex -13.6724 6.68135 15
      vertex -13.444 6.83396 8.01
      vertex -13.6724 6.68135 8.01
    endloop
  endfacet
  facet normal 0.195066 0.98079 -0
    outer loop
      vertex -14.9965 6.41796 8.01
      vertex -15.266 6.47156 15
      vertex -14.9965 6.41796 15
    endloop
  endfacet
  facet normal 0.195066 0.98079 0
    outer loop
      vertex -15.266 6.47156 15
      vertex -14.9965 6.41796 8.01
      vertex -15.266 6.47156 8.01
    endloop
  endfacet
  facet normal 0.195066 -0.98079 0
    outer loop
      vertex -15.266 10.5284 8.01
      vertex -14.9965 10.582 15
      vertex -15.266 10.5284 15
    endloop
  endfacet
  facet normal 0.195066 -0.98079 0
    outer loop
      vertex -14.9965 10.582 15
      vertex -15.266 10.5284 8.01
      vertex -14.9965 10.582 8.01
    endloop
  endfacet
  facet normal 0.83149 0.55554 0
    outer loop
      vertex -16.3885 7.2216 15
      vertex -16.5411 7.45 8.01
      vertex -16.5411 7.45 15
    endloop
  endfacet
  facet normal 0.83149 0.55554 0
    outer loop
      vertex -16.5411 7.45 8.01
      vertex -16.3885 7.2216 15
      vertex -16.3885 7.2216 8.01
    endloop
  endfacet
  facet normal -0.751766 0.65943 0
    outer loop
      vertex -13.0564 7.2216 8.01
      vertex -13.2193 7.03589 15
      vertex -13.0564 7.2216 15.01
    endloop
  endfacet
  facet normal -0.751864 0.659319 -5.22241e-06
    outer loop
      vertex -13.2375 7.01508 8.01
      vertex -13.2193 7.03589 15
      vertex -13.0564 7.2216 8.01
    endloop
  endfacet
  facet normal -0.752734 0.658325 0
    outer loop
      vertex -13.2193 7.03589 15
      vertex -13.2375 7.01508 8.01
      vertex -13.2375 7.01508 15
    endloop
  endfacet
  facet normal -0.751766 0.65943 0
    outer loop
      vertex -13.0564 7.2216 15.01
      vertex -13.2193 7.03589 15
      vertex -13.2193 7.03589 15.01
    endloop
  endfacet
  facet normal -0.896867 -0.4423 0
    outer loop
      vertex -12.7823 9.30363 8.01
      vertex -12.9038 9.55 15
      vertex -12.9038 9.55 8.01
    endloop
  endfacet
  facet normal -0.896867 -0.4423 0
    outer loop
      vertex -12.9038 9.55 15
      vertex -12.7823 9.30363 8.01
      vertex -12.7823 9.30363 15
    endloop
  endfacet
  facet normal 0.946929 0.321443 0
    outer loop
      vertex -16.6626 7.69636 15
      vertex -16.7509 7.95648 8.01
      vertex -16.7509 7.95648 15
    endloop
  endfacet
  facet normal 0.946929 0.321443 0
    outer loop
      vertex -16.7509 7.95648 8.01
      vertex -16.6626 7.69636 15
      vertex -16.6626 7.69636 8.01
    endloop
  endfacet
  facet normal 0.980779 -0.195122 0
    outer loop
      vertex -16.8045 8.7741 15
      vertex -16.7509 9.04352 8.01
      vertex -16.7509 9.04352 15
    endloop
  endfacet
  facet normal 0.980779 -0.195122 0
    outer loop
      vertex -16.7509 9.04352 8.01
      vertex -16.8045 8.7741 15
      vertex -16.8045 8.7741 8.01
    endloop
  endfacet
  facet normal -0.997851 -0.0655283 0
    outer loop
      vertex -12.6224 8.5 8.01
      vertex -12.6404 8.7741 15
      vertex -12.6404 8.7741 8.01
    endloop
  endfacet
  facet normal -0.997851 -0.0655283 0
    outer loop
      vertex -12.6404 8.7741 15
      vertex -12.6224 8.5 8.01
      vertex -12.6224 8.5 15
    endloop
  endfacet
  facet normal -0.980778 0.195129 0
    outer loop
      vertex -12.694 7.95648 8.01
      vertex -12.6404 8.22589 15
      vertex -12.6404 8.22589 8.01
    endloop
  endfacet
  facet normal -0.980778 0.195129 0
    outer loop
      vertex -12.6404 8.22589 15
      vertex -12.694 7.95648 8.01
      vertex -12.694 7.95648 15
    endloop
  endfacet
  facet normal 0.659215 0.751954 -0
    outer loop
      vertex -16.0008 6.83396 8.01
      vertex -16.2074 7.01508 15
      vertex -16.0008 6.83396 15
    endloop
  endfacet
  facet normal 0.659215 0.751954 0
    outer loop
      vertex -16.2074 7.01508 15
      vertex -16.0008 6.83396 8.01
      vertex -16.2074 7.01508 8.01
    endloop
  endfacet
  facet normal 0.0653833 0.99786 -0
    outer loop
      vertex -14.7224 6.4 8.01
      vertex -14.9965 6.41796 15
      vertex -14.7224 6.4 15
    endloop
  endfacet
  facet normal 0.0653833 0.99786 0
    outer loop
      vertex -14.9965 6.41796 15
      vertex -14.7224 6.4 8.01
      vertex -14.9965 6.41796 8.01
    endloop
  endfacet
  facet normal -0.83149 0.55554 0
    outer loop
      vertex -13.0564 7.2216 8.01
      vertex -12.9038 7.45 15.01
      vertex -12.9038 7.45 8.01
    endloop
  endfacet
  facet normal -0.83149 0.55554 0
    outer loop
      vertex -12.9038 7.45 15.01
      vertex -13.0564 7.2216 8.01
      vertex -13.0564 7.2216 15.01
    endloop
  endfacet
  facet normal -0.442256 0.896889 0
    outer loop
      vertex -13.6724 6.68135 8.01
      vertex -13.9188 6.55985 15
      vertex -13.6724 6.68135 15
    endloop
  endfacet
  facet normal -0.442256 0.896889 0
    outer loop
      vertex -13.9188 6.55985 15
      vertex -13.6724 6.68135 8.01
      vertex -13.9188 6.55985 8.01
    endloop
  endfacet
  facet normal -0.946898 0.321534 0
    outer loop
      vertex -12.694 7.95648 8.01
      vertex -12.7029 7.93027 15
      vertex -12.694 7.95648 15
    endloop
  endfacet
  facet normal -0.946929 0.321443 -3.77576e-07
    outer loop
      vertex -12.7823 7.69636 8.01
      vertex -12.7029 7.93027 15
      vertex -12.694 7.95648 8.01
    endloop
  endfacet
  facet normal -0.946932 0.321433 0
    outer loop
      vertex -12.7823 7.69636 15.01
      vertex -12.7029 7.93027 15
      vertex -12.7823 7.69636 8.01
    endloop
  endfacet
  facet normal -0.946932 0.321433 0
    outer loop
      vertex -12.7029 7.93027 15
      vertex -12.7823 7.69636 15.01
      vertex -12.7029 7.93027 15.01
    endloop
  endfacet
  facet normal 0.751864 0.659319 0
    outer loop
      vertex -16.2074 7.01508 15
      vertex -16.3885 7.2216 8.01
      vertex -16.3885 7.2216 15
    endloop
  endfacet
  facet normal 0.751864 0.659319 0
    outer loop
      vertex -16.3885 7.2216 8.01
      vertex -16.2074 7.01508 15
      vertex -16.2074 7.01508 8.01
    endloop
  endfacet
  facet normal 0 0 -1
    outer loop
      vertex -12.9904 7.5 15.01
      vertex -12.7823 7.69636 15.01
      vertex -12.9038 7.45 15.01
    endloop
  endfacet
  facet normal -0 0 -1
    outer loop
      vertex -12.7823 7.69636 15.01
      vertex -12.9904 7.5 15.01
      vertex -12.7029 7.93027 15.01
    endloop
  endfacet
  facet normal 0 0 -1
    outer loop
      vertex -13.0564 7.2216 15.01
      vertex -12.9904 7.5 15.01
      vertex -12.9038 7.45 15.01
    endloop
  endfacet
  facet normal 0 0 -1
    outer loop
      vertex -12.9904 7.5 15.01
      vertex -13.0564 7.2216 15.01
      vertex -13.2193 7.03589 15.01
    endloop
  endfacet
  facet normal 0 0 1
    outer loop
      vertex -12.6404 8.7741 8.01
      vertex -12.6404 8.22589 8.01
      vertex -12.6224 8.5 8.01
    endloop
  endfacet
  facet normal 0 0 1
    outer loop
      vertex -12.694 9.04352 8.01
      vertex -12.6404 8.22589 8.01
      vertex -12.6404 8.7741 8.01
    endloop
  endfacet
  facet normal 0 0 1
    outer loop
      vertex -12.694 9.04352 8.01
      vertex -12.694 7.95648 8.01
      vertex -12.6404 8.22589 8.01
    endloop
  endfacet
  facet normal 0 0 1
    outer loop
      vertex -12.7823 9.30363 8.01
      vertex -12.694 7.95648 8.01
      vertex -12.694 9.04352 8.01
    endloop
  endfacet
  facet normal 0 0 1
    outer loop
      vertex -12.7823 9.30363 8.01
      vertex -12.7823 7.69636 8.01
      vertex -12.694 7.95648 8.01
    endloop
  endfacet
  facet normal 0 0 1
    outer loop
      vertex -12.9038 9.55 8.01
      vertex -12.7823 7.69636 8.01
      vertex -12.7823 9.30363 8.01
    endloop
  endfacet
  facet normal 0 0 1
    outer loop
      vertex -12.9038 9.55 8.01
      vertex -12.9038 7.45 8.01
      vertex -12.7823 7.69636 8.01
    endloop
  endfacet
  facet normal 0 0 1
    outer loop
      vertex -13.0564 9.7784 8.01
      vertex -12.9038 7.45 8.01
      vertex -12.9038 9.55 8.01
    endloop
  endfacet
  facet normal 0 0 1
    outer loop
      vertex -13.0564 9.7784 8.01
      vertex -13.0564 7.2216 8.01
      vertex -12.9038 7.45 8.01
    endloop
  endfacet
  facet normal 0 0 1
    outer loop
      vertex -13.2375 9.98492 8.01
      vertex -13.0564 7.2216 8.01
      vertex -13.0564 9.7784 8.01
    endloop
  endfacet
  facet normal 0 0 1
    outer loop
      vertex -13.2375 9.98492 8.01
      vertex -13.2375 7.01508 8.01
      vertex -13.0564 7.2216 8.01
    endloop
  endfacet
  facet normal 0 0 1
    outer loop
      vertex -13.444 10.166 8.01
      vertex -13.2375 7.01508 8.01
      vertex -13.2375 9.98492 8.01
    endloop
  endfacet
  facet normal 0 0 1
    outer loop
      vertex -13.444 10.166 8.01
      vertex -13.444 6.83396 8.01
      vertex -13.2375 7.01508 8.01
    endloop
  endfacet
  facet normal 0 0 1
    outer loop
      vertex -13.6724 10.3187 8.01
      vertex -13.444 6.83396 8.01
      vertex -13.444 10.166 8.01
    endloop
  endfacet
  facet normal 0 0 1
    outer loop
      vertex -13.6724 10.3187 8.01
      vertex -13.6724 6.68135 8.01
      vertex -13.444 6.83396 8.01
    endloop
  endfacet
  facet normal 0 0 1
    outer loop
      vertex -13.9188 10.4401 8.01
      vertex -13.6724 6.68135 8.01
      vertex -13.6724 10.3187 8.01
    endloop
  endfacet
  facet normal 0 0 1
    outer loop
      vertex -13.9188 10.4401 8.01
      vertex -13.9188 6.55985 8.01
      vertex -13.6724 6.68135 8.01
    endloop
  endfacet
  facet normal 0 0 1
    outer loop
      vertex -14.1789 10.5284 8.01
      vertex -13.9188 6.55985 8.01
      vertex -13.9188 10.4401 8.01
    endloop
  endfacet
  facet normal 0 0 1
    outer loop
      vertex -14.1789 10.5284 8.01
      vertex -14.1789 6.47156 8.01
      vertex -13.9188 6.55985 8.01
    endloop
  endfacet
  facet normal 0 0 1
    outer loop
      vertex -14.4483 10.582 8.01
      vertex -14.1789 6.47156 8.01
      vertex -14.1789 10.5284 8.01
    endloop
  endfacet
  facet normal 0 0 1
    outer loop
      vertex -14.4483 10.582 8.01
      vertex -14.4483 6.41796 8.01
      vertex -14.1789 6.47156 8.01
    endloop
  endfacet
  facet normal 0 0 1
    outer loop
      vertex -14.7224 10.6 8.01
      vertex -14.4483 6.41796 8.01
      vertex -14.4483 10.582 8.01
    endloop
  endfacet
  facet normal 0 0 1
    outer loop
      vertex -14.7224 10.6 8.01
      vertex -14.7224 6.4 8.01
      vertex -14.4483 6.41796 8.01
    endloop
  endfacet
  facet normal -0 0 1
    outer loop
      vertex -14.9965 10.582 8.01
      vertex -14.7224 6.4 8.01
      vertex -14.7224 10.6 8.01
    endloop
  endfacet
  facet normal 0 0 1
    outer loop
      vertex -14.9965 10.582 8.01
      vertex -14.9965 6.41796 8.01
      vertex -14.7224 6.4 8.01
    endloop
  endfacet
  facet normal -0 0 1
    outer loop
      vertex -15.266 10.5284 8.01
      vertex -14.9965 6.41796 8.01
      vertex -14.9965 10.582 8.01
    endloop
  endfacet
  facet normal 0 0 1
    outer loop
      vertex -15.266 10.5284 8.01
      vertex -15.266 6.47156 8.01
      vertex -14.9965 6.41796 8.01
    endloop
  endfacet
  facet normal -0 0 1
    outer loop
      vertex -15.5261 10.4401 8.01
      vertex -15.266 6.47156 8.01
      vertex -15.266 10.5284 8.01
    endloop
  endfacet
  facet normal 0 0 1
    outer loop
      vertex -15.5261 10.4401 8.01
      vertex -15.5261 6.55985 8.01
      vertex -15.266 6.47156 8.01
    endloop
  endfacet
  facet normal -0 0 1
    outer loop
      vertex -15.7724 10.3187 8.01
      vertex -15.5261 6.55985 8.01
      vertex -15.5261 10.4401 8.01
    endloop
  endfacet
  facet normal 0 0 1
    outer loop
      vertex -15.7724 10.3187 8.01
      vertex -15.7724 6.68135 8.01
      vertex -15.5261 6.55985 8.01
    endloop
  endfacet
  facet normal -0 0 1
    outer loop
      vertex -16.0008 10.166 8.01
      vertex -15.7724 6.68135 8.01
      vertex -15.7724 10.3187 8.01
    endloop
  endfacet
  facet normal 0 0 1
    outer loop
      vertex -16.0008 10.166 8.01
      vertex -16.0008 6.83396 8.01
      vertex -15.7724 6.68135 8.01
    endloop
  endfacet
  facet normal -0 0 1
    outer loop
      vertex -16.2074 9.98492 8.01
      vertex -16.0008 6.83396 8.01
      vertex -16.0008 10.166 8.01
    endloop
  endfacet
  facet normal 0 0 1
    outer loop
      vertex -16.2074 9.98492 8.01
      vertex -16.2074 7.01508 8.01
      vertex -16.0008 6.83396 8.01
    endloop
  endfacet
  facet normal -0 0 1
    outer loop
      vertex -16.3885 9.7784 8.01
      vertex -16.2074 7.01508 8.01
      vertex -16.2074 9.98492 8.01
    endloop
  endfacet
  facet normal 0 0 1
    outer loop
      vertex -16.3885 9.7784 8.01
      vertex -16.3885 7.2216 8.01
      vertex -16.2074 7.01508 8.01
    endloop
  endfacet
  facet normal -0 0 1
    outer loop
      vertex -16.5411 9.55 8.01
      vertex -16.3885 7.2216 8.01
      vertex -16.3885 9.7784 8.01
    endloop
  endfacet
  facet normal 0 0 1
    outer loop
      vertex -16.5411 9.55 8.01
      vertex -16.5411 7.45 8.01
      vertex -16.3885 7.2216 8.01
    endloop
  endfacet
  facet normal -0 0 1
    outer loop
      vertex -16.6626 9.30363 8.01
      vertex -16.5411 7.45 8.01
      vertex -16.5411 9.55 8.01
    endloop
  endfacet
  facet normal 0 0 1
    outer loop
      vertex -16.6626 9.30363 8.01
      vertex -16.6626 7.69636 8.01
      vertex -16.5411 7.45 8.01
    endloop
  endfacet
  facet normal -0 0 1
    outer loop
      vertex -16.7509 9.04352 8.01
      vertex -16.6626 7.69636 8.01
      vertex -16.6626 9.30363 8.01
    endloop
  endfacet
  facet normal 0 0 1
    outer loop
      vertex -16.7509 9.04352 8.01
      vertex -16.7509 7.95648 8.01
      vertex -16.6626 7.69636 8.01
    endloop
  endfacet
  facet normal -0 0 1
    outer loop
      vertex -16.8045 8.7741 8.01
      vertex -16.7509 7.95648 8.01
      vertex -16.7509 9.04352 8.01
    endloop
  endfacet
  facet normal 0 0 1
    outer loop
      vertex -16.8045 8.7741 8.01
      vertex -16.8045 8.22589 8.01
      vertex -16.7509 7.95648 8.01
    endloop
  endfacet
  facet normal 0 -0 1
    outer loop
      vertex -16.8045 8.22589 8.01
      vertex -16.8045 8.7741 8.01
      vertex -16.8224 8.5 8.01
    endloop
  endfacet
  facet normal -0.0653833 0.99786 0
    outer loop
      vertex -14.4483 6.41796 8.01
      vertex -14.7224 6.4 15
      vertex -14.4483 6.41796 15
    endloop
  endfacet
  facet normal -0.0653833 0.99786 0
    outer loop
      vertex -14.7224 6.4 15
      vertex -14.4483 6.41796 8.01
      vertex -14.7224 6.4 8.01
    endloop
  endfacet
  facet normal 0.441964 -0.897033 0
    outer loop
      vertex 13.6724 10.3187 8.01
      vertex 13.9188 10.4401 15
      vertex 13.6724 10.3187 15
    endloop
  endfacet
  facet normal 0.441964 -0.897033 0
    outer loop
      vertex 13.9188 10.4401 15
      vertex 13.6724 10.3187 8.01
      vertex 13.9188 10.4401 8.01
    endloop
  endfacet
  facet normal 0.997851 -0.0655283 0
    outer loop
      vertex 12.6224 8.5 15
      vertex 12.6404 8.7741 8.01
      vertex 12.6404 8.7741 15
    endloop
  endfacet
  facet normal 0.997851 -0.0655283 0
    outer loop
      vertex 12.6404 8.7741 8.01
      vertex 12.6224 8.5 15
      vertex 12.6224 8.5 8.01
    endloop
  endfacet
  facet normal -0.0653833 0.99786 0
    outer loop
      vertex 14.9965 6.41796 8.01
      vertex 14.7224 6.4 15
      vertex 14.9965 6.41796 15
    endloop
  endfacet
  facet normal -0.0653833 0.99786 0
    outer loop
      vertex 14.7224 6.4 15
      vertex 14.9965 6.41796 8.01
      vertex 14.7224 6.4 8.01
    endloop
  endfacet
  facet normal -0.896867 -0.4423 0
    outer loop
      vertex 16.6626 9.30363 8.01
      vertex 16.5411 9.55 15
      vertex 16.5411 9.55 8.01
    endloop
  endfacet
  facet normal -0.896867 -0.4423 0
    outer loop
      vertex 16.5411 9.55 15
      vertex 16.6626 9.30363 8.01
      vertex 16.6626 9.30363 15
    endloop
  endfacet
  facet normal -0.751864 -0.659319 0
    outer loop
      vertex 16.3885 9.7784 8.01
      vertex 16.2074 9.98492 15
      vertex 16.2074 9.98492 8.01
    endloop
  endfacet
  facet normal -0.751864 -0.659319 0
    outer loop
      vertex 16.2074 9.98492 15
      vertex 16.3885 9.7784 8.01
      vertex 16.3885 9.7784 15
    endloop
  endfacet
  facet normal 0 0 1
    outer loop
      vertex 16.8045 8.7741 8.01
      vertex 16.8045 8.22589 8.01
      vertex 16.8224 8.5 8.01
    endloop
  endfacet
  facet normal 0 0 1
    outer loop
      vertex 16.7509 9.04352 8.01
      vertex 16.8045 8.22589 8.01
      vertex 16.8045 8.7741 8.01
    endloop
  endfacet
  facet normal 0 0 1
    outer loop
      vertex 16.7509 9.04352 8.01
      vertex 16.7509 7.95648 8.01
      vertex 16.8045 8.22589 8.01
    endloop
  endfacet
  facet normal 0 0 1
    outer loop
      vertex 16.6626 9.30363 8.01
      vertex 16.7509 7.95648 8.01
      vertex 16.7509 9.04352 8.01
    endloop
  endfacet
  facet normal 0 0 1
    outer loop
      vertex 16.6626 9.30363 8.01
      vertex 16.6626 7.69636 8.01
      vertex 16.7509 7.95648 8.01
    endloop
  endfacet
  facet normal 0 0 1
    outer loop
      vertex 16.5411 9.55 8.01
      vertex 16.6626 7.69636 8.01
      vertex 16.6626 9.30363 8.01
    endloop
  endfacet
  facet normal 0 0 1
    outer loop
      vertex 16.5411 9.55 8.01
      vertex 16.5411 7.45 8.01
      vertex 16.6626 7.69636 8.01
    endloop
  endfacet
  facet normal 0 0 1
    outer loop
      vertex 16.3885 9.7784 8.01
      vertex 16.5411 7.45 8.01
      vertex 16.5411 9.55 8.01
    endloop
  endfacet
  facet normal 0 0 1
    outer loop
      vertex 16.3885 9.7784 8.01
      vertex 16.3885 7.2216 8.01
      vertex 16.5411 7.45 8.01
    endloop
  endfacet
  facet normal 0 0 1
    outer loop
      vertex 16.2074 9.98492 8.01
      vertex 16.3885 7.2216 8.01
      vertex 16.3885 9.7784 8.01
    endloop
  endfacet
  facet normal 0 0 1
    outer loop
      vertex 16.2074 9.98492 8.01
      vertex 16.2074 7.01508 8.01
      vertex 16.3885 7.2216 8.01
    endloop
  endfacet
  facet normal 0 0 1
    outer loop
      vertex 16.0008 10.166 8.01
      vertex 16.2074 7.01508 8.01
      vertex 16.2074 9.98492 8.01
    endloop
  endfacet
  facet normal 0 0 1
    outer loop
      vertex 16.0008 10.166 8.01
      vertex 16.0008 6.83396 8.01
      vertex 16.2074 7.01508 8.01
    endloop
  endfacet
  facet normal 0 0 1
    outer loop
      vertex 15.7724 10.3187 8.01
      vertex 16.0008 6.83396 8.01
      vertex 16.0008 10.166 8.01
    endloop
  endfacet
  facet normal 0 0 1
    outer loop
      vertex 15.7724 10.3187 8.01
      vertex 15.7724 6.68135 8.01
      vertex 16.0008 6.83396 8.01
    endloop
  endfacet
  facet normal 0 0 1
    outer loop
      vertex 15.5261 10.4401 8.01
      vertex 15.7724 6.68135 8.01
      vertex 15.7724 10.3187 8.01
    endloop
  endfacet
  facet normal 0 0 1
    outer loop
      vertex 15.5261 10.4401 8.01
      vertex 15.5261 6.55985 8.01
      vertex 15.7724 6.68135 8.01
    endloop
  endfacet
  facet normal 0 0 1
    outer loop
      vertex 15.266 10.5284 8.01
      vertex 15.5261 6.55985 8.01
      vertex 15.5261 10.4401 8.01
    endloop
  endfacet
  facet normal 0 0 1
    outer loop
      vertex 15.266 10.5284 8.01
      vertex 15.266 6.47156 8.01
      vertex 15.5261 6.55985 8.01
    endloop
  endfacet
  facet normal 0 0 1
    outer loop
      vertex 14.9965 10.582 8.01
      vertex 15.266 6.47156 8.01
      vertex 15.266 10.5284 8.01
    endloop
  endfacet
  facet normal 0 0 1
    outer loop
      vertex 14.9965 10.582 8.01
      vertex 14.9965 6.41796 8.01
      vertex 15.266 6.47156 8.01
    endloop
  endfacet
  facet normal 0 0 1
    outer loop
      vertex 14.7224 10.6 8.01
      vertex 14.9965 6.41796 8.01
      vertex 14.9965 10.582 8.01
    endloop
  endfacet
  facet normal 0 0 1
    outer loop
      vertex 14.7224 10.6 8.01
      vertex 14.7224 6.4 8.01
      vertex 14.9965 6.41796 8.01
    endloop
  endfacet
  facet normal -0 0 1
    outer loop
      vertex 14.4483 10.582 8.01
      vertex 14.7224 6.4 8.01
      vertex 14.7224 10.6 8.01
    endloop
  endfacet
  facet normal 0 0 1
    outer loop
      vertex 14.4483 10.582 8.01
      vertex 14.4483 6.41796 8.01
      vertex 14.7224 6.4 8.01
    endloop
  endfacet
  facet normal -0 0 1
    outer loop
      vertex 14.1789 10.5284 8.01
      vertex 14.4483 6.41796 8.01
      vertex 14.4483 10.582 8.01
    endloop
  endfacet
  facet normal 0 0 1
    outer loop
      vertex 14.1789 10.5284 8.01
      vertex 14.1789 6.47156 8.01
      vertex 14.4483 6.41796 8.01
    endloop
  endfacet
  facet normal -0 0 1
    outer loop
      vertex 13.9188 10.4401 8.01
      vertex 14.1789 6.47156 8.01
      vertex 14.1789 10.5284 8.01
    endloop
  endfacet
  facet normal 0 0 1
    outer loop
      vertex 13.9188 10.4401 8.01
      vertex 13.9188 6.55985 8.01
      vertex 14.1789 6.47156 8.01
    endloop
  endfacet
  facet normal -0 0 1
    outer loop
      vertex 13.6724 10.3187 8.01
      vertex 13.9188 6.55985 8.01
      vertex 13.9188 10.4401 8.01
    endloop
  endfacet
  facet normal 0 0 1
    outer loop
      vertex 13.6724 10.3187 8.01
      vertex 13.6724 6.68135 8.01
      vertex 13.9188 6.55985 8.01
    endloop
  endfacet
  facet normal -0 0 1
    outer loop
      vertex 13.444 10.166 8.01
      vertex 13.6724 6.68135 8.01
      vertex 13.6724 10.3187 8.01
    endloop
  endfacet
  facet normal 0 0 1
    outer loop
      vertex 13.444 10.166 8.01
      vertex 13.444 6.83396 8.01
      vertex 13.6724 6.68135 8.01
    endloop
  endfacet
  facet normal -0 0 1
    outer loop
      vertex 13.2375 9.98492 8.01
      vertex 13.444 6.83396 8.01
      vertex 13.444 10.166 8.01
    endloop
  endfacet
  facet normal 0 0 1
    outer loop
      vertex 13.2375 9.98492 8.01
      vertex 13.2375 7.01508 8.01
      vertex 13.444 6.83396 8.01
    endloop
  endfacet
  facet normal -0 0 1
    outer loop
      vertex 13.0564 9.7784 8.01
      vertex 13.2375 7.01508 8.01
      vertex 13.2375 9.98492 8.01
    endloop
  endfacet
  facet normal 0 0 1
    outer loop
      vertex 13.0564 9.7784 8.01
      vertex 13.0564 7.2216 8.01
      vertex 13.2375 7.01508 8.01
    endloop
  endfacet
  facet normal -0 0 1
    outer loop
      vertex 12.9038 9.55 8.01
      vertex 13.0564 7.2216 8.01
      vertex 13.0564 9.7784 8.01
    endloop
  endfacet
  facet normal 0 0 1
    outer loop
      vertex 12.9038 9.55 8.01
      vertex 12.9038 7.45 8.01
      vertex 13.0564 7.2216 8.01
    endloop
  endfacet
  facet normal -0 0 1
    outer loop
      vertex 12.7823 9.30363 8.01
      vertex 12.9038 7.45 8.01
      vertex 12.9038 9.55 8.01
    endloop
  endfacet
  facet normal 0 0 1
    outer loop
      vertex 12.7823 9.30363 8.01
      vertex 12.7823 7.69636 8.01
      vertex 12.9038 7.45 8.01
    endloop
  endfacet
  facet normal -0 0 1
    outer loop
      vertex 12.694 9.04352 8.01
      vertex 12.7823 7.69636 8.01
      vertex 12.7823 9.30363 8.01
    endloop
  endfacet
  facet normal 0 0 1
    outer loop
      vertex 12.694 9.04352 8.01
      vertex 12.694 7.95648 8.01
      vertex 12.7823 7.69636 8.01
    endloop
  endfacet
  facet normal -0 0 1
    outer loop
      vertex 12.6404 8.7741 8.01
      vertex 12.694 7.95648 8.01
      vertex 12.694 9.04352 8.01
    endloop
  endfacet
  facet normal 0 0 1
    outer loop
      vertex 12.6404 8.7741 8.01
      vertex 12.6404 8.22589 8.01
      vertex 12.694 7.95648 8.01
    endloop
  endfacet
  facet normal 0 -0 1
    outer loop
      vertex 12.6404 8.22589 8.01
      vertex 12.6404 8.7741 8.01
      vertex 12.6224 8.5 8.01
    endloop
  endfacet
  facet normal 0.195136 0.980776 -0
    outer loop
      vertex 14.4483 6.41796 8.01
      vertex 14.1789 6.47156 15
      vertex 14.4483 6.41796 15
    endloop
  endfacet
  facet normal 0.195136 0.980776 0
    outer loop
      vertex 14.1789 6.47156 15
      vertex 14.4483 6.41796 8.01
      vertex 14.1789 6.47156 8.01
    endloop
  endfacet
  facet normal 0.997851 0.0655259 0
    outer loop
      vertex 12.6404 8.22589 15
      vertex 12.6224 8.5 8.01
      vertex 12.6224 8.5 15
    endloop
  endfacet
  facet normal 0.997851 0.0655259 0
    outer loop
      vertex 12.6224 8.5 8.01
      vertex 12.6404 8.22589 15
      vertex 12.6404 8.22589 8.01
    endloop
  endfacet
  facet normal -0.946929 0.321443 0
    outer loop
      vertex 16.6626 7.69636 8.01
      vertex 16.7509 7.95648 15
      vertex 16.7509 7.95648 8.01
    endloop
  endfacet
  facet normal -0.946929 0.321443 0
    outer loop
      vertex 16.7509 7.95648 15
      vertex 16.6626 7.69636 8.01
      vertex 16.6626 7.69636 15
    endloop
  endfacet
  facet normal 0.321433 0.946932 -0
    outer loop
      vertex 14.1789 6.47156 8.01
      vertex 13.9188 6.55985 15
      vertex 14.1789 6.47156 15
    endloop
  endfacet
  facet normal 0.321433 0.946932 0
    outer loop
      vertex 13.9188 6.55985 15
      vertex 14.1789 6.47156 8.01
      vertex 13.9188 6.55985 8.01
    endloop
  endfacet
  facet normal -0.442108 -0.896962 0
    outer loop
      vertex 15.5261 10.4401 8.01
      vertex 15.7724 10.3187 15
      vertex 15.5261 10.4401 15
    endloop
  endfacet
  facet normal -0.442108 -0.896962 -0
    outer loop
      vertex 15.7724 10.3187 15
      vertex 15.5261 10.4401 8.01
      vertex 15.7724 10.3187 8.01
    endloop
  endfacet
  facet normal 0.751766 0.65943 -0
    outer loop
      vertex 13.2193 7.03589 15
      vertex 13.0564 7.2216 15.01
      vertex 13.2193 7.03589 15.01
    endloop
  endfacet
  facet normal 0.751766 0.65943 0
    outer loop
      vertex 13.0564 7.2216 15.01
      vertex 13.2193 7.03589 15
      vertex 13.0564 7.2216 8.01
    endloop
  endfacet
  facet normal 0.752734 0.658325 -0
    outer loop
      vertex 13.2375 7.01508 8.01
      vertex 13.2193 7.03589 15
      vertex 13.2375 7.01508 15
    endloop
  endfacet
  facet normal 0.751864 0.659319 -5.22241e-06
    outer loop
      vertex 13.2193 7.03589 15
      vertex 13.2375 7.01508 8.01
      vertex 13.0564 7.2216 8.01
    endloop
  endfacet
  facet normal 0.0655283 -0.997851 0
    outer loop
      vertex 14.4483 10.582 8.01
      vertex 14.7224 10.6 15
      vertex 14.4483 10.582 15
    endloop
  endfacet
  facet normal 0.0655283 -0.997851 0
    outer loop
      vertex 14.7224 10.6 15
      vertex 14.4483 10.582 8.01
      vertex 14.7224 10.6 8.01
    endloop
  endfacet
  facet normal -0.83149 0.55554 0
    outer loop
      vertex 16.3885 7.2216 8.01
      vertex 16.5411 7.45 15
      vertex 16.5411 7.45 8.01
    endloop
  endfacet
  facet normal -0.83149 0.55554 0
    outer loop
      vertex 16.5411 7.45 15
      vertex 16.3885 7.2216 8.01
      vertex 16.3885 7.2216 15
    endloop
  endfacet
  facet normal -0.195066 0.98079 0
    outer loop
      vertex 15.266 6.47156 8.01
      vertex 14.9965 6.41796 15
      vertex 15.266 6.47156 15
    endloop
  endfacet
  facet normal -0.195066 0.98079 0
    outer loop
      vertex 14.9965 6.41796 15
      vertex 15.266 6.47156 8.01
      vertex 14.9965 6.41796 8.01
    endloop
  endfacet
  facet normal -0.946925 -0.321454 0
    outer loop
      vertex 16.7509 9.04352 8.01
      vertex 16.6626 9.30363 15
      vertex 16.6626 9.30363 8.01
    endloop
  endfacet
  facet normal -0.946925 -0.321454 0
    outer loop
      vertex 16.6626 9.30363 15
      vertex 16.7509 9.04352 8.01
      vertex 16.7509 9.04352 15
    endloop
  endfacet
  facet normal -0.321433 0.946932 0
    outer loop
      vertex 15.5261 6.55985 8.01
      vertex 15.266 6.47156 15
      vertex 15.5261 6.55985 15
    endloop
  endfacet
  facet normal -0.321433 0.946932 0
    outer loop
      vertex 15.266 6.47156 15
      vertex 15.5261 6.55985 8.01
      vertex 15.266 6.47156 8.01
    endloop
  endfacet
  facet normal -0.997874 -0.0651658 0
    outer loop
      vertex 16.8224 8.5 8.01
      vertex 16.8045 8.7741 15
      vertex 16.8045 8.7741 8.01
    endloop
  endfacet
  facet normal -0.997874 -0.0651658 0
    outer loop
      vertex 16.8045 8.7741 15
      vertex 16.8224 8.5 8.01
      vertex 16.8224 8.5 15
    endloop
  endfacet
  facet normal 0.946898 0.321534 0
    outer loop
      vertex 12.7029 7.93027 15
      vertex 12.694 7.95648 8.01
      vertex 12.694 7.95648 15
    endloop
  endfacet
  facet normal 0.946932 0.321433 -0
    outer loop
      vertex 12.7823 7.69636 8.01
      vertex 12.7029 7.93027 15
      vertex 12.7823 7.69636 15.01
    endloop
  endfacet
  facet normal 0.946929 0.321443 -3.77576e-07
    outer loop
      vertex 12.7029 7.93027 15
      vertex 12.7823 7.69636 8.01
      vertex 12.694 7.95648 8.01
    endloop
  endfacet
  facet normal 0.946932 0.321433 0
    outer loop
      vertex 12.7029 7.93027 15.01
      vertex 12.7823 7.69636 15.01
      vertex 12.7029 7.93027 15
    endloop
  endfacet
  facet normal 0.321465 -0.946921 0
    outer loop
      vertex 13.9188 10.4401 8.01
      vertex 14.1789 10.5284 15
      vertex 13.9188 10.4401 15
    endloop
  endfacet
  facet normal 0.321465 -0.946921 0
    outer loop
      vertex 14.1789 10.5284 15
      vertex 13.9188 10.4401 8.01
      vertex 14.1789 10.5284 8.01
    endloop
  endfacet
  facet normal -0.83149 -0.55554 0
    outer loop
      vertex 16.5411 9.55 8.01
      vertex 16.3885 9.7784 15
      vertex 16.3885 9.7784 8.01
    endloop
  endfacet
  facet normal -0.83149 -0.55554 0
    outer loop
      vertex 16.3885 9.7784 15
      vertex 16.5411 9.55 8.01
      vertex 16.5411 9.55 15
    endloop
  endfacet
  facet normal 0.555565 0.831473 -0
    outer loop
      vertex 13.6724 6.68135 8.01
      vertex 13.444 6.83396 15
      vertex 13.6724 6.68135 15
    endloop
  endfacet
  facet normal 0.555565 0.831473 0
    outer loop
      vertex 13.444 6.83396 15
      vertex 13.6724 6.68135 8.01
      vertex 13.444 6.83396 8.01
    endloop
  endfacet
  facet normal -0.89686 0.442314 0
    outer loop
      vertex 16.5411 7.45 8.01
      vertex 16.6626 7.69636 15
      vertex 16.6626 7.69636 8.01
    endloop
  endfacet
  facet normal -0.89686 0.442314 0
    outer loop
      vertex 16.6626 7.69636 15
      vertex 16.5411 7.45 8.01
      vertex 16.5411 7.45 15
    endloop
  endfacet
  facet normal 0.89686 0.442314 0
    outer loop
      vertex 12.9038 7.45 15.01
      vertex 12.7823 7.69636 8.01
      vertex 12.7823 7.69636 15.01
    endloop
  endfacet
  facet normal 0.89686 0.442314 0
    outer loop
      vertex 12.7823 7.69636 8.01
      vertex 12.9038 7.45 15.01
      vertex 12.9038 7.45 8.01
    endloop
  endfacet
  facet normal 0 0 -1
    outer loop
      vertex 13.0564 7.2216 15.01
      vertex 12.9904 7.5 15.01
      vertex 13.2193 7.03589 15.01
    endloop
  endfacet
  facet normal 0 0 -1
    outer loop
      vertex 12.9038 7.45 15.01
      vertex 12.9904 7.5 15.01
      vertex 13.0564 7.2216 15.01
    endloop
  endfacet
  facet normal 0 0 -1
    outer loop
      vertex 12.7823 7.69636 15.01
      vertex 12.9904 7.5 15.01
      vertex 12.9038 7.45 15.01
    endloop
  endfacet
  facet normal 0 0 -1
    outer loop
      vertex 12.9904 7.5 15.01
      vertex 12.7823 7.69636 15.01
      vertex 12.7029 7.93027 15.01
    endloop
  endfacet
  facet normal -0.997875 0.0651635 0
    outer loop
      vertex 16.8045 8.22589 8.01
      vertex 16.8224 8.5 15
      vertex 16.8224 8.5 8.01
    endloop
  endfacet
  facet normal -0.997875 0.0651635 0
    outer loop
      vertex 16.8224 8.5 15
      vertex 16.8045 8.22589 8.01
      vertex 16.8045 8.22589 15
    endloop
  endfacet
  facet normal 0.83149 0.55554 0
    outer loop
      vertex 13.0564 7.2216 15.01
      vertex 12.9038 7.45 8.01
      vertex 12.9038 7.45 15.01
    endloop
  endfacet
  facet normal 0.83149 0.55554 0
    outer loop
      vertex 12.9038 7.45 8.01
      vertex 13.0564 7.2216 15.01
      vertex 13.0564 7.2216 8.01
    endloop
  endfacet
  facet normal 0.555792 -0.831322 0
    outer loop
      vertex 13.444 10.166 8.01
      vertex 13.6724 10.3187 15
      vertex 13.444 10.166 15
    endloop
  endfacet
  facet normal 0.555792 -0.831322 0
    outer loop
      vertex 13.6724 10.3187 15
      vertex 13.444 10.166 8.01
      vertex 13.6724 10.3187 8.01
    endloop
  endfacet
  facet normal -0.442401 0.896817 0
    outer loop
      vertex 15.7724 6.68135 8.01
      vertex 15.5261 6.55985 15
      vertex 15.7724 6.68135 15
    endloop
  endfacet
  facet normal -0.442401 0.896817 0
    outer loop
      vertex 15.5261 6.55985 15
      vertex 15.7724 6.68135 8.01
      vertex 15.5261 6.55985 8.01
    endloop
  endfacet
  facet normal -0.555565 0.831473 0
    outer loop
      vertex 16.0008 6.83396 8.01
      vertex 15.7724 6.68135 15
      vertex 16.0008 6.83396 15
    endloop
  endfacet
  facet normal -0.555565 0.831473 0
    outer loop
      vertex 15.7724 6.68135 15
      vertex 16.0008 6.83396 8.01
      vertex 15.7724 6.68135 8.01
    endloop
  endfacet
  facet normal 0.980778 0.195129 0
    outer loop
      vertex 12.694 7.95648 15
      vertex 12.6404 8.22589 8.01
      vertex 12.6404 8.22589 15
    endloop
  endfacet
  facet normal 0.980778 0.195129 0
    outer loop
      vertex 12.6404 8.22589 8.01
      vertex 12.694 7.95648 15
      vertex 12.694 7.95648 8.01
    endloop
  endfacet
  facet normal 0.980779 -0.195122 0
    outer loop
      vertex 12.6404 8.7741 15
      vertex 12.694 9.04352 8.01
      vertex 12.694 9.04352 15
    endloop
  endfacet
  facet normal 0.980779 -0.195122 0
    outer loop
      vertex 12.694 9.04352 8.01
      vertex 12.6404 8.7741 15
      vertex 12.6404 8.7741 8.01
    endloop
  endfacet
  facet normal 0.896867 -0.4423 0
    outer loop
      vertex 12.7823 9.30363 15
      vertex 12.9038 9.55 8.01
      vertex 12.9038 9.55 15
    endloop
  endfacet
  facet normal 0.896867 -0.4423 0
    outer loop
      vertex 12.9038 9.55 8.01
      vertex 12.7823 9.30363 15
      vertex 12.7823 9.30363 8.01
    endloop
  endfacet
  facet normal 0.659396 0.751796 -0
    outer loop
      vertex 13.444 6.83396 8.01
      vertex 13.2375 7.01508 15
      vertex 13.444 6.83396 15
    endloop
  endfacet
  facet normal 0.659396 0.751796 0
    outer loop
      vertex 13.2375 7.01508 15
      vertex 13.444 6.83396 8.01
      vertex 13.2375 7.01508 8.01
    endloop
  endfacet
  facet normal -0.980778 0.195129 0
    outer loop
      vertex 16.7509 7.95648 8.01
      vertex 16.8045 8.22589 15
      vertex 16.8045 8.22589 8.01
    endloop
  endfacet
  facet normal -0.980778 0.195129 0
    outer loop
      vertex 16.8045 8.22589 15
      vertex 16.7509 7.95648 8.01
      vertex 16.7509 7.95648 15
    endloop
  endfacet
  facet normal -0.980779 -0.195122 0
    outer loop
      vertex 16.8045 8.7741 8.01
      vertex 16.7509 9.04352 15
      vertex 16.7509 9.04352 8.01
    endloop
  endfacet
  facet normal -0.980779 -0.195122 0
    outer loop
      vertex 16.7509 9.04352 15
      vertex 16.8045 8.7741 8.01
      vertex 16.8045 8.7741 15
    endloop
  endfacet
  facet normal 0.195136 -0.980776 0
    outer loop
      vertex 14.1789 10.5284 8.01
      vertex 14.4483 10.582 15
      vertex 14.1789 10.5284 15
    endloop
  endfacet
  facet normal 0.195136 -0.980776 0
    outer loop
      vertex 14.4483 10.582 15
      vertex 14.1789 10.5284 8.01
      vertex 14.4483 10.582 8.01
    endloop
  endfacet
  facet normal -0.321465 -0.946921 0
    outer loop
      vertex 15.266 10.5284 8.01
      vertex 15.5261 10.4401 15
      vertex 15.266 10.5284 15
    endloop
  endfacet
  facet normal -0.321465 -0.946921 -0
    outer loop
      vertex 15.5261 10.4401 15
      vertex 15.266 10.5284 8.01
      vertex 15.5261 10.4401 8.01
    endloop
  endfacet
  facet normal 0.946925 -0.321454 0
    outer loop
      vertex 12.694 9.04352 15
      vertex 12.7823 9.30363 8.01
      vertex 12.7823 9.30363 15
    endloop
  endfacet
  facet normal 0.946925 -0.321454 0
    outer loop
      vertex 12.7823 9.30363 8.01
      vertex 12.694 9.04352 15
      vertex 12.694 9.04352 8.01
    endloop
  endfacet
  facet normal 0.751864 -0.659319 0
    outer loop
      vertex 13.0564 9.7784 15
      vertex 13.2375 9.98492 8.01
      vertex 13.2375 9.98492 15
    endloop
  endfacet
  facet normal 0.751864 -0.659319 0
    outer loop
      vertex 13.2375 9.98492 8.01
      vertex 13.0564 9.7784 15
      vertex 13.0564 9.7784 8.01
    endloop
  endfacet
  facet normal 0.0653833 0.99786 -0
    outer loop
      vertex 14.7224 6.4 8.01
      vertex 14.4483 6.41796 15
      vertex 14.7224 6.4 15
    endloop
  endfacet
  facet normal 0.0653833 0.99786 0
    outer loop
      vertex 14.4483 6.41796 15
      vertex 14.7224 6.4 8.01
      vertex 14.4483 6.41796 8.01
    endloop
  endfacet
  facet normal -0.659215 0.751954 0
    outer loop
      vertex 16.2074 7.01508 8.01
      vertex 16.0008 6.83396 15
      vertex 16.2074 7.01508 15
    endloop
  endfacet
  facet normal -0.659215 0.751954 0
    outer loop
      vertex 16.0008 6.83396 15
      vertex 16.2074 7.01508 8.01
      vertex 16.0008 6.83396 8.01
    endloop
  endfacet
  facet normal -0.0655283 -0.997851 0
    outer loop
      vertex 14.7224 10.6 8.01
      vertex 14.9965 10.582 15
      vertex 14.7224 10.6 15
    endloop
  endfacet
  facet normal -0.0655283 -0.997851 -0
    outer loop
      vertex 14.9965 10.582 15
      vertex 14.7224 10.6 8.01
      vertex 14.9965 10.582 8.01
    endloop
  endfacet
  facet normal -0.555792 -0.831322 0
    outer loop
      vertex 15.7724 10.3187 8.01
      vertex 16.0008 10.166 15
      vertex 15.7724 10.3187 15
    endloop
  endfacet
  facet normal -0.555792 -0.831322 -0
    outer loop
      vertex 16.0008 10.166 15
      vertex 15.7724 10.3187 8.01
      vertex 16.0008 10.166 8.01
    endloop
  endfacet
  facet normal -0.659133 -0.752026 0
    outer loop
      vertex 16.0008 10.166 8.01
      vertex 16.2074 9.98492 15
      vertex 16.0008 10.166 15
    endloop
  endfacet
  facet normal -0.659133 -0.752026 -0
    outer loop
      vertex 16.2074 9.98492 15
      vertex 16.0008 10.166 8.01
      vertex 16.2074 9.98492 8.01
    endloop
  endfacet
  facet normal 0.83149 -0.55554 0
    outer loop
      vertex 12.9038 9.55 15
      vertex 13.0564 9.7784 8.01
      vertex 13.0564 9.7784 15
    endloop
  endfacet
  facet normal 0.83149 -0.55554 0
    outer loop
      vertex 13.0564 9.7784 8.01
      vertex 12.9038 9.55 15
      vertex 12.9038 9.55 8.01
    endloop
  endfacet
  facet normal -0.751864 0.659319 0
    outer loop
      vertex 16.2074 7.01508 8.01
      vertex 16.3885 7.2216 15
      vertex 16.3885 7.2216 8.01
    endloop
  endfacet
  facet normal -0.751864 0.659319 0
    outer loop
      vertex 16.3885 7.2216 15
      vertex 16.2074 7.01508 8.01
      vertex 16.2074 7.01508 15
    endloop
  endfacet
  facet normal 0.442256 0.896889 -0
    outer loop
      vertex 13.9188 6.55985 8.01
      vertex 13.6724 6.68135 15
      vertex 13.9188 6.55985 15
    endloop
  endfacet
  facet normal 0.442256 0.896889 0
    outer loop
      vertex 13.6724 6.68135 15
      vertex 13.9188 6.55985 8.01
      vertex 13.6724 6.68135 8.01
    endloop
  endfacet
  facet normal 0.659314 -0.751868 0
    outer loop
      vertex 13.2375 9.98492 8.01
      vertex 13.444 10.166 15
      vertex 13.2375 9.98492 15
    endloop
  endfacet
  facet normal 0.659314 -0.751868 0
    outer loop
      vertex 13.444 10.166 15
      vertex 13.2375 9.98492 8.01
      vertex 13.444 10.166 8.01
    endloop
  endfacet
  facet normal -0.195066 -0.98079 0
    outer loop
      vertex 14.9965 10.582 8.01
      vertex 15.266 10.5284 15
      vertex 14.9965 10.582 15
    endloop
  endfacet
  facet normal -0.195066 -0.98079 -0
    outer loop
      vertex 15.266 10.5284 15
      vertex 14.9965 10.582 8.01
      vertex 15.266 10.5284 8.01
    endloop
  endfacet
  facet normal -0.98077 0.195165 0
    outer loop
      vertex -36.3579 30.56 0
      vertex -36.3145 30.7781 4
      vertex -36.3145 30.7781 0
    endloop
  endfacet
  facet normal -0.98077 0.195165 0
    outer loop
      vertex -36.3145 30.7781 4
      vertex -36.3579 30.56 0
      vertex -36.3579 30.56 4
    endloop
  endfacet
  facet normal -0.997872 0.0652057 0
    outer loop
      vertex -36.3145 30.7781 0
      vertex -36.3 31 4
      vertex -36.3 31 0
    endloop
  endfacet
  facet normal -0.997872 0.0652057 0
    outer loop
      vertex -36.3 31 4
      vertex -36.3145 30.7781 0
      vertex -36.3145 30.7781 4
    endloop
  endfacet
  facet normal -0.0652057 -0.997872 0
    outer loop
      vertex -38 32.7 0
      vertex -37.7781 32.6855 4
      vertex -38 32.7 4
    endloop
  endfacet
  facet normal -0.0652057 -0.997872 -0
    outer loop
      vertex -37.7781 32.6855 4
      vertex -38 32.7 0
      vertex -37.7781 32.6855 0
    endloop
  endfacet
  facet normal 0.659268 0.751908 -0
    outer loop
      vertex -39.0349 29.6513 0
      vertex -39.2021 29.7979 4
      vertex -39.0349 29.6513 4
    endloop
  endfacet
  facet normal 0.659268 0.751908 0
    outer loop
      vertex -39.2021 29.7979 4
      vertex -39.0349 29.6513 0
      vertex -39.2021 29.7979 0
    endloop
  endfacet
  facet normal 0.831566 -0.555426 0
    outer loop
      vertex -39.4722 31.85 4
      vertex -39.3487 32.0349 0
      vertex -39.3487 32.0349 4
    endloop
  endfacet
  facet normal 0.831566 -0.555426 0
    outer loop
      vertex -39.3487 32.0349 0
      vertex -39.4722 31.85 4
      vertex -39.4722 31.85 0
    endloop
  endfacet
  facet normal 0.195165 -0.98077 0
    outer loop
      vertex -38.44 32.6421 0
      vertex -38.2219 32.6855 4
      vertex -38.44 32.6421 4
    endloop
  endfacet
  facet normal 0.195165 -0.98077 0
    outer loop
      vertex -38.2219 32.6855 4
      vertex -38.44 32.6421 0
      vertex -38.2219 32.6855 0
    endloop
  endfacet
  facet normal -0.659268 0.751908 0
    outer loop
      vertex -36.7979 29.7979 0
      vertex -36.9651 29.6513 4
      vertex -36.7979 29.7979 4
    endloop
  endfacet
  facet normal -0.659268 0.751908 0
    outer loop
      vertex -36.9651 29.6513 4
      vertex -36.7979 29.7979 0
      vertex -36.9651 29.6513 0
    endloop
  endfacet
  facet normal -0.946915 -0.321484 0
    outer loop
      vertex -36.3579 31.44 0
      vertex -36.4294 31.6506 4
      vertex -36.4294 31.6506 0
    endloop
  endfacet
  facet normal -0.946915 -0.321484 0
    outer loop
      vertex -36.4294 31.6506 4
      vertex -36.3579 31.44 0
      vertex -36.3579 31.44 4
    endloop
  endfacet
  facet normal -0.751908 -0.659268 0
    outer loop
      vertex -36.6513 32.0349 0
      vertex -36.7979 32.2021 4
      vertex -36.7979 32.2021 0
    endloop
  endfacet
  facet normal -0.751908 -0.659268 0
    outer loop
      vertex -36.7979 32.2021 4
      vertex -36.6513 32.0349 0
      vertex -36.6513 32.0349 4
    endloop
  endfacet
  facet normal -0.751908 0.659268 0
    outer loop
      vertex -36.7979 29.7979 0
      vertex -36.6513 29.9651 4
      vertex -36.6513 29.9651 0
    endloop
  endfacet
  facet normal -0.751908 0.659268 0
    outer loop
      vertex -36.6513 29.9651 4
      vertex -36.7979 29.7979 0
      vertex -36.7979 29.7979 4
    endloop
  endfacet
  facet normal 0.946915 -0.321484 0
    outer loop
      vertex -39.6421 31.44 4
      vertex -39.5706 31.6506 0
      vertex -39.5706 31.6506 4
    endloop
  endfacet
  facet normal 0.946915 -0.321484 0
    outer loop
      vertex -39.5706 31.6506 0
      vertex -39.6421 31.44 4
      vertex -39.6421 31.44 0
    endloop
  endfacet
  facet normal -0.321484 -0.946915 0
    outer loop
      vertex -37.56 32.6421 0
      vertex -37.3494 32.5706 4
      vertex -37.56 32.6421 4
    endloop
  endfacet
  facet normal -0.321484 -0.946915 -0
    outer loop
      vertex -37.3494 32.5706 4
      vertex -37.56 32.6421 0
      vertex -37.3494 32.5706 0
    endloop
  endfacet
  facet normal 0.0652057 -0.997872 0
    outer loop
      vertex -38.2219 32.6855 0
      vertex -38 32.7 4
      vertex -38.2219 32.6855 4
    endloop
  endfacet
  facet normal 0.0652057 -0.997872 0
    outer loop
      vertex -38 32.7 4
      vertex -38.2219 32.6855 0
      vertex -38 32.7 0
    endloop
  endfacet
  facet normal 0.321484 0.946915 -0
    outer loop
      vertex -38.44 29.3579 0
      vertex -38.6506 29.4294 4
      vertex -38.44 29.3579 4
    endloop
  endfacet
  facet normal 0.321484 0.946915 0
    outer loop
      vertex -38.6506 29.4294 4
      vertex -38.44 29.3579 0
      vertex -38.6506 29.4294 0
    endloop
  endfacet
  facet normal -0.946915 0.321484 0
    outer loop
      vertex -36.4294 30.3494 0
      vertex -36.3579 30.56 4
      vertex -36.3579 30.56 0
    endloop
  endfacet
  facet normal -0.946915 0.321484 0
    outer loop
      vertex -36.3579 30.56 4
      vertex -36.4294 30.3494 0
      vertex -36.4294 30.3494 4
    endloop
  endfacet
  facet normal 0.751908 0.659268 0
    outer loop
      vertex -39.2021 29.7979 4
      vertex -39.3487 29.9651 0
      vertex -39.3487 29.9651 4
    endloop
  endfacet
  facet normal 0.751908 0.659268 0
    outer loop
      vertex -39.3487 29.9651 0
      vertex -39.2021 29.7979 4
      vertex -39.2021 29.7979 0
    endloop
  endfacet
  facet normal 0.44253 -0.896754 0
    outer loop
      vertex -38.85 32.4722 0
      vertex -38.6506 32.5706 4
      vertex -38.85 32.4722 4
    endloop
  endfacet
  facet normal 0.44253 -0.896754 0
    outer loop
      vertex -38.6506 32.5706 4
      vertex -38.85 32.4722 0
      vertex -38.6506 32.5706 0
    endloop
  endfacet
  facet normal 0.0652057 0.997872 -0
    outer loop
      vertex -38 29.3 0
      vertex -38.2219 29.3145 4
      vertex -38 29.3 4
    endloop
  endfacet
  facet normal 0.0652057 0.997872 0
    outer loop
      vertex -38.2219 29.3145 4
      vertex -38 29.3 0
      vertex -38.2219 29.3145 0
    endloop
  endfacet
  facet normal -0.896754 -0.44253 0
    outer loop
      vertex -36.4294 31.6506 0
      vertex -36.5278 31.85 4
      vertex -36.5278 31.85 0
    endloop
  endfacet
  facet normal -0.896754 -0.44253 0
    outer loop
      vertex -36.5278 31.85 4
      vertex -36.4294 31.6506 0
      vertex -36.4294 31.6506 4
    endloop
  endfacet
  facet normal -0.555426 -0.831566 0
    outer loop
      vertex -37.15 32.4722 0
      vertex -36.9651 32.3487 4
      vertex -37.15 32.4722 4
    endloop
  endfacet
  facet normal -0.555426 -0.831566 -0
    outer loop
      vertex -36.9651 32.3487 4
      vertex -37.15 32.4722 0
      vertex -36.9651 32.3487 0
    endloop
  endfacet
  facet normal 0.98077 -0.195165 0
    outer loop
      vertex -39.6855 31.2219 4
      vertex -39.6421 31.44 0
      vertex -39.6421 31.44 4
    endloop
  endfacet
  facet normal 0.98077 -0.195165 0
    outer loop
      vertex -39.6421 31.44 0
      vertex -39.6855 31.2219 4
      vertex -39.6855 31.2219 0
    endloop
  endfacet
  facet normal -0.195165 0.98077 0
    outer loop
      vertex -37.56 29.3579 0
      vertex -37.7781 29.3145 4
      vertex -37.56 29.3579 4
    endloop
  endfacet
  facet normal -0.195165 0.98077 0
    outer loop
      vertex -37.7781 29.3145 4
      vertex -37.56 29.3579 0
      vertex -37.7781 29.3145 0
    endloop
  endfacet
  facet normal -0.831566 0.555426 0
    outer loop
      vertex -36.6513 29.9651 0
      vertex -36.5278 30.15 4
      vertex -36.5278 30.15 0
    endloop
  endfacet
  facet normal -0.831566 0.555426 0
    outer loop
      vertex -36.5278 30.15 4
      vertex -36.6513 29.9651 0
      vertex -36.6513 29.9651 4
    endloop
  endfacet
  facet normal -0.997872 -0.0652057 0
    outer loop
      vertex -36.3 31 0
      vertex -36.3145 31.2219 4
      vertex -36.3145 31.2219 0
    endloop
  endfacet
  facet normal -0.997872 -0.0652057 0
    outer loop
      vertex -36.3145 31.2219 4
      vertex -36.3 31 0
      vertex -36.3 31 4
    endloop
  endfacet
  facet normal -0.321484 0.946915 0
    outer loop
      vertex -37.3494 29.4294 0
      vertex -37.56 29.3579 4
      vertex -37.3494 29.4294 4
    endloop
  endfacet
  facet normal -0.321484 0.946915 0
    outer loop
      vertex -37.56 29.3579 4
      vertex -37.3494 29.4294 0
      vertex -37.56 29.3579 0
    endloop
  endfacet
  facet normal -0.555426 0.831566 0
    outer loop
      vertex -36.9651 29.6513 0
      vertex -37.15 29.5278 4
      vertex -36.9651 29.6513 4
    endloop
  endfacet
  facet normal -0.555426 0.831566 0
    outer loop
      vertex -37.15 29.5278 4
      vertex -36.9651 29.6513 0
      vertex -37.15 29.5278 0
    endloop
  endfacet
  facet normal 0.195165 0.98077 -0
    outer loop
      vertex -38.2219 29.3145 0
      vertex -38.44 29.3579 4
      vertex -38.2219 29.3145 4
    endloop
  endfacet
  facet normal 0.195165 0.98077 0
    outer loop
      vertex -38.44 29.3579 4
      vertex -38.2219 29.3145 0
      vertex -38.44 29.3579 0
    endloop
  endfacet
  facet normal -0.659268 -0.751908 0
    outer loop
      vertex -36.9651 32.3487 0
      vertex -36.7979 32.2021 4
      vertex -36.9651 32.3487 4
    endloop
  endfacet
  facet normal -0.659268 -0.751908 -0
    outer loop
      vertex -36.7979 32.2021 4
      vertex -36.9651 32.3487 0
      vertex -36.7979 32.2021 0
    endloop
  endfacet
  facet normal 0.896754 0.44253 0
    outer loop
      vertex -39.4722 30.15 4
      vertex -39.5706 30.3494 0
      vertex -39.5706 30.3494 4
    endloop
  endfacet
  facet normal 0.896754 0.44253 0
    outer loop
      vertex -39.5706 30.3494 0
      vertex -39.4722 30.15 4
      vertex -39.4722 30.15 0
    endloop
  endfacet
  facet normal -0.98077 -0.195165 0
    outer loop
      vertex -36.3145 31.2219 0
      vertex -36.3579 31.44 4
      vertex -36.3579 31.44 0
    endloop
  endfacet
  facet normal -0.98077 -0.195165 0
    outer loop
      vertex -36.3579 31.44 4
      vertex -36.3145 31.2219 0
      vertex -36.3145 31.2219 4
    endloop
  endfacet
  facet normal -0.195165 -0.98077 0
    outer loop
      vertex -37.7781 32.6855 0
      vertex -37.56 32.6421 4
      vertex -37.7781 32.6855 4
    endloop
  endfacet
  facet normal -0.195165 -0.98077 -0
    outer loop
      vertex -37.56 32.6421 4
      vertex -37.7781 32.6855 0
      vertex -37.56 32.6421 0
    endloop
  endfacet
  facet normal 0.659268 -0.751908 0
    outer loop
      vertex -39.2021 32.2021 0
      vertex -39.0349 32.3487 4
      vertex -39.2021 32.2021 4
    endloop
  endfacet
  facet normal 0.659268 -0.751908 0
    outer loop
      vertex -39.0349 32.3487 4
      vertex -39.2021 32.2021 0
      vertex -39.0349 32.3487 0
    endloop
  endfacet
  facet normal 0.751908 -0.659268 0
    outer loop
      vertex -39.3487 32.0349 4
      vertex -39.2021 32.2021 0
      vertex -39.2021 32.2021 4
    endloop
  endfacet
  facet normal 0.751908 -0.659268 0
    outer loop
      vertex -39.2021 32.2021 0
      vertex -39.3487 32.0349 4
      vertex -39.3487 32.0349 0
    endloop
  endfacet
  facet normal -0.0652057 0.997872 0
    outer loop
      vertex -37.7781 29.3145 0
      vertex -38 29.3 4
      vertex -37.7781 29.3145 4
    endloop
  endfacet
  facet normal -0.0652057 0.997872 0
    outer loop
      vertex -38 29.3 4
      vertex -37.7781 29.3145 0
      vertex -38 29.3 0
    endloop
  endfacet
  facet normal -0.44253 0.896754 0
    outer loop
      vertex -37.15 29.5278 0
      vertex -37.3494 29.4294 4
      vertex -37.15 29.5278 4
    endloop
  endfacet
  facet normal -0.44253 0.896754 0
    outer loop
      vertex -37.3494 29.4294 4
      vertex -37.15 29.5278 0
      vertex -37.3494 29.4294 0
    endloop
  endfacet
  facet normal -0.831566 -0.555426 0
    outer loop
      vertex -36.5278 31.85 0
      vertex -36.6513 32.0349 4
      vertex -36.6513 32.0349 0
    endloop
  endfacet
  facet normal -0.831566 -0.555426 0
    outer loop
      vertex -36.6513 32.0349 4
      vertex -36.5278 31.85 0
      vertex -36.5278 31.85 4
    endloop
  endfacet
  facet normal 0.997872 -0.0652057 0
    outer loop
      vertex -39.7 31 4
      vertex -39.6855 31.2219 0
      vertex -39.6855 31.2219 4
    endloop
  endfacet
  facet normal 0.997872 -0.0652057 0
    outer loop
      vertex -39.6855 31.2219 0
      vertex -39.7 31 4
      vertex -39.7 31 0
    endloop
  endfacet
  facet normal -0.44253 -0.896754 0
    outer loop
      vertex -37.3494 32.5706 0
      vertex -37.15 32.4722 4
      vertex -37.3494 32.5706 4
    endloop
  endfacet
  facet normal -0.44253 -0.896754 -0
    outer loop
      vertex -37.15 32.4722 4
      vertex -37.3494 32.5706 0
      vertex -37.15 32.4722 0
    endloop
  endfacet
  facet normal 0.98077 0.195165 0
    outer loop
      vertex -39.6421 30.56 4
      vertex -39.6855 30.7781 0
      vertex -39.6855 30.7781 4
    endloop
  endfacet
  facet normal 0.98077 0.195165 0
    outer loop
      vertex -39.6855 30.7781 0
      vertex -39.6421 30.56 4
      vertex -39.6421 30.56 0
    endloop
  endfacet
  facet normal 0.896754 -0.44253 0
    outer loop
      vertex -39.5706 31.6506 4
      vertex -39.4722 31.85 0
      vertex -39.4722 31.85 4
    endloop
  endfacet
  facet normal 0.896754 -0.44253 0
    outer loop
      vertex -39.4722 31.85 0
      vertex -39.5706 31.6506 4
      vertex -39.5706 31.6506 0
    endloop
  endfacet
  facet normal 0.946915 0.321484 0
    outer loop
      vertex -39.5706 30.3494 4
      vertex -39.6421 30.56 0
      vertex -39.6421 30.56 4
    endloop
  endfacet
  facet normal 0.946915 0.321484 0
    outer loop
      vertex -39.6421 30.56 0
      vertex -39.5706 30.3494 4
      vertex -39.5706 30.3494 0
    endloop
  endfacet
  facet normal -0.896754 0.44253 0
    outer loop
      vertex -36.5278 30.15 0
      vertex -36.4294 30.3494 4
      vertex -36.4294 30.3494 0
    endloop
  endfacet
  facet normal -0.896754 0.44253 0
    outer loop
      vertex -36.4294 30.3494 4
      vertex -36.5278 30.15 0
      vertex -36.5278 30.15 4
    endloop
  endfacet
  facet normal 0.997872 0.0652057 0
    outer loop
      vertex -39.6855 30.7781 4
      vertex -39.7 31 0
      vertex -39.7 31 4
    endloop
  endfacet
  facet normal 0.997872 0.0652057 0
    outer loop
      vertex -39.7 31 0
      vertex -39.6855 30.7781 4
      vertex -39.6855 30.7781 0
    endloop
  endfacet
  facet normal 0.321484 -0.946915 0
    outer loop
      vertex -38.6506 32.5706 0
      vertex -38.44 32.6421 4
      vertex -38.6506 32.5706 4
    endloop
  endfacet
  facet normal 0.321484 -0.946915 0
    outer loop
      vertex -38.44 32.6421 4
      vertex -38.6506 32.5706 0
      vertex -38.44 32.6421 0
    endloop
  endfacet
  facet normal 0.44253 0.896754 -0
    outer loop
      vertex -38.6506 29.4294 0
      vertex -38.85 29.5278 4
      vertex -38.6506 29.4294 4
    endloop
  endfacet
  facet normal 0.44253 0.896754 0
    outer loop
      vertex -38.85 29.5278 4
      vertex -38.6506 29.4294 0
      vertex -38.85 29.5278 0
    endloop
  endfacet
  facet normal 0.555426 0.831566 -0
    outer loop
      vertex -38.85 29.5278 0
      vertex -39.0349 29.6513 4
      vertex -38.85 29.5278 4
    endloop
  endfacet
  facet normal 0.555426 0.831566 0
    outer loop
      vertex -39.0349 29.6513 4
      vertex -38.85 29.5278 0
      vertex -39.0349 29.6513 0
    endloop
  endfacet
  facet normal 0.831566 0.555426 0
    outer loop
      vertex -39.3487 29.9651 4
      vertex -39.4722 30.15 0
      vertex -39.4722 30.15 4
    endloop
  endfacet
  facet normal 0.831566 0.555426 0
    outer loop
      vertex -39.4722 30.15 0
      vertex -39.3487 29.9651 4
      vertex -39.3487 29.9651 0
    endloop
  endfacet
  facet normal 0.555426 -0.831566 0
    outer loop
      vertex -39.0349 32.3487 0
      vertex -38.85 32.4722 4
      vertex -39.0349 32.3487 4
    endloop
  endfacet
  facet normal 0.555426 -0.831566 0
    outer loop
      vertex -38.85 32.4722 4
      vertex -39.0349 32.3487 0
      vertex -38.85 32.4722 0
    endloop
  endfacet
  facet normal -0.98077 0.195165 0
    outer loop
      vertex -36.3579 -31.44 0
      vertex -36.3145 -31.2219 4
      vertex -36.3145 -31.2219 0
    endloop
  endfacet
  facet normal -0.98077 0.195165 0
    outer loop
      vertex -36.3145 -31.2219 4
      vertex -36.3579 -31.44 0
      vertex -36.3579 -31.44 4
    endloop
  endfacet
  facet normal -0.997872 0.0652057 0
    outer loop
      vertex -36.3145 -31.2219 0
      vertex -36.3 -31 4
      vertex -36.3 -31 0
    endloop
  endfacet
  facet normal -0.997872 0.0652057 0
    outer loop
      vertex -36.3 -31 4
      vertex -36.3145 -31.2219 0
      vertex -36.3145 -31.2219 4
    endloop
  endfacet
  facet normal 0.44253 0.896754 -0
    outer loop
      vertex -38.6506 -32.5706 0
      vertex -38.85 -32.4722 4
      vertex -38.6506 -32.5706 4
    endloop
  endfacet
  facet normal 0.44253 0.896754 0
    outer loop
      vertex -38.85 -32.4722 4
      vertex -38.6506 -32.5706 0
      vertex -38.85 -32.4722 0
    endloop
  endfacet
  facet normal -0.555426 0.831566 0
    outer loop
      vertex -36.9651 -32.3487 0
      vertex -37.15 -32.4722 4
      vertex -36.9651 -32.3487 4
    endloop
  endfacet
  facet normal -0.555426 0.831566 0
    outer loop
      vertex -37.15 -32.4722 4
      vertex -36.9651 -32.3487 0
      vertex -37.15 -32.4722 0
    endloop
  endfacet
  facet normal 0.659268 0.751908 -0
    outer loop
      vertex -39.0349 -32.3487 0
      vertex -39.2021 -32.2021 4
      vertex -39.0349 -32.3487 4
    endloop
  endfacet
  facet normal 0.659268 0.751908 0
    outer loop
      vertex -39.2021 -32.2021 4
      vertex -39.0349 -32.3487 0
      vertex -39.2021 -32.2021 0
    endloop
  endfacet
  facet normal -0.321484 -0.946915 0
    outer loop
      vertex -37.56 -29.3579 0
      vertex -37.3494 -29.4294 4
      vertex -37.56 -29.3579 4
    endloop
  endfacet
  facet normal -0.321484 -0.946915 -0
    outer loop
      vertex -37.3494 -29.4294 4
      vertex -37.56 -29.3579 0
      vertex -37.3494 -29.4294 0
    endloop
  endfacet
  facet normal -0.831566 -0.555426 0
    outer loop
      vertex -36.5278 -30.15 0
      vertex -36.6513 -29.9651 4
      vertex -36.6513 -29.9651 0
    endloop
  endfacet
  facet normal -0.831566 -0.555426 0
    outer loop
      vertex -36.6513 -29.9651 4
      vertex -36.5278 -30.15 0
      vertex -36.5278 -30.15 4
    endloop
  endfacet
  facet normal -0.946915 -0.321484 0
    outer loop
      vertex -36.3579 -30.56 0
      vertex -36.4294 -30.3494 4
      vertex -36.4294 -30.3494 0
    endloop
  endfacet
  facet normal -0.946915 -0.321484 0
    outer loop
      vertex -36.4294 -30.3494 4
      vertex -36.3579 -30.56 0
      vertex -36.3579 -30.56 4
    endloop
  endfacet
  facet normal -0.321484 0.946915 0
    outer loop
      vertex -37.3494 -32.5706 0
      vertex -37.56 -32.6421 4
      vertex -37.3494 -32.5706 4
    endloop
  endfacet
  facet normal -0.321484 0.946915 0
    outer loop
      vertex -37.56 -32.6421 4
      vertex -37.3494 -32.5706 0
      vertex -37.56 -32.6421 0
    endloop
  endfacet
  facet normal -0.195165 0.98077 0
    outer loop
      vertex -37.56 -32.6421 0
      vertex -37.7781 -32.6855 4
      vertex -37.56 -32.6421 4
    endloop
  endfacet
  facet normal -0.195165 0.98077 0
    outer loop
      vertex -37.7781 -32.6855 4
      vertex -37.56 -32.6421 0
      vertex -37.7781 -32.6855 0
    endloop
  endfacet
  facet normal 0.555426 0.831566 -0
    outer loop
      vertex -38.85 -32.4722 0
      vertex -39.0349 -32.3487 4
      vertex -38.85 -32.4722 4
    endloop
  endfacet
  facet normal 0.555426 0.831566 0
    outer loop
      vertex -39.0349 -32.3487 4
      vertex -38.85 -32.4722 0
      vertex -39.0349 -32.3487 0
    endloop
  endfacet
  facet normal -0.896754 -0.44253 0
    outer loop
      vertex -36.4294 -30.3494 0
      vertex -36.5278 -30.15 4
      vertex -36.5278 -30.15 0
    endloop
  endfacet
  facet normal -0.896754 -0.44253 0
    outer loop
      vertex -36.5278 -30.15 4
      vertex -36.4294 -30.3494 0
      vertex -36.4294 -30.3494 4
    endloop
  endfacet
  facet normal -0.659268 0.751908 0
    outer loop
      vertex -36.7979 -32.2021 0
      vertex -36.9651 -32.3487 4
      vertex -36.7979 -32.2021 4
    endloop
  endfacet
  facet normal -0.659268 0.751908 0
    outer loop
      vertex -36.9651 -32.3487 4
      vertex -36.7979 -32.2021 0
      vertex -36.9651 -32.3487 0
    endloop
  endfacet
  facet normal -0.555426 -0.831566 0
    outer loop
      vertex -37.15 -29.5278 0
      vertex -36.9651 -29.6513 4
      vertex -37.15 -29.5278 4
    endloop
  endfacet
  facet normal -0.555426 -0.831566 -0
    outer loop
      vertex -36.9651 -29.6513 4
      vertex -37.15 -29.5278 0
      vertex -36.9651 -29.6513 0
    endloop
  endfacet
  facet normal -0.44253 0.896754 0
    outer loop
      vertex -37.15 -32.4722 0
      vertex -37.3494 -32.5706 4
      vertex -37.15 -32.4722 4
    endloop
  endfacet
  facet normal -0.44253 0.896754 0
    outer loop
      vertex -37.3494 -32.5706 4
      vertex -37.15 -32.4722 0
      vertex -37.3494 -32.5706 0
    endloop
  endfacet
  facet normal 0.997872 0.0652057 0
    outer loop
      vertex -39.6855 -31.2219 4
      vertex -39.7 -31 0
      vertex -39.7 -31 4
    endloop
  endfacet
  facet normal 0.997872 0.0652057 0
    outer loop
      vertex -39.7 -31 0
      vertex -39.6855 -31.2219 4
      vertex -39.6855 -31.2219 0
    endloop
  endfacet
  facet normal 0.659268 -0.751908 0
    outer loop
      vertex -39.2021 -29.7979 0
      vertex -39.0349 -29.6513 4
      vertex -39.2021 -29.7979 4
    endloop
  endfacet
  facet normal 0.659268 -0.751908 0
    outer loop
      vertex -39.0349 -29.6513 4
      vertex -39.2021 -29.7979 0
      vertex -39.0349 -29.6513 0
    endloop
  endfacet
  facet normal 0.751908 -0.659268 0
    outer loop
      vertex -39.3487 -29.9651 4
      vertex -39.2021 -29.7979 0
      vertex -39.2021 -29.7979 4
    endloop
  endfacet
  facet normal 0.751908 -0.659268 0
    outer loop
      vertex -39.2021 -29.7979 0
      vertex -39.3487 -29.9651 4
      vertex -39.3487 -29.9651 0
    endloop
  endfacet
  facet normal 0.831566 -0.555426 0
    outer loop
      vertex -39.4722 -30.15 4
      vertex -39.3487 -29.9651 0
      vertex -39.3487 -29.9651 4
    endloop
  endfacet
  facet normal 0.831566 -0.555426 0
    outer loop
      vertex -39.3487 -29.9651 0
      vertex -39.4722 -30.15 4
      vertex -39.4722 -30.15 0
    endloop
  endfacet
  facet normal -0.831566 0.555426 0
    outer loop
      vertex -36.6513 -32.0349 0
      vertex -36.5278 -31.85 4
      vertex -36.5278 -31.85 0
    endloop
  endfacet
  facet normal -0.831566 0.555426 0
    outer loop
      vertex -36.5278 -31.85 4
      vertex -36.6513 -32.0349 0
      vertex -36.6513 -32.0349 4
    endloop
  endfacet
  facet normal -0.195165 -0.98077 0
    outer loop
      vertex -37.7781 -29.3145 0
      vertex -37.56 -29.3579 4
      vertex -37.7781 -29.3145 4
    endloop
  endfacet
  facet normal -0.195165 -0.98077 -0
    outer loop
      vertex -37.56 -29.3579 4
      vertex -37.7781 -29.3145 0
      vertex -37.56 -29.3579 0
    endloop
  endfacet
  facet normal -0.98077 -0.195165 0
    outer loop
      vertex -36.3145 -30.7781 0
      vertex -36.3579 -30.56 4
      vertex -36.3579 -30.56 0
    endloop
  endfacet
  facet normal -0.98077 -0.195165 0
    outer loop
      vertex -36.3579 -30.56 4
      vertex -36.3145 -30.7781 0
      vertex -36.3145 -30.7781 4
    endloop
  endfacet
  facet normal 0.946915 -0.321484 0
    outer loop
      vertex -39.6421 -30.56 4
      vertex -39.5706 -30.3494 0
      vertex -39.5706 -30.3494 4
    endloop
  endfacet
  facet normal 0.946915 -0.321484 0
    outer loop
      vertex -39.5706 -30.3494 0
      vertex -39.6421 -30.56 4
      vertex -39.6421 -30.56 0
    endloop
  endfacet
  facet normal -0.44253 -0.896754 0
    outer loop
      vertex -37.3494 -29.4294 0
      vertex -37.15 -29.5278 4
      vertex -37.3494 -29.4294 4
    endloop
  endfacet
  facet normal -0.44253 -0.896754 -0
    outer loop
      vertex -37.15 -29.5278 4
      vertex -37.3494 -29.4294 0
      vertex -37.15 -29.5278 0
    endloop
  endfacet
  facet normal -0.0652057 0.997872 0
    outer loop
      vertex -37.7781 -32.6855 0
      vertex -38 -32.7 4
      vertex -37.7781 -32.6855 4
    endloop
  endfacet
  facet normal -0.0652057 0.997872 0
    outer loop
      vertex -38 -32.7 4
      vertex -37.7781 -32.6855 0
      vertex -38 -32.7 0
    endloop
  endfacet
  facet normal 0.321484 0.946915 -0
    outer loop
      vertex -38.44 -32.6421 0
      vertex -38.6506 -32.5706 4
      vertex -38.44 -32.6421 4
    endloop
  endfacet
  facet normal 0.321484 0.946915 0
    outer loop
      vertex -38.6506 -32.5706 4
      vertex -38.44 -32.6421 0
      vertex -38.6506 -32.5706 0
    endloop
  endfacet
  facet normal 0.195165 0.98077 -0
    outer loop
      vertex -38.2219 -32.6855 0
      vertex -38.44 -32.6421 4
      vertex -38.2219 -32.6855 4
    endloop
  endfacet
  facet normal 0.195165 0.98077 0
    outer loop
      vertex -38.44 -32.6421 4
      vertex -38.2219 -32.6855 0
      vertex -38.44 -32.6421 0
    endloop
  endfacet
  facet normal -0.896754 0.44253 0
    outer loop
      vertex -36.5278 -31.85 0
      vertex -36.4294 -31.6506 4
      vertex -36.4294 -31.6506 0
    endloop
  endfacet
  facet normal -0.896754 0.44253 0
    outer loop
      vertex -36.4294 -31.6506 4
      vertex -36.5278 -31.85 0
      vertex -36.5278 -31.85 4
    endloop
  endfacet
  facet normal -0.997872 -0.0652057 0
    outer loop
      vertex -36.3 -31 0
      vertex -36.3145 -30.7781 4
      vertex -36.3145 -30.7781 0
    endloop
  endfacet
  facet normal -0.997872 -0.0652057 0
    outer loop
      vertex -36.3145 -30.7781 4
      vertex -36.3 -31 0
      vertex -36.3 -31 4
    endloop
  endfacet
  facet normal -0.0652057 -0.997872 0
    outer loop
      vertex -38 -29.3 0
      vertex -37.7781 -29.3145 4
      vertex -38 -29.3 4
    endloop
  endfacet
  facet normal -0.0652057 -0.997872 -0
    outer loop
      vertex -37.7781 -29.3145 4
      vertex -38 -29.3 0
      vertex -37.7781 -29.3145 0
    endloop
  endfacet
  facet normal -0.751908 0.659268 0
    outer loop
      vertex -36.7979 -32.2021 0
      vertex -36.6513 -32.0349 4
      vertex -36.6513 -32.0349 0
    endloop
  endfacet
  facet normal -0.751908 0.659268 0
    outer loop
      vertex -36.6513 -32.0349 4
      vertex -36.7979 -32.2021 0
      vertex -36.7979 -32.2021 4
    endloop
  endfacet
  facet normal 0.997872 -0.0652057 0
    outer loop
      vertex -39.7 -31 4
      vertex -39.6855 -30.7781 0
      vertex -39.6855 -30.7781 4
    endloop
  endfacet
  facet normal 0.997872 -0.0652057 0
    outer loop
      vertex -39.6855 -30.7781 0
      vertex -39.7 -31 4
      vertex -39.7 -31 0
    endloop
  endfacet
  facet normal -0.751908 -0.659268 0
    outer loop
      vertex -36.6513 -29.9651 0
      vertex -36.7979 -29.7979 4
      vertex -36.7979 -29.7979 0
    endloop
  endfacet
  facet normal -0.751908 -0.659268 0
    outer loop
      vertex -36.7979 -29.7979 4
      vertex -36.6513 -29.9651 0
      vertex -36.6513 -29.9651 4
    endloop
  endfacet
  facet normal 0.751908 0.659268 0
    outer loop
      vertex -39.2021 -32.2021 4
      vertex -39.3487 -32.0349 0
      vertex -39.3487 -32.0349 4
    endloop
  endfacet
  facet normal 0.751908 0.659268 0
    outer loop
      vertex -39.3487 -32.0349 0
      vertex -39.2021 -32.2021 4
      vertex -39.2021 -32.2021 0
    endloop
  endfacet
  facet normal 0.831566 0.555426 0
    outer loop
      vertex -39.3487 -32.0349 4
      vertex -39.4722 -31.85 0
      vertex -39.4722 -31.85 4
    endloop
  endfacet
  facet normal 0.831566 0.555426 0
    outer loop
      vertex -39.4722 -31.85 0
      vertex -39.3487 -32.0349 4
      vertex -39.3487 -32.0349 0
    endloop
  endfacet
  facet normal 0.0652057 0.997872 -0
    outer loop
      vertex -38 -32.7 0
      vertex -38.2219 -32.6855 4
      vertex -38 -32.7 4
    endloop
  endfacet
  facet normal 0.0652057 0.997872 0
    outer loop
      vertex -38.2219 -32.6855 4
      vertex -38 -32.7 0
      vertex -38.2219 -32.6855 0
    endloop
  endfacet
  facet normal 0.98077 -0.195165 0
    outer loop
      vertex -39.6855 -30.7781 4
      vertex -39.6421 -30.56 0
      vertex -39.6421 -30.56 4
    endloop
  endfacet
  facet normal 0.98077 -0.195165 0
    outer loop
      vertex -39.6421 -30.56 0
      vertex -39.6855 -30.7781 4
      vertex -39.6855 -30.7781 0
    endloop
  endfacet
  facet normal 0.321484 -0.946915 0
    outer loop
      vertex -38.6506 -29.4294 0
      vertex -38.44 -29.3579 4
      vertex -38.6506 -29.4294 4
    endloop
  endfacet
  facet normal 0.321484 -0.946915 0
    outer loop
      vertex -38.44 -29.3579 4
      vertex -38.6506 -29.4294 0
      vertex -38.44 -29.3579 0
    endloop
  endfacet
  facet normal -0.946915 0.321484 0
    outer loop
      vertex -36.4294 -31.6506 0
      vertex -36.3579 -31.44 4
      vertex -36.3579 -31.44 0
    endloop
  endfacet
  facet normal -0.946915 0.321484 0
    outer loop
      vertex -36.3579 -31.44 4
      vertex -36.4294 -31.6506 0
      vertex -36.4294 -31.6506 4
    endloop
  endfacet
  facet normal 0.44253 -0.896754 0
    outer loop
      vertex -38.85 -29.5278 0
      vertex -38.6506 -29.4294 4
      vertex -38.85 -29.5278 4
    endloop
  endfacet
  facet normal 0.44253 -0.896754 0
    outer loop
      vertex -38.6506 -29.4294 4
      vertex -38.85 -29.5278 0
      vertex -38.6506 -29.4294 0
    endloop
  endfacet
  facet normal 0.555426 -0.831566 0
    outer loop
      vertex -39.0349 -29.6513 0
      vertex -38.85 -29.5278 4
      vertex -39.0349 -29.6513 4
    endloop
  endfacet
  facet normal 0.555426 -0.831566 0
    outer loop
      vertex -38.85 -29.5278 4
      vertex -39.0349 -29.6513 0
      vertex -38.85 -29.5278 0
    endloop
  endfacet
  facet normal 0.0652057 -0.997872 0
    outer loop
      vertex -38.2219 -29.3145 0
      vertex -38 -29.3 4
      vertex -38.2219 -29.3145 4
    endloop
  endfacet
  facet normal 0.0652057 -0.997872 0
    outer loop
      vertex -38 -29.3 4
      vertex -38.2219 -29.3145 0
      vertex -38 -29.3 0
    endloop
  endfacet
  facet normal 0.195165 -0.98077 0
    outer loop
      vertex -38.44 -29.3579 0
      vertex -38.2219 -29.3145 4
      vertex -38.44 -29.3579 4
    endloop
  endfacet
  facet normal 0.195165 -0.98077 0
    outer loop
      vertex -38.2219 -29.3145 4
      vertex -38.44 -29.3579 0
      vertex -38.2219 -29.3145 0
    endloop
  endfacet
  facet normal 0.896754 0.44253 0
    outer loop
      vertex -39.4722 -31.85 4
      vertex -39.5706 -31.6506 0
      vertex -39.5706 -31.6506 4
    endloop
  endfacet
  facet normal 0.896754 0.44253 0
    outer loop
      vertex -39.5706 -31.6506 0
      vertex -39.4722 -31.85 4
      vertex -39.4722 -31.85 0
    endloop
  endfacet
  facet normal 0.896754 -0.44253 0
    outer loop
      vertex -39.5706 -30.3494 4
      vertex -39.4722 -30.15 0
      vertex -39.4722 -30.15 4
    endloop
  endfacet
  facet normal 0.896754 -0.44253 0
    outer loop
      vertex -39.4722 -30.15 0
      vertex -39.5706 -30.3494 4
      vertex -39.5706 -30.3494 0
    endloop
  endfacet
  facet normal 0.98077 0.195165 0
    outer loop
      vertex -39.6421 -31.44 4
      vertex -39.6855 -31.2219 0
      vertex -39.6855 -31.2219 4
    endloop
  endfacet
  facet normal 0.98077 0.195165 0
    outer loop
      vertex -39.6855 -31.2219 0
      vertex -39.6421 -31.44 4
      vertex -39.6421 -31.44 0
    endloop
  endfacet
  facet normal 0.946915 0.321484 0
    outer loop
      vertex -39.5706 -31.6506 4
      vertex -39.6421 -31.44 0
      vertex -39.6421 -31.44 4
    endloop
  endfacet
  facet normal 0.946915 0.321484 0
    outer loop
      vertex -39.6421 -31.44 0
      vertex -39.5706 -31.6506 4
      vertex -39.5706 -31.6506 0
    endloop
  endfacet
  facet normal -0.659268 -0.751908 0
    outer loop
      vertex -36.9651 -29.6513 0
      vertex -36.7979 -29.7979 4
      vertex -36.9651 -29.6513 4
    endloop
  endfacet
  facet normal -0.659268 -0.751908 -0
    outer loop
      vertex -36.7979 -29.7979 4
      vertex -36.9651 -29.6513 0
      vertex -36.7979 -29.7979 0
    endloop
  endfacet
  facet normal -0.98077 0.195165 0
    outer loop
      vertex 39.6421 30.56 0
      vertex 39.6855 30.7781 4
      vertex 39.6855 30.7781 0
    endloop
  endfacet
  facet normal -0.98077 0.195165 0
    outer loop
      vertex 39.6855 30.7781 4
      vertex 39.6421 30.56 0
      vertex 39.6421 30.56 4
    endloop
  endfacet
  facet normal -0.997872 0.0652057 0
    outer loop
      vertex 39.6855 30.7781 0
      vertex 39.7 31 4
      vertex 39.7 31 0
    endloop
  endfacet
  facet normal -0.997872 0.0652057 0
    outer loop
      vertex 39.7 31 4
      vertex 39.6855 30.7781 0
      vertex 39.6855 30.7781 4
    endloop
  endfacet
  facet normal -0.0652057 -0.997872 0
    outer loop
      vertex 38 32.7 0
      vertex 38.2219 32.6855 4
      vertex 38 32.7 4
    endloop
  endfacet
  facet normal -0.0652057 -0.997872 -0
    outer loop
      vertex 38.2219 32.6855 4
      vertex 38 32.7 0
      vertex 38.2219 32.6855 0
    endloop
  endfacet
  facet normal 0.659268 0.751908 -0
    outer loop
      vertex 36.9651 29.6513 0
      vertex 36.7979 29.7979 4
      vertex 36.9651 29.6513 4
    endloop
  endfacet
  facet normal 0.659268 0.751908 0
    outer loop
      vertex 36.7979 29.7979 4
      vertex 36.9651 29.6513 0
      vertex 36.7979 29.7979 0
    endloop
  endfacet
  facet normal 0.831566 -0.555426 0
    outer loop
      vertex 36.5278 31.85 4
      vertex 36.6513 32.0349 0
      vertex 36.6513 32.0349 4
    endloop
  endfacet
  facet normal 0.831566 -0.555426 0
    outer loop
      vertex 36.6513 32.0349 0
      vertex 36.5278 31.85 4
      vertex 36.5278 31.85 0
    endloop
  endfacet
  facet normal 0.195165 -0.98077 0
    outer loop
      vertex 37.56 32.6421 0
      vertex 37.7781 32.6855 4
      vertex 37.56 32.6421 4
    endloop
  endfacet
  facet normal 0.195165 -0.98077 0
    outer loop
      vertex 37.7781 32.6855 4
      vertex 37.56 32.6421 0
      vertex 37.7781 32.6855 0
    endloop
  endfacet
  facet normal -0.659268 0.751908 0
    outer loop
      vertex 39.2021 29.7979 0
      vertex 39.0349 29.6513 4
      vertex 39.2021 29.7979 4
    endloop
  endfacet
  facet normal -0.659268 0.751908 0
    outer loop
      vertex 39.0349 29.6513 4
      vertex 39.2021 29.7979 0
      vertex 39.0349 29.6513 0
    endloop
  endfacet
  facet normal -0.946915 -0.321484 0
    outer loop
      vertex 39.6421 31.44 0
      vertex 39.5706 31.6506 4
      vertex 39.5706 31.6506 0
    endloop
  endfacet
  facet normal -0.946915 -0.321484 0
    outer loop
      vertex 39.5706 31.6506 4
      vertex 39.6421 31.44 0
      vertex 39.6421 31.44 4
    endloop
  endfacet
  facet normal -0.751908 -0.659268 0
    outer loop
      vertex 39.3487 32.0349 0
      vertex 39.2021 32.2021 4
      vertex 39.2021 32.2021 0
    endloop
  endfacet
  facet normal -0.751908 -0.659268 0
    outer loop
      vertex 39.2021 32.2021 4
      vertex 39.3487 32.0349 0
      vertex 39.3487 32.0349 4
    endloop
  endfacet
  facet normal -0.751908 0.659268 0
    outer loop
      vertex 39.2021 29.7979 0
      vertex 39.3487 29.9651 4
      vertex 39.3487 29.9651 0
    endloop
  endfacet
  facet normal -0.751908 0.659268 0
    outer loop
      vertex 39.3487 29.9651 4
      vertex 39.2021 29.7979 0
      vertex 39.2021 29.7979 4
    endloop
  endfacet
  facet normal 0.946915 -0.321484 0
    outer loop
      vertex 36.3579 31.44 4
      vertex 36.4294 31.6506 0
      vertex 36.4294 31.6506 4
    endloop
  endfacet
  facet normal 0.946915 -0.321484 0
    outer loop
      vertex 36.4294 31.6506 0
      vertex 36.3579 31.44 4
      vertex 36.3579 31.44 0
    endloop
  endfacet
  facet normal -0.321484 -0.946915 0
    outer loop
      vertex 38.44 32.6421 0
      vertex 38.6506 32.5706 4
      vertex 38.44 32.6421 4
    endloop
  endfacet
  facet normal -0.321484 -0.946915 -0
    outer loop
      vertex 38.6506 32.5706 4
      vertex 38.44 32.6421 0
      vertex 38.6506 32.5706 0
    endloop
  endfacet
  facet normal 0.0652057 -0.997872 0
    outer loop
      vertex 37.7781 32.6855 0
      vertex 38 32.7 4
      vertex 37.7781 32.6855 4
    endloop
  endfacet
  facet normal 0.0652057 -0.997872 0
    outer loop
      vertex 38 32.7 4
      vertex 37.7781 32.6855 0
      vertex 38 32.7 0
    endloop
  endfacet
  facet normal 0.321484 0.946915 -0
    outer loop
      vertex 37.56 29.3579 0
      vertex 37.3494 29.4294 4
      vertex 37.56 29.3579 4
    endloop
  endfacet
  facet normal 0.321484 0.946915 0
    outer loop
      vertex 37.3494 29.4294 4
      vertex 37.56 29.3579 0
      vertex 37.3494 29.4294 0
    endloop
  endfacet
  facet normal -0.946915 0.321484 0
    outer loop
      vertex 39.5706 30.3494 0
      vertex 39.6421 30.56 4
      vertex 39.6421 30.56 0
    endloop
  endfacet
  facet normal -0.946915 0.321484 0
    outer loop
      vertex 39.6421 30.56 4
      vertex 39.5706 30.3494 0
      vertex 39.5706 30.3494 4
    endloop
  endfacet
  facet normal 0.751908 0.659268 0
    outer loop
      vertex 36.7979 29.7979 4
      vertex 36.6513 29.9651 0
      vertex 36.6513 29.9651 4
    endloop
  endfacet
  facet normal 0.751908 0.659268 0
    outer loop
      vertex 36.6513 29.9651 0
      vertex 36.7979 29.7979 4
      vertex 36.7979 29.7979 0
    endloop
  endfacet
  facet normal 0.44253 -0.896754 0
    outer loop
      vertex 37.15 32.4722 0
      vertex 37.3494 32.5706 4
      vertex 37.15 32.4722 4
    endloop
  endfacet
  facet normal 0.44253 -0.896754 0
    outer loop
      vertex 37.3494 32.5706 4
      vertex 37.15 32.4722 0
      vertex 37.3494 32.5706 0
    endloop
  endfacet
  facet normal 0.0652057 0.997872 -0
    outer loop
      vertex 38 29.3 0
      vertex 37.7781 29.3145 4
      vertex 38 29.3 4
    endloop
  endfacet
  facet normal 0.0652057 0.997872 0
    outer loop
      vertex 37.7781 29.3145 4
      vertex 38 29.3 0
      vertex 37.7781 29.3145 0
    endloop
  endfacet
  facet normal -0.896754 -0.44253 0
    outer loop
      vertex 39.5706 31.6506 0
      vertex 39.4722 31.85 4
      vertex 39.4722 31.85 0
    endloop
  endfacet
  facet normal -0.896754 -0.44253 0
    outer loop
      vertex 39.4722 31.85 4
      vertex 39.5706 31.6506 0
      vertex 39.5706 31.6506 4
    endloop
  endfacet
  facet normal -0.555426 -0.831566 0
    outer loop
      vertex 38.85 32.4722 0
      vertex 39.0349 32.3487 4
      vertex 38.85 32.4722 4
    endloop
  endfacet
  facet normal -0.555426 -0.831566 -0
    outer loop
      vertex 39.0349 32.3487 4
      vertex 38.85 32.4722 0
      vertex 39.0349 32.3487 0
    endloop
  endfacet
  facet normal 0.98077 -0.195165 0
    outer loop
      vertex 36.3145 31.2219 4
      vertex 36.3579 31.44 0
      vertex 36.3579 31.44 4
    endloop
  endfacet
  facet normal 0.98077 -0.195165 0
    outer loop
      vertex 36.3579 31.44 0
      vertex 36.3145 31.2219 4
      vertex 36.3145 31.2219 0
    endloop
  endfacet
  facet normal -0.195165 0.98077 0
    outer loop
      vertex 38.44 29.3579 0
      vertex 38.2219 29.3145 4
      vertex 38.44 29.3579 4
    endloop
  endfacet
  facet normal -0.195165 0.98077 0
    outer loop
      vertex 38.2219 29.3145 4
      vertex 38.44 29.3579 0
      vertex 38.2219 29.3145 0
    endloop
  endfacet
  facet normal -0.831566 0.555426 0
    outer loop
      vertex 39.3487 29.9651 0
      vertex 39.4722 30.15 4
      vertex 39.4722 30.15 0
    endloop
  endfacet
  facet normal -0.831566 0.555426 0
    outer loop
      vertex 39.4722 30.15 4
      vertex 39.3487 29.9651 0
      vertex 39.3487 29.9651 4
    endloop
  endfacet
  facet normal -0.997872 -0.0652057 0
    outer loop
      vertex 39.7 31 0
      vertex 39.6855 31.2219 4
      vertex 39.6855 31.2219 0
    endloop
  endfacet
  facet normal -0.997872 -0.0652057 0
    outer loop
      vertex 39.6855 31.2219 4
      vertex 39.7 31 0
      vertex 39.7 31 4
    endloop
  endfacet
  facet normal -0.321484 0.946915 0
    outer loop
      vertex 38.6506 29.4294 0
      vertex 38.44 29.3579 4
      vertex 38.6506 29.4294 4
    endloop
  endfacet
  facet normal -0.321484 0.946915 0
    outer loop
      vertex 38.44 29.3579 4
      vertex 38.6506 29.4294 0
      vertex 38.44 29.3579 0
    endloop
  endfacet
  facet normal -0.555426 0.831566 0
    outer loop
      vertex 39.0349 29.6513 0
      vertex 38.85 29.5278 4
      vertex 39.0349 29.6513 4
    endloop
  endfacet
  facet normal -0.555426 0.831566 0
    outer loop
      vertex 38.85 29.5278 4
      vertex 39.0349 29.6513 0
      vertex 38.85 29.5278 0
    endloop
  endfacet
  facet normal 0.195165 0.98077 -0
    outer loop
      vertex 37.7781 29.3145 0
      vertex 37.56 29.3579 4
      vertex 37.7781 29.3145 4
    endloop
  endfacet
  facet normal 0.195165 0.98077 0
    outer loop
      vertex 37.56 29.3579 4
      vertex 37.7781 29.3145 0
      vertex 37.56 29.3579 0
    endloop
  endfacet
  facet normal -0.659268 -0.751908 0
    outer loop
      vertex 39.0349 32.3487 0
      vertex 39.2021 32.2021 4
      vertex 39.0349 32.3487 4
    endloop
  endfacet
  facet normal -0.659268 -0.751908 -0
    outer loop
      vertex 39.2021 32.2021 4
      vertex 39.0349 32.3487 0
      vertex 39.2021 32.2021 0
    endloop
  endfacet
  facet normal 0.896754 0.44253 0
    outer loop
      vertex 36.5278 30.15 4
      vertex 36.4294 30.3494 0
      vertex 36.4294 30.3494 4
    endloop
  endfacet
  facet normal 0.896754 0.44253 0
    outer loop
      vertex 36.4294 30.3494 0
      vertex 36.5278 30.15 4
      vertex 36.5278 30.15 0
    endloop
  endfacet
  facet normal -0.98077 -0.195165 0
    outer loop
      vertex 39.6855 31.2219 0
      vertex 39.6421 31.44 4
      vertex 39.6421 31.44 0
    endloop
  endfacet
  facet normal -0.98077 -0.195165 0
    outer loop
      vertex 39.6421 31.44 4
      vertex 39.6855 31.2219 0
      vertex 39.6855 31.2219 4
    endloop
  endfacet
  facet normal -0.195165 -0.98077 0
    outer loop
      vertex 38.2219 32.6855 0
      vertex 38.44 32.6421 4
      vertex 38.2219 32.6855 4
    endloop
  endfacet
  facet normal -0.195165 -0.98077 -0
    outer loop
      vertex 38.44 32.6421 4
      vertex 38.2219 32.6855 0
      vertex 38.44 32.6421 0
    endloop
  endfacet
  facet normal 0.659268 -0.751908 0
    outer loop
      vertex 36.7979 32.2021 0
      vertex 36.9651 32.3487 4
      vertex 36.7979 32.2021 4
    endloop
  endfacet
  facet normal 0.659268 -0.751908 0
    outer loop
      vertex 36.9651 32.3487 4
      vertex 36.7979 32.2021 0
      vertex 36.9651 32.3487 0
    endloop
  endfacet
  facet normal 0.751908 -0.659268 0
    outer loop
      vertex 36.6513 32.0349 4
      vertex 36.7979 32.2021 0
      vertex 36.7979 32.2021 4
    endloop
  endfacet
  facet normal 0.751908 -0.659268 0
    outer loop
      vertex 36.7979 32.2021 0
      vertex 36.6513 32.0349 4
      vertex 36.6513 32.0349 0
    endloop
  endfacet
  facet normal -0.0652057 0.997872 0
    outer loop
      vertex 38.2219 29.3145 0
      vertex 38 29.3 4
      vertex 38.2219 29.3145 4
    endloop
  endfacet
  facet normal -0.0652057 0.997872 0
    outer loop
      vertex 38 29.3 4
      vertex 38.2219 29.3145 0
      vertex 38 29.3 0
    endloop
  endfacet
  facet normal -0.44253 0.896754 0
    outer loop
      vertex 38.85 29.5278 0
      vertex 38.6506 29.4294 4
      vertex 38.85 29.5278 4
    endloop
  endfacet
  facet normal -0.44253 0.896754 0
    outer loop
      vertex 38.6506 29.4294 4
      vertex 38.85 29.5278 0
      vertex 38.6506 29.4294 0
    endloop
  endfacet
  facet normal -0.831566 -0.555426 0
    outer loop
      vertex 39.4722 31.85 0
      vertex 39.3487 32.0349 4
      vertex 39.3487 32.0349 0
    endloop
  endfacet
  facet normal -0.831566 -0.555426 0
    outer loop
      vertex 39.3487 32.0349 4
      vertex 39.4722 31.85 0
      vertex 39.4722 31.85 4
    endloop
  endfacet
  facet normal 0.997872 -0.0652057 0
    outer loop
      vertex 36.3 31 4
      vertex 36.3145 31.2219 0
      vertex 36.3145 31.2219 4
    endloop
  endfacet
  facet normal 0.997872 -0.0652057 0
    outer loop
      vertex 36.3145 31.2219 0
      vertex 36.3 31 4
      vertex 36.3 31 0
    endloop
  endfacet
  facet normal -0.44253 -0.896754 0
    outer loop
      vertex 38.6506 32.5706 0
      vertex 38.85 32.4722 4
      vertex 38.6506 32.5706 4
    endloop
  endfacet
  facet normal -0.44253 -0.896754 -0
    outer loop
      vertex 38.85 32.4722 4
      vertex 38.6506 32.5706 0
      vertex 38.85 32.4722 0
    endloop
  endfacet
  facet normal 0.98077 0.195165 0
    outer loop
      vertex 36.3579 30.56 4
      vertex 36.3145 30.7781 0
      vertex 36.3145 30.7781 4
    endloop
  endfacet
  facet normal 0.98077 0.195165 0
    outer loop
      vertex 36.3145 30.7781 0
      vertex 36.3579 30.56 4
      vertex 36.3579 30.56 0
    endloop
  endfacet
  facet normal 0.896754 -0.44253 0
    outer loop
      vertex 36.4294 31.6506 4
      vertex 36.5278 31.85 0
      vertex 36.5278 31.85 4
    endloop
  endfacet
  facet normal 0.896754 -0.44253 0
    outer loop
      vertex 36.5278 31.85 0
      vertex 36.4294 31.6506 4
      vertex 36.4294 31.6506 0
    endloop
  endfacet
  facet normal 0.946915 0.321484 0
    outer loop
      vertex 36.4294 30.3494 4
      vertex 36.3579 30.56 0
      vertex 36.3579 30.56 4
    endloop
  endfacet
  facet normal 0.946915 0.321484 0
    outer loop
      vertex 36.3579 30.56 0
      vertex 36.4294 30.3494 4
      vertex 36.4294 30.3494 0
    endloop
  endfacet
  facet normal -0.896754 0.44253 0
    outer loop
      vertex 39.4722 30.15 0
      vertex 39.5706 30.3494 4
      vertex 39.5706 30.3494 0
    endloop
  endfacet
  facet normal -0.896754 0.44253 0
    outer loop
      vertex 39.5706 30.3494 4
      vertex 39.4722 30.15 0
      vertex 39.4722 30.15 4
    endloop
  endfacet
  facet normal 0.997872 0.0652057 0
    outer loop
      vertex 36.3145 30.7781 4
      vertex 36.3 31 0
      vertex 36.3 31 4
    endloop
  endfacet
  facet normal 0.997872 0.0652057 0
    outer loop
      vertex 36.3 31 0
      vertex 36.3145 30.7781 4
      vertex 36.3145 30.7781 0
    endloop
  endfacet
  facet normal 0.321484 -0.946915 0
    outer loop
      vertex 37.3494 32.5706 0
      vertex 37.56 32.6421 4
      vertex 37.3494 32.5706 4
    endloop
  endfacet
  facet normal 0.321484 -0.946915 0
    outer loop
      vertex 37.56 32.6421 4
      vertex 37.3494 32.5706 0
      vertex 37.56 32.6421 0
    endloop
  endfacet
  facet normal 0.44253 0.896754 -0
    outer loop
      vertex 37.3494 29.4294 0
      vertex 37.15 29.5278 4
      vertex 37.3494 29.4294 4
    endloop
  endfacet
  facet normal 0.44253 0.896754 0
    outer loop
      vertex 37.15 29.5278 4
      vertex 37.3494 29.4294 0
      vertex 37.15 29.5278 0
    endloop
  endfacet
  facet normal 0.555426 0.831566 -0
    outer loop
      vertex 37.15 29.5278 0
      vertex 36.9651 29.6513 4
      vertex 37.15 29.5278 4
    endloop
  endfacet
  facet normal 0.555426 0.831566 0
    outer loop
      vertex 36.9651 29.6513 4
      vertex 37.15 29.5278 0
      vertex 36.9651 29.6513 0
    endloop
  endfacet
  facet normal 0.831566 0.555426 0
    outer loop
      vertex 36.6513 29.9651 4
      vertex 36.5278 30.15 0
      vertex 36.5278 30.15 4
    endloop
  endfacet
  facet normal 0.831566 0.555426 0
    outer loop
      vertex 36.5278 30.15 0
      vertex 36.6513 29.9651 4
      vertex 36.6513 29.9651 0
    endloop
  endfacet
  facet normal 0.555426 -0.831566 0
    outer loop
      vertex 36.9651 32.3487 0
      vertex 37.15 32.4722 4
      vertex 36.9651 32.3487 4
    endloop
  endfacet
  facet normal 0.555426 -0.831566 0
    outer loop
      vertex 37.15 32.4722 4
      vertex 36.9651 32.3487 0
      vertex 37.15 32.4722 0
    endloop
  endfacet
  facet normal -0.98077 0.195165 0
    outer loop
      vertex 39.6421 -31.44 0
      vertex 39.6855 -31.2219 4
      vertex 39.6855 -31.2219 0
    endloop
  endfacet
  facet normal -0.98077 0.195165 0
    outer loop
      vertex 39.6855 -31.2219 4
      vertex 39.6421 -31.44 0
      vertex 39.6421 -31.44 4
    endloop
  endfacet
  facet normal -0.997872 0.0652057 0
    outer loop
      vertex 39.6855 -31.2219 0
      vertex 39.7 -31 4
      vertex 39.7 -31 0
    endloop
  endfacet
  facet normal -0.997872 0.0652057 0
    outer loop
      vertex 39.7 -31 4
      vertex 39.6855 -31.2219 0
      vertex 39.6855 -31.2219 4
    endloop
  endfacet
  facet normal 0.44253 0.896754 -0
    outer loop
      vertex 37.3494 -32.5706 0
      vertex 37.15 -32.4722 4
      vertex 37.3494 -32.5706 4
    endloop
  endfacet
  facet normal 0.44253 0.896754 0
    outer loop
      vertex 37.15 -32.4722 4
      vertex 37.3494 -32.5706 0
      vertex 37.15 -32.4722 0
    endloop
  endfacet
  facet normal -0.555426 0.831566 0
    outer loop
      vertex 39.0349 -32.3487 0
      vertex 38.85 -32.4722 4
      vertex 39.0349 -32.3487 4
    endloop
  endfacet
  facet normal -0.555426 0.831566 0
    outer loop
      vertex 38.85 -32.4722 4
      vertex 39.0349 -32.3487 0
      vertex 38.85 -32.4722 0
    endloop
  endfacet
  facet normal 0.659268 0.751908 -0
    outer loop
      vertex 36.9651 -32.3487 0
      vertex 36.7979 -32.2021 4
      vertex 36.9651 -32.3487 4
    endloop
  endfacet
  facet normal 0.659268 0.751908 0
    outer loop
      vertex 36.7979 -32.2021 4
      vertex 36.9651 -32.3487 0
      vertex 36.7979 -32.2021 0
    endloop
  endfacet
  facet normal -0.321484 -0.946915 0
    outer loop
      vertex 38.44 -29.3579 0
      vertex 38.6506 -29.4294 4
      vertex 38.44 -29.3579 4
    endloop
  endfacet
  facet normal -0.321484 -0.946915 -0
    outer loop
      vertex 38.6506 -29.4294 4
      vertex 38.44 -29.3579 0
      vertex 38.6506 -29.4294 0
    endloop
  endfacet
  facet normal -0.831566 -0.555426 0
    outer loop
      vertex 39.4722 -30.15 0
      vertex 39.3487 -29.9651 4
      vertex 39.3487 -29.9651 0
    endloop
  endfacet
  facet normal -0.831566 -0.555426 0
    outer loop
      vertex 39.3487 -29.9651 4
      vertex 39.4722 -30.15 0
      vertex 39.4722 -30.15 4
    endloop
  endfacet
  facet normal -0.946915 -0.321484 0
    outer loop
      vertex 39.6421 -30.56 0
      vertex 39.5706 -30.3494 4
      vertex 39.5706 -30.3494 0
    endloop
  endfacet
  facet normal -0.946915 -0.321484 0
    outer loop
      vertex 39.5706 -30.3494 4
      vertex 39.6421 -30.56 0
      vertex 39.6421 -30.56 4
    endloop
  endfacet
  facet normal -0.321484 0.946915 0
    outer loop
      vertex 38.6506 -32.5706 0
      vertex 38.44 -32.6421 4
      vertex 38.6506 -32.5706 4
    endloop
  endfacet
  facet normal -0.321484 0.946915 0
    outer loop
      vertex 38.44 -32.6421 4
      vertex 38.6506 -32.5706 0
      vertex 38.44 -32.6421 0
    endloop
  endfacet
  facet normal -0.195165 0.98077 0
    outer loop
      vertex 38.44 -32.6421 0
      vertex 38.2219 -32.6855 4
      vertex 38.44 -32.6421 4
    endloop
  endfacet
  facet normal -0.195165 0.98077 0
    outer loop
      vertex 38.2219 -32.6855 4
      vertex 38.44 -32.6421 0
      vertex 38.2219 -32.6855 0
    endloop
  endfacet
  facet normal 0.555426 0.831566 -0
    outer loop
      vertex 37.15 -32.4722 0
      vertex 36.9651 -32.3487 4
      vertex 37.15 -32.4722 4
    endloop
  endfacet
  facet normal 0.555426 0.831566 0
    outer loop
      vertex 36.9651 -32.3487 4
      vertex 37.15 -32.4722 0
      vertex 36.9651 -32.3487 0
    endloop
  endfacet
  facet normal -0.896754 -0.44253 0
    outer loop
      vertex 39.5706 -30.3494 0
      vertex 39.4722 -30.15 4
      vertex 39.4722 -30.15 0
    endloop
  endfacet
  facet normal -0.896754 -0.44253 0
    outer loop
      vertex 39.4722 -30.15 4
      vertex 39.5706 -30.3494 0
      vertex 39.5706 -30.3494 4
    endloop
  endfacet
  facet normal -0.659268 0.751908 0
    outer loop
      vertex 39.2021 -32.2021 0
      vertex 39.0349 -32.3487 4
      vertex 39.2021 -32.2021 4
    endloop
  endfacet
  facet normal -0.659268 0.751908 0
    outer loop
      vertex 39.0349 -32.3487 4
      vertex 39.2021 -32.2021 0
      vertex 39.0349 -32.3487 0
    endloop
  endfacet
  facet normal -0.555426 -0.831566 0
    outer loop
      vertex 38.85 -29.5278 0
      vertex 39.0349 -29.6513 4
      vertex 38.85 -29.5278 4
    endloop
  endfacet
  facet normal -0.555426 -0.831566 -0
    outer loop
      vertex 39.0349 -29.6513 4
      vertex 38.85 -29.5278 0
      vertex 39.0349 -29.6513 0
    endloop
  endfacet
  facet normal -0.44253 0.896754 0
    outer loop
      vertex 38.85 -32.4722 0
      vertex 38.6506 -32.5706 4
      vertex 38.85 -32.4722 4
    endloop
  endfacet
  facet normal -0.44253 0.896754 0
    outer loop
      vertex 38.6506 -32.5706 4
      vertex 38.85 -32.4722 0
      vertex 38.6506 -32.5706 0
    endloop
  endfacet
  facet normal 0.659268 -0.751908 0
    outer loop
      vertex 36.7979 -29.7979 0
      vertex 36.9651 -29.6513 4
      vertex 36.7979 -29.7979 4
    endloop
  endfacet
  facet normal 0.659268 -0.751908 0
    outer loop
      vertex 36.9651 -29.6513 4
      vertex 36.7979 -29.7979 0
      vertex 36.9651 -29.6513 0
    endloop
  endfacet
  facet normal 0.751908 -0.659268 0
    outer loop
      vertex 36.6513 -29.9651 4
      vertex 36.7979 -29.7979 0
      vertex 36.7979 -29.7979 4
    endloop
  endfacet
  facet normal 0.751908 -0.659268 0
    outer loop
      vertex 36.7979 -29.7979 0
      vertex 36.6513 -29.9651 4
      vertex 36.6513 -29.9651 0
    endloop
  endfacet
  facet normal 0.831566 -0.555426 0
    outer loop
      vertex 36.5278 -30.15 4
      vertex 36.6513 -29.9651 0
      vertex 36.6513 -29.9651 4
    endloop
  endfacet
  facet normal 0.831566 -0.555426 0
    outer loop
      vertex 36.6513 -29.9651 0
      vertex 36.5278 -30.15 4
      vertex 36.5278 -30.15 0
    endloop
  endfacet
  facet normal -0.831566 0.555426 0
    outer loop
      vertex 39.3487 -32.0349 0
      vertex 39.4722 -31.85 4
      vertex 39.4722 -31.85 0
    endloop
  endfacet
  facet normal -0.831566 0.555426 0
    outer loop
      vertex 39.4722 -31.85 4
      vertex 39.3487 -32.0349 0
      vertex 39.3487 -32.0349 4
    endloop
  endfacet
  facet normal -0.195165 -0.98077 0
    outer loop
      vertex 38.2219 -29.3145 0
      vertex 38.44 -29.3579 4
      vertex 38.2219 -29.3145 4
    endloop
  endfacet
  facet normal -0.195165 -0.98077 -0
    outer loop
      vertex 38.44 -29.3579 4
      vertex 38.2219 -29.3145 0
      vertex 38.44 -29.3579 0
    endloop
  endfacet
  facet normal -0.98077 -0.195165 0
    outer loop
      vertex 39.6855 -30.7781 0
      vertex 39.6421 -30.56 4
      vertex 39.6421 -30.56 0
    endloop
  endfacet
  facet normal -0.98077 -0.195165 0
    outer loop
      vertex 39.6421 -30.56 4
      vertex 39.6855 -30.7781 0
      vertex 39.6855 -30.7781 4
    endloop
  endfacet
  facet normal 0.946915 -0.321484 0
    outer loop
      vertex 36.3579 -30.56 4
      vertex 36.4294 -30.3494 0
      vertex 36.4294 -30.3494 4
    endloop
  endfacet
  facet normal 0.946915 -0.321484 0
    outer loop
      vertex 36.4294 -30.3494 0
      vertex 36.3579 -30.56 4
      vertex 36.3579 -30.56 0
    endloop
  endfacet
  facet normal -0.44253 -0.896754 0
    outer loop
      vertex 38.6506 -29.4294 0
      vertex 38.85 -29.5278 4
      vertex 38.6506 -29.4294 4
    endloop
  endfacet
  facet normal -0.44253 -0.896754 -0
    outer loop
      vertex 38.85 -29.5278 4
      vertex 38.6506 -29.4294 0
      vertex 38.85 -29.5278 0
    endloop
  endfacet
  facet normal -0.0652057 0.997872 0
    outer loop
      vertex 38.2219 -32.6855 0
      vertex 38 -32.7 4
      vertex 38.2219 -32.6855 4
    endloop
  endfacet
  facet normal -0.0652057 0.997872 0
    outer loop
      vertex 38 -32.7 4
      vertex 38.2219 -32.6855 0
      vertex 38 -32.7 0
    endloop
  endfacet
  facet normal 0.321484 0.946915 -0
    outer loop
      vertex 37.56 -32.6421 0
      vertex 37.3494 -32.5706 4
      vertex 37.56 -32.6421 4
    endloop
  endfacet
  facet normal 0.321484 0.946915 0
    outer loop
      vertex 37.3494 -32.5706 4
      vertex 37.56 -32.6421 0
      vertex 37.3494 -32.5706 0
    endloop
  endfacet
  facet normal 0.195165 0.98077 -0
    outer loop
      vertex 37.7781 -32.6855 0
      vertex 37.56 -32.6421 4
      vertex 37.7781 -32.6855 4
    endloop
  endfacet
  facet normal 0.195165 0.98077 0
    outer loop
      vertex 37.56 -32.6421 4
      vertex 37.7781 -32.6855 0
      vertex 37.56 -32.6421 0
    endloop
  endfacet
  facet normal -0.896754 0.44253 0
    outer loop
      vertex 39.4722 -31.85 0
      vertex 39.5706 -31.6506 4
      vertex 39.5706 -31.6506 0
    endloop
  endfacet
  facet normal -0.896754 0.44253 0
    outer loop
      vertex 39.5706 -31.6506 4
      vertex 39.4722 -31.85 0
      vertex 39.4722 -31.85 4
    endloop
  endfacet
  facet normal -0.997872 -0.0652057 0
    outer loop
      vertex 39.7 -31 0
      vertex 39.6855 -30.7781 4
      vertex 39.6855 -30.7781 0
    endloop
  endfacet
  facet normal -0.997872 -0.0652057 0
    outer loop
      vertex 39.6855 -30.7781 4
      vertex 39.7 -31 0
      vertex 39.7 -31 4
    endloop
  endfacet
  facet normal -0.0652057 -0.997872 0
    outer loop
      vertex 38 -29.3 0
      vertex 38.2219 -29.3145 4
      vertex 38 -29.3 4
    endloop
  endfacet
  facet normal -0.0652057 -0.997872 -0
    outer loop
      vertex 38.2219 -29.3145 4
      vertex 38 -29.3 0
      vertex 38.2219 -29.3145 0
    endloop
  endfacet
  facet normal -0.751908 0.659268 0
    outer loop
      vertex 39.2021 -32.2021 0
      vertex 39.3487 -32.0349 4
      vertex 39.3487 -32.0349 0
    endloop
  endfacet
  facet normal -0.751908 0.659268 0
    outer loop
      vertex 39.3487 -32.0349 4
      vertex 39.2021 -32.2021 0
      vertex 39.2021 -32.2021 4
    endloop
  endfacet
  facet normal 0.997872 -0.0652057 0
    outer loop
      vertex 36.3 -31 4
      vertex 36.3145 -30.7781 0
      vertex 36.3145 -30.7781 4
    endloop
  endfacet
  facet normal 0.997872 -0.0652057 0
    outer loop
      vertex 36.3145 -30.7781 0
      vertex 36.3 -31 4
      vertex 36.3 -31 0
    endloop
  endfacet
  facet normal -0.751908 -0.659268 0
    outer loop
      vertex 39.3487 -29.9651 0
      vertex 39.2021 -29.7979 4
      vertex 39.2021 -29.7979 0
    endloop
  endfacet
  facet normal -0.751908 -0.659268 0
    outer loop
      vertex 39.2021 -29.7979 4
      vertex 39.3487 -29.9651 0
      vertex 39.3487 -29.9651 4
    endloop
  endfacet
  facet normal 0.751908 0.659268 0
    outer loop
      vertex 36.7979 -32.2021 4
      vertex 36.6513 -32.0349 0
      vertex 36.6513 -32.0349 4
    endloop
  endfacet
  facet normal 0.751908 0.659268 0
    outer loop
      vertex 36.6513 -32.0349 0
      vertex 36.7979 -32.2021 4
      vertex 36.7979 -32.2021 0
    endloop
  endfacet
  facet normal 0.831566 0.555426 0
    outer loop
      vertex 36.6513 -32.0349 4
      vertex 36.5278 -31.85 0
      vertex 36.5278 -31.85 4
    endloop
  endfacet
  facet normal 0.831566 0.555426 0
    outer loop
      vertex 36.5278 -31.85 0
      vertex 36.6513 -32.0349 4
      vertex 36.6513 -32.0349 0
    endloop
  endfacet
  facet normal 0.0652057 0.997872 -0
    outer loop
      vertex 38 -32.7 0
      vertex 37.7781 -32.6855 4
      vertex 38 -32.7 4
    endloop
  endfacet
  facet normal 0.0652057 0.997872 0
    outer loop
      vertex 37.7781 -32.6855 4
      vertex 38 -32.7 0
      vertex 37.7781 -32.6855 0
    endloop
  endfacet
  facet normal 0.98077 -0.195165 0
    outer loop
      vertex 36.3145 -30.7781 4
      vertex 36.3579 -30.56 0
      vertex 36.3579 -30.56 4
    endloop
  endfacet
  facet normal 0.98077 -0.195165 0
    outer loop
      vertex 36.3579 -30.56 0
      vertex 36.3145 -30.7781 4
      vertex 36.3145 -30.7781 0
    endloop
  endfacet
  facet normal 0.321484 -0.946915 0
    outer loop
      vertex 37.3494 -29.4294 0
      vertex 37.56 -29.3579 4
      vertex 37.3494 -29.4294 4
    endloop
  endfacet
  facet normal 0.321484 -0.946915 0
    outer loop
      vertex 37.56 -29.3579 4
      vertex 37.3494 -29.4294 0
      vertex 37.56 -29.3579 0
    endloop
  endfacet
  facet normal -0.946915 0.321484 0
    outer loop
      vertex 39.5706 -31.6506 0
      vertex 39.6421 -31.44 4
      vertex 39.6421 -31.44 0
    endloop
  endfacet
  facet normal -0.946915 0.321484 0
    outer loop
      vertex 39.6421 -31.44 4
      vertex 39.5706 -31.6506 0
      vertex 39.5706 -31.6506 4
    endloop
  endfacet
  facet normal 0.44253 -0.896754 0
    outer loop
      vertex 37.15 -29.5278 0
      vertex 37.3494 -29.4294 4
      vertex 37.15 -29.5278 4
    endloop
  endfacet
  facet normal 0.44253 -0.896754 0
    outer loop
      vertex 37.3494 -29.4294 4
      vertex 37.15 -29.5278 0
      vertex 37.3494 -29.4294 0
    endloop
  endfacet
  facet normal 0.555426 -0.831566 0
    outer loop
      vertex 36.9651 -29.6513 0
      vertex 37.15 -29.5278 4
      vertex 36.9651 -29.6513 4
    endloop
  endfacet
  facet normal 0.555426 -0.831566 0
    outer loop
      vertex 37.15 -29.5278 4
      vertex 36.9651 -29.6513 0
      vertex 37.15 -29.5278 0
    endloop
  endfacet
  facet normal 0.195165 -0.98077 0
    outer loop
      vertex 37.56 -29.3579 0
      vertex 37.7781 -29.3145 4
      vertex 37.56 -29.3579 4
    endloop
  endfacet
  facet normal 0.195165 -0.98077 0
    outer loop
      vertex 37.7781 -29.3145 4
      vertex 37.56 -29.3579 0
      vertex 37.7781 -29.3145 0
    endloop
  endfacet
  facet normal 0.896754 0.44253 0
    outer loop
      vertex 36.5278 -31.85 4
      vertex 36.4294 -31.6506 0
      vertex 36.4294 -31.6506 4
    endloop
  endfacet
  facet normal 0.896754 0.44253 0
    outer loop
      vertex 36.4294 -31.6506 0
      vertex 36.5278 -31.85 4
      vertex 36.5278 -31.85 0
    endloop
  endfacet
  facet normal 0.0652057 -0.997872 0
    outer loop
      vertex 37.7781 -29.3145 0
      vertex 38 -29.3 4
      vertex 37.7781 -29.3145 4
    endloop
  endfacet
  facet normal 0.0652057 -0.997872 0
    outer loop
      vertex 38 -29.3 4
      vertex 37.7781 -29.3145 0
      vertex 38 -29.3 0
    endloop
  endfacet
  facet normal 0.896754 -0.44253 0
    outer loop
      vertex 36.4294 -30.3494 4
      vertex 36.5278 -30.15 0
      vertex 36.5278 -30.15 4
    endloop
  endfacet
  facet normal 0.896754 -0.44253 0
    outer loop
      vertex 36.5278 -30.15 0
      vertex 36.4294 -30.3494 4
      vertex 36.4294 -30.3494 0
    endloop
  endfacet
  facet normal 0.997872 0.0652057 0
    outer loop
      vertex 36.3145 -31.2219 4
      vertex 36.3 -31 0
      vertex 36.3 -31 4
    endloop
  endfacet
  facet normal 0.997872 0.0652057 0
    outer loop
      vertex 36.3 -31 0
      vertex 36.3145 -31.2219 4
      vertex 36.3145 -31.2219 0
    endloop
  endfacet
  facet normal 0.98077 0.195165 0
    outer loop
      vertex 36.3579 -31.44 4
      vertex 36.3145 -31.2219 0
      vertex 36.3145 -31.2219 4
    endloop
  endfacet
  facet normal 0.98077 0.195165 0
    outer loop
      vertex 36.3145 -31.2219 0
      vertex 36.3579 -31.44 4
      vertex 36.3579 -31.44 0
    endloop
  endfacet
  facet normal 0.946915 0.321484 0
    outer loop
      vertex 36.4294 -31.6506 4
      vertex 36.3579 -31.44 0
      vertex 36.3579 -31.44 4
    endloop
  endfacet
  facet normal 0.946915 0.321484 0
    outer loop
      vertex 36.3579 -31.44 0
      vertex 36.4294 -31.6506 4
      vertex 36.4294 -31.6506 0
    endloop
  endfacet
  facet normal -0.659268 -0.751908 0
    outer loop
      vertex 39.0349 -29.6513 0
      vertex 39.2021 -29.7979 4
      vertex 39.0349 -29.6513 4
    endloop
  endfacet
  facet normal -0.659268 -0.751908 -0
    outer loop
      vertex 39.2021 -29.7979 4
      vertex 39.0349 -29.6513 0
      vertex 39.2021 -29.7979 0
    endloop
  endfacet
  facet normal 0.321558 0.94689 -0
    outer loop
      vertex -9.84116 -36.3893 0
      vertex -10.2437 -36.2526 4
      vertex -9.84116 -36.3893 4
    endloop
  endfacet
  facet normal 0.321558 0.94689 0
    outer loop
      vertex -10.2437 -36.2526 4
      vertex -9.84116 -36.3893 0
      vertex -10.2437 -36.2526 0
    endloop
  endfacet
  facet normal 0.980806 -0.194985 0
    outer loop
      vertex -12.2222 -32.8258 4
      vertex -12.1393 -32.4088 0
      vertex -12.1393 -32.4088 4
    endloop
  endfacet
  facet normal 0.980806 -0.194985 0
    outer loop
      vertex -12.1393 -32.4088 0
      vertex -12.2222 -32.8258 4
      vertex -12.2222 -32.8258 0
    endloop
  endfacet
  facet normal 0 1 -0
    outer loop
      vertex 9 -36.5 0
      vertex -9 -36.5 4
      vertex 9 -36.5 4
    endloop
  endfacet
  facet normal 0 1 0
    outer loop
      vertex -9 -36.5 4
      vertex 9 -36.5 0
      vertex -9 -36.5 0
    endloop
  endfacet
  facet normal -0.997859 -0.0653948 0
    outer loop
      vertex 12.25 -33.25 0
      vertex 12.2222 -32.8258 4
      vertex 12.2222 -32.8258 0
    endloop
  endfacet
  facet normal -0.997859 -0.0653948 0
    outer loop
      vertex 12.2222 -32.8258 4
      vertex 12.25 -33.25 0
      vertex 12.25 -33.25 4
    endloop
  endfacet
  facet normal 0.0653933 -0.99786 0
    outer loop
      vertex -9.42421 -30.0278 0
      vertex -9 -30 4
      vertex -9.42421 -30.0278 4
    endloop
  endfacet
  facet normal 0.0653933 -0.99786 0
    outer loop
      vertex -9 -30 4
      vertex -9.42421 -30.0278 0
      vertex -9 -30 0
    endloop
  endfacet
  facet normal -0.195008 0.980802 0
    outer loop
      vertex 9.84116 -36.3893 0
      vertex 9.42421 -36.4722 4
      vertex 9.84116 -36.3893 4
    endloop
  endfacet
  facet normal -0.195008 0.980802 0
    outer loop
      vertex 9.42421 -36.4722 4
      vertex 9.84116 -36.3893 0
      vertex 9.42421 -36.4722 0
    endloop
  endfacet
  facet normal 0.65937 0.751818 -0
    outer loop
      vertex -10.9785 -35.8284 0
      vertex -11.2981 -35.5481 4
      vertex -10.9785 -35.8284 4
    endloop
  endfacet
  facet normal 0.65937 0.751818 0
    outer loop
      vertex -11.2981 -35.5481 4
      vertex -10.9785 -35.8284 0
      vertex -11.2981 -35.5481 0
    endloop
  endfacet
  facet normal -0.555568 0.831471 0
    outer loop
      vertex 10.9785 -35.8284 0
      vertex 10.625 -36.0646 4
      vertex 10.9785 -35.8284 4
    endloop
  endfacet
  facet normal -0.555568 0.831471 0
    outer loop
      vertex 10.625 -36.0646 4
      vertex 10.9785 -35.8284 0
      vertex 10.625 -36.0646 0
    endloop
  endfacet
  facet normal -0.831471 0.555568 0
    outer loop
      vertex 11.5784 -35.2285 0
      vertex 11.8146 -34.875 4
      vertex 11.8146 -34.875 0
    endloop
  endfacet
  facet normal -0.831471 0.555568 0
    outer loop
      vertex 11.8146 -34.875 4
      vertex 11.5784 -35.2285 0
      vertex 11.5784 -35.2285 4
    endloop
  endfacet
  facet normal -0.0653933 -0.99786 0
    outer loop
      vertex 9 -30 0
      vertex 9.42421 -30.0278 4
      vertex 9 -30 4
    endloop
  endfacet
  facet normal -0.0653933 -0.99786 -0
    outer loop
      vertex 9.42421 -30.0278 4
      vertex 9 -30 0
      vertex 9.42421 -30.0278 0
    endloop
  endfacet
  facet normal 0.555568 -0.831471 0
    outer loop
      vertex -10.9785 -30.6716 0
      vertex -10.625 -30.4354 4
      vertex -10.9785 -30.6716 4
    endloop
  endfacet
  facet normal 0.555568 -0.831471 0
    outer loop
      vertex -10.625 -30.4354 4
      vertex -10.9785 -30.6716 0
      vertex -10.625 -30.4354 0
    endloop
  endfacet
  facet normal 0.751818 0.65937 0
    outer loop
      vertex -11.2981 -35.5481 4
      vertex -11.5784 -35.2285 0
      vertex -11.5784 -35.2285 4
    endloop
  endfacet
  facet normal 0.751818 0.65937 0
    outer loop
      vertex -11.5784 -35.2285 0
      vertex -11.2981 -35.5481 4
      vertex -11.2981 -35.5481 0
    endloop
  endfacet
  facet normal -0.321558 -0.94689 0
    outer loop
      vertex 9.84116 -30.1107 0
      vertex 10.2437 -30.2474 4
      vertex 9.84116 -30.1107 4
    endloop
  endfacet
  facet normal -0.321558 -0.94689 -0
    outer loop
      vertex 10.2437 -30.2474 4
      vertex 9.84116 -30.1107 0
      vertex 10.2437 -30.2474 0
    endloop
  endfacet
  facet normal -0.44222 0.896907 0
    outer loop
      vertex 10.625 -36.0646 0
      vertex 10.2437 -36.2526 4
      vertex 10.625 -36.0646 4
    endloop
  endfacet
  facet normal -0.44222 0.896907 0
    outer loop
      vertex 10.2437 -36.2526 4
      vertex 10.625 -36.0646 0
      vertex 10.2437 -36.2526 0
    endloop
  endfacet
  facet normal 0.980806 0.194985 0
    outer loop
      vertex -12.1393 -34.0912 4
      vertex -12.2222 -33.6742 0
      vertex -12.2222 -33.6742 4
    endloop
  endfacet
  facet normal 0.980806 0.194985 0
    outer loop
      vertex -12.2222 -33.6742 0
      vertex -12.1393 -34.0912 4
      vertex -12.1393 -34.0912 0
    endloop
  endfacet
  facet normal -0.831471 -0.555568 0
    outer loop
      vertex 11.8146 -31.625 0
      vertex 11.5784 -31.2715 4
      vertex 11.5784 -31.2715 0
    endloop
  endfacet
  facet normal -0.831471 -0.555568 0
    outer loop
      vertex 11.5784 -31.2715 4
      vertex 11.8146 -31.625 0
      vertex 11.8146 -31.625 4
    endloop
  endfacet
  facet normal -0.65937 -0.751818 0
    outer loop
      vertex 10.9785 -30.6716 0
      vertex 11.2981 -30.9519 4
      vertex 10.9785 -30.6716 4
    endloop
  endfacet
  facet normal -0.65937 -0.751818 -0
    outer loop
      vertex 11.2981 -30.9519 4
      vertex 10.9785 -30.6716 0
      vertex 11.2981 -30.9519 0
    endloop
  endfacet
  facet normal -0.896907 0.44222 0
    outer loop
      vertex 11.8146 -34.875 0
      vertex 12.0026 -34.4937 4
      vertex 12.0026 -34.4937 0
    endloop
  endfacet
  facet normal -0.896907 0.44222 0
    outer loop
      vertex 12.0026 -34.4937 4
      vertex 11.8146 -34.875 0
      vertex 11.8146 -34.875 4
    endloop
  endfacet
  facet normal -0.321558 0.94689 0
    outer loop
      vertex 10.2437 -36.2526 0
      vertex 9.84116 -36.3893 4
      vertex 10.2437 -36.2526 4
    endloop
  endfacet
  facet normal -0.321558 0.94689 0
    outer loop
      vertex 9.84116 -36.3893 4
      vertex 10.2437 -36.2526 0
      vertex 9.84116 -36.3893 0
    endloop
  endfacet
  facet normal -0.997859 0.0653948 0
    outer loop
      vertex 12.2222 -33.6742 0
      vertex 12.25 -33.25 4
      vertex 12.25 -33.25 0
    endloop
  endfacet
  facet normal -0.997859 0.0653948 0
    outer loop
      vertex 12.25 -33.25 4
      vertex 12.2222 -33.6742 0
      vertex 12.2222 -33.6742 4
    endloop
  endfacet
  facet normal -0.195008 -0.980802 0
    outer loop
      vertex 9.42421 -30.0278 0
      vertex 9.84116 -30.1107 4
      vertex 9.42421 -30.0278 4
    endloop
  endfacet
  facet normal -0.195008 -0.980802 -0
    outer loop
      vertex 9.84116 -30.1107 4
      vertex 9.42421 -30.0278 0
      vertex 9.84116 -30.1107 0
    endloop
  endfacet
  facet normal -0.94688 0.321586 0
    outer loop
      vertex 12.0026 -34.4937 0
      vertex 12.1393 -34.0912 4
      vertex 12.1393 -34.0912 0
    endloop
  endfacet
  facet normal -0.94688 0.321586 0
    outer loop
      vertex 12.1393 -34.0912 4
      vertex 12.0026 -34.4937 0
      vertex 12.0026 -34.4937 4
    endloop
  endfacet
  facet normal 0.0653933 0.99786 -0
    outer loop
      vertex -9 -36.5 0
      vertex -9.42421 -36.4722 4
      vertex -9 -36.5 4
    endloop
  endfacet
  facet normal 0.0653933 0.99786 0
    outer loop
      vertex -9.42421 -36.4722 4
      vertex -9 -36.5 0
      vertex -9.42421 -36.4722 0
    endloop
  endfacet
  facet normal 0.896907 -0.44222 0
    outer loop
      vertex -12.0026 -32.0063 4
      vertex -11.8146 -31.625 0
      vertex -11.8146 -31.625 4
    endloop
  endfacet
  facet normal 0.896907 -0.44222 0
    outer loop
      vertex -11.8146 -31.625 0
      vertex -12.0026 -32.0063 4
      vertex -12.0026 -32.0063 0
    endloop
  endfacet
  facet normal -0.0653933 0.99786 0
    outer loop
      vertex 9.42421 -36.4722 0
      vertex 9 -36.5 4
      vertex 9.42421 -36.4722 4
    endloop
  endfacet
  facet normal -0.0653933 0.99786 0
    outer loop
      vertex 9 -36.5 4
      vertex 9.42421 -36.4722 0
      vertex 9 -36.5 0
    endloop
  endfacet
  facet normal 0 -1 0
    outer loop
      vertex -9 -30 0
      vertex 9 -30 4
      vertex -9 -30 4
    endloop
  endfacet
  facet normal 0 -1 -0
    outer loop
      vertex 9 -30 4
      vertex -9 -30 0
      vertex 9 -30 0
    endloop
  endfacet
  facet normal -0.65937 0.751818 0
    outer loop
      vertex 11.2981 -35.5481 0
      vertex 10.9785 -35.8284 4
      vertex 11.2981 -35.5481 4
    endloop
  endfacet
  facet normal -0.65937 0.751818 0
    outer loop
      vertex 10.9785 -35.8284 4
      vertex 11.2981 -35.5481 0
      vertex 10.9785 -35.8284 0
    endloop
  endfacet
  facet normal -0.980806 -0.194985 0
    outer loop
      vertex 12.2222 -32.8258 0
      vertex 12.1393 -32.4088 4
      vertex 12.1393 -32.4088 0
    endloop
  endfacet
  facet normal -0.980806 -0.194985 0
    outer loop
      vertex 12.1393 -32.4088 4
      vertex 12.2222 -32.8258 0
      vertex 12.2222 -32.8258 4
    endloop
  endfacet
  facet normal 0.831471 0.555568 0
    outer loop
      vertex -11.5784 -35.2285 4
      vertex -11.8146 -34.875 0
      vertex -11.8146 -34.875 4
    endloop
  endfacet
  facet normal 0.831471 0.555568 0
    outer loop
      vertex -11.8146 -34.875 0
      vertex -11.5784 -35.2285 4
      vertex -11.5784 -35.2285 0
    endloop
  endfacet
  facet normal 0.555568 0.831471 -0
    outer loop
      vertex -10.625 -36.0646 0
      vertex -10.9785 -35.8284 4
      vertex -10.625 -36.0646 4
    endloop
  endfacet
  facet normal 0.555568 0.831471 0
    outer loop
      vertex -10.9785 -35.8284 4
      vertex -10.625 -36.0646 0
      vertex -10.9785 -35.8284 0
    endloop
  endfacet
  facet normal 0.321558 -0.94689 0
    outer loop
      vertex -10.2437 -30.2474 0
      vertex -9.84116 -30.1107 4
      vertex -10.2437 -30.2474 4
    endloop
  endfacet
  facet normal 0.321558 -0.94689 0
    outer loop
      vertex -9.84116 -30.1107 4
      vertex -10.2437 -30.2474 0
      vertex -9.84116 -30.1107 0
    endloop
  endfacet
  facet normal -0.751818 -0.65937 0
    outer loop
      vertex 11.5784 -31.2715 0
      vertex 11.2981 -30.9519 4
      vertex 11.2981 -30.9519 0
    endloop
  endfacet
  facet normal -0.751818 -0.65937 0
    outer loop
      vertex 11.2981 -30.9519 4
      vertex 11.5784 -31.2715 0
      vertex 11.5784 -31.2715 4
    endloop
  endfacet
  facet normal 0.195008 0.980802 -0
    outer loop
      vertex -9.42421 -36.4722 0
      vertex -9.84116 -36.3893 4
      vertex -9.42421 -36.4722 4
    endloop
  endfacet
  facet normal 0.195008 0.980802 0
    outer loop
      vertex -9.84116 -36.3893 4
      vertex -9.42421 -36.4722 0
      vertex -9.84116 -36.3893 0
    endloop
  endfacet
  facet normal 0.94688 0.321586 0
    outer loop
      vertex -12.0026 -34.4937 4
      vertex -12.1393 -34.0912 0
      vertex -12.1393 -34.0912 4
    endloop
  endfacet
  facet normal 0.94688 0.321586 0
    outer loop
      vertex -12.1393 -34.0912 0
      vertex -12.0026 -34.4937 4
      vertex -12.0026 -34.4937 0
    endloop
  endfacet
  facet normal -0.555568 -0.831471 0
    outer loop
      vertex 10.625 -30.4354 0
      vertex 10.9785 -30.6716 4
      vertex 10.625 -30.4354 4
    endloop
  endfacet
  facet normal -0.555568 -0.831471 -0
    outer loop
      vertex 10.9785 -30.6716 4
      vertex 10.625 -30.4354 0
      vertex 10.9785 -30.6716 0
    endloop
  endfacet
  facet normal -0.44222 -0.896907 0
    outer loop
      vertex 10.2437 -30.2474 0
      vertex 10.625 -30.4354 4
      vertex 10.2437 -30.2474 4
    endloop
  endfacet
  facet normal -0.44222 -0.896907 -0
    outer loop
      vertex 10.625 -30.4354 4
      vertex 10.2437 -30.2474 0
      vertex 10.625 -30.4354 0
    endloop
  endfacet
  facet normal 0.94688 -0.321586 0
    outer loop
      vertex -12.1393 -32.4088 4
      vertex -12.0026 -32.0063 0
      vertex -12.0026 -32.0063 4
    endloop
  endfacet
  facet normal 0.94688 -0.321586 0
    outer loop
      vertex -12.0026 -32.0063 0
      vertex -12.1393 -32.4088 4
      vertex -12.1393 -32.4088 0
    endloop
  endfacet
  facet normal 0.751818 -0.65937 0
    outer loop
      vertex -11.5784 -31.2715 4
      vertex -11.2981 -30.9519 0
      vertex -11.2981 -30.9519 4
    endloop
  endfacet
  facet normal 0.751818 -0.65937 0
    outer loop
      vertex -11.2981 -30.9519 0
      vertex -11.5784 -31.2715 4
      vertex -11.5784 -31.2715 0
    endloop
  endfacet
  facet normal -0.751818 0.65937 0
    outer loop
      vertex 11.2981 -35.5481 0
      vertex 11.5784 -35.2285 4
      vertex 11.5784 -35.2285 0
    endloop
  endfacet
  facet normal -0.751818 0.65937 0
    outer loop
      vertex 11.5784 -35.2285 4
      vertex 11.2981 -35.5481 0
      vertex 11.2981 -35.5481 4
    endloop
  endfacet
  facet normal -0.980806 0.194985 0
    outer loop
      vertex 12.1393 -34.0912 0
      vertex 12.2222 -33.6742 4
      vertex 12.2222 -33.6742 0
    endloop
  endfacet
  facet normal -0.980806 0.194985 0
    outer loop
      vertex 12.2222 -33.6742 4
      vertex 12.1393 -34.0912 0
      vertex 12.1393 -34.0912 4
    endloop
  endfacet
  facet normal 0.896907 0.44222 0
    outer loop
      vertex -11.8146 -34.875 4
      vertex -12.0026 -34.4937 0
      vertex -12.0026 -34.4937 4
    endloop
  endfacet
  facet normal 0.896907 0.44222 0
    outer loop
      vertex -12.0026 -34.4937 0
      vertex -11.8146 -34.875 4
      vertex -11.8146 -34.875 0
    endloop
  endfacet
  facet normal 0.997859 0.0653948 0
    outer loop
      vertex -12.2222 -33.6742 4
      vertex -12.25 -33.25 0
      vertex -12.25 -33.25 4
    endloop
  endfacet
  facet normal 0.997859 0.0653948 0
    outer loop
      vertex -12.25 -33.25 0
      vertex -12.2222 -33.6742 4
      vertex -12.2222 -33.6742 0
    endloop
  endfacet
  facet normal -0.896907 -0.44222 0
    outer loop
      vertex 12.0026 -32.0063 0
      vertex 11.8146 -31.625 4
      vertex 11.8146 -31.625 0
    endloop
  endfacet
  facet normal -0.896907 -0.44222 0
    outer loop
      vertex 11.8146 -31.625 4
      vertex 12.0026 -32.0063 0
      vertex 12.0026 -32.0063 4
    endloop
  endfacet
  facet normal 0.997859 -0.0653948 0
    outer loop
      vertex -12.25 -33.25 4
      vertex -12.2222 -32.8258 0
      vertex -12.2222 -32.8258 4
    endloop
  endfacet
  facet normal 0.997859 -0.0653948 0
    outer loop
      vertex -12.2222 -32.8258 0
      vertex -12.25 -33.25 4
      vertex -12.25 -33.25 0
    endloop
  endfacet
  facet normal 0.65937 -0.751818 0
    outer loop
      vertex -11.2981 -30.9519 0
      vertex -10.9785 -30.6716 4
      vertex -11.2981 -30.9519 4
    endloop
  endfacet
  facet normal 0.65937 -0.751818 0
    outer loop
      vertex -10.9785 -30.6716 4
      vertex -11.2981 -30.9519 0
      vertex -10.9785 -30.6716 0
    endloop
  endfacet
  facet normal 0.44222 -0.896907 0
    outer loop
      vertex -10.625 -30.4354 0
      vertex -10.2437 -30.2474 4
      vertex -10.625 -30.4354 4
    endloop
  endfacet
  facet normal 0.44222 -0.896907 0
    outer loop
      vertex -10.2437 -30.2474 4
      vertex -10.625 -30.4354 0
      vertex -10.2437 -30.2474 0
    endloop
  endfacet
  facet normal 0.44222 0.896907 -0
    outer loop
      vertex -10.2437 -36.2526 0
      vertex -10.625 -36.0646 4
      vertex -10.2437 -36.2526 4
    endloop
  endfacet
  facet normal 0.44222 0.896907 0
    outer loop
      vertex -10.625 -36.0646 4
      vertex -10.2437 -36.2526 0
      vertex -10.625 -36.0646 0
    endloop
  endfacet
  facet normal 0.195008 -0.980802 0
    outer loop
      vertex -9.84116 -30.1107 0
      vertex -9.42421 -30.0278 4
      vertex -9.84116 -30.1107 4
    endloop
  endfacet
  facet normal 0.195008 -0.980802 0
    outer loop
      vertex -9.42421 -30.0278 4
      vertex -9.84116 -30.1107 0
      vertex -9.42421 -30.0278 0
    endloop
  endfacet
  facet normal -0.94688 -0.321586 0
    outer loop
      vertex 12.1393 -32.4088 0
      vertex 12.0026 -32.0063 4
      vertex 12.0026 -32.0063 0
    endloop
  endfacet
  facet normal -0.94688 -0.321586 0
    outer loop
      vertex 12.0026 -32.0063 4
      vertex 12.1393 -32.4088 0
      vertex 12.1393 -32.4088 4
    endloop
  endfacet
  facet normal 0.831471 -0.555568 0
    outer loop
      vertex -11.8146 -31.625 4
      vertex -11.5784 -31.2715 0
      vertex -11.5784 -31.2715 4
    endloop
  endfacet
  facet normal 0.831471 -0.555568 0
    outer loop
      vertex -11.5784 -31.2715 0
      vertex -11.8146 -31.625 4
      vertex -11.8146 -31.625 0
    endloop
  endfacet
endsolid OpenSCAD_Model
